algorithm,mean_auc,mean_tss,mean_threshold,available,species
GAM,0.6045430620794782,0.1588847472785937,0.0625217448911768,TRUE,Phasianus colchicus
GBM,0.6415686495955298,0.023062938661234968,0.01973399033380468,TRUE,Phasianus colchicus
GLM,0.7083328725176362,0.2230573285205158,0.16136126849659785,TRUE,Phasianus colchicus
MaxEnt,NA,NA,NA,TRUE,Phasianus colchicus
RF,0.6753087618275447,0.027257220851666285,0.0012000000000000001,TRUE,Phasianus colchicus
