algorithm,mean_auc,mean_tss,mean_threshold,available,species
GAM,0.6189488149125955,0.1091369420594777,0.0288250825026391,TRUE,Phasianus colchicus
GBM,0.680162079925053,0.022709869201237676,0.12188462227974277,TRUE,Phasianus colchicus
GLM,0.6804346949730887,0.1528392499167292,0.22132373964507604,TRUE,Phasianus colchicus
MaxEnt,NA,NA,NA,TRUE,Phasianus colchicus
RF,0.6748607240005192,0.02873157167442373,0.0010400000000000006,TRUE,Phasianus colchicus
