variable,non_missing,mean,sd,min,median,max
temp_grad,13058,0.022446904380862016,0.5205393226709101,-2.251214924462854,0.06879480101679053,2.1008612258417756
temp_grad_z,13058,-0.002772613650338644,1.001002595935041,-4.37504823977021,0.0863548793710176,3.9940400008814683
log_effort_record,13058,5.3776311732927455,2.1643408844774163,0,5.123963979403259,10.304074113193185
log_effort_record_z,13058,0.3357003182133979,1.046490683983598,-2.2644635307957603,0.21304849513807522,2.7177080133770977
