province,year,climate_scenario,effort_scenario,hazard_mean,prefecture
Anhui,2030,current,baseline,0.286998003721237,宣城市
Anhui,2030,current,baseline,0.286998003721237,淮北市
Anhui,2030,current,baseline,0.286998003721237,铜陵市
Anhui,2030,current,baseline,0.286998003721237,亳州市
Anhui,2030,current,baseline,0.286998003721237,淮南市
Anhui,2030,current,baseline,0.286998003721237,池州市
Anhui,2030,current,baseline,0.286998003721237,马鞍山市
Anhui,2030,current,baseline,0.286998003721237,安庆市
Anhui,2030,current,baseline,0.286998003721237,黄山市
Anhui,2030,current,baseline,0.286998003721237,滁州市
Anhui,2030,current,baseline,0.286998003721237,芜湖市
Anhui,2030,current,baseline,0.286998003721237,六安市
Anhui,2030,current,baseline,0.286998003721237,蚌埠市
Anhui,2030,current,baseline,0.286998003721237,阜阳市
Anhui,2030,current,baseline,0.286998003721237,宿州市
Anhui,2030,current,baseline,0.286998003721237,合肥市
Anhui,2035,current,baseline,0.286998003721237,宣城市
Anhui,2035,current,baseline,0.286998003721237,淮北市
Anhui,2035,current,baseline,0.286998003721237,铜陵市
Anhui,2035,current,baseline,0.286998003721237,亳州市
Anhui,2035,current,baseline,0.286998003721237,淮南市
Anhui,2035,current,baseline,0.286998003721237,池州市
Anhui,2035,current,baseline,0.286998003721237,马鞍山市
Anhui,2035,current,baseline,0.286998003721237,安庆市
Anhui,2035,current,baseline,0.286998003721237,黄山市
Anhui,2035,current,baseline,0.286998003721237,滁州市
Anhui,2035,current,baseline,0.286998003721237,芜湖市
Anhui,2035,current,baseline,0.286998003721237,六安市
Anhui,2035,current,baseline,0.286998003721237,蚌埠市
Anhui,2035,current,baseline,0.286998003721237,阜阳市
Anhui,2035,current,baseline,0.286998003721237,宿州市
Anhui,2035,current,baseline,0.286998003721237,合肥市
Anhui,2040,current,baseline,0.286998003721237,宣城市
Anhui,2040,current,baseline,0.286998003721237,淮北市
Anhui,2040,current,baseline,0.286998003721237,铜陵市
Anhui,2040,current,baseline,0.286998003721237,亳州市
Anhui,2040,current,baseline,0.286998003721237,淮南市
Anhui,2040,current,baseline,0.286998003721237,池州市
Anhui,2040,current,baseline,0.286998003721237,马鞍山市
Anhui,2040,current,baseline,0.286998003721237,安庆市
Anhui,2040,current,baseline,0.286998003721237,黄山市
Anhui,2040,current,baseline,0.286998003721237,滁州市
Anhui,2040,current,baseline,0.286998003721237,芜湖市
Anhui,2040,current,baseline,0.286998003721237,六安市
Anhui,2040,current,baseline,0.286998003721237,蚌埠市
Anhui,2040,current,baseline,0.286998003721237,阜阳市
Anhui,2040,current,baseline,0.286998003721237,宿州市
Anhui,2040,current,baseline,0.286998003721237,合肥市
Anhui,2045,current,baseline,0.286998003721237,宣城市
Anhui,2045,current,baseline,0.286998003721237,淮北市
Anhui,2045,current,baseline,0.286998003721237,铜陵市
Anhui,2045,current,baseline,0.286998003721237,亳州市
Anhui,2045,current,baseline,0.286998003721237,淮南市
Anhui,2045,current,baseline,0.286998003721237,池州市
Anhui,2045,current,baseline,0.286998003721237,马鞍山市
Anhui,2045,current,baseline,0.286998003721237,安庆市
Anhui,2045,current,baseline,0.286998003721237,黄山市
Anhui,2045,current,baseline,0.286998003721237,滁州市
Anhui,2045,current,baseline,0.286998003721237,芜湖市
Anhui,2045,current,baseline,0.286998003721237,六安市
Anhui,2045,current,baseline,0.286998003721237,蚌埠市
Anhui,2045,current,baseline,0.286998003721237,阜阳市
Anhui,2045,current,baseline,0.286998003721237,宿州市
Anhui,2045,current,baseline,0.286998003721237,合肥市
Anhui,2050,current,baseline,0.286998003721237,宣城市
Anhui,2050,current,baseline,0.286998003721237,淮北市
Anhui,2050,current,baseline,0.286998003721237,铜陵市
Anhui,2050,current,baseline,0.286998003721237,亳州市
Anhui,2050,current,baseline,0.286998003721237,淮南市
Anhui,2050,current,baseline,0.286998003721237,池州市
Anhui,2050,current,baseline,0.286998003721237,马鞍山市
Anhui,2050,current,baseline,0.286998003721237,安庆市
Anhui,2050,current,baseline,0.286998003721237,黄山市
Anhui,2050,current,baseline,0.286998003721237,滁州市
Anhui,2050,current,baseline,0.286998003721237,芜湖市
Anhui,2050,current,baseline,0.286998003721237,六安市
Anhui,2050,current,baseline,0.286998003721237,蚌埠市
Anhui,2050,current,baseline,0.286998003721237,阜阳市
Anhui,2050,current,baseline,0.286998003721237,宿州市
Anhui,2050,current,baseline,0.286998003721237,合肥市
Anhui,2030,ssp245,baseline,0.130729734897614,宣城市
Anhui,2030,ssp245,baseline,0.130729734897614,淮北市
Anhui,2030,ssp245,baseline,0.130729734897614,铜陵市
Anhui,2030,ssp245,baseline,0.130729734897614,亳州市
Anhui,2030,ssp245,baseline,0.130729734897614,淮南市
Anhui,2030,ssp245,baseline,0.130729734897614,池州市
Anhui,2030,ssp245,baseline,0.130729734897614,马鞍山市
Anhui,2030,ssp245,baseline,0.130729734897614,安庆市
Anhui,2030,ssp245,baseline,0.130729734897614,黄山市
Anhui,2030,ssp245,baseline,0.130729734897614,滁州市
Anhui,2030,ssp245,baseline,0.130729734897614,芜湖市
Anhui,2030,ssp245,baseline,0.130729734897614,六安市
Anhui,2030,ssp245,baseline,0.130729734897614,蚌埠市
Anhui,2030,ssp245,baseline,0.130729734897614,阜阳市
Anhui,2030,ssp245,baseline,0.130729734897614,宿州市
Anhui,2030,ssp245,baseline,0.130729734897614,合肥市
Anhui,2035,ssp245,baseline,0.0690621137619019,宣城市
Anhui,2035,ssp245,baseline,0.0690621137619019,淮北市
Anhui,2035,ssp245,baseline,0.0690621137619019,铜陵市
Anhui,2035,ssp245,baseline,0.0690621137619019,亳州市
Anhui,2035,ssp245,baseline,0.0690621137619019,淮南市
Anhui,2035,ssp245,baseline,0.0690621137619019,池州市
Anhui,2035,ssp245,baseline,0.0690621137619019,马鞍山市
Anhui,2035,ssp245,baseline,0.0690621137619019,安庆市
Anhui,2035,ssp245,baseline,0.0690621137619019,黄山市
Anhui,2035,ssp245,baseline,0.0690621137619019,滁州市
Anhui,2035,ssp245,baseline,0.0690621137619019,芜湖市
Anhui,2035,ssp245,baseline,0.0690621137619019,六安市
Anhui,2035,ssp245,baseline,0.0690621137619019,蚌埠市
Anhui,2035,ssp245,baseline,0.0690621137619019,阜阳市
Anhui,2035,ssp245,baseline,0.0690621137619019,宿州市
Anhui,2035,ssp245,baseline,0.0690621137619019,合肥市
Anhui,2040,ssp245,baseline,0.031899731606245,宣城市
Anhui,2040,ssp245,baseline,0.031899731606245,淮北市
Anhui,2040,ssp245,baseline,0.031899731606245,铜陵市
Anhui,2040,ssp245,baseline,0.031899731606245,亳州市
Anhui,2040,ssp245,baseline,0.031899731606245,淮南市
Anhui,2040,ssp245,baseline,0.031899731606245,池州市
Anhui,2040,ssp245,baseline,0.031899731606245,马鞍山市
Anhui,2040,ssp245,baseline,0.031899731606245,安庆市
Anhui,2040,ssp245,baseline,0.031899731606245,黄山市
Anhui,2040,ssp245,baseline,0.031899731606245,滁州市
Anhui,2040,ssp245,baseline,0.031899731606245,芜湖市
Anhui,2040,ssp245,baseline,0.031899731606245,六安市
Anhui,2040,ssp245,baseline,0.031899731606245,蚌埠市
Anhui,2040,ssp245,baseline,0.031899731606245,阜阳市
Anhui,2040,ssp245,baseline,0.031899731606245,宿州市
Anhui,2040,ssp245,baseline,0.031899731606245,合肥市
Anhui,2045,ssp245,baseline,0.123965919017792,宣城市
Anhui,2045,ssp245,baseline,0.123965919017792,淮北市
Anhui,2045,ssp245,baseline,0.123965919017792,铜陵市
Anhui,2045,ssp245,baseline,0.123965919017792,亳州市
Anhui,2045,ssp245,baseline,0.123965919017792,淮南市
Anhui,2045,ssp245,baseline,0.123965919017792,池州市
Anhui,2045,ssp245,baseline,0.123965919017792,马鞍山市
Anhui,2045,ssp245,baseline,0.123965919017792,安庆市
Anhui,2045,ssp245,baseline,0.123965919017792,黄山市
Anhui,2045,ssp245,baseline,0.123965919017792,滁州市
Anhui,2045,ssp245,baseline,0.123965919017792,芜湖市
Anhui,2045,ssp245,baseline,0.123965919017792,六安市
Anhui,2045,ssp245,baseline,0.123965919017792,蚌埠市
Anhui,2045,ssp245,baseline,0.123965919017792,阜阳市
Anhui,2045,ssp245,baseline,0.123965919017792,宿州市
Anhui,2045,ssp245,baseline,0.123965919017792,合肥市
Anhui,2050,ssp245,baseline,0.136281162500381,宣城市
Anhui,2050,ssp245,baseline,0.136281162500381,淮北市
Anhui,2050,ssp245,baseline,0.136281162500381,铜陵市
Anhui,2050,ssp245,baseline,0.136281162500381,亳州市
Anhui,2050,ssp245,baseline,0.136281162500381,淮南市
Anhui,2050,ssp245,baseline,0.136281162500381,池州市
Anhui,2050,ssp245,baseline,0.136281162500381,马鞍山市
Anhui,2050,ssp245,baseline,0.136281162500381,安庆市
Anhui,2050,ssp245,baseline,0.136281162500381,黄山市
Anhui,2050,ssp245,baseline,0.136281162500381,滁州市
Anhui,2050,ssp245,baseline,0.136281162500381,芜湖市
Anhui,2050,ssp245,baseline,0.136281162500381,六安市
Anhui,2050,ssp245,baseline,0.136281162500381,蚌埠市
Anhui,2050,ssp245,baseline,0.136281162500381,阜阳市
Anhui,2050,ssp245,baseline,0.136281162500381,宿州市
Anhui,2050,ssp245,baseline,0.136281162500381,合肥市
Anhui,2030,ssp585,baseline,0.031899731606245,宣城市
Anhui,2030,ssp585,baseline,0.031899731606245,淮北市
Anhui,2030,ssp585,baseline,0.031899731606245,铜陵市
Anhui,2030,ssp585,baseline,0.031899731606245,亳州市
Anhui,2030,ssp585,baseline,0.031899731606245,淮南市
Anhui,2030,ssp585,baseline,0.031899731606245,池州市
Anhui,2030,ssp585,baseline,0.031899731606245,马鞍山市
Anhui,2030,ssp585,baseline,0.031899731606245,安庆市
Anhui,2030,ssp585,baseline,0.031899731606245,黄山市
Anhui,2030,ssp585,baseline,0.031899731606245,滁州市
Anhui,2030,ssp585,baseline,0.031899731606245,芜湖市
Anhui,2030,ssp585,baseline,0.031899731606245,六安市
Anhui,2030,ssp585,baseline,0.031899731606245,蚌埠市
Anhui,2030,ssp585,baseline,0.031899731606245,阜阳市
Anhui,2030,ssp585,baseline,0.031899731606245,宿州市
Anhui,2030,ssp585,baseline,0.031899731606245,合肥市
Anhui,2035,ssp585,baseline,0.215988680720329,宣城市
Anhui,2035,ssp585,baseline,0.215988680720329,淮北市
Anhui,2035,ssp585,baseline,0.215988680720329,铜陵市
Anhui,2035,ssp585,baseline,0.215988680720329,亳州市
Anhui,2035,ssp585,baseline,0.215988680720329,淮南市
Anhui,2035,ssp585,baseline,0.215988680720329,池州市
Anhui,2035,ssp585,baseline,0.215988680720329,马鞍山市
Anhui,2035,ssp585,baseline,0.215988680720329,安庆市
Anhui,2035,ssp585,baseline,0.215988680720329,黄山市
Anhui,2035,ssp585,baseline,0.215988680720329,滁州市
Anhui,2035,ssp585,baseline,0.215988680720329,芜湖市
Anhui,2035,ssp585,baseline,0.215988680720329,六安市
Anhui,2035,ssp585,baseline,0.215988680720329,蚌埠市
Anhui,2035,ssp585,baseline,0.215988680720329,阜阳市
Anhui,2035,ssp585,baseline,0.215988680720329,宿州市
Anhui,2035,ssp585,baseline,0.215988680720329,合肥市
Anhui,2040,ssp585,baseline,0.0866271108388901,宣城市
Anhui,2040,ssp585,baseline,0.0866271108388901,淮北市
Anhui,2040,ssp585,baseline,0.0866271108388901,铜陵市
Anhui,2040,ssp585,baseline,0.0866271108388901,亳州市
Anhui,2040,ssp585,baseline,0.0866271108388901,淮南市
Anhui,2040,ssp585,baseline,0.0866271108388901,池州市
Anhui,2040,ssp585,baseline,0.0866271108388901,马鞍山市
Anhui,2040,ssp585,baseline,0.0866271108388901,安庆市
Anhui,2040,ssp585,baseline,0.0866271108388901,黄山市
Anhui,2040,ssp585,baseline,0.0866271108388901,滁州市
Anhui,2040,ssp585,baseline,0.0866271108388901,芜湖市
Anhui,2040,ssp585,baseline,0.0866271108388901,六安市
Anhui,2040,ssp585,baseline,0.0866271108388901,蚌埠市
Anhui,2040,ssp585,baseline,0.0866271108388901,阜阳市
Anhui,2040,ssp585,baseline,0.0866271108388901,宿州市
Anhui,2040,ssp585,baseline,0.0866271108388901,合肥市
Anhui,2045,ssp585,baseline,0.0655936598777771,宣城市
Anhui,2045,ssp585,baseline,0.0655936598777771,淮北市
Anhui,2045,ssp585,baseline,0.0655936598777771,铜陵市
Anhui,2045,ssp585,baseline,0.0655936598777771,亳州市
Anhui,2045,ssp585,baseline,0.0655936598777771,淮南市
Anhui,2045,ssp585,baseline,0.0655936598777771,池州市
Anhui,2045,ssp585,baseline,0.0655936598777771,马鞍山市
Anhui,2045,ssp585,baseline,0.0655936598777771,安庆市
Anhui,2045,ssp585,baseline,0.0655936598777771,黄山市
Anhui,2045,ssp585,baseline,0.0655936598777771,滁州市
Anhui,2045,ssp585,baseline,0.0655936598777771,芜湖市
Anhui,2045,ssp585,baseline,0.0655936598777771,六安市
Anhui,2045,ssp585,baseline,0.0655936598777771,蚌埠市
Anhui,2045,ssp585,baseline,0.0655936598777771,阜阳市
Anhui,2045,ssp585,baseline,0.0655936598777771,宿州市
Anhui,2045,ssp585,baseline,0.0655936598777771,合肥市
Anhui,2050,ssp585,baseline,0.108893394470215,宣城市
Anhui,2050,ssp585,baseline,0.108893394470215,淮北市
Anhui,2050,ssp585,baseline,0.108893394470215,铜陵市
Anhui,2050,ssp585,baseline,0.108893394470215,亳州市
Anhui,2050,ssp585,baseline,0.108893394470215,淮南市
Anhui,2050,ssp585,baseline,0.108893394470215,池州市
Anhui,2050,ssp585,baseline,0.108893394470215,马鞍山市
Anhui,2050,ssp585,baseline,0.108893394470215,安庆市
Anhui,2050,ssp585,baseline,0.108893394470215,黄山市
Anhui,2050,ssp585,baseline,0.108893394470215,滁州市
Anhui,2050,ssp585,baseline,0.108893394470215,芜湖市
Anhui,2050,ssp585,baseline,0.108893394470215,六安市
Anhui,2050,ssp585,baseline,0.108893394470215,蚌埠市
Anhui,2050,ssp585,baseline,0.108893394470215,阜阳市
Anhui,2050,ssp585,baseline,0.108893394470215,宿州市
Anhui,2050,ssp585,baseline,0.108893394470215,合肥市
Anhui,2030,current,trend,0.242397740483284,宣城市
Anhui,2030,current,trend,0.242397740483284,淮北市
Anhui,2030,current,trend,0.242397740483284,铜陵市
Anhui,2030,current,trend,0.242397740483284,亳州市
Anhui,2030,current,trend,0.242397740483284,淮南市
Anhui,2030,current,trend,0.242397740483284,池州市
Anhui,2030,current,trend,0.242397740483284,马鞍山市
Anhui,2030,current,trend,0.242397740483284,安庆市
Anhui,2030,current,trend,0.242397740483284,黄山市
Anhui,2030,current,trend,0.242397740483284,滁州市
Anhui,2030,current,trend,0.242397740483284,芜湖市
Anhui,2030,current,trend,0.242397740483284,六安市
Anhui,2030,current,trend,0.242397740483284,蚌埠市
Anhui,2030,current,trend,0.242397740483284,阜阳市
Anhui,2030,current,trend,0.242397740483284,宿州市
Anhui,2030,current,trend,0.242397740483284,合肥市
Anhui,2035,current,trend,0.206370249390602,宣城市
Anhui,2035,current,trend,0.206370249390602,淮北市
Anhui,2035,current,trend,0.206370249390602,铜陵市
Anhui,2035,current,trend,0.206370249390602,亳州市
Anhui,2035,current,trend,0.206370249390602,淮南市
Anhui,2035,current,trend,0.206370249390602,池州市
Anhui,2035,current,trend,0.206370249390602,马鞍山市
Anhui,2035,current,trend,0.206370249390602,安庆市
Anhui,2035,current,trend,0.206370249390602,黄山市
Anhui,2035,current,trend,0.206370249390602,滁州市
Anhui,2035,current,trend,0.206370249390602,芜湖市
Anhui,2035,current,trend,0.206370249390602,六安市
Anhui,2035,current,trend,0.206370249390602,蚌埠市
Anhui,2035,current,trend,0.206370249390602,阜阳市
Anhui,2035,current,trend,0.206370249390602,宿州市
Anhui,2035,current,trend,0.206370249390602,合肥市
Anhui,2040,current,trend,0.206952139735222,宣城市
Anhui,2040,current,trend,0.206952139735222,淮北市
Anhui,2040,current,trend,0.206952139735222,铜陵市
Anhui,2040,current,trend,0.206952139735222,亳州市
Anhui,2040,current,trend,0.206952139735222,淮南市
Anhui,2040,current,trend,0.206952139735222,池州市
Anhui,2040,current,trend,0.206952139735222,马鞍山市
Anhui,2040,current,trend,0.206952139735222,安庆市
Anhui,2040,current,trend,0.206952139735222,黄山市
Anhui,2040,current,trend,0.206952139735222,滁州市
Anhui,2040,current,trend,0.206952139735222,芜湖市
Anhui,2040,current,trend,0.206952139735222,六安市
Anhui,2040,current,trend,0.206952139735222,蚌埠市
Anhui,2040,current,trend,0.206952139735222,阜阳市
Anhui,2040,current,trend,0.206952139735222,宿州市
Anhui,2040,current,trend,0.206952139735222,合肥市
Anhui,2045,current,trend,0.29090017080307,宣城市
Anhui,2045,current,trend,0.29090017080307,淮北市
Anhui,2045,current,trend,0.29090017080307,铜陵市
Anhui,2045,current,trend,0.29090017080307,亳州市
Anhui,2045,current,trend,0.29090017080307,淮南市
Anhui,2045,current,trend,0.29090017080307,池州市
Anhui,2045,current,trend,0.29090017080307,马鞍山市
Anhui,2045,current,trend,0.29090017080307,安庆市
Anhui,2045,current,trend,0.29090017080307,黄山市
Anhui,2045,current,trend,0.29090017080307,滁州市
Anhui,2045,current,trend,0.29090017080307,芜湖市
Anhui,2045,current,trend,0.29090017080307,六安市
Anhui,2045,current,trend,0.29090017080307,蚌埠市
Anhui,2045,current,trend,0.29090017080307,阜阳市
Anhui,2045,current,trend,0.29090017080307,宿州市
Anhui,2045,current,trend,0.29090017080307,合肥市
Anhui,2050,current,trend,0.263163238763809,宣城市
Anhui,2050,current,trend,0.263163238763809,淮北市
Anhui,2050,current,trend,0.263163238763809,铜陵市
Anhui,2050,current,trend,0.263163238763809,亳州市
Anhui,2050,current,trend,0.263163238763809,淮南市
Anhui,2050,current,trend,0.263163238763809,池州市
Anhui,2050,current,trend,0.263163238763809,马鞍山市
Anhui,2050,current,trend,0.263163238763809,安庆市
Anhui,2050,current,trend,0.263163238763809,黄山市
Anhui,2050,current,trend,0.263163238763809,滁州市
Anhui,2050,current,trend,0.263163238763809,芜湖市
Anhui,2050,current,trend,0.263163238763809,六安市
Anhui,2050,current,trend,0.263163238763809,蚌埠市
Anhui,2050,current,trend,0.263163238763809,阜阳市
Anhui,2050,current,trend,0.263163238763809,宿州市
Anhui,2050,current,trend,0.263163238763809,合肥市
Anhui,2030,ssp245,trend,0.0409225262701511,宣城市
Anhui,2030,ssp245,trend,0.0409225262701511,淮北市
Anhui,2030,ssp245,trend,0.0409225262701511,铜陵市
Anhui,2030,ssp245,trend,0.0409225262701511,亳州市
Anhui,2030,ssp245,trend,0.0409225262701511,淮南市
Anhui,2030,ssp245,trend,0.0409225262701511,池州市
Anhui,2030,ssp245,trend,0.0409225262701511,马鞍山市
Anhui,2030,ssp245,trend,0.0409225262701511,安庆市
Anhui,2030,ssp245,trend,0.0409225262701511,黄山市
Anhui,2030,ssp245,trend,0.0409225262701511,滁州市
Anhui,2030,ssp245,trend,0.0409225262701511,芜湖市
Anhui,2030,ssp245,trend,0.0409225262701511,六安市
Anhui,2030,ssp245,trend,0.0409225262701511,蚌埠市
Anhui,2030,ssp245,trend,0.0409225262701511,阜阳市
Anhui,2030,ssp245,trend,0.0409225262701511,宿州市
Anhui,2030,ssp245,trend,0.0409225262701511,合肥市
Anhui,2035,ssp245,trend,0.110845938324928,宣城市
Anhui,2035,ssp245,trend,0.110845938324928,淮北市
Anhui,2035,ssp245,trend,0.110845938324928,铜陵市
Anhui,2035,ssp245,trend,0.110845938324928,亳州市
Anhui,2035,ssp245,trend,0.110845938324928,淮南市
Anhui,2035,ssp245,trend,0.110845938324928,池州市
Anhui,2035,ssp245,trend,0.110845938324928,马鞍山市
Anhui,2035,ssp245,trend,0.110845938324928,安庆市
Anhui,2035,ssp245,trend,0.110845938324928,黄山市
Anhui,2035,ssp245,trend,0.110845938324928,滁州市
Anhui,2035,ssp245,trend,0.110845938324928,芜湖市
Anhui,2035,ssp245,trend,0.110845938324928,六安市
Anhui,2035,ssp245,trend,0.110845938324928,蚌埠市
Anhui,2035,ssp245,trend,0.110845938324928,阜阳市
Anhui,2035,ssp245,trend,0.110845938324928,宿州市
Anhui,2035,ssp245,trend,0.110845938324928,合肥市
Anhui,2040,ssp245,trend,0.0738559141755104,宣城市
Anhui,2040,ssp245,trend,0.0738559141755104,淮北市
Anhui,2040,ssp245,trend,0.0738559141755104,铜陵市
Anhui,2040,ssp245,trend,0.0738559141755104,亳州市
Anhui,2040,ssp245,trend,0.0738559141755104,淮南市
Anhui,2040,ssp245,trend,0.0738559141755104,池州市
Anhui,2040,ssp245,trend,0.0738559141755104,马鞍山市
Anhui,2040,ssp245,trend,0.0738559141755104,安庆市
Anhui,2040,ssp245,trend,0.0738559141755104,黄山市
Anhui,2040,ssp245,trend,0.0738559141755104,滁州市
Anhui,2040,ssp245,trend,0.0738559141755104,芜湖市
Anhui,2040,ssp245,trend,0.0738559141755104,六安市
Anhui,2040,ssp245,trend,0.0738559141755104,蚌埠市
Anhui,2040,ssp245,trend,0.0738559141755104,阜阳市
Anhui,2040,ssp245,trend,0.0738559141755104,宿州市
Anhui,2040,ssp245,trend,0.0738559141755104,合肥市
Anhui,2045,ssp245,trend,0.103795655071735,宣城市
Anhui,2045,ssp245,trend,0.103795655071735,淮北市
Anhui,2045,ssp245,trend,0.103795655071735,铜陵市
Anhui,2045,ssp245,trend,0.103795655071735,亳州市
Anhui,2045,ssp245,trend,0.103795655071735,淮南市
Anhui,2045,ssp245,trend,0.103795655071735,池州市
Anhui,2045,ssp245,trend,0.103795655071735,马鞍山市
Anhui,2045,ssp245,trend,0.103795655071735,安庆市
Anhui,2045,ssp245,trend,0.103795655071735,黄山市
Anhui,2045,ssp245,trend,0.103795655071735,滁州市
Anhui,2045,ssp245,trend,0.103795655071735,芜湖市
Anhui,2045,ssp245,trend,0.103795655071735,六安市
Anhui,2045,ssp245,trend,0.103795655071735,蚌埠市
Anhui,2045,ssp245,trend,0.103795655071735,阜阳市
Anhui,2045,ssp245,trend,0.103795655071735,宿州市
Anhui,2045,ssp245,trend,0.103795655071735,合肥市
Anhui,2050,ssp245,trend,0.138082414865494,宣城市
Anhui,2050,ssp245,trend,0.138082414865494,淮北市
Anhui,2050,ssp245,trend,0.138082414865494,铜陵市
Anhui,2050,ssp245,trend,0.138082414865494,亳州市
Anhui,2050,ssp245,trend,0.138082414865494,淮南市
Anhui,2050,ssp245,trend,0.138082414865494,池州市
Anhui,2050,ssp245,trend,0.138082414865494,马鞍山市
Anhui,2050,ssp245,trend,0.138082414865494,安庆市
Anhui,2050,ssp245,trend,0.138082414865494,黄山市
Anhui,2050,ssp245,trend,0.138082414865494,滁州市
Anhui,2050,ssp245,trend,0.138082414865494,芜湖市
Anhui,2050,ssp245,trend,0.138082414865494,六安市
Anhui,2050,ssp245,trend,0.138082414865494,蚌埠市
Anhui,2050,ssp245,trend,0.138082414865494,阜阳市
Anhui,2050,ssp245,trend,0.138082414865494,宿州市
Anhui,2050,ssp245,trend,0.138082414865494,合肥市
Anhui,2030,ssp585,trend,0.0466732867062092,宣城市
Anhui,2030,ssp585,trend,0.0466732867062092,淮北市
Anhui,2030,ssp585,trend,0.0466732867062092,铜陵市
Anhui,2030,ssp585,trend,0.0466732867062092,亳州市
Anhui,2030,ssp585,trend,0.0466732867062092,淮南市
Anhui,2030,ssp585,trend,0.0466732867062092,池州市
Anhui,2030,ssp585,trend,0.0466732867062092,马鞍山市
Anhui,2030,ssp585,trend,0.0466732867062092,安庆市
Anhui,2030,ssp585,trend,0.0466732867062092,黄山市
Anhui,2030,ssp585,trend,0.0466732867062092,滁州市
Anhui,2030,ssp585,trend,0.0466732867062092,芜湖市
Anhui,2030,ssp585,trend,0.0466732867062092,六安市
Anhui,2030,ssp585,trend,0.0466732867062092,蚌埠市
Anhui,2030,ssp585,trend,0.0466732867062092,阜阳市
Anhui,2030,ssp585,trend,0.0466732867062092,宿州市
Anhui,2030,ssp585,trend,0.0466732867062092,合肥市
Anhui,2035,ssp585,trend,0.124121680855751,宣城市
Anhui,2035,ssp585,trend,0.124121680855751,淮北市
Anhui,2035,ssp585,trend,0.124121680855751,铜陵市
Anhui,2035,ssp585,trend,0.124121680855751,亳州市
Anhui,2035,ssp585,trend,0.124121680855751,淮南市
Anhui,2035,ssp585,trend,0.124121680855751,池州市
Anhui,2035,ssp585,trend,0.124121680855751,马鞍山市
Anhui,2035,ssp585,trend,0.124121680855751,安庆市
Anhui,2035,ssp585,trend,0.124121680855751,黄山市
Anhui,2035,ssp585,trend,0.124121680855751,滁州市
Anhui,2035,ssp585,trend,0.124121680855751,芜湖市
Anhui,2035,ssp585,trend,0.124121680855751,六安市
Anhui,2035,ssp585,trend,0.124121680855751,蚌埠市
Anhui,2035,ssp585,trend,0.124121680855751,阜阳市
Anhui,2035,ssp585,trend,0.124121680855751,宿州市
Anhui,2035,ssp585,trend,0.124121680855751,合肥市
Anhui,2040,ssp585,trend,0.0881073921918869,宣城市
Anhui,2040,ssp585,trend,0.0881073921918869,淮北市
Anhui,2040,ssp585,trend,0.0881073921918869,铜陵市
Anhui,2040,ssp585,trend,0.0881073921918869,亳州市
Anhui,2040,ssp585,trend,0.0881073921918869,淮南市
Anhui,2040,ssp585,trend,0.0881073921918869,池州市
Anhui,2040,ssp585,trend,0.0881073921918869,马鞍山市
Anhui,2040,ssp585,trend,0.0881073921918869,安庆市
Anhui,2040,ssp585,trend,0.0881073921918869,黄山市
Anhui,2040,ssp585,trend,0.0881073921918869,滁州市
Anhui,2040,ssp585,trend,0.0881073921918869,芜湖市
Anhui,2040,ssp585,trend,0.0881073921918869,六安市
Anhui,2040,ssp585,trend,0.0881073921918869,蚌埠市
Anhui,2040,ssp585,trend,0.0881073921918869,阜阳市
Anhui,2040,ssp585,trend,0.0881073921918869,宿州市
Anhui,2040,ssp585,trend,0.0881073921918869,合肥市
Anhui,2045,ssp585,trend,0.0724841728806496,宣城市
Anhui,2045,ssp585,trend,0.0724841728806496,淮北市
Anhui,2045,ssp585,trend,0.0724841728806496,铜陵市
Anhui,2045,ssp585,trend,0.0724841728806496,亳州市
Anhui,2045,ssp585,trend,0.0724841728806496,淮南市
Anhui,2045,ssp585,trend,0.0724841728806496,池州市
Anhui,2045,ssp585,trend,0.0724841728806496,马鞍山市
Anhui,2045,ssp585,trend,0.0724841728806496,安庆市
Anhui,2045,ssp585,trend,0.0724841728806496,黄山市
Anhui,2045,ssp585,trend,0.0724841728806496,滁州市
Anhui,2045,ssp585,trend,0.0724841728806496,芜湖市
Anhui,2045,ssp585,trend,0.0724841728806496,六安市
Anhui,2045,ssp585,trend,0.0724841728806496,蚌埠市
Anhui,2045,ssp585,trend,0.0724841728806496,阜阳市
Anhui,2045,ssp585,trend,0.0724841728806496,宿州市
Anhui,2045,ssp585,trend,0.0724841728806496,合肥市
Anhui,2050,ssp585,trend,0.0694858431816101,宣城市
Anhui,2050,ssp585,trend,0.0694858431816101,淮北市
Anhui,2050,ssp585,trend,0.0694858431816101,铜陵市
Anhui,2050,ssp585,trend,0.0694858431816101,亳州市
Anhui,2050,ssp585,trend,0.0694858431816101,淮南市
Anhui,2050,ssp585,trend,0.0694858431816101,池州市
Anhui,2050,ssp585,trend,0.0694858431816101,马鞍山市
Anhui,2050,ssp585,trend,0.0694858431816101,安庆市
Anhui,2050,ssp585,trend,0.0694858431816101,黄山市
Anhui,2050,ssp585,trend,0.0694858431816101,滁州市
Anhui,2050,ssp585,trend,0.0694858431816101,芜湖市
Anhui,2050,ssp585,trend,0.0694858431816101,六安市
Anhui,2050,ssp585,trend,0.0694858431816101,蚌埠市
Anhui,2050,ssp585,trend,0.0694858431816101,阜阳市
Anhui,2050,ssp585,trend,0.0694858431816101,宿州市
Anhui,2050,ssp585,trend,0.0694858431816101,合肥市
Anhui,2030,current,doubled,0.205125153064728,宣城市
Anhui,2030,current,doubled,0.205125153064728,淮北市
Anhui,2030,current,doubled,0.205125153064728,铜陵市
Anhui,2030,current,doubled,0.205125153064728,亳州市
Anhui,2030,current,doubled,0.205125153064728,淮南市
Anhui,2030,current,doubled,0.205125153064728,池州市
Anhui,2030,current,doubled,0.205125153064728,马鞍山市
Anhui,2030,current,doubled,0.205125153064728,安庆市
Anhui,2030,current,doubled,0.205125153064728,黄山市
Anhui,2030,current,doubled,0.205125153064728,滁州市
Anhui,2030,current,doubled,0.205125153064728,芜湖市
Anhui,2030,current,doubled,0.205125153064728,六安市
Anhui,2030,current,doubled,0.205125153064728,蚌埠市
Anhui,2030,current,doubled,0.205125153064728,阜阳市
Anhui,2030,current,doubled,0.205125153064728,宿州市
Anhui,2030,current,doubled,0.205125153064728,合肥市
Anhui,2035,current,doubled,0.205125153064728,宣城市
Anhui,2035,current,doubled,0.205125153064728,淮北市
Anhui,2035,current,doubled,0.205125153064728,铜陵市
Anhui,2035,current,doubled,0.205125153064728,亳州市
Anhui,2035,current,doubled,0.205125153064728,淮南市
Anhui,2035,current,doubled,0.205125153064728,池州市
Anhui,2035,current,doubled,0.205125153064728,马鞍山市
Anhui,2035,current,doubled,0.205125153064728,安庆市
Anhui,2035,current,doubled,0.205125153064728,黄山市
Anhui,2035,current,doubled,0.205125153064728,滁州市
Anhui,2035,current,doubled,0.205125153064728,芜湖市
Anhui,2035,current,doubled,0.205125153064728,六安市
Anhui,2035,current,doubled,0.205125153064728,蚌埠市
Anhui,2035,current,doubled,0.205125153064728,阜阳市
Anhui,2035,current,doubled,0.205125153064728,宿州市
Anhui,2035,current,doubled,0.205125153064728,合肥市
Anhui,2040,current,doubled,0.205125153064728,宣城市
Anhui,2040,current,doubled,0.205125153064728,淮北市
Anhui,2040,current,doubled,0.205125153064728,铜陵市
Anhui,2040,current,doubled,0.205125153064728,亳州市
Anhui,2040,current,doubled,0.205125153064728,淮南市
Anhui,2040,current,doubled,0.205125153064728,池州市
Anhui,2040,current,doubled,0.205125153064728,马鞍山市
Anhui,2040,current,doubled,0.205125153064728,安庆市
Anhui,2040,current,doubled,0.205125153064728,黄山市
Anhui,2040,current,doubled,0.205125153064728,滁州市
Anhui,2040,current,doubled,0.205125153064728,芜湖市
Anhui,2040,current,doubled,0.205125153064728,六安市
Anhui,2040,current,doubled,0.205125153064728,蚌埠市
Anhui,2040,current,doubled,0.205125153064728,阜阳市
Anhui,2040,current,doubled,0.205125153064728,宿州市
Anhui,2040,current,doubled,0.205125153064728,合肥市
Anhui,2045,current,doubled,0.205125153064728,宣城市
Anhui,2045,current,doubled,0.205125153064728,淮北市
Anhui,2045,current,doubled,0.205125153064728,铜陵市
Anhui,2045,current,doubled,0.205125153064728,亳州市
Anhui,2045,current,doubled,0.205125153064728,淮南市
Anhui,2045,current,doubled,0.205125153064728,池州市
Anhui,2045,current,doubled,0.205125153064728,马鞍山市
Anhui,2045,current,doubled,0.205125153064728,安庆市
Anhui,2045,current,doubled,0.205125153064728,黄山市
Anhui,2045,current,doubled,0.205125153064728,滁州市
Anhui,2045,current,doubled,0.205125153064728,芜湖市
Anhui,2045,current,doubled,0.205125153064728,六安市
Anhui,2045,current,doubled,0.205125153064728,蚌埠市
Anhui,2045,current,doubled,0.205125153064728,阜阳市
Anhui,2045,current,doubled,0.205125153064728,宿州市
Anhui,2045,current,doubled,0.205125153064728,合肥市
Anhui,2050,current,doubled,0.205125153064728,宣城市
Anhui,2050,current,doubled,0.205125153064728,淮北市
Anhui,2050,current,doubled,0.205125153064728,铜陵市
Anhui,2050,current,doubled,0.205125153064728,亳州市
Anhui,2050,current,doubled,0.205125153064728,淮南市
Anhui,2050,current,doubled,0.205125153064728,池州市
Anhui,2050,current,doubled,0.205125153064728,马鞍山市
Anhui,2050,current,doubled,0.205125153064728,安庆市
Anhui,2050,current,doubled,0.205125153064728,黄山市
Anhui,2050,current,doubled,0.205125153064728,滁州市
Anhui,2050,current,doubled,0.205125153064728,芜湖市
Anhui,2050,current,doubled,0.205125153064728,六安市
Anhui,2050,current,doubled,0.205125153064728,蚌埠市
Anhui,2050,current,doubled,0.205125153064728,阜阳市
Anhui,2050,current,doubled,0.205125153064728,宿州市
Anhui,2050,current,doubled,0.205125153064728,合肥市
Anhui,2030,ssp245,doubled,0.0780887380242348,宣城市
Anhui,2030,ssp245,doubled,0.0780887380242348,淮北市
Anhui,2030,ssp245,doubled,0.0780887380242348,铜陵市
Anhui,2030,ssp245,doubled,0.0780887380242348,亳州市
Anhui,2030,ssp245,doubled,0.0780887380242348,淮南市
Anhui,2030,ssp245,doubled,0.0780887380242348,池州市
Anhui,2030,ssp245,doubled,0.0780887380242348,马鞍山市
Anhui,2030,ssp245,doubled,0.0780887380242348,安庆市
Anhui,2030,ssp245,doubled,0.0780887380242348,黄山市
Anhui,2030,ssp245,doubled,0.0780887380242348,滁州市
Anhui,2030,ssp245,doubled,0.0780887380242348,芜湖市
Anhui,2030,ssp245,doubled,0.0780887380242348,六安市
Anhui,2030,ssp245,doubled,0.0780887380242348,蚌埠市
Anhui,2030,ssp245,doubled,0.0780887380242348,阜阳市
Anhui,2030,ssp245,doubled,0.0780887380242348,宿州市
Anhui,2030,ssp245,doubled,0.0780887380242348,合肥市
Anhui,2035,ssp245,doubled,0.106918036937714,宣城市
Anhui,2035,ssp245,doubled,0.106918036937714,淮北市
Anhui,2035,ssp245,doubled,0.106918036937714,铜陵市
Anhui,2035,ssp245,doubled,0.106918036937714,亳州市
Anhui,2035,ssp245,doubled,0.106918036937714,淮南市
Anhui,2035,ssp245,doubled,0.106918036937714,池州市
Anhui,2035,ssp245,doubled,0.106918036937714,马鞍山市
Anhui,2035,ssp245,doubled,0.106918036937714,安庆市
Anhui,2035,ssp245,doubled,0.106918036937714,黄山市
Anhui,2035,ssp245,doubled,0.106918036937714,滁州市
Anhui,2035,ssp245,doubled,0.106918036937714,芜湖市
Anhui,2035,ssp245,doubled,0.106918036937714,六安市
Anhui,2035,ssp245,doubled,0.106918036937714,蚌埠市
Anhui,2035,ssp245,doubled,0.106918036937714,阜阳市
Anhui,2035,ssp245,doubled,0.106918036937714,宿州市
Anhui,2035,ssp245,doubled,0.106918036937714,合肥市
Anhui,2040,ssp245,doubled,0.086224377155304,宣城市
Anhui,2040,ssp245,doubled,0.086224377155304,淮北市
Anhui,2040,ssp245,doubled,0.086224377155304,铜陵市
Anhui,2040,ssp245,doubled,0.086224377155304,亳州市
Anhui,2040,ssp245,doubled,0.086224377155304,淮南市
Anhui,2040,ssp245,doubled,0.086224377155304,池州市
Anhui,2040,ssp245,doubled,0.086224377155304,马鞍山市
Anhui,2040,ssp245,doubled,0.086224377155304,安庆市
Anhui,2040,ssp245,doubled,0.086224377155304,黄山市
Anhui,2040,ssp245,doubled,0.086224377155304,滁州市
Anhui,2040,ssp245,doubled,0.086224377155304,芜湖市
Anhui,2040,ssp245,doubled,0.086224377155304,六安市
Anhui,2040,ssp245,doubled,0.086224377155304,蚌埠市
Anhui,2040,ssp245,doubled,0.086224377155304,阜阳市
Anhui,2040,ssp245,doubled,0.086224377155304,宿州市
Anhui,2040,ssp245,doubled,0.086224377155304,合肥市
Anhui,2045,ssp245,doubled,0.139662653207779,宣城市
Anhui,2045,ssp245,doubled,0.139662653207779,淮北市
Anhui,2045,ssp245,doubled,0.139662653207779,铜陵市
Anhui,2045,ssp245,doubled,0.139662653207779,亳州市
Anhui,2045,ssp245,doubled,0.139662653207779,淮南市
Anhui,2045,ssp245,doubled,0.139662653207779,池州市
Anhui,2045,ssp245,doubled,0.139662653207779,马鞍山市
Anhui,2045,ssp245,doubled,0.139662653207779,安庆市
Anhui,2045,ssp245,doubled,0.139662653207779,黄山市
Anhui,2045,ssp245,doubled,0.139662653207779,滁州市
Anhui,2045,ssp245,doubled,0.139662653207779,芜湖市
Anhui,2045,ssp245,doubled,0.139662653207779,六安市
Anhui,2045,ssp245,doubled,0.139662653207779,蚌埠市
Anhui,2045,ssp245,doubled,0.139662653207779,阜阳市
Anhui,2045,ssp245,doubled,0.139662653207779,宿州市
Anhui,2045,ssp245,doubled,0.139662653207779,合肥市
Anhui,2050,ssp245,doubled,0.143929794430733,宣城市
Anhui,2050,ssp245,doubled,0.143929794430733,淮北市
Anhui,2050,ssp245,doubled,0.143929794430733,铜陵市
Anhui,2050,ssp245,doubled,0.143929794430733,亳州市
Anhui,2050,ssp245,doubled,0.143929794430733,淮南市
Anhui,2050,ssp245,doubled,0.143929794430733,池州市
Anhui,2050,ssp245,doubled,0.143929794430733,马鞍山市
Anhui,2050,ssp245,doubled,0.143929794430733,安庆市
Anhui,2050,ssp245,doubled,0.143929794430733,黄山市
Anhui,2050,ssp245,doubled,0.143929794430733,滁州市
Anhui,2050,ssp245,doubled,0.143929794430733,芜湖市
Anhui,2050,ssp245,doubled,0.143929794430733,六安市
Anhui,2050,ssp245,doubled,0.143929794430733,蚌埠市
Anhui,2050,ssp245,doubled,0.143929794430733,阜阳市
Anhui,2050,ssp245,doubled,0.143929794430733,宿州市
Anhui,2050,ssp245,doubled,0.143929794430733,合肥市
Anhui,2030,ssp585,doubled,0.086224377155304,宣城市
Anhui,2030,ssp585,doubled,0.086224377155304,淮北市
Anhui,2030,ssp585,doubled,0.086224377155304,铜陵市
Anhui,2030,ssp585,doubled,0.086224377155304,亳州市
Anhui,2030,ssp585,doubled,0.086224377155304,淮南市
Anhui,2030,ssp585,doubled,0.086224377155304,池州市
Anhui,2030,ssp585,doubled,0.086224377155304,马鞍山市
Anhui,2030,ssp585,doubled,0.086224377155304,安庆市
Anhui,2030,ssp585,doubled,0.086224377155304,黄山市
Anhui,2030,ssp585,doubled,0.086224377155304,滁州市
Anhui,2030,ssp585,doubled,0.086224377155304,芜湖市
Anhui,2030,ssp585,doubled,0.086224377155304,六安市
Anhui,2030,ssp585,doubled,0.086224377155304,蚌埠市
Anhui,2030,ssp585,doubled,0.086224377155304,阜阳市
Anhui,2030,ssp585,doubled,0.086224377155304,宿州市
Anhui,2030,ssp585,doubled,0.086224377155304,合肥市
Anhui,2035,ssp585,doubled,0.0897226706147194,宣城市
Anhui,2035,ssp585,doubled,0.0897226706147194,淮北市
Anhui,2035,ssp585,doubled,0.0897226706147194,铜陵市
Anhui,2035,ssp585,doubled,0.0897226706147194,亳州市
Anhui,2035,ssp585,doubled,0.0897226706147194,淮南市
Anhui,2035,ssp585,doubled,0.0897226706147194,池州市
Anhui,2035,ssp585,doubled,0.0897226706147194,马鞍山市
Anhui,2035,ssp585,doubled,0.0897226706147194,安庆市
Anhui,2035,ssp585,doubled,0.0897226706147194,黄山市
Anhui,2035,ssp585,doubled,0.0897226706147194,滁州市
Anhui,2035,ssp585,doubled,0.0897226706147194,芜湖市
Anhui,2035,ssp585,doubled,0.0897226706147194,六安市
Anhui,2035,ssp585,doubled,0.0897226706147194,蚌埠市
Anhui,2035,ssp585,doubled,0.0897226706147194,阜阳市
Anhui,2035,ssp585,doubled,0.0897226706147194,宿州市
Anhui,2035,ssp585,doubled,0.0897226706147194,合肥市
Anhui,2040,ssp585,doubled,0.0888980254530907,宣城市
Anhui,2040,ssp585,doubled,0.0888980254530907,淮北市
Anhui,2040,ssp585,doubled,0.0888980254530907,铜陵市
Anhui,2040,ssp585,doubled,0.0888980254530907,亳州市
Anhui,2040,ssp585,doubled,0.0888980254530907,淮南市
Anhui,2040,ssp585,doubled,0.0888980254530907,池州市
Anhui,2040,ssp585,doubled,0.0888980254530907,马鞍山市
Anhui,2040,ssp585,doubled,0.0888980254530907,安庆市
Anhui,2040,ssp585,doubled,0.0888980254530907,黄山市
Anhui,2040,ssp585,doubled,0.0888980254530907,滁州市
Anhui,2040,ssp585,doubled,0.0888980254530907,芜湖市
Anhui,2040,ssp585,doubled,0.0888980254530907,六安市
Anhui,2040,ssp585,doubled,0.0888980254530907,蚌埠市
Anhui,2040,ssp585,doubled,0.0888980254530907,阜阳市
Anhui,2040,ssp585,doubled,0.0888980254530907,宿州市
Anhui,2040,ssp585,doubled,0.0888980254530907,合肥市
Anhui,2045,ssp585,doubled,0.11251712590456,宣城市
Anhui,2045,ssp585,doubled,0.11251712590456,淮北市
Anhui,2045,ssp585,doubled,0.11251712590456,铜陵市
Anhui,2045,ssp585,doubled,0.11251712590456,亳州市
Anhui,2045,ssp585,doubled,0.11251712590456,淮南市
Anhui,2045,ssp585,doubled,0.11251712590456,池州市
Anhui,2045,ssp585,doubled,0.11251712590456,马鞍山市
Anhui,2045,ssp585,doubled,0.11251712590456,安庆市
Anhui,2045,ssp585,doubled,0.11251712590456,黄山市
Anhui,2045,ssp585,doubled,0.11251712590456,滁州市
Anhui,2045,ssp585,doubled,0.11251712590456,芜湖市
Anhui,2045,ssp585,doubled,0.11251712590456,六安市
Anhui,2045,ssp585,doubled,0.11251712590456,蚌埠市
Anhui,2045,ssp585,doubled,0.11251712590456,阜阳市
Anhui,2045,ssp585,doubled,0.11251712590456,宿州市
Anhui,2045,ssp585,doubled,0.11251712590456,合肥市
Anhui,2050,ssp585,doubled,0.0598254911601543,宣城市
Anhui,2050,ssp585,doubled,0.0598254911601543,淮北市
Anhui,2050,ssp585,doubled,0.0598254911601543,铜陵市
Anhui,2050,ssp585,doubled,0.0598254911601543,亳州市
Anhui,2050,ssp585,doubled,0.0598254911601543,淮南市
Anhui,2050,ssp585,doubled,0.0598254911601543,池州市
Anhui,2050,ssp585,doubled,0.0598254911601543,马鞍山市
Anhui,2050,ssp585,doubled,0.0598254911601543,安庆市
Anhui,2050,ssp585,doubled,0.0598254911601543,黄山市
Anhui,2050,ssp585,doubled,0.0598254911601543,滁州市
Anhui,2050,ssp585,doubled,0.0598254911601543,芜湖市
Anhui,2050,ssp585,doubled,0.0598254911601543,六安市
Anhui,2050,ssp585,doubled,0.0598254911601543,蚌埠市
Anhui,2050,ssp585,doubled,0.0598254911601543,阜阳市
Anhui,2050,ssp585,doubled,0.0598254911601543,宿州市
Anhui,2050,ssp585,doubled,0.0598254911601543,合肥市
Beijing,2030,current,baseline,0.242708563804626,北京市
Beijing,2035,current,baseline,0.242708563804626,北京市
Beijing,2040,current,baseline,0.242708563804626,北京市
Beijing,2045,current,baseline,0.242708563804626,北京市
Beijing,2050,current,baseline,0.242708563804626,北京市
Beijing,2030,ssp245,baseline,0.0482372082769871,北京市
Beijing,2035,ssp245,baseline,0.102120243012905,北京市
Beijing,2040,ssp245,baseline,0.040069717913866,北京市
Beijing,2045,ssp245,baseline,0.174969464540482,北京市
Beijing,2050,ssp245,baseline,0.165144920349121,北京市
Beijing,2030,ssp585,baseline,0.040069717913866,北京市
Beijing,2035,ssp585,baseline,0.15877828001976,北京市
Beijing,2040,ssp585,baseline,0.051380880177021,北京市
Beijing,2045,ssp585,baseline,0.103417910635471,北京市
Beijing,2050,ssp585,baseline,0.119262725114822,北京市
Beijing,2030,current,trend,0.205125153064728,北京市
Beijing,2035,current,trend,0.207467883825302,北京市
Beijing,2040,current,trend,0.263163238763809,北京市
Beijing,2045,current,trend,0.279732972383499,北京市
Beijing,2050,current,trend,0.224947035312653,北京市
Beijing,2030,ssp245,trend,0.0780887380242348,北京市
Beijing,2035,ssp245,trend,0.0661379471421242,北京市
Beijing,2040,ssp245,trend,0.0608529672026634,北京市
Beijing,2045,ssp245,trend,0.093441054224968,北京市
Beijing,2050,ssp245,trend,0.161156833171844,北京市
Beijing,2030,ssp585,trend,0.086224377155304,北京市
Beijing,2035,ssp585,trend,0.114513568580151,北京市
Beijing,2040,ssp585,trend,0.0969709679484367,北京市
Beijing,2045,ssp585,trend,0.0798770561814308,北京市
Beijing,2050,ssp585,trend,0.0673834159970284,北京市
Beijing,2030,current,doubled,0.282232522964478,北京市
Beijing,2035,current,doubled,0.282232522964478,北京市
Beijing,2040,current,doubled,0.282232522964478,北京市
Beijing,2045,current,doubled,0.282232522964478,北京市
Beijing,2050,current,doubled,0.282232522964478,北京市
Beijing,2030,ssp245,doubled,0.15240915119648,北京市
Beijing,2035,ssp245,doubled,0.114074267446995,北京市
Beijing,2040,ssp245,doubled,0.0508280918002129,北京市
Beijing,2045,ssp245,doubled,0.093441054224968,北京市
Beijing,2050,ssp245,doubled,0.128153264522553,北京市
Beijing,2030,ssp585,doubled,0.0508280918002129,北京市
Beijing,2035,ssp585,doubled,0.145790562033653,北京市
Beijing,2040,ssp585,doubled,0.055146612226963,北京市
Beijing,2045,ssp585,doubled,0.0798770561814308,北京市
Beijing,2050,ssp585,doubled,0.0694858431816101,北京市
Chongqing,2030,current,baseline,0.286998003721237,重庆市
Chongqing,2035,current,baseline,0.286998003721237,重庆市
Chongqing,2040,current,baseline,0.286998003721237,重庆市
Chongqing,2045,current,baseline,0.286998003721237,重庆市
Chongqing,2050,current,baseline,0.286998003721237,重庆市
Chongqing,2030,ssp245,baseline,0.126200497150421,重庆市
Chongqing,2035,ssp245,baseline,0.0775563195347786,重庆市
Chongqing,2040,ssp245,baseline,0.0259894821792841,重庆市
Chongqing,2045,ssp245,baseline,0.124051667749882,重庆市
Chongqing,2050,ssp245,baseline,0.12814924120903,重庆市
Chongqing,2030,ssp585,baseline,0.0259894821792841,重庆市
Chongqing,2035,ssp585,baseline,0.190456792712212,重庆市
Chongqing,2040,ssp585,baseline,0.0619455948472023,重庆市
Chongqing,2045,ssp585,baseline,0.0797526836395264,重庆市
Chongqing,2050,ssp585,baseline,0.0743558257818222,重庆市
Chongqing,2030,current,trend,0.266993761062622,重庆市
Chongqing,2035,current,trend,0.242708563804626,重庆市
Chongqing,2040,current,trend,0.205125153064728,重庆市
Chongqing,2045,current,trend,0.206952139735222,重庆市
Chongqing,2050,current,trend,0.29090017080307,重庆市
Chongqing,2030,ssp245,trend,0.0440532453358173,重庆市
Chongqing,2035,ssp245,trend,0.151804998517036,重庆市
Chongqing,2040,ssp245,trend,0.0813378170132637,重庆市
Chongqing,2045,ssp245,trend,0.120401702821255,重庆市
Chongqing,2050,ssp245,trend,0.12159289419651,重庆市
Chongqing,2030,ssp585,trend,0.0654697790741921,重庆市
Chongqing,2035,ssp585,trend,0.15520067512989,重庆市
Chongqing,2040,ssp585,trend,0.0768244862556458,重庆市
Chongqing,2045,ssp585,trend,0.0635652616620064,重庆市
Chongqing,2050,ssp585,trend,0.0770477280020714,重庆市
Chongqing,2030,current,doubled,0.205125153064728,重庆市
Chongqing,2035,current,doubled,0.205125153064728,重庆市
Chongqing,2040,current,doubled,0.205125153064728,重庆市
Chongqing,2045,current,doubled,0.205125153064728,重庆市
Chongqing,2050,current,doubled,0.205125153064728,重庆市
Chongqing,2030,ssp245,doubled,0.087588757276535,重庆市
Chongqing,2035,ssp245,doubled,0.134383618831635,重庆市
Chongqing,2040,ssp245,doubled,0.124456658959389,重庆市
Chongqing,2045,ssp245,doubled,0.106492795050144,重庆市
Chongqing,2050,ssp245,doubled,0.159175768494606,重庆市
Chongqing,2030,ssp585,doubled,0.124456658959389,重庆市
Chongqing,2035,ssp585,doubled,0.125496551394463,重庆市
Chongqing,2040,ssp585,doubled,0.0621782205998898,重庆市
Chongqing,2045,ssp585,doubled,0.118098840117455,重庆市
Chongqing,2050,ssp585,doubled,0.0598254911601543,重庆市
Fujian,2030,current,baseline,0.320841699838638,三明市
Fujian,2030,current,baseline,0.320841699838638,泉州市
Fujian,2030,current,baseline,0.320841699838638,厦门市
Fujian,2030,current,baseline,0.320841699838638,莆田市
Fujian,2030,current,baseline,0.320841699838638,龙岩市
Fujian,2030,current,baseline,0.320841699838638,宁德市
Fujian,2030,current,baseline,0.320841699838638,漳州市
Fujian,2030,current,baseline,0.320841699838638,南平市
Fujian,2030,current,baseline,0.320841699838638,福州市
Fujian,2035,current,baseline,0.320841699838638,三明市
Fujian,2035,current,baseline,0.320841699838638,泉州市
Fujian,2035,current,baseline,0.320841699838638,厦门市
Fujian,2035,current,baseline,0.320841699838638,莆田市
Fujian,2035,current,baseline,0.320841699838638,龙岩市
Fujian,2035,current,baseline,0.320841699838638,宁德市
Fujian,2035,current,baseline,0.320841699838638,漳州市
Fujian,2035,current,baseline,0.320841699838638,南平市
Fujian,2035,current,baseline,0.320841699838638,福州市
Fujian,2040,current,baseline,0.320841699838638,三明市
Fujian,2040,current,baseline,0.320841699838638,泉州市
Fujian,2040,current,baseline,0.320841699838638,厦门市
Fujian,2040,current,baseline,0.320841699838638,莆田市
Fujian,2040,current,baseline,0.320841699838638,龙岩市
Fujian,2040,current,baseline,0.320841699838638,宁德市
Fujian,2040,current,baseline,0.320841699838638,漳州市
Fujian,2040,current,baseline,0.320841699838638,南平市
Fujian,2040,current,baseline,0.320841699838638,福州市
Fujian,2045,current,baseline,0.320841699838638,三明市
Fujian,2045,current,baseline,0.320841699838638,泉州市
Fujian,2045,current,baseline,0.320841699838638,厦门市
Fujian,2045,current,baseline,0.320841699838638,莆田市
Fujian,2045,current,baseline,0.320841699838638,龙岩市
Fujian,2045,current,baseline,0.320841699838638,宁德市
Fujian,2045,current,baseline,0.320841699838638,漳州市
Fujian,2045,current,baseline,0.320841699838638,南平市
Fujian,2045,current,baseline,0.320841699838638,福州市
Fujian,2050,current,baseline,0.320841699838638,三明市
Fujian,2050,current,baseline,0.320841699838638,泉州市
Fujian,2050,current,baseline,0.320841699838638,厦门市
Fujian,2050,current,baseline,0.320841699838638,莆田市
Fujian,2050,current,baseline,0.320841699838638,龙岩市
Fujian,2050,current,baseline,0.320841699838638,宁德市
Fujian,2050,current,baseline,0.320841699838638,漳州市
Fujian,2050,current,baseline,0.320841699838638,南平市
Fujian,2050,current,baseline,0.320841699838638,福州市
Fujian,2030,ssp245,baseline,0.0853323861956596,三明市
Fujian,2030,ssp245,baseline,0.0853323861956596,泉州市
Fujian,2030,ssp245,baseline,0.0853323861956596,厦门市
Fujian,2030,ssp245,baseline,0.0853323861956596,莆田市
Fujian,2030,ssp245,baseline,0.0853323861956596,龙岩市
Fujian,2030,ssp245,baseline,0.0853323861956596,宁德市
Fujian,2030,ssp245,baseline,0.0853323861956596,漳州市
Fujian,2030,ssp245,baseline,0.0853323861956596,南平市
Fujian,2030,ssp245,baseline,0.0853323861956596,福州市
Fujian,2035,ssp245,baseline,0.107003204524517,三明市
Fujian,2035,ssp245,baseline,0.107003204524517,泉州市
Fujian,2035,ssp245,baseline,0.107003204524517,厦门市
Fujian,2035,ssp245,baseline,0.107003204524517,莆田市
Fujian,2035,ssp245,baseline,0.107003204524517,龙岩市
Fujian,2035,ssp245,baseline,0.107003204524517,宁德市
Fujian,2035,ssp245,baseline,0.107003204524517,漳州市
Fujian,2035,ssp245,baseline,0.107003204524517,南平市
Fujian,2035,ssp245,baseline,0.107003204524517,福州市
Fujian,2040,ssp245,baseline,0.0928291901946068,三明市
Fujian,2040,ssp245,baseline,0.0928291901946068,泉州市
Fujian,2040,ssp245,baseline,0.0928291901946068,厦门市
Fujian,2040,ssp245,baseline,0.0928291901946068,莆田市
Fujian,2040,ssp245,baseline,0.0928291901946068,龙岩市
Fujian,2040,ssp245,baseline,0.0928291901946068,宁德市
Fujian,2040,ssp245,baseline,0.0928291901946068,漳州市
Fujian,2040,ssp245,baseline,0.0928291901946068,南平市
Fujian,2040,ssp245,baseline,0.0928291901946068,福州市
Fujian,2045,ssp245,baseline,0.163728475570679,三明市
Fujian,2045,ssp245,baseline,0.163728475570679,泉州市
Fujian,2045,ssp245,baseline,0.163728475570679,厦门市
Fujian,2045,ssp245,baseline,0.163728475570679,莆田市
Fujian,2045,ssp245,baseline,0.163728475570679,龙岩市
Fujian,2045,ssp245,baseline,0.163728475570679,宁德市
Fujian,2045,ssp245,baseline,0.163728475570679,漳州市
Fujian,2045,ssp245,baseline,0.163728475570679,南平市
Fujian,2045,ssp245,baseline,0.163728475570679,福州市
Fujian,2050,ssp245,baseline,0.309634625911713,三明市
Fujian,2050,ssp245,baseline,0.309634625911713,泉州市
Fujian,2050,ssp245,baseline,0.309634625911713,厦门市
Fujian,2050,ssp245,baseline,0.309634625911713,莆田市
Fujian,2050,ssp245,baseline,0.309634625911713,龙岩市
Fujian,2050,ssp245,baseline,0.309634625911713,宁德市
Fujian,2050,ssp245,baseline,0.309634625911713,漳州市
Fujian,2050,ssp245,baseline,0.309634625911713,南平市
Fujian,2050,ssp245,baseline,0.309634625911713,福州市
Fujian,2030,ssp585,baseline,0.0928291901946068,三明市
Fujian,2030,ssp585,baseline,0.0928291901946068,泉州市
Fujian,2030,ssp585,baseline,0.0928291901946068,厦门市
Fujian,2030,ssp585,baseline,0.0928291901946068,莆田市
Fujian,2030,ssp585,baseline,0.0928291901946068,龙岩市
Fujian,2030,ssp585,baseline,0.0928291901946068,宁德市
Fujian,2030,ssp585,baseline,0.0928291901946068,漳州市
Fujian,2030,ssp585,baseline,0.0928291901946068,南平市
Fujian,2030,ssp585,baseline,0.0928291901946068,福州市
Fujian,2035,ssp585,baseline,0.131828993558884,三明市
Fujian,2035,ssp585,baseline,0.131828993558884,泉州市
Fujian,2035,ssp585,baseline,0.131828993558884,厦门市
Fujian,2035,ssp585,baseline,0.131828993558884,莆田市
Fujian,2035,ssp585,baseline,0.131828993558884,龙岩市
Fujian,2035,ssp585,baseline,0.131828993558884,宁德市
Fujian,2035,ssp585,baseline,0.131828993558884,漳州市
Fujian,2035,ssp585,baseline,0.131828993558884,南平市
Fujian,2035,ssp585,baseline,0.131828993558884,福州市
Fujian,2040,ssp585,baseline,0.0671333819627762,三明市
Fujian,2040,ssp585,baseline,0.0671333819627762,泉州市
Fujian,2040,ssp585,baseline,0.0671333819627762,厦门市
Fujian,2040,ssp585,baseline,0.0671333819627762,莆田市
Fujian,2040,ssp585,baseline,0.0671333819627762,龙岩市
Fujian,2040,ssp585,baseline,0.0671333819627762,宁德市
Fujian,2040,ssp585,baseline,0.0671333819627762,漳州市
Fujian,2040,ssp585,baseline,0.0671333819627762,南平市
Fujian,2040,ssp585,baseline,0.0671333819627762,福州市
Fujian,2045,ssp585,baseline,0.0946902707219124,三明市
Fujian,2045,ssp585,baseline,0.0946902707219124,泉州市
Fujian,2045,ssp585,baseline,0.0946902707219124,厦门市
Fujian,2045,ssp585,baseline,0.0946902707219124,莆田市
Fujian,2045,ssp585,baseline,0.0946902707219124,龙岩市
Fujian,2045,ssp585,baseline,0.0946902707219124,宁德市
Fujian,2045,ssp585,baseline,0.0946902707219124,漳州市
Fujian,2045,ssp585,baseline,0.0946902707219124,南平市
Fujian,2045,ssp585,baseline,0.0946902707219124,福州市
Fujian,2050,ssp585,baseline,0.114965029060841,三明市
Fujian,2050,ssp585,baseline,0.114965029060841,泉州市
Fujian,2050,ssp585,baseline,0.114965029060841,厦门市
Fujian,2050,ssp585,baseline,0.114965029060841,莆田市
Fujian,2050,ssp585,baseline,0.114965029060841,龙岩市
Fujian,2050,ssp585,baseline,0.114965029060841,宁德市
Fujian,2050,ssp585,baseline,0.114965029060841,漳州市
Fujian,2050,ssp585,baseline,0.114965029060841,南平市
Fujian,2050,ssp585,baseline,0.114965029060841,福州市
Fujian,2030,current,trend,0.242708563804626,三明市
Fujian,2030,current,trend,0.242708563804626,泉州市
Fujian,2030,current,trend,0.242708563804626,厦门市
Fujian,2030,current,trend,0.242708563804626,莆田市
Fujian,2030,current,trend,0.242708563804626,龙岩市
Fujian,2030,current,trend,0.242708563804626,宁德市
Fujian,2030,current,trend,0.242708563804626,漳州市
Fujian,2030,current,trend,0.242708563804626,南平市
Fujian,2030,current,trend,0.242708563804626,福州市
Fujian,2035,current,trend,0.205125153064728,三明市
Fujian,2035,current,trend,0.205125153064728,泉州市
Fujian,2035,current,trend,0.205125153064728,厦门市
Fujian,2035,current,trend,0.205125153064728,莆田市
Fujian,2035,current,trend,0.205125153064728,龙岩市
Fujian,2035,current,trend,0.205125153064728,宁德市
Fujian,2035,current,trend,0.205125153064728,漳州市
Fujian,2035,current,trend,0.205125153064728,南平市
Fujian,2035,current,trend,0.205125153064728,福州市
Fujian,2040,current,trend,0.207467883825302,三明市
Fujian,2040,current,trend,0.207467883825302,泉州市
Fujian,2040,current,trend,0.207467883825302,厦门市
Fujian,2040,current,trend,0.207467883825302,莆田市
Fujian,2040,current,trend,0.207467883825302,龙岩市
Fujian,2040,current,trend,0.207467883825302,宁德市
Fujian,2040,current,trend,0.207467883825302,漳州市
Fujian,2040,current,trend,0.207467883825302,南平市
Fujian,2040,current,trend,0.207467883825302,福州市
Fujian,2045,current,trend,0.263163238763809,三明市
Fujian,2045,current,trend,0.263163238763809,泉州市
Fujian,2045,current,trend,0.263163238763809,厦门市
Fujian,2045,current,trend,0.263163238763809,莆田市
Fujian,2045,current,trend,0.263163238763809,龙岩市
Fujian,2045,current,trend,0.263163238763809,宁德市
Fujian,2045,current,trend,0.263163238763809,漳州市
Fujian,2045,current,trend,0.263163238763809,南平市
Fujian,2045,current,trend,0.263163238763809,福州市
Fujian,2050,current,trend,0.279732972383499,三明市
Fujian,2050,current,trend,0.279732972383499,泉州市
Fujian,2050,current,trend,0.279732972383499,厦门市
Fujian,2050,current,trend,0.279732972383499,莆田市
Fujian,2050,current,trend,0.279732972383499,龙岩市
Fujian,2050,current,trend,0.279732972383499,宁德市
Fujian,2050,current,trend,0.279732972383499,漳州市
Fujian,2050,current,trend,0.279732972383499,南平市
Fujian,2050,current,trend,0.279732972383499,福州市
Fujian,2030,ssp245,trend,0.0789883509278297,三明市
Fujian,2030,ssp245,trend,0.0789883509278297,泉州市
Fujian,2030,ssp245,trend,0.0789883509278297,厦门市
Fujian,2030,ssp245,trend,0.0789883509278297,莆田市
Fujian,2030,ssp245,trend,0.0789883509278297,龙岩市
Fujian,2030,ssp245,trend,0.0789883509278297,宁德市
Fujian,2030,ssp245,trend,0.0789883509278297,漳州市
Fujian,2030,ssp245,trend,0.0789883509278297,南平市
Fujian,2030,ssp245,trend,0.0789883509278297,福州市
Fujian,2035,ssp245,trend,0.106918036937714,三明市
Fujian,2035,ssp245,trend,0.106918036937714,泉州市
Fujian,2035,ssp245,trend,0.106918036937714,厦门市
Fujian,2035,ssp245,trend,0.106918036937714,莆田市
Fujian,2035,ssp245,trend,0.106918036937714,龙岩市
Fujian,2035,ssp245,trend,0.106918036937714,宁德市
Fujian,2035,ssp245,trend,0.106918036937714,漳州市
Fujian,2035,ssp245,trend,0.106918036937714,南平市
Fujian,2035,ssp245,trend,0.106918036937714,福州市
Fujian,2040,ssp245,trend,0.0431419871747494,三明市
Fujian,2040,ssp245,trend,0.0431419871747494,泉州市
Fujian,2040,ssp245,trend,0.0431419871747494,厦门市
Fujian,2040,ssp245,trend,0.0431419871747494,莆田市
Fujian,2040,ssp245,trend,0.0431419871747494,龙岩市
Fujian,2040,ssp245,trend,0.0431419871747494,宁德市
Fujian,2040,ssp245,trend,0.0431419871747494,漳州市
Fujian,2040,ssp245,trend,0.0431419871747494,南平市
Fujian,2040,ssp245,trend,0.0431419871747494,福州市
Fujian,2045,ssp245,trend,0.096085749566555,三明市
Fujian,2045,ssp245,trend,0.096085749566555,泉州市
Fujian,2045,ssp245,trend,0.096085749566555,厦门市
Fujian,2045,ssp245,trend,0.096085749566555,莆田市
Fujian,2045,ssp245,trend,0.096085749566555,龙岩市
Fujian,2045,ssp245,trend,0.096085749566555,宁德市
Fujian,2045,ssp245,trend,0.096085749566555,漳州市
Fujian,2045,ssp245,trend,0.096085749566555,南平市
Fujian,2045,ssp245,trend,0.096085749566555,福州市
Fujian,2050,ssp245,trend,0.128153264522553,三明市
Fujian,2050,ssp245,trend,0.128153264522553,泉州市
Fujian,2050,ssp245,trend,0.128153264522553,厦门市
Fujian,2050,ssp245,trend,0.128153264522553,莆田市
Fujian,2050,ssp245,trend,0.128153264522553,龙岩市
Fujian,2050,ssp245,trend,0.128153264522553,宁德市
Fujian,2050,ssp245,trend,0.128153264522553,漳州市
Fujian,2050,ssp245,trend,0.128153264522553,南平市
Fujian,2050,ssp245,trend,0.128153264522553,福州市
Fujian,2030,ssp585,trend,0.0495446883141995,三明市
Fujian,2030,ssp585,trend,0.0495446883141995,泉州市
Fujian,2030,ssp585,trend,0.0495446883141995,厦门市
Fujian,2030,ssp585,trend,0.0495446883141995,莆田市
Fujian,2030,ssp585,trend,0.0495446883141995,龙岩市
Fujian,2030,ssp585,trend,0.0495446883141995,宁德市
Fujian,2030,ssp585,trend,0.0495446883141995,漳州市
Fujian,2030,ssp585,trend,0.0495446883141995,南平市
Fujian,2030,ssp585,trend,0.0495446883141995,福州市
Fujian,2035,ssp585,trend,0.0897226706147194,三明市
Fujian,2035,ssp585,trend,0.0897226706147194,泉州市
Fujian,2035,ssp585,trend,0.0897226706147194,厦门市
Fujian,2035,ssp585,trend,0.0897226706147194,莆田市
Fujian,2035,ssp585,trend,0.0897226706147194,龙岩市
Fujian,2035,ssp585,trend,0.0897226706147194,宁德市
Fujian,2035,ssp585,trend,0.0897226706147194,漳州市
Fujian,2035,ssp585,trend,0.0897226706147194,南平市
Fujian,2035,ssp585,trend,0.0897226706147194,福州市
Fujian,2040,ssp585,trend,0.106454752385616,三明市
Fujian,2040,ssp585,trend,0.106454752385616,泉州市
Fujian,2040,ssp585,trend,0.106454752385616,厦门市
Fujian,2040,ssp585,trend,0.106454752385616,莆田市
Fujian,2040,ssp585,trend,0.106454752385616,龙岩市
Fujian,2040,ssp585,trend,0.106454752385616,宁德市
Fujian,2040,ssp585,trend,0.106454752385616,漳州市
Fujian,2040,ssp585,trend,0.106454752385616,南平市
Fujian,2040,ssp585,trend,0.106454752385616,福州市
Fujian,2045,ssp585,trend,0.0738666653633118,三明市
Fujian,2045,ssp585,trend,0.0738666653633118,泉州市
Fujian,2045,ssp585,trend,0.0738666653633118,厦门市
Fujian,2045,ssp585,trend,0.0738666653633118,莆田市
Fujian,2045,ssp585,trend,0.0738666653633118,龙岩市
Fujian,2045,ssp585,trend,0.0738666653633118,宁德市
Fujian,2045,ssp585,trend,0.0738666653633118,漳州市
Fujian,2045,ssp585,trend,0.0738666653633118,南平市
Fujian,2045,ssp585,trend,0.0738666653633118,福州市
Fujian,2050,ssp585,trend,0.0694858431816101,三明市
Fujian,2050,ssp585,trend,0.0694858431816101,泉州市
Fujian,2050,ssp585,trend,0.0694858431816101,厦门市
Fujian,2050,ssp585,trend,0.0694858431816101,莆田市
Fujian,2050,ssp585,trend,0.0694858431816101,龙岩市
Fujian,2050,ssp585,trend,0.0694858431816101,宁德市
Fujian,2050,ssp585,trend,0.0694858431816101,漳州市
Fujian,2050,ssp585,trend,0.0694858431816101,南平市
Fujian,2050,ssp585,trend,0.0694858431816101,福州市
Fujian,2030,current,doubled,0.29090017080307,三明市
Fujian,2030,current,doubled,0.29090017080307,泉州市
Fujian,2030,current,doubled,0.29090017080307,厦门市
Fujian,2030,current,doubled,0.29090017080307,莆田市
Fujian,2030,current,doubled,0.29090017080307,龙岩市
Fujian,2030,current,doubled,0.29090017080307,宁德市
Fujian,2030,current,doubled,0.29090017080307,漳州市
Fujian,2030,current,doubled,0.29090017080307,南平市
Fujian,2030,current,doubled,0.29090017080307,福州市
Fujian,2035,current,doubled,0.29090017080307,三明市
Fujian,2035,current,doubled,0.29090017080307,泉州市
Fujian,2035,current,doubled,0.29090017080307,厦门市
Fujian,2035,current,doubled,0.29090017080307,莆田市
Fujian,2035,current,doubled,0.29090017080307,龙岩市
Fujian,2035,current,doubled,0.29090017080307,宁德市
Fujian,2035,current,doubled,0.29090017080307,漳州市
Fujian,2035,current,doubled,0.29090017080307,南平市
Fujian,2035,current,doubled,0.29090017080307,福州市
Fujian,2040,current,doubled,0.29090017080307,三明市
Fujian,2040,current,doubled,0.29090017080307,泉州市
Fujian,2040,current,doubled,0.29090017080307,厦门市
Fujian,2040,current,doubled,0.29090017080307,莆田市
Fujian,2040,current,doubled,0.29090017080307,龙岩市
Fujian,2040,current,doubled,0.29090017080307,宁德市
Fujian,2040,current,doubled,0.29090017080307,漳州市
Fujian,2040,current,doubled,0.29090017080307,南平市
Fujian,2040,current,doubled,0.29090017080307,福州市
Fujian,2045,current,doubled,0.29090017080307,三明市
Fujian,2045,current,doubled,0.29090017080307,泉州市
Fujian,2045,current,doubled,0.29090017080307,厦门市
Fujian,2045,current,doubled,0.29090017080307,莆田市
Fujian,2045,current,doubled,0.29090017080307,龙岩市
Fujian,2045,current,doubled,0.29090017080307,宁德市
Fujian,2045,current,doubled,0.29090017080307,漳州市
Fujian,2045,current,doubled,0.29090017080307,南平市
Fujian,2045,current,doubled,0.29090017080307,福州市
Fujian,2050,current,doubled,0.29090017080307,三明市
Fujian,2050,current,doubled,0.29090017080307,泉州市
Fujian,2050,current,doubled,0.29090017080307,厦门市
Fujian,2050,current,doubled,0.29090017080307,莆田市
Fujian,2050,current,doubled,0.29090017080307,龙岩市
Fujian,2050,current,doubled,0.29090017080307,宁德市
Fujian,2050,current,doubled,0.29090017080307,漳州市
Fujian,2050,current,doubled,0.29090017080307,南平市
Fujian,2050,current,doubled,0.29090017080307,福州市
Fujian,2030,ssp245,doubled,0.0963872596621513,三明市
Fujian,2030,ssp245,doubled,0.0963872596621513,泉州市
Fujian,2030,ssp245,doubled,0.0963872596621513,厦门市
Fujian,2030,ssp245,doubled,0.0963872596621513,莆田市
Fujian,2030,ssp245,doubled,0.0963872596621513,龙岩市
Fujian,2030,ssp245,doubled,0.0963872596621513,宁德市
Fujian,2030,ssp245,doubled,0.0963872596621513,漳州市
Fujian,2030,ssp245,doubled,0.0963872596621513,南平市
Fujian,2030,ssp245,doubled,0.0963872596621513,福州市
Fujian,2035,ssp245,doubled,0.0931461974978447,三明市
Fujian,2035,ssp245,doubled,0.0931461974978447,泉州市
Fujian,2035,ssp245,doubled,0.0931461974978447,厦门市
Fujian,2035,ssp245,doubled,0.0931461974978447,莆田市
Fujian,2035,ssp245,doubled,0.0931461974978447,龙岩市
Fujian,2035,ssp245,doubled,0.0931461974978447,宁德市
Fujian,2035,ssp245,doubled,0.0931461974978447,漳州市
Fujian,2035,ssp245,doubled,0.0931461974978447,南平市
Fujian,2035,ssp245,doubled,0.0931461974978447,福州市
Fujian,2040,ssp245,doubled,0.0521675609052181,三明市
Fujian,2040,ssp245,doubled,0.0521675609052181,泉州市
Fujian,2040,ssp245,doubled,0.0521675609052181,厦门市
Fujian,2040,ssp245,doubled,0.0521675609052181,莆田市
Fujian,2040,ssp245,doubled,0.0521675609052181,龙岩市
Fujian,2040,ssp245,doubled,0.0521675609052181,宁德市
Fujian,2040,ssp245,doubled,0.0521675609052181,漳州市
Fujian,2040,ssp245,doubled,0.0521675609052181,南平市
Fujian,2040,ssp245,doubled,0.0521675609052181,福州市
Fujian,2045,ssp245,doubled,0.103795655071735,三明市
Fujian,2045,ssp245,doubled,0.103795655071735,泉州市
Fujian,2045,ssp245,doubled,0.103795655071735,厦门市
Fujian,2045,ssp245,doubled,0.103795655071735,莆田市
Fujian,2045,ssp245,doubled,0.103795655071735,龙岩市
Fujian,2045,ssp245,doubled,0.103795655071735,宁德市
Fujian,2045,ssp245,doubled,0.103795655071735,漳州市
Fujian,2045,ssp245,doubled,0.103795655071735,南平市
Fujian,2045,ssp245,doubled,0.103795655071735,福州市
Fujian,2050,ssp245,doubled,0.15819838643074,三明市
Fujian,2050,ssp245,doubled,0.15819838643074,泉州市
Fujian,2050,ssp245,doubled,0.15819838643074,厦门市
Fujian,2050,ssp245,doubled,0.15819838643074,莆田市
Fujian,2050,ssp245,doubled,0.15819838643074,龙岩市
Fujian,2050,ssp245,doubled,0.15819838643074,宁德市
Fujian,2050,ssp245,doubled,0.15819838643074,漳州市
Fujian,2050,ssp245,doubled,0.15819838643074,南平市
Fujian,2050,ssp245,doubled,0.15819838643074,福州市
Fujian,2030,ssp585,doubled,0.0521675609052181,三明市
Fujian,2030,ssp585,doubled,0.0521675609052181,泉州市
Fujian,2030,ssp585,doubled,0.0521675609052181,厦门市
Fujian,2030,ssp585,doubled,0.0521675609052181,莆田市
Fujian,2030,ssp585,doubled,0.0521675609052181,龙岩市
Fujian,2030,ssp585,doubled,0.0521675609052181,宁德市
Fujian,2030,ssp585,doubled,0.0521675609052181,漳州市
Fujian,2030,ssp585,doubled,0.0521675609052181,南平市
Fujian,2030,ssp585,doubled,0.0521675609052181,福州市
Fujian,2035,ssp585,doubled,0.147325187921524,三明市
Fujian,2035,ssp585,doubled,0.147325187921524,泉州市
Fujian,2035,ssp585,doubled,0.147325187921524,厦门市
Fujian,2035,ssp585,doubled,0.147325187921524,莆田市
Fujian,2035,ssp585,doubled,0.147325187921524,龙岩市
Fujian,2035,ssp585,doubled,0.147325187921524,宁德市
Fujian,2035,ssp585,doubled,0.147325187921524,漳州市
Fujian,2035,ssp585,doubled,0.147325187921524,南平市
Fujian,2035,ssp585,doubled,0.147325187921524,福州市
Fujian,2040,ssp585,doubled,0.111981071531773,三明市
Fujian,2040,ssp585,doubled,0.111981071531773,泉州市
Fujian,2040,ssp585,doubled,0.111981071531773,厦门市
Fujian,2040,ssp585,doubled,0.111981071531773,莆田市
Fujian,2040,ssp585,doubled,0.111981071531773,龙岩市
Fujian,2040,ssp585,doubled,0.111981071531773,宁德市
Fujian,2040,ssp585,doubled,0.111981071531773,漳州市
Fujian,2040,ssp585,doubled,0.111981071531773,南平市
Fujian,2040,ssp585,doubled,0.111981071531773,福州市
Fujian,2045,ssp585,doubled,0.0724841728806496,三明市
Fujian,2045,ssp585,doubled,0.0724841728806496,泉州市
Fujian,2045,ssp585,doubled,0.0724841728806496,厦门市
Fujian,2045,ssp585,doubled,0.0724841728806496,莆田市
Fujian,2045,ssp585,doubled,0.0724841728806496,龙岩市
Fujian,2045,ssp585,doubled,0.0724841728806496,宁德市
Fujian,2045,ssp585,doubled,0.0724841728806496,漳州市
Fujian,2045,ssp585,doubled,0.0724841728806496,南平市
Fujian,2045,ssp585,doubled,0.0724841728806496,福州市
Fujian,2050,ssp585,doubled,0.0739898160099983,三明市
Fujian,2050,ssp585,doubled,0.0739898160099983,泉州市
Fujian,2050,ssp585,doubled,0.0739898160099983,厦门市
Fujian,2050,ssp585,doubled,0.0739898160099983,莆田市
Fujian,2050,ssp585,doubled,0.0739898160099983,龙岩市
Fujian,2050,ssp585,doubled,0.0739898160099983,宁德市
Fujian,2050,ssp585,doubled,0.0739898160099983,漳州市
Fujian,2050,ssp585,doubled,0.0739898160099983,南平市
Fujian,2050,ssp585,doubled,0.0739898160099983,福州市
Gansu,2030,current,baseline,0.405188828706741,庆阳市
Gansu,2030,current,baseline,0.405188828706741,太子山天然林保护区
Gansu,2030,current,baseline,0.405188828706741,甘南藏族自治州
Gansu,2030,current,baseline,0.405188828706741,中农发山丹马场
Gansu,2030,current,baseline,0.405188828706741,莲花山风景林自然保护区
Gansu,2030,current,baseline,0.405188828706741,平凉市
Gansu,2030,current,baseline,0.405188828706741,酒泉市
Gansu,2030,current,baseline,0.405188828706741,武威市
Gansu,2030,current,baseline,0.405188828706741,临夏回族自治州
Gansu,2030,current,baseline,0.405188828706741,张掖市
Gansu,2030,current,baseline,0.405188828706741,白银市
Gansu,2030,current,baseline,0.405188828706741,天水市
Gansu,2030,current,baseline,0.405188828706741,嘉峪关市
Gansu,2030,current,baseline,0.405188828706741,金昌市
Gansu,2030,current,baseline,0.405188828706741,定西市
Gansu,2030,current,baseline,0.405188828706741,兰州市
Gansu,2030,current,baseline,0.405188828706741,陇南市
Gansu,2035,current,baseline,0.405188828706741,庆阳市
Gansu,2035,current,baseline,0.405188828706741,太子山天然林保护区
Gansu,2035,current,baseline,0.405188828706741,甘南藏族自治州
Gansu,2035,current,baseline,0.405188828706741,中农发山丹马场
Gansu,2035,current,baseline,0.405188828706741,莲花山风景林自然保护区
Gansu,2035,current,baseline,0.405188828706741,平凉市
Gansu,2035,current,baseline,0.405188828706741,酒泉市
Gansu,2035,current,baseline,0.405188828706741,武威市
Gansu,2035,current,baseline,0.405188828706741,临夏回族自治州
Gansu,2035,current,baseline,0.405188828706741,张掖市
Gansu,2035,current,baseline,0.405188828706741,白银市
Gansu,2035,current,baseline,0.405188828706741,天水市
Gansu,2035,current,baseline,0.405188828706741,嘉峪关市
Gansu,2035,current,baseline,0.405188828706741,金昌市
Gansu,2035,current,baseline,0.405188828706741,定西市
Gansu,2035,current,baseline,0.405188828706741,兰州市
Gansu,2035,current,baseline,0.405188828706741,陇南市
Gansu,2040,current,baseline,0.405188828706741,庆阳市
Gansu,2040,current,baseline,0.405188828706741,太子山天然林保护区
Gansu,2040,current,baseline,0.405188828706741,甘南藏族自治州
Gansu,2040,current,baseline,0.405188828706741,中农发山丹马场
Gansu,2040,current,baseline,0.405188828706741,莲花山风景林自然保护区
Gansu,2040,current,baseline,0.405188828706741,平凉市
Gansu,2040,current,baseline,0.405188828706741,酒泉市
Gansu,2040,current,baseline,0.405188828706741,武威市
Gansu,2040,current,baseline,0.405188828706741,临夏回族自治州
Gansu,2040,current,baseline,0.405188828706741,张掖市
Gansu,2040,current,baseline,0.405188828706741,白银市
Gansu,2040,current,baseline,0.405188828706741,天水市
Gansu,2040,current,baseline,0.405188828706741,嘉峪关市
Gansu,2040,current,baseline,0.405188828706741,金昌市
Gansu,2040,current,baseline,0.405188828706741,定西市
Gansu,2040,current,baseline,0.405188828706741,兰州市
Gansu,2040,current,baseline,0.405188828706741,陇南市
Gansu,2045,current,baseline,0.405188828706741,庆阳市
Gansu,2045,current,baseline,0.405188828706741,太子山天然林保护区
Gansu,2045,current,baseline,0.405188828706741,甘南藏族自治州
Gansu,2045,current,baseline,0.405188828706741,中农发山丹马场
Gansu,2045,current,baseline,0.405188828706741,莲花山风景林自然保护区
Gansu,2045,current,baseline,0.405188828706741,平凉市
Gansu,2045,current,baseline,0.405188828706741,酒泉市
Gansu,2045,current,baseline,0.405188828706741,武威市
Gansu,2045,current,baseline,0.405188828706741,临夏回族自治州
Gansu,2045,current,baseline,0.405188828706741,张掖市
Gansu,2045,current,baseline,0.405188828706741,白银市
Gansu,2045,current,baseline,0.405188828706741,天水市
Gansu,2045,current,baseline,0.405188828706741,嘉峪关市
Gansu,2045,current,baseline,0.405188828706741,金昌市
Gansu,2045,current,baseline,0.405188828706741,定西市
Gansu,2045,current,baseline,0.405188828706741,兰州市
Gansu,2045,current,baseline,0.405188828706741,陇南市
Gansu,2050,current,baseline,0.405188828706741,庆阳市
Gansu,2050,current,baseline,0.405188828706741,太子山天然林保护区
Gansu,2050,current,baseline,0.405188828706741,甘南藏族自治州
Gansu,2050,current,baseline,0.405188828706741,中农发山丹马场
Gansu,2050,current,baseline,0.405188828706741,莲花山风景林自然保护区
Gansu,2050,current,baseline,0.405188828706741,平凉市
Gansu,2050,current,baseline,0.405188828706741,酒泉市
Gansu,2050,current,baseline,0.405188828706741,武威市
Gansu,2050,current,baseline,0.405188828706741,临夏回族自治州
Gansu,2050,current,baseline,0.405188828706741,张掖市
Gansu,2050,current,baseline,0.405188828706741,白银市
Gansu,2050,current,baseline,0.405188828706741,天水市
Gansu,2050,current,baseline,0.405188828706741,嘉峪关市
Gansu,2050,current,baseline,0.405188828706741,金昌市
Gansu,2050,current,baseline,0.405188828706741,定西市
Gansu,2050,current,baseline,0.405188828706741,兰州市
Gansu,2050,current,baseline,0.405188828706741,陇南市
Gansu,2030,ssp245,baseline,0.188899829983711,庆阳市
Gansu,2030,ssp245,baseline,0.188899829983711,太子山天然林保护区
Gansu,2030,ssp245,baseline,0.188899829983711,甘南藏族自治州
Gansu,2030,ssp245,baseline,0.188899829983711,中农发山丹马场
Gansu,2030,ssp245,baseline,0.188899829983711,莲花山风景林自然保护区
Gansu,2030,ssp245,baseline,0.188899829983711,平凉市
Gansu,2030,ssp245,baseline,0.188899829983711,酒泉市
Gansu,2030,ssp245,baseline,0.188899829983711,武威市
Gansu,2030,ssp245,baseline,0.188899829983711,临夏回族自治州
Gansu,2030,ssp245,baseline,0.188899829983711,张掖市
Gansu,2030,ssp245,baseline,0.188899829983711,白银市
Gansu,2030,ssp245,baseline,0.188899829983711,天水市
Gansu,2030,ssp245,baseline,0.188899829983711,嘉峪关市
Gansu,2030,ssp245,baseline,0.188899829983711,金昌市
Gansu,2030,ssp245,baseline,0.188899829983711,定西市
Gansu,2030,ssp245,baseline,0.188899829983711,兰州市
Gansu,2030,ssp245,baseline,0.188899829983711,陇南市
Gansu,2035,ssp245,baseline,0.113765373826027,庆阳市
Gansu,2035,ssp245,baseline,0.113765373826027,太子山天然林保护区
Gansu,2035,ssp245,baseline,0.113765373826027,甘南藏族自治州
Gansu,2035,ssp245,baseline,0.113765373826027,中农发山丹马场
Gansu,2035,ssp245,baseline,0.113765373826027,莲花山风景林自然保护区
Gansu,2035,ssp245,baseline,0.113765373826027,平凉市
Gansu,2035,ssp245,baseline,0.113765373826027,酒泉市
Gansu,2035,ssp245,baseline,0.113765373826027,武威市
Gansu,2035,ssp245,baseline,0.113765373826027,临夏回族自治州
Gansu,2035,ssp245,baseline,0.113765373826027,张掖市
Gansu,2035,ssp245,baseline,0.113765373826027,白银市
Gansu,2035,ssp245,baseline,0.113765373826027,天水市
Gansu,2035,ssp245,baseline,0.113765373826027,嘉峪关市
Gansu,2035,ssp245,baseline,0.113765373826027,金昌市
Gansu,2035,ssp245,baseline,0.113765373826027,定西市
Gansu,2035,ssp245,baseline,0.113765373826027,兰州市
Gansu,2035,ssp245,baseline,0.113765373826027,陇南市
Gansu,2040,ssp245,baseline,0.0718302354216576,庆阳市
Gansu,2040,ssp245,baseline,0.0718302354216576,太子山天然林保护区
Gansu,2040,ssp245,baseline,0.0718302354216576,甘南藏族自治州
Gansu,2040,ssp245,baseline,0.0718302354216576,中农发山丹马场
Gansu,2040,ssp245,baseline,0.0718302354216576,莲花山风景林自然保护区
Gansu,2040,ssp245,baseline,0.0718302354216576,平凉市
Gansu,2040,ssp245,baseline,0.0718302354216576,酒泉市
Gansu,2040,ssp245,baseline,0.0718302354216576,武威市
Gansu,2040,ssp245,baseline,0.0718302354216576,临夏回族自治州
Gansu,2040,ssp245,baseline,0.0718302354216576,张掖市
Gansu,2040,ssp245,baseline,0.0718302354216576,白银市
Gansu,2040,ssp245,baseline,0.0718302354216576,天水市
Gansu,2040,ssp245,baseline,0.0718302354216576,嘉峪关市
Gansu,2040,ssp245,baseline,0.0718302354216576,金昌市
Gansu,2040,ssp245,baseline,0.0718302354216576,定西市
Gansu,2040,ssp245,baseline,0.0718302354216576,兰州市
Gansu,2040,ssp245,baseline,0.0718302354216576,陇南市
Gansu,2045,ssp245,baseline,0.234648630023003,庆阳市
Gansu,2045,ssp245,baseline,0.234648630023003,太子山天然林保护区
Gansu,2045,ssp245,baseline,0.234648630023003,甘南藏族自治州
Gansu,2045,ssp245,baseline,0.234648630023003,中农发山丹马场
Gansu,2045,ssp245,baseline,0.234648630023003,莲花山风景林自然保护区
Gansu,2045,ssp245,baseline,0.234648630023003,平凉市
Gansu,2045,ssp245,baseline,0.234648630023003,酒泉市
Gansu,2045,ssp245,baseline,0.234648630023003,武威市
Gansu,2045,ssp245,baseline,0.234648630023003,临夏回族自治州
Gansu,2045,ssp245,baseline,0.234648630023003,张掖市
Gansu,2045,ssp245,baseline,0.234648630023003,白银市
Gansu,2045,ssp245,baseline,0.234648630023003,天水市
Gansu,2045,ssp245,baseline,0.234648630023003,嘉峪关市
Gansu,2045,ssp245,baseline,0.234648630023003,金昌市
Gansu,2045,ssp245,baseline,0.234648630023003,定西市
Gansu,2045,ssp245,baseline,0.234648630023003,兰州市
Gansu,2045,ssp245,baseline,0.234648630023003,陇南市
Gansu,2050,ssp245,baseline,0.234425887465477,庆阳市
Gansu,2050,ssp245,baseline,0.234425887465477,太子山天然林保护区
Gansu,2050,ssp245,baseline,0.234425887465477,甘南藏族自治州
Gansu,2050,ssp245,baseline,0.234425887465477,中农发山丹马场
Gansu,2050,ssp245,baseline,0.234425887465477,莲花山风景林自然保护区
Gansu,2050,ssp245,baseline,0.234425887465477,平凉市
Gansu,2050,ssp245,baseline,0.234425887465477,酒泉市
Gansu,2050,ssp245,baseline,0.234425887465477,武威市
Gansu,2050,ssp245,baseline,0.234425887465477,临夏回族自治州
Gansu,2050,ssp245,baseline,0.234425887465477,张掖市
Gansu,2050,ssp245,baseline,0.234425887465477,白银市
Gansu,2050,ssp245,baseline,0.234425887465477,天水市
Gansu,2050,ssp245,baseline,0.234425887465477,嘉峪关市
Gansu,2050,ssp245,baseline,0.234425887465477,金昌市
Gansu,2050,ssp245,baseline,0.234425887465477,定西市
Gansu,2050,ssp245,baseline,0.234425887465477,兰州市
Gansu,2050,ssp245,baseline,0.234425887465477,陇南市
Gansu,2030,ssp585,baseline,0.0718302354216576,庆阳市
Gansu,2030,ssp585,baseline,0.0718302354216576,太子山天然林保护区
Gansu,2030,ssp585,baseline,0.0718302354216576,甘南藏族自治州
Gansu,2030,ssp585,baseline,0.0718302354216576,中农发山丹马场
Gansu,2030,ssp585,baseline,0.0718302354216576,莲花山风景林自然保护区
Gansu,2030,ssp585,baseline,0.0718302354216576,平凉市
Gansu,2030,ssp585,baseline,0.0718302354216576,酒泉市
Gansu,2030,ssp585,baseline,0.0718302354216576,武威市
Gansu,2030,ssp585,baseline,0.0718302354216576,临夏回族自治州
Gansu,2030,ssp585,baseline,0.0718302354216576,张掖市
Gansu,2030,ssp585,baseline,0.0718302354216576,白银市
Gansu,2030,ssp585,baseline,0.0718302354216576,天水市
Gansu,2030,ssp585,baseline,0.0718302354216576,嘉峪关市
Gansu,2030,ssp585,baseline,0.0718302354216576,金昌市
Gansu,2030,ssp585,baseline,0.0718302354216576,定西市
Gansu,2030,ssp585,baseline,0.0718302354216576,兰州市
Gansu,2030,ssp585,baseline,0.0718302354216576,陇南市
Gansu,2035,ssp585,baseline,0.147815674543381,庆阳市
Gansu,2035,ssp585,baseline,0.147815674543381,太子山天然林保护区
Gansu,2035,ssp585,baseline,0.147815674543381,甘南藏族自治州
Gansu,2035,ssp585,baseline,0.147815674543381,中农发山丹马场
Gansu,2035,ssp585,baseline,0.147815674543381,莲花山风景林自然保护区
Gansu,2035,ssp585,baseline,0.147815674543381,平凉市
Gansu,2035,ssp585,baseline,0.147815674543381,酒泉市
Gansu,2035,ssp585,baseline,0.147815674543381,武威市
Gansu,2035,ssp585,baseline,0.147815674543381,临夏回族自治州
Gansu,2035,ssp585,baseline,0.147815674543381,张掖市
Gansu,2035,ssp585,baseline,0.147815674543381,白银市
Gansu,2035,ssp585,baseline,0.147815674543381,天水市
Gansu,2035,ssp585,baseline,0.147815674543381,嘉峪关市
Gansu,2035,ssp585,baseline,0.147815674543381,金昌市
Gansu,2035,ssp585,baseline,0.147815674543381,定西市
Gansu,2035,ssp585,baseline,0.147815674543381,兰州市
Gansu,2035,ssp585,baseline,0.147815674543381,陇南市
Gansu,2040,ssp585,baseline,0.0783772692084312,庆阳市
Gansu,2040,ssp585,baseline,0.0783772692084312,太子山天然林保护区
Gansu,2040,ssp585,baseline,0.0783772692084312,甘南藏族自治州
Gansu,2040,ssp585,baseline,0.0783772692084312,中农发山丹马场
Gansu,2040,ssp585,baseline,0.0783772692084312,莲花山风景林自然保护区
Gansu,2040,ssp585,baseline,0.0783772692084312,平凉市
Gansu,2040,ssp585,baseline,0.0783772692084312,酒泉市
Gansu,2040,ssp585,baseline,0.0783772692084312,武威市
Gansu,2040,ssp585,baseline,0.0783772692084312,临夏回族自治州
Gansu,2040,ssp585,baseline,0.0783772692084312,张掖市
Gansu,2040,ssp585,baseline,0.0783772692084312,白银市
Gansu,2040,ssp585,baseline,0.0783772692084312,天水市
Gansu,2040,ssp585,baseline,0.0783772692084312,嘉峪关市
Gansu,2040,ssp585,baseline,0.0783772692084312,金昌市
Gansu,2040,ssp585,baseline,0.0783772692084312,定西市
Gansu,2040,ssp585,baseline,0.0783772692084312,兰州市
Gansu,2040,ssp585,baseline,0.0783772692084312,陇南市
Gansu,2045,ssp585,baseline,0.150385990738869,庆阳市
Gansu,2045,ssp585,baseline,0.150385990738869,太子山天然林保护区
Gansu,2045,ssp585,baseline,0.150385990738869,甘南藏族自治州
Gansu,2045,ssp585,baseline,0.150385990738869,中农发山丹马场
Gansu,2045,ssp585,baseline,0.150385990738869,莲花山风景林自然保护区
Gansu,2045,ssp585,baseline,0.150385990738869,平凉市
Gansu,2045,ssp585,baseline,0.150385990738869,酒泉市
Gansu,2045,ssp585,baseline,0.150385990738869,武威市
Gansu,2045,ssp585,baseline,0.150385990738869,临夏回族自治州
Gansu,2045,ssp585,baseline,0.150385990738869,张掖市
Gansu,2045,ssp585,baseline,0.150385990738869,白银市
Gansu,2045,ssp585,baseline,0.150385990738869,天水市
Gansu,2045,ssp585,baseline,0.150385990738869,嘉峪关市
Gansu,2045,ssp585,baseline,0.150385990738869,金昌市
Gansu,2045,ssp585,baseline,0.150385990738869,定西市
Gansu,2045,ssp585,baseline,0.150385990738869,兰州市
Gansu,2045,ssp585,baseline,0.150385990738869,陇南市
Gansu,2050,ssp585,baseline,0.0929771289229393,庆阳市
Gansu,2050,ssp585,baseline,0.0929771289229393,太子山天然林保护区
Gansu,2050,ssp585,baseline,0.0929771289229393,甘南藏族自治州
Gansu,2050,ssp585,baseline,0.0929771289229393,中农发山丹马场
Gansu,2050,ssp585,baseline,0.0929771289229393,莲花山风景林自然保护区
Gansu,2050,ssp585,baseline,0.0929771289229393,平凉市
Gansu,2050,ssp585,baseline,0.0929771289229393,酒泉市
Gansu,2050,ssp585,baseline,0.0929771289229393,武威市
Gansu,2050,ssp585,baseline,0.0929771289229393,临夏回族自治州
Gansu,2050,ssp585,baseline,0.0929771289229393,张掖市
Gansu,2050,ssp585,baseline,0.0929771289229393,白银市
Gansu,2050,ssp585,baseline,0.0929771289229393,天水市
Gansu,2050,ssp585,baseline,0.0929771289229393,嘉峪关市
Gansu,2050,ssp585,baseline,0.0929771289229393,金昌市
Gansu,2050,ssp585,baseline,0.0929771289229393,定西市
Gansu,2050,ssp585,baseline,0.0929771289229393,兰州市
Gansu,2050,ssp585,baseline,0.0929771289229393,陇南市
Gansu,2030,current,trend,0.320841699838638,庆阳市
Gansu,2030,current,trend,0.320841699838638,太子山天然林保护区
Gansu,2030,current,trend,0.320841699838638,甘南藏族自治州
Gansu,2030,current,trend,0.320841699838638,中农发山丹马场
Gansu,2030,current,trend,0.320841699838638,莲花山风景林自然保护区
Gansu,2030,current,trend,0.320841699838638,平凉市
Gansu,2030,current,trend,0.320841699838638,酒泉市
Gansu,2030,current,trend,0.320841699838638,武威市
Gansu,2030,current,trend,0.320841699838638,临夏回族自治州
Gansu,2030,current,trend,0.320841699838638,张掖市
Gansu,2030,current,trend,0.320841699838638,白银市
Gansu,2030,current,trend,0.320841699838638,天水市
Gansu,2030,current,trend,0.320841699838638,嘉峪关市
Gansu,2030,current,trend,0.320841699838638,金昌市
Gansu,2030,current,trend,0.320841699838638,定西市
Gansu,2030,current,trend,0.320841699838638,兰州市
Gansu,2030,current,trend,0.320841699838638,陇南市
Gansu,2035,current,trend,0.242708563804626,庆阳市
Gansu,2035,current,trend,0.242708563804626,太子山天然林保护区
Gansu,2035,current,trend,0.242708563804626,甘南藏族自治州
Gansu,2035,current,trend,0.242708563804626,中农发山丹马场
Gansu,2035,current,trend,0.242708563804626,莲花山风景林自然保护区
Gansu,2035,current,trend,0.242708563804626,平凉市
Gansu,2035,current,trend,0.242708563804626,酒泉市
Gansu,2035,current,trend,0.242708563804626,武威市
Gansu,2035,current,trend,0.242708563804626,临夏回族自治州
Gansu,2035,current,trend,0.242708563804626,张掖市
Gansu,2035,current,trend,0.242708563804626,白银市
Gansu,2035,current,trend,0.242708563804626,天水市
Gansu,2035,current,trend,0.242708563804626,嘉峪关市
Gansu,2035,current,trend,0.242708563804626,金昌市
Gansu,2035,current,trend,0.242708563804626,定西市
Gansu,2035,current,trend,0.242708563804626,兰州市
Gansu,2035,current,trend,0.242708563804626,陇南市
Gansu,2040,current,trend,0.205125153064728,庆阳市
Gansu,2040,current,trend,0.205125153064728,太子山天然林保护区
Gansu,2040,current,trend,0.205125153064728,甘南藏族自治州
Gansu,2040,current,trend,0.205125153064728,中农发山丹马场
Gansu,2040,current,trend,0.205125153064728,莲花山风景林自然保护区
Gansu,2040,current,trend,0.205125153064728,平凉市
Gansu,2040,current,trend,0.205125153064728,酒泉市
Gansu,2040,current,trend,0.205125153064728,武威市
Gansu,2040,current,trend,0.205125153064728,临夏回族自治州
Gansu,2040,current,trend,0.205125153064728,张掖市
Gansu,2040,current,trend,0.205125153064728,白银市
Gansu,2040,current,trend,0.205125153064728,天水市
Gansu,2040,current,trend,0.205125153064728,嘉峪关市
Gansu,2040,current,trend,0.205125153064728,金昌市
Gansu,2040,current,trend,0.205125153064728,定西市
Gansu,2040,current,trend,0.205125153064728,兰州市
Gansu,2040,current,trend,0.205125153064728,陇南市
Gansu,2045,current,trend,0.197648927569389,庆阳市
Gansu,2045,current,trend,0.197648927569389,太子山天然林保护区
Gansu,2045,current,trend,0.197648927569389,甘南藏族自治州
Gansu,2045,current,trend,0.197648927569389,中农发山丹马场
Gansu,2045,current,trend,0.197648927569389,莲花山风景林自然保护区
Gansu,2045,current,trend,0.197648927569389,平凉市
Gansu,2045,current,trend,0.197648927569389,酒泉市
Gansu,2045,current,trend,0.197648927569389,武威市
Gansu,2045,current,trend,0.197648927569389,临夏回族自治州
Gansu,2045,current,trend,0.197648927569389,张掖市
Gansu,2045,current,trend,0.197648927569389,白银市
Gansu,2045,current,trend,0.197648927569389,天水市
Gansu,2045,current,trend,0.197648927569389,嘉峪关市
Gansu,2045,current,trend,0.197648927569389,金昌市
Gansu,2045,current,trend,0.197648927569389,定西市
Gansu,2045,current,trend,0.197648927569389,兰州市
Gansu,2045,current,trend,0.197648927569389,陇南市
Gansu,2050,current,trend,0.263163238763809,庆阳市
Gansu,2050,current,trend,0.263163238763809,太子山天然林保护区
Gansu,2050,current,trend,0.263163238763809,甘南藏族自治州
Gansu,2050,current,trend,0.263163238763809,中农发山丹马场
Gansu,2050,current,trend,0.263163238763809,莲花山风景林自然保护区
Gansu,2050,current,trend,0.263163238763809,平凉市
Gansu,2050,current,trend,0.263163238763809,酒泉市
Gansu,2050,current,trend,0.263163238763809,武威市
Gansu,2050,current,trend,0.263163238763809,临夏回族自治州
Gansu,2050,current,trend,0.263163238763809,张掖市
Gansu,2050,current,trend,0.263163238763809,白银市
Gansu,2050,current,trend,0.263163238763809,天水市
Gansu,2050,current,trend,0.263163238763809,嘉峪关市
Gansu,2050,current,trend,0.263163238763809,金昌市
Gansu,2050,current,trend,0.263163238763809,定西市
Gansu,2050,current,trend,0.263163238763809,兰州市
Gansu,2050,current,trend,0.263163238763809,陇南市
Gansu,2030,ssp245,trend,0.0738218501210213,庆阳市
Gansu,2030,ssp245,trend,0.0738218501210213,太子山天然林保护区
Gansu,2030,ssp245,trend,0.0738218501210213,甘南藏族自治州
Gansu,2030,ssp245,trend,0.0738218501210213,中农发山丹马场
Gansu,2030,ssp245,trend,0.0738218501210213,莲花山风景林自然保护区
Gansu,2030,ssp245,trend,0.0738218501210213,平凉市
Gansu,2030,ssp245,trend,0.0738218501210213,酒泉市
Gansu,2030,ssp245,trend,0.0738218501210213,武威市
Gansu,2030,ssp245,trend,0.0738218501210213,临夏回族自治州
Gansu,2030,ssp245,trend,0.0738218501210213,张掖市
Gansu,2030,ssp245,trend,0.0738218501210213,白银市
Gansu,2030,ssp245,trend,0.0738218501210213,天水市
Gansu,2030,ssp245,trend,0.0738218501210213,嘉峪关市
Gansu,2030,ssp245,trend,0.0738218501210213,金昌市
Gansu,2030,ssp245,trend,0.0738218501210213,定西市
Gansu,2030,ssp245,trend,0.0738218501210213,兰州市
Gansu,2030,ssp245,trend,0.0738218501210213,陇南市
Gansu,2035,ssp245,trend,0.180584490299225,庆阳市
Gansu,2035,ssp245,trend,0.180584490299225,太子山天然林保护区
Gansu,2035,ssp245,trend,0.180584490299225,甘南藏族自治州
Gansu,2035,ssp245,trend,0.180584490299225,中农发山丹马场
Gansu,2035,ssp245,trend,0.180584490299225,莲花山风景林自然保护区
Gansu,2035,ssp245,trend,0.180584490299225,平凉市
Gansu,2035,ssp245,trend,0.180584490299225,酒泉市
Gansu,2035,ssp245,trend,0.180584490299225,武威市
Gansu,2035,ssp245,trend,0.180584490299225,临夏回族自治州
Gansu,2035,ssp245,trend,0.180584490299225,张掖市
Gansu,2035,ssp245,trend,0.180584490299225,白银市
Gansu,2035,ssp245,trend,0.180584490299225,天水市
Gansu,2035,ssp245,trend,0.180584490299225,嘉峪关市
Gansu,2035,ssp245,trend,0.180584490299225,金昌市
Gansu,2035,ssp245,trend,0.180584490299225,定西市
Gansu,2035,ssp245,trend,0.180584490299225,兰州市
Gansu,2035,ssp245,trend,0.180584490299225,陇南市
Gansu,2040,ssp245,trend,0.086224377155304,庆阳市
Gansu,2040,ssp245,trend,0.086224377155304,太子山天然林保护区
Gansu,2040,ssp245,trend,0.086224377155304,甘南藏族自治州
Gansu,2040,ssp245,trend,0.086224377155304,中农发山丹马场
Gansu,2040,ssp245,trend,0.086224377155304,莲花山风景林自然保护区
Gansu,2040,ssp245,trend,0.086224377155304,平凉市
Gansu,2040,ssp245,trend,0.086224377155304,酒泉市
Gansu,2040,ssp245,trend,0.086224377155304,武威市
Gansu,2040,ssp245,trend,0.086224377155304,临夏回族自治州
Gansu,2040,ssp245,trend,0.086224377155304,张掖市
Gansu,2040,ssp245,trend,0.086224377155304,白银市
Gansu,2040,ssp245,trend,0.086224377155304,天水市
Gansu,2040,ssp245,trend,0.086224377155304,嘉峪关市
Gansu,2040,ssp245,trend,0.086224377155304,金昌市
Gansu,2040,ssp245,trend,0.086224377155304,定西市
Gansu,2040,ssp245,trend,0.086224377155304,兰州市
Gansu,2040,ssp245,trend,0.086224377155304,陇南市
Gansu,2045,ssp245,trend,0.115710020065308,庆阳市
Gansu,2045,ssp245,trend,0.115710020065308,太子山天然林保护区
Gansu,2045,ssp245,trend,0.115710020065308,甘南藏族自治州
Gansu,2045,ssp245,trend,0.115710020065308,中农发山丹马场
Gansu,2045,ssp245,trend,0.115710020065308,莲花山风景林自然保护区
Gansu,2045,ssp245,trend,0.115710020065308,平凉市
Gansu,2045,ssp245,trend,0.115710020065308,酒泉市
Gansu,2045,ssp245,trend,0.115710020065308,武威市
Gansu,2045,ssp245,trend,0.115710020065308,临夏回族自治州
Gansu,2045,ssp245,trend,0.115710020065308,张掖市
Gansu,2045,ssp245,trend,0.115710020065308,白银市
Gansu,2045,ssp245,trend,0.115710020065308,天水市
Gansu,2045,ssp245,trend,0.115710020065308,嘉峪关市
Gansu,2045,ssp245,trend,0.115710020065308,金昌市
Gansu,2045,ssp245,trend,0.115710020065308,定西市
Gansu,2045,ssp245,trend,0.115710020065308,兰州市
Gansu,2045,ssp245,trend,0.115710020065308,陇南市
Gansu,2050,ssp245,trend,0.128305286169052,庆阳市
Gansu,2050,ssp245,trend,0.128305286169052,太子山天然林保护区
Gansu,2050,ssp245,trend,0.128305286169052,甘南藏族自治州
Gansu,2050,ssp245,trend,0.128305286169052,中农发山丹马场
Gansu,2050,ssp245,trend,0.128305286169052,莲花山风景林自然保护区
Gansu,2050,ssp245,trend,0.128305286169052,平凉市
Gansu,2050,ssp245,trend,0.128305286169052,酒泉市
Gansu,2050,ssp245,trend,0.128305286169052,武威市
Gansu,2050,ssp245,trend,0.128305286169052,临夏回族自治州
Gansu,2050,ssp245,trend,0.128305286169052,张掖市
Gansu,2050,ssp245,trend,0.128305286169052,白银市
Gansu,2050,ssp245,trend,0.128305286169052,天水市
Gansu,2050,ssp245,trend,0.128305286169052,嘉峪关市
Gansu,2050,ssp245,trend,0.128305286169052,金昌市
Gansu,2050,ssp245,trend,0.128305286169052,定西市
Gansu,2050,ssp245,trend,0.128305286169052,兰州市
Gansu,2050,ssp245,trend,0.128305286169052,陇南市
Gansu,2030,ssp585,trend,0.114072293043137,庆阳市
Gansu,2030,ssp585,trend,0.114072293043137,太子山天然林保护区
Gansu,2030,ssp585,trend,0.114072293043137,甘南藏族自治州
Gansu,2030,ssp585,trend,0.114072293043137,中农发山丹马场
Gansu,2030,ssp585,trend,0.114072293043137,莲花山风景林自然保护区
Gansu,2030,ssp585,trend,0.114072293043137,平凉市
Gansu,2030,ssp585,trend,0.114072293043137,酒泉市
Gansu,2030,ssp585,trend,0.114072293043137,武威市
Gansu,2030,ssp585,trend,0.114072293043137,临夏回族自治州
Gansu,2030,ssp585,trend,0.114072293043137,张掖市
Gansu,2030,ssp585,trend,0.114072293043137,白银市
Gansu,2030,ssp585,trend,0.114072293043137,天水市
Gansu,2030,ssp585,trend,0.114072293043137,嘉峪关市
Gansu,2030,ssp585,trend,0.114072293043137,金昌市
Gansu,2030,ssp585,trend,0.114072293043137,定西市
Gansu,2030,ssp585,trend,0.114072293043137,兰州市
Gansu,2030,ssp585,trend,0.114072293043137,陇南市
Gansu,2035,ssp585,trend,0.15520067512989,庆阳市
Gansu,2035,ssp585,trend,0.15520067512989,太子山天然林保护区
Gansu,2035,ssp585,trend,0.15520067512989,甘南藏族自治州
Gansu,2035,ssp585,trend,0.15520067512989,中农发山丹马场
Gansu,2035,ssp585,trend,0.15520067512989,莲花山风景林自然保护区
Gansu,2035,ssp585,trend,0.15520067512989,平凉市
Gansu,2035,ssp585,trend,0.15520067512989,酒泉市
Gansu,2035,ssp585,trend,0.15520067512989,武威市
Gansu,2035,ssp585,trend,0.15520067512989,临夏回族自治州
Gansu,2035,ssp585,trend,0.15520067512989,张掖市
Gansu,2035,ssp585,trend,0.15520067512989,白银市
Gansu,2035,ssp585,trend,0.15520067512989,天水市
Gansu,2035,ssp585,trend,0.15520067512989,嘉峪关市
Gansu,2035,ssp585,trend,0.15520067512989,金昌市
Gansu,2035,ssp585,trend,0.15520067512989,定西市
Gansu,2035,ssp585,trend,0.15520067512989,兰州市
Gansu,2035,ssp585,trend,0.15520067512989,陇南市
Gansu,2040,ssp585,trend,0.0768244862556458,庆阳市
Gansu,2040,ssp585,trend,0.0768244862556458,太子山天然林保护区
Gansu,2040,ssp585,trend,0.0768244862556458,甘南藏族自治州
Gansu,2040,ssp585,trend,0.0768244862556458,中农发山丹马场
Gansu,2040,ssp585,trend,0.0768244862556458,莲花山风景林自然保护区
Gansu,2040,ssp585,trend,0.0768244862556458,平凉市
Gansu,2040,ssp585,trend,0.0768244862556458,酒泉市
Gansu,2040,ssp585,trend,0.0768244862556458,武威市
Gansu,2040,ssp585,trend,0.0768244862556458,临夏回族自治州
Gansu,2040,ssp585,trend,0.0768244862556458,张掖市
Gansu,2040,ssp585,trend,0.0768244862556458,白银市
Gansu,2040,ssp585,trend,0.0768244862556458,天水市
Gansu,2040,ssp585,trend,0.0768244862556458,嘉峪关市
Gansu,2040,ssp585,trend,0.0768244862556458,金昌市
Gansu,2040,ssp585,trend,0.0768244862556458,定西市
Gansu,2040,ssp585,trend,0.0768244862556458,兰州市
Gansu,2040,ssp585,trend,0.0768244862556458,陇南市
Gansu,2045,ssp585,trend,0.0649177432060242,庆阳市
Gansu,2045,ssp585,trend,0.0649177432060242,太子山天然林保护区
Gansu,2045,ssp585,trend,0.0649177432060242,甘南藏族自治州
Gansu,2045,ssp585,trend,0.0649177432060242,中农发山丹马场
Gansu,2045,ssp585,trend,0.0649177432060242,莲花山风景林自然保护区
Gansu,2045,ssp585,trend,0.0649177432060242,平凉市
Gansu,2045,ssp585,trend,0.0649177432060242,酒泉市
Gansu,2045,ssp585,trend,0.0649177432060242,武威市
Gansu,2045,ssp585,trend,0.0649177432060242,临夏回族自治州
Gansu,2045,ssp585,trend,0.0649177432060242,张掖市
Gansu,2045,ssp585,trend,0.0649177432060242,白银市
Gansu,2045,ssp585,trend,0.0649177432060242,天水市
Gansu,2045,ssp585,trend,0.0649177432060242,嘉峪关市
Gansu,2045,ssp585,trend,0.0649177432060242,金昌市
Gansu,2045,ssp585,trend,0.0649177432060242,定西市
Gansu,2045,ssp585,trend,0.0649177432060242,兰州市
Gansu,2045,ssp585,trend,0.0649177432060242,陇南市
Gansu,2050,ssp585,trend,0.0694858431816101,庆阳市
Gansu,2050,ssp585,trend,0.0694858431816101,太子山天然林保护区
Gansu,2050,ssp585,trend,0.0694858431816101,甘南藏族自治州
Gansu,2050,ssp585,trend,0.0694858431816101,中农发山丹马场
Gansu,2050,ssp585,trend,0.0694858431816101,莲花山风景林自然保护区
Gansu,2050,ssp585,trend,0.0694858431816101,平凉市
Gansu,2050,ssp585,trend,0.0694858431816101,酒泉市
Gansu,2050,ssp585,trend,0.0694858431816101,武威市
Gansu,2050,ssp585,trend,0.0694858431816101,临夏回族自治州
Gansu,2050,ssp585,trend,0.0694858431816101,张掖市
Gansu,2050,ssp585,trend,0.0694858431816101,白银市
Gansu,2050,ssp585,trend,0.0694858431816101,天水市
Gansu,2050,ssp585,trend,0.0694858431816101,嘉峪关市
Gansu,2050,ssp585,trend,0.0694858431816101,金昌市
Gansu,2050,ssp585,trend,0.0694858431816101,定西市
Gansu,2050,ssp585,trend,0.0694858431816101,兰州市
Gansu,2050,ssp585,trend,0.0694858431816101,陇南市
Gansu,2030,current,doubled,0.206370249390602,庆阳市
Gansu,2030,current,doubled,0.206370249390602,太子山天然林保护区
Gansu,2030,current,doubled,0.206370249390602,甘南藏族自治州
Gansu,2030,current,doubled,0.206370249390602,中农发山丹马场
Gansu,2030,current,doubled,0.206370249390602,莲花山风景林自然保护区
Gansu,2030,current,doubled,0.206370249390602,平凉市
Gansu,2030,current,doubled,0.206370249390602,酒泉市
Gansu,2030,current,doubled,0.206370249390602,武威市
Gansu,2030,current,doubled,0.206370249390602,临夏回族自治州
Gansu,2030,current,doubled,0.206370249390602,张掖市
Gansu,2030,current,doubled,0.206370249390602,白银市
Gansu,2030,current,doubled,0.206370249390602,天水市
Gansu,2030,current,doubled,0.206370249390602,嘉峪关市
Gansu,2030,current,doubled,0.206370249390602,金昌市
Gansu,2030,current,doubled,0.206370249390602,定西市
Gansu,2030,current,doubled,0.206370249390602,兰州市
Gansu,2030,current,doubled,0.206370249390602,陇南市
Gansu,2035,current,doubled,0.206370249390602,庆阳市
Gansu,2035,current,doubled,0.206370249390602,太子山天然林保护区
Gansu,2035,current,doubled,0.206370249390602,甘南藏族自治州
Gansu,2035,current,doubled,0.206370249390602,中农发山丹马场
Gansu,2035,current,doubled,0.206370249390602,莲花山风景林自然保护区
Gansu,2035,current,doubled,0.206370249390602,平凉市
Gansu,2035,current,doubled,0.206370249390602,酒泉市
Gansu,2035,current,doubled,0.206370249390602,武威市
Gansu,2035,current,doubled,0.206370249390602,临夏回族自治州
Gansu,2035,current,doubled,0.206370249390602,张掖市
Gansu,2035,current,doubled,0.206370249390602,白银市
Gansu,2035,current,doubled,0.206370249390602,天水市
Gansu,2035,current,doubled,0.206370249390602,嘉峪关市
Gansu,2035,current,doubled,0.206370249390602,金昌市
Gansu,2035,current,doubled,0.206370249390602,定西市
Gansu,2035,current,doubled,0.206370249390602,兰州市
Gansu,2035,current,doubled,0.206370249390602,陇南市
Gansu,2040,current,doubled,0.206370249390602,庆阳市
Gansu,2040,current,doubled,0.206370249390602,太子山天然林保护区
Gansu,2040,current,doubled,0.206370249390602,甘南藏族自治州
Gansu,2040,current,doubled,0.206370249390602,中农发山丹马场
Gansu,2040,current,doubled,0.206370249390602,莲花山风景林自然保护区
Gansu,2040,current,doubled,0.206370249390602,平凉市
Gansu,2040,current,doubled,0.206370249390602,酒泉市
Gansu,2040,current,doubled,0.206370249390602,武威市
Gansu,2040,current,doubled,0.206370249390602,临夏回族自治州
Gansu,2040,current,doubled,0.206370249390602,张掖市
Gansu,2040,current,doubled,0.206370249390602,白银市
Gansu,2040,current,doubled,0.206370249390602,天水市
Gansu,2040,current,doubled,0.206370249390602,嘉峪关市
Gansu,2040,current,doubled,0.206370249390602,金昌市
Gansu,2040,current,doubled,0.206370249390602,定西市
Gansu,2040,current,doubled,0.206370249390602,兰州市
Gansu,2040,current,doubled,0.206370249390602,陇南市
Gansu,2045,current,doubled,0.206370249390602,庆阳市
Gansu,2045,current,doubled,0.206370249390602,太子山天然林保护区
Gansu,2045,current,doubled,0.206370249390602,甘南藏族自治州
Gansu,2045,current,doubled,0.206370249390602,中农发山丹马场
Gansu,2045,current,doubled,0.206370249390602,莲花山风景林自然保护区
Gansu,2045,current,doubled,0.206370249390602,平凉市
Gansu,2045,current,doubled,0.206370249390602,酒泉市
Gansu,2045,current,doubled,0.206370249390602,武威市
Gansu,2045,current,doubled,0.206370249390602,临夏回族自治州
Gansu,2045,current,doubled,0.206370249390602,张掖市
Gansu,2045,current,doubled,0.206370249390602,白银市
Gansu,2045,current,doubled,0.206370249390602,天水市
Gansu,2045,current,doubled,0.206370249390602,嘉峪关市
Gansu,2045,current,doubled,0.206370249390602,金昌市
Gansu,2045,current,doubled,0.206370249390602,定西市
Gansu,2045,current,doubled,0.206370249390602,兰州市
Gansu,2045,current,doubled,0.206370249390602,陇南市
Gansu,2050,current,doubled,0.206370249390602,庆阳市
Gansu,2050,current,doubled,0.206370249390602,太子山天然林保护区
Gansu,2050,current,doubled,0.206370249390602,甘南藏族自治州
Gansu,2050,current,doubled,0.206370249390602,中农发山丹马场
Gansu,2050,current,doubled,0.206370249390602,莲花山风景林自然保护区
Gansu,2050,current,doubled,0.206370249390602,平凉市
Gansu,2050,current,doubled,0.206370249390602,酒泉市
Gansu,2050,current,doubled,0.206370249390602,武威市
Gansu,2050,current,doubled,0.206370249390602,临夏回族自治州
Gansu,2050,current,doubled,0.206370249390602,张掖市
Gansu,2050,current,doubled,0.206370249390602,白银市
Gansu,2050,current,doubled,0.206370249390602,天水市
Gansu,2050,current,doubled,0.206370249390602,嘉峪关市
Gansu,2050,current,doubled,0.206370249390602,金昌市
Gansu,2050,current,doubled,0.206370249390602,定西市
Gansu,2050,current,doubled,0.206370249390602,兰州市
Gansu,2050,current,doubled,0.206370249390602,陇南市
Gansu,2030,ssp245,doubled,0.0789883509278297,庆阳市
Gansu,2030,ssp245,doubled,0.0789883509278297,太子山天然林保护区
Gansu,2030,ssp245,doubled,0.0789883509278297,甘南藏族自治州
Gansu,2030,ssp245,doubled,0.0789883509278297,中农发山丹马场
Gansu,2030,ssp245,doubled,0.0789883509278297,莲花山风景林自然保护区
Gansu,2030,ssp245,doubled,0.0789883509278297,平凉市
Gansu,2030,ssp245,doubled,0.0789883509278297,酒泉市
Gansu,2030,ssp245,doubled,0.0789883509278297,武威市
Gansu,2030,ssp245,doubled,0.0789883509278297,临夏回族自治州
Gansu,2030,ssp245,doubled,0.0789883509278297,张掖市
Gansu,2030,ssp245,doubled,0.0789883509278297,白银市
Gansu,2030,ssp245,doubled,0.0789883509278297,天水市
Gansu,2030,ssp245,doubled,0.0789883509278297,嘉峪关市
Gansu,2030,ssp245,doubled,0.0789883509278297,金昌市
Gansu,2030,ssp245,doubled,0.0789883509278297,定西市
Gansu,2030,ssp245,doubled,0.0789883509278297,兰州市
Gansu,2030,ssp245,doubled,0.0789883509278297,陇南市
Gansu,2035,ssp245,doubled,0.14285971224308,庆阳市
Gansu,2035,ssp245,doubled,0.14285971224308,太子山天然林保护区
Gansu,2035,ssp245,doubled,0.14285971224308,甘南藏族自治州
Gansu,2035,ssp245,doubled,0.14285971224308,中农发山丹马场
Gansu,2035,ssp245,doubled,0.14285971224308,莲花山风景林自然保护区
Gansu,2035,ssp245,doubled,0.14285971224308,平凉市
Gansu,2035,ssp245,doubled,0.14285971224308,酒泉市
Gansu,2035,ssp245,doubled,0.14285971224308,武威市
Gansu,2035,ssp245,doubled,0.14285971224308,临夏回族自治州
Gansu,2035,ssp245,doubled,0.14285971224308,张掖市
Gansu,2035,ssp245,doubled,0.14285971224308,白银市
Gansu,2035,ssp245,doubled,0.14285971224308,天水市
Gansu,2035,ssp245,doubled,0.14285971224308,嘉峪关市
Gansu,2035,ssp245,doubled,0.14285971224308,金昌市
Gansu,2035,ssp245,doubled,0.14285971224308,定西市
Gansu,2035,ssp245,doubled,0.14285971224308,兰州市
Gansu,2035,ssp245,doubled,0.14285971224308,陇南市
Gansu,2040,ssp245,doubled,0.0495446883141995,庆阳市
Gansu,2040,ssp245,doubled,0.0495446883141995,太子山天然林保护区
Gansu,2040,ssp245,doubled,0.0495446883141995,甘南藏族自治州
Gansu,2040,ssp245,doubled,0.0495446883141995,中农发山丹马场
Gansu,2040,ssp245,doubled,0.0495446883141995,莲花山风景林自然保护区
Gansu,2040,ssp245,doubled,0.0495446883141995,平凉市
Gansu,2040,ssp245,doubled,0.0495446883141995,酒泉市
Gansu,2040,ssp245,doubled,0.0495446883141995,武威市
Gansu,2040,ssp245,doubled,0.0495446883141995,临夏回族自治州
Gansu,2040,ssp245,doubled,0.0495446883141995,张掖市
Gansu,2040,ssp245,doubled,0.0495446883141995,白银市
Gansu,2040,ssp245,doubled,0.0495446883141995,天水市
Gansu,2040,ssp245,doubled,0.0495446883141995,嘉峪关市
Gansu,2040,ssp245,doubled,0.0495446883141995,金昌市
Gansu,2040,ssp245,doubled,0.0495446883141995,定西市
Gansu,2040,ssp245,doubled,0.0495446883141995,兰州市
Gansu,2040,ssp245,doubled,0.0495446883141995,陇南市
Gansu,2045,ssp245,doubled,0.120086267590523,庆阳市
Gansu,2045,ssp245,doubled,0.120086267590523,太子山天然林保护区
Gansu,2045,ssp245,doubled,0.120086267590523,甘南藏族自治州
Gansu,2045,ssp245,doubled,0.120086267590523,中农发山丹马场
Gansu,2045,ssp245,doubled,0.120086267590523,莲花山风景林自然保护区
Gansu,2045,ssp245,doubled,0.120086267590523,平凉市
Gansu,2045,ssp245,doubled,0.120086267590523,酒泉市
Gansu,2045,ssp245,doubled,0.120086267590523,武威市
Gansu,2045,ssp245,doubled,0.120086267590523,临夏回族自治州
Gansu,2045,ssp245,doubled,0.120086267590523,张掖市
Gansu,2045,ssp245,doubled,0.120086267590523,白银市
Gansu,2045,ssp245,doubled,0.120086267590523,天水市
Gansu,2045,ssp245,doubled,0.120086267590523,嘉峪关市
Gansu,2045,ssp245,doubled,0.120086267590523,金昌市
Gansu,2045,ssp245,doubled,0.120086267590523,定西市
Gansu,2045,ssp245,doubled,0.120086267590523,兰州市
Gansu,2045,ssp245,doubled,0.120086267590523,陇南市
Gansu,2050,ssp245,doubled,0.194844365119934,庆阳市
Gansu,2050,ssp245,doubled,0.194844365119934,太子山天然林保护区
Gansu,2050,ssp245,doubled,0.194844365119934,甘南藏族自治州
Gansu,2050,ssp245,doubled,0.194844365119934,中农发山丹马场
Gansu,2050,ssp245,doubled,0.194844365119934,莲花山风景林自然保护区
Gansu,2050,ssp245,doubled,0.194844365119934,平凉市
Gansu,2050,ssp245,doubled,0.194844365119934,酒泉市
Gansu,2050,ssp245,doubled,0.194844365119934,武威市
Gansu,2050,ssp245,doubled,0.194844365119934,临夏回族自治州
Gansu,2050,ssp245,doubled,0.194844365119934,张掖市
Gansu,2050,ssp245,doubled,0.194844365119934,白银市
Gansu,2050,ssp245,doubled,0.194844365119934,天水市
Gansu,2050,ssp245,doubled,0.194844365119934,嘉峪关市
Gansu,2050,ssp245,doubled,0.194844365119934,金昌市
Gansu,2050,ssp245,doubled,0.194844365119934,定西市
Gansu,2050,ssp245,doubled,0.194844365119934,兰州市
Gansu,2050,ssp245,doubled,0.194844365119934,陇南市
Gansu,2030,ssp585,doubled,0.0495446883141995,庆阳市
Gansu,2030,ssp585,doubled,0.0495446883141995,太子山天然林保护区
Gansu,2030,ssp585,doubled,0.0495446883141995,甘南藏族自治州
Gansu,2030,ssp585,doubled,0.0495446883141995,中农发山丹马场
Gansu,2030,ssp585,doubled,0.0495446883141995,莲花山风景林自然保护区
Gansu,2030,ssp585,doubled,0.0495446883141995,平凉市
Gansu,2030,ssp585,doubled,0.0495446883141995,酒泉市
Gansu,2030,ssp585,doubled,0.0495446883141995,武威市
Gansu,2030,ssp585,doubled,0.0495446883141995,临夏回族自治州
Gansu,2030,ssp585,doubled,0.0495446883141995,张掖市
Gansu,2030,ssp585,doubled,0.0495446883141995,白银市
Gansu,2030,ssp585,doubled,0.0495446883141995,天水市
Gansu,2030,ssp585,doubled,0.0495446883141995,嘉峪关市
Gansu,2030,ssp585,doubled,0.0495446883141995,金昌市
Gansu,2030,ssp585,doubled,0.0495446883141995,定西市
Gansu,2030,ssp585,doubled,0.0495446883141995,兰州市
Gansu,2030,ssp585,doubled,0.0495446883141995,陇南市
Gansu,2035,ssp585,doubled,0.13760669529438,庆阳市
Gansu,2035,ssp585,doubled,0.13760669529438,太子山天然林保护区
Gansu,2035,ssp585,doubled,0.13760669529438,甘南藏族自治州
Gansu,2035,ssp585,doubled,0.13760669529438,中农发山丹马场
Gansu,2035,ssp585,doubled,0.13760669529438,莲花山风景林自然保护区
Gansu,2035,ssp585,doubled,0.13760669529438,平凉市
Gansu,2035,ssp585,doubled,0.13760669529438,酒泉市
Gansu,2035,ssp585,doubled,0.13760669529438,武威市
Gansu,2035,ssp585,doubled,0.13760669529438,临夏回族自治州
Gansu,2035,ssp585,doubled,0.13760669529438,张掖市
Gansu,2035,ssp585,doubled,0.13760669529438,白银市
Gansu,2035,ssp585,doubled,0.13760669529438,天水市
Gansu,2035,ssp585,doubled,0.13760669529438,嘉峪关市
Gansu,2035,ssp585,doubled,0.13760669529438,金昌市
Gansu,2035,ssp585,doubled,0.13760669529438,定西市
Gansu,2035,ssp585,doubled,0.13760669529438,兰州市
Gansu,2035,ssp585,doubled,0.13760669529438,陇南市
Gansu,2040,ssp585,doubled,0.0778673514723778,庆阳市
Gansu,2040,ssp585,doubled,0.0778673514723778,太子山天然林保护区
Gansu,2040,ssp585,doubled,0.0778673514723778,甘南藏族自治州
Gansu,2040,ssp585,doubled,0.0778673514723778,中农发山丹马场
Gansu,2040,ssp585,doubled,0.0778673514723778,莲花山风景林自然保护区
Gansu,2040,ssp585,doubled,0.0778673514723778,平凉市
Gansu,2040,ssp585,doubled,0.0778673514723778,酒泉市
Gansu,2040,ssp585,doubled,0.0778673514723778,武威市
Gansu,2040,ssp585,doubled,0.0778673514723778,临夏回族自治州
Gansu,2040,ssp585,doubled,0.0778673514723778,张掖市
Gansu,2040,ssp585,doubled,0.0778673514723778,白银市
Gansu,2040,ssp585,doubled,0.0778673514723778,天水市
Gansu,2040,ssp585,doubled,0.0778673514723778,嘉峪关市
Gansu,2040,ssp585,doubled,0.0778673514723778,金昌市
Gansu,2040,ssp585,doubled,0.0778673514723778,定西市
Gansu,2040,ssp585,doubled,0.0778673514723778,兰州市
Gansu,2040,ssp585,doubled,0.0778673514723778,陇南市
Gansu,2045,ssp585,doubled,0.0926444381475449,庆阳市
Gansu,2045,ssp585,doubled,0.0926444381475449,太子山天然林保护区
Gansu,2045,ssp585,doubled,0.0926444381475449,甘南藏族自治州
Gansu,2045,ssp585,doubled,0.0926444381475449,中农发山丹马场
Gansu,2045,ssp585,doubled,0.0926444381475449,莲花山风景林自然保护区
Gansu,2045,ssp585,doubled,0.0926444381475449,平凉市
Gansu,2045,ssp585,doubled,0.0926444381475449,酒泉市
Gansu,2045,ssp585,doubled,0.0926444381475449,武威市
Gansu,2045,ssp585,doubled,0.0926444381475449,临夏回族自治州
Gansu,2045,ssp585,doubled,0.0926444381475449,张掖市
Gansu,2045,ssp585,doubled,0.0926444381475449,白银市
Gansu,2045,ssp585,doubled,0.0926444381475449,天水市
Gansu,2045,ssp585,doubled,0.0926444381475449,嘉峪关市
Gansu,2045,ssp585,doubled,0.0926444381475449,金昌市
Gansu,2045,ssp585,doubled,0.0926444381475449,定西市
Gansu,2045,ssp585,doubled,0.0926444381475449,兰州市
Gansu,2045,ssp585,doubled,0.0926444381475449,陇南市
Gansu,2050,ssp585,doubled,0.11363311111927,庆阳市
Gansu,2050,ssp585,doubled,0.11363311111927,太子山天然林保护区
Gansu,2050,ssp585,doubled,0.11363311111927,甘南藏族自治州
Gansu,2050,ssp585,doubled,0.11363311111927,中农发山丹马场
Gansu,2050,ssp585,doubled,0.11363311111927,莲花山风景林自然保护区
Gansu,2050,ssp585,doubled,0.11363311111927,平凉市
Gansu,2050,ssp585,doubled,0.11363311111927,酒泉市
Gansu,2050,ssp585,doubled,0.11363311111927,武威市
Gansu,2050,ssp585,doubled,0.11363311111927,临夏回族自治州
Gansu,2050,ssp585,doubled,0.11363311111927,张掖市
Gansu,2050,ssp585,doubled,0.11363311111927,白银市
Gansu,2050,ssp585,doubled,0.11363311111927,天水市
Gansu,2050,ssp585,doubled,0.11363311111927,嘉峪关市
Gansu,2050,ssp585,doubled,0.11363311111927,金昌市
Gansu,2050,ssp585,doubled,0.11363311111927,定西市
Gansu,2050,ssp585,doubled,0.11363311111927,兰州市
Gansu,2050,ssp585,doubled,0.11363311111927,陇南市
Guangdong,2030,current,baseline,0.364342957735062,梅州市
Guangdong,2030,current,baseline,0.364342957735062,深圳市
Guangdong,2030,current,baseline,0.364342957735062,汕尾市
Guangdong,2030,current,baseline,0.364342957735062,珠海市
Guangdong,2030,current,baseline,0.364342957735062,河源市
Guangdong,2030,current,baseline,0.364342957735062,汕头市
Guangdong,2030,current,baseline,0.364342957735062,阳江市
Guangdong,2030,current,baseline,0.364342957735062,佛山市
Guangdong,2030,current,baseline,0.364342957735062,肇庆市
Guangdong,2030,current,baseline,0.364342957735062,广州市
Guangdong,2030,current,baseline,0.364342957735062,惠州市
Guangdong,2030,current,baseline,0.364342957735062,韶关市
Guangdong,2030,current,baseline,0.364342957735062,揭阳市
Guangdong,2030,current,baseline,0.364342957735062,云浮市
Guangdong,2030,current,baseline,0.364342957735062,中山市
Guangdong,2030,current,baseline,0.364342957735062,清远市
Guangdong,2030,current,baseline,0.364342957735062,江门市
Guangdong,2030,current,baseline,0.364342957735062,东莞市
Guangdong,2030,current,baseline,0.364342957735062,湛江市
Guangdong,2030,current,baseline,0.364342957735062,茂名市
Guangdong,2030,current,baseline,0.364342957735062,潮州市
Guangdong,2035,current,baseline,0.364342957735062,梅州市
Guangdong,2035,current,baseline,0.364342957735062,深圳市
Guangdong,2035,current,baseline,0.364342957735062,汕尾市
Guangdong,2035,current,baseline,0.364342957735062,珠海市
Guangdong,2035,current,baseline,0.364342957735062,河源市
Guangdong,2035,current,baseline,0.364342957735062,汕头市
Guangdong,2035,current,baseline,0.364342957735062,阳江市
Guangdong,2035,current,baseline,0.364342957735062,佛山市
Guangdong,2035,current,baseline,0.364342957735062,肇庆市
Guangdong,2035,current,baseline,0.364342957735062,广州市
Guangdong,2035,current,baseline,0.364342957735062,惠州市
Guangdong,2035,current,baseline,0.364342957735062,韶关市
Guangdong,2035,current,baseline,0.364342957735062,揭阳市
Guangdong,2035,current,baseline,0.364342957735062,云浮市
Guangdong,2035,current,baseline,0.364342957735062,中山市
Guangdong,2035,current,baseline,0.364342957735062,清远市
Guangdong,2035,current,baseline,0.364342957735062,江门市
Guangdong,2035,current,baseline,0.364342957735062,东莞市
Guangdong,2035,current,baseline,0.364342957735062,湛江市
Guangdong,2035,current,baseline,0.364342957735062,茂名市
Guangdong,2035,current,baseline,0.364342957735062,潮州市
Guangdong,2040,current,baseline,0.364342957735062,梅州市
Guangdong,2040,current,baseline,0.364342957735062,深圳市
Guangdong,2040,current,baseline,0.364342957735062,汕尾市
Guangdong,2040,current,baseline,0.364342957735062,珠海市
Guangdong,2040,current,baseline,0.364342957735062,河源市
Guangdong,2040,current,baseline,0.364342957735062,汕头市
Guangdong,2040,current,baseline,0.364342957735062,阳江市
Guangdong,2040,current,baseline,0.364342957735062,佛山市
Guangdong,2040,current,baseline,0.364342957735062,肇庆市
Guangdong,2040,current,baseline,0.364342957735062,广州市
Guangdong,2040,current,baseline,0.364342957735062,惠州市
Guangdong,2040,current,baseline,0.364342957735062,韶关市
Guangdong,2040,current,baseline,0.364342957735062,揭阳市
Guangdong,2040,current,baseline,0.364342957735062,云浮市
Guangdong,2040,current,baseline,0.364342957735062,中山市
Guangdong,2040,current,baseline,0.364342957735062,清远市
Guangdong,2040,current,baseline,0.364342957735062,江门市
Guangdong,2040,current,baseline,0.364342957735062,东莞市
Guangdong,2040,current,baseline,0.364342957735062,湛江市
Guangdong,2040,current,baseline,0.364342957735062,茂名市
Guangdong,2040,current,baseline,0.364342957735062,潮州市
Guangdong,2045,current,baseline,0.364342957735062,梅州市
Guangdong,2045,current,baseline,0.364342957735062,深圳市
Guangdong,2045,current,baseline,0.364342957735062,汕尾市
Guangdong,2045,current,baseline,0.364342957735062,珠海市
Guangdong,2045,current,baseline,0.364342957735062,河源市
Guangdong,2045,current,baseline,0.364342957735062,汕头市
Guangdong,2045,current,baseline,0.364342957735062,阳江市
Guangdong,2045,current,baseline,0.364342957735062,佛山市
Guangdong,2045,current,baseline,0.364342957735062,肇庆市
Guangdong,2045,current,baseline,0.364342957735062,广州市
Guangdong,2045,current,baseline,0.364342957735062,惠州市
Guangdong,2045,current,baseline,0.364342957735062,韶关市
Guangdong,2045,current,baseline,0.364342957735062,揭阳市
Guangdong,2045,current,baseline,0.364342957735062,云浮市
Guangdong,2045,current,baseline,0.364342957735062,中山市
Guangdong,2045,current,baseline,0.364342957735062,清远市
Guangdong,2045,current,baseline,0.364342957735062,江门市
Guangdong,2045,current,baseline,0.364342957735062,东莞市
Guangdong,2045,current,baseline,0.364342957735062,湛江市
Guangdong,2045,current,baseline,0.364342957735062,茂名市
Guangdong,2045,current,baseline,0.364342957735062,潮州市
Guangdong,2050,current,baseline,0.364342957735062,梅州市
Guangdong,2050,current,baseline,0.364342957735062,深圳市
Guangdong,2050,current,baseline,0.364342957735062,汕尾市
Guangdong,2050,current,baseline,0.364342957735062,珠海市
Guangdong,2050,current,baseline,0.364342957735062,河源市
Guangdong,2050,current,baseline,0.364342957735062,汕头市
Guangdong,2050,current,baseline,0.364342957735062,阳江市
Guangdong,2050,current,baseline,0.364342957735062,佛山市
Guangdong,2050,current,baseline,0.364342957735062,肇庆市
Guangdong,2050,current,baseline,0.364342957735062,广州市
Guangdong,2050,current,baseline,0.364342957735062,惠州市
Guangdong,2050,current,baseline,0.364342957735062,韶关市
Guangdong,2050,current,baseline,0.364342957735062,揭阳市
Guangdong,2050,current,baseline,0.364342957735062,云浮市
Guangdong,2050,current,baseline,0.364342957735062,中山市
Guangdong,2050,current,baseline,0.364342957735062,清远市
Guangdong,2050,current,baseline,0.364342957735062,江门市
Guangdong,2050,current,baseline,0.364342957735062,东莞市
Guangdong,2050,current,baseline,0.364342957735062,湛江市
Guangdong,2050,current,baseline,0.364342957735062,茂名市
Guangdong,2050,current,baseline,0.364342957735062,潮州市
Guangdong,2030,ssp245,baseline,0.125067323446274,梅州市
Guangdong,2030,ssp245,baseline,0.125067323446274,深圳市
Guangdong,2030,ssp245,baseline,0.125067323446274,汕尾市
Guangdong,2030,ssp245,baseline,0.125067323446274,珠海市
Guangdong,2030,ssp245,baseline,0.125067323446274,河源市
Guangdong,2030,ssp245,baseline,0.125067323446274,汕头市
Guangdong,2030,ssp245,baseline,0.125067323446274,阳江市
Guangdong,2030,ssp245,baseline,0.125067323446274,佛山市
Guangdong,2030,ssp245,baseline,0.125067323446274,肇庆市
Guangdong,2030,ssp245,baseline,0.125067323446274,广州市
Guangdong,2030,ssp245,baseline,0.125067323446274,惠州市
Guangdong,2030,ssp245,baseline,0.125067323446274,韶关市
Guangdong,2030,ssp245,baseline,0.125067323446274,揭阳市
Guangdong,2030,ssp245,baseline,0.125067323446274,云浮市
Guangdong,2030,ssp245,baseline,0.125067323446274,中山市
Guangdong,2030,ssp245,baseline,0.125067323446274,清远市
Guangdong,2030,ssp245,baseline,0.125067323446274,江门市
Guangdong,2030,ssp245,baseline,0.125067323446274,东莞市
Guangdong,2030,ssp245,baseline,0.125067323446274,湛江市
Guangdong,2030,ssp245,baseline,0.125067323446274,茂名市
Guangdong,2030,ssp245,baseline,0.125067323446274,潮州市
Guangdong,2035,ssp245,baseline,0.104948759078979,梅州市
Guangdong,2035,ssp245,baseline,0.104948759078979,深圳市
Guangdong,2035,ssp245,baseline,0.104948759078979,汕尾市
Guangdong,2035,ssp245,baseline,0.104948759078979,珠海市
Guangdong,2035,ssp245,baseline,0.104948759078979,河源市
Guangdong,2035,ssp245,baseline,0.104948759078979,汕头市
Guangdong,2035,ssp245,baseline,0.104948759078979,阳江市
Guangdong,2035,ssp245,baseline,0.104948759078979,佛山市
Guangdong,2035,ssp245,baseline,0.104948759078979,肇庆市
Guangdong,2035,ssp245,baseline,0.104948759078979,广州市
Guangdong,2035,ssp245,baseline,0.104948759078979,惠州市
Guangdong,2035,ssp245,baseline,0.104948759078979,韶关市
Guangdong,2035,ssp245,baseline,0.104948759078979,揭阳市
Guangdong,2035,ssp245,baseline,0.104948759078979,云浮市
Guangdong,2035,ssp245,baseline,0.104948759078979,中山市
Guangdong,2035,ssp245,baseline,0.104948759078979,清远市
Guangdong,2035,ssp245,baseline,0.104948759078979,江门市
Guangdong,2035,ssp245,baseline,0.104948759078979,东莞市
Guangdong,2035,ssp245,baseline,0.104948759078979,湛江市
Guangdong,2035,ssp245,baseline,0.104948759078979,茂名市
Guangdong,2035,ssp245,baseline,0.104948759078979,潮州市
Guangdong,2040,ssp245,baseline,0.0480690523982048,梅州市
Guangdong,2040,ssp245,baseline,0.0480690523982048,深圳市
Guangdong,2040,ssp245,baseline,0.0480690523982048,汕尾市
Guangdong,2040,ssp245,baseline,0.0480690523982048,珠海市
Guangdong,2040,ssp245,baseline,0.0480690523982048,河源市
Guangdong,2040,ssp245,baseline,0.0480690523982048,汕头市
Guangdong,2040,ssp245,baseline,0.0480690523982048,阳江市
Guangdong,2040,ssp245,baseline,0.0480690523982048,佛山市
Guangdong,2040,ssp245,baseline,0.0480690523982048,肇庆市
Guangdong,2040,ssp245,baseline,0.0480690523982048,广州市
Guangdong,2040,ssp245,baseline,0.0480690523982048,惠州市
Guangdong,2040,ssp245,baseline,0.0480690523982048,韶关市
Guangdong,2040,ssp245,baseline,0.0480690523982048,揭阳市
Guangdong,2040,ssp245,baseline,0.0480690523982048,云浮市
Guangdong,2040,ssp245,baseline,0.0480690523982048,中山市
Guangdong,2040,ssp245,baseline,0.0480690523982048,清远市
Guangdong,2040,ssp245,baseline,0.0480690523982048,江门市
Guangdong,2040,ssp245,baseline,0.0480690523982048,东莞市
Guangdong,2040,ssp245,baseline,0.0480690523982048,湛江市
Guangdong,2040,ssp245,baseline,0.0480690523982048,茂名市
Guangdong,2040,ssp245,baseline,0.0480690523982048,潮州市
Guangdong,2045,ssp245,baseline,0.155549138784409,梅州市
Guangdong,2045,ssp245,baseline,0.155549138784409,深圳市
Guangdong,2045,ssp245,baseline,0.155549138784409,汕尾市
Guangdong,2045,ssp245,baseline,0.155549138784409,珠海市
Guangdong,2045,ssp245,baseline,0.155549138784409,河源市
Guangdong,2045,ssp245,baseline,0.155549138784409,汕头市
Guangdong,2045,ssp245,baseline,0.155549138784409,阳江市
Guangdong,2045,ssp245,baseline,0.155549138784409,佛山市
Guangdong,2045,ssp245,baseline,0.155549138784409,肇庆市
Guangdong,2045,ssp245,baseline,0.155549138784409,广州市
Guangdong,2045,ssp245,baseline,0.155549138784409,惠州市
Guangdong,2045,ssp245,baseline,0.155549138784409,韶关市
Guangdong,2045,ssp245,baseline,0.155549138784409,揭阳市
Guangdong,2045,ssp245,baseline,0.155549138784409,云浮市
Guangdong,2045,ssp245,baseline,0.155549138784409,中山市
Guangdong,2045,ssp245,baseline,0.155549138784409,清远市
Guangdong,2045,ssp245,baseline,0.155549138784409,江门市
Guangdong,2045,ssp245,baseline,0.155549138784409,东莞市
Guangdong,2045,ssp245,baseline,0.155549138784409,湛江市
Guangdong,2045,ssp245,baseline,0.155549138784409,茂名市
Guangdong,2045,ssp245,baseline,0.155549138784409,潮州市
Guangdong,2050,ssp245,baseline,0.136868789792061,梅州市
Guangdong,2050,ssp245,baseline,0.136868789792061,深圳市
Guangdong,2050,ssp245,baseline,0.136868789792061,汕尾市
Guangdong,2050,ssp245,baseline,0.136868789792061,珠海市
Guangdong,2050,ssp245,baseline,0.136868789792061,河源市
Guangdong,2050,ssp245,baseline,0.136868789792061,汕头市
Guangdong,2050,ssp245,baseline,0.136868789792061,阳江市
Guangdong,2050,ssp245,baseline,0.136868789792061,佛山市
Guangdong,2050,ssp245,baseline,0.136868789792061,肇庆市
Guangdong,2050,ssp245,baseline,0.136868789792061,广州市
Guangdong,2050,ssp245,baseline,0.136868789792061,惠州市
Guangdong,2050,ssp245,baseline,0.136868789792061,韶关市
Guangdong,2050,ssp245,baseline,0.136868789792061,揭阳市
Guangdong,2050,ssp245,baseline,0.136868789792061,云浮市
Guangdong,2050,ssp245,baseline,0.136868789792061,中山市
Guangdong,2050,ssp245,baseline,0.136868789792061,清远市
Guangdong,2050,ssp245,baseline,0.136868789792061,江门市
Guangdong,2050,ssp245,baseline,0.136868789792061,东莞市
Guangdong,2050,ssp245,baseline,0.136868789792061,湛江市
Guangdong,2050,ssp245,baseline,0.136868789792061,茂名市
Guangdong,2050,ssp245,baseline,0.136868789792061,潮州市
Guangdong,2030,ssp585,baseline,0.0480690523982048,梅州市
Guangdong,2030,ssp585,baseline,0.0480690523982048,深圳市
Guangdong,2030,ssp585,baseline,0.0480690523982048,汕尾市
Guangdong,2030,ssp585,baseline,0.0480690523982048,珠海市
Guangdong,2030,ssp585,baseline,0.0480690523982048,河源市
Guangdong,2030,ssp585,baseline,0.0480690523982048,汕头市
Guangdong,2030,ssp585,baseline,0.0480690523982048,阳江市
Guangdong,2030,ssp585,baseline,0.0480690523982048,佛山市
Guangdong,2030,ssp585,baseline,0.0480690523982048,肇庆市
Guangdong,2030,ssp585,baseline,0.0480690523982048,广州市
Guangdong,2030,ssp585,baseline,0.0480690523982048,惠州市
Guangdong,2030,ssp585,baseline,0.0480690523982048,韶关市
Guangdong,2030,ssp585,baseline,0.0480690523982048,揭阳市
Guangdong,2030,ssp585,baseline,0.0480690523982048,云浮市
Guangdong,2030,ssp585,baseline,0.0480690523982048,中山市
Guangdong,2030,ssp585,baseline,0.0480690523982048,清远市
Guangdong,2030,ssp585,baseline,0.0480690523982048,江门市
Guangdong,2030,ssp585,baseline,0.0480690523982048,东莞市
Guangdong,2030,ssp585,baseline,0.0480690523982048,湛江市
Guangdong,2030,ssp585,baseline,0.0480690523982048,茂名市
Guangdong,2030,ssp585,baseline,0.0480690523982048,潮州市
Guangdong,2035,ssp585,baseline,0.299732625484467,梅州市
Guangdong,2035,ssp585,baseline,0.299732625484467,深圳市
Guangdong,2035,ssp585,baseline,0.299732625484467,汕尾市
Guangdong,2035,ssp585,baseline,0.299732625484467,珠海市
Guangdong,2035,ssp585,baseline,0.299732625484467,河源市
Guangdong,2035,ssp585,baseline,0.299732625484467,汕头市
Guangdong,2035,ssp585,baseline,0.299732625484467,阳江市
Guangdong,2035,ssp585,baseline,0.299732625484467,佛山市
Guangdong,2035,ssp585,baseline,0.299732625484467,肇庆市
Guangdong,2035,ssp585,baseline,0.299732625484467,广州市
Guangdong,2035,ssp585,baseline,0.299732625484467,惠州市
Guangdong,2035,ssp585,baseline,0.299732625484467,韶关市
Guangdong,2035,ssp585,baseline,0.299732625484467,揭阳市
Guangdong,2035,ssp585,baseline,0.299732625484467,云浮市
Guangdong,2035,ssp585,baseline,0.299732625484467,中山市
Guangdong,2035,ssp585,baseline,0.299732625484467,清远市
Guangdong,2035,ssp585,baseline,0.299732625484467,江门市
Guangdong,2035,ssp585,baseline,0.299732625484467,东莞市
Guangdong,2035,ssp585,baseline,0.299732625484467,湛江市
Guangdong,2035,ssp585,baseline,0.299732625484467,茂名市
Guangdong,2035,ssp585,baseline,0.299732625484467,潮州市
Guangdong,2040,ssp585,baseline,0.0760039836168289,梅州市
Guangdong,2040,ssp585,baseline,0.0760039836168289,深圳市
Guangdong,2040,ssp585,baseline,0.0760039836168289,汕尾市
Guangdong,2040,ssp585,baseline,0.0760039836168289,珠海市
Guangdong,2040,ssp585,baseline,0.0760039836168289,河源市
Guangdong,2040,ssp585,baseline,0.0760039836168289,汕头市
Guangdong,2040,ssp585,baseline,0.0760039836168289,阳江市
Guangdong,2040,ssp585,baseline,0.0760039836168289,佛山市
Guangdong,2040,ssp585,baseline,0.0760039836168289,肇庆市
Guangdong,2040,ssp585,baseline,0.0760039836168289,广州市
Guangdong,2040,ssp585,baseline,0.0760039836168289,惠州市
Guangdong,2040,ssp585,baseline,0.0760039836168289,韶关市
Guangdong,2040,ssp585,baseline,0.0760039836168289,揭阳市
Guangdong,2040,ssp585,baseline,0.0760039836168289,云浮市
Guangdong,2040,ssp585,baseline,0.0760039836168289,中山市
Guangdong,2040,ssp585,baseline,0.0760039836168289,清远市
Guangdong,2040,ssp585,baseline,0.0760039836168289,江门市
Guangdong,2040,ssp585,baseline,0.0760039836168289,东莞市
Guangdong,2040,ssp585,baseline,0.0760039836168289,湛江市
Guangdong,2040,ssp585,baseline,0.0760039836168289,茂名市
Guangdong,2040,ssp585,baseline,0.0760039836168289,潮州市
Guangdong,2045,ssp585,baseline,0.160845026373863,梅州市
Guangdong,2045,ssp585,baseline,0.160845026373863,深圳市
Guangdong,2045,ssp585,baseline,0.160845026373863,汕尾市
Guangdong,2045,ssp585,baseline,0.160845026373863,珠海市
Guangdong,2045,ssp585,baseline,0.160845026373863,河源市
Guangdong,2045,ssp585,baseline,0.160845026373863,汕头市
Guangdong,2045,ssp585,baseline,0.160845026373863,阳江市
Guangdong,2045,ssp585,baseline,0.160845026373863,佛山市
Guangdong,2045,ssp585,baseline,0.160845026373863,肇庆市
Guangdong,2045,ssp585,baseline,0.160845026373863,广州市
Guangdong,2045,ssp585,baseline,0.160845026373863,惠州市
Guangdong,2045,ssp585,baseline,0.160845026373863,韶关市
Guangdong,2045,ssp585,baseline,0.160845026373863,揭阳市
Guangdong,2045,ssp585,baseline,0.160845026373863,云浮市
Guangdong,2045,ssp585,baseline,0.160845026373863,中山市
Guangdong,2045,ssp585,baseline,0.160845026373863,清远市
Guangdong,2045,ssp585,baseline,0.160845026373863,江门市
Guangdong,2045,ssp585,baseline,0.160845026373863,东莞市
Guangdong,2045,ssp585,baseline,0.160845026373863,湛江市
Guangdong,2045,ssp585,baseline,0.160845026373863,茂名市
Guangdong,2045,ssp585,baseline,0.160845026373863,潮州市
Guangdong,2050,ssp585,baseline,0.0889369323849678,梅州市
Guangdong,2050,ssp585,baseline,0.0889369323849678,深圳市
Guangdong,2050,ssp585,baseline,0.0889369323849678,汕尾市
Guangdong,2050,ssp585,baseline,0.0889369323849678,珠海市
Guangdong,2050,ssp585,baseline,0.0889369323849678,河源市
Guangdong,2050,ssp585,baseline,0.0889369323849678,汕头市
Guangdong,2050,ssp585,baseline,0.0889369323849678,阳江市
Guangdong,2050,ssp585,baseline,0.0889369323849678,佛山市
Guangdong,2050,ssp585,baseline,0.0889369323849678,肇庆市
Guangdong,2050,ssp585,baseline,0.0889369323849678,广州市
Guangdong,2050,ssp585,baseline,0.0889369323849678,惠州市
Guangdong,2050,ssp585,baseline,0.0889369323849678,韶关市
Guangdong,2050,ssp585,baseline,0.0889369323849678,揭阳市
Guangdong,2050,ssp585,baseline,0.0889369323849678,云浮市
Guangdong,2050,ssp585,baseline,0.0889369323849678,中山市
Guangdong,2050,ssp585,baseline,0.0889369323849678,清远市
Guangdong,2050,ssp585,baseline,0.0889369323849678,江门市
Guangdong,2050,ssp585,baseline,0.0889369323849678,东莞市
Guangdong,2050,ssp585,baseline,0.0889369323849678,湛江市
Guangdong,2050,ssp585,baseline,0.0889369323849678,茂名市
Guangdong,2050,ssp585,baseline,0.0889369323849678,潮州市
Guangdong,2030,current,trend,0.271800339221954,梅州市
Guangdong,2030,current,trend,0.271800339221954,深圳市
Guangdong,2030,current,trend,0.271800339221954,汕尾市
Guangdong,2030,current,trend,0.271800339221954,珠海市
Guangdong,2030,current,trend,0.271800339221954,河源市
Guangdong,2030,current,trend,0.271800339221954,汕头市
Guangdong,2030,current,trend,0.271800339221954,阳江市
Guangdong,2030,current,trend,0.271800339221954,佛山市
Guangdong,2030,current,trend,0.271800339221954,肇庆市
Guangdong,2030,current,trend,0.271800339221954,广州市
Guangdong,2030,current,trend,0.271800339221954,惠州市
Guangdong,2030,current,trend,0.271800339221954,韶关市
Guangdong,2030,current,trend,0.271800339221954,揭阳市
Guangdong,2030,current,trend,0.271800339221954,云浮市
Guangdong,2030,current,trend,0.271800339221954,中山市
Guangdong,2030,current,trend,0.271800339221954,清远市
Guangdong,2030,current,trend,0.271800339221954,江门市
Guangdong,2030,current,trend,0.271800339221954,东莞市
Guangdong,2030,current,trend,0.271800339221954,湛江市
Guangdong,2030,current,trend,0.271800339221954,茂名市
Guangdong,2030,current,trend,0.271800339221954,潮州市
Guangdong,2035,current,trend,0.242397740483284,梅州市
Guangdong,2035,current,trend,0.242397740483284,深圳市
Guangdong,2035,current,trend,0.242397740483284,汕尾市
Guangdong,2035,current,trend,0.242397740483284,珠海市
Guangdong,2035,current,trend,0.242397740483284,河源市
Guangdong,2035,current,trend,0.242397740483284,汕头市
Guangdong,2035,current,trend,0.242397740483284,阳江市
Guangdong,2035,current,trend,0.242397740483284,佛山市
Guangdong,2035,current,trend,0.242397740483284,肇庆市
Guangdong,2035,current,trend,0.242397740483284,广州市
Guangdong,2035,current,trend,0.242397740483284,惠州市
Guangdong,2035,current,trend,0.242397740483284,韶关市
Guangdong,2035,current,trend,0.242397740483284,揭阳市
Guangdong,2035,current,trend,0.242397740483284,云浮市
Guangdong,2035,current,trend,0.242397740483284,中山市
Guangdong,2035,current,trend,0.242397740483284,清远市
Guangdong,2035,current,trend,0.242397740483284,江门市
Guangdong,2035,current,trend,0.242397740483284,东莞市
Guangdong,2035,current,trend,0.242397740483284,湛江市
Guangdong,2035,current,trend,0.242397740483284,茂名市
Guangdong,2035,current,trend,0.242397740483284,潮州市
Guangdong,2040,current,trend,0.205125153064728,梅州市
Guangdong,2040,current,trend,0.205125153064728,深圳市
Guangdong,2040,current,trend,0.205125153064728,汕尾市
Guangdong,2040,current,trend,0.205125153064728,珠海市
Guangdong,2040,current,trend,0.205125153064728,河源市
Guangdong,2040,current,trend,0.205125153064728,汕头市
Guangdong,2040,current,trend,0.205125153064728,阳江市
Guangdong,2040,current,trend,0.205125153064728,佛山市
Guangdong,2040,current,trend,0.205125153064728,肇庆市
Guangdong,2040,current,trend,0.205125153064728,广州市
Guangdong,2040,current,trend,0.205125153064728,惠州市
Guangdong,2040,current,trend,0.205125153064728,韶关市
Guangdong,2040,current,trend,0.205125153064728,揭阳市
Guangdong,2040,current,trend,0.205125153064728,云浮市
Guangdong,2040,current,trend,0.205125153064728,中山市
Guangdong,2040,current,trend,0.205125153064728,清远市
Guangdong,2040,current,trend,0.205125153064728,江门市
Guangdong,2040,current,trend,0.205125153064728,东莞市
Guangdong,2040,current,trend,0.205125153064728,湛江市
Guangdong,2040,current,trend,0.205125153064728,茂名市
Guangdong,2040,current,trend,0.205125153064728,潮州市
Guangdong,2045,current,trend,0.206952139735222,梅州市
Guangdong,2045,current,trend,0.206952139735222,深圳市
Guangdong,2045,current,trend,0.206952139735222,汕尾市
Guangdong,2045,current,trend,0.206952139735222,珠海市
Guangdong,2045,current,trend,0.206952139735222,河源市
Guangdong,2045,current,trend,0.206952139735222,汕头市
Guangdong,2045,current,trend,0.206952139735222,阳江市
Guangdong,2045,current,trend,0.206952139735222,佛山市
Guangdong,2045,current,trend,0.206952139735222,肇庆市
Guangdong,2045,current,trend,0.206952139735222,广州市
Guangdong,2045,current,trend,0.206952139735222,惠州市
Guangdong,2045,current,trend,0.206952139735222,韶关市
Guangdong,2045,current,trend,0.206952139735222,揭阳市
Guangdong,2045,current,trend,0.206952139735222,云浮市
Guangdong,2045,current,trend,0.206952139735222,中山市
Guangdong,2045,current,trend,0.206952139735222,清远市
Guangdong,2045,current,trend,0.206952139735222,江门市
Guangdong,2045,current,trend,0.206952139735222,东莞市
Guangdong,2045,current,trend,0.206952139735222,湛江市
Guangdong,2045,current,trend,0.206952139735222,茂名市
Guangdong,2045,current,trend,0.206952139735222,潮州市
Guangdong,2050,current,trend,0.293342888355255,梅州市
Guangdong,2050,current,trend,0.293342888355255,深圳市
Guangdong,2050,current,trend,0.293342888355255,汕尾市
Guangdong,2050,current,trend,0.293342888355255,珠海市
Guangdong,2050,current,trend,0.293342888355255,河源市
Guangdong,2050,current,trend,0.293342888355255,汕头市
Guangdong,2050,current,trend,0.293342888355255,阳江市
Guangdong,2050,current,trend,0.293342888355255,佛山市
Guangdong,2050,current,trend,0.293342888355255,肇庆市
Guangdong,2050,current,trend,0.293342888355255,广州市
Guangdong,2050,current,trend,0.293342888355255,惠州市
Guangdong,2050,current,trend,0.293342888355255,韶关市
Guangdong,2050,current,trend,0.293342888355255,揭阳市
Guangdong,2050,current,trend,0.293342888355255,云浮市
Guangdong,2050,current,trend,0.293342888355255,中山市
Guangdong,2050,current,trend,0.293342888355255,清远市
Guangdong,2050,current,trend,0.293342888355255,江门市
Guangdong,2050,current,trend,0.293342888355255,东莞市
Guangdong,2050,current,trend,0.293342888355255,湛江市
Guangdong,2050,current,trend,0.293342888355255,茂名市
Guangdong,2050,current,trend,0.293342888355255,潮州市
Guangdong,2030,ssp245,trend,0.122738629579544,梅州市
Guangdong,2030,ssp245,trend,0.122738629579544,深圳市
Guangdong,2030,ssp245,trend,0.122738629579544,汕尾市
Guangdong,2030,ssp245,trend,0.122738629579544,珠海市
Guangdong,2030,ssp245,trend,0.122738629579544,河源市
Guangdong,2030,ssp245,trend,0.122738629579544,汕头市
Guangdong,2030,ssp245,trend,0.122738629579544,阳江市
Guangdong,2030,ssp245,trend,0.122738629579544,佛山市
Guangdong,2030,ssp245,trend,0.122738629579544,肇庆市
Guangdong,2030,ssp245,trend,0.122738629579544,广州市
Guangdong,2030,ssp245,trend,0.122738629579544,惠州市
Guangdong,2030,ssp245,trend,0.122738629579544,韶关市
Guangdong,2030,ssp245,trend,0.122738629579544,揭阳市
Guangdong,2030,ssp245,trend,0.122738629579544,云浮市
Guangdong,2030,ssp245,trend,0.122738629579544,中山市
Guangdong,2030,ssp245,trend,0.122738629579544,清远市
Guangdong,2030,ssp245,trend,0.122738629579544,江门市
Guangdong,2030,ssp245,trend,0.122738629579544,东莞市
Guangdong,2030,ssp245,trend,0.122738629579544,湛江市
Guangdong,2030,ssp245,trend,0.122738629579544,茂名市
Guangdong,2030,ssp245,trend,0.122738629579544,潮州市
Guangdong,2035,ssp245,trend,0.0490895844995976,梅州市
Guangdong,2035,ssp245,trend,0.0490895844995976,深圳市
Guangdong,2035,ssp245,trend,0.0490895844995976,汕尾市
Guangdong,2035,ssp245,trend,0.0490895844995976,珠海市
Guangdong,2035,ssp245,trend,0.0490895844995976,河源市
Guangdong,2035,ssp245,trend,0.0490895844995976,汕头市
Guangdong,2035,ssp245,trend,0.0490895844995976,阳江市
Guangdong,2035,ssp245,trend,0.0490895844995976,佛山市
Guangdong,2035,ssp245,trend,0.0490895844995976,肇庆市
Guangdong,2035,ssp245,trend,0.0490895844995976,广州市
Guangdong,2035,ssp245,trend,0.0490895844995976,惠州市
Guangdong,2035,ssp245,trend,0.0490895844995976,韶关市
Guangdong,2035,ssp245,trend,0.0490895844995976,揭阳市
Guangdong,2035,ssp245,trend,0.0490895844995976,云浮市
Guangdong,2035,ssp245,trend,0.0490895844995976,中山市
Guangdong,2035,ssp245,trend,0.0490895844995976,清远市
Guangdong,2035,ssp245,trend,0.0490895844995976,江门市
Guangdong,2035,ssp245,trend,0.0490895844995976,东莞市
Guangdong,2035,ssp245,trend,0.0490895844995976,湛江市
Guangdong,2035,ssp245,trend,0.0490895844995976,茂名市
Guangdong,2035,ssp245,trend,0.0490895844995976,潮州市
Guangdong,2040,ssp245,trend,0.108959510922432,梅州市
Guangdong,2040,ssp245,trend,0.108959510922432,深圳市
Guangdong,2040,ssp245,trend,0.108959510922432,汕尾市
Guangdong,2040,ssp245,trend,0.108959510922432,珠海市
Guangdong,2040,ssp245,trend,0.108959510922432,河源市
Guangdong,2040,ssp245,trend,0.108959510922432,汕头市
Guangdong,2040,ssp245,trend,0.108959510922432,阳江市
Guangdong,2040,ssp245,trend,0.108959510922432,佛山市
Guangdong,2040,ssp245,trend,0.108959510922432,肇庆市
Guangdong,2040,ssp245,trend,0.108959510922432,广州市
Guangdong,2040,ssp245,trend,0.108959510922432,惠州市
Guangdong,2040,ssp245,trend,0.108959510922432,韶关市
Guangdong,2040,ssp245,trend,0.108959510922432,揭阳市
Guangdong,2040,ssp245,trend,0.108959510922432,云浮市
Guangdong,2040,ssp245,trend,0.108959510922432,中山市
Guangdong,2040,ssp245,trend,0.108959510922432,清远市
Guangdong,2040,ssp245,trend,0.108959510922432,江门市
Guangdong,2040,ssp245,trend,0.108959510922432,东莞市
Guangdong,2040,ssp245,trend,0.108959510922432,湛江市
Guangdong,2040,ssp245,trend,0.108959510922432,茂名市
Guangdong,2040,ssp245,trend,0.108959510922432,潮州市
Guangdong,2045,ssp245,trend,0.114511638879776,梅州市
Guangdong,2045,ssp245,trend,0.114511638879776,深圳市
Guangdong,2045,ssp245,trend,0.114511638879776,汕尾市
Guangdong,2045,ssp245,trend,0.114511638879776,珠海市
Guangdong,2045,ssp245,trend,0.114511638879776,河源市
Guangdong,2045,ssp245,trend,0.114511638879776,汕头市
Guangdong,2045,ssp245,trend,0.114511638879776,阳江市
Guangdong,2045,ssp245,trend,0.114511638879776,佛山市
Guangdong,2045,ssp245,trend,0.114511638879776,肇庆市
Guangdong,2045,ssp245,trend,0.114511638879776,广州市
Guangdong,2045,ssp245,trend,0.114511638879776,惠州市
Guangdong,2045,ssp245,trend,0.114511638879776,韶关市
Guangdong,2045,ssp245,trend,0.114511638879776,揭阳市
Guangdong,2045,ssp245,trend,0.114511638879776,云浮市
Guangdong,2045,ssp245,trend,0.114511638879776,中山市
Guangdong,2045,ssp245,trend,0.114511638879776,清远市
Guangdong,2045,ssp245,trend,0.114511638879776,江门市
Guangdong,2045,ssp245,trend,0.114511638879776,东莞市
Guangdong,2045,ssp245,trend,0.114511638879776,湛江市
Guangdong,2045,ssp245,trend,0.114511638879776,茂名市
Guangdong,2045,ssp245,trend,0.114511638879776,潮州市
Guangdong,2050,ssp245,trend,0.14473369717598,梅州市
Guangdong,2050,ssp245,trend,0.14473369717598,深圳市
Guangdong,2050,ssp245,trend,0.14473369717598,汕尾市
Guangdong,2050,ssp245,trend,0.14473369717598,珠海市
Guangdong,2050,ssp245,trend,0.14473369717598,河源市
Guangdong,2050,ssp245,trend,0.14473369717598,汕头市
Guangdong,2050,ssp245,trend,0.14473369717598,阳江市
Guangdong,2050,ssp245,trend,0.14473369717598,佛山市
Guangdong,2050,ssp245,trend,0.14473369717598,肇庆市
Guangdong,2050,ssp245,trend,0.14473369717598,广州市
Guangdong,2050,ssp245,trend,0.14473369717598,惠州市
Guangdong,2050,ssp245,trend,0.14473369717598,韶关市
Guangdong,2050,ssp245,trend,0.14473369717598,揭阳市
Guangdong,2050,ssp245,trend,0.14473369717598,云浮市
Guangdong,2050,ssp245,trend,0.14473369717598,中山市
Guangdong,2050,ssp245,trend,0.14473369717598,清远市
Guangdong,2050,ssp245,trend,0.14473369717598,江门市
Guangdong,2050,ssp245,trend,0.14473369717598,东莞市
Guangdong,2050,ssp245,trend,0.14473369717598,湛江市
Guangdong,2050,ssp245,trend,0.14473369717598,茂名市
Guangdong,2050,ssp245,trend,0.14473369717598,潮州市
Guangdong,2030,ssp585,trend,0.0865775048732758,梅州市
Guangdong,2030,ssp585,trend,0.0865775048732758,深圳市
Guangdong,2030,ssp585,trend,0.0865775048732758,汕尾市
Guangdong,2030,ssp585,trend,0.0865775048732758,珠海市
Guangdong,2030,ssp585,trend,0.0865775048732758,河源市
Guangdong,2030,ssp585,trend,0.0865775048732758,汕头市
Guangdong,2030,ssp585,trend,0.0865775048732758,阳江市
Guangdong,2030,ssp585,trend,0.0865775048732758,佛山市
Guangdong,2030,ssp585,trend,0.0865775048732758,肇庆市
Guangdong,2030,ssp585,trend,0.0865775048732758,广州市
Guangdong,2030,ssp585,trend,0.0865775048732758,惠州市
Guangdong,2030,ssp585,trend,0.0865775048732758,韶关市
Guangdong,2030,ssp585,trend,0.0865775048732758,揭阳市
Guangdong,2030,ssp585,trend,0.0865775048732758,云浮市
Guangdong,2030,ssp585,trend,0.0865775048732758,中山市
Guangdong,2030,ssp585,trend,0.0865775048732758,清远市
Guangdong,2030,ssp585,trend,0.0865775048732758,江门市
Guangdong,2030,ssp585,trend,0.0865775048732758,东莞市
Guangdong,2030,ssp585,trend,0.0865775048732758,湛江市
Guangdong,2030,ssp585,trend,0.0865775048732758,茂名市
Guangdong,2030,ssp585,trend,0.0865775048732758,潮州市
Guangdong,2035,ssp585,trend,0.144479587674141,梅州市
Guangdong,2035,ssp585,trend,0.144479587674141,深圳市
Guangdong,2035,ssp585,trend,0.144479587674141,汕尾市
Guangdong,2035,ssp585,trend,0.144479587674141,珠海市
Guangdong,2035,ssp585,trend,0.144479587674141,河源市
Guangdong,2035,ssp585,trend,0.144479587674141,汕头市
Guangdong,2035,ssp585,trend,0.144479587674141,阳江市
Guangdong,2035,ssp585,trend,0.144479587674141,佛山市
Guangdong,2035,ssp585,trend,0.144479587674141,肇庆市
Guangdong,2035,ssp585,trend,0.144479587674141,广州市
Guangdong,2035,ssp585,trend,0.144479587674141,惠州市
Guangdong,2035,ssp585,trend,0.144479587674141,韶关市
Guangdong,2035,ssp585,trend,0.144479587674141,揭阳市
Guangdong,2035,ssp585,trend,0.144479587674141,云浮市
Guangdong,2035,ssp585,trend,0.144479587674141,中山市
Guangdong,2035,ssp585,trend,0.144479587674141,清远市
Guangdong,2035,ssp585,trend,0.144479587674141,江门市
Guangdong,2035,ssp585,trend,0.144479587674141,东莞市
Guangdong,2035,ssp585,trend,0.144479587674141,湛江市
Guangdong,2035,ssp585,trend,0.144479587674141,茂名市
Guangdong,2035,ssp585,trend,0.144479587674141,潮州市
Guangdong,2040,ssp585,trend,0.0621782205998898,梅州市
Guangdong,2040,ssp585,trend,0.0621782205998898,深圳市
Guangdong,2040,ssp585,trend,0.0621782205998898,汕尾市
Guangdong,2040,ssp585,trend,0.0621782205998898,珠海市
Guangdong,2040,ssp585,trend,0.0621782205998898,河源市
Guangdong,2040,ssp585,trend,0.0621782205998898,汕头市
Guangdong,2040,ssp585,trend,0.0621782205998898,阳江市
Guangdong,2040,ssp585,trend,0.0621782205998898,佛山市
Guangdong,2040,ssp585,trend,0.0621782205998898,肇庆市
Guangdong,2040,ssp585,trend,0.0621782205998898,广州市
Guangdong,2040,ssp585,trend,0.0621782205998898,惠州市
Guangdong,2040,ssp585,trend,0.0621782205998898,韶关市
Guangdong,2040,ssp585,trend,0.0621782205998898,揭阳市
Guangdong,2040,ssp585,trend,0.0621782205998898,云浮市
Guangdong,2040,ssp585,trend,0.0621782205998898,中山市
Guangdong,2040,ssp585,trend,0.0621782205998898,清远市
Guangdong,2040,ssp585,trend,0.0621782205998898,江门市
Guangdong,2040,ssp585,trend,0.0621782205998898,东莞市
Guangdong,2040,ssp585,trend,0.0621782205998898,湛江市
Guangdong,2040,ssp585,trend,0.0621782205998898,茂名市
Guangdong,2040,ssp585,trend,0.0621782205998898,潮州市
Guangdong,2045,ssp585,trend,0.0635652616620064,梅州市
Guangdong,2045,ssp585,trend,0.0635652616620064,深圳市
Guangdong,2045,ssp585,trend,0.0635652616620064,汕尾市
Guangdong,2045,ssp585,trend,0.0635652616620064,珠海市
Guangdong,2045,ssp585,trend,0.0635652616620064,河源市
Guangdong,2045,ssp585,trend,0.0635652616620064,汕头市
Guangdong,2045,ssp585,trend,0.0635652616620064,阳江市
Guangdong,2045,ssp585,trend,0.0635652616620064,佛山市
Guangdong,2045,ssp585,trend,0.0635652616620064,肇庆市
Guangdong,2045,ssp585,trend,0.0635652616620064,广州市
Guangdong,2045,ssp585,trend,0.0635652616620064,惠州市
Guangdong,2045,ssp585,trend,0.0635652616620064,韶关市
Guangdong,2045,ssp585,trend,0.0635652616620064,揭阳市
Guangdong,2045,ssp585,trend,0.0635652616620064,云浮市
Guangdong,2045,ssp585,trend,0.0635652616620064,中山市
Guangdong,2045,ssp585,trend,0.0635652616620064,清远市
Guangdong,2045,ssp585,trend,0.0635652616620064,江门市
Guangdong,2045,ssp585,trend,0.0635652616620064,东莞市
Guangdong,2045,ssp585,trend,0.0635652616620064,湛江市
Guangdong,2045,ssp585,trend,0.0635652616620064,茂名市
Guangdong,2045,ssp585,trend,0.0635652616620064,潮州市
Guangdong,2050,ssp585,trend,0.0790660455822945,梅州市
Guangdong,2050,ssp585,trend,0.0790660455822945,深圳市
Guangdong,2050,ssp585,trend,0.0790660455822945,汕尾市
Guangdong,2050,ssp585,trend,0.0790660455822945,珠海市
Guangdong,2050,ssp585,trend,0.0790660455822945,河源市
Guangdong,2050,ssp585,trend,0.0790660455822945,汕头市
Guangdong,2050,ssp585,trend,0.0790660455822945,阳江市
Guangdong,2050,ssp585,trend,0.0790660455822945,佛山市
Guangdong,2050,ssp585,trend,0.0790660455822945,肇庆市
Guangdong,2050,ssp585,trend,0.0790660455822945,广州市
Guangdong,2050,ssp585,trend,0.0790660455822945,惠州市
Guangdong,2050,ssp585,trend,0.0790660455822945,韶关市
Guangdong,2050,ssp585,trend,0.0790660455822945,揭阳市
Guangdong,2050,ssp585,trend,0.0790660455822945,云浮市
Guangdong,2050,ssp585,trend,0.0790660455822945,中山市
Guangdong,2050,ssp585,trend,0.0790660455822945,清远市
Guangdong,2050,ssp585,trend,0.0790660455822945,江门市
Guangdong,2050,ssp585,trend,0.0790660455822945,东莞市
Guangdong,2050,ssp585,trend,0.0790660455822945,湛江市
Guangdong,2050,ssp585,trend,0.0790660455822945,茂名市
Guangdong,2050,ssp585,trend,0.0790660455822945,潮州市
Guangdong,2030,current,doubled,0.316921949386597,梅州市
Guangdong,2030,current,doubled,0.316921949386597,深圳市
Guangdong,2030,current,doubled,0.316921949386597,汕尾市
Guangdong,2030,current,doubled,0.316921949386597,珠海市
Guangdong,2030,current,doubled,0.316921949386597,河源市
Guangdong,2030,current,doubled,0.316921949386597,汕头市
Guangdong,2030,current,doubled,0.316921949386597,阳江市
Guangdong,2030,current,doubled,0.316921949386597,佛山市
Guangdong,2030,current,doubled,0.316921949386597,肇庆市
Guangdong,2030,current,doubled,0.316921949386597,广州市
Guangdong,2030,current,doubled,0.316921949386597,惠州市
Guangdong,2030,current,doubled,0.316921949386597,韶关市
Guangdong,2030,current,doubled,0.316921949386597,揭阳市
Guangdong,2030,current,doubled,0.316921949386597,云浮市
Guangdong,2030,current,doubled,0.316921949386597,中山市
Guangdong,2030,current,doubled,0.316921949386597,清远市
Guangdong,2030,current,doubled,0.316921949386597,江门市
Guangdong,2030,current,doubled,0.316921949386597,东莞市
Guangdong,2030,current,doubled,0.316921949386597,湛江市
Guangdong,2030,current,doubled,0.316921949386597,茂名市
Guangdong,2030,current,doubled,0.316921949386597,潮州市
Guangdong,2035,current,doubled,0.316921949386597,梅州市
Guangdong,2035,current,doubled,0.316921949386597,深圳市
Guangdong,2035,current,doubled,0.316921949386597,汕尾市
Guangdong,2035,current,doubled,0.316921949386597,珠海市
Guangdong,2035,current,doubled,0.316921949386597,河源市
Guangdong,2035,current,doubled,0.316921949386597,汕头市
Guangdong,2035,current,doubled,0.316921949386597,阳江市
Guangdong,2035,current,doubled,0.316921949386597,佛山市
Guangdong,2035,current,doubled,0.316921949386597,肇庆市
Guangdong,2035,current,doubled,0.316921949386597,广州市
Guangdong,2035,current,doubled,0.316921949386597,惠州市
Guangdong,2035,current,doubled,0.316921949386597,韶关市
Guangdong,2035,current,doubled,0.316921949386597,揭阳市
Guangdong,2035,current,doubled,0.316921949386597,云浮市
Guangdong,2035,current,doubled,0.316921949386597,中山市
Guangdong,2035,current,doubled,0.316921949386597,清远市
Guangdong,2035,current,doubled,0.316921949386597,江门市
Guangdong,2035,current,doubled,0.316921949386597,东莞市
Guangdong,2035,current,doubled,0.316921949386597,湛江市
Guangdong,2035,current,doubled,0.316921949386597,茂名市
Guangdong,2035,current,doubled,0.316921949386597,潮州市
Guangdong,2040,current,doubled,0.316921949386597,梅州市
Guangdong,2040,current,doubled,0.316921949386597,深圳市
Guangdong,2040,current,doubled,0.316921949386597,汕尾市
Guangdong,2040,current,doubled,0.316921949386597,珠海市
Guangdong,2040,current,doubled,0.316921949386597,河源市
Guangdong,2040,current,doubled,0.316921949386597,汕头市
Guangdong,2040,current,doubled,0.316921949386597,阳江市
Guangdong,2040,current,doubled,0.316921949386597,佛山市
Guangdong,2040,current,doubled,0.316921949386597,肇庆市
Guangdong,2040,current,doubled,0.316921949386597,广州市
Guangdong,2040,current,doubled,0.316921949386597,惠州市
Guangdong,2040,current,doubled,0.316921949386597,韶关市
Guangdong,2040,current,doubled,0.316921949386597,揭阳市
Guangdong,2040,current,doubled,0.316921949386597,云浮市
Guangdong,2040,current,doubled,0.316921949386597,中山市
Guangdong,2040,current,doubled,0.316921949386597,清远市
Guangdong,2040,current,doubled,0.316921949386597,江门市
Guangdong,2040,current,doubled,0.316921949386597,东莞市
Guangdong,2040,current,doubled,0.316921949386597,湛江市
Guangdong,2040,current,doubled,0.316921949386597,茂名市
Guangdong,2040,current,doubled,0.316921949386597,潮州市
Guangdong,2045,current,doubled,0.316921949386597,梅州市
Guangdong,2045,current,doubled,0.316921949386597,深圳市
Guangdong,2045,current,doubled,0.316921949386597,汕尾市
Guangdong,2045,current,doubled,0.316921949386597,珠海市
Guangdong,2045,current,doubled,0.316921949386597,河源市
Guangdong,2045,current,doubled,0.316921949386597,汕头市
Guangdong,2045,current,doubled,0.316921949386597,阳江市
Guangdong,2045,current,doubled,0.316921949386597,佛山市
Guangdong,2045,current,doubled,0.316921949386597,肇庆市
Guangdong,2045,current,doubled,0.316921949386597,广州市
Guangdong,2045,current,doubled,0.316921949386597,惠州市
Guangdong,2045,current,doubled,0.316921949386597,韶关市
Guangdong,2045,current,doubled,0.316921949386597,揭阳市
Guangdong,2045,current,doubled,0.316921949386597,云浮市
Guangdong,2045,current,doubled,0.316921949386597,中山市
Guangdong,2045,current,doubled,0.316921949386597,清远市
Guangdong,2045,current,doubled,0.316921949386597,江门市
Guangdong,2045,current,doubled,0.316921949386597,东莞市
Guangdong,2045,current,doubled,0.316921949386597,湛江市
Guangdong,2045,current,doubled,0.316921949386597,茂名市
Guangdong,2045,current,doubled,0.316921949386597,潮州市
Guangdong,2050,current,doubled,0.316921949386597,梅州市
Guangdong,2050,current,doubled,0.316921949386597,深圳市
Guangdong,2050,current,doubled,0.316921949386597,汕尾市
Guangdong,2050,current,doubled,0.316921949386597,珠海市
Guangdong,2050,current,doubled,0.316921949386597,河源市
Guangdong,2050,current,doubled,0.316921949386597,汕头市
Guangdong,2050,current,doubled,0.316921949386597,阳江市
Guangdong,2050,current,doubled,0.316921949386597,佛山市
Guangdong,2050,current,doubled,0.316921949386597,肇庆市
Guangdong,2050,current,doubled,0.316921949386597,广州市
Guangdong,2050,current,doubled,0.316921949386597,惠州市
Guangdong,2050,current,doubled,0.316921949386597,韶关市
Guangdong,2050,current,doubled,0.316921949386597,揭阳市
Guangdong,2050,current,doubled,0.316921949386597,云浮市
Guangdong,2050,current,doubled,0.316921949386597,中山市
Guangdong,2050,current,doubled,0.316921949386597,清远市
Guangdong,2050,current,doubled,0.316921949386597,江门市
Guangdong,2050,current,doubled,0.316921949386597,东莞市
Guangdong,2050,current,doubled,0.316921949386597,湛江市
Guangdong,2050,current,doubled,0.316921949386597,茂名市
Guangdong,2050,current,doubled,0.316921949386597,潮州市
Guangdong,2030,ssp245,doubled,0.0837276950478554,梅州市
Guangdong,2030,ssp245,doubled,0.0837276950478554,深圳市
Guangdong,2030,ssp245,doubled,0.0837276950478554,汕尾市
Guangdong,2030,ssp245,doubled,0.0837276950478554,珠海市
Guangdong,2030,ssp245,doubled,0.0837276950478554,河源市
Guangdong,2030,ssp245,doubled,0.0837276950478554,汕头市
Guangdong,2030,ssp245,doubled,0.0837276950478554,阳江市
Guangdong,2030,ssp245,doubled,0.0837276950478554,佛山市
Guangdong,2030,ssp245,doubled,0.0837276950478554,肇庆市
Guangdong,2030,ssp245,doubled,0.0837276950478554,广州市
Guangdong,2030,ssp245,doubled,0.0837276950478554,惠州市
Guangdong,2030,ssp245,doubled,0.0837276950478554,韶关市
Guangdong,2030,ssp245,doubled,0.0837276950478554,揭阳市
Guangdong,2030,ssp245,doubled,0.0837276950478554,云浮市
Guangdong,2030,ssp245,doubled,0.0837276950478554,中山市
Guangdong,2030,ssp245,doubled,0.0837276950478554,清远市
Guangdong,2030,ssp245,doubled,0.0837276950478554,江门市
Guangdong,2030,ssp245,doubled,0.0837276950478554,东莞市
Guangdong,2030,ssp245,doubled,0.0837276950478554,湛江市
Guangdong,2030,ssp245,doubled,0.0837276950478554,茂名市
Guangdong,2030,ssp245,doubled,0.0837276950478554,潮州市
Guangdong,2035,ssp245,doubled,0.110329978168011,梅州市
Guangdong,2035,ssp245,doubled,0.110329978168011,深圳市
Guangdong,2035,ssp245,doubled,0.110329978168011,汕尾市
Guangdong,2035,ssp245,doubled,0.110329978168011,珠海市
Guangdong,2035,ssp245,doubled,0.110329978168011,河源市
Guangdong,2035,ssp245,doubled,0.110329978168011,汕头市
Guangdong,2035,ssp245,doubled,0.110329978168011,阳江市
Guangdong,2035,ssp245,doubled,0.110329978168011,佛山市
Guangdong,2035,ssp245,doubled,0.110329978168011,肇庆市
Guangdong,2035,ssp245,doubled,0.110329978168011,广州市
Guangdong,2035,ssp245,doubled,0.110329978168011,惠州市
Guangdong,2035,ssp245,doubled,0.110329978168011,韶关市
Guangdong,2035,ssp245,doubled,0.110329978168011,揭阳市
Guangdong,2035,ssp245,doubled,0.110329978168011,云浮市
Guangdong,2035,ssp245,doubled,0.110329978168011,中山市
Guangdong,2035,ssp245,doubled,0.110329978168011,清远市
Guangdong,2035,ssp245,doubled,0.110329978168011,江门市
Guangdong,2035,ssp245,doubled,0.110329978168011,东莞市
Guangdong,2035,ssp245,doubled,0.110329978168011,湛江市
Guangdong,2035,ssp245,doubled,0.110329978168011,茂名市
Guangdong,2035,ssp245,doubled,0.110329978168011,潮州市
Guangdong,2040,ssp245,doubled,0.0899395495653153,梅州市
Guangdong,2040,ssp245,doubled,0.0899395495653153,深圳市
Guangdong,2040,ssp245,doubled,0.0899395495653153,汕尾市
Guangdong,2040,ssp245,doubled,0.0899395495653153,珠海市
Guangdong,2040,ssp245,doubled,0.0899395495653153,河源市
Guangdong,2040,ssp245,doubled,0.0899395495653153,汕头市
Guangdong,2040,ssp245,doubled,0.0899395495653153,阳江市
Guangdong,2040,ssp245,doubled,0.0899395495653153,佛山市
Guangdong,2040,ssp245,doubled,0.0899395495653153,肇庆市
Guangdong,2040,ssp245,doubled,0.0899395495653153,广州市
Guangdong,2040,ssp245,doubled,0.0899395495653153,惠州市
Guangdong,2040,ssp245,doubled,0.0899395495653153,韶关市
Guangdong,2040,ssp245,doubled,0.0899395495653153,揭阳市
Guangdong,2040,ssp245,doubled,0.0899395495653153,云浮市
Guangdong,2040,ssp245,doubled,0.0899395495653153,中山市
Guangdong,2040,ssp245,doubled,0.0899395495653153,清远市
Guangdong,2040,ssp245,doubled,0.0899395495653153,江门市
Guangdong,2040,ssp245,doubled,0.0899395495653153,东莞市
Guangdong,2040,ssp245,doubled,0.0899395495653153,湛江市
Guangdong,2040,ssp245,doubled,0.0899395495653153,茂名市
Guangdong,2040,ssp245,doubled,0.0899395495653153,潮州市
Guangdong,2045,ssp245,doubled,0.131504461169243,梅州市
Guangdong,2045,ssp245,doubled,0.131504461169243,深圳市
Guangdong,2045,ssp245,doubled,0.131504461169243,汕尾市
Guangdong,2045,ssp245,doubled,0.131504461169243,珠海市
Guangdong,2045,ssp245,doubled,0.131504461169243,河源市
Guangdong,2045,ssp245,doubled,0.131504461169243,汕头市
Guangdong,2045,ssp245,doubled,0.131504461169243,阳江市
Guangdong,2045,ssp245,doubled,0.131504461169243,佛山市
Guangdong,2045,ssp245,doubled,0.131504461169243,肇庆市
Guangdong,2045,ssp245,doubled,0.131504461169243,广州市
Guangdong,2045,ssp245,doubled,0.131504461169243,惠州市
Guangdong,2045,ssp245,doubled,0.131504461169243,韶关市
Guangdong,2045,ssp245,doubled,0.131504461169243,揭阳市
Guangdong,2045,ssp245,doubled,0.131504461169243,云浮市
Guangdong,2045,ssp245,doubled,0.131504461169243,中山市
Guangdong,2045,ssp245,doubled,0.131504461169243,清远市
Guangdong,2045,ssp245,doubled,0.131504461169243,江门市
Guangdong,2045,ssp245,doubled,0.131504461169243,东莞市
Guangdong,2045,ssp245,doubled,0.131504461169243,湛江市
Guangdong,2045,ssp245,doubled,0.131504461169243,茂名市
Guangdong,2045,ssp245,doubled,0.131504461169243,潮州市
Guangdong,2050,ssp245,doubled,0.345081567764282,梅州市
Guangdong,2050,ssp245,doubled,0.345081567764282,深圳市
Guangdong,2050,ssp245,doubled,0.345081567764282,汕尾市
Guangdong,2050,ssp245,doubled,0.345081567764282,珠海市
Guangdong,2050,ssp245,doubled,0.345081567764282,河源市
Guangdong,2050,ssp245,doubled,0.345081567764282,汕头市
Guangdong,2050,ssp245,doubled,0.345081567764282,阳江市
Guangdong,2050,ssp245,doubled,0.345081567764282,佛山市
Guangdong,2050,ssp245,doubled,0.345081567764282,肇庆市
Guangdong,2050,ssp245,doubled,0.345081567764282,广州市
Guangdong,2050,ssp245,doubled,0.345081567764282,惠州市
Guangdong,2050,ssp245,doubled,0.345081567764282,韶关市
Guangdong,2050,ssp245,doubled,0.345081567764282,揭阳市
Guangdong,2050,ssp245,doubled,0.345081567764282,云浮市
Guangdong,2050,ssp245,doubled,0.345081567764282,中山市
Guangdong,2050,ssp245,doubled,0.345081567764282,清远市
Guangdong,2050,ssp245,doubled,0.345081567764282,江门市
Guangdong,2050,ssp245,doubled,0.345081567764282,东莞市
Guangdong,2050,ssp245,doubled,0.345081567764282,湛江市
Guangdong,2050,ssp245,doubled,0.345081567764282,茂名市
Guangdong,2050,ssp245,doubled,0.345081567764282,潮州市
Guangdong,2030,ssp585,doubled,0.0899395495653153,梅州市
Guangdong,2030,ssp585,doubled,0.0899395495653153,深圳市
Guangdong,2030,ssp585,doubled,0.0899395495653153,汕尾市
Guangdong,2030,ssp585,doubled,0.0899395495653153,珠海市
Guangdong,2030,ssp585,doubled,0.0899395495653153,河源市
Guangdong,2030,ssp585,doubled,0.0899395495653153,汕头市
Guangdong,2030,ssp585,doubled,0.0899395495653153,阳江市
Guangdong,2030,ssp585,doubled,0.0899395495653153,佛山市
Guangdong,2030,ssp585,doubled,0.0899395495653153,肇庆市
Guangdong,2030,ssp585,doubled,0.0899395495653153,广州市
Guangdong,2030,ssp585,doubled,0.0899395495653153,惠州市
Guangdong,2030,ssp585,doubled,0.0899395495653153,韶关市
Guangdong,2030,ssp585,doubled,0.0899395495653153,揭阳市
Guangdong,2030,ssp585,doubled,0.0899395495653153,云浮市
Guangdong,2030,ssp585,doubled,0.0899395495653153,中山市
Guangdong,2030,ssp585,doubled,0.0899395495653153,清远市
Guangdong,2030,ssp585,doubled,0.0899395495653153,江门市
Guangdong,2030,ssp585,doubled,0.0899395495653153,东莞市
Guangdong,2030,ssp585,doubled,0.0899395495653153,湛江市
Guangdong,2030,ssp585,doubled,0.0899395495653153,茂名市
Guangdong,2030,ssp585,doubled,0.0899395495653153,潮州市
Guangdong,2035,ssp585,doubled,0.164393901824951,梅州市
Guangdong,2035,ssp585,doubled,0.164393901824951,深圳市
Guangdong,2035,ssp585,doubled,0.164393901824951,汕尾市
Guangdong,2035,ssp585,doubled,0.164393901824951,珠海市
Guangdong,2035,ssp585,doubled,0.164393901824951,河源市
Guangdong,2035,ssp585,doubled,0.164393901824951,汕头市
Guangdong,2035,ssp585,doubled,0.164393901824951,阳江市
Guangdong,2035,ssp585,doubled,0.164393901824951,佛山市
Guangdong,2035,ssp585,doubled,0.164393901824951,肇庆市
Guangdong,2035,ssp585,doubled,0.164393901824951,广州市
Guangdong,2035,ssp585,doubled,0.164393901824951,惠州市
Guangdong,2035,ssp585,doubled,0.164393901824951,韶关市
Guangdong,2035,ssp585,doubled,0.164393901824951,揭阳市
Guangdong,2035,ssp585,doubled,0.164393901824951,云浮市
Guangdong,2035,ssp585,doubled,0.164393901824951,中山市
Guangdong,2035,ssp585,doubled,0.164393901824951,清远市
Guangdong,2035,ssp585,doubled,0.164393901824951,江门市
Guangdong,2035,ssp585,doubled,0.164393901824951,东莞市
Guangdong,2035,ssp585,doubled,0.164393901824951,湛江市
Guangdong,2035,ssp585,doubled,0.164393901824951,茂名市
Guangdong,2035,ssp585,doubled,0.164393901824951,潮州市
Guangdong,2040,ssp585,doubled,0.0663937628269196,梅州市
Guangdong,2040,ssp585,doubled,0.0663937628269196,深圳市
Guangdong,2040,ssp585,doubled,0.0663937628269196,汕尾市
Guangdong,2040,ssp585,doubled,0.0663937628269196,珠海市
Guangdong,2040,ssp585,doubled,0.0663937628269196,河源市
Guangdong,2040,ssp585,doubled,0.0663937628269196,汕头市
Guangdong,2040,ssp585,doubled,0.0663937628269196,阳江市
Guangdong,2040,ssp585,doubled,0.0663937628269196,佛山市
Guangdong,2040,ssp585,doubled,0.0663937628269196,肇庆市
Guangdong,2040,ssp585,doubled,0.0663937628269196,广州市
Guangdong,2040,ssp585,doubled,0.0663937628269196,惠州市
Guangdong,2040,ssp585,doubled,0.0663937628269196,韶关市
Guangdong,2040,ssp585,doubled,0.0663937628269196,揭阳市
Guangdong,2040,ssp585,doubled,0.0663937628269196,云浮市
Guangdong,2040,ssp585,doubled,0.0663937628269196,中山市
Guangdong,2040,ssp585,doubled,0.0663937628269196,清远市
Guangdong,2040,ssp585,doubled,0.0663937628269196,江门市
Guangdong,2040,ssp585,doubled,0.0663937628269196,东莞市
Guangdong,2040,ssp585,doubled,0.0663937628269196,湛江市
Guangdong,2040,ssp585,doubled,0.0663937628269196,茂名市
Guangdong,2040,ssp585,doubled,0.0663937628269196,潮州市
Guangdong,2045,ssp585,doubled,0.0745519623160362,梅州市
Guangdong,2045,ssp585,doubled,0.0745519623160362,深圳市
Guangdong,2045,ssp585,doubled,0.0745519623160362,汕尾市
Guangdong,2045,ssp585,doubled,0.0745519623160362,珠海市
Guangdong,2045,ssp585,doubled,0.0745519623160362,河源市
Guangdong,2045,ssp585,doubled,0.0745519623160362,汕头市
Guangdong,2045,ssp585,doubled,0.0745519623160362,阳江市
Guangdong,2045,ssp585,doubled,0.0745519623160362,佛山市
Guangdong,2045,ssp585,doubled,0.0745519623160362,肇庆市
Guangdong,2045,ssp585,doubled,0.0745519623160362,广州市
Guangdong,2045,ssp585,doubled,0.0745519623160362,惠州市
Guangdong,2045,ssp585,doubled,0.0745519623160362,韶关市
Guangdong,2045,ssp585,doubled,0.0745519623160362,揭阳市
Guangdong,2045,ssp585,doubled,0.0745519623160362,云浮市
Guangdong,2045,ssp585,doubled,0.0745519623160362,中山市
Guangdong,2045,ssp585,doubled,0.0745519623160362,清远市
Guangdong,2045,ssp585,doubled,0.0745519623160362,江门市
Guangdong,2045,ssp585,doubled,0.0745519623160362,东莞市
Guangdong,2045,ssp585,doubled,0.0745519623160362,湛江市
Guangdong,2045,ssp585,doubled,0.0745519623160362,茂名市
Guangdong,2045,ssp585,doubled,0.0745519623160362,潮州市
Guangdong,2050,ssp585,doubled,0.0972331985831261,梅州市
Guangdong,2050,ssp585,doubled,0.0972331985831261,深圳市
Guangdong,2050,ssp585,doubled,0.0972331985831261,汕尾市
Guangdong,2050,ssp585,doubled,0.0972331985831261,珠海市
Guangdong,2050,ssp585,doubled,0.0972331985831261,河源市
Guangdong,2050,ssp585,doubled,0.0972331985831261,汕头市
Guangdong,2050,ssp585,doubled,0.0972331985831261,阳江市
Guangdong,2050,ssp585,doubled,0.0972331985831261,佛山市
Guangdong,2050,ssp585,doubled,0.0972331985831261,肇庆市
Guangdong,2050,ssp585,doubled,0.0972331985831261,广州市
Guangdong,2050,ssp585,doubled,0.0972331985831261,惠州市
Guangdong,2050,ssp585,doubled,0.0972331985831261,韶关市
Guangdong,2050,ssp585,doubled,0.0972331985831261,揭阳市
Guangdong,2050,ssp585,doubled,0.0972331985831261,云浮市
Guangdong,2050,ssp585,doubled,0.0972331985831261,中山市
Guangdong,2050,ssp585,doubled,0.0972331985831261,清远市
Guangdong,2050,ssp585,doubled,0.0972331985831261,江门市
Guangdong,2050,ssp585,doubled,0.0972331985831261,东莞市
Guangdong,2050,ssp585,doubled,0.0972331985831261,湛江市
Guangdong,2050,ssp585,doubled,0.0972331985831261,茂名市
Guangdong,2050,ssp585,doubled,0.0972331985831261,潮州市
Guangxi,2030,current,baseline,0.279698967933655,贺州市
Guangxi,2030,current,baseline,0.279698967933655,百色市
Guangxi,2030,current,baseline,0.279698967933655,梧州市
Guangxi,2030,current,baseline,0.279698967933655,桂林市
Guangxi,2030,current,baseline,0.279698967933655,崇左市
Guangxi,2030,current,baseline,0.279698967933655,柳州市
Guangxi,2030,current,baseline,0.279698967933655,来宾市
Guangxi,2030,current,baseline,0.279698967933655,南宁市
Guangxi,2030,current,baseline,0.279698967933655,河池市
Guangxi,2030,current,baseline,0.279698967933655,贵港市
Guangxi,2030,current,baseline,0.279698967933655,钦州市
Guangxi,2030,current,baseline,0.279698967933655,防城港市
Guangxi,2030,current,baseline,0.279698967933655,北海市
Guangxi,2030,current,baseline,0.279698967933655,玉林市
Guangxi,2035,current,baseline,0.279698967933655,贺州市
Guangxi,2035,current,baseline,0.279698967933655,百色市
Guangxi,2035,current,baseline,0.279698967933655,梧州市
Guangxi,2035,current,baseline,0.279698967933655,桂林市
Guangxi,2035,current,baseline,0.279698967933655,崇左市
Guangxi,2035,current,baseline,0.279698967933655,柳州市
Guangxi,2035,current,baseline,0.279698967933655,来宾市
Guangxi,2035,current,baseline,0.279698967933655,南宁市
Guangxi,2035,current,baseline,0.279698967933655,河池市
Guangxi,2035,current,baseline,0.279698967933655,贵港市
Guangxi,2035,current,baseline,0.279698967933655,钦州市
Guangxi,2035,current,baseline,0.279698967933655,防城港市
Guangxi,2035,current,baseline,0.279698967933655,北海市
Guangxi,2035,current,baseline,0.279698967933655,玉林市
Guangxi,2040,current,baseline,0.279698967933655,贺州市
Guangxi,2040,current,baseline,0.279698967933655,百色市
Guangxi,2040,current,baseline,0.279698967933655,梧州市
Guangxi,2040,current,baseline,0.279698967933655,桂林市
Guangxi,2040,current,baseline,0.279698967933655,崇左市
Guangxi,2040,current,baseline,0.279698967933655,柳州市
Guangxi,2040,current,baseline,0.279698967933655,来宾市
Guangxi,2040,current,baseline,0.279698967933655,南宁市
Guangxi,2040,current,baseline,0.279698967933655,河池市
Guangxi,2040,current,baseline,0.279698967933655,贵港市
Guangxi,2040,current,baseline,0.279698967933655,钦州市
Guangxi,2040,current,baseline,0.279698967933655,防城港市
Guangxi,2040,current,baseline,0.279698967933655,北海市
Guangxi,2040,current,baseline,0.279698967933655,玉林市
Guangxi,2045,current,baseline,0.279698967933655,贺州市
Guangxi,2045,current,baseline,0.279698967933655,百色市
Guangxi,2045,current,baseline,0.279698967933655,梧州市
Guangxi,2045,current,baseline,0.279698967933655,桂林市
Guangxi,2045,current,baseline,0.279698967933655,崇左市
Guangxi,2045,current,baseline,0.279698967933655,柳州市
Guangxi,2045,current,baseline,0.279698967933655,来宾市
Guangxi,2045,current,baseline,0.279698967933655,南宁市
Guangxi,2045,current,baseline,0.279698967933655,河池市
Guangxi,2045,current,baseline,0.279698967933655,贵港市
Guangxi,2045,current,baseline,0.279698967933655,钦州市
Guangxi,2045,current,baseline,0.279698967933655,防城港市
Guangxi,2045,current,baseline,0.279698967933655,北海市
Guangxi,2045,current,baseline,0.279698967933655,玉林市
Guangxi,2050,current,baseline,0.279698967933655,贺州市
Guangxi,2050,current,baseline,0.279698967933655,百色市
Guangxi,2050,current,baseline,0.279698967933655,梧州市
Guangxi,2050,current,baseline,0.279698967933655,桂林市
Guangxi,2050,current,baseline,0.279698967933655,崇左市
Guangxi,2050,current,baseline,0.279698967933655,柳州市
Guangxi,2050,current,baseline,0.279698967933655,来宾市
Guangxi,2050,current,baseline,0.279698967933655,南宁市
Guangxi,2050,current,baseline,0.279698967933655,河池市
Guangxi,2050,current,baseline,0.279698967933655,贵港市
Guangxi,2050,current,baseline,0.279698967933655,钦州市
Guangxi,2050,current,baseline,0.279698967933655,防城港市
Guangxi,2050,current,baseline,0.279698967933655,北海市
Guangxi,2050,current,baseline,0.279698967933655,玉林市
Guangxi,2030,ssp245,baseline,0.127061322331429,贺州市
Guangxi,2030,ssp245,baseline,0.127061322331429,百色市
Guangxi,2030,ssp245,baseline,0.127061322331429,梧州市
Guangxi,2030,ssp245,baseline,0.127061322331429,桂林市
Guangxi,2030,ssp245,baseline,0.127061322331429,崇左市
Guangxi,2030,ssp245,baseline,0.127061322331429,柳州市
Guangxi,2030,ssp245,baseline,0.127061322331429,来宾市
Guangxi,2030,ssp245,baseline,0.127061322331429,南宁市
Guangxi,2030,ssp245,baseline,0.127061322331429,河池市
Guangxi,2030,ssp245,baseline,0.127061322331429,贵港市
Guangxi,2030,ssp245,baseline,0.127061322331429,钦州市
Guangxi,2030,ssp245,baseline,0.127061322331429,防城港市
Guangxi,2030,ssp245,baseline,0.127061322331429,北海市
Guangxi,2030,ssp245,baseline,0.127061322331429,玉林市
Guangxi,2035,ssp245,baseline,0.0951659753918648,贺州市
Guangxi,2035,ssp245,baseline,0.0951659753918648,百色市
Guangxi,2035,ssp245,baseline,0.0951659753918648,梧州市
Guangxi,2035,ssp245,baseline,0.0951659753918648,桂林市
Guangxi,2035,ssp245,baseline,0.0951659753918648,崇左市
Guangxi,2035,ssp245,baseline,0.0951659753918648,柳州市
Guangxi,2035,ssp245,baseline,0.0951659753918648,来宾市
Guangxi,2035,ssp245,baseline,0.0951659753918648,南宁市
Guangxi,2035,ssp245,baseline,0.0951659753918648,河池市
Guangxi,2035,ssp245,baseline,0.0951659753918648,贵港市
Guangxi,2035,ssp245,baseline,0.0951659753918648,钦州市
Guangxi,2035,ssp245,baseline,0.0951659753918648,防城港市
Guangxi,2035,ssp245,baseline,0.0951659753918648,北海市
Guangxi,2035,ssp245,baseline,0.0951659753918648,玉林市
Guangxi,2040,ssp245,baseline,0.0897569209337235,贺州市
Guangxi,2040,ssp245,baseline,0.0897569209337235,百色市
Guangxi,2040,ssp245,baseline,0.0897569209337235,梧州市
Guangxi,2040,ssp245,baseline,0.0897569209337235,桂林市
Guangxi,2040,ssp245,baseline,0.0897569209337235,崇左市
Guangxi,2040,ssp245,baseline,0.0897569209337235,柳州市
Guangxi,2040,ssp245,baseline,0.0897569209337235,来宾市
Guangxi,2040,ssp245,baseline,0.0897569209337235,南宁市
Guangxi,2040,ssp245,baseline,0.0897569209337235,河池市
Guangxi,2040,ssp245,baseline,0.0897569209337235,贵港市
Guangxi,2040,ssp245,baseline,0.0897569209337235,钦州市
Guangxi,2040,ssp245,baseline,0.0897569209337235,防城港市
Guangxi,2040,ssp245,baseline,0.0897569209337235,北海市
Guangxi,2040,ssp245,baseline,0.0897569209337235,玉林市
Guangxi,2045,ssp245,baseline,0.109296903014183,贺州市
Guangxi,2045,ssp245,baseline,0.109296903014183,百色市
Guangxi,2045,ssp245,baseline,0.109296903014183,梧州市
Guangxi,2045,ssp245,baseline,0.109296903014183,桂林市
Guangxi,2045,ssp245,baseline,0.109296903014183,崇左市
Guangxi,2045,ssp245,baseline,0.109296903014183,柳州市
Guangxi,2045,ssp245,baseline,0.109296903014183,来宾市
Guangxi,2045,ssp245,baseline,0.109296903014183,南宁市
Guangxi,2045,ssp245,baseline,0.109296903014183,河池市
Guangxi,2045,ssp245,baseline,0.109296903014183,贵港市
Guangxi,2045,ssp245,baseline,0.109296903014183,钦州市
Guangxi,2045,ssp245,baseline,0.109296903014183,防城港市
Guangxi,2045,ssp245,baseline,0.109296903014183,北海市
Guangxi,2045,ssp245,baseline,0.109296903014183,玉林市
Guangxi,2050,ssp245,baseline,0.256370395421982,贺州市
Guangxi,2050,ssp245,baseline,0.256370395421982,百色市
Guangxi,2050,ssp245,baseline,0.256370395421982,梧州市
Guangxi,2050,ssp245,baseline,0.256370395421982,桂林市
Guangxi,2050,ssp245,baseline,0.256370395421982,崇左市
Guangxi,2050,ssp245,baseline,0.256370395421982,柳州市
Guangxi,2050,ssp245,baseline,0.256370395421982,来宾市
Guangxi,2050,ssp245,baseline,0.256370395421982,南宁市
Guangxi,2050,ssp245,baseline,0.256370395421982,河池市
Guangxi,2050,ssp245,baseline,0.256370395421982,贵港市
Guangxi,2050,ssp245,baseline,0.256370395421982,钦州市
Guangxi,2050,ssp245,baseline,0.256370395421982,防城港市
Guangxi,2050,ssp245,baseline,0.256370395421982,北海市
Guangxi,2050,ssp245,baseline,0.256370395421982,玉林市
Guangxi,2030,ssp585,baseline,0.0897569209337235,贺州市
Guangxi,2030,ssp585,baseline,0.0897569209337235,百色市
Guangxi,2030,ssp585,baseline,0.0897569209337235,梧州市
Guangxi,2030,ssp585,baseline,0.0897569209337235,桂林市
Guangxi,2030,ssp585,baseline,0.0897569209337235,崇左市
Guangxi,2030,ssp585,baseline,0.0897569209337235,柳州市
Guangxi,2030,ssp585,baseline,0.0897569209337235,来宾市
Guangxi,2030,ssp585,baseline,0.0897569209337235,南宁市
Guangxi,2030,ssp585,baseline,0.0897569209337235,河池市
Guangxi,2030,ssp585,baseline,0.0897569209337235,贵港市
Guangxi,2030,ssp585,baseline,0.0897569209337235,钦州市
Guangxi,2030,ssp585,baseline,0.0897569209337235,防城港市
Guangxi,2030,ssp585,baseline,0.0897569209337235,北海市
Guangxi,2030,ssp585,baseline,0.0897569209337235,玉林市
Guangxi,2035,ssp585,baseline,0.169077306985855,贺州市
Guangxi,2035,ssp585,baseline,0.169077306985855,百色市
Guangxi,2035,ssp585,baseline,0.169077306985855,梧州市
Guangxi,2035,ssp585,baseline,0.169077306985855,桂林市
Guangxi,2035,ssp585,baseline,0.169077306985855,崇左市
Guangxi,2035,ssp585,baseline,0.169077306985855,柳州市
Guangxi,2035,ssp585,baseline,0.169077306985855,来宾市
Guangxi,2035,ssp585,baseline,0.169077306985855,南宁市
Guangxi,2035,ssp585,baseline,0.169077306985855,河池市
Guangxi,2035,ssp585,baseline,0.169077306985855,贵港市
Guangxi,2035,ssp585,baseline,0.169077306985855,钦州市
Guangxi,2035,ssp585,baseline,0.169077306985855,防城港市
Guangxi,2035,ssp585,baseline,0.169077306985855,北海市
Guangxi,2035,ssp585,baseline,0.169077306985855,玉林市
Guangxi,2040,ssp585,baseline,0.0689751133322716,贺州市
Guangxi,2040,ssp585,baseline,0.0689751133322716,百色市
Guangxi,2040,ssp585,baseline,0.0689751133322716,梧州市
Guangxi,2040,ssp585,baseline,0.0689751133322716,桂林市
Guangxi,2040,ssp585,baseline,0.0689751133322716,崇左市
Guangxi,2040,ssp585,baseline,0.0689751133322716,柳州市
Guangxi,2040,ssp585,baseline,0.0689751133322716,来宾市
Guangxi,2040,ssp585,baseline,0.0689751133322716,南宁市
Guangxi,2040,ssp585,baseline,0.0689751133322716,河池市
Guangxi,2040,ssp585,baseline,0.0689751133322716,贵港市
Guangxi,2040,ssp585,baseline,0.0689751133322716,钦州市
Guangxi,2040,ssp585,baseline,0.0689751133322716,防城港市
Guangxi,2040,ssp585,baseline,0.0689751133322716,北海市
Guangxi,2040,ssp585,baseline,0.0689751133322716,玉林市
Guangxi,2045,ssp585,baseline,0.0627644956111908,贺州市
Guangxi,2045,ssp585,baseline,0.0627644956111908,百色市
Guangxi,2045,ssp585,baseline,0.0627644956111908,梧州市
Guangxi,2045,ssp585,baseline,0.0627644956111908,桂林市
Guangxi,2045,ssp585,baseline,0.0627644956111908,崇左市
Guangxi,2045,ssp585,baseline,0.0627644956111908,柳州市
Guangxi,2045,ssp585,baseline,0.0627644956111908,来宾市
Guangxi,2045,ssp585,baseline,0.0627644956111908,南宁市
Guangxi,2045,ssp585,baseline,0.0627644956111908,河池市
Guangxi,2045,ssp585,baseline,0.0627644956111908,贵港市
Guangxi,2045,ssp585,baseline,0.0627644956111908,钦州市
Guangxi,2045,ssp585,baseline,0.0627644956111908,防城港市
Guangxi,2045,ssp585,baseline,0.0627644956111908,北海市
Guangxi,2045,ssp585,baseline,0.0627644956111908,玉林市
Guangxi,2050,ssp585,baseline,0.0809201300144196,贺州市
Guangxi,2050,ssp585,baseline,0.0809201300144196,百色市
Guangxi,2050,ssp585,baseline,0.0809201300144196,梧州市
Guangxi,2050,ssp585,baseline,0.0809201300144196,桂林市
Guangxi,2050,ssp585,baseline,0.0809201300144196,崇左市
Guangxi,2050,ssp585,baseline,0.0809201300144196,柳州市
Guangxi,2050,ssp585,baseline,0.0809201300144196,来宾市
Guangxi,2050,ssp585,baseline,0.0809201300144196,南宁市
Guangxi,2050,ssp585,baseline,0.0809201300144196,河池市
Guangxi,2050,ssp585,baseline,0.0809201300144196,贵港市
Guangxi,2050,ssp585,baseline,0.0809201300144196,钦州市
Guangxi,2050,ssp585,baseline,0.0809201300144196,防城港市
Guangxi,2050,ssp585,baseline,0.0809201300144196,北海市
Guangxi,2050,ssp585,baseline,0.0809201300144196,玉林市
Guangxi,2030,current,trend,0.242397740483284,贺州市
Guangxi,2030,current,trend,0.242397740483284,百色市
Guangxi,2030,current,trend,0.242397740483284,梧州市
Guangxi,2030,current,trend,0.242397740483284,桂林市
Guangxi,2030,current,trend,0.242397740483284,崇左市
Guangxi,2030,current,trend,0.242397740483284,柳州市
Guangxi,2030,current,trend,0.242397740483284,来宾市
Guangxi,2030,current,trend,0.242397740483284,南宁市
Guangxi,2030,current,trend,0.242397740483284,河池市
Guangxi,2030,current,trend,0.242397740483284,贵港市
Guangxi,2030,current,trend,0.242397740483284,钦州市
Guangxi,2030,current,trend,0.242397740483284,防城港市
Guangxi,2030,current,trend,0.242397740483284,北海市
Guangxi,2030,current,trend,0.242397740483284,玉林市
Guangxi,2035,current,trend,0.206370249390602,贺州市
Guangxi,2035,current,trend,0.206370249390602,百色市
Guangxi,2035,current,trend,0.206370249390602,梧州市
Guangxi,2035,current,trend,0.206370249390602,桂林市
Guangxi,2035,current,trend,0.206370249390602,崇左市
Guangxi,2035,current,trend,0.206370249390602,柳州市
Guangxi,2035,current,trend,0.206370249390602,来宾市
Guangxi,2035,current,trend,0.206370249390602,南宁市
Guangxi,2035,current,trend,0.206370249390602,河池市
Guangxi,2035,current,trend,0.206370249390602,贵港市
Guangxi,2035,current,trend,0.206370249390602,钦州市
Guangxi,2035,current,trend,0.206370249390602,防城港市
Guangxi,2035,current,trend,0.206370249390602,北海市
Guangxi,2035,current,trend,0.206370249390602,玉林市
Guangxi,2040,current,trend,0.205125153064728,贺州市
Guangxi,2040,current,trend,0.205125153064728,百色市
Guangxi,2040,current,trend,0.205125153064728,梧州市
Guangxi,2040,current,trend,0.205125153064728,桂林市
Guangxi,2040,current,trend,0.205125153064728,崇左市
Guangxi,2040,current,trend,0.205125153064728,柳州市
Guangxi,2040,current,trend,0.205125153064728,来宾市
Guangxi,2040,current,trend,0.205125153064728,南宁市
Guangxi,2040,current,trend,0.205125153064728,河池市
Guangxi,2040,current,trend,0.205125153064728,贵港市
Guangxi,2040,current,trend,0.205125153064728,钦州市
Guangxi,2040,current,trend,0.205125153064728,防城港市
Guangxi,2040,current,trend,0.205125153064728,北海市
Guangxi,2040,current,trend,0.205125153064728,玉林市
Guangxi,2045,current,trend,0.207467883825302,贺州市
Guangxi,2045,current,trend,0.207467883825302,百色市
Guangxi,2045,current,trend,0.207467883825302,梧州市
Guangxi,2045,current,trend,0.207467883825302,桂林市
Guangxi,2045,current,trend,0.207467883825302,崇左市
Guangxi,2045,current,trend,0.207467883825302,柳州市
Guangxi,2045,current,trend,0.207467883825302,来宾市
Guangxi,2045,current,trend,0.207467883825302,南宁市
Guangxi,2045,current,trend,0.207467883825302,河池市
Guangxi,2045,current,trend,0.207467883825302,贵港市
Guangxi,2045,current,trend,0.207467883825302,钦州市
Guangxi,2045,current,trend,0.207467883825302,防城港市
Guangxi,2045,current,trend,0.207467883825302,北海市
Guangxi,2045,current,trend,0.207467883825302,玉林市
Guangxi,2050,current,trend,0.263163238763809,贺州市
Guangxi,2050,current,trend,0.263163238763809,百色市
Guangxi,2050,current,trend,0.263163238763809,梧州市
Guangxi,2050,current,trend,0.263163238763809,桂林市
Guangxi,2050,current,trend,0.263163238763809,崇左市
Guangxi,2050,current,trend,0.263163238763809,柳州市
Guangxi,2050,current,trend,0.263163238763809,来宾市
Guangxi,2050,current,trend,0.263163238763809,南宁市
Guangxi,2050,current,trend,0.263163238763809,河池市
Guangxi,2050,current,trend,0.263163238763809,贵港市
Guangxi,2050,current,trend,0.263163238763809,钦州市
Guangxi,2050,current,trend,0.263163238763809,防城港市
Guangxi,2050,current,trend,0.263163238763809,北海市
Guangxi,2050,current,trend,0.263163238763809,玉林市
Guangxi,2030,ssp245,trend,0.0409225262701511,贺州市
Guangxi,2030,ssp245,trend,0.0409225262701511,百色市
Guangxi,2030,ssp245,trend,0.0409225262701511,梧州市
Guangxi,2030,ssp245,trend,0.0409225262701511,桂林市
Guangxi,2030,ssp245,trend,0.0409225262701511,崇左市
Guangxi,2030,ssp245,trend,0.0409225262701511,柳州市
Guangxi,2030,ssp245,trend,0.0409225262701511,来宾市
Guangxi,2030,ssp245,trend,0.0409225262701511,南宁市
Guangxi,2030,ssp245,trend,0.0409225262701511,河池市
Guangxi,2030,ssp245,trend,0.0409225262701511,贵港市
Guangxi,2030,ssp245,trend,0.0409225262701511,钦州市
Guangxi,2030,ssp245,trend,0.0409225262701511,防城港市
Guangxi,2030,ssp245,trend,0.0409225262701511,北海市
Guangxi,2030,ssp245,trend,0.0409225262701511,玉林市
Guangxi,2035,ssp245,trend,0.110845938324928,贺州市
Guangxi,2035,ssp245,trend,0.110845938324928,百色市
Guangxi,2035,ssp245,trend,0.110845938324928,梧州市
Guangxi,2035,ssp245,trend,0.110845938324928,桂林市
Guangxi,2035,ssp245,trend,0.110845938324928,崇左市
Guangxi,2035,ssp245,trend,0.110845938324928,柳州市
Guangxi,2035,ssp245,trend,0.110845938324928,来宾市
Guangxi,2035,ssp245,trend,0.110845938324928,南宁市
Guangxi,2035,ssp245,trend,0.110845938324928,河池市
Guangxi,2035,ssp245,trend,0.110845938324928,贵港市
Guangxi,2035,ssp245,trend,0.110845938324928,钦州市
Guangxi,2035,ssp245,trend,0.110845938324928,防城港市
Guangxi,2035,ssp245,trend,0.110845938324928,北海市
Guangxi,2035,ssp245,trend,0.110845938324928,玉林市
Guangxi,2040,ssp245,trend,0.0783998519182205,贺州市
Guangxi,2040,ssp245,trend,0.0783998519182205,百色市
Guangxi,2040,ssp245,trend,0.0783998519182205,梧州市
Guangxi,2040,ssp245,trend,0.0783998519182205,桂林市
Guangxi,2040,ssp245,trend,0.0783998519182205,崇左市
Guangxi,2040,ssp245,trend,0.0783998519182205,柳州市
Guangxi,2040,ssp245,trend,0.0783998519182205,来宾市
Guangxi,2040,ssp245,trend,0.0783998519182205,南宁市
Guangxi,2040,ssp245,trend,0.0783998519182205,河池市
Guangxi,2040,ssp245,trend,0.0783998519182205,贵港市
Guangxi,2040,ssp245,trend,0.0783998519182205,钦州市
Guangxi,2040,ssp245,trend,0.0783998519182205,防城港市
Guangxi,2040,ssp245,trend,0.0783998519182205,北海市
Guangxi,2040,ssp245,trend,0.0783998519182205,玉林市
Guangxi,2045,ssp245,trend,0.109690636396408,贺州市
Guangxi,2045,ssp245,trend,0.109690636396408,百色市
Guangxi,2045,ssp245,trend,0.109690636396408,梧州市
Guangxi,2045,ssp245,trend,0.109690636396408,桂林市
Guangxi,2045,ssp245,trend,0.109690636396408,崇左市
Guangxi,2045,ssp245,trend,0.109690636396408,柳州市
Guangxi,2045,ssp245,trend,0.109690636396408,来宾市
Guangxi,2045,ssp245,trend,0.109690636396408,南宁市
Guangxi,2045,ssp245,trend,0.109690636396408,河池市
Guangxi,2045,ssp245,trend,0.109690636396408,贵港市
Guangxi,2045,ssp245,trend,0.109690636396408,钦州市
Guangxi,2045,ssp245,trend,0.109690636396408,防城港市
Guangxi,2045,ssp245,trend,0.109690636396408,北海市
Guangxi,2045,ssp245,trend,0.109690636396408,玉林市
Guangxi,2050,ssp245,trend,0.128305286169052,贺州市
Guangxi,2050,ssp245,trend,0.128305286169052,百色市
Guangxi,2050,ssp245,trend,0.128305286169052,梧州市
Guangxi,2050,ssp245,trend,0.128305286169052,桂林市
Guangxi,2050,ssp245,trend,0.128305286169052,崇左市
Guangxi,2050,ssp245,trend,0.128305286169052,柳州市
Guangxi,2050,ssp245,trend,0.128305286169052,来宾市
Guangxi,2050,ssp245,trend,0.128305286169052,南宁市
Guangxi,2050,ssp245,trend,0.128305286169052,河池市
Guangxi,2050,ssp245,trend,0.128305286169052,贵港市
Guangxi,2050,ssp245,trend,0.128305286169052,钦州市
Guangxi,2050,ssp245,trend,0.128305286169052,防城港市
Guangxi,2050,ssp245,trend,0.128305286169052,北海市
Guangxi,2050,ssp245,trend,0.128305286169052,玉林市
Guangxi,2030,ssp585,trend,0.0466732867062092,贺州市
Guangxi,2030,ssp585,trend,0.0466732867062092,百色市
Guangxi,2030,ssp585,trend,0.0466732867062092,梧州市
Guangxi,2030,ssp585,trend,0.0466732867062092,桂林市
Guangxi,2030,ssp585,trend,0.0466732867062092,崇左市
Guangxi,2030,ssp585,trend,0.0466732867062092,柳州市
Guangxi,2030,ssp585,trend,0.0466732867062092,来宾市
Guangxi,2030,ssp585,trend,0.0466732867062092,南宁市
Guangxi,2030,ssp585,trend,0.0466732867062092,河池市
Guangxi,2030,ssp585,trend,0.0466732867062092,贵港市
Guangxi,2030,ssp585,trend,0.0466732867062092,钦州市
Guangxi,2030,ssp585,trend,0.0466732867062092,防城港市
Guangxi,2030,ssp585,trend,0.0466732867062092,北海市
Guangxi,2030,ssp585,trend,0.0466732867062092,玉林市
Guangxi,2035,ssp585,trend,0.124121680855751,贺州市
Guangxi,2035,ssp585,trend,0.124121680855751,百色市
Guangxi,2035,ssp585,trend,0.124121680855751,梧州市
Guangxi,2035,ssp585,trend,0.124121680855751,桂林市
Guangxi,2035,ssp585,trend,0.124121680855751,崇左市
Guangxi,2035,ssp585,trend,0.124121680855751,柳州市
Guangxi,2035,ssp585,trend,0.124121680855751,来宾市
Guangxi,2035,ssp585,trend,0.124121680855751,南宁市
Guangxi,2035,ssp585,trend,0.124121680855751,河池市
Guangxi,2035,ssp585,trend,0.124121680855751,贵港市
Guangxi,2035,ssp585,trend,0.124121680855751,钦州市
Guangxi,2035,ssp585,trend,0.124121680855751,防城港市
Guangxi,2035,ssp585,trend,0.124121680855751,北海市
Guangxi,2035,ssp585,trend,0.124121680855751,玉林市
Guangxi,2040,ssp585,trend,0.0888980254530907,贺州市
Guangxi,2040,ssp585,trend,0.0888980254530907,百色市
Guangxi,2040,ssp585,trend,0.0888980254530907,梧州市
Guangxi,2040,ssp585,trend,0.0888980254530907,桂林市
Guangxi,2040,ssp585,trend,0.0888980254530907,崇左市
Guangxi,2040,ssp585,trend,0.0888980254530907,柳州市
Guangxi,2040,ssp585,trend,0.0888980254530907,来宾市
Guangxi,2040,ssp585,trend,0.0888980254530907,南宁市
Guangxi,2040,ssp585,trend,0.0888980254530907,河池市
Guangxi,2040,ssp585,trend,0.0888980254530907,贵港市
Guangxi,2040,ssp585,trend,0.0888980254530907,钦州市
Guangxi,2040,ssp585,trend,0.0888980254530907,防城港市
Guangxi,2040,ssp585,trend,0.0888980254530907,北海市
Guangxi,2040,ssp585,trend,0.0888980254530907,玉林市
Guangxi,2045,ssp585,trend,0.0687560960650444,贺州市
Guangxi,2045,ssp585,trend,0.0687560960650444,百色市
Guangxi,2045,ssp585,trend,0.0687560960650444,梧州市
Guangxi,2045,ssp585,trend,0.0687560960650444,桂林市
Guangxi,2045,ssp585,trend,0.0687560960650444,崇左市
Guangxi,2045,ssp585,trend,0.0687560960650444,柳州市
Guangxi,2045,ssp585,trend,0.0687560960650444,来宾市
Guangxi,2045,ssp585,trend,0.0687560960650444,南宁市
Guangxi,2045,ssp585,trend,0.0687560960650444,河池市
Guangxi,2045,ssp585,trend,0.0687560960650444,贵港市
Guangxi,2045,ssp585,trend,0.0687560960650444,钦州市
Guangxi,2045,ssp585,trend,0.0687560960650444,防城港市
Guangxi,2045,ssp585,trend,0.0687560960650444,北海市
Guangxi,2045,ssp585,trend,0.0687560960650444,玉林市
Guangxi,2050,ssp585,trend,0.0694858431816101,贺州市
Guangxi,2050,ssp585,trend,0.0694858431816101,百色市
Guangxi,2050,ssp585,trend,0.0694858431816101,梧州市
Guangxi,2050,ssp585,trend,0.0694858431816101,桂林市
Guangxi,2050,ssp585,trend,0.0694858431816101,崇左市
Guangxi,2050,ssp585,trend,0.0694858431816101,柳州市
Guangxi,2050,ssp585,trend,0.0694858431816101,来宾市
Guangxi,2050,ssp585,trend,0.0694858431816101,南宁市
Guangxi,2050,ssp585,trend,0.0694858431816101,河池市
Guangxi,2050,ssp585,trend,0.0694858431816101,贵港市
Guangxi,2050,ssp585,trend,0.0694858431816101,钦州市
Guangxi,2050,ssp585,trend,0.0694858431816101,防城港市
Guangxi,2050,ssp585,trend,0.0694858431816101,北海市
Guangxi,2050,ssp585,trend,0.0694858431816101,玉林市
Guangxi,2030,current,doubled,0.206952139735222,贺州市
Guangxi,2030,current,doubled,0.206952139735222,百色市
Guangxi,2030,current,doubled,0.206952139735222,梧州市
Guangxi,2030,current,doubled,0.206952139735222,桂林市
Guangxi,2030,current,doubled,0.206952139735222,崇左市
Guangxi,2030,current,doubled,0.206952139735222,柳州市
Guangxi,2030,current,doubled,0.206952139735222,来宾市
Guangxi,2030,current,doubled,0.206952139735222,南宁市
Guangxi,2030,current,doubled,0.206952139735222,河池市
Guangxi,2030,current,doubled,0.206952139735222,贵港市
Guangxi,2030,current,doubled,0.206952139735222,钦州市
Guangxi,2030,current,doubled,0.206952139735222,防城港市
Guangxi,2030,current,doubled,0.206952139735222,北海市
Guangxi,2030,current,doubled,0.206952139735222,玉林市
Guangxi,2035,current,doubled,0.206952139735222,贺州市
Guangxi,2035,current,doubled,0.206952139735222,百色市
Guangxi,2035,current,doubled,0.206952139735222,梧州市
Guangxi,2035,current,doubled,0.206952139735222,桂林市
Guangxi,2035,current,doubled,0.206952139735222,崇左市
Guangxi,2035,current,doubled,0.206952139735222,柳州市
Guangxi,2035,current,doubled,0.206952139735222,来宾市
Guangxi,2035,current,doubled,0.206952139735222,南宁市
Guangxi,2035,current,doubled,0.206952139735222,河池市
Guangxi,2035,current,doubled,0.206952139735222,贵港市
Guangxi,2035,current,doubled,0.206952139735222,钦州市
Guangxi,2035,current,doubled,0.206952139735222,防城港市
Guangxi,2035,current,doubled,0.206952139735222,北海市
Guangxi,2035,current,doubled,0.206952139735222,玉林市
Guangxi,2040,current,doubled,0.206952139735222,贺州市
Guangxi,2040,current,doubled,0.206952139735222,百色市
Guangxi,2040,current,doubled,0.206952139735222,梧州市
Guangxi,2040,current,doubled,0.206952139735222,桂林市
Guangxi,2040,current,doubled,0.206952139735222,崇左市
Guangxi,2040,current,doubled,0.206952139735222,柳州市
Guangxi,2040,current,doubled,0.206952139735222,来宾市
Guangxi,2040,current,doubled,0.206952139735222,南宁市
Guangxi,2040,current,doubled,0.206952139735222,河池市
Guangxi,2040,current,doubled,0.206952139735222,贵港市
Guangxi,2040,current,doubled,0.206952139735222,钦州市
Guangxi,2040,current,doubled,0.206952139735222,防城港市
Guangxi,2040,current,doubled,0.206952139735222,北海市
Guangxi,2040,current,doubled,0.206952139735222,玉林市
Guangxi,2045,current,doubled,0.206952139735222,贺州市
Guangxi,2045,current,doubled,0.206952139735222,百色市
Guangxi,2045,current,doubled,0.206952139735222,梧州市
Guangxi,2045,current,doubled,0.206952139735222,桂林市
Guangxi,2045,current,doubled,0.206952139735222,崇左市
Guangxi,2045,current,doubled,0.206952139735222,柳州市
Guangxi,2045,current,doubled,0.206952139735222,来宾市
Guangxi,2045,current,doubled,0.206952139735222,南宁市
Guangxi,2045,current,doubled,0.206952139735222,河池市
Guangxi,2045,current,doubled,0.206952139735222,贵港市
Guangxi,2045,current,doubled,0.206952139735222,钦州市
Guangxi,2045,current,doubled,0.206952139735222,防城港市
Guangxi,2045,current,doubled,0.206952139735222,北海市
Guangxi,2045,current,doubled,0.206952139735222,玉林市
Guangxi,2050,current,doubled,0.206952139735222,贺州市
Guangxi,2050,current,doubled,0.206952139735222,百色市
Guangxi,2050,current,doubled,0.206952139735222,梧州市
Guangxi,2050,current,doubled,0.206952139735222,桂林市
Guangxi,2050,current,doubled,0.206952139735222,崇左市
Guangxi,2050,current,doubled,0.206952139735222,柳州市
Guangxi,2050,current,doubled,0.206952139735222,来宾市
Guangxi,2050,current,doubled,0.206952139735222,南宁市
Guangxi,2050,current,doubled,0.206952139735222,河池市
Guangxi,2050,current,doubled,0.206952139735222,贵港市
Guangxi,2050,current,doubled,0.206952139735222,钦州市
Guangxi,2050,current,doubled,0.206952139735222,防城港市
Guangxi,2050,current,doubled,0.206952139735222,北海市
Guangxi,2050,current,doubled,0.206952139735222,玉林市
Guangxi,2030,ssp245,doubled,0.111561357975006,贺州市
Guangxi,2030,ssp245,doubled,0.111561357975006,百色市
Guangxi,2030,ssp245,doubled,0.111561357975006,梧州市
Guangxi,2030,ssp245,doubled,0.111561357975006,桂林市
Guangxi,2030,ssp245,doubled,0.111561357975006,崇左市
Guangxi,2030,ssp245,doubled,0.111561357975006,柳州市
Guangxi,2030,ssp245,doubled,0.111561357975006,来宾市
Guangxi,2030,ssp245,doubled,0.111561357975006,南宁市
Guangxi,2030,ssp245,doubled,0.111561357975006,河池市
Guangxi,2030,ssp245,doubled,0.111561357975006,贵港市
Guangxi,2030,ssp245,doubled,0.111561357975006,钦州市
Guangxi,2030,ssp245,doubled,0.111561357975006,防城港市
Guangxi,2030,ssp245,doubled,0.111561357975006,北海市
Guangxi,2030,ssp245,doubled,0.111561357975006,玉林市
Guangxi,2035,ssp245,doubled,0.0948475301265717,贺州市
Guangxi,2035,ssp245,doubled,0.0948475301265717,百色市
Guangxi,2035,ssp245,doubled,0.0948475301265717,梧州市
Guangxi,2035,ssp245,doubled,0.0948475301265717,桂林市
Guangxi,2035,ssp245,doubled,0.0948475301265717,崇左市
Guangxi,2035,ssp245,doubled,0.0948475301265717,柳州市
Guangxi,2035,ssp245,doubled,0.0948475301265717,来宾市
Guangxi,2035,ssp245,doubled,0.0948475301265717,南宁市
Guangxi,2035,ssp245,doubled,0.0948475301265717,河池市
Guangxi,2035,ssp245,doubled,0.0948475301265717,贵港市
Guangxi,2035,ssp245,doubled,0.0948475301265717,钦州市
Guangxi,2035,ssp245,doubled,0.0948475301265717,防城港市
Guangxi,2035,ssp245,doubled,0.0948475301265717,北海市
Guangxi,2035,ssp245,doubled,0.0948475301265717,玉林市
Guangxi,2040,ssp245,doubled,0.0738559141755104,贺州市
Guangxi,2040,ssp245,doubled,0.0738559141755104,百色市
Guangxi,2040,ssp245,doubled,0.0738559141755104,梧州市
Guangxi,2040,ssp245,doubled,0.0738559141755104,桂林市
Guangxi,2040,ssp245,doubled,0.0738559141755104,崇左市
Guangxi,2040,ssp245,doubled,0.0738559141755104,柳州市
Guangxi,2040,ssp245,doubled,0.0738559141755104,来宾市
Guangxi,2040,ssp245,doubled,0.0738559141755104,南宁市
Guangxi,2040,ssp245,doubled,0.0738559141755104,河池市
Guangxi,2040,ssp245,doubled,0.0738559141755104,贵港市
Guangxi,2040,ssp245,doubled,0.0738559141755104,钦州市
Guangxi,2040,ssp245,doubled,0.0738559141755104,防城港市
Guangxi,2040,ssp245,doubled,0.0738559141755104,北海市
Guangxi,2040,ssp245,doubled,0.0738559141755104,玉林市
Guangxi,2045,ssp245,doubled,0.133255213499069,贺州市
Guangxi,2045,ssp245,doubled,0.133255213499069,百色市
Guangxi,2045,ssp245,doubled,0.133255213499069,梧州市
Guangxi,2045,ssp245,doubled,0.133255213499069,桂林市
Guangxi,2045,ssp245,doubled,0.133255213499069,崇左市
Guangxi,2045,ssp245,doubled,0.133255213499069,柳州市
Guangxi,2045,ssp245,doubled,0.133255213499069,来宾市
Guangxi,2045,ssp245,doubled,0.133255213499069,南宁市
Guangxi,2045,ssp245,doubled,0.133255213499069,河池市
Guangxi,2045,ssp245,doubled,0.133255213499069,贵港市
Guangxi,2045,ssp245,doubled,0.133255213499069,钦州市
Guangxi,2045,ssp245,doubled,0.133255213499069,防城港市
Guangxi,2045,ssp245,doubled,0.133255213499069,北海市
Guangxi,2045,ssp245,doubled,0.133255213499069,玉林市
Guangxi,2050,ssp245,doubled,0.152623668313026,贺州市
Guangxi,2050,ssp245,doubled,0.152623668313026,百色市
Guangxi,2050,ssp245,doubled,0.152623668313026,梧州市
Guangxi,2050,ssp245,doubled,0.152623668313026,桂林市
Guangxi,2050,ssp245,doubled,0.152623668313026,崇左市
Guangxi,2050,ssp245,doubled,0.152623668313026,柳州市
Guangxi,2050,ssp245,doubled,0.152623668313026,来宾市
Guangxi,2050,ssp245,doubled,0.152623668313026,南宁市
Guangxi,2050,ssp245,doubled,0.152623668313026,河池市
Guangxi,2050,ssp245,doubled,0.152623668313026,贵港市
Guangxi,2050,ssp245,doubled,0.152623668313026,钦州市
Guangxi,2050,ssp245,doubled,0.152623668313026,防城港市
Guangxi,2050,ssp245,doubled,0.152623668313026,北海市
Guangxi,2050,ssp245,doubled,0.152623668313026,玉林市
Guangxi,2030,ssp585,doubled,0.0738559141755104,贺州市
Guangxi,2030,ssp585,doubled,0.0738559141755104,百色市
Guangxi,2030,ssp585,doubled,0.0738559141755104,梧州市
Guangxi,2030,ssp585,doubled,0.0738559141755104,桂林市
Guangxi,2030,ssp585,doubled,0.0738559141755104,崇左市
Guangxi,2030,ssp585,doubled,0.0738559141755104,柳州市
Guangxi,2030,ssp585,doubled,0.0738559141755104,来宾市
Guangxi,2030,ssp585,doubled,0.0738559141755104,南宁市
Guangxi,2030,ssp585,doubled,0.0738559141755104,河池市
Guangxi,2030,ssp585,doubled,0.0738559141755104,贵港市
Guangxi,2030,ssp585,doubled,0.0738559141755104,钦州市
Guangxi,2030,ssp585,doubled,0.0738559141755104,防城港市
Guangxi,2030,ssp585,doubled,0.0738559141755104,北海市
Guangxi,2030,ssp585,doubled,0.0738559141755104,玉林市
Guangxi,2035,ssp585,doubled,0.127465218305588,贺州市
Guangxi,2035,ssp585,doubled,0.127465218305588,百色市
Guangxi,2035,ssp585,doubled,0.127465218305588,梧州市
Guangxi,2035,ssp585,doubled,0.127465218305588,桂林市
Guangxi,2035,ssp585,doubled,0.127465218305588,崇左市
Guangxi,2035,ssp585,doubled,0.127465218305588,柳州市
Guangxi,2035,ssp585,doubled,0.127465218305588,来宾市
Guangxi,2035,ssp585,doubled,0.127465218305588,南宁市
Guangxi,2035,ssp585,doubled,0.127465218305588,河池市
Guangxi,2035,ssp585,doubled,0.127465218305588,贵港市
Guangxi,2035,ssp585,doubled,0.127465218305588,钦州市
Guangxi,2035,ssp585,doubled,0.127465218305588,防城港市
Guangxi,2035,ssp585,doubled,0.127465218305588,北海市
Guangxi,2035,ssp585,doubled,0.127465218305588,玉林市
Guangxi,2040,ssp585,doubled,0.0881073921918869,贺州市
Guangxi,2040,ssp585,doubled,0.0881073921918869,百色市
Guangxi,2040,ssp585,doubled,0.0881073921918869,梧州市
Guangxi,2040,ssp585,doubled,0.0881073921918869,桂林市
Guangxi,2040,ssp585,doubled,0.0881073921918869,崇左市
Guangxi,2040,ssp585,doubled,0.0881073921918869,柳州市
Guangxi,2040,ssp585,doubled,0.0881073921918869,来宾市
Guangxi,2040,ssp585,doubled,0.0881073921918869,南宁市
Guangxi,2040,ssp585,doubled,0.0881073921918869,河池市
Guangxi,2040,ssp585,doubled,0.0881073921918869,贵港市
Guangxi,2040,ssp585,doubled,0.0881073921918869,钦州市
Guangxi,2040,ssp585,doubled,0.0881073921918869,防城港市
Guangxi,2040,ssp585,doubled,0.0881073921918869,北海市
Guangxi,2040,ssp585,doubled,0.0881073921918869,玉林市
Guangxi,2045,ssp585,doubled,0.117467656731606,贺州市
Guangxi,2045,ssp585,doubled,0.117467656731606,百色市
Guangxi,2045,ssp585,doubled,0.117467656731606,梧州市
Guangxi,2045,ssp585,doubled,0.117467656731606,桂林市
Guangxi,2045,ssp585,doubled,0.117467656731606,崇左市
Guangxi,2045,ssp585,doubled,0.117467656731606,柳州市
Guangxi,2045,ssp585,doubled,0.117467656731606,来宾市
Guangxi,2045,ssp585,doubled,0.117467656731606,南宁市
Guangxi,2045,ssp585,doubled,0.117467656731606,河池市
Guangxi,2045,ssp585,doubled,0.117467656731606,贵港市
Guangxi,2045,ssp585,doubled,0.117467656731606,钦州市
Guangxi,2045,ssp585,doubled,0.117467656731606,防城港市
Guangxi,2045,ssp585,doubled,0.117467656731606,北海市
Guangxi,2045,ssp585,doubled,0.117467656731606,玉林市
Guangxi,2050,ssp585,doubled,0.0704600736498833,贺州市
Guangxi,2050,ssp585,doubled,0.0704600736498833,百色市
Guangxi,2050,ssp585,doubled,0.0704600736498833,梧州市
Guangxi,2050,ssp585,doubled,0.0704600736498833,桂林市
Guangxi,2050,ssp585,doubled,0.0704600736498833,崇左市
Guangxi,2050,ssp585,doubled,0.0704600736498833,柳州市
Guangxi,2050,ssp585,doubled,0.0704600736498833,来宾市
Guangxi,2050,ssp585,doubled,0.0704600736498833,南宁市
Guangxi,2050,ssp585,doubled,0.0704600736498833,河池市
Guangxi,2050,ssp585,doubled,0.0704600736498833,贵港市
Guangxi,2050,ssp585,doubled,0.0704600736498833,钦州市
Guangxi,2050,ssp585,doubled,0.0704600736498833,防城港市
Guangxi,2050,ssp585,doubled,0.0704600736498833,北海市
Guangxi,2050,ssp585,doubled,0.0704600736498833,玉林市
Guizhou,2030,current,baseline,0.477031052112579,六盘水市
Guizhou,2030,current,baseline,0.477031052112579,贵阳市
Guizhou,2030,current,baseline,0.477031052112579,安顺市
Guizhou,2030,current,baseline,0.477031052112579,黔南布依族苗族自治州
Guizhou,2030,current,baseline,0.477031052112579,遵义市
Guizhou,2030,current,baseline,0.477031052112579,黔东南苗族侗族自治州
Guizhou,2030,current,baseline,0.477031052112579,黔西南布依族苗族自治州
Guizhou,2030,current,baseline,0.477031052112579,铜仁市
Guizhou,2030,current,baseline,0.477031052112579,毕节市
Guizhou,2035,current,baseline,0.477031052112579,六盘水市
Guizhou,2035,current,baseline,0.477031052112579,贵阳市
Guizhou,2035,current,baseline,0.477031052112579,安顺市
Guizhou,2035,current,baseline,0.477031052112579,黔南布依族苗族自治州
Guizhou,2035,current,baseline,0.477031052112579,遵义市
Guizhou,2035,current,baseline,0.477031052112579,黔东南苗族侗族自治州
Guizhou,2035,current,baseline,0.477031052112579,黔西南布依族苗族自治州
Guizhou,2035,current,baseline,0.477031052112579,铜仁市
Guizhou,2035,current,baseline,0.477031052112579,毕节市
Guizhou,2040,current,baseline,0.477031052112579,六盘水市
Guizhou,2040,current,baseline,0.477031052112579,贵阳市
Guizhou,2040,current,baseline,0.477031052112579,安顺市
Guizhou,2040,current,baseline,0.477031052112579,黔南布依族苗族自治州
Guizhou,2040,current,baseline,0.477031052112579,遵义市
Guizhou,2040,current,baseline,0.477031052112579,黔东南苗族侗族自治州
Guizhou,2040,current,baseline,0.477031052112579,黔西南布依族苗族自治州
Guizhou,2040,current,baseline,0.477031052112579,铜仁市
Guizhou,2040,current,baseline,0.477031052112579,毕节市
Guizhou,2045,current,baseline,0.477031052112579,六盘水市
Guizhou,2045,current,baseline,0.477031052112579,贵阳市
Guizhou,2045,current,baseline,0.477031052112579,安顺市
Guizhou,2045,current,baseline,0.477031052112579,黔南布依族苗族自治州
Guizhou,2045,current,baseline,0.477031052112579,遵义市
Guizhou,2045,current,baseline,0.477031052112579,黔东南苗族侗族自治州
Guizhou,2045,current,baseline,0.477031052112579,黔西南布依族苗族自治州
Guizhou,2045,current,baseline,0.477031052112579,铜仁市
Guizhou,2045,current,baseline,0.477031052112579,毕节市
Guizhou,2050,current,baseline,0.477031052112579,六盘水市
Guizhou,2050,current,baseline,0.477031052112579,贵阳市
Guizhou,2050,current,baseline,0.477031052112579,安顺市
Guizhou,2050,current,baseline,0.477031052112579,黔南布依族苗族自治州
Guizhou,2050,current,baseline,0.477031052112579,遵义市
Guizhou,2050,current,baseline,0.477031052112579,黔东南苗族侗族自治州
Guizhou,2050,current,baseline,0.477031052112579,黔西南布依族苗族自治州
Guizhou,2050,current,baseline,0.477031052112579,铜仁市
Guizhou,2050,current,baseline,0.477031052112579,毕节市
Guizhou,2030,ssp245,baseline,0.162198483943939,六盘水市
Guizhou,2030,ssp245,baseline,0.162198483943939,贵阳市
Guizhou,2030,ssp245,baseline,0.162198483943939,安顺市
Guizhou,2030,ssp245,baseline,0.162198483943939,黔南布依族苗族自治州
Guizhou,2030,ssp245,baseline,0.162198483943939,遵义市
Guizhou,2030,ssp245,baseline,0.162198483943939,黔东南苗族侗族自治州
Guizhou,2030,ssp245,baseline,0.162198483943939,黔西南布依族苗族自治州
Guizhou,2030,ssp245,baseline,0.162198483943939,铜仁市
Guizhou,2030,ssp245,baseline,0.162198483943939,毕节市
Guizhou,2035,ssp245,baseline,0.100884526968002,六盘水市
Guizhou,2035,ssp245,baseline,0.100884526968002,贵阳市
Guizhou,2035,ssp245,baseline,0.100884526968002,安顺市
Guizhou,2035,ssp245,baseline,0.100884526968002,黔南布依族苗族自治州
Guizhou,2035,ssp245,baseline,0.100884526968002,遵义市
Guizhou,2035,ssp245,baseline,0.100884526968002,黔东南苗族侗族自治州
Guizhou,2035,ssp245,baseline,0.100884526968002,黔西南布依族苗族自治州
Guizhou,2035,ssp245,baseline,0.100884526968002,铜仁市
Guizhou,2035,ssp245,baseline,0.100884526968002,毕节市
Guizhou,2040,ssp245,baseline,0.0938381552696228,六盘水市
Guizhou,2040,ssp245,baseline,0.0938381552696228,贵阳市
Guizhou,2040,ssp245,baseline,0.0938381552696228,安顺市
Guizhou,2040,ssp245,baseline,0.0938381552696228,黔南布依族苗族自治州
Guizhou,2040,ssp245,baseline,0.0938381552696228,遵义市
Guizhou,2040,ssp245,baseline,0.0938381552696228,黔东南苗族侗族自治州
Guizhou,2040,ssp245,baseline,0.0938381552696228,黔西南布依族苗族自治州
Guizhou,2040,ssp245,baseline,0.0938381552696228,铜仁市
Guizhou,2040,ssp245,baseline,0.0938381552696228,毕节市
Guizhou,2045,ssp245,baseline,0.208942160010338,六盘水市
Guizhou,2045,ssp245,baseline,0.208942160010338,贵阳市
Guizhou,2045,ssp245,baseline,0.208942160010338,安顺市
Guizhou,2045,ssp245,baseline,0.208942160010338,黔南布依族苗族自治州
Guizhou,2045,ssp245,baseline,0.208942160010338,遵义市
Guizhou,2045,ssp245,baseline,0.208942160010338,黔东南苗族侗族自治州
Guizhou,2045,ssp245,baseline,0.208942160010338,黔西南布依族苗族自治州
Guizhou,2045,ssp245,baseline,0.208942160010338,铜仁市
Guizhou,2045,ssp245,baseline,0.208942160010338,毕节市
Guizhou,2050,ssp245,baseline,0.29892110824585,六盘水市
Guizhou,2050,ssp245,baseline,0.29892110824585,贵阳市
Guizhou,2050,ssp245,baseline,0.29892110824585,安顺市
Guizhou,2050,ssp245,baseline,0.29892110824585,黔南布依族苗族自治州
Guizhou,2050,ssp245,baseline,0.29892110824585,遵义市
Guizhou,2050,ssp245,baseline,0.29892110824585,黔东南苗族侗族自治州
Guizhou,2050,ssp245,baseline,0.29892110824585,黔西南布依族苗族自治州
Guizhou,2050,ssp245,baseline,0.29892110824585,铜仁市
Guizhou,2050,ssp245,baseline,0.29892110824585,毕节市
Guizhou,2030,ssp585,baseline,0.0938381552696228,六盘水市
Guizhou,2030,ssp585,baseline,0.0938381552696228,贵阳市
Guizhou,2030,ssp585,baseline,0.0938381552696228,安顺市
Guizhou,2030,ssp585,baseline,0.0938381552696228,黔南布依族苗族自治州
Guizhou,2030,ssp585,baseline,0.0938381552696228,遵义市
Guizhou,2030,ssp585,baseline,0.0938381552696228,黔东南苗族侗族自治州
Guizhou,2030,ssp585,baseline,0.0938381552696228,黔西南布依族苗族自治州
Guizhou,2030,ssp585,baseline,0.0938381552696228,铜仁市
Guizhou,2030,ssp585,baseline,0.0938381552696228,毕节市
Guizhou,2035,ssp585,baseline,0.201558187603951,六盘水市
Guizhou,2035,ssp585,baseline,0.201558187603951,贵阳市
Guizhou,2035,ssp585,baseline,0.201558187603951,安顺市
Guizhou,2035,ssp585,baseline,0.201558187603951,黔南布依族苗族自治州
Guizhou,2035,ssp585,baseline,0.201558187603951,遵义市
Guizhou,2035,ssp585,baseline,0.201558187603951,黔东南苗族侗族自治州
Guizhou,2035,ssp585,baseline,0.201558187603951,黔西南布依族苗族自治州
Guizhou,2035,ssp585,baseline,0.201558187603951,铜仁市
Guizhou,2035,ssp585,baseline,0.201558187603951,毕节市
Guizhou,2040,ssp585,baseline,0.190930560231209,六盘水市
Guizhou,2040,ssp585,baseline,0.190930560231209,贵阳市
Guizhou,2040,ssp585,baseline,0.190930560231209,安顺市
Guizhou,2040,ssp585,baseline,0.190930560231209,黔南布依族苗族自治州
Guizhou,2040,ssp585,baseline,0.190930560231209,遵义市
Guizhou,2040,ssp585,baseline,0.190930560231209,黔东南苗族侗族自治州
Guizhou,2040,ssp585,baseline,0.190930560231209,黔西南布依族苗族自治州
Guizhou,2040,ssp585,baseline,0.190930560231209,铜仁市
Guizhou,2040,ssp585,baseline,0.190930560231209,毕节市
Guizhou,2045,ssp585,baseline,0.191633805632591,六盘水市
Guizhou,2045,ssp585,baseline,0.191633805632591,贵阳市
Guizhou,2045,ssp585,baseline,0.191633805632591,安顺市
Guizhou,2045,ssp585,baseline,0.191633805632591,黔南布依族苗族自治州
Guizhou,2045,ssp585,baseline,0.191633805632591,遵义市
Guizhou,2045,ssp585,baseline,0.191633805632591,黔东南苗族侗族自治州
Guizhou,2045,ssp585,baseline,0.191633805632591,黔西南布依族苗族自治州
Guizhou,2045,ssp585,baseline,0.191633805632591,铜仁市
Guizhou,2045,ssp585,baseline,0.191633805632591,毕节市
Guizhou,2050,ssp585,baseline,0.19537590444088,六盘水市
Guizhou,2050,ssp585,baseline,0.19537590444088,贵阳市
Guizhou,2050,ssp585,baseline,0.19537590444088,安顺市
Guizhou,2050,ssp585,baseline,0.19537590444088,黔南布依族苗族自治州
Guizhou,2050,ssp585,baseline,0.19537590444088,遵义市
Guizhou,2050,ssp585,baseline,0.19537590444088,黔东南苗族侗族自治州
Guizhou,2050,ssp585,baseline,0.19537590444088,黔西南布依族苗族自治州
Guizhou,2050,ssp585,baseline,0.19537590444088,铜仁市
Guizhou,2050,ssp585,baseline,0.19537590444088,毕节市
Guizhou,2030,current,trend,0.316921949386597,六盘水市
Guizhou,2030,current,trend,0.316921949386597,贵阳市
Guizhou,2030,current,trend,0.316921949386597,安顺市
Guizhou,2030,current,trend,0.316921949386597,黔南布依族苗族自治州
Guizhou,2030,current,trend,0.316921949386597,遵义市
Guizhou,2030,current,trend,0.316921949386597,黔东南苗族侗族自治州
Guizhou,2030,current,trend,0.316921949386597,黔西南布依族苗族自治州
Guizhou,2030,current,trend,0.316921949386597,铜仁市
Guizhou,2030,current,trend,0.316921949386597,毕节市
Guizhou,2035,current,trend,0.248450413346291,六盘水市
Guizhou,2035,current,trend,0.248450413346291,贵阳市
Guizhou,2035,current,trend,0.248450413346291,安顺市
Guizhou,2035,current,trend,0.248450413346291,黔南布依族苗族自治州
Guizhou,2035,current,trend,0.248450413346291,遵义市
Guizhou,2035,current,trend,0.248450413346291,黔东南苗族侗族自治州
Guizhou,2035,current,trend,0.248450413346291,黔西南布依族苗族自治州
Guizhou,2035,current,trend,0.248450413346291,铜仁市
Guizhou,2035,current,trend,0.248450413346291,毕节市
Guizhou,2040,current,trend,0.206370249390602,六盘水市
Guizhou,2040,current,trend,0.206370249390602,贵阳市
Guizhou,2040,current,trend,0.206370249390602,安顺市
Guizhou,2040,current,trend,0.206370249390602,黔南布依族苗族自治州
Guizhou,2040,current,trend,0.206370249390602,遵义市
Guizhou,2040,current,trend,0.206370249390602,黔东南苗族侗族自治州
Guizhou,2040,current,trend,0.206370249390602,黔西南布依族苗族自治州
Guizhou,2040,current,trend,0.206370249390602,铜仁市
Guizhou,2040,current,trend,0.206370249390602,毕节市
Guizhou,2045,current,trend,0.205125153064728,六盘水市
Guizhou,2045,current,trend,0.205125153064728,贵阳市
Guizhou,2045,current,trend,0.205125153064728,安顺市
Guizhou,2045,current,trend,0.205125153064728,黔南布依族苗族自治州
Guizhou,2045,current,trend,0.205125153064728,遵义市
Guizhou,2045,current,trend,0.205125153064728,黔东南苗族侗族自治州
Guizhou,2045,current,trend,0.205125153064728,黔西南布依族苗族自治州
Guizhou,2045,current,trend,0.205125153064728,铜仁市
Guizhou,2045,current,trend,0.205125153064728,毕节市
Guizhou,2050,current,trend,0.263347506523132,六盘水市
Guizhou,2050,current,trend,0.263347506523132,贵阳市
Guizhou,2050,current,trend,0.263347506523132,安顺市
Guizhou,2050,current,trend,0.263347506523132,黔南布依族苗族自治州
Guizhou,2050,current,trend,0.263347506523132,遵义市
Guizhou,2050,current,trend,0.263347506523132,黔东南苗族侗族自治州
Guizhou,2050,current,trend,0.263347506523132,黔西南布依族苗族自治州
Guizhou,2050,current,trend,0.263347506523132,铜仁市
Guizhou,2050,current,trend,0.263347506523132,毕节市
Guizhou,2030,ssp245,trend,0.0865861773490906,六盘水市
Guizhou,2030,ssp245,trend,0.0865861773490906,贵阳市
Guizhou,2030,ssp245,trend,0.0865861773490906,安顺市
Guizhou,2030,ssp245,trend,0.0865861773490906,黔南布依族苗族自治州
Guizhou,2030,ssp245,trend,0.0865861773490906,遵义市
Guizhou,2030,ssp245,trend,0.0865861773490906,黔东南苗族侗族自治州
Guizhou,2030,ssp245,trend,0.0865861773490906,黔西南布依族苗族自治州
Guizhou,2030,ssp245,trend,0.0865861773490906,铜仁市
Guizhou,2030,ssp245,trend,0.0865861773490906,毕节市
Guizhou,2035,ssp245,trend,0.054159190505743,六盘水市
Guizhou,2035,ssp245,trend,0.054159190505743,贵阳市
Guizhou,2035,ssp245,trend,0.054159190505743,安顺市
Guizhou,2035,ssp245,trend,0.054159190505743,黔南布依族苗族自治州
Guizhou,2035,ssp245,trend,0.054159190505743,遵义市
Guizhou,2035,ssp245,trend,0.054159190505743,黔东南苗族侗族自治州
Guizhou,2035,ssp245,trend,0.054159190505743,黔西南布依族苗族自治州
Guizhou,2035,ssp245,trend,0.054159190505743,铜仁市
Guizhou,2035,ssp245,trend,0.054159190505743,毕节市
Guizhou,2040,ssp245,trend,0.109701424837112,六盘水市
Guizhou,2040,ssp245,trend,0.109701424837112,贵阳市
Guizhou,2040,ssp245,trend,0.109701424837112,安顺市
Guizhou,2040,ssp245,trend,0.109701424837112,黔南布依族苗族自治州
Guizhou,2040,ssp245,trend,0.109701424837112,遵义市
Guizhou,2040,ssp245,trend,0.109701424837112,黔东南苗族侗族自治州
Guizhou,2040,ssp245,trend,0.109701424837112,黔西南布依族苗族自治州
Guizhou,2040,ssp245,trend,0.109701424837112,铜仁市
Guizhou,2040,ssp245,trend,0.109701424837112,毕节市
Guizhou,2045,ssp245,trend,0.12773571908474,六盘水市
Guizhou,2045,ssp245,trend,0.12773571908474,贵阳市
Guizhou,2045,ssp245,trend,0.12773571908474,安顺市
Guizhou,2045,ssp245,trend,0.12773571908474,黔南布依族苗族自治州
Guizhou,2045,ssp245,trend,0.12773571908474,遵义市
Guizhou,2045,ssp245,trend,0.12773571908474,黔东南苗族侗族自治州
Guizhou,2045,ssp245,trend,0.12773571908474,黔西南布依族苗族自治州
Guizhou,2045,ssp245,trend,0.12773571908474,铜仁市
Guizhou,2045,ssp245,trend,0.12773571908474,毕节市
Guizhou,2050,ssp245,trend,0.15077842772007,六盘水市
Guizhou,2050,ssp245,trend,0.15077842772007,贵阳市
Guizhou,2050,ssp245,trend,0.15077842772007,安顺市
Guizhou,2050,ssp245,trend,0.15077842772007,黔南布依族苗族自治州
Guizhou,2050,ssp245,trend,0.15077842772007,遵义市
Guizhou,2050,ssp245,trend,0.15077842772007,黔东南苗族侗族自治州
Guizhou,2050,ssp245,trend,0.15077842772007,黔西南布依族苗族自治州
Guizhou,2050,ssp245,trend,0.15077842772007,铜仁市
Guizhou,2050,ssp245,trend,0.15077842772007,毕节市
Guizhou,2030,ssp585,trend,0.0899395495653153,六盘水市
Guizhou,2030,ssp585,trend,0.0899395495653153,贵阳市
Guizhou,2030,ssp585,trend,0.0899395495653153,安顺市
Guizhou,2030,ssp585,trend,0.0899395495653153,黔南布依族苗族自治州
Guizhou,2030,ssp585,trend,0.0899395495653153,遵义市
Guizhou,2030,ssp585,trend,0.0899395495653153,黔东南苗族侗族自治州
Guizhou,2030,ssp585,trend,0.0899395495653153,黔西南布依族苗族自治州
Guizhou,2030,ssp585,trend,0.0899395495653153,铜仁市
Guizhou,2030,ssp585,trend,0.0899395495653153,毕节市
Guizhou,2035,ssp585,trend,0.15739306807518,六盘水市
Guizhou,2035,ssp585,trend,0.15739306807518,贵阳市
Guizhou,2035,ssp585,trend,0.15739306807518,安顺市
Guizhou,2035,ssp585,trend,0.15739306807518,黔南布依族苗族自治州
Guizhou,2035,ssp585,trend,0.15739306807518,遵义市
Guizhou,2035,ssp585,trend,0.15739306807518,黔东南苗族侗族自治州
Guizhou,2035,ssp585,trend,0.15739306807518,黔西南布依族苗族自治州
Guizhou,2035,ssp585,trend,0.15739306807518,铜仁市
Guizhou,2035,ssp585,trend,0.15739306807518,毕节市
Guizhou,2040,ssp585,trend,0.0626239776611328,六盘水市
Guizhou,2040,ssp585,trend,0.0626239776611328,贵阳市
Guizhou,2040,ssp585,trend,0.0626239776611328,安顺市
Guizhou,2040,ssp585,trend,0.0626239776611328,黔南布依族苗族自治州
Guizhou,2040,ssp585,trend,0.0626239776611328,遵义市
Guizhou,2040,ssp585,trend,0.0626239776611328,黔东南苗族侗族自治州
Guizhou,2040,ssp585,trend,0.0626239776611328,黔西南布依族苗族自治州
Guizhou,2040,ssp585,trend,0.0626239776611328,铜仁市
Guizhou,2040,ssp585,trend,0.0626239776611328,毕节市
Guizhou,2045,ssp585,trend,0.11251712590456,六盘水市
Guizhou,2045,ssp585,trend,0.11251712590456,贵阳市
Guizhou,2045,ssp585,trend,0.11251712590456,安顺市
Guizhou,2045,ssp585,trend,0.11251712590456,黔南布依族苗族自治州
Guizhou,2045,ssp585,trend,0.11251712590456,遵义市
Guizhou,2045,ssp585,trend,0.11251712590456,黔东南苗族侗族自治州
Guizhou,2045,ssp585,trend,0.11251712590456,黔西南布依族苗族自治州
Guizhou,2045,ssp585,trend,0.11251712590456,铜仁市
Guizhou,2045,ssp585,trend,0.11251712590456,毕节市
Guizhou,2050,ssp585,trend,0.0701901465654373,六盘水市
Guizhou,2050,ssp585,trend,0.0701901465654373,贵阳市
Guizhou,2050,ssp585,trend,0.0701901465654373,安顺市
Guizhou,2050,ssp585,trend,0.0701901465654373,黔南布依族苗族自治州
Guizhou,2050,ssp585,trend,0.0701901465654373,遵义市
Guizhou,2050,ssp585,trend,0.0701901465654373,黔东南苗族侗族自治州
Guizhou,2050,ssp585,trend,0.0701901465654373,黔西南布依族苗族自治州
Guizhou,2050,ssp585,trend,0.0701901465654373,铜仁市
Guizhou,2050,ssp585,trend,0.0701901465654373,毕节市
Guizhou,2030,current,doubled,0.242708563804626,六盘水市
Guizhou,2030,current,doubled,0.242708563804626,贵阳市
Guizhou,2030,current,doubled,0.242708563804626,安顺市
Guizhou,2030,current,doubled,0.242708563804626,黔南布依族苗族自治州
Guizhou,2030,current,doubled,0.242708563804626,遵义市
Guizhou,2030,current,doubled,0.242708563804626,黔东南苗族侗族自治州
Guizhou,2030,current,doubled,0.242708563804626,黔西南布依族苗族自治州
Guizhou,2030,current,doubled,0.242708563804626,铜仁市
Guizhou,2030,current,doubled,0.242708563804626,毕节市
Guizhou,2035,current,doubled,0.242708563804626,六盘水市
Guizhou,2035,current,doubled,0.242708563804626,贵阳市
Guizhou,2035,current,doubled,0.242708563804626,安顺市
Guizhou,2035,current,doubled,0.242708563804626,黔南布依族苗族自治州
Guizhou,2035,current,doubled,0.242708563804626,遵义市
Guizhou,2035,current,doubled,0.242708563804626,黔东南苗族侗族自治州
Guizhou,2035,current,doubled,0.242708563804626,黔西南布依族苗族自治州
Guizhou,2035,current,doubled,0.242708563804626,铜仁市
Guizhou,2035,current,doubled,0.242708563804626,毕节市
Guizhou,2040,current,doubled,0.242708563804626,六盘水市
Guizhou,2040,current,doubled,0.242708563804626,贵阳市
Guizhou,2040,current,doubled,0.242708563804626,安顺市
Guizhou,2040,current,doubled,0.242708563804626,黔南布依族苗族自治州
Guizhou,2040,current,doubled,0.242708563804626,遵义市
Guizhou,2040,current,doubled,0.242708563804626,黔东南苗族侗族自治州
Guizhou,2040,current,doubled,0.242708563804626,黔西南布依族苗族自治州
Guizhou,2040,current,doubled,0.242708563804626,铜仁市
Guizhou,2040,current,doubled,0.242708563804626,毕节市
Guizhou,2045,current,doubled,0.242708563804626,六盘水市
Guizhou,2045,current,doubled,0.242708563804626,贵阳市
Guizhou,2045,current,doubled,0.242708563804626,安顺市
Guizhou,2045,current,doubled,0.242708563804626,黔南布依族苗族自治州
Guizhou,2045,current,doubled,0.242708563804626,遵义市
Guizhou,2045,current,doubled,0.242708563804626,黔东南苗族侗族自治州
Guizhou,2045,current,doubled,0.242708563804626,黔西南布依族苗族自治州
Guizhou,2045,current,doubled,0.242708563804626,铜仁市
Guizhou,2045,current,doubled,0.242708563804626,毕节市
Guizhou,2050,current,doubled,0.242708563804626,六盘水市
Guizhou,2050,current,doubled,0.242708563804626,贵阳市
Guizhou,2050,current,doubled,0.242708563804626,安顺市
Guizhou,2050,current,doubled,0.242708563804626,黔南布依族苗族自治州
Guizhou,2050,current,doubled,0.242708563804626,遵义市
Guizhou,2050,current,doubled,0.242708563804626,黔东南苗族侗族自治州
Guizhou,2050,current,doubled,0.242708563804626,黔西南布依族苗族自治州
Guizhou,2050,current,doubled,0.242708563804626,铜仁市
Guizhou,2050,current,doubled,0.242708563804626,毕节市
Guizhou,2030,ssp245,doubled,0.0482372082769871,六盘水市
Guizhou,2030,ssp245,doubled,0.0482372082769871,贵阳市
Guizhou,2030,ssp245,doubled,0.0482372082769871,安顺市
Guizhou,2030,ssp245,doubled,0.0482372082769871,黔南布依族苗族自治州
Guizhou,2030,ssp245,doubled,0.0482372082769871,遵义市
Guizhou,2030,ssp245,doubled,0.0482372082769871,黔东南苗族侗族自治州
Guizhou,2030,ssp245,doubled,0.0482372082769871,黔西南布依族苗族自治州
Guizhou,2030,ssp245,doubled,0.0482372082769871,铜仁市
Guizhou,2030,ssp245,doubled,0.0482372082769871,毕节市
Guizhou,2035,ssp245,doubled,0.148015603423119,六盘水市
Guizhou,2035,ssp245,doubled,0.148015603423119,贵阳市
Guizhou,2035,ssp245,doubled,0.148015603423119,安顺市
Guizhou,2035,ssp245,doubled,0.148015603423119,黔南布依族苗族自治州
Guizhou,2035,ssp245,doubled,0.148015603423119,遵义市
Guizhou,2035,ssp245,doubled,0.148015603423119,黔东南苗族侗族自治州
Guizhou,2035,ssp245,doubled,0.148015603423119,黔西南布依族苗族自治州
Guizhou,2035,ssp245,doubled,0.148015603423119,铜仁市
Guizhou,2035,ssp245,doubled,0.148015603423119,毕节市
Guizhou,2040,ssp245,doubled,0.040069717913866,六盘水市
Guizhou,2040,ssp245,doubled,0.040069717913866,贵阳市
Guizhou,2040,ssp245,doubled,0.040069717913866,安顺市
Guizhou,2040,ssp245,doubled,0.040069717913866,黔南布依族苗族自治州
Guizhou,2040,ssp245,doubled,0.040069717913866,遵义市
Guizhou,2040,ssp245,doubled,0.040069717913866,黔东南苗族侗族自治州
Guizhou,2040,ssp245,doubled,0.040069717913866,黔西南布依族苗族自治州
Guizhou,2040,ssp245,doubled,0.040069717913866,铜仁市
Guizhou,2040,ssp245,doubled,0.040069717913866,毕节市
Guizhou,2045,ssp245,doubled,0.174969464540482,六盘水市
Guizhou,2045,ssp245,doubled,0.174969464540482,贵阳市
Guizhou,2045,ssp245,doubled,0.174969464540482,安顺市
Guizhou,2045,ssp245,doubled,0.174969464540482,黔南布依族苗族自治州
Guizhou,2045,ssp245,doubled,0.174969464540482,遵义市
Guizhou,2045,ssp245,doubled,0.174969464540482,黔东南苗族侗族自治州
Guizhou,2045,ssp245,doubled,0.174969464540482,黔西南布依族苗族自治州
Guizhou,2045,ssp245,doubled,0.174969464540482,铜仁市
Guizhou,2045,ssp245,doubled,0.174969464540482,毕节市
Guizhou,2050,ssp245,doubled,0.165144920349121,六盘水市
Guizhou,2050,ssp245,doubled,0.165144920349121,贵阳市
Guizhou,2050,ssp245,doubled,0.165144920349121,安顺市
Guizhou,2050,ssp245,doubled,0.165144920349121,黔南布依族苗族自治州
Guizhou,2050,ssp245,doubled,0.165144920349121,遵义市
Guizhou,2050,ssp245,doubled,0.165144920349121,黔东南苗族侗族自治州
Guizhou,2050,ssp245,doubled,0.165144920349121,黔西南布依族苗族自治州
Guizhou,2050,ssp245,doubled,0.165144920349121,铜仁市
Guizhou,2050,ssp245,doubled,0.165144920349121,毕节市
Guizhou,2030,ssp585,doubled,0.040069717913866,六盘水市
Guizhou,2030,ssp585,doubled,0.040069717913866,贵阳市
Guizhou,2030,ssp585,doubled,0.040069717913866,安顺市
Guizhou,2030,ssp585,doubled,0.040069717913866,黔南布依族苗族自治州
Guizhou,2030,ssp585,doubled,0.040069717913866,遵义市
Guizhou,2030,ssp585,doubled,0.040069717913866,黔东南苗族侗族自治州
Guizhou,2030,ssp585,doubled,0.040069717913866,黔西南布依族苗族自治州
Guizhou,2030,ssp585,doubled,0.040069717913866,铜仁市
Guizhou,2030,ssp585,doubled,0.040069717913866,毕节市
Guizhou,2035,ssp585,doubled,0.14789454638958,六盘水市
Guizhou,2035,ssp585,doubled,0.14789454638958,贵阳市
Guizhou,2035,ssp585,doubled,0.14789454638958,安顺市
Guizhou,2035,ssp585,doubled,0.14789454638958,黔南布依族苗族自治州
Guizhou,2035,ssp585,doubled,0.14789454638958,遵义市
Guizhou,2035,ssp585,doubled,0.14789454638958,黔东南苗族侗族自治州
Guizhou,2035,ssp585,doubled,0.14789454638958,黔西南布依族苗族自治州
Guizhou,2035,ssp585,doubled,0.14789454638958,铜仁市
Guizhou,2035,ssp585,doubled,0.14789454638958,毕节市
Guizhou,2040,ssp585,doubled,0.0627038851380348,六盘水市
Guizhou,2040,ssp585,doubled,0.0627038851380348,贵阳市
Guizhou,2040,ssp585,doubled,0.0627038851380348,安顺市
Guizhou,2040,ssp585,doubled,0.0627038851380348,黔南布依族苗族自治州
Guizhou,2040,ssp585,doubled,0.0627038851380348,遵义市
Guizhou,2040,ssp585,doubled,0.0627038851380348,黔东南苗族侗族自治州
Guizhou,2040,ssp585,doubled,0.0627038851380348,黔西南布依族苗族自治州
Guizhou,2040,ssp585,doubled,0.0627038851380348,铜仁市
Guizhou,2040,ssp585,doubled,0.0627038851380348,毕节市
Guizhou,2045,ssp585,doubled,0.103417910635471,六盘水市
Guizhou,2045,ssp585,doubled,0.103417910635471,贵阳市
Guizhou,2045,ssp585,doubled,0.103417910635471,安顺市
Guizhou,2045,ssp585,doubled,0.103417910635471,黔南布依族苗族自治州
Guizhou,2045,ssp585,doubled,0.103417910635471,遵义市
Guizhou,2045,ssp585,doubled,0.103417910635471,黔东南苗族侗族自治州
Guizhou,2045,ssp585,doubled,0.103417910635471,黔西南布依族苗族自治州
Guizhou,2045,ssp585,doubled,0.103417910635471,铜仁市
Guizhou,2045,ssp585,doubled,0.103417910635471,毕节市
Guizhou,2050,ssp585,doubled,0.119262725114822,六盘水市
Guizhou,2050,ssp585,doubled,0.119262725114822,贵阳市
Guizhou,2050,ssp585,doubled,0.119262725114822,安顺市
Guizhou,2050,ssp585,doubled,0.119262725114822,黔南布依族苗族自治州
Guizhou,2050,ssp585,doubled,0.119262725114822,遵义市
Guizhou,2050,ssp585,doubled,0.119262725114822,黔东南苗族侗族自治州
Guizhou,2050,ssp585,doubled,0.119262725114822,黔西南布依族苗族自治州
Guizhou,2050,ssp585,doubled,0.119262725114822,铜仁市
Guizhou,2050,ssp585,doubled,0.119262725114822,毕节市
Hainan,2030,current,baseline,0.286998003721237,三亚市
Hainan,2030,current,baseline,0.286998003721237,保亭黎族苗族自治县
Hainan,2030,current,baseline,0.286998003721237,陵水黎族自治县
Hainan,2030,current,baseline,0.286998003721237,乐东黎族自治县
Hainan,2030,current,baseline,0.286998003721237,昌江黎族自治县
Hainan,2030,current,baseline,0.286998003721237,白沙黎族自治县
Hainan,2030,current,baseline,0.286998003721237,临高县
Hainan,2030,current,baseline,0.286998003721237,澄迈县
Hainan,2030,current,baseline,0.286998003721237,屯昌县
Hainan,2030,current,baseline,0.286998003721237,定安县
Hainan,2030,current,baseline,0.286998003721237,海口市
Hainan,2030,current,baseline,0.286998003721237,琼中黎族苗族自治县
Hainan,2030,current,baseline,0.286998003721237,儋州市
Hainan,2030,current,baseline,0.286998003721237,三沙市
Hainan,2030,current,baseline,0.286998003721237,东方市
Hainan,2030,current,baseline,0.286998003721237,万宁市
Hainan,2030,current,baseline,0.286998003721237,文昌市
Hainan,2030,current,baseline,0.286998003721237,琼海市
Hainan,2030,current,baseline,0.286998003721237,五指山市
Hainan,2035,current,baseline,0.286998003721237,三亚市
Hainan,2035,current,baseline,0.286998003721237,保亭黎族苗族自治县
Hainan,2035,current,baseline,0.286998003721237,陵水黎族自治县
Hainan,2035,current,baseline,0.286998003721237,乐东黎族自治县
Hainan,2035,current,baseline,0.286998003721237,昌江黎族自治县
Hainan,2035,current,baseline,0.286998003721237,白沙黎族自治县
Hainan,2035,current,baseline,0.286998003721237,临高县
Hainan,2035,current,baseline,0.286998003721237,澄迈县
Hainan,2035,current,baseline,0.286998003721237,屯昌县
Hainan,2035,current,baseline,0.286998003721237,定安县
Hainan,2035,current,baseline,0.286998003721237,海口市
Hainan,2035,current,baseline,0.286998003721237,琼中黎族苗族自治县
Hainan,2035,current,baseline,0.286998003721237,儋州市
Hainan,2035,current,baseline,0.286998003721237,三沙市
Hainan,2035,current,baseline,0.286998003721237,东方市
Hainan,2035,current,baseline,0.286998003721237,万宁市
Hainan,2035,current,baseline,0.286998003721237,文昌市
Hainan,2035,current,baseline,0.286998003721237,琼海市
Hainan,2035,current,baseline,0.286998003721237,五指山市
Hainan,2040,current,baseline,0.286998003721237,三亚市
Hainan,2040,current,baseline,0.286998003721237,保亭黎族苗族自治县
Hainan,2040,current,baseline,0.286998003721237,陵水黎族自治县
Hainan,2040,current,baseline,0.286998003721237,乐东黎族自治县
Hainan,2040,current,baseline,0.286998003721237,昌江黎族自治县
Hainan,2040,current,baseline,0.286998003721237,白沙黎族自治县
Hainan,2040,current,baseline,0.286998003721237,临高县
Hainan,2040,current,baseline,0.286998003721237,澄迈县
Hainan,2040,current,baseline,0.286998003721237,屯昌县
Hainan,2040,current,baseline,0.286998003721237,定安县
Hainan,2040,current,baseline,0.286998003721237,海口市
Hainan,2040,current,baseline,0.286998003721237,琼中黎族苗族自治县
Hainan,2040,current,baseline,0.286998003721237,儋州市
Hainan,2040,current,baseline,0.286998003721237,三沙市
Hainan,2040,current,baseline,0.286998003721237,东方市
Hainan,2040,current,baseline,0.286998003721237,万宁市
Hainan,2040,current,baseline,0.286998003721237,文昌市
Hainan,2040,current,baseline,0.286998003721237,琼海市
Hainan,2040,current,baseline,0.286998003721237,五指山市
Hainan,2045,current,baseline,0.286998003721237,三亚市
Hainan,2045,current,baseline,0.286998003721237,保亭黎族苗族自治县
Hainan,2045,current,baseline,0.286998003721237,陵水黎族自治县
Hainan,2045,current,baseline,0.286998003721237,乐东黎族自治县
Hainan,2045,current,baseline,0.286998003721237,昌江黎族自治县
Hainan,2045,current,baseline,0.286998003721237,白沙黎族自治县
Hainan,2045,current,baseline,0.286998003721237,临高县
Hainan,2045,current,baseline,0.286998003721237,澄迈县
Hainan,2045,current,baseline,0.286998003721237,屯昌县
Hainan,2045,current,baseline,0.286998003721237,定安县
Hainan,2045,current,baseline,0.286998003721237,海口市
Hainan,2045,current,baseline,0.286998003721237,琼中黎族苗族自治县
Hainan,2045,current,baseline,0.286998003721237,儋州市
Hainan,2045,current,baseline,0.286998003721237,三沙市
Hainan,2045,current,baseline,0.286998003721237,东方市
Hainan,2045,current,baseline,0.286998003721237,万宁市
Hainan,2045,current,baseline,0.286998003721237,文昌市
Hainan,2045,current,baseline,0.286998003721237,琼海市
Hainan,2045,current,baseline,0.286998003721237,五指山市
Hainan,2050,current,baseline,0.286998003721237,三亚市
Hainan,2050,current,baseline,0.286998003721237,保亭黎族苗族自治县
Hainan,2050,current,baseline,0.286998003721237,陵水黎族自治县
Hainan,2050,current,baseline,0.286998003721237,乐东黎族自治县
Hainan,2050,current,baseline,0.286998003721237,昌江黎族自治县
Hainan,2050,current,baseline,0.286998003721237,白沙黎族自治县
Hainan,2050,current,baseline,0.286998003721237,临高县
Hainan,2050,current,baseline,0.286998003721237,澄迈县
Hainan,2050,current,baseline,0.286998003721237,屯昌县
Hainan,2050,current,baseline,0.286998003721237,定安县
Hainan,2050,current,baseline,0.286998003721237,海口市
Hainan,2050,current,baseline,0.286998003721237,琼中黎族苗族自治县
Hainan,2050,current,baseline,0.286998003721237,儋州市
Hainan,2050,current,baseline,0.286998003721237,三沙市
Hainan,2050,current,baseline,0.286998003721237,东方市
Hainan,2050,current,baseline,0.286998003721237,万宁市
Hainan,2050,current,baseline,0.286998003721237,文昌市
Hainan,2050,current,baseline,0.286998003721237,琼海市
Hainan,2050,current,baseline,0.286998003721237,五指山市
Hainan,2030,ssp245,baseline,0.126200497150421,三亚市
Hainan,2030,ssp245,baseline,0.126200497150421,保亭黎族苗族自治县
Hainan,2030,ssp245,baseline,0.126200497150421,陵水黎族自治县
Hainan,2030,ssp245,baseline,0.126200497150421,乐东黎族自治县
Hainan,2030,ssp245,baseline,0.126200497150421,昌江黎族自治县
Hainan,2030,ssp245,baseline,0.126200497150421,白沙黎族自治县
Hainan,2030,ssp245,baseline,0.126200497150421,临高县
Hainan,2030,ssp245,baseline,0.126200497150421,澄迈县
Hainan,2030,ssp245,baseline,0.126200497150421,屯昌县
Hainan,2030,ssp245,baseline,0.126200497150421,定安县
Hainan,2030,ssp245,baseline,0.126200497150421,海口市
Hainan,2030,ssp245,baseline,0.126200497150421,琼中黎族苗族自治县
Hainan,2030,ssp245,baseline,0.126200497150421,儋州市
Hainan,2030,ssp245,baseline,0.126200497150421,三沙市
Hainan,2030,ssp245,baseline,0.126200497150421,东方市
Hainan,2030,ssp245,baseline,0.126200497150421,万宁市
Hainan,2030,ssp245,baseline,0.126200497150421,文昌市
Hainan,2030,ssp245,baseline,0.126200497150421,琼海市
Hainan,2030,ssp245,baseline,0.126200497150421,五指山市
Hainan,2035,ssp245,baseline,0.0775563195347786,三亚市
Hainan,2035,ssp245,baseline,0.0775563195347786,保亭黎族苗族自治县
Hainan,2035,ssp245,baseline,0.0775563195347786,陵水黎族自治县
Hainan,2035,ssp245,baseline,0.0775563195347786,乐东黎族自治县
Hainan,2035,ssp245,baseline,0.0775563195347786,昌江黎族自治县
Hainan,2035,ssp245,baseline,0.0775563195347786,白沙黎族自治县
Hainan,2035,ssp245,baseline,0.0775563195347786,临高县
Hainan,2035,ssp245,baseline,0.0775563195347786,澄迈县
Hainan,2035,ssp245,baseline,0.0775563195347786,屯昌县
Hainan,2035,ssp245,baseline,0.0775563195347786,定安县
Hainan,2035,ssp245,baseline,0.0775563195347786,海口市
Hainan,2035,ssp245,baseline,0.0775563195347786,琼中黎族苗族自治县
Hainan,2035,ssp245,baseline,0.0775563195347786,儋州市
Hainan,2035,ssp245,baseline,0.0775563195347786,三沙市
Hainan,2035,ssp245,baseline,0.0775563195347786,东方市
Hainan,2035,ssp245,baseline,0.0775563195347786,万宁市
Hainan,2035,ssp245,baseline,0.0775563195347786,文昌市
Hainan,2035,ssp245,baseline,0.0775563195347786,琼海市
Hainan,2035,ssp245,baseline,0.0775563195347786,五指山市
Hainan,2040,ssp245,baseline,0.026171138510108,三亚市
Hainan,2040,ssp245,baseline,0.026171138510108,保亭黎族苗族自治县
Hainan,2040,ssp245,baseline,0.026171138510108,陵水黎族自治县
Hainan,2040,ssp245,baseline,0.026171138510108,乐东黎族自治县
Hainan,2040,ssp245,baseline,0.026171138510108,昌江黎族自治县
Hainan,2040,ssp245,baseline,0.026171138510108,白沙黎族自治县
Hainan,2040,ssp245,baseline,0.026171138510108,临高县
Hainan,2040,ssp245,baseline,0.026171138510108,澄迈县
Hainan,2040,ssp245,baseline,0.026171138510108,屯昌县
Hainan,2040,ssp245,baseline,0.026171138510108,定安县
Hainan,2040,ssp245,baseline,0.026171138510108,海口市
Hainan,2040,ssp245,baseline,0.026171138510108,琼中黎族苗族自治县
Hainan,2040,ssp245,baseline,0.026171138510108,儋州市
Hainan,2040,ssp245,baseline,0.026171138510108,三沙市
Hainan,2040,ssp245,baseline,0.026171138510108,东方市
Hainan,2040,ssp245,baseline,0.026171138510108,万宁市
Hainan,2040,ssp245,baseline,0.026171138510108,文昌市
Hainan,2040,ssp245,baseline,0.026171138510108,琼海市
Hainan,2040,ssp245,baseline,0.026171138510108,五指山市
Hainan,2045,ssp245,baseline,0.159670189023018,三亚市
Hainan,2045,ssp245,baseline,0.159670189023018,保亭黎族苗族自治县
Hainan,2045,ssp245,baseline,0.159670189023018,陵水黎族自治县
Hainan,2045,ssp245,baseline,0.159670189023018,乐东黎族自治县
Hainan,2045,ssp245,baseline,0.159670189023018,昌江黎族自治县
Hainan,2045,ssp245,baseline,0.159670189023018,白沙黎族自治县
Hainan,2045,ssp245,baseline,0.159670189023018,临高县
Hainan,2045,ssp245,baseline,0.159670189023018,澄迈县
Hainan,2045,ssp245,baseline,0.159670189023018,屯昌县
Hainan,2045,ssp245,baseline,0.159670189023018,定安县
Hainan,2045,ssp245,baseline,0.159670189023018,海口市
Hainan,2045,ssp245,baseline,0.159670189023018,琼中黎族苗族自治县
Hainan,2045,ssp245,baseline,0.159670189023018,儋州市
Hainan,2045,ssp245,baseline,0.159670189023018,三沙市
Hainan,2045,ssp245,baseline,0.159670189023018,东方市
Hainan,2045,ssp245,baseline,0.159670189023018,万宁市
Hainan,2045,ssp245,baseline,0.159670189023018,文昌市
Hainan,2045,ssp245,baseline,0.159670189023018,琼海市
Hainan,2045,ssp245,baseline,0.159670189023018,五指山市
Hainan,2050,ssp245,baseline,0.12814924120903,三亚市
Hainan,2050,ssp245,baseline,0.12814924120903,保亭黎族苗族自治县
Hainan,2050,ssp245,baseline,0.12814924120903,陵水黎族自治县
Hainan,2050,ssp245,baseline,0.12814924120903,乐东黎族自治县
Hainan,2050,ssp245,baseline,0.12814924120903,昌江黎族自治县
Hainan,2050,ssp245,baseline,0.12814924120903,白沙黎族自治县
Hainan,2050,ssp245,baseline,0.12814924120903,临高县
Hainan,2050,ssp245,baseline,0.12814924120903,澄迈县
Hainan,2050,ssp245,baseline,0.12814924120903,屯昌县
Hainan,2050,ssp245,baseline,0.12814924120903,定安县
Hainan,2050,ssp245,baseline,0.12814924120903,海口市
Hainan,2050,ssp245,baseline,0.12814924120903,琼中黎族苗族自治县
Hainan,2050,ssp245,baseline,0.12814924120903,儋州市
Hainan,2050,ssp245,baseline,0.12814924120903,三沙市
Hainan,2050,ssp245,baseline,0.12814924120903,东方市
Hainan,2050,ssp245,baseline,0.12814924120903,万宁市
Hainan,2050,ssp245,baseline,0.12814924120903,文昌市
Hainan,2050,ssp245,baseline,0.12814924120903,琼海市
Hainan,2050,ssp245,baseline,0.12814924120903,五指山市
Hainan,2030,ssp585,baseline,0.026171138510108,三亚市
Hainan,2030,ssp585,baseline,0.026171138510108,保亭黎族苗族自治县
Hainan,2030,ssp585,baseline,0.026171138510108,陵水黎族自治县
Hainan,2030,ssp585,baseline,0.026171138510108,乐东黎族自治县
Hainan,2030,ssp585,baseline,0.026171138510108,昌江黎族自治县
Hainan,2030,ssp585,baseline,0.026171138510108,白沙黎族自治县
Hainan,2030,ssp585,baseline,0.026171138510108,临高县
Hainan,2030,ssp585,baseline,0.026171138510108,澄迈县
Hainan,2030,ssp585,baseline,0.026171138510108,屯昌县
Hainan,2030,ssp585,baseline,0.026171138510108,定安县
Hainan,2030,ssp585,baseline,0.026171138510108,海口市
Hainan,2030,ssp585,baseline,0.026171138510108,琼中黎族苗族自治县
Hainan,2030,ssp585,baseline,0.026171138510108,儋州市
Hainan,2030,ssp585,baseline,0.026171138510108,三沙市
Hainan,2030,ssp585,baseline,0.026171138510108,东方市
Hainan,2030,ssp585,baseline,0.026171138510108,万宁市
Hainan,2030,ssp585,baseline,0.026171138510108,文昌市
Hainan,2030,ssp585,baseline,0.026171138510108,琼海市
Hainan,2030,ssp585,baseline,0.026171138510108,五指山市
Hainan,2035,ssp585,baseline,0.19158810377121,三亚市
Hainan,2035,ssp585,baseline,0.19158810377121,保亭黎族苗族自治县
Hainan,2035,ssp585,baseline,0.19158810377121,陵水黎族自治县
Hainan,2035,ssp585,baseline,0.19158810377121,乐东黎族自治县
Hainan,2035,ssp585,baseline,0.19158810377121,昌江黎族自治县
Hainan,2035,ssp585,baseline,0.19158810377121,白沙黎族自治县
Hainan,2035,ssp585,baseline,0.19158810377121,临高县
Hainan,2035,ssp585,baseline,0.19158810377121,澄迈县
Hainan,2035,ssp585,baseline,0.19158810377121,屯昌县
Hainan,2035,ssp585,baseline,0.19158810377121,定安县
Hainan,2035,ssp585,baseline,0.19158810377121,海口市
Hainan,2035,ssp585,baseline,0.19158810377121,琼中黎族苗族自治县
Hainan,2035,ssp585,baseline,0.19158810377121,儋州市
Hainan,2035,ssp585,baseline,0.19158810377121,三沙市
Hainan,2035,ssp585,baseline,0.19158810377121,东方市
Hainan,2035,ssp585,baseline,0.19158810377121,万宁市
Hainan,2035,ssp585,baseline,0.19158810377121,文昌市
Hainan,2035,ssp585,baseline,0.19158810377121,琼海市
Hainan,2035,ssp585,baseline,0.19158810377121,五指山市
Hainan,2040,ssp585,baseline,0.0821930393576622,三亚市
Hainan,2040,ssp585,baseline,0.0821930393576622,保亭黎族苗族自治县
Hainan,2040,ssp585,baseline,0.0821930393576622,陵水黎族自治县
Hainan,2040,ssp585,baseline,0.0821930393576622,乐东黎族自治县
Hainan,2040,ssp585,baseline,0.0821930393576622,昌江黎族自治县
Hainan,2040,ssp585,baseline,0.0821930393576622,白沙黎族自治县
Hainan,2040,ssp585,baseline,0.0821930393576622,临高县
Hainan,2040,ssp585,baseline,0.0821930393576622,澄迈县
Hainan,2040,ssp585,baseline,0.0821930393576622,屯昌县
Hainan,2040,ssp585,baseline,0.0821930393576622,定安县
Hainan,2040,ssp585,baseline,0.0821930393576622,海口市
Hainan,2040,ssp585,baseline,0.0821930393576622,琼中黎族苗族自治县
Hainan,2040,ssp585,baseline,0.0821930393576622,儋州市
Hainan,2040,ssp585,baseline,0.0821930393576622,三沙市
Hainan,2040,ssp585,baseline,0.0821930393576622,东方市
Hainan,2040,ssp585,baseline,0.0821930393576622,万宁市
Hainan,2040,ssp585,baseline,0.0821930393576622,文昌市
Hainan,2040,ssp585,baseline,0.0821930393576622,琼海市
Hainan,2040,ssp585,baseline,0.0821930393576622,五指山市
Hainan,2045,ssp585,baseline,0.0797526836395264,三亚市
Hainan,2045,ssp585,baseline,0.0797526836395264,保亭黎族苗族自治县
Hainan,2045,ssp585,baseline,0.0797526836395264,陵水黎族自治县
Hainan,2045,ssp585,baseline,0.0797526836395264,乐东黎族自治县
Hainan,2045,ssp585,baseline,0.0797526836395264,昌江黎族自治县
Hainan,2045,ssp585,baseline,0.0797526836395264,白沙黎族自治县
Hainan,2045,ssp585,baseline,0.0797526836395264,临高县
Hainan,2045,ssp585,baseline,0.0797526836395264,澄迈县
Hainan,2045,ssp585,baseline,0.0797526836395264,屯昌县
Hainan,2045,ssp585,baseline,0.0797526836395264,定安县
Hainan,2045,ssp585,baseline,0.0797526836395264,海口市
Hainan,2045,ssp585,baseline,0.0797526836395264,琼中黎族苗族自治县
Hainan,2045,ssp585,baseline,0.0797526836395264,儋州市
Hainan,2045,ssp585,baseline,0.0797526836395264,三沙市
Hainan,2045,ssp585,baseline,0.0797526836395264,东方市
Hainan,2045,ssp585,baseline,0.0797526836395264,万宁市
Hainan,2045,ssp585,baseline,0.0797526836395264,文昌市
Hainan,2045,ssp585,baseline,0.0797526836395264,琼海市
Hainan,2045,ssp585,baseline,0.0797526836395264,五指山市
Hainan,2050,ssp585,baseline,0.0840591341257095,三亚市
Hainan,2050,ssp585,baseline,0.0840591341257095,保亭黎族苗族自治县
Hainan,2050,ssp585,baseline,0.0840591341257095,陵水黎族自治县
Hainan,2050,ssp585,baseline,0.0840591341257095,乐东黎族自治县
Hainan,2050,ssp585,baseline,0.0840591341257095,昌江黎族自治县
Hainan,2050,ssp585,baseline,0.0840591341257095,白沙黎族自治县
Hainan,2050,ssp585,baseline,0.0840591341257095,临高县
Hainan,2050,ssp585,baseline,0.0840591341257095,澄迈县
Hainan,2050,ssp585,baseline,0.0840591341257095,屯昌县
Hainan,2050,ssp585,baseline,0.0840591341257095,定安县
Hainan,2050,ssp585,baseline,0.0840591341257095,海口市
Hainan,2050,ssp585,baseline,0.0840591341257095,琼中黎族苗族自治县
Hainan,2050,ssp585,baseline,0.0840591341257095,儋州市
Hainan,2050,ssp585,baseline,0.0840591341257095,三沙市
Hainan,2050,ssp585,baseline,0.0840591341257095,东方市
Hainan,2050,ssp585,baseline,0.0840591341257095,万宁市
Hainan,2050,ssp585,baseline,0.0840591341257095,文昌市
Hainan,2050,ssp585,baseline,0.0840591341257095,琼海市
Hainan,2050,ssp585,baseline,0.0840591341257095,五指山市
Hainan,2030,current,trend,0.23130077123642,三亚市
Hainan,2030,current,trend,0.23130077123642,保亭黎族苗族自治县
Hainan,2030,current,trend,0.23130077123642,陵水黎族自治县
Hainan,2030,current,trend,0.23130077123642,乐东黎族自治县
Hainan,2030,current,trend,0.23130077123642,昌江黎族自治县
Hainan,2030,current,trend,0.23130077123642,白沙黎族自治县
Hainan,2030,current,trend,0.23130077123642,临高县
Hainan,2030,current,trend,0.23130077123642,澄迈县
Hainan,2030,current,trend,0.23130077123642,屯昌县
Hainan,2030,current,trend,0.23130077123642,定安县
Hainan,2030,current,trend,0.23130077123642,海口市
Hainan,2030,current,trend,0.23130077123642,琼中黎族苗族自治县
Hainan,2030,current,trend,0.23130077123642,儋州市
Hainan,2030,current,trend,0.23130077123642,三沙市
Hainan,2030,current,trend,0.23130077123642,东方市
Hainan,2030,current,trend,0.23130077123642,万宁市
Hainan,2030,current,trend,0.23130077123642,文昌市
Hainan,2030,current,trend,0.23130077123642,琼海市
Hainan,2030,current,trend,0.23130077123642,五指山市
Hainan,2035,current,trend,0.242708563804626,三亚市
Hainan,2035,current,trend,0.242708563804626,保亭黎族苗族自治县
Hainan,2035,current,trend,0.242708563804626,陵水黎族自治县
Hainan,2035,current,trend,0.242708563804626,乐东黎族自治县
Hainan,2035,current,trend,0.242708563804626,昌江黎族自治县
Hainan,2035,current,trend,0.242708563804626,白沙黎族自治县
Hainan,2035,current,trend,0.242708563804626,临高县
Hainan,2035,current,trend,0.242708563804626,澄迈县
Hainan,2035,current,trend,0.242708563804626,屯昌县
Hainan,2035,current,trend,0.242708563804626,定安县
Hainan,2035,current,trend,0.242708563804626,海口市
Hainan,2035,current,trend,0.242708563804626,琼中黎族苗族自治县
Hainan,2035,current,trend,0.242708563804626,儋州市
Hainan,2035,current,trend,0.242708563804626,三沙市
Hainan,2035,current,trend,0.242708563804626,东方市
Hainan,2035,current,trend,0.242708563804626,万宁市
Hainan,2035,current,trend,0.242708563804626,文昌市
Hainan,2035,current,trend,0.242708563804626,琼海市
Hainan,2035,current,trend,0.242708563804626,五指山市
Hainan,2040,current,trend,0.205125153064728,三亚市
Hainan,2040,current,trend,0.205125153064728,保亭黎族苗族自治县
Hainan,2040,current,trend,0.205125153064728,陵水黎族自治县
Hainan,2040,current,trend,0.205125153064728,乐东黎族自治县
Hainan,2040,current,trend,0.205125153064728,昌江黎族自治县
Hainan,2040,current,trend,0.205125153064728,白沙黎族自治县
Hainan,2040,current,trend,0.205125153064728,临高县
Hainan,2040,current,trend,0.205125153064728,澄迈县
Hainan,2040,current,trend,0.205125153064728,屯昌县
Hainan,2040,current,trend,0.205125153064728,定安县
Hainan,2040,current,trend,0.205125153064728,海口市
Hainan,2040,current,trend,0.205125153064728,琼中黎族苗族自治县
Hainan,2040,current,trend,0.205125153064728,儋州市
Hainan,2040,current,trend,0.205125153064728,三沙市
Hainan,2040,current,trend,0.205125153064728,东方市
Hainan,2040,current,trend,0.205125153064728,万宁市
Hainan,2040,current,trend,0.205125153064728,文昌市
Hainan,2040,current,trend,0.205125153064728,琼海市
Hainan,2040,current,trend,0.205125153064728,五指山市
Hainan,2045,current,trend,0.197648927569389,三亚市
Hainan,2045,current,trend,0.197648927569389,保亭黎族苗族自治县
Hainan,2045,current,trend,0.197648927569389,陵水黎族自治县
Hainan,2045,current,trend,0.197648927569389,乐东黎族自治县
Hainan,2045,current,trend,0.197648927569389,昌江黎族自治县
Hainan,2045,current,trend,0.197648927569389,白沙黎族自治县
Hainan,2045,current,trend,0.197648927569389,临高县
Hainan,2045,current,trend,0.197648927569389,澄迈县
Hainan,2045,current,trend,0.197648927569389,屯昌县
Hainan,2045,current,trend,0.197648927569389,定安县
Hainan,2045,current,trend,0.197648927569389,海口市
Hainan,2045,current,trend,0.197648927569389,琼中黎族苗族自治县
Hainan,2045,current,trend,0.197648927569389,儋州市
Hainan,2045,current,trend,0.197648927569389,三沙市
Hainan,2045,current,trend,0.197648927569389,东方市
Hainan,2045,current,trend,0.197648927569389,万宁市
Hainan,2045,current,trend,0.197648927569389,文昌市
Hainan,2045,current,trend,0.197648927569389,琼海市
Hainan,2045,current,trend,0.197648927569389,五指山市
Hainan,2050,current,trend,0.295472264289856,三亚市
Hainan,2050,current,trend,0.295472264289856,保亭黎族苗族自治县
Hainan,2050,current,trend,0.295472264289856,陵水黎族自治县
Hainan,2050,current,trend,0.295472264289856,乐东黎族自治县
Hainan,2050,current,trend,0.295472264289856,昌江黎族自治县
Hainan,2050,current,trend,0.295472264289856,白沙黎族自治县
Hainan,2050,current,trend,0.295472264289856,临高县
Hainan,2050,current,trend,0.295472264289856,澄迈县
Hainan,2050,current,trend,0.295472264289856,屯昌县
Hainan,2050,current,trend,0.295472264289856,定安县
Hainan,2050,current,trend,0.295472264289856,海口市
Hainan,2050,current,trend,0.295472264289856,琼中黎族苗族自治县
Hainan,2050,current,trend,0.295472264289856,儋州市
Hainan,2050,current,trend,0.295472264289856,三沙市
Hainan,2050,current,trend,0.295472264289856,东方市
Hainan,2050,current,trend,0.295472264289856,万宁市
Hainan,2050,current,trend,0.295472264289856,文昌市
Hainan,2050,current,trend,0.295472264289856,琼海市
Hainan,2050,current,trend,0.295472264289856,五指山市
Hainan,2030,ssp245,trend,0.0366729199886322,三亚市
Hainan,2030,ssp245,trend,0.0366729199886322,保亭黎族苗族自治县
Hainan,2030,ssp245,trend,0.0366729199886322,陵水黎族自治县
Hainan,2030,ssp245,trend,0.0366729199886322,乐东黎族自治县
Hainan,2030,ssp245,trend,0.0366729199886322,昌江黎族自治县
Hainan,2030,ssp245,trend,0.0366729199886322,白沙黎族自治县
Hainan,2030,ssp245,trend,0.0366729199886322,临高县
Hainan,2030,ssp245,trend,0.0366729199886322,澄迈县
Hainan,2030,ssp245,trend,0.0366729199886322,屯昌县
Hainan,2030,ssp245,trend,0.0366729199886322,定安县
Hainan,2030,ssp245,trend,0.0366729199886322,海口市
Hainan,2030,ssp245,trend,0.0366729199886322,琼中黎族苗族自治县
Hainan,2030,ssp245,trend,0.0366729199886322,儋州市
Hainan,2030,ssp245,trend,0.0366729199886322,三沙市
Hainan,2030,ssp245,trend,0.0366729199886322,东方市
Hainan,2030,ssp245,trend,0.0366729199886322,万宁市
Hainan,2030,ssp245,trend,0.0366729199886322,文昌市
Hainan,2030,ssp245,trend,0.0366729199886322,琼海市
Hainan,2030,ssp245,trend,0.0366729199886322,五指山市
Hainan,2035,ssp245,trend,0.151804998517036,三亚市
Hainan,2035,ssp245,trend,0.151804998517036,保亭黎族苗族自治县
Hainan,2035,ssp245,trend,0.151804998517036,陵水黎族自治县
Hainan,2035,ssp245,trend,0.151804998517036,乐东黎族自治县
Hainan,2035,ssp245,trend,0.151804998517036,昌江黎族自治县
Hainan,2035,ssp245,trend,0.151804998517036,白沙黎族自治县
Hainan,2035,ssp245,trend,0.151804998517036,临高县
Hainan,2035,ssp245,trend,0.151804998517036,澄迈县
Hainan,2035,ssp245,trend,0.151804998517036,屯昌县
Hainan,2035,ssp245,trend,0.151804998517036,定安县
Hainan,2035,ssp245,trend,0.151804998517036,海口市
Hainan,2035,ssp245,trend,0.151804998517036,琼中黎族苗族自治县
Hainan,2035,ssp245,trend,0.151804998517036,儋州市
Hainan,2035,ssp245,trend,0.151804998517036,三沙市
Hainan,2035,ssp245,trend,0.151804998517036,东方市
Hainan,2035,ssp245,trend,0.151804998517036,万宁市
Hainan,2035,ssp245,trend,0.151804998517036,文昌市
Hainan,2035,ssp245,trend,0.151804998517036,琼海市
Hainan,2035,ssp245,trend,0.151804998517036,五指山市
Hainan,2040,ssp245,trend,0.086224377155304,三亚市
Hainan,2040,ssp245,trend,0.086224377155304,保亭黎族苗族自治县
Hainan,2040,ssp245,trend,0.086224377155304,陵水黎族自治县
Hainan,2040,ssp245,trend,0.086224377155304,乐东黎族自治县
Hainan,2040,ssp245,trend,0.086224377155304,昌江黎族自治县
Hainan,2040,ssp245,trend,0.086224377155304,白沙黎族自治县
Hainan,2040,ssp245,trend,0.086224377155304,临高县
Hainan,2040,ssp245,trend,0.086224377155304,澄迈县
Hainan,2040,ssp245,trend,0.086224377155304,屯昌县
Hainan,2040,ssp245,trend,0.086224377155304,定安县
Hainan,2040,ssp245,trend,0.086224377155304,海口市
Hainan,2040,ssp245,trend,0.086224377155304,琼中黎族苗族自治县
Hainan,2040,ssp245,trend,0.086224377155304,儋州市
Hainan,2040,ssp245,trend,0.086224377155304,三沙市
Hainan,2040,ssp245,trend,0.086224377155304,东方市
Hainan,2040,ssp245,trend,0.086224377155304,万宁市
Hainan,2040,ssp245,trend,0.086224377155304,文昌市
Hainan,2040,ssp245,trend,0.086224377155304,琼海市
Hainan,2040,ssp245,trend,0.086224377155304,五指山市
Hainan,2045,ssp245,trend,0.115710020065308,三亚市
Hainan,2045,ssp245,trend,0.115710020065308,保亭黎族苗族自治县
Hainan,2045,ssp245,trend,0.115710020065308,陵水黎族自治县
Hainan,2045,ssp245,trend,0.115710020065308,乐东黎族自治县
Hainan,2045,ssp245,trend,0.115710020065308,昌江黎族自治县
Hainan,2045,ssp245,trend,0.115710020065308,白沙黎族自治县
Hainan,2045,ssp245,trend,0.115710020065308,临高县
Hainan,2045,ssp245,trend,0.115710020065308,澄迈县
Hainan,2045,ssp245,trend,0.115710020065308,屯昌县
Hainan,2045,ssp245,trend,0.115710020065308,定安县
Hainan,2045,ssp245,trend,0.115710020065308,海口市
Hainan,2045,ssp245,trend,0.115710020065308,琼中黎族苗族自治县
Hainan,2045,ssp245,trend,0.115710020065308,儋州市
Hainan,2045,ssp245,trend,0.115710020065308,三沙市
Hainan,2045,ssp245,trend,0.115710020065308,东方市
Hainan,2045,ssp245,trend,0.115710020065308,万宁市
Hainan,2045,ssp245,trend,0.115710020065308,文昌市
Hainan,2045,ssp245,trend,0.115710020065308,琼海市
Hainan,2045,ssp245,trend,0.115710020065308,五指山市
Hainan,2050,ssp245,trend,0.146007210016251,三亚市
Hainan,2050,ssp245,trend,0.146007210016251,保亭黎族苗族自治县
Hainan,2050,ssp245,trend,0.146007210016251,陵水黎族自治县
Hainan,2050,ssp245,trend,0.146007210016251,乐东黎族自治县
Hainan,2050,ssp245,trend,0.146007210016251,昌江黎族自治县
Hainan,2050,ssp245,trend,0.146007210016251,白沙黎族自治县
Hainan,2050,ssp245,trend,0.146007210016251,临高县
Hainan,2050,ssp245,trend,0.146007210016251,澄迈县
Hainan,2050,ssp245,trend,0.146007210016251,屯昌县
Hainan,2050,ssp245,trend,0.146007210016251,定安县
Hainan,2050,ssp245,trend,0.146007210016251,海口市
Hainan,2050,ssp245,trend,0.146007210016251,琼中黎族苗族自治县
Hainan,2050,ssp245,trend,0.146007210016251,儋州市
Hainan,2050,ssp245,trend,0.146007210016251,三沙市
Hainan,2050,ssp245,trend,0.146007210016251,东方市
Hainan,2050,ssp245,trend,0.146007210016251,万宁市
Hainan,2050,ssp245,trend,0.146007210016251,文昌市
Hainan,2050,ssp245,trend,0.146007210016251,琼海市
Hainan,2050,ssp245,trend,0.146007210016251,五指山市
Hainan,2030,ssp585,trend,0.0547067895531654,三亚市
Hainan,2030,ssp585,trend,0.0547067895531654,保亭黎族苗族自治县
Hainan,2030,ssp585,trend,0.0547067895531654,陵水黎族自治县
Hainan,2030,ssp585,trend,0.0547067895531654,乐东黎族自治县
Hainan,2030,ssp585,trend,0.0547067895531654,昌江黎族自治县
Hainan,2030,ssp585,trend,0.0547067895531654,白沙黎族自治县
Hainan,2030,ssp585,trend,0.0547067895531654,临高县
Hainan,2030,ssp585,trend,0.0547067895531654,澄迈县
Hainan,2030,ssp585,trend,0.0547067895531654,屯昌县
Hainan,2030,ssp585,trend,0.0547067895531654,定安县
Hainan,2030,ssp585,trend,0.0547067895531654,海口市
Hainan,2030,ssp585,trend,0.0547067895531654,琼中黎族苗族自治县
Hainan,2030,ssp585,trend,0.0547067895531654,儋州市
Hainan,2030,ssp585,trend,0.0547067895531654,三沙市
Hainan,2030,ssp585,trend,0.0547067895531654,东方市
Hainan,2030,ssp585,trend,0.0547067895531654,万宁市
Hainan,2030,ssp585,trend,0.0547067895531654,文昌市
Hainan,2030,ssp585,trend,0.0547067895531654,琼海市
Hainan,2030,ssp585,trend,0.0547067895531654,五指山市
Hainan,2035,ssp585,trend,0.15520067512989,三亚市
Hainan,2035,ssp585,trend,0.15520067512989,保亭黎族苗族自治县
Hainan,2035,ssp585,trend,0.15520067512989,陵水黎族自治县
Hainan,2035,ssp585,trend,0.15520067512989,乐东黎族自治县
Hainan,2035,ssp585,trend,0.15520067512989,昌江黎族自治县
Hainan,2035,ssp585,trend,0.15520067512989,白沙黎族自治县
Hainan,2035,ssp585,trend,0.15520067512989,临高县
Hainan,2035,ssp585,trend,0.15520067512989,澄迈县
Hainan,2035,ssp585,trend,0.15520067512989,屯昌县
Hainan,2035,ssp585,trend,0.15520067512989,定安县
Hainan,2035,ssp585,trend,0.15520067512989,海口市
Hainan,2035,ssp585,trend,0.15520067512989,琼中黎族苗族自治县
Hainan,2035,ssp585,trend,0.15520067512989,儋州市
Hainan,2035,ssp585,trend,0.15520067512989,三沙市
Hainan,2035,ssp585,trend,0.15520067512989,东方市
Hainan,2035,ssp585,trend,0.15520067512989,万宁市
Hainan,2035,ssp585,trend,0.15520067512989,文昌市
Hainan,2035,ssp585,trend,0.15520067512989,琼海市
Hainan,2035,ssp585,trend,0.15520067512989,五指山市
Hainan,2040,ssp585,trend,0.0768244862556458,三亚市
Hainan,2040,ssp585,trend,0.0768244862556458,保亭黎族苗族自治县
Hainan,2040,ssp585,trend,0.0768244862556458,陵水黎族自治县
Hainan,2040,ssp585,trend,0.0768244862556458,乐东黎族自治县
Hainan,2040,ssp585,trend,0.0768244862556458,昌江黎族自治县
Hainan,2040,ssp585,trend,0.0768244862556458,白沙黎族自治县
Hainan,2040,ssp585,trend,0.0768244862556458,临高县
Hainan,2040,ssp585,trend,0.0768244862556458,澄迈县
Hainan,2040,ssp585,trend,0.0768244862556458,屯昌县
Hainan,2040,ssp585,trend,0.0768244862556458,定安县
Hainan,2040,ssp585,trend,0.0768244862556458,海口市
Hainan,2040,ssp585,trend,0.0768244862556458,琼中黎族苗族自治县
Hainan,2040,ssp585,trend,0.0768244862556458,儋州市
Hainan,2040,ssp585,trend,0.0768244862556458,三沙市
Hainan,2040,ssp585,trend,0.0768244862556458,东方市
Hainan,2040,ssp585,trend,0.0768244862556458,万宁市
Hainan,2040,ssp585,trend,0.0768244862556458,文昌市
Hainan,2040,ssp585,trend,0.0768244862556458,琼海市
Hainan,2040,ssp585,trend,0.0768244862556458,五指山市
Hainan,2045,ssp585,trend,0.0649177432060242,三亚市
Hainan,2045,ssp585,trend,0.0649177432060242,保亭黎族苗族自治县
Hainan,2045,ssp585,trend,0.0649177432060242,陵水黎族自治县
Hainan,2045,ssp585,trend,0.0649177432060242,乐东黎族自治县
Hainan,2045,ssp585,trend,0.0649177432060242,昌江黎族自治县
Hainan,2045,ssp585,trend,0.0649177432060242,白沙黎族自治县
Hainan,2045,ssp585,trend,0.0649177432060242,临高县
Hainan,2045,ssp585,trend,0.0649177432060242,澄迈县
Hainan,2045,ssp585,trend,0.0649177432060242,屯昌县
Hainan,2045,ssp585,trend,0.0649177432060242,定安县
Hainan,2045,ssp585,trend,0.0649177432060242,海口市
Hainan,2045,ssp585,trend,0.0649177432060242,琼中黎族苗族自治县
Hainan,2045,ssp585,trend,0.0649177432060242,儋州市
Hainan,2045,ssp585,trend,0.0649177432060242,三沙市
Hainan,2045,ssp585,trend,0.0649177432060242,东方市
Hainan,2045,ssp585,trend,0.0649177432060242,万宁市
Hainan,2045,ssp585,trend,0.0649177432060242,文昌市
Hainan,2045,ssp585,trend,0.0649177432060242,琼海市
Hainan,2045,ssp585,trend,0.0649177432060242,五指山市
Hainan,2050,ssp585,trend,0.0770477280020714,三亚市
Hainan,2050,ssp585,trend,0.0770477280020714,保亭黎族苗族自治县
Hainan,2050,ssp585,trend,0.0770477280020714,陵水黎族自治县
Hainan,2050,ssp585,trend,0.0770477280020714,乐东黎族自治县
Hainan,2050,ssp585,trend,0.0770477280020714,昌江黎族自治县
Hainan,2050,ssp585,trend,0.0770477280020714,白沙黎族自治县
Hainan,2050,ssp585,trend,0.0770477280020714,临高县
Hainan,2050,ssp585,trend,0.0770477280020714,澄迈县
Hainan,2050,ssp585,trend,0.0770477280020714,屯昌县
Hainan,2050,ssp585,trend,0.0770477280020714,定安县
Hainan,2050,ssp585,trend,0.0770477280020714,海口市
Hainan,2050,ssp585,trend,0.0770477280020714,琼中黎族苗族自治县
Hainan,2050,ssp585,trend,0.0770477280020714,儋州市
Hainan,2050,ssp585,trend,0.0770477280020714,三沙市
Hainan,2050,ssp585,trend,0.0770477280020714,东方市
Hainan,2050,ssp585,trend,0.0770477280020714,万宁市
Hainan,2050,ssp585,trend,0.0770477280020714,文昌市
Hainan,2050,ssp585,trend,0.0770477280020714,琼海市
Hainan,2050,ssp585,trend,0.0770477280020714,五指山市
Hainan,2030,current,doubled,0.205125153064728,三亚市
Hainan,2030,current,doubled,0.205125153064728,保亭黎族苗族自治县
Hainan,2030,current,doubled,0.205125153064728,陵水黎族自治县
Hainan,2030,current,doubled,0.205125153064728,乐东黎族自治县
Hainan,2030,current,doubled,0.205125153064728,昌江黎族自治县
Hainan,2030,current,doubled,0.205125153064728,白沙黎族自治县
Hainan,2030,current,doubled,0.205125153064728,临高县
Hainan,2030,current,doubled,0.205125153064728,澄迈县
Hainan,2030,current,doubled,0.205125153064728,屯昌县
Hainan,2030,current,doubled,0.205125153064728,定安县
Hainan,2030,current,doubled,0.205125153064728,海口市
Hainan,2030,current,doubled,0.205125153064728,琼中黎族苗族自治县
Hainan,2030,current,doubled,0.205125153064728,儋州市
Hainan,2030,current,doubled,0.205125153064728,三沙市
Hainan,2030,current,doubled,0.205125153064728,东方市
Hainan,2030,current,doubled,0.205125153064728,万宁市
Hainan,2030,current,doubled,0.205125153064728,文昌市
Hainan,2030,current,doubled,0.205125153064728,琼海市
Hainan,2030,current,doubled,0.205125153064728,五指山市
Hainan,2035,current,doubled,0.205125153064728,三亚市
Hainan,2035,current,doubled,0.205125153064728,保亭黎族苗族自治县
Hainan,2035,current,doubled,0.205125153064728,陵水黎族自治县
Hainan,2035,current,doubled,0.205125153064728,乐东黎族自治县
Hainan,2035,current,doubled,0.205125153064728,昌江黎族自治县
Hainan,2035,current,doubled,0.205125153064728,白沙黎族自治县
Hainan,2035,current,doubled,0.205125153064728,临高县
Hainan,2035,current,doubled,0.205125153064728,澄迈县
Hainan,2035,current,doubled,0.205125153064728,屯昌县
Hainan,2035,current,doubled,0.205125153064728,定安县
Hainan,2035,current,doubled,0.205125153064728,海口市
Hainan,2035,current,doubled,0.205125153064728,琼中黎族苗族自治县
Hainan,2035,current,doubled,0.205125153064728,儋州市
Hainan,2035,current,doubled,0.205125153064728,三沙市
Hainan,2035,current,doubled,0.205125153064728,东方市
Hainan,2035,current,doubled,0.205125153064728,万宁市
Hainan,2035,current,doubled,0.205125153064728,文昌市
Hainan,2035,current,doubled,0.205125153064728,琼海市
Hainan,2035,current,doubled,0.205125153064728,五指山市
Hainan,2040,current,doubled,0.205125153064728,三亚市
Hainan,2040,current,doubled,0.205125153064728,保亭黎族苗族自治县
Hainan,2040,current,doubled,0.205125153064728,陵水黎族自治县
Hainan,2040,current,doubled,0.205125153064728,乐东黎族自治县
Hainan,2040,current,doubled,0.205125153064728,昌江黎族自治县
Hainan,2040,current,doubled,0.205125153064728,白沙黎族自治县
Hainan,2040,current,doubled,0.205125153064728,临高县
Hainan,2040,current,doubled,0.205125153064728,澄迈县
Hainan,2040,current,doubled,0.205125153064728,屯昌县
Hainan,2040,current,doubled,0.205125153064728,定安县
Hainan,2040,current,doubled,0.205125153064728,海口市
Hainan,2040,current,doubled,0.205125153064728,琼中黎族苗族自治县
Hainan,2040,current,doubled,0.205125153064728,儋州市
Hainan,2040,current,doubled,0.205125153064728,三沙市
Hainan,2040,current,doubled,0.205125153064728,东方市
Hainan,2040,current,doubled,0.205125153064728,万宁市
Hainan,2040,current,doubled,0.205125153064728,文昌市
Hainan,2040,current,doubled,0.205125153064728,琼海市
Hainan,2040,current,doubled,0.205125153064728,五指山市
Hainan,2045,current,doubled,0.205125153064728,三亚市
Hainan,2045,current,doubled,0.205125153064728,保亭黎族苗族自治县
Hainan,2045,current,doubled,0.205125153064728,陵水黎族自治县
Hainan,2045,current,doubled,0.205125153064728,乐东黎族自治县
Hainan,2045,current,doubled,0.205125153064728,昌江黎族自治县
Hainan,2045,current,doubled,0.205125153064728,白沙黎族自治县
Hainan,2045,current,doubled,0.205125153064728,临高县
Hainan,2045,current,doubled,0.205125153064728,澄迈县
Hainan,2045,current,doubled,0.205125153064728,屯昌县
Hainan,2045,current,doubled,0.205125153064728,定安县
Hainan,2045,current,doubled,0.205125153064728,海口市
Hainan,2045,current,doubled,0.205125153064728,琼中黎族苗族自治县
Hainan,2045,current,doubled,0.205125153064728,儋州市
Hainan,2045,current,doubled,0.205125153064728,三沙市
Hainan,2045,current,doubled,0.205125153064728,东方市
Hainan,2045,current,doubled,0.205125153064728,万宁市
Hainan,2045,current,doubled,0.205125153064728,文昌市
Hainan,2045,current,doubled,0.205125153064728,琼海市
Hainan,2045,current,doubled,0.205125153064728,五指山市
Hainan,2050,current,doubled,0.205125153064728,三亚市
Hainan,2050,current,doubled,0.205125153064728,保亭黎族苗族自治县
Hainan,2050,current,doubled,0.205125153064728,陵水黎族自治县
Hainan,2050,current,doubled,0.205125153064728,乐东黎族自治县
Hainan,2050,current,doubled,0.205125153064728,昌江黎族自治县
Hainan,2050,current,doubled,0.205125153064728,白沙黎族自治县
Hainan,2050,current,doubled,0.205125153064728,临高县
Hainan,2050,current,doubled,0.205125153064728,澄迈县
Hainan,2050,current,doubled,0.205125153064728,屯昌县
Hainan,2050,current,doubled,0.205125153064728,定安县
Hainan,2050,current,doubled,0.205125153064728,海口市
Hainan,2050,current,doubled,0.205125153064728,琼中黎族苗族自治县
Hainan,2050,current,doubled,0.205125153064728,儋州市
Hainan,2050,current,doubled,0.205125153064728,三沙市
Hainan,2050,current,doubled,0.205125153064728,东方市
Hainan,2050,current,doubled,0.205125153064728,万宁市
Hainan,2050,current,doubled,0.205125153064728,文昌市
Hainan,2050,current,doubled,0.205125153064728,琼海市
Hainan,2050,current,doubled,0.205125153064728,五指山市
Hainan,2030,ssp245,doubled,0.0773354470729828,三亚市
Hainan,2030,ssp245,doubled,0.0773354470729828,保亭黎族苗族自治县
Hainan,2030,ssp245,doubled,0.0773354470729828,陵水黎族自治县
Hainan,2030,ssp245,doubled,0.0773354470729828,乐东黎族自治县
Hainan,2030,ssp245,doubled,0.0773354470729828,昌江黎族自治县
Hainan,2030,ssp245,doubled,0.0773354470729828,白沙黎族自治县
Hainan,2030,ssp245,doubled,0.0773354470729828,临高县
Hainan,2030,ssp245,doubled,0.0773354470729828,澄迈县
Hainan,2030,ssp245,doubled,0.0773354470729828,屯昌县
Hainan,2030,ssp245,doubled,0.0773354470729828,定安县
Hainan,2030,ssp245,doubled,0.0773354470729828,海口市
Hainan,2030,ssp245,doubled,0.0773354470729828,琼中黎族苗族自治县
Hainan,2030,ssp245,doubled,0.0773354470729828,儋州市
Hainan,2030,ssp245,doubled,0.0773354470729828,三沙市
Hainan,2030,ssp245,doubled,0.0773354470729828,东方市
Hainan,2030,ssp245,doubled,0.0773354470729828,万宁市
Hainan,2030,ssp245,doubled,0.0773354470729828,文昌市
Hainan,2030,ssp245,doubled,0.0773354470729828,琼海市
Hainan,2030,ssp245,doubled,0.0773354470729828,五指山市
Hainan,2035,ssp245,doubled,0.134383618831635,三亚市
Hainan,2035,ssp245,doubled,0.134383618831635,保亭黎族苗族自治县
Hainan,2035,ssp245,doubled,0.134383618831635,陵水黎族自治县
Hainan,2035,ssp245,doubled,0.134383618831635,乐东黎族自治县
Hainan,2035,ssp245,doubled,0.134383618831635,昌江黎族自治县
Hainan,2035,ssp245,doubled,0.134383618831635,白沙黎族自治县
Hainan,2035,ssp245,doubled,0.134383618831635,临高县
Hainan,2035,ssp245,doubled,0.134383618831635,澄迈县
Hainan,2035,ssp245,doubled,0.134383618831635,屯昌县
Hainan,2035,ssp245,doubled,0.134383618831635,定安县
Hainan,2035,ssp245,doubled,0.134383618831635,海口市
Hainan,2035,ssp245,doubled,0.134383618831635,琼中黎族苗族自治县
Hainan,2035,ssp245,doubled,0.134383618831635,儋州市
Hainan,2035,ssp245,doubled,0.134383618831635,三沙市
Hainan,2035,ssp245,doubled,0.134383618831635,东方市
Hainan,2035,ssp245,doubled,0.134383618831635,万宁市
Hainan,2035,ssp245,doubled,0.134383618831635,文昌市
Hainan,2035,ssp245,doubled,0.134383618831635,琼海市
Hainan,2035,ssp245,doubled,0.134383618831635,五指山市
Hainan,2040,ssp245,doubled,0.124456658959389,三亚市
Hainan,2040,ssp245,doubled,0.124456658959389,保亭黎族苗族自治县
Hainan,2040,ssp245,doubled,0.124456658959389,陵水黎族自治县
Hainan,2040,ssp245,doubled,0.124456658959389,乐东黎族自治县
Hainan,2040,ssp245,doubled,0.124456658959389,昌江黎族自治县
Hainan,2040,ssp245,doubled,0.124456658959389,白沙黎族自治县
Hainan,2040,ssp245,doubled,0.124456658959389,临高县
Hainan,2040,ssp245,doubled,0.124456658959389,澄迈县
Hainan,2040,ssp245,doubled,0.124456658959389,屯昌县
Hainan,2040,ssp245,doubled,0.124456658959389,定安县
Hainan,2040,ssp245,doubled,0.124456658959389,海口市
Hainan,2040,ssp245,doubled,0.124456658959389,琼中黎族苗族自治县
Hainan,2040,ssp245,doubled,0.124456658959389,儋州市
Hainan,2040,ssp245,doubled,0.124456658959389,三沙市
Hainan,2040,ssp245,doubled,0.124456658959389,东方市
Hainan,2040,ssp245,doubled,0.124456658959389,万宁市
Hainan,2040,ssp245,doubled,0.124456658959389,文昌市
Hainan,2040,ssp245,doubled,0.124456658959389,琼海市
Hainan,2040,ssp245,doubled,0.124456658959389,五指山市
Hainan,2045,ssp245,doubled,0.106492795050144,三亚市
Hainan,2045,ssp245,doubled,0.106492795050144,保亭黎族苗族自治县
Hainan,2045,ssp245,doubled,0.106492795050144,陵水黎族自治县
Hainan,2045,ssp245,doubled,0.106492795050144,乐东黎族自治县
Hainan,2045,ssp245,doubled,0.106492795050144,昌江黎族自治县
Hainan,2045,ssp245,doubled,0.106492795050144,白沙黎族自治县
Hainan,2045,ssp245,doubled,0.106492795050144,临高县
Hainan,2045,ssp245,doubled,0.106492795050144,澄迈县
Hainan,2045,ssp245,doubled,0.106492795050144,屯昌县
Hainan,2045,ssp245,doubled,0.106492795050144,定安县
Hainan,2045,ssp245,doubled,0.106492795050144,海口市
Hainan,2045,ssp245,doubled,0.106492795050144,琼中黎族苗族自治县
Hainan,2045,ssp245,doubled,0.106492795050144,儋州市
Hainan,2045,ssp245,doubled,0.106492795050144,三沙市
Hainan,2045,ssp245,doubled,0.106492795050144,东方市
Hainan,2045,ssp245,doubled,0.106492795050144,万宁市
Hainan,2045,ssp245,doubled,0.106492795050144,文昌市
Hainan,2045,ssp245,doubled,0.106492795050144,琼海市
Hainan,2045,ssp245,doubled,0.106492795050144,五指山市
Hainan,2050,ssp245,doubled,0.159175768494606,三亚市
Hainan,2050,ssp245,doubled,0.159175768494606,保亭黎族苗族自治县
Hainan,2050,ssp245,doubled,0.159175768494606,陵水黎族自治县
Hainan,2050,ssp245,doubled,0.159175768494606,乐东黎族自治县
Hainan,2050,ssp245,doubled,0.159175768494606,昌江黎族自治县
Hainan,2050,ssp245,doubled,0.159175768494606,白沙黎族自治县
Hainan,2050,ssp245,doubled,0.159175768494606,临高县
Hainan,2050,ssp245,doubled,0.159175768494606,澄迈县
Hainan,2050,ssp245,doubled,0.159175768494606,屯昌县
Hainan,2050,ssp245,doubled,0.159175768494606,定安县
Hainan,2050,ssp245,doubled,0.159175768494606,海口市
Hainan,2050,ssp245,doubled,0.159175768494606,琼中黎族苗族自治县
Hainan,2050,ssp245,doubled,0.159175768494606,儋州市
Hainan,2050,ssp245,doubled,0.159175768494606,三沙市
Hainan,2050,ssp245,doubled,0.159175768494606,东方市
Hainan,2050,ssp245,doubled,0.159175768494606,万宁市
Hainan,2050,ssp245,doubled,0.159175768494606,文昌市
Hainan,2050,ssp245,doubled,0.159175768494606,琼海市
Hainan,2050,ssp245,doubled,0.159175768494606,五指山市
Hainan,2030,ssp585,doubled,0.124456658959389,三亚市
Hainan,2030,ssp585,doubled,0.124456658959389,保亭黎族苗族自治县
Hainan,2030,ssp585,doubled,0.124456658959389,陵水黎族自治县
Hainan,2030,ssp585,doubled,0.124456658959389,乐东黎族自治县
Hainan,2030,ssp585,doubled,0.124456658959389,昌江黎族自治县
Hainan,2030,ssp585,doubled,0.124456658959389,白沙黎族自治县
Hainan,2030,ssp585,doubled,0.124456658959389,临高县
Hainan,2030,ssp585,doubled,0.124456658959389,澄迈县
Hainan,2030,ssp585,doubled,0.124456658959389,屯昌县
Hainan,2030,ssp585,doubled,0.124456658959389,定安县
Hainan,2030,ssp585,doubled,0.124456658959389,海口市
Hainan,2030,ssp585,doubled,0.124456658959389,琼中黎族苗族自治县
Hainan,2030,ssp585,doubled,0.124456658959389,儋州市
Hainan,2030,ssp585,doubled,0.124456658959389,三沙市
Hainan,2030,ssp585,doubled,0.124456658959389,东方市
Hainan,2030,ssp585,doubled,0.124456658959389,万宁市
Hainan,2030,ssp585,doubled,0.124456658959389,文昌市
Hainan,2030,ssp585,doubled,0.124456658959389,琼海市
Hainan,2030,ssp585,doubled,0.124456658959389,五指山市
Hainan,2035,ssp585,doubled,0.125496551394463,三亚市
Hainan,2035,ssp585,doubled,0.125496551394463,保亭黎族苗族自治县
Hainan,2035,ssp585,doubled,0.125496551394463,陵水黎族自治县
Hainan,2035,ssp585,doubled,0.125496551394463,乐东黎族自治县
Hainan,2035,ssp585,doubled,0.125496551394463,昌江黎族自治县
Hainan,2035,ssp585,doubled,0.125496551394463,白沙黎族自治县
Hainan,2035,ssp585,doubled,0.125496551394463,临高县
Hainan,2035,ssp585,doubled,0.125496551394463,澄迈县
Hainan,2035,ssp585,doubled,0.125496551394463,屯昌县
Hainan,2035,ssp585,doubled,0.125496551394463,定安县
Hainan,2035,ssp585,doubled,0.125496551394463,海口市
Hainan,2035,ssp585,doubled,0.125496551394463,琼中黎族苗族自治县
Hainan,2035,ssp585,doubled,0.125496551394463,儋州市
Hainan,2035,ssp585,doubled,0.125496551394463,三沙市
Hainan,2035,ssp585,doubled,0.125496551394463,东方市
Hainan,2035,ssp585,doubled,0.125496551394463,万宁市
Hainan,2035,ssp585,doubled,0.125496551394463,文昌市
Hainan,2035,ssp585,doubled,0.125496551394463,琼海市
Hainan,2035,ssp585,doubled,0.125496551394463,五指山市
Hainan,2040,ssp585,doubled,0.0768244862556458,三亚市
Hainan,2040,ssp585,doubled,0.0768244862556458,保亭黎族苗族自治县
Hainan,2040,ssp585,doubled,0.0768244862556458,陵水黎族自治县
Hainan,2040,ssp585,doubled,0.0768244862556458,乐东黎族自治县
Hainan,2040,ssp585,doubled,0.0768244862556458,昌江黎族自治县
Hainan,2040,ssp585,doubled,0.0768244862556458,白沙黎族自治县
Hainan,2040,ssp585,doubled,0.0768244862556458,临高县
Hainan,2040,ssp585,doubled,0.0768244862556458,澄迈县
Hainan,2040,ssp585,doubled,0.0768244862556458,屯昌县
Hainan,2040,ssp585,doubled,0.0768244862556458,定安县
Hainan,2040,ssp585,doubled,0.0768244862556458,海口市
Hainan,2040,ssp585,doubled,0.0768244862556458,琼中黎族苗族自治县
Hainan,2040,ssp585,doubled,0.0768244862556458,儋州市
Hainan,2040,ssp585,doubled,0.0768244862556458,三沙市
Hainan,2040,ssp585,doubled,0.0768244862556458,东方市
Hainan,2040,ssp585,doubled,0.0768244862556458,万宁市
Hainan,2040,ssp585,doubled,0.0768244862556458,文昌市
Hainan,2040,ssp585,doubled,0.0768244862556458,琼海市
Hainan,2040,ssp585,doubled,0.0768244862556458,五指山市
Hainan,2045,ssp585,doubled,0.118098840117455,三亚市
Hainan,2045,ssp585,doubled,0.118098840117455,保亭黎族苗族自治县
Hainan,2045,ssp585,doubled,0.118098840117455,陵水黎族自治县
Hainan,2045,ssp585,doubled,0.118098840117455,乐东黎族自治县
Hainan,2045,ssp585,doubled,0.118098840117455,昌江黎族自治县
Hainan,2045,ssp585,doubled,0.118098840117455,白沙黎族自治县
Hainan,2045,ssp585,doubled,0.118098840117455,临高县
Hainan,2045,ssp585,doubled,0.118098840117455,澄迈县
Hainan,2045,ssp585,doubled,0.118098840117455,屯昌县
Hainan,2045,ssp585,doubled,0.118098840117455,定安县
Hainan,2045,ssp585,doubled,0.118098840117455,海口市
Hainan,2045,ssp585,doubled,0.118098840117455,琼中黎族苗族自治县
Hainan,2045,ssp585,doubled,0.118098840117455,儋州市
Hainan,2045,ssp585,doubled,0.118098840117455,三沙市
Hainan,2045,ssp585,doubled,0.118098840117455,东方市
Hainan,2045,ssp585,doubled,0.118098840117455,万宁市
Hainan,2045,ssp585,doubled,0.118098840117455,文昌市
Hainan,2045,ssp585,doubled,0.118098840117455,琼海市
Hainan,2045,ssp585,doubled,0.118098840117455,五指山市
Hainan,2050,ssp585,doubled,0.0598254911601543,三亚市
Hainan,2050,ssp585,doubled,0.0598254911601543,保亭黎族苗族自治县
Hainan,2050,ssp585,doubled,0.0598254911601543,陵水黎族自治县
Hainan,2050,ssp585,doubled,0.0598254911601543,乐东黎族自治县
Hainan,2050,ssp585,doubled,0.0598254911601543,昌江黎族自治县
Hainan,2050,ssp585,doubled,0.0598254911601543,白沙黎族自治县
Hainan,2050,ssp585,doubled,0.0598254911601543,临高县
Hainan,2050,ssp585,doubled,0.0598254911601543,澄迈县
Hainan,2050,ssp585,doubled,0.0598254911601543,屯昌县
Hainan,2050,ssp585,doubled,0.0598254911601543,定安县
Hainan,2050,ssp585,doubled,0.0598254911601543,海口市
Hainan,2050,ssp585,doubled,0.0598254911601543,琼中黎族苗族自治县
Hainan,2050,ssp585,doubled,0.0598254911601543,儋州市
Hainan,2050,ssp585,doubled,0.0598254911601543,三沙市
Hainan,2050,ssp585,doubled,0.0598254911601543,东方市
Hainan,2050,ssp585,doubled,0.0598254911601543,万宁市
Hainan,2050,ssp585,doubled,0.0598254911601543,文昌市
Hainan,2050,ssp585,doubled,0.0598254911601543,琼海市
Hainan,2050,ssp585,doubled,0.0598254911601543,五指山市
Hebei,2030,current,baseline,0.286998003721237,石家庄市
Hebei,2030,current,baseline,0.286998003721237,唐山市
Hebei,2030,current,baseline,0.286998003721237,秦皇岛市
Hebei,2030,current,baseline,0.286998003721237,邯郸市
Hebei,2030,current,baseline,0.286998003721237,邢台市
Hebei,2030,current,baseline,0.286998003721237,保定市
Hebei,2030,current,baseline,0.286998003721237,张家口市
Hebei,2030,current,baseline,0.286998003721237,承德市
Hebei,2030,current,baseline,0.286998003721237,沧州市
Hebei,2030,current,baseline,0.286998003721237,廊坊市
Hebei,2030,current,baseline,0.286998003721237,衡水市
Hebei,2035,current,baseline,0.286998003721237,石家庄市
Hebei,2035,current,baseline,0.286998003721237,唐山市
Hebei,2035,current,baseline,0.286998003721237,秦皇岛市
Hebei,2035,current,baseline,0.286998003721237,邯郸市
Hebei,2035,current,baseline,0.286998003721237,邢台市
Hebei,2035,current,baseline,0.286998003721237,保定市
Hebei,2035,current,baseline,0.286998003721237,张家口市
Hebei,2035,current,baseline,0.286998003721237,承德市
Hebei,2035,current,baseline,0.286998003721237,沧州市
Hebei,2035,current,baseline,0.286998003721237,廊坊市
Hebei,2035,current,baseline,0.286998003721237,衡水市
Hebei,2040,current,baseline,0.286998003721237,石家庄市
Hebei,2040,current,baseline,0.286998003721237,唐山市
Hebei,2040,current,baseline,0.286998003721237,秦皇岛市
Hebei,2040,current,baseline,0.286998003721237,邯郸市
Hebei,2040,current,baseline,0.286998003721237,邢台市
Hebei,2040,current,baseline,0.286998003721237,保定市
Hebei,2040,current,baseline,0.286998003721237,张家口市
Hebei,2040,current,baseline,0.286998003721237,承德市
Hebei,2040,current,baseline,0.286998003721237,沧州市
Hebei,2040,current,baseline,0.286998003721237,廊坊市
Hebei,2040,current,baseline,0.286998003721237,衡水市
Hebei,2045,current,baseline,0.286998003721237,石家庄市
Hebei,2045,current,baseline,0.286998003721237,唐山市
Hebei,2045,current,baseline,0.286998003721237,秦皇岛市
Hebei,2045,current,baseline,0.286998003721237,邯郸市
Hebei,2045,current,baseline,0.286998003721237,邢台市
Hebei,2045,current,baseline,0.286998003721237,保定市
Hebei,2045,current,baseline,0.286998003721237,张家口市
Hebei,2045,current,baseline,0.286998003721237,承德市
Hebei,2045,current,baseline,0.286998003721237,沧州市
Hebei,2045,current,baseline,0.286998003721237,廊坊市
Hebei,2045,current,baseline,0.286998003721237,衡水市
Hebei,2050,current,baseline,0.286998003721237,石家庄市
Hebei,2050,current,baseline,0.286998003721237,唐山市
Hebei,2050,current,baseline,0.286998003721237,秦皇岛市
Hebei,2050,current,baseline,0.286998003721237,邯郸市
Hebei,2050,current,baseline,0.286998003721237,邢台市
Hebei,2050,current,baseline,0.286998003721237,保定市
Hebei,2050,current,baseline,0.286998003721237,张家口市
Hebei,2050,current,baseline,0.286998003721237,承德市
Hebei,2050,current,baseline,0.286998003721237,沧州市
Hebei,2050,current,baseline,0.286998003721237,廊坊市
Hebei,2050,current,baseline,0.286998003721237,衡水市
Hebei,2030,ssp245,baseline,0.126200497150421,石家庄市
Hebei,2030,ssp245,baseline,0.126200497150421,唐山市
Hebei,2030,ssp245,baseline,0.126200497150421,秦皇岛市
Hebei,2030,ssp245,baseline,0.126200497150421,邯郸市
Hebei,2030,ssp245,baseline,0.126200497150421,邢台市
Hebei,2030,ssp245,baseline,0.126200497150421,保定市
Hebei,2030,ssp245,baseline,0.126200497150421,张家口市
Hebei,2030,ssp245,baseline,0.126200497150421,承德市
Hebei,2030,ssp245,baseline,0.126200497150421,沧州市
Hebei,2030,ssp245,baseline,0.126200497150421,廊坊市
Hebei,2030,ssp245,baseline,0.126200497150421,衡水市
Hebei,2035,ssp245,baseline,0.0775563195347786,石家庄市
Hebei,2035,ssp245,baseline,0.0775563195347786,唐山市
Hebei,2035,ssp245,baseline,0.0775563195347786,秦皇岛市
Hebei,2035,ssp245,baseline,0.0775563195347786,邯郸市
Hebei,2035,ssp245,baseline,0.0775563195347786,邢台市
Hebei,2035,ssp245,baseline,0.0775563195347786,保定市
Hebei,2035,ssp245,baseline,0.0775563195347786,张家口市
Hebei,2035,ssp245,baseline,0.0775563195347786,承德市
Hebei,2035,ssp245,baseline,0.0775563195347786,沧州市
Hebei,2035,ssp245,baseline,0.0775563195347786,廊坊市
Hebei,2035,ssp245,baseline,0.0775563195347786,衡水市
Hebei,2040,ssp245,baseline,0.026171138510108,石家庄市
Hebei,2040,ssp245,baseline,0.026171138510108,唐山市
Hebei,2040,ssp245,baseline,0.026171138510108,秦皇岛市
Hebei,2040,ssp245,baseline,0.026171138510108,邯郸市
Hebei,2040,ssp245,baseline,0.026171138510108,邢台市
Hebei,2040,ssp245,baseline,0.026171138510108,保定市
Hebei,2040,ssp245,baseline,0.026171138510108,张家口市
Hebei,2040,ssp245,baseline,0.026171138510108,承德市
Hebei,2040,ssp245,baseline,0.026171138510108,沧州市
Hebei,2040,ssp245,baseline,0.026171138510108,廊坊市
Hebei,2040,ssp245,baseline,0.026171138510108,衡水市
Hebei,2045,ssp245,baseline,0.159670189023018,石家庄市
Hebei,2045,ssp245,baseline,0.159670189023018,唐山市
Hebei,2045,ssp245,baseline,0.159670189023018,秦皇岛市
Hebei,2045,ssp245,baseline,0.159670189023018,邯郸市
Hebei,2045,ssp245,baseline,0.159670189023018,邢台市
Hebei,2045,ssp245,baseline,0.159670189023018,保定市
Hebei,2045,ssp245,baseline,0.159670189023018,张家口市
Hebei,2045,ssp245,baseline,0.159670189023018,承德市
Hebei,2045,ssp245,baseline,0.159670189023018,沧州市
Hebei,2045,ssp245,baseline,0.159670189023018,廊坊市
Hebei,2045,ssp245,baseline,0.159670189023018,衡水市
Hebei,2050,ssp245,baseline,0.12814924120903,石家庄市
Hebei,2050,ssp245,baseline,0.12814924120903,唐山市
Hebei,2050,ssp245,baseline,0.12814924120903,秦皇岛市
Hebei,2050,ssp245,baseline,0.12814924120903,邯郸市
Hebei,2050,ssp245,baseline,0.12814924120903,邢台市
Hebei,2050,ssp245,baseline,0.12814924120903,保定市
Hebei,2050,ssp245,baseline,0.12814924120903,张家口市
Hebei,2050,ssp245,baseline,0.12814924120903,承德市
Hebei,2050,ssp245,baseline,0.12814924120903,沧州市
Hebei,2050,ssp245,baseline,0.12814924120903,廊坊市
Hebei,2050,ssp245,baseline,0.12814924120903,衡水市
Hebei,2030,ssp585,baseline,0.026171138510108,石家庄市
Hebei,2030,ssp585,baseline,0.026171138510108,唐山市
Hebei,2030,ssp585,baseline,0.026171138510108,秦皇岛市
Hebei,2030,ssp585,baseline,0.026171138510108,邯郸市
Hebei,2030,ssp585,baseline,0.026171138510108,邢台市
Hebei,2030,ssp585,baseline,0.026171138510108,保定市
Hebei,2030,ssp585,baseline,0.026171138510108,张家口市
Hebei,2030,ssp585,baseline,0.026171138510108,承德市
Hebei,2030,ssp585,baseline,0.026171138510108,沧州市
Hebei,2030,ssp585,baseline,0.026171138510108,廊坊市
Hebei,2030,ssp585,baseline,0.026171138510108,衡水市
Hebei,2035,ssp585,baseline,0.19158810377121,石家庄市
Hebei,2035,ssp585,baseline,0.19158810377121,唐山市
Hebei,2035,ssp585,baseline,0.19158810377121,秦皇岛市
Hebei,2035,ssp585,baseline,0.19158810377121,邯郸市
Hebei,2035,ssp585,baseline,0.19158810377121,邢台市
Hebei,2035,ssp585,baseline,0.19158810377121,保定市
Hebei,2035,ssp585,baseline,0.19158810377121,张家口市
Hebei,2035,ssp585,baseline,0.19158810377121,承德市
Hebei,2035,ssp585,baseline,0.19158810377121,沧州市
Hebei,2035,ssp585,baseline,0.19158810377121,廊坊市
Hebei,2035,ssp585,baseline,0.19158810377121,衡水市
Hebei,2040,ssp585,baseline,0.0821930393576622,石家庄市
Hebei,2040,ssp585,baseline,0.0821930393576622,唐山市
Hebei,2040,ssp585,baseline,0.0821930393576622,秦皇岛市
Hebei,2040,ssp585,baseline,0.0821930393576622,邯郸市
Hebei,2040,ssp585,baseline,0.0821930393576622,邢台市
Hebei,2040,ssp585,baseline,0.0821930393576622,保定市
Hebei,2040,ssp585,baseline,0.0821930393576622,张家口市
Hebei,2040,ssp585,baseline,0.0821930393576622,承德市
Hebei,2040,ssp585,baseline,0.0821930393576622,沧州市
Hebei,2040,ssp585,baseline,0.0821930393576622,廊坊市
Hebei,2040,ssp585,baseline,0.0821930393576622,衡水市
Hebei,2045,ssp585,baseline,0.0864916816353798,石家庄市
Hebei,2045,ssp585,baseline,0.0864916816353798,唐山市
Hebei,2045,ssp585,baseline,0.0864916816353798,秦皇岛市
Hebei,2045,ssp585,baseline,0.0864916816353798,邯郸市
Hebei,2045,ssp585,baseline,0.0864916816353798,邢台市
Hebei,2045,ssp585,baseline,0.0864916816353798,保定市
Hebei,2045,ssp585,baseline,0.0864916816353798,张家口市
Hebei,2045,ssp585,baseline,0.0864916816353798,承德市
Hebei,2045,ssp585,baseline,0.0864916816353798,沧州市
Hebei,2045,ssp585,baseline,0.0864916816353798,廊坊市
Hebei,2045,ssp585,baseline,0.0864916816353798,衡水市
Hebei,2050,ssp585,baseline,0.0840591341257095,石家庄市
Hebei,2050,ssp585,baseline,0.0840591341257095,唐山市
Hebei,2050,ssp585,baseline,0.0840591341257095,秦皇岛市
Hebei,2050,ssp585,baseline,0.0840591341257095,邯郸市
Hebei,2050,ssp585,baseline,0.0840591341257095,邢台市
Hebei,2050,ssp585,baseline,0.0840591341257095,保定市
Hebei,2050,ssp585,baseline,0.0840591341257095,张家口市
Hebei,2050,ssp585,baseline,0.0840591341257095,承德市
Hebei,2050,ssp585,baseline,0.0840591341257095,沧州市
Hebei,2050,ssp585,baseline,0.0840591341257095,廊坊市
Hebei,2050,ssp585,baseline,0.0840591341257095,衡水市
Hebei,2030,current,trend,0.316921949386597,石家庄市
Hebei,2030,current,trend,0.316921949386597,唐山市
Hebei,2030,current,trend,0.316921949386597,秦皇岛市
Hebei,2030,current,trend,0.316921949386597,邯郸市
Hebei,2030,current,trend,0.316921949386597,邢台市
Hebei,2030,current,trend,0.316921949386597,保定市
Hebei,2030,current,trend,0.316921949386597,张家口市
Hebei,2030,current,trend,0.316921949386597,承德市
Hebei,2030,current,trend,0.316921949386597,沧州市
Hebei,2030,current,trend,0.316921949386597,廊坊市
Hebei,2030,current,trend,0.316921949386597,衡水市
Hebei,2035,current,trend,0.242397740483284,石家庄市
Hebei,2035,current,trend,0.242397740483284,唐山市
Hebei,2035,current,trend,0.242397740483284,秦皇岛市
Hebei,2035,current,trend,0.242397740483284,邯郸市
Hebei,2035,current,trend,0.242397740483284,邢台市
Hebei,2035,current,trend,0.242397740483284,保定市
Hebei,2035,current,trend,0.242397740483284,张家口市
Hebei,2035,current,trend,0.242397740483284,承德市
Hebei,2035,current,trend,0.242397740483284,沧州市
Hebei,2035,current,trend,0.242397740483284,廊坊市
Hebei,2035,current,trend,0.242397740483284,衡水市
Hebei,2040,current,trend,0.242708563804626,石家庄市
Hebei,2040,current,trend,0.242708563804626,唐山市
Hebei,2040,current,trend,0.242708563804626,秦皇岛市
Hebei,2040,current,trend,0.242708563804626,邯郸市
Hebei,2040,current,trend,0.242708563804626,邢台市
Hebei,2040,current,trend,0.242708563804626,保定市
Hebei,2040,current,trend,0.242708563804626,张家口市
Hebei,2040,current,trend,0.242708563804626,承德市
Hebei,2040,current,trend,0.242708563804626,沧州市
Hebei,2040,current,trend,0.242708563804626,廊坊市
Hebei,2040,current,trend,0.242708563804626,衡水市
Hebei,2045,current,trend,0.206370249390602,石家庄市
Hebei,2045,current,trend,0.206370249390602,唐山市
Hebei,2045,current,trend,0.206370249390602,秦皇岛市
Hebei,2045,current,trend,0.206370249390602,邯郸市
Hebei,2045,current,trend,0.206370249390602,邢台市
Hebei,2045,current,trend,0.206370249390602,保定市
Hebei,2045,current,trend,0.206370249390602,张家口市
Hebei,2045,current,trend,0.206370249390602,承德市
Hebei,2045,current,trend,0.206370249390602,沧州市
Hebei,2045,current,trend,0.206370249390602,廊坊市
Hebei,2045,current,trend,0.206370249390602,衡水市
Hebei,2050,current,trend,0.205125153064728,石家庄市
Hebei,2050,current,trend,0.205125153064728,唐山市
Hebei,2050,current,trend,0.205125153064728,秦皇岛市
Hebei,2050,current,trend,0.205125153064728,邯郸市
Hebei,2050,current,trend,0.205125153064728,邢台市
Hebei,2050,current,trend,0.205125153064728,保定市
Hebei,2050,current,trend,0.205125153064728,张家口市
Hebei,2050,current,trend,0.205125153064728,承德市
Hebei,2050,current,trend,0.205125153064728,沧州市
Hebei,2050,current,trend,0.205125153064728,廊坊市
Hebei,2050,current,trend,0.205125153064728,衡水市
Hebei,2030,ssp245,trend,0.0837276950478554,石家庄市
Hebei,2030,ssp245,trend,0.0837276950478554,唐山市
Hebei,2030,ssp245,trend,0.0837276950478554,秦皇岛市
Hebei,2030,ssp245,trend,0.0837276950478554,邯郸市
Hebei,2030,ssp245,trend,0.0837276950478554,邢台市
Hebei,2030,ssp245,trend,0.0837276950478554,保定市
Hebei,2030,ssp245,trend,0.0837276950478554,张家口市
Hebei,2030,ssp245,trend,0.0837276950478554,承德市
Hebei,2030,ssp245,trend,0.0837276950478554,沧州市
Hebei,2030,ssp245,trend,0.0837276950478554,廊坊市
Hebei,2030,ssp245,trend,0.0837276950478554,衡水市
Hebei,2035,ssp245,trend,0.0487568117678165,石家庄市
Hebei,2035,ssp245,trend,0.0487568117678165,唐山市
Hebei,2035,ssp245,trend,0.0487568117678165,秦皇岛市
Hebei,2035,ssp245,trend,0.0487568117678165,邯郸市
Hebei,2035,ssp245,trend,0.0487568117678165,邢台市
Hebei,2035,ssp245,trend,0.0487568117678165,保定市
Hebei,2035,ssp245,trend,0.0487568117678165,张家口市
Hebei,2035,ssp245,trend,0.0487568117678165,承德市
Hebei,2035,ssp245,trend,0.0487568117678165,沧州市
Hebei,2035,ssp245,trend,0.0487568117678165,廊坊市
Hebei,2035,ssp245,trend,0.0487568117678165,衡水市
Hebei,2040,ssp245,trend,0.040069717913866,石家庄市
Hebei,2040,ssp245,trend,0.040069717913866,唐山市
Hebei,2040,ssp245,trend,0.040069717913866,秦皇岛市
Hebei,2040,ssp245,trend,0.040069717913866,邯郸市
Hebei,2040,ssp245,trend,0.040069717913866,邢台市
Hebei,2040,ssp245,trend,0.040069717913866,保定市
Hebei,2040,ssp245,trend,0.040069717913866,张家口市
Hebei,2040,ssp245,trend,0.040069717913866,承德市
Hebei,2040,ssp245,trend,0.040069717913866,沧州市
Hebei,2040,ssp245,trend,0.040069717913866,廊坊市
Hebei,2040,ssp245,trend,0.040069717913866,衡水市
Hebei,2045,ssp245,trend,0.0952784568071365,石家庄市
Hebei,2045,ssp245,trend,0.0952784568071365,唐山市
Hebei,2045,ssp245,trend,0.0952784568071365,秦皇岛市
Hebei,2045,ssp245,trend,0.0952784568071365,邯郸市
Hebei,2045,ssp245,trend,0.0952784568071365,邢台市
Hebei,2045,ssp245,trend,0.0952784568071365,保定市
Hebei,2045,ssp245,trend,0.0952784568071365,张家口市
Hebei,2045,ssp245,trend,0.0952784568071365,承德市
Hebei,2045,ssp245,trend,0.0952784568071365,沧州市
Hebei,2045,ssp245,trend,0.0952784568071365,廊坊市
Hebei,2045,ssp245,trend,0.0952784568071365,衡水市
Hebei,2050,ssp245,trend,0.143929794430733,石家庄市
Hebei,2050,ssp245,trend,0.143929794430733,唐山市
Hebei,2050,ssp245,trend,0.143929794430733,秦皇岛市
Hebei,2050,ssp245,trend,0.143929794430733,邯郸市
Hebei,2050,ssp245,trend,0.143929794430733,邢台市
Hebei,2050,ssp245,trend,0.143929794430733,保定市
Hebei,2050,ssp245,trend,0.143929794430733,张家口市
Hebei,2050,ssp245,trend,0.143929794430733,承德市
Hebei,2050,ssp245,trend,0.143929794430733,沧州市
Hebei,2050,ssp245,trend,0.143929794430733,廊坊市
Hebei,2050,ssp245,trend,0.143929794430733,衡水市
Hebei,2030,ssp585,trend,0.0899395495653153,石家庄市
Hebei,2030,ssp585,trend,0.0899395495653153,唐山市
Hebei,2030,ssp585,trend,0.0899395495653153,秦皇岛市
Hebei,2030,ssp585,trend,0.0899395495653153,邯郸市
Hebei,2030,ssp585,trend,0.0899395495653153,邢台市
Hebei,2030,ssp585,trend,0.0899395495653153,保定市
Hebei,2030,ssp585,trend,0.0899395495653153,张家口市
Hebei,2030,ssp585,trend,0.0899395495653153,承德市
Hebei,2030,ssp585,trend,0.0899395495653153,沧州市
Hebei,2030,ssp585,trend,0.0899395495653153,廊坊市
Hebei,2030,ssp585,trend,0.0899395495653153,衡水市
Hebei,2035,ssp585,trend,0.109485656023026,石家庄市
Hebei,2035,ssp585,trend,0.109485656023026,唐山市
Hebei,2035,ssp585,trend,0.109485656023026,秦皇岛市
Hebei,2035,ssp585,trend,0.109485656023026,邯郸市
Hebei,2035,ssp585,trend,0.109485656023026,邢台市
Hebei,2035,ssp585,trend,0.109485656023026,保定市
Hebei,2035,ssp585,trend,0.109485656023026,张家口市
Hebei,2035,ssp585,trend,0.109485656023026,承德市
Hebei,2035,ssp585,trend,0.109485656023026,沧州市
Hebei,2035,ssp585,trend,0.109485656023026,廊坊市
Hebei,2035,ssp585,trend,0.109485656023026,衡水市
Hebei,2040,ssp585,trend,0.0627038851380348,石家庄市
Hebei,2040,ssp585,trend,0.0627038851380348,唐山市
Hebei,2040,ssp585,trend,0.0627038851380348,秦皇岛市
Hebei,2040,ssp585,trend,0.0627038851380348,邯郸市
Hebei,2040,ssp585,trend,0.0627038851380348,邢台市
Hebei,2040,ssp585,trend,0.0627038851380348,保定市
Hebei,2040,ssp585,trend,0.0627038851380348,张家口市
Hebei,2040,ssp585,trend,0.0627038851380348,承德市
Hebei,2040,ssp585,trend,0.0627038851380348,沧州市
Hebei,2040,ssp585,trend,0.0627038851380348,廊坊市
Hebei,2040,ssp585,trend,0.0627038851380348,衡水市
Hebei,2045,ssp585,trend,0.118894688785076,石家庄市
Hebei,2045,ssp585,trend,0.118894688785076,唐山市
Hebei,2045,ssp585,trend,0.118894688785076,秦皇岛市
Hebei,2045,ssp585,trend,0.118894688785076,邯郸市
Hebei,2045,ssp585,trend,0.118894688785076,邢台市
Hebei,2045,ssp585,trend,0.118894688785076,保定市
Hebei,2045,ssp585,trend,0.118894688785076,张家口市
Hebei,2045,ssp585,trend,0.118894688785076,承德市
Hebei,2045,ssp585,trend,0.118894688785076,沧州市
Hebei,2045,ssp585,trend,0.118894688785076,廊坊市
Hebei,2045,ssp585,trend,0.118894688785076,衡水市
Hebei,2050,ssp585,trend,0.0598254911601543,石家庄市
Hebei,2050,ssp585,trend,0.0598254911601543,唐山市
Hebei,2050,ssp585,trend,0.0598254911601543,秦皇岛市
Hebei,2050,ssp585,trend,0.0598254911601543,邯郸市
Hebei,2050,ssp585,trend,0.0598254911601543,邢台市
Hebei,2050,ssp585,trend,0.0598254911601543,保定市
Hebei,2050,ssp585,trend,0.0598254911601543,张家口市
Hebei,2050,ssp585,trend,0.0598254911601543,承德市
Hebei,2050,ssp585,trend,0.0598254911601543,沧州市
Hebei,2050,ssp585,trend,0.0598254911601543,廊坊市
Hebei,2050,ssp585,trend,0.0598254911601543,衡水市
Hebei,2030,current,doubled,0.205125153064728,石家庄市
Hebei,2030,current,doubled,0.205125153064728,唐山市
Hebei,2030,current,doubled,0.205125153064728,秦皇岛市
Hebei,2030,current,doubled,0.205125153064728,邯郸市
Hebei,2030,current,doubled,0.205125153064728,邢台市
Hebei,2030,current,doubled,0.205125153064728,保定市
Hebei,2030,current,doubled,0.205125153064728,张家口市
Hebei,2030,current,doubled,0.205125153064728,承德市
Hebei,2030,current,doubled,0.205125153064728,沧州市
Hebei,2030,current,doubled,0.205125153064728,廊坊市
Hebei,2030,current,doubled,0.205125153064728,衡水市
Hebei,2035,current,doubled,0.205125153064728,石家庄市
Hebei,2035,current,doubled,0.205125153064728,唐山市
Hebei,2035,current,doubled,0.205125153064728,秦皇岛市
Hebei,2035,current,doubled,0.205125153064728,邯郸市
Hebei,2035,current,doubled,0.205125153064728,邢台市
Hebei,2035,current,doubled,0.205125153064728,保定市
Hebei,2035,current,doubled,0.205125153064728,张家口市
Hebei,2035,current,doubled,0.205125153064728,承德市
Hebei,2035,current,doubled,0.205125153064728,沧州市
Hebei,2035,current,doubled,0.205125153064728,廊坊市
Hebei,2035,current,doubled,0.205125153064728,衡水市
Hebei,2040,current,doubled,0.205125153064728,石家庄市
Hebei,2040,current,doubled,0.205125153064728,唐山市
Hebei,2040,current,doubled,0.205125153064728,秦皇岛市
Hebei,2040,current,doubled,0.205125153064728,邯郸市
Hebei,2040,current,doubled,0.205125153064728,邢台市
Hebei,2040,current,doubled,0.205125153064728,保定市
Hebei,2040,current,doubled,0.205125153064728,张家口市
Hebei,2040,current,doubled,0.205125153064728,承德市
Hebei,2040,current,doubled,0.205125153064728,沧州市
Hebei,2040,current,doubled,0.205125153064728,廊坊市
Hebei,2040,current,doubled,0.205125153064728,衡水市
Hebei,2045,current,doubled,0.205125153064728,石家庄市
Hebei,2045,current,doubled,0.205125153064728,唐山市
Hebei,2045,current,doubled,0.205125153064728,秦皇岛市
Hebei,2045,current,doubled,0.205125153064728,邯郸市
Hebei,2045,current,doubled,0.205125153064728,邢台市
Hebei,2045,current,doubled,0.205125153064728,保定市
Hebei,2045,current,doubled,0.205125153064728,张家口市
Hebei,2045,current,doubled,0.205125153064728,承德市
Hebei,2045,current,doubled,0.205125153064728,沧州市
Hebei,2045,current,doubled,0.205125153064728,廊坊市
Hebei,2045,current,doubled,0.205125153064728,衡水市
Hebei,2050,current,doubled,0.205125153064728,石家庄市
Hebei,2050,current,doubled,0.205125153064728,唐山市
Hebei,2050,current,doubled,0.205125153064728,秦皇岛市
Hebei,2050,current,doubled,0.205125153064728,邯郸市
Hebei,2050,current,doubled,0.205125153064728,邢台市
Hebei,2050,current,doubled,0.205125153064728,保定市
Hebei,2050,current,doubled,0.205125153064728,张家口市
Hebei,2050,current,doubled,0.205125153064728,承德市
Hebei,2050,current,doubled,0.205125153064728,沧州市
Hebei,2050,current,doubled,0.205125153064728,廊坊市
Hebei,2050,current,doubled,0.205125153064728,衡水市
Hebei,2030,ssp245,doubled,0.0773354470729828,石家庄市
Hebei,2030,ssp245,doubled,0.0773354470729828,唐山市
Hebei,2030,ssp245,doubled,0.0773354470729828,秦皇岛市
Hebei,2030,ssp245,doubled,0.0773354470729828,邯郸市
Hebei,2030,ssp245,doubled,0.0773354470729828,邢台市
Hebei,2030,ssp245,doubled,0.0773354470729828,保定市
Hebei,2030,ssp245,doubled,0.0773354470729828,张家口市
Hebei,2030,ssp245,doubled,0.0773354470729828,承德市
Hebei,2030,ssp245,doubled,0.0773354470729828,沧州市
Hebei,2030,ssp245,doubled,0.0773354470729828,廊坊市
Hebei,2030,ssp245,doubled,0.0773354470729828,衡水市
Hebei,2035,ssp245,doubled,0.134383618831635,石家庄市
Hebei,2035,ssp245,doubled,0.134383618831635,唐山市
Hebei,2035,ssp245,doubled,0.134383618831635,秦皇岛市
Hebei,2035,ssp245,doubled,0.134383618831635,邯郸市
Hebei,2035,ssp245,doubled,0.134383618831635,邢台市
Hebei,2035,ssp245,doubled,0.134383618831635,保定市
Hebei,2035,ssp245,doubled,0.134383618831635,张家口市
Hebei,2035,ssp245,doubled,0.134383618831635,承德市
Hebei,2035,ssp245,doubled,0.134383618831635,沧州市
Hebei,2035,ssp245,doubled,0.134383618831635,廊坊市
Hebei,2035,ssp245,doubled,0.134383618831635,衡水市
Hebei,2040,ssp245,doubled,0.0813378170132637,石家庄市
Hebei,2040,ssp245,doubled,0.0813378170132637,唐山市
Hebei,2040,ssp245,doubled,0.0813378170132637,秦皇岛市
Hebei,2040,ssp245,doubled,0.0813378170132637,邯郸市
Hebei,2040,ssp245,doubled,0.0813378170132637,邢台市
Hebei,2040,ssp245,doubled,0.0813378170132637,保定市
Hebei,2040,ssp245,doubled,0.0813378170132637,张家口市
Hebei,2040,ssp245,doubled,0.0813378170132637,承德市
Hebei,2040,ssp245,doubled,0.0813378170132637,沧州市
Hebei,2040,ssp245,doubled,0.0813378170132637,廊坊市
Hebei,2040,ssp245,doubled,0.0813378170132637,衡水市
Hebei,2045,ssp245,doubled,0.106907181441784,石家庄市
Hebei,2045,ssp245,doubled,0.106907181441784,唐山市
Hebei,2045,ssp245,doubled,0.106907181441784,秦皇岛市
Hebei,2045,ssp245,doubled,0.106907181441784,邯郸市
Hebei,2045,ssp245,doubled,0.106907181441784,邢台市
Hebei,2045,ssp245,doubled,0.106907181441784,保定市
Hebei,2045,ssp245,doubled,0.106907181441784,张家口市
Hebei,2045,ssp245,doubled,0.106907181441784,承德市
Hebei,2045,ssp245,doubled,0.106907181441784,沧州市
Hebei,2045,ssp245,doubled,0.106907181441784,廊坊市
Hebei,2045,ssp245,doubled,0.106907181441784,衡水市
Hebei,2050,ssp245,doubled,0.159175768494606,石家庄市
Hebei,2050,ssp245,doubled,0.159175768494606,唐山市
Hebei,2050,ssp245,doubled,0.159175768494606,秦皇岛市
Hebei,2050,ssp245,doubled,0.159175768494606,邯郸市
Hebei,2050,ssp245,doubled,0.159175768494606,邢台市
Hebei,2050,ssp245,doubled,0.159175768494606,保定市
Hebei,2050,ssp245,doubled,0.159175768494606,张家口市
Hebei,2050,ssp245,doubled,0.159175768494606,承德市
Hebei,2050,ssp245,doubled,0.159175768494606,沧州市
Hebei,2050,ssp245,doubled,0.159175768494606,廊坊市
Hebei,2050,ssp245,doubled,0.159175768494606,衡水市
Hebei,2030,ssp585,doubled,0.0813378170132637,石家庄市
Hebei,2030,ssp585,doubled,0.0813378170132637,唐山市
Hebei,2030,ssp585,doubled,0.0813378170132637,秦皇岛市
Hebei,2030,ssp585,doubled,0.0813378170132637,邯郸市
Hebei,2030,ssp585,doubled,0.0813378170132637,邢台市
Hebei,2030,ssp585,doubled,0.0813378170132637,保定市
Hebei,2030,ssp585,doubled,0.0813378170132637,张家口市
Hebei,2030,ssp585,doubled,0.0813378170132637,承德市
Hebei,2030,ssp585,doubled,0.0813378170132637,沧州市
Hebei,2030,ssp585,doubled,0.0813378170132637,廊坊市
Hebei,2030,ssp585,doubled,0.0813378170132637,衡水市
Hebei,2035,ssp585,doubled,0.125496551394463,石家庄市
Hebei,2035,ssp585,doubled,0.125496551394463,唐山市
Hebei,2035,ssp585,doubled,0.125496551394463,秦皇岛市
Hebei,2035,ssp585,doubled,0.125496551394463,邯郸市
Hebei,2035,ssp585,doubled,0.125496551394463,邢台市
Hebei,2035,ssp585,doubled,0.125496551394463,保定市
Hebei,2035,ssp585,doubled,0.125496551394463,张家口市
Hebei,2035,ssp585,doubled,0.125496551394463,承德市
Hebei,2035,ssp585,doubled,0.125496551394463,沧州市
Hebei,2035,ssp585,doubled,0.125496551394463,廊坊市
Hebei,2035,ssp585,doubled,0.125496551394463,衡水市
Hebei,2040,ssp585,doubled,0.0768244862556458,石家庄市
Hebei,2040,ssp585,doubled,0.0768244862556458,唐山市
Hebei,2040,ssp585,doubled,0.0768244862556458,秦皇岛市
Hebei,2040,ssp585,doubled,0.0768244862556458,邯郸市
Hebei,2040,ssp585,doubled,0.0768244862556458,邢台市
Hebei,2040,ssp585,doubled,0.0768244862556458,保定市
Hebei,2040,ssp585,doubled,0.0768244862556458,张家口市
Hebei,2040,ssp585,doubled,0.0768244862556458,承德市
Hebei,2040,ssp585,doubled,0.0768244862556458,沧州市
Hebei,2040,ssp585,doubled,0.0768244862556458,廊坊市
Hebei,2040,ssp585,doubled,0.0768244862556458,衡水市
Hebei,2045,ssp585,doubled,0.118098840117455,石家庄市
Hebei,2045,ssp585,doubled,0.118098840117455,唐山市
Hebei,2045,ssp585,doubled,0.118098840117455,秦皇岛市
Hebei,2045,ssp585,doubled,0.118098840117455,邯郸市
Hebei,2045,ssp585,doubled,0.118098840117455,邢台市
Hebei,2045,ssp585,doubled,0.118098840117455,保定市
Hebei,2045,ssp585,doubled,0.118098840117455,张家口市
Hebei,2045,ssp585,doubled,0.118098840117455,承德市
Hebei,2045,ssp585,doubled,0.118098840117455,沧州市
Hebei,2045,ssp585,doubled,0.118098840117455,廊坊市
Hebei,2045,ssp585,doubled,0.118098840117455,衡水市
Hebei,2050,ssp585,doubled,0.0598254911601543,石家庄市
Hebei,2050,ssp585,doubled,0.0598254911601543,唐山市
Hebei,2050,ssp585,doubled,0.0598254911601543,秦皇岛市
Hebei,2050,ssp585,doubled,0.0598254911601543,邯郸市
Hebei,2050,ssp585,doubled,0.0598254911601543,邢台市
Hebei,2050,ssp585,doubled,0.0598254911601543,保定市
Hebei,2050,ssp585,doubled,0.0598254911601543,张家口市
Hebei,2050,ssp585,doubled,0.0598254911601543,承德市
Hebei,2050,ssp585,doubled,0.0598254911601543,沧州市
Hebei,2050,ssp585,doubled,0.0598254911601543,廊坊市
Hebei,2050,ssp585,doubled,0.0598254911601543,衡水市
Heilongjiang,2030,current,baseline,0.363080084323883,牡丹江市
Heilongjiang,2030,current,baseline,0.363080084323883,齐齐哈尔市
Heilongjiang,2030,current,baseline,0.363080084323883,绥化市
Heilongjiang,2030,current,baseline,0.363080084323883,鸡西市
Heilongjiang,2030,current,baseline,0.363080084323883,黑河市
Heilongjiang,2030,current,baseline,0.363080084323883,哈尔滨市
Heilongjiang,2030,current,baseline,0.363080084323883,大庆市
Heilongjiang,2030,current,baseline,0.363080084323883,大兴安岭地区
Heilongjiang,2030,current,baseline,0.363080084323883,伊春市
Heilongjiang,2030,current,baseline,0.363080084323883,鹤岗市
Heilongjiang,2030,current,baseline,0.363080084323883,双鸭山市
Heilongjiang,2030,current,baseline,0.363080084323883,佳木斯市
Heilongjiang,2030,current,baseline,0.363080084323883,七台河市
Heilongjiang,2035,current,baseline,0.363080084323883,牡丹江市
Heilongjiang,2035,current,baseline,0.363080084323883,齐齐哈尔市
Heilongjiang,2035,current,baseline,0.363080084323883,绥化市
Heilongjiang,2035,current,baseline,0.363080084323883,鸡西市
Heilongjiang,2035,current,baseline,0.363080084323883,黑河市
Heilongjiang,2035,current,baseline,0.363080084323883,哈尔滨市
Heilongjiang,2035,current,baseline,0.363080084323883,大庆市
Heilongjiang,2035,current,baseline,0.363080084323883,大兴安岭地区
Heilongjiang,2035,current,baseline,0.363080084323883,伊春市
Heilongjiang,2035,current,baseline,0.363080084323883,鹤岗市
Heilongjiang,2035,current,baseline,0.363080084323883,双鸭山市
Heilongjiang,2035,current,baseline,0.363080084323883,佳木斯市
Heilongjiang,2035,current,baseline,0.363080084323883,七台河市
Heilongjiang,2040,current,baseline,0.363080084323883,牡丹江市
Heilongjiang,2040,current,baseline,0.363080084323883,齐齐哈尔市
Heilongjiang,2040,current,baseline,0.363080084323883,绥化市
Heilongjiang,2040,current,baseline,0.363080084323883,鸡西市
Heilongjiang,2040,current,baseline,0.363080084323883,黑河市
Heilongjiang,2040,current,baseline,0.363080084323883,哈尔滨市
Heilongjiang,2040,current,baseline,0.363080084323883,大庆市
Heilongjiang,2040,current,baseline,0.363080084323883,大兴安岭地区
Heilongjiang,2040,current,baseline,0.363080084323883,伊春市
Heilongjiang,2040,current,baseline,0.363080084323883,鹤岗市
Heilongjiang,2040,current,baseline,0.363080084323883,双鸭山市
Heilongjiang,2040,current,baseline,0.363080084323883,佳木斯市
Heilongjiang,2040,current,baseline,0.363080084323883,七台河市
Heilongjiang,2045,current,baseline,0.363080084323883,牡丹江市
Heilongjiang,2045,current,baseline,0.363080084323883,齐齐哈尔市
Heilongjiang,2045,current,baseline,0.363080084323883,绥化市
Heilongjiang,2045,current,baseline,0.363080084323883,鸡西市
Heilongjiang,2045,current,baseline,0.363080084323883,黑河市
Heilongjiang,2045,current,baseline,0.363080084323883,哈尔滨市
Heilongjiang,2045,current,baseline,0.363080084323883,大庆市
Heilongjiang,2045,current,baseline,0.363080084323883,大兴安岭地区
Heilongjiang,2045,current,baseline,0.363080084323883,伊春市
Heilongjiang,2045,current,baseline,0.363080084323883,鹤岗市
Heilongjiang,2045,current,baseline,0.363080084323883,双鸭山市
Heilongjiang,2045,current,baseline,0.363080084323883,佳木斯市
Heilongjiang,2045,current,baseline,0.363080084323883,七台河市
Heilongjiang,2050,current,baseline,0.363080084323883,牡丹江市
Heilongjiang,2050,current,baseline,0.363080084323883,齐齐哈尔市
Heilongjiang,2050,current,baseline,0.363080084323883,绥化市
Heilongjiang,2050,current,baseline,0.363080084323883,鸡西市
Heilongjiang,2050,current,baseline,0.363080084323883,黑河市
Heilongjiang,2050,current,baseline,0.363080084323883,哈尔滨市
Heilongjiang,2050,current,baseline,0.363080084323883,大庆市
Heilongjiang,2050,current,baseline,0.363080084323883,大兴安岭地区
Heilongjiang,2050,current,baseline,0.363080084323883,伊春市
Heilongjiang,2050,current,baseline,0.363080084323883,鹤岗市
Heilongjiang,2050,current,baseline,0.363080084323883,双鸭山市
Heilongjiang,2050,current,baseline,0.363080084323883,佳木斯市
Heilongjiang,2050,current,baseline,0.363080084323883,七台河市
Heilongjiang,2030,ssp245,baseline,0.124454088509083,牡丹江市
Heilongjiang,2030,ssp245,baseline,0.124454088509083,齐齐哈尔市
Heilongjiang,2030,ssp245,baseline,0.124454088509083,绥化市
Heilongjiang,2030,ssp245,baseline,0.124454088509083,鸡西市
Heilongjiang,2030,ssp245,baseline,0.124454088509083,黑河市
Heilongjiang,2030,ssp245,baseline,0.124454088509083,哈尔滨市
Heilongjiang,2030,ssp245,baseline,0.124454088509083,大庆市
Heilongjiang,2030,ssp245,baseline,0.124454088509083,大兴安岭地区
Heilongjiang,2030,ssp245,baseline,0.124454088509083,伊春市
Heilongjiang,2030,ssp245,baseline,0.124454088509083,鹤岗市
Heilongjiang,2030,ssp245,baseline,0.124454088509083,双鸭山市
Heilongjiang,2030,ssp245,baseline,0.124454088509083,佳木斯市
Heilongjiang,2030,ssp245,baseline,0.124454088509083,七台河市
Heilongjiang,2035,ssp245,baseline,0.0856959596276283,牡丹江市
Heilongjiang,2035,ssp245,baseline,0.0856959596276283,齐齐哈尔市
Heilongjiang,2035,ssp245,baseline,0.0856959596276283,绥化市
Heilongjiang,2035,ssp245,baseline,0.0856959596276283,鸡西市
Heilongjiang,2035,ssp245,baseline,0.0856959596276283,黑河市
Heilongjiang,2035,ssp245,baseline,0.0856959596276283,哈尔滨市
Heilongjiang,2035,ssp245,baseline,0.0856959596276283,大庆市
Heilongjiang,2035,ssp245,baseline,0.0856959596276283,大兴安岭地区
Heilongjiang,2035,ssp245,baseline,0.0856959596276283,伊春市
Heilongjiang,2035,ssp245,baseline,0.0856959596276283,鹤岗市
Heilongjiang,2035,ssp245,baseline,0.0856959596276283,双鸭山市
Heilongjiang,2035,ssp245,baseline,0.0856959596276283,佳木斯市
Heilongjiang,2035,ssp245,baseline,0.0856959596276283,七台河市
Heilongjiang,2040,ssp245,baseline,0.0778610184788704,牡丹江市
Heilongjiang,2040,ssp245,baseline,0.0778610184788704,齐齐哈尔市
Heilongjiang,2040,ssp245,baseline,0.0778610184788704,绥化市
Heilongjiang,2040,ssp245,baseline,0.0778610184788704,鸡西市
Heilongjiang,2040,ssp245,baseline,0.0778610184788704,黑河市
Heilongjiang,2040,ssp245,baseline,0.0778610184788704,哈尔滨市
Heilongjiang,2040,ssp245,baseline,0.0778610184788704,大庆市
Heilongjiang,2040,ssp245,baseline,0.0778610184788704,大兴安岭地区
Heilongjiang,2040,ssp245,baseline,0.0778610184788704,伊春市
Heilongjiang,2040,ssp245,baseline,0.0778610184788704,鹤岗市
Heilongjiang,2040,ssp245,baseline,0.0778610184788704,双鸭山市
Heilongjiang,2040,ssp245,baseline,0.0778610184788704,佳木斯市
Heilongjiang,2040,ssp245,baseline,0.0778610184788704,七台河市
Heilongjiang,2045,ssp245,baseline,0.0733403339982033,牡丹江市
Heilongjiang,2045,ssp245,baseline,0.0733403339982033,齐齐哈尔市
Heilongjiang,2045,ssp245,baseline,0.0733403339982033,绥化市
Heilongjiang,2045,ssp245,baseline,0.0733403339982033,鸡西市
Heilongjiang,2045,ssp245,baseline,0.0733403339982033,黑河市
Heilongjiang,2045,ssp245,baseline,0.0733403339982033,哈尔滨市
Heilongjiang,2045,ssp245,baseline,0.0733403339982033,大庆市
Heilongjiang,2045,ssp245,baseline,0.0733403339982033,大兴安岭地区
Heilongjiang,2045,ssp245,baseline,0.0733403339982033,伊春市
Heilongjiang,2045,ssp245,baseline,0.0733403339982033,鹤岗市
Heilongjiang,2045,ssp245,baseline,0.0733403339982033,双鸭山市
Heilongjiang,2045,ssp245,baseline,0.0733403339982033,佳木斯市
Heilongjiang,2045,ssp245,baseline,0.0733403339982033,七台河市
Heilongjiang,2050,ssp245,baseline,0.247106745839119,牡丹江市
Heilongjiang,2050,ssp245,baseline,0.247106745839119,齐齐哈尔市
Heilongjiang,2050,ssp245,baseline,0.247106745839119,绥化市
Heilongjiang,2050,ssp245,baseline,0.247106745839119,鸡西市
Heilongjiang,2050,ssp245,baseline,0.247106745839119,黑河市
Heilongjiang,2050,ssp245,baseline,0.247106745839119,哈尔滨市
Heilongjiang,2050,ssp245,baseline,0.247106745839119,大庆市
Heilongjiang,2050,ssp245,baseline,0.247106745839119,大兴安岭地区
Heilongjiang,2050,ssp245,baseline,0.247106745839119,伊春市
Heilongjiang,2050,ssp245,baseline,0.247106745839119,鹤岗市
Heilongjiang,2050,ssp245,baseline,0.247106745839119,双鸭山市
Heilongjiang,2050,ssp245,baseline,0.247106745839119,佳木斯市
Heilongjiang,2050,ssp245,baseline,0.247106745839119,七台河市
Heilongjiang,2030,ssp585,baseline,0.0778610184788704,牡丹江市
Heilongjiang,2030,ssp585,baseline,0.0778610184788704,齐齐哈尔市
Heilongjiang,2030,ssp585,baseline,0.0778610184788704,绥化市
Heilongjiang,2030,ssp585,baseline,0.0778610184788704,鸡西市
Heilongjiang,2030,ssp585,baseline,0.0778610184788704,黑河市
Heilongjiang,2030,ssp585,baseline,0.0778610184788704,哈尔滨市
Heilongjiang,2030,ssp585,baseline,0.0778610184788704,大庆市
Heilongjiang,2030,ssp585,baseline,0.0778610184788704,大兴安岭地区
Heilongjiang,2030,ssp585,baseline,0.0778610184788704,伊春市
Heilongjiang,2030,ssp585,baseline,0.0778610184788704,鹤岗市
Heilongjiang,2030,ssp585,baseline,0.0778610184788704,双鸭山市
Heilongjiang,2030,ssp585,baseline,0.0778610184788704,佳木斯市
Heilongjiang,2030,ssp585,baseline,0.0778610184788704,七台河市
Heilongjiang,2035,ssp585,baseline,0.21093176305294,牡丹江市
Heilongjiang,2035,ssp585,baseline,0.21093176305294,齐齐哈尔市
Heilongjiang,2035,ssp585,baseline,0.21093176305294,绥化市
Heilongjiang,2035,ssp585,baseline,0.21093176305294,鸡西市
Heilongjiang,2035,ssp585,baseline,0.21093176305294,黑河市
Heilongjiang,2035,ssp585,baseline,0.21093176305294,哈尔滨市
Heilongjiang,2035,ssp585,baseline,0.21093176305294,大庆市
Heilongjiang,2035,ssp585,baseline,0.21093176305294,大兴安岭地区
Heilongjiang,2035,ssp585,baseline,0.21093176305294,伊春市
Heilongjiang,2035,ssp585,baseline,0.21093176305294,鹤岗市
Heilongjiang,2035,ssp585,baseline,0.21093176305294,双鸭山市
Heilongjiang,2035,ssp585,baseline,0.21093176305294,佳木斯市
Heilongjiang,2035,ssp585,baseline,0.21093176305294,七台河市
Heilongjiang,2040,ssp585,baseline,0.138909876346588,牡丹江市
Heilongjiang,2040,ssp585,baseline,0.138909876346588,齐齐哈尔市
Heilongjiang,2040,ssp585,baseline,0.138909876346588,绥化市
Heilongjiang,2040,ssp585,baseline,0.138909876346588,鸡西市
Heilongjiang,2040,ssp585,baseline,0.138909876346588,黑河市
Heilongjiang,2040,ssp585,baseline,0.138909876346588,哈尔滨市
Heilongjiang,2040,ssp585,baseline,0.138909876346588,大庆市
Heilongjiang,2040,ssp585,baseline,0.138909876346588,大兴安岭地区
Heilongjiang,2040,ssp585,baseline,0.138909876346588,伊春市
Heilongjiang,2040,ssp585,baseline,0.138909876346588,鹤岗市
Heilongjiang,2040,ssp585,baseline,0.138909876346588,双鸭山市
Heilongjiang,2040,ssp585,baseline,0.138909876346588,佳木斯市
Heilongjiang,2040,ssp585,baseline,0.138909876346588,七台河市
Heilongjiang,2045,ssp585,baseline,0.16668389737606,牡丹江市
Heilongjiang,2045,ssp585,baseline,0.16668389737606,齐齐哈尔市
Heilongjiang,2045,ssp585,baseline,0.16668389737606,绥化市
Heilongjiang,2045,ssp585,baseline,0.16668389737606,鸡西市
Heilongjiang,2045,ssp585,baseline,0.16668389737606,黑河市
Heilongjiang,2045,ssp585,baseline,0.16668389737606,哈尔滨市
Heilongjiang,2045,ssp585,baseline,0.16668389737606,大庆市
Heilongjiang,2045,ssp585,baseline,0.16668389737606,大兴安岭地区
Heilongjiang,2045,ssp585,baseline,0.16668389737606,伊春市
Heilongjiang,2045,ssp585,baseline,0.16668389737606,鹤岗市
Heilongjiang,2045,ssp585,baseline,0.16668389737606,双鸭山市
Heilongjiang,2045,ssp585,baseline,0.16668389737606,佳木斯市
Heilongjiang,2045,ssp585,baseline,0.16668389737606,七台河市
Heilongjiang,2050,ssp585,baseline,0.143762812018394,牡丹江市
Heilongjiang,2050,ssp585,baseline,0.143762812018394,齐齐哈尔市
Heilongjiang,2050,ssp585,baseline,0.143762812018394,绥化市
Heilongjiang,2050,ssp585,baseline,0.143762812018394,鸡西市
Heilongjiang,2050,ssp585,baseline,0.143762812018394,黑河市
Heilongjiang,2050,ssp585,baseline,0.143762812018394,哈尔滨市
Heilongjiang,2050,ssp585,baseline,0.143762812018394,大庆市
Heilongjiang,2050,ssp585,baseline,0.143762812018394,大兴安岭地区
Heilongjiang,2050,ssp585,baseline,0.143762812018394,伊春市
Heilongjiang,2050,ssp585,baseline,0.143762812018394,鹤岗市
Heilongjiang,2050,ssp585,baseline,0.143762812018394,双鸭山市
Heilongjiang,2050,ssp585,baseline,0.143762812018394,佳木斯市
Heilongjiang,2050,ssp585,baseline,0.143762812018394,七台河市
Heilongjiang,2030,current,trend,0.320551455020905,牡丹江市
Heilongjiang,2030,current,trend,0.320551455020905,齐齐哈尔市
Heilongjiang,2030,current,trend,0.320551455020905,绥化市
Heilongjiang,2030,current,trend,0.320551455020905,鸡西市
Heilongjiang,2030,current,trend,0.320551455020905,黑河市
Heilongjiang,2030,current,trend,0.320551455020905,哈尔滨市
Heilongjiang,2030,current,trend,0.320551455020905,大庆市
Heilongjiang,2030,current,trend,0.320551455020905,大兴安岭地区
Heilongjiang,2030,current,trend,0.320551455020905,伊春市
Heilongjiang,2030,current,trend,0.320551455020905,鹤岗市
Heilongjiang,2030,current,trend,0.320551455020905,双鸭山市
Heilongjiang,2030,current,trend,0.320551455020905,佳木斯市
Heilongjiang,2030,current,trend,0.320551455020905,七台河市
Heilongjiang,2035,current,trend,0.23130077123642,牡丹江市
Heilongjiang,2035,current,trend,0.23130077123642,齐齐哈尔市
Heilongjiang,2035,current,trend,0.23130077123642,绥化市
Heilongjiang,2035,current,trend,0.23130077123642,鸡西市
Heilongjiang,2035,current,trend,0.23130077123642,黑河市
Heilongjiang,2035,current,trend,0.23130077123642,哈尔滨市
Heilongjiang,2035,current,trend,0.23130077123642,大庆市
Heilongjiang,2035,current,trend,0.23130077123642,大兴安岭地区
Heilongjiang,2035,current,trend,0.23130077123642,伊春市
Heilongjiang,2035,current,trend,0.23130077123642,鹤岗市
Heilongjiang,2035,current,trend,0.23130077123642,双鸭山市
Heilongjiang,2035,current,trend,0.23130077123642,佳木斯市
Heilongjiang,2035,current,trend,0.23130077123642,七台河市
Heilongjiang,2040,current,trend,0.242708563804626,牡丹江市
Heilongjiang,2040,current,trend,0.242708563804626,齐齐哈尔市
Heilongjiang,2040,current,trend,0.242708563804626,绥化市
Heilongjiang,2040,current,trend,0.242708563804626,鸡西市
Heilongjiang,2040,current,trend,0.242708563804626,黑河市
Heilongjiang,2040,current,trend,0.242708563804626,哈尔滨市
Heilongjiang,2040,current,trend,0.242708563804626,大庆市
Heilongjiang,2040,current,trend,0.242708563804626,大兴安岭地区
Heilongjiang,2040,current,trend,0.242708563804626,伊春市
Heilongjiang,2040,current,trend,0.242708563804626,鹤岗市
Heilongjiang,2040,current,trend,0.242708563804626,双鸭山市
Heilongjiang,2040,current,trend,0.242708563804626,佳木斯市
Heilongjiang,2040,current,trend,0.242708563804626,七台河市
Heilongjiang,2045,current,trend,0.205125153064728,牡丹江市
Heilongjiang,2045,current,trend,0.205125153064728,齐齐哈尔市
Heilongjiang,2045,current,trend,0.205125153064728,绥化市
Heilongjiang,2045,current,trend,0.205125153064728,鸡西市
Heilongjiang,2045,current,trend,0.205125153064728,黑河市
Heilongjiang,2045,current,trend,0.205125153064728,哈尔滨市
Heilongjiang,2045,current,trend,0.205125153064728,大庆市
Heilongjiang,2045,current,trend,0.205125153064728,大兴安岭地区
Heilongjiang,2045,current,trend,0.205125153064728,伊春市
Heilongjiang,2045,current,trend,0.205125153064728,鹤岗市
Heilongjiang,2045,current,trend,0.205125153064728,双鸭山市
Heilongjiang,2045,current,trend,0.205125153064728,佳木斯市
Heilongjiang,2045,current,trend,0.205125153064728,七台河市
Heilongjiang,2050,current,trend,0.206952139735222,牡丹江市
Heilongjiang,2050,current,trend,0.206952139735222,齐齐哈尔市
Heilongjiang,2050,current,trend,0.206952139735222,绥化市
Heilongjiang,2050,current,trend,0.206952139735222,鸡西市
Heilongjiang,2050,current,trend,0.206952139735222,黑河市
Heilongjiang,2050,current,trend,0.206952139735222,哈尔滨市
Heilongjiang,2050,current,trend,0.206952139735222,大庆市
Heilongjiang,2050,current,trend,0.206952139735222,大兴安岭地区
Heilongjiang,2050,current,trend,0.206952139735222,伊春市
Heilongjiang,2050,current,trend,0.206952139735222,鹤岗市
Heilongjiang,2050,current,trend,0.206952139735222,双鸭山市
Heilongjiang,2050,current,trend,0.206952139735222,佳木斯市
Heilongjiang,2050,current,trend,0.206952139735222,七台河市
Heilongjiang,2030,ssp245,trend,0.150270789861679,牡丹江市
Heilongjiang,2030,ssp245,trend,0.150270789861679,齐齐哈尔市
Heilongjiang,2030,ssp245,trend,0.150270789861679,绥化市
Heilongjiang,2030,ssp245,trend,0.150270789861679,鸡西市
Heilongjiang,2030,ssp245,trend,0.150270789861679,黑河市
Heilongjiang,2030,ssp245,trend,0.150270789861679,哈尔滨市
Heilongjiang,2030,ssp245,trend,0.150270789861679,大庆市
Heilongjiang,2030,ssp245,trend,0.150270789861679,大兴安岭地区
Heilongjiang,2030,ssp245,trend,0.150270789861679,伊春市
Heilongjiang,2030,ssp245,trend,0.150270789861679,鹤岗市
Heilongjiang,2030,ssp245,trend,0.150270789861679,双鸭山市
Heilongjiang,2030,ssp245,trend,0.150270789861679,佳木斯市
Heilongjiang,2030,ssp245,trend,0.150270789861679,七台河市
Heilongjiang,2035,ssp245,trend,0.0487568117678165,牡丹江市
Heilongjiang,2035,ssp245,trend,0.0487568117678165,齐齐哈尔市
Heilongjiang,2035,ssp245,trend,0.0487568117678165,绥化市
Heilongjiang,2035,ssp245,trend,0.0487568117678165,鸡西市
Heilongjiang,2035,ssp245,trend,0.0487568117678165,黑河市
Heilongjiang,2035,ssp245,trend,0.0487568117678165,哈尔滨市
Heilongjiang,2035,ssp245,trend,0.0487568117678165,大庆市
Heilongjiang,2035,ssp245,trend,0.0487568117678165,大兴安岭地区
Heilongjiang,2035,ssp245,trend,0.0487568117678165,伊春市
Heilongjiang,2035,ssp245,trend,0.0487568117678165,鹤岗市
Heilongjiang,2035,ssp245,trend,0.0487568117678165,双鸭山市
Heilongjiang,2035,ssp245,trend,0.0487568117678165,佳木斯市
Heilongjiang,2035,ssp245,trend,0.0487568117678165,七台河市
Heilongjiang,2040,ssp245,trend,0.0495446883141995,牡丹江市
Heilongjiang,2040,ssp245,trend,0.0495446883141995,齐齐哈尔市
Heilongjiang,2040,ssp245,trend,0.0495446883141995,绥化市
Heilongjiang,2040,ssp245,trend,0.0495446883141995,鸡西市
Heilongjiang,2040,ssp245,trend,0.0495446883141995,黑河市
Heilongjiang,2040,ssp245,trend,0.0495446883141995,哈尔滨市
Heilongjiang,2040,ssp245,trend,0.0495446883141995,大庆市
Heilongjiang,2040,ssp245,trend,0.0495446883141995,大兴安岭地区
Heilongjiang,2040,ssp245,trend,0.0495446883141995,伊春市
Heilongjiang,2040,ssp245,trend,0.0495446883141995,鹤岗市
Heilongjiang,2040,ssp245,trend,0.0495446883141995,双鸭山市
Heilongjiang,2040,ssp245,trend,0.0495446883141995,佳木斯市
Heilongjiang,2040,ssp245,trend,0.0495446883141995,七台河市
Heilongjiang,2045,ssp245,trend,0.106907181441784,牡丹江市
Heilongjiang,2045,ssp245,trend,0.106907181441784,齐齐哈尔市
Heilongjiang,2045,ssp245,trend,0.106907181441784,绥化市
Heilongjiang,2045,ssp245,trend,0.106907181441784,鸡西市
Heilongjiang,2045,ssp245,trend,0.106907181441784,黑河市
Heilongjiang,2045,ssp245,trend,0.106907181441784,哈尔滨市
Heilongjiang,2045,ssp245,trend,0.106907181441784,大庆市
Heilongjiang,2045,ssp245,trend,0.106907181441784,大兴安岭地区
Heilongjiang,2045,ssp245,trend,0.106907181441784,伊春市
Heilongjiang,2045,ssp245,trend,0.106907181441784,鹤岗市
Heilongjiang,2045,ssp245,trend,0.106907181441784,双鸭山市
Heilongjiang,2045,ssp245,trend,0.106907181441784,佳木斯市
Heilongjiang,2045,ssp245,trend,0.106907181441784,七台河市
Heilongjiang,2050,ssp245,trend,0.110090501606464,牡丹江市
Heilongjiang,2050,ssp245,trend,0.110090501606464,齐齐哈尔市
Heilongjiang,2050,ssp245,trend,0.110090501606464,绥化市
Heilongjiang,2050,ssp245,trend,0.110090501606464,鸡西市
Heilongjiang,2050,ssp245,trend,0.110090501606464,黑河市
Heilongjiang,2050,ssp245,trend,0.110090501606464,哈尔滨市
Heilongjiang,2050,ssp245,trend,0.110090501606464,大庆市
Heilongjiang,2050,ssp245,trend,0.110090501606464,大兴安岭地区
Heilongjiang,2050,ssp245,trend,0.110090501606464,伊春市
Heilongjiang,2050,ssp245,trend,0.110090501606464,鹤岗市
Heilongjiang,2050,ssp245,trend,0.110090501606464,双鸭山市
Heilongjiang,2050,ssp245,trend,0.110090501606464,佳木斯市
Heilongjiang,2050,ssp245,trend,0.110090501606464,七台河市
Heilongjiang,2030,ssp585,trend,0.126072615385056,牡丹江市
Heilongjiang,2030,ssp585,trend,0.126072615385056,齐齐哈尔市
Heilongjiang,2030,ssp585,trend,0.126072615385056,绥化市
Heilongjiang,2030,ssp585,trend,0.126072615385056,鸡西市
Heilongjiang,2030,ssp585,trend,0.126072615385056,黑河市
Heilongjiang,2030,ssp585,trend,0.126072615385056,哈尔滨市
Heilongjiang,2030,ssp585,trend,0.126072615385056,大庆市
Heilongjiang,2030,ssp585,trend,0.126072615385056,大兴安岭地区
Heilongjiang,2030,ssp585,trend,0.126072615385056,伊春市
Heilongjiang,2030,ssp585,trend,0.126072615385056,鹤岗市
Heilongjiang,2030,ssp585,trend,0.126072615385056,双鸭山市
Heilongjiang,2030,ssp585,trend,0.126072615385056,佳木斯市
Heilongjiang,2030,ssp585,trend,0.126072615385056,七台河市
Heilongjiang,2035,ssp585,trend,0.109485656023026,牡丹江市
Heilongjiang,2035,ssp585,trend,0.109485656023026,齐齐哈尔市
Heilongjiang,2035,ssp585,trend,0.109485656023026,绥化市
Heilongjiang,2035,ssp585,trend,0.109485656023026,鸡西市
Heilongjiang,2035,ssp585,trend,0.109485656023026,黑河市
Heilongjiang,2035,ssp585,trend,0.109485656023026,哈尔滨市
Heilongjiang,2035,ssp585,trend,0.109485656023026,大庆市
Heilongjiang,2035,ssp585,trend,0.109485656023026,大兴安岭地区
Heilongjiang,2035,ssp585,trend,0.109485656023026,伊春市
Heilongjiang,2035,ssp585,trend,0.109485656023026,鹤岗市
Heilongjiang,2035,ssp585,trend,0.109485656023026,双鸭山市
Heilongjiang,2035,ssp585,trend,0.109485656023026,佳木斯市
Heilongjiang,2035,ssp585,trend,0.109485656023026,七台河市
Heilongjiang,2040,ssp585,trend,0.0778673514723778,牡丹江市
Heilongjiang,2040,ssp585,trend,0.0778673514723778,齐齐哈尔市
Heilongjiang,2040,ssp585,trend,0.0778673514723778,绥化市
Heilongjiang,2040,ssp585,trend,0.0778673514723778,鸡西市
Heilongjiang,2040,ssp585,trend,0.0778673514723778,黑河市
Heilongjiang,2040,ssp585,trend,0.0778673514723778,哈尔滨市
Heilongjiang,2040,ssp585,trend,0.0778673514723778,大庆市
Heilongjiang,2040,ssp585,trend,0.0778673514723778,大兴安岭地区
Heilongjiang,2040,ssp585,trend,0.0778673514723778,伊春市
Heilongjiang,2040,ssp585,trend,0.0778673514723778,鹤岗市
Heilongjiang,2040,ssp585,trend,0.0778673514723778,双鸭山市
Heilongjiang,2040,ssp585,trend,0.0778673514723778,佳木斯市
Heilongjiang,2040,ssp585,trend,0.0778673514723778,七台河市
Heilongjiang,2045,ssp585,trend,0.118098840117455,牡丹江市
Heilongjiang,2045,ssp585,trend,0.118098840117455,齐齐哈尔市
Heilongjiang,2045,ssp585,trend,0.118098840117455,绥化市
Heilongjiang,2045,ssp585,trend,0.118098840117455,鸡西市
Heilongjiang,2045,ssp585,trend,0.118098840117455,黑河市
Heilongjiang,2045,ssp585,trend,0.118098840117455,哈尔滨市
Heilongjiang,2045,ssp585,trend,0.118098840117455,大庆市
Heilongjiang,2045,ssp585,trend,0.118098840117455,大兴安岭地区
Heilongjiang,2045,ssp585,trend,0.118098840117455,伊春市
Heilongjiang,2045,ssp585,trend,0.118098840117455,鹤岗市
Heilongjiang,2045,ssp585,trend,0.118098840117455,双鸭山市
Heilongjiang,2045,ssp585,trend,0.118098840117455,佳木斯市
Heilongjiang,2045,ssp585,trend,0.118098840117455,七台河市
Heilongjiang,2050,ssp585,trend,0.0704600736498833,牡丹江市
Heilongjiang,2050,ssp585,trend,0.0704600736498833,齐齐哈尔市
Heilongjiang,2050,ssp585,trend,0.0704600736498833,绥化市
Heilongjiang,2050,ssp585,trend,0.0704600736498833,鸡西市
Heilongjiang,2050,ssp585,trend,0.0704600736498833,黑河市
Heilongjiang,2050,ssp585,trend,0.0704600736498833,哈尔滨市
Heilongjiang,2050,ssp585,trend,0.0704600736498833,大庆市
Heilongjiang,2050,ssp585,trend,0.0704600736498833,大兴安岭地区
Heilongjiang,2050,ssp585,trend,0.0704600736498833,伊春市
Heilongjiang,2050,ssp585,trend,0.0704600736498833,鹤岗市
Heilongjiang,2050,ssp585,trend,0.0704600736498833,双鸭山市
Heilongjiang,2050,ssp585,trend,0.0704600736498833,佳木斯市
Heilongjiang,2050,ssp585,trend,0.0704600736498833,七台河市
Heilongjiang,2030,current,doubled,0.242397740483284,牡丹江市
Heilongjiang,2030,current,doubled,0.242397740483284,齐齐哈尔市
Heilongjiang,2030,current,doubled,0.242397740483284,绥化市
Heilongjiang,2030,current,doubled,0.242397740483284,鸡西市
Heilongjiang,2030,current,doubled,0.242397740483284,黑河市
Heilongjiang,2030,current,doubled,0.242397740483284,哈尔滨市
Heilongjiang,2030,current,doubled,0.242397740483284,大庆市
Heilongjiang,2030,current,doubled,0.242397740483284,大兴安岭地区
Heilongjiang,2030,current,doubled,0.242397740483284,伊春市
Heilongjiang,2030,current,doubled,0.242397740483284,鹤岗市
Heilongjiang,2030,current,doubled,0.242397740483284,双鸭山市
Heilongjiang,2030,current,doubled,0.242397740483284,佳木斯市
Heilongjiang,2030,current,doubled,0.242397740483284,七台河市
Heilongjiang,2035,current,doubled,0.242397740483284,牡丹江市
Heilongjiang,2035,current,doubled,0.242397740483284,齐齐哈尔市
Heilongjiang,2035,current,doubled,0.242397740483284,绥化市
Heilongjiang,2035,current,doubled,0.242397740483284,鸡西市
Heilongjiang,2035,current,doubled,0.242397740483284,黑河市
Heilongjiang,2035,current,doubled,0.242397740483284,哈尔滨市
Heilongjiang,2035,current,doubled,0.242397740483284,大庆市
Heilongjiang,2035,current,doubled,0.242397740483284,大兴安岭地区
Heilongjiang,2035,current,doubled,0.242397740483284,伊春市
Heilongjiang,2035,current,doubled,0.242397740483284,鹤岗市
Heilongjiang,2035,current,doubled,0.242397740483284,双鸭山市
Heilongjiang,2035,current,doubled,0.242397740483284,佳木斯市
Heilongjiang,2035,current,doubled,0.242397740483284,七台河市
Heilongjiang,2040,current,doubled,0.242397740483284,牡丹江市
Heilongjiang,2040,current,doubled,0.242397740483284,齐齐哈尔市
Heilongjiang,2040,current,doubled,0.242397740483284,绥化市
Heilongjiang,2040,current,doubled,0.242397740483284,鸡西市
Heilongjiang,2040,current,doubled,0.242397740483284,黑河市
Heilongjiang,2040,current,doubled,0.242397740483284,哈尔滨市
Heilongjiang,2040,current,doubled,0.242397740483284,大庆市
Heilongjiang,2040,current,doubled,0.242397740483284,大兴安岭地区
Heilongjiang,2040,current,doubled,0.242397740483284,伊春市
Heilongjiang,2040,current,doubled,0.242397740483284,鹤岗市
Heilongjiang,2040,current,doubled,0.242397740483284,双鸭山市
Heilongjiang,2040,current,doubled,0.242397740483284,佳木斯市
Heilongjiang,2040,current,doubled,0.242397740483284,七台河市
Heilongjiang,2045,current,doubled,0.242397740483284,牡丹江市
Heilongjiang,2045,current,doubled,0.242397740483284,齐齐哈尔市
Heilongjiang,2045,current,doubled,0.242397740483284,绥化市
Heilongjiang,2045,current,doubled,0.242397740483284,鸡西市
Heilongjiang,2045,current,doubled,0.242397740483284,黑河市
Heilongjiang,2045,current,doubled,0.242397740483284,哈尔滨市
Heilongjiang,2045,current,doubled,0.242397740483284,大庆市
Heilongjiang,2045,current,doubled,0.242397740483284,大兴安岭地区
Heilongjiang,2045,current,doubled,0.242397740483284,伊春市
Heilongjiang,2045,current,doubled,0.242397740483284,鹤岗市
Heilongjiang,2045,current,doubled,0.242397740483284,双鸭山市
Heilongjiang,2045,current,doubled,0.242397740483284,佳木斯市
Heilongjiang,2045,current,doubled,0.242397740483284,七台河市
Heilongjiang,2050,current,doubled,0.242397740483284,牡丹江市
Heilongjiang,2050,current,doubled,0.242397740483284,齐齐哈尔市
Heilongjiang,2050,current,doubled,0.242397740483284,绥化市
Heilongjiang,2050,current,doubled,0.242397740483284,鸡西市
Heilongjiang,2050,current,doubled,0.242397740483284,黑河市
Heilongjiang,2050,current,doubled,0.242397740483284,哈尔滨市
Heilongjiang,2050,current,doubled,0.242397740483284,大庆市
Heilongjiang,2050,current,doubled,0.242397740483284,大兴安岭地区
Heilongjiang,2050,current,doubled,0.242397740483284,伊春市
Heilongjiang,2050,current,doubled,0.242397740483284,鹤岗市
Heilongjiang,2050,current,doubled,0.242397740483284,双鸭山市
Heilongjiang,2050,current,doubled,0.242397740483284,佳木斯市
Heilongjiang,2050,current,doubled,0.242397740483284,七台河市
Heilongjiang,2030,ssp245,doubled,0.0409225262701511,牡丹江市
Heilongjiang,2030,ssp245,doubled,0.0409225262701511,齐齐哈尔市
Heilongjiang,2030,ssp245,doubled,0.0409225262701511,绥化市
Heilongjiang,2030,ssp245,doubled,0.0409225262701511,鸡西市
Heilongjiang,2030,ssp245,doubled,0.0409225262701511,黑河市
Heilongjiang,2030,ssp245,doubled,0.0409225262701511,哈尔滨市
Heilongjiang,2030,ssp245,doubled,0.0409225262701511,大庆市
Heilongjiang,2030,ssp245,doubled,0.0409225262701511,大兴安岭地区
Heilongjiang,2030,ssp245,doubled,0.0409225262701511,伊春市
Heilongjiang,2030,ssp245,doubled,0.0409225262701511,鹤岗市
Heilongjiang,2030,ssp245,doubled,0.0409225262701511,双鸭山市
Heilongjiang,2030,ssp245,doubled,0.0409225262701511,佳木斯市
Heilongjiang,2030,ssp245,doubled,0.0409225262701511,七台河市
Heilongjiang,2035,ssp245,doubled,0.0490895844995976,牡丹江市
Heilongjiang,2035,ssp245,doubled,0.0490895844995976,齐齐哈尔市
Heilongjiang,2035,ssp245,doubled,0.0490895844995976,绥化市
Heilongjiang,2035,ssp245,doubled,0.0490895844995976,鸡西市
Heilongjiang,2035,ssp245,doubled,0.0490895844995976,黑河市
Heilongjiang,2035,ssp245,doubled,0.0490895844995976,哈尔滨市
Heilongjiang,2035,ssp245,doubled,0.0490895844995976,大庆市
Heilongjiang,2035,ssp245,doubled,0.0490895844995976,大兴安岭地区
Heilongjiang,2035,ssp245,doubled,0.0490895844995976,伊春市
Heilongjiang,2035,ssp245,doubled,0.0490895844995976,鹤岗市
Heilongjiang,2035,ssp245,doubled,0.0490895844995976,双鸭山市
Heilongjiang,2035,ssp245,doubled,0.0490895844995976,佳木斯市
Heilongjiang,2035,ssp245,doubled,0.0490895844995976,七台河市
Heilongjiang,2040,ssp245,doubled,0.0351970158517361,牡丹江市
Heilongjiang,2040,ssp245,doubled,0.0351970158517361,齐齐哈尔市
Heilongjiang,2040,ssp245,doubled,0.0351970158517361,绥化市
Heilongjiang,2040,ssp245,doubled,0.0351970158517361,鸡西市
Heilongjiang,2040,ssp245,doubled,0.0351970158517361,黑河市
Heilongjiang,2040,ssp245,doubled,0.0351970158517361,哈尔滨市
Heilongjiang,2040,ssp245,doubled,0.0351970158517361,大庆市
Heilongjiang,2040,ssp245,doubled,0.0351970158517361,大兴安岭地区
Heilongjiang,2040,ssp245,doubled,0.0351970158517361,伊春市
Heilongjiang,2040,ssp245,doubled,0.0351970158517361,鹤岗市
Heilongjiang,2040,ssp245,doubled,0.0351970158517361,双鸭山市
Heilongjiang,2040,ssp245,doubled,0.0351970158517361,佳木斯市
Heilongjiang,2040,ssp245,doubled,0.0351970158517361,七台河市
Heilongjiang,2045,ssp245,doubled,0.143607139587402,牡丹江市
Heilongjiang,2045,ssp245,doubled,0.143607139587402,齐齐哈尔市
Heilongjiang,2045,ssp245,doubled,0.143607139587402,绥化市
Heilongjiang,2045,ssp245,doubled,0.143607139587402,鸡西市
Heilongjiang,2045,ssp245,doubled,0.143607139587402,黑河市
Heilongjiang,2045,ssp245,doubled,0.143607139587402,哈尔滨市
Heilongjiang,2045,ssp245,doubled,0.143607139587402,大庆市
Heilongjiang,2045,ssp245,doubled,0.143607139587402,大兴安岭地区
Heilongjiang,2045,ssp245,doubled,0.143607139587402,伊春市
Heilongjiang,2045,ssp245,doubled,0.143607139587402,鹤岗市
Heilongjiang,2045,ssp245,doubled,0.143607139587402,双鸭山市
Heilongjiang,2045,ssp245,doubled,0.143607139587402,佳木斯市
Heilongjiang,2045,ssp245,doubled,0.143607139587402,七台河市
Heilongjiang,2050,ssp245,doubled,0.119288504123688,牡丹江市
Heilongjiang,2050,ssp245,doubled,0.119288504123688,齐齐哈尔市
Heilongjiang,2050,ssp245,doubled,0.119288504123688,绥化市
Heilongjiang,2050,ssp245,doubled,0.119288504123688,鸡西市
Heilongjiang,2050,ssp245,doubled,0.119288504123688,黑河市
Heilongjiang,2050,ssp245,doubled,0.119288504123688,哈尔滨市
Heilongjiang,2050,ssp245,doubled,0.119288504123688,大庆市
Heilongjiang,2050,ssp245,doubled,0.119288504123688,大兴安岭地区
Heilongjiang,2050,ssp245,doubled,0.119288504123688,伊春市
Heilongjiang,2050,ssp245,doubled,0.119288504123688,鹤岗市
Heilongjiang,2050,ssp245,doubled,0.119288504123688,双鸭山市
Heilongjiang,2050,ssp245,doubled,0.119288504123688,佳木斯市
Heilongjiang,2050,ssp245,doubled,0.119288504123688,七台河市
Heilongjiang,2030,ssp585,doubled,0.0351970158517361,牡丹江市
Heilongjiang,2030,ssp585,doubled,0.0351970158517361,齐齐哈尔市
Heilongjiang,2030,ssp585,doubled,0.0351970158517361,绥化市
Heilongjiang,2030,ssp585,doubled,0.0351970158517361,鸡西市
Heilongjiang,2030,ssp585,doubled,0.0351970158517361,黑河市
Heilongjiang,2030,ssp585,doubled,0.0351970158517361,哈尔滨市
Heilongjiang,2030,ssp585,doubled,0.0351970158517361,大庆市
Heilongjiang,2030,ssp585,doubled,0.0351970158517361,大兴安岭地区
Heilongjiang,2030,ssp585,doubled,0.0351970158517361,伊春市
Heilongjiang,2030,ssp585,doubled,0.0351970158517361,鹤岗市
Heilongjiang,2030,ssp585,doubled,0.0351970158517361,双鸭山市
Heilongjiang,2030,ssp585,doubled,0.0351970158517361,佳木斯市
Heilongjiang,2030,ssp585,doubled,0.0351970158517361,七台河市
Heilongjiang,2035,ssp585,doubled,0.144479587674141,牡丹江市
Heilongjiang,2035,ssp585,doubled,0.144479587674141,齐齐哈尔市
Heilongjiang,2035,ssp585,doubled,0.144479587674141,绥化市
Heilongjiang,2035,ssp585,doubled,0.144479587674141,鸡西市
Heilongjiang,2035,ssp585,doubled,0.144479587674141,黑河市
Heilongjiang,2035,ssp585,doubled,0.144479587674141,哈尔滨市
Heilongjiang,2035,ssp585,doubled,0.144479587674141,大庆市
Heilongjiang,2035,ssp585,doubled,0.144479587674141,大兴安岭地区
Heilongjiang,2035,ssp585,doubled,0.144479587674141,伊春市
Heilongjiang,2035,ssp585,doubled,0.144479587674141,鹤岗市
Heilongjiang,2035,ssp585,doubled,0.144479587674141,双鸭山市
Heilongjiang,2035,ssp585,doubled,0.144479587674141,佳木斯市
Heilongjiang,2035,ssp585,doubled,0.144479587674141,七台河市
Heilongjiang,2040,ssp585,doubled,0.0574055835604668,牡丹江市
Heilongjiang,2040,ssp585,doubled,0.0574055835604668,齐齐哈尔市
Heilongjiang,2040,ssp585,doubled,0.0574055835604668,绥化市
Heilongjiang,2040,ssp585,doubled,0.0574055835604668,鸡西市
Heilongjiang,2040,ssp585,doubled,0.0574055835604668,黑河市
Heilongjiang,2040,ssp585,doubled,0.0574055835604668,哈尔滨市
Heilongjiang,2040,ssp585,doubled,0.0574055835604668,大庆市
Heilongjiang,2040,ssp585,doubled,0.0574055835604668,大兴安岭地区
Heilongjiang,2040,ssp585,doubled,0.0574055835604668,伊春市
Heilongjiang,2040,ssp585,doubled,0.0574055835604668,鹤岗市
Heilongjiang,2040,ssp585,doubled,0.0574055835604668,双鸭山市
Heilongjiang,2040,ssp585,doubled,0.0574055835604668,佳木斯市
Heilongjiang,2040,ssp585,doubled,0.0574055835604668,七台河市
Heilongjiang,2045,ssp585,doubled,0.0677695497870445,牡丹江市
Heilongjiang,2045,ssp585,doubled,0.0677695497870445,齐齐哈尔市
Heilongjiang,2045,ssp585,doubled,0.0677695497870445,绥化市
Heilongjiang,2045,ssp585,doubled,0.0677695497870445,鸡西市
Heilongjiang,2045,ssp585,doubled,0.0677695497870445,黑河市
Heilongjiang,2045,ssp585,doubled,0.0677695497870445,哈尔滨市
Heilongjiang,2045,ssp585,doubled,0.0677695497870445,大庆市
Heilongjiang,2045,ssp585,doubled,0.0677695497870445,大兴安岭地区
Heilongjiang,2045,ssp585,doubled,0.0677695497870445,伊春市
Heilongjiang,2045,ssp585,doubled,0.0677695497870445,鹤岗市
Heilongjiang,2045,ssp585,doubled,0.0677695497870445,双鸭山市
Heilongjiang,2045,ssp585,doubled,0.0677695497870445,佳木斯市
Heilongjiang,2045,ssp585,doubled,0.0677695497870445,七台河市
Heilongjiang,2050,ssp585,doubled,0.090961217880249,牡丹江市
Heilongjiang,2050,ssp585,doubled,0.090961217880249,齐齐哈尔市
Heilongjiang,2050,ssp585,doubled,0.090961217880249,绥化市
Heilongjiang,2050,ssp585,doubled,0.090961217880249,鸡西市
Heilongjiang,2050,ssp585,doubled,0.090961217880249,黑河市
Heilongjiang,2050,ssp585,doubled,0.090961217880249,哈尔滨市
Heilongjiang,2050,ssp585,doubled,0.090961217880249,大庆市
Heilongjiang,2050,ssp585,doubled,0.090961217880249,大兴安岭地区
Heilongjiang,2050,ssp585,doubled,0.090961217880249,伊春市
Heilongjiang,2050,ssp585,doubled,0.090961217880249,鹤岗市
Heilongjiang,2050,ssp585,doubled,0.090961217880249,双鸭山市
Heilongjiang,2050,ssp585,doubled,0.090961217880249,佳木斯市
Heilongjiang,2050,ssp585,doubled,0.090961217880249,七台河市
Henan,2030,current,baseline,0.322702527046204,濮阳市
Henan,2030,current,baseline,0.322702527046204,安阳市
Henan,2030,current,baseline,0.322702527046204,周口市
Henan,2030,current,baseline,0.322702527046204,鹤壁市
Henan,2030,current,baseline,0.322702527046204,驻马店市
Henan,2030,current,baseline,0.322702527046204,新乡市
Henan,2030,current,baseline,0.322702527046204,焦作市
Henan,2030,current,baseline,0.322702527046204,郑州市
Henan,2030,current,baseline,0.322702527046204,三门峡市
Henan,2030,current,baseline,0.322702527046204,开封市
Henan,2030,current,baseline,0.322702527046204,南阳市
Henan,2030,current,baseline,0.322702527046204,洛阳市
Henan,2030,current,baseline,0.322702527046204,济源市
Henan,2030,current,baseline,0.322702527046204,商丘市
Henan,2030,current,baseline,0.322702527046204,平顶山市
Henan,2030,current,baseline,0.322702527046204,信阳市
Henan,2030,current,baseline,0.322702527046204,许昌市
Henan,2030,current,baseline,0.322702527046204,漯河市
Henan,2035,current,baseline,0.322702527046204,濮阳市
Henan,2035,current,baseline,0.322702527046204,安阳市
Henan,2035,current,baseline,0.322702527046204,周口市
Henan,2035,current,baseline,0.322702527046204,鹤壁市
Henan,2035,current,baseline,0.322702527046204,驻马店市
Henan,2035,current,baseline,0.322702527046204,新乡市
Henan,2035,current,baseline,0.322702527046204,焦作市
Henan,2035,current,baseline,0.322702527046204,郑州市
Henan,2035,current,baseline,0.322702527046204,三门峡市
Henan,2035,current,baseline,0.322702527046204,开封市
Henan,2035,current,baseline,0.322702527046204,南阳市
Henan,2035,current,baseline,0.322702527046204,洛阳市
Henan,2035,current,baseline,0.322702527046204,济源市
Henan,2035,current,baseline,0.322702527046204,商丘市
Henan,2035,current,baseline,0.322702527046204,平顶山市
Henan,2035,current,baseline,0.322702527046204,信阳市
Henan,2035,current,baseline,0.322702527046204,许昌市
Henan,2035,current,baseline,0.322702527046204,漯河市
Henan,2040,current,baseline,0.322702527046204,濮阳市
Henan,2040,current,baseline,0.322702527046204,安阳市
Henan,2040,current,baseline,0.322702527046204,周口市
Henan,2040,current,baseline,0.322702527046204,鹤壁市
Henan,2040,current,baseline,0.322702527046204,驻马店市
Henan,2040,current,baseline,0.322702527046204,新乡市
Henan,2040,current,baseline,0.322702527046204,焦作市
Henan,2040,current,baseline,0.322702527046204,郑州市
Henan,2040,current,baseline,0.322702527046204,三门峡市
Henan,2040,current,baseline,0.322702527046204,开封市
Henan,2040,current,baseline,0.322702527046204,南阳市
Henan,2040,current,baseline,0.322702527046204,洛阳市
Henan,2040,current,baseline,0.322702527046204,济源市
Henan,2040,current,baseline,0.322702527046204,商丘市
Henan,2040,current,baseline,0.322702527046204,平顶山市
Henan,2040,current,baseline,0.322702527046204,信阳市
Henan,2040,current,baseline,0.322702527046204,许昌市
Henan,2040,current,baseline,0.322702527046204,漯河市
Henan,2045,current,baseline,0.322702527046204,濮阳市
Henan,2045,current,baseline,0.322702527046204,安阳市
Henan,2045,current,baseline,0.322702527046204,周口市
Henan,2045,current,baseline,0.322702527046204,鹤壁市
Henan,2045,current,baseline,0.322702527046204,驻马店市
Henan,2045,current,baseline,0.322702527046204,新乡市
Henan,2045,current,baseline,0.322702527046204,焦作市
Henan,2045,current,baseline,0.322702527046204,郑州市
Henan,2045,current,baseline,0.322702527046204,三门峡市
Henan,2045,current,baseline,0.322702527046204,开封市
Henan,2045,current,baseline,0.322702527046204,南阳市
Henan,2045,current,baseline,0.322702527046204,洛阳市
Henan,2045,current,baseline,0.322702527046204,济源市
Henan,2045,current,baseline,0.322702527046204,商丘市
Henan,2045,current,baseline,0.322702527046204,平顶山市
Henan,2045,current,baseline,0.322702527046204,信阳市
Henan,2045,current,baseline,0.322702527046204,许昌市
Henan,2045,current,baseline,0.322702527046204,漯河市
Henan,2050,current,baseline,0.322702527046204,濮阳市
Henan,2050,current,baseline,0.322702527046204,安阳市
Henan,2050,current,baseline,0.322702527046204,周口市
Henan,2050,current,baseline,0.322702527046204,鹤壁市
Henan,2050,current,baseline,0.322702527046204,驻马店市
Henan,2050,current,baseline,0.322702527046204,新乡市
Henan,2050,current,baseline,0.322702527046204,焦作市
Henan,2050,current,baseline,0.322702527046204,郑州市
Henan,2050,current,baseline,0.322702527046204,三门峡市
Henan,2050,current,baseline,0.322702527046204,开封市
Henan,2050,current,baseline,0.322702527046204,南阳市
Henan,2050,current,baseline,0.322702527046204,洛阳市
Henan,2050,current,baseline,0.322702527046204,济源市
Henan,2050,current,baseline,0.322702527046204,商丘市
Henan,2050,current,baseline,0.322702527046204,平顶山市
Henan,2050,current,baseline,0.322702527046204,信阳市
Henan,2050,current,baseline,0.322702527046204,许昌市
Henan,2050,current,baseline,0.322702527046204,漯河市
Henan,2030,ssp245,baseline,0.120585352182388,濮阳市
Henan,2030,ssp245,baseline,0.120585352182388,安阳市
Henan,2030,ssp245,baseline,0.120585352182388,周口市
Henan,2030,ssp245,baseline,0.120585352182388,鹤壁市
Henan,2030,ssp245,baseline,0.120585352182388,驻马店市
Henan,2030,ssp245,baseline,0.120585352182388,新乡市
Henan,2030,ssp245,baseline,0.120585352182388,焦作市
Henan,2030,ssp245,baseline,0.120585352182388,郑州市
Henan,2030,ssp245,baseline,0.120585352182388,三门峡市
Henan,2030,ssp245,baseline,0.120585352182388,开封市
Henan,2030,ssp245,baseline,0.120585352182388,南阳市
Henan,2030,ssp245,baseline,0.120585352182388,洛阳市
Henan,2030,ssp245,baseline,0.120585352182388,济源市
Henan,2030,ssp245,baseline,0.120585352182388,商丘市
Henan,2030,ssp245,baseline,0.120585352182388,平顶山市
Henan,2030,ssp245,baseline,0.120585352182388,信阳市
Henan,2030,ssp245,baseline,0.120585352182388,许昌市
Henan,2030,ssp245,baseline,0.120585352182388,漯河市
Henan,2035,ssp245,baseline,0.128477588295937,濮阳市
Henan,2035,ssp245,baseline,0.128477588295937,安阳市
Henan,2035,ssp245,baseline,0.128477588295937,周口市
Henan,2035,ssp245,baseline,0.128477588295937,鹤壁市
Henan,2035,ssp245,baseline,0.128477588295937,驻马店市
Henan,2035,ssp245,baseline,0.128477588295937,新乡市
Henan,2035,ssp245,baseline,0.128477588295937,焦作市
Henan,2035,ssp245,baseline,0.128477588295937,郑州市
Henan,2035,ssp245,baseline,0.128477588295937,三门峡市
Henan,2035,ssp245,baseline,0.128477588295937,开封市
Henan,2035,ssp245,baseline,0.128477588295937,南阳市
Henan,2035,ssp245,baseline,0.128477588295937,洛阳市
Henan,2035,ssp245,baseline,0.128477588295937,济源市
Henan,2035,ssp245,baseline,0.128477588295937,商丘市
Henan,2035,ssp245,baseline,0.128477588295937,平顶山市
Henan,2035,ssp245,baseline,0.128477588295937,信阳市
Henan,2035,ssp245,baseline,0.128477588295937,许昌市
Henan,2035,ssp245,baseline,0.128477588295937,漯河市
Henan,2040,ssp245,baseline,0.116742134094238,濮阳市
Henan,2040,ssp245,baseline,0.116742134094238,安阳市
Henan,2040,ssp245,baseline,0.116742134094238,周口市
Henan,2040,ssp245,baseline,0.116742134094238,鹤壁市
Henan,2040,ssp245,baseline,0.116742134094238,驻马店市
Henan,2040,ssp245,baseline,0.116742134094238,新乡市
Henan,2040,ssp245,baseline,0.116742134094238,焦作市
Henan,2040,ssp245,baseline,0.116742134094238,郑州市
Henan,2040,ssp245,baseline,0.116742134094238,三门峡市
Henan,2040,ssp245,baseline,0.116742134094238,开封市
Henan,2040,ssp245,baseline,0.116742134094238,南阳市
Henan,2040,ssp245,baseline,0.116742134094238,洛阳市
Henan,2040,ssp245,baseline,0.116742134094238,济源市
Henan,2040,ssp245,baseline,0.116742134094238,商丘市
Henan,2040,ssp245,baseline,0.116742134094238,平顶山市
Henan,2040,ssp245,baseline,0.116742134094238,信阳市
Henan,2040,ssp245,baseline,0.116742134094238,许昌市
Henan,2040,ssp245,baseline,0.116742134094238,漯河市
Henan,2045,ssp245,baseline,0.140286535024643,濮阳市
Henan,2045,ssp245,baseline,0.140286535024643,安阳市
Henan,2045,ssp245,baseline,0.140286535024643,周口市
Henan,2045,ssp245,baseline,0.140286535024643,鹤壁市
Henan,2045,ssp245,baseline,0.140286535024643,驻马店市
Henan,2045,ssp245,baseline,0.140286535024643,新乡市
Henan,2045,ssp245,baseline,0.140286535024643,焦作市
Henan,2045,ssp245,baseline,0.140286535024643,郑州市
Henan,2045,ssp245,baseline,0.140286535024643,三门峡市
Henan,2045,ssp245,baseline,0.140286535024643,开封市
Henan,2045,ssp245,baseline,0.140286535024643,南阳市
Henan,2045,ssp245,baseline,0.140286535024643,洛阳市
Henan,2045,ssp245,baseline,0.140286535024643,济源市
Henan,2045,ssp245,baseline,0.140286535024643,商丘市
Henan,2045,ssp245,baseline,0.140286535024643,平顶山市
Henan,2045,ssp245,baseline,0.140286535024643,信阳市
Henan,2045,ssp245,baseline,0.140286535024643,许昌市
Henan,2045,ssp245,baseline,0.140286535024643,漯河市
Henan,2050,ssp245,baseline,0.383897125720978,濮阳市
Henan,2050,ssp245,baseline,0.383897125720978,安阳市
Henan,2050,ssp245,baseline,0.383897125720978,周口市
Henan,2050,ssp245,baseline,0.383897125720978,鹤壁市
Henan,2050,ssp245,baseline,0.383897125720978,驻马店市
Henan,2050,ssp245,baseline,0.383897125720978,新乡市
Henan,2050,ssp245,baseline,0.383897125720978,焦作市
Henan,2050,ssp245,baseline,0.383897125720978,郑州市
Henan,2050,ssp245,baseline,0.383897125720978,三门峡市
Henan,2050,ssp245,baseline,0.383897125720978,开封市
Henan,2050,ssp245,baseline,0.383897125720978,南阳市
Henan,2050,ssp245,baseline,0.383897125720978,洛阳市
Henan,2050,ssp245,baseline,0.383897125720978,济源市
Henan,2050,ssp245,baseline,0.383897125720978,商丘市
Henan,2050,ssp245,baseline,0.383897125720978,平顶山市
Henan,2050,ssp245,baseline,0.383897125720978,信阳市
Henan,2050,ssp245,baseline,0.383897125720978,许昌市
Henan,2050,ssp245,baseline,0.383897125720978,漯河市
Henan,2030,ssp585,baseline,0.116742134094238,濮阳市
Henan,2030,ssp585,baseline,0.116742134094238,安阳市
Henan,2030,ssp585,baseline,0.116742134094238,周口市
Henan,2030,ssp585,baseline,0.116742134094238,鹤壁市
Henan,2030,ssp585,baseline,0.116742134094238,驻马店市
Henan,2030,ssp585,baseline,0.116742134094238,新乡市
Henan,2030,ssp585,baseline,0.116742134094238,焦作市
Henan,2030,ssp585,baseline,0.116742134094238,郑州市
Henan,2030,ssp585,baseline,0.116742134094238,三门峡市
Henan,2030,ssp585,baseline,0.116742134094238,开封市
Henan,2030,ssp585,baseline,0.116742134094238,南阳市
Henan,2030,ssp585,baseline,0.116742134094238,洛阳市
Henan,2030,ssp585,baseline,0.116742134094238,济源市
Henan,2030,ssp585,baseline,0.116742134094238,商丘市
Henan,2030,ssp585,baseline,0.116742134094238,平顶山市
Henan,2030,ssp585,baseline,0.116742134094238,信阳市
Henan,2030,ssp585,baseline,0.116742134094238,许昌市
Henan,2030,ssp585,baseline,0.116742134094238,漯河市
Henan,2035,ssp585,baseline,0.208361998200417,濮阳市
Henan,2035,ssp585,baseline,0.208361998200417,安阳市
Henan,2035,ssp585,baseline,0.208361998200417,周口市
Henan,2035,ssp585,baseline,0.208361998200417,鹤壁市
Henan,2035,ssp585,baseline,0.208361998200417,驻马店市
Henan,2035,ssp585,baseline,0.208361998200417,新乡市
Henan,2035,ssp585,baseline,0.208361998200417,焦作市
Henan,2035,ssp585,baseline,0.208361998200417,郑州市
Henan,2035,ssp585,baseline,0.208361998200417,三门峡市
Henan,2035,ssp585,baseline,0.208361998200417,开封市
Henan,2035,ssp585,baseline,0.208361998200417,南阳市
Henan,2035,ssp585,baseline,0.208361998200417,洛阳市
Henan,2035,ssp585,baseline,0.208361998200417,济源市
Henan,2035,ssp585,baseline,0.208361998200417,商丘市
Henan,2035,ssp585,baseline,0.208361998200417,平顶山市
Henan,2035,ssp585,baseline,0.208361998200417,信阳市
Henan,2035,ssp585,baseline,0.208361998200417,许昌市
Henan,2035,ssp585,baseline,0.208361998200417,漯河市
Henan,2040,ssp585,baseline,0.0851192399859428,濮阳市
Henan,2040,ssp585,baseline,0.0851192399859428,安阳市
Henan,2040,ssp585,baseline,0.0851192399859428,周口市
Henan,2040,ssp585,baseline,0.0851192399859428,鹤壁市
Henan,2040,ssp585,baseline,0.0851192399859428,驻马店市
Henan,2040,ssp585,baseline,0.0851192399859428,新乡市
Henan,2040,ssp585,baseline,0.0851192399859428,焦作市
Henan,2040,ssp585,baseline,0.0851192399859428,郑州市
Henan,2040,ssp585,baseline,0.0851192399859428,三门峡市
Henan,2040,ssp585,baseline,0.0851192399859428,开封市
Henan,2040,ssp585,baseline,0.0851192399859428,南阳市
Henan,2040,ssp585,baseline,0.0851192399859428,洛阳市
Henan,2040,ssp585,baseline,0.0851192399859428,济源市
Henan,2040,ssp585,baseline,0.0851192399859428,商丘市
Henan,2040,ssp585,baseline,0.0851192399859428,平顶山市
Henan,2040,ssp585,baseline,0.0851192399859428,信阳市
Henan,2040,ssp585,baseline,0.0851192399859428,许昌市
Henan,2040,ssp585,baseline,0.0851192399859428,漯河市
Henan,2045,ssp585,baseline,0.0873745456337929,濮阳市
Henan,2045,ssp585,baseline,0.0873745456337929,安阳市
Henan,2045,ssp585,baseline,0.0873745456337929,周口市
Henan,2045,ssp585,baseline,0.0873745456337929,鹤壁市
Henan,2045,ssp585,baseline,0.0873745456337929,驻马店市
Henan,2045,ssp585,baseline,0.0873745456337929,新乡市
Henan,2045,ssp585,baseline,0.0873745456337929,焦作市
Henan,2045,ssp585,baseline,0.0873745456337929,郑州市
Henan,2045,ssp585,baseline,0.0873745456337929,三门峡市
Henan,2045,ssp585,baseline,0.0873745456337929,开封市
Henan,2045,ssp585,baseline,0.0873745456337929,南阳市
Henan,2045,ssp585,baseline,0.0873745456337929,洛阳市
Henan,2045,ssp585,baseline,0.0873745456337929,济源市
Henan,2045,ssp585,baseline,0.0873745456337929,商丘市
Henan,2045,ssp585,baseline,0.0873745456337929,平顶山市
Henan,2045,ssp585,baseline,0.0873745456337929,信阳市
Henan,2045,ssp585,baseline,0.0873745456337929,许昌市
Henan,2045,ssp585,baseline,0.0873745456337929,漯河市
Henan,2050,ssp585,baseline,0.0725822970271111,濮阳市
Henan,2050,ssp585,baseline,0.0725822970271111,安阳市
Henan,2050,ssp585,baseline,0.0725822970271111,周口市
Henan,2050,ssp585,baseline,0.0725822970271111,鹤壁市
Henan,2050,ssp585,baseline,0.0725822970271111,驻马店市
Henan,2050,ssp585,baseline,0.0725822970271111,新乡市
Henan,2050,ssp585,baseline,0.0725822970271111,焦作市
Henan,2050,ssp585,baseline,0.0725822970271111,郑州市
Henan,2050,ssp585,baseline,0.0725822970271111,三门峡市
Henan,2050,ssp585,baseline,0.0725822970271111,开封市
Henan,2050,ssp585,baseline,0.0725822970271111,南阳市
Henan,2050,ssp585,baseline,0.0725822970271111,洛阳市
Henan,2050,ssp585,baseline,0.0725822970271111,济源市
Henan,2050,ssp585,baseline,0.0725822970271111,商丘市
Henan,2050,ssp585,baseline,0.0725822970271111,平顶山市
Henan,2050,ssp585,baseline,0.0725822970271111,信阳市
Henan,2050,ssp585,baseline,0.0725822970271111,许昌市
Henan,2050,ssp585,baseline,0.0725822970271111,漯河市
Henan,2030,current,trend,0.242708563804626,濮阳市
Henan,2030,current,trend,0.242708563804626,安阳市
Henan,2030,current,trend,0.242708563804626,周口市
Henan,2030,current,trend,0.242708563804626,鹤壁市
Henan,2030,current,trend,0.242708563804626,驻马店市
Henan,2030,current,trend,0.242708563804626,新乡市
Henan,2030,current,trend,0.242708563804626,焦作市
Henan,2030,current,trend,0.242708563804626,郑州市
Henan,2030,current,trend,0.242708563804626,三门峡市
Henan,2030,current,trend,0.242708563804626,开封市
Henan,2030,current,trend,0.242708563804626,南阳市
Henan,2030,current,trend,0.242708563804626,洛阳市
Henan,2030,current,trend,0.242708563804626,济源市
Henan,2030,current,trend,0.242708563804626,商丘市
Henan,2030,current,trend,0.242708563804626,平顶山市
Henan,2030,current,trend,0.242708563804626,信阳市
Henan,2030,current,trend,0.242708563804626,许昌市
Henan,2030,current,trend,0.242708563804626,漯河市
Henan,2035,current,trend,0.205125153064728,濮阳市
Henan,2035,current,trend,0.205125153064728,安阳市
Henan,2035,current,trend,0.205125153064728,周口市
Henan,2035,current,trend,0.205125153064728,鹤壁市
Henan,2035,current,trend,0.205125153064728,驻马店市
Henan,2035,current,trend,0.205125153064728,新乡市
Henan,2035,current,trend,0.205125153064728,焦作市
Henan,2035,current,trend,0.205125153064728,郑州市
Henan,2035,current,trend,0.205125153064728,三门峡市
Henan,2035,current,trend,0.205125153064728,开封市
Henan,2035,current,trend,0.205125153064728,南阳市
Henan,2035,current,trend,0.205125153064728,洛阳市
Henan,2035,current,trend,0.205125153064728,济源市
Henan,2035,current,trend,0.205125153064728,商丘市
Henan,2035,current,trend,0.205125153064728,平顶山市
Henan,2035,current,trend,0.205125153064728,信阳市
Henan,2035,current,trend,0.205125153064728,许昌市
Henan,2035,current,trend,0.205125153064728,漯河市
Henan,2040,current,trend,0.29090017080307,濮阳市
Henan,2040,current,trend,0.29090017080307,安阳市
Henan,2040,current,trend,0.29090017080307,周口市
Henan,2040,current,trend,0.29090017080307,鹤壁市
Henan,2040,current,trend,0.29090017080307,驻马店市
Henan,2040,current,trend,0.29090017080307,新乡市
Henan,2040,current,trend,0.29090017080307,焦作市
Henan,2040,current,trend,0.29090017080307,郑州市
Henan,2040,current,trend,0.29090017080307,三门峡市
Henan,2040,current,trend,0.29090017080307,开封市
Henan,2040,current,trend,0.29090017080307,南阳市
Henan,2040,current,trend,0.29090017080307,洛阳市
Henan,2040,current,trend,0.29090017080307,济源市
Henan,2040,current,trend,0.29090017080307,商丘市
Henan,2040,current,trend,0.29090017080307,平顶山市
Henan,2040,current,trend,0.29090017080307,信阳市
Henan,2040,current,trend,0.29090017080307,许昌市
Henan,2040,current,trend,0.29090017080307,漯河市
Henan,2045,current,trend,0.279732972383499,濮阳市
Henan,2045,current,trend,0.279732972383499,安阳市
Henan,2045,current,trend,0.279732972383499,周口市
Henan,2045,current,trend,0.279732972383499,鹤壁市
Henan,2045,current,trend,0.279732972383499,驻马店市
Henan,2045,current,trend,0.279732972383499,新乡市
Henan,2045,current,trend,0.279732972383499,焦作市
Henan,2045,current,trend,0.279732972383499,郑州市
Henan,2045,current,trend,0.279732972383499,三门峡市
Henan,2045,current,trend,0.279732972383499,开封市
Henan,2045,current,trend,0.279732972383499,南阳市
Henan,2045,current,trend,0.279732972383499,洛阳市
Henan,2045,current,trend,0.279732972383499,济源市
Henan,2045,current,trend,0.279732972383499,商丘市
Henan,2045,current,trend,0.279732972383499,平顶山市
Henan,2045,current,trend,0.279732972383499,信阳市
Henan,2045,current,trend,0.279732972383499,许昌市
Henan,2045,current,trend,0.279732972383499,漯河市
Henan,2050,current,trend,0.282232522964478,濮阳市
Henan,2050,current,trend,0.282232522964478,安阳市
Henan,2050,current,trend,0.282232522964478,周口市
Henan,2050,current,trend,0.282232522964478,鹤壁市
Henan,2050,current,trend,0.282232522964478,驻马店市
Henan,2050,current,trend,0.282232522964478,新乡市
Henan,2050,current,trend,0.282232522964478,焦作市
Henan,2050,current,trend,0.282232522964478,郑州市
Henan,2050,current,trend,0.282232522964478,三门峡市
Henan,2050,current,trend,0.282232522964478,开封市
Henan,2050,current,trend,0.282232522964478,南阳市
Henan,2050,current,trend,0.282232522964478,洛阳市
Henan,2050,current,trend,0.282232522964478,济源市
Henan,2050,current,trend,0.282232522964478,商丘市
Henan,2050,current,trend,0.282232522964478,平顶山市
Henan,2050,current,trend,0.282232522964478,信阳市
Henan,2050,current,trend,0.282232522964478,许昌市
Henan,2050,current,trend,0.282232522964478,漯河市
Henan,2030,ssp245,trend,0.0787939131259918,濮阳市
Henan,2030,ssp245,trend,0.0787939131259918,安阳市
Henan,2030,ssp245,trend,0.0787939131259918,周口市
Henan,2030,ssp245,trend,0.0787939131259918,鹤壁市
Henan,2030,ssp245,trend,0.0787939131259918,驻马店市
Henan,2030,ssp245,trend,0.0787939131259918,新乡市
Henan,2030,ssp245,trend,0.0787939131259918,焦作市
Henan,2030,ssp245,trend,0.0787939131259918,郑州市
Henan,2030,ssp245,trend,0.0787939131259918,三门峡市
Henan,2030,ssp245,trend,0.0787939131259918,开封市
Henan,2030,ssp245,trend,0.0787939131259918,南阳市
Henan,2030,ssp245,trend,0.0787939131259918,洛阳市
Henan,2030,ssp245,trend,0.0787939131259918,济源市
Henan,2030,ssp245,trend,0.0787939131259918,商丘市
Henan,2030,ssp245,trend,0.0787939131259918,平顶山市
Henan,2030,ssp245,trend,0.0787939131259918,信阳市
Henan,2030,ssp245,trend,0.0787939131259918,许昌市
Henan,2030,ssp245,trend,0.0787939131259918,漯河市
Henan,2035,ssp245,trend,0.0909417644143105,濮阳市
Henan,2035,ssp245,trend,0.0909417644143105,安阳市
Henan,2035,ssp245,trend,0.0909417644143105,周口市
Henan,2035,ssp245,trend,0.0909417644143105,鹤壁市
Henan,2035,ssp245,trend,0.0909417644143105,驻马店市
Henan,2035,ssp245,trend,0.0909417644143105,新乡市
Henan,2035,ssp245,trend,0.0909417644143105,焦作市
Henan,2035,ssp245,trend,0.0909417644143105,郑州市
Henan,2035,ssp245,trend,0.0909417644143105,三门峡市
Henan,2035,ssp245,trend,0.0909417644143105,开封市
Henan,2035,ssp245,trend,0.0909417644143105,南阳市
Henan,2035,ssp245,trend,0.0909417644143105,洛阳市
Henan,2035,ssp245,trend,0.0909417644143105,济源市
Henan,2035,ssp245,trend,0.0909417644143105,商丘市
Henan,2035,ssp245,trend,0.0909417644143105,平顶山市
Henan,2035,ssp245,trend,0.0909417644143105,信阳市
Henan,2035,ssp245,trend,0.0909417644143105,许昌市
Henan,2035,ssp245,trend,0.0909417644143105,漯河市
Henan,2040,ssp245,trend,0.0474575161933899,濮阳市
Henan,2040,ssp245,trend,0.0474575161933899,安阳市
Henan,2040,ssp245,trend,0.0474575161933899,周口市
Henan,2040,ssp245,trend,0.0474575161933899,鹤壁市
Henan,2040,ssp245,trend,0.0474575161933899,驻马店市
Henan,2040,ssp245,trend,0.0474575161933899,新乡市
Henan,2040,ssp245,trend,0.0474575161933899,焦作市
Henan,2040,ssp245,trend,0.0474575161933899,郑州市
Henan,2040,ssp245,trend,0.0474575161933899,三门峡市
Henan,2040,ssp245,trend,0.0474575161933899,开封市
Henan,2040,ssp245,trend,0.0474575161933899,南阳市
Henan,2040,ssp245,trend,0.0474575161933899,洛阳市
Henan,2040,ssp245,trend,0.0474575161933899,济源市
Henan,2040,ssp245,trend,0.0474575161933899,商丘市
Henan,2040,ssp245,trend,0.0474575161933899,平顶山市
Henan,2040,ssp245,trend,0.0474575161933899,信阳市
Henan,2040,ssp245,trend,0.0474575161933899,许昌市
Henan,2040,ssp245,trend,0.0474575161933899,漯河市
Henan,2045,ssp245,trend,0.070810504257679,濮阳市
Henan,2045,ssp245,trend,0.070810504257679,安阳市
Henan,2045,ssp245,trend,0.070810504257679,周口市
Henan,2045,ssp245,trend,0.070810504257679,鹤壁市
Henan,2045,ssp245,trend,0.070810504257679,驻马店市
Henan,2045,ssp245,trend,0.070810504257679,新乡市
Henan,2045,ssp245,trend,0.070810504257679,焦作市
Henan,2045,ssp245,trend,0.070810504257679,郑州市
Henan,2045,ssp245,trend,0.070810504257679,三门峡市
Henan,2045,ssp245,trend,0.070810504257679,开封市
Henan,2045,ssp245,trend,0.070810504257679,南阳市
Henan,2045,ssp245,trend,0.070810504257679,洛阳市
Henan,2045,ssp245,trend,0.070810504257679,济源市
Henan,2045,ssp245,trend,0.070810504257679,商丘市
Henan,2045,ssp245,trend,0.070810504257679,平顶山市
Henan,2045,ssp245,trend,0.070810504257679,信阳市
Henan,2045,ssp245,trend,0.070810504257679,许昌市
Henan,2045,ssp245,trend,0.070810504257679,漯河市
Henan,2050,ssp245,trend,0.144822955131531,濮阳市
Henan,2050,ssp245,trend,0.144822955131531,安阳市
Henan,2050,ssp245,trend,0.144822955131531,周口市
Henan,2050,ssp245,trend,0.144822955131531,鹤壁市
Henan,2050,ssp245,trend,0.144822955131531,驻马店市
Henan,2050,ssp245,trend,0.144822955131531,新乡市
Henan,2050,ssp245,trend,0.144822955131531,焦作市
Henan,2050,ssp245,trend,0.144822955131531,郑州市
Henan,2050,ssp245,trend,0.144822955131531,三门峡市
Henan,2050,ssp245,trend,0.144822955131531,开封市
Henan,2050,ssp245,trend,0.144822955131531,南阳市
Henan,2050,ssp245,trend,0.144822955131531,洛阳市
Henan,2050,ssp245,trend,0.144822955131531,济源市
Henan,2050,ssp245,trend,0.144822955131531,商丘市
Henan,2050,ssp245,trend,0.144822955131531,平顶山市
Henan,2050,ssp245,trend,0.144822955131531,信阳市
Henan,2050,ssp245,trend,0.144822955131531,许昌市
Henan,2050,ssp245,trend,0.144822955131531,漯河市
Henan,2030,ssp585,trend,0.0495446883141995,濮阳市
Henan,2030,ssp585,trend,0.0495446883141995,安阳市
Henan,2030,ssp585,trend,0.0495446883141995,周口市
Henan,2030,ssp585,trend,0.0495446883141995,鹤壁市
Henan,2030,ssp585,trend,0.0495446883141995,驻马店市
Henan,2030,ssp585,trend,0.0495446883141995,新乡市
Henan,2030,ssp585,trend,0.0495446883141995,焦作市
Henan,2030,ssp585,trend,0.0495446883141995,郑州市
Henan,2030,ssp585,trend,0.0495446883141995,三门峡市
Henan,2030,ssp585,trend,0.0495446883141995,开封市
Henan,2030,ssp585,trend,0.0495446883141995,南阳市
Henan,2030,ssp585,trend,0.0495446883141995,洛阳市
Henan,2030,ssp585,trend,0.0495446883141995,济源市
Henan,2030,ssp585,trend,0.0495446883141995,商丘市
Henan,2030,ssp585,trend,0.0495446883141995,平顶山市
Henan,2030,ssp585,trend,0.0495446883141995,信阳市
Henan,2030,ssp585,trend,0.0495446883141995,许昌市
Henan,2030,ssp585,trend,0.0495446883141995,漯河市
Henan,2035,ssp585,trend,0.0932832360267639,濮阳市
Henan,2035,ssp585,trend,0.0932832360267639,安阳市
Henan,2035,ssp585,trend,0.0932832360267639,周口市
Henan,2035,ssp585,trend,0.0932832360267639,鹤壁市
Henan,2035,ssp585,trend,0.0932832360267639,驻马店市
Henan,2035,ssp585,trend,0.0932832360267639,新乡市
Henan,2035,ssp585,trend,0.0932832360267639,焦作市
Henan,2035,ssp585,trend,0.0932832360267639,郑州市
Henan,2035,ssp585,trend,0.0932832360267639,三门峡市
Henan,2035,ssp585,trend,0.0932832360267639,开封市
Henan,2035,ssp585,trend,0.0932832360267639,南阳市
Henan,2035,ssp585,trend,0.0932832360267639,洛阳市
Henan,2035,ssp585,trend,0.0932832360267639,济源市
Henan,2035,ssp585,trend,0.0932832360267639,商丘市
Henan,2035,ssp585,trend,0.0932832360267639,平顶山市
Henan,2035,ssp585,trend,0.0932832360267639,信阳市
Henan,2035,ssp585,trend,0.0932832360267639,许昌市
Henan,2035,ssp585,trend,0.0932832360267639,漯河市
Henan,2040,ssp585,trend,0.111981071531773,濮阳市
Henan,2040,ssp585,trend,0.111981071531773,安阳市
Henan,2040,ssp585,trend,0.111981071531773,周口市
Henan,2040,ssp585,trend,0.111981071531773,鹤壁市
Henan,2040,ssp585,trend,0.111981071531773,驻马店市
Henan,2040,ssp585,trend,0.111981071531773,新乡市
Henan,2040,ssp585,trend,0.111981071531773,焦作市
Henan,2040,ssp585,trend,0.111981071531773,郑州市
Henan,2040,ssp585,trend,0.111981071531773,三门峡市
Henan,2040,ssp585,trend,0.111981071531773,开封市
Henan,2040,ssp585,trend,0.111981071531773,南阳市
Henan,2040,ssp585,trend,0.111981071531773,洛阳市
Henan,2040,ssp585,trend,0.111981071531773,济源市
Henan,2040,ssp585,trend,0.111981071531773,商丘市
Henan,2040,ssp585,trend,0.111981071531773,平顶山市
Henan,2040,ssp585,trend,0.111981071531773,信阳市
Henan,2040,ssp585,trend,0.111981071531773,许昌市
Henan,2040,ssp585,trend,0.111981071531773,漯河市
Henan,2045,ssp585,trend,0.0798770561814308,濮阳市
Henan,2045,ssp585,trend,0.0798770561814308,安阳市
Henan,2045,ssp585,trend,0.0798770561814308,周口市
Henan,2045,ssp585,trend,0.0798770561814308,鹤壁市
Henan,2045,ssp585,trend,0.0798770561814308,驻马店市
Henan,2045,ssp585,trend,0.0798770561814308,新乡市
Henan,2045,ssp585,trend,0.0798770561814308,焦作市
Henan,2045,ssp585,trend,0.0798770561814308,郑州市
Henan,2045,ssp585,trend,0.0798770561814308,三门峡市
Henan,2045,ssp585,trend,0.0798770561814308,开封市
Henan,2045,ssp585,trend,0.0798770561814308,南阳市
Henan,2045,ssp585,trend,0.0798770561814308,洛阳市
Henan,2045,ssp585,trend,0.0798770561814308,济源市
Henan,2045,ssp585,trend,0.0798770561814308,商丘市
Henan,2045,ssp585,trend,0.0798770561814308,平顶山市
Henan,2045,ssp585,trend,0.0798770561814308,信阳市
Henan,2045,ssp585,trend,0.0798770561814308,许昌市
Henan,2045,ssp585,trend,0.0798770561814308,漯河市
Henan,2050,ssp585,trend,0.0694858431816101,濮阳市
Henan,2050,ssp585,trend,0.0694858431816101,安阳市
Henan,2050,ssp585,trend,0.0694858431816101,周口市
Henan,2050,ssp585,trend,0.0694858431816101,鹤壁市
Henan,2050,ssp585,trend,0.0694858431816101,驻马店市
Henan,2050,ssp585,trend,0.0694858431816101,新乡市
Henan,2050,ssp585,trend,0.0694858431816101,焦作市
Henan,2050,ssp585,trend,0.0694858431816101,郑州市
Henan,2050,ssp585,trend,0.0694858431816101,三门峡市
Henan,2050,ssp585,trend,0.0694858431816101,开封市
Henan,2050,ssp585,trend,0.0694858431816101,南阳市
Henan,2050,ssp585,trend,0.0694858431816101,洛阳市
Henan,2050,ssp585,trend,0.0694858431816101,济源市
Henan,2050,ssp585,trend,0.0694858431816101,商丘市
Henan,2050,ssp585,trend,0.0694858431816101,平顶山市
Henan,2050,ssp585,trend,0.0694858431816101,信阳市
Henan,2050,ssp585,trend,0.0694858431816101,许昌市
Henan,2050,ssp585,trend,0.0694858431816101,漯河市
Henan,2030,current,doubled,0.206952139735222,濮阳市
Henan,2030,current,doubled,0.206952139735222,安阳市
Henan,2030,current,doubled,0.206952139735222,周口市
Henan,2030,current,doubled,0.206952139735222,鹤壁市
Henan,2030,current,doubled,0.206952139735222,驻马店市
Henan,2030,current,doubled,0.206952139735222,新乡市
Henan,2030,current,doubled,0.206952139735222,焦作市
Henan,2030,current,doubled,0.206952139735222,郑州市
Henan,2030,current,doubled,0.206952139735222,三门峡市
Henan,2030,current,doubled,0.206952139735222,开封市
Henan,2030,current,doubled,0.206952139735222,南阳市
Henan,2030,current,doubled,0.206952139735222,洛阳市
Henan,2030,current,doubled,0.206952139735222,济源市
Henan,2030,current,doubled,0.206952139735222,商丘市
Henan,2030,current,doubled,0.206952139735222,平顶山市
Henan,2030,current,doubled,0.206952139735222,信阳市
Henan,2030,current,doubled,0.206952139735222,许昌市
Henan,2030,current,doubled,0.206952139735222,漯河市
Henan,2035,current,doubled,0.206952139735222,濮阳市
Henan,2035,current,doubled,0.206952139735222,安阳市
Henan,2035,current,doubled,0.206952139735222,周口市
Henan,2035,current,doubled,0.206952139735222,鹤壁市
Henan,2035,current,doubled,0.206952139735222,驻马店市
Henan,2035,current,doubled,0.206952139735222,新乡市
Henan,2035,current,doubled,0.206952139735222,焦作市
Henan,2035,current,doubled,0.206952139735222,郑州市
Henan,2035,current,doubled,0.206952139735222,三门峡市
Henan,2035,current,doubled,0.206952139735222,开封市
Henan,2035,current,doubled,0.206952139735222,南阳市
Henan,2035,current,doubled,0.206952139735222,洛阳市
Henan,2035,current,doubled,0.206952139735222,济源市
Henan,2035,current,doubled,0.206952139735222,商丘市
Henan,2035,current,doubled,0.206952139735222,平顶山市
Henan,2035,current,doubled,0.206952139735222,信阳市
Henan,2035,current,doubled,0.206952139735222,许昌市
Henan,2035,current,doubled,0.206952139735222,漯河市
Henan,2040,current,doubled,0.206952139735222,濮阳市
Henan,2040,current,doubled,0.206952139735222,安阳市
Henan,2040,current,doubled,0.206952139735222,周口市
Henan,2040,current,doubled,0.206952139735222,鹤壁市
Henan,2040,current,doubled,0.206952139735222,驻马店市
Henan,2040,current,doubled,0.206952139735222,新乡市
Henan,2040,current,doubled,0.206952139735222,焦作市
Henan,2040,current,doubled,0.206952139735222,郑州市
Henan,2040,current,doubled,0.206952139735222,三门峡市
Henan,2040,current,doubled,0.206952139735222,开封市
Henan,2040,current,doubled,0.206952139735222,南阳市
Henan,2040,current,doubled,0.206952139735222,洛阳市
Henan,2040,current,doubled,0.206952139735222,济源市
Henan,2040,current,doubled,0.206952139735222,商丘市
Henan,2040,current,doubled,0.206952139735222,平顶山市
Henan,2040,current,doubled,0.206952139735222,信阳市
Henan,2040,current,doubled,0.206952139735222,许昌市
Henan,2040,current,doubled,0.206952139735222,漯河市
Henan,2045,current,doubled,0.206952139735222,濮阳市
Henan,2045,current,doubled,0.206952139735222,安阳市
Henan,2045,current,doubled,0.206952139735222,周口市
Henan,2045,current,doubled,0.206952139735222,鹤壁市
Henan,2045,current,doubled,0.206952139735222,驻马店市
Henan,2045,current,doubled,0.206952139735222,新乡市
Henan,2045,current,doubled,0.206952139735222,焦作市
Henan,2045,current,doubled,0.206952139735222,郑州市
Henan,2045,current,doubled,0.206952139735222,三门峡市
Henan,2045,current,doubled,0.206952139735222,开封市
Henan,2045,current,doubled,0.206952139735222,南阳市
Henan,2045,current,doubled,0.206952139735222,洛阳市
Henan,2045,current,doubled,0.206952139735222,济源市
Henan,2045,current,doubled,0.206952139735222,商丘市
Henan,2045,current,doubled,0.206952139735222,平顶山市
Henan,2045,current,doubled,0.206952139735222,信阳市
Henan,2045,current,doubled,0.206952139735222,许昌市
Henan,2045,current,doubled,0.206952139735222,漯河市
Henan,2050,current,doubled,0.206952139735222,濮阳市
Henan,2050,current,doubled,0.206952139735222,安阳市
Henan,2050,current,doubled,0.206952139735222,周口市
Henan,2050,current,doubled,0.206952139735222,鹤壁市
Henan,2050,current,doubled,0.206952139735222,驻马店市
Henan,2050,current,doubled,0.206952139735222,新乡市
Henan,2050,current,doubled,0.206952139735222,焦作市
Henan,2050,current,doubled,0.206952139735222,郑州市
Henan,2050,current,doubled,0.206952139735222,三门峡市
Henan,2050,current,doubled,0.206952139735222,开封市
Henan,2050,current,doubled,0.206952139735222,南阳市
Henan,2050,current,doubled,0.206952139735222,洛阳市
Henan,2050,current,doubled,0.206952139735222,济源市
Henan,2050,current,doubled,0.206952139735222,商丘市
Henan,2050,current,doubled,0.206952139735222,平顶山市
Henan,2050,current,doubled,0.206952139735222,信阳市
Henan,2050,current,doubled,0.206952139735222,许昌市
Henan,2050,current,doubled,0.206952139735222,漯河市
Henan,2030,ssp245,doubled,0.0999709516763687,濮阳市
Henan,2030,ssp245,doubled,0.0999709516763687,安阳市
Henan,2030,ssp245,doubled,0.0999709516763687,周口市
Henan,2030,ssp245,doubled,0.0999709516763687,鹤壁市
Henan,2030,ssp245,doubled,0.0999709516763687,驻马店市
Henan,2030,ssp245,doubled,0.0999709516763687,新乡市
Henan,2030,ssp245,doubled,0.0999709516763687,焦作市
Henan,2030,ssp245,doubled,0.0999709516763687,郑州市
Henan,2030,ssp245,doubled,0.0999709516763687,三门峡市
Henan,2030,ssp245,doubled,0.0999709516763687,开封市
Henan,2030,ssp245,doubled,0.0999709516763687,南阳市
Henan,2030,ssp245,doubled,0.0999709516763687,洛阳市
Henan,2030,ssp245,doubled,0.0999709516763687,济源市
Henan,2030,ssp245,doubled,0.0999709516763687,商丘市
Henan,2030,ssp245,doubled,0.0999709516763687,平顶山市
Henan,2030,ssp245,doubled,0.0999709516763687,信阳市
Henan,2030,ssp245,doubled,0.0999709516763687,许昌市
Henan,2030,ssp245,doubled,0.0999709516763687,漯河市
Henan,2035,ssp245,doubled,0.0756796672940254,濮阳市
Henan,2035,ssp245,doubled,0.0756796672940254,安阳市
Henan,2035,ssp245,doubled,0.0756796672940254,周口市
Henan,2035,ssp245,doubled,0.0756796672940254,鹤壁市
Henan,2035,ssp245,doubled,0.0756796672940254,驻马店市
Henan,2035,ssp245,doubled,0.0756796672940254,新乡市
Henan,2035,ssp245,doubled,0.0756796672940254,焦作市
Henan,2035,ssp245,doubled,0.0756796672940254,郑州市
Henan,2035,ssp245,doubled,0.0756796672940254,三门峡市
Henan,2035,ssp245,doubled,0.0756796672940254,开封市
Henan,2035,ssp245,doubled,0.0756796672940254,南阳市
Henan,2035,ssp245,doubled,0.0756796672940254,洛阳市
Henan,2035,ssp245,doubled,0.0756796672940254,济源市
Henan,2035,ssp245,doubled,0.0756796672940254,商丘市
Henan,2035,ssp245,doubled,0.0756796672940254,平顶山市
Henan,2035,ssp245,doubled,0.0756796672940254,信阳市
Henan,2035,ssp245,doubled,0.0756796672940254,许昌市
Henan,2035,ssp245,doubled,0.0756796672940254,漯河市
Henan,2040,ssp245,doubled,0.0543493367731571,濮阳市
Henan,2040,ssp245,doubled,0.0543493367731571,安阳市
Henan,2040,ssp245,doubled,0.0543493367731571,周口市
Henan,2040,ssp245,doubled,0.0543493367731571,鹤壁市
Henan,2040,ssp245,doubled,0.0543493367731571,驻马店市
Henan,2040,ssp245,doubled,0.0543493367731571,新乡市
Henan,2040,ssp245,doubled,0.0543493367731571,焦作市
Henan,2040,ssp245,doubled,0.0543493367731571,郑州市
Henan,2040,ssp245,doubled,0.0543493367731571,三门峡市
Henan,2040,ssp245,doubled,0.0543493367731571,开封市
Henan,2040,ssp245,doubled,0.0543493367731571,南阳市
Henan,2040,ssp245,doubled,0.0543493367731571,洛阳市
Henan,2040,ssp245,doubled,0.0543493367731571,济源市
Henan,2040,ssp245,doubled,0.0543493367731571,商丘市
Henan,2040,ssp245,doubled,0.0543493367731571,平顶山市
Henan,2040,ssp245,doubled,0.0543493367731571,信阳市
Henan,2040,ssp245,doubled,0.0543493367731571,许昌市
Henan,2040,ssp245,doubled,0.0543493367731571,漯河市
Henan,2045,ssp245,doubled,0.114511638879776,濮阳市
Henan,2045,ssp245,doubled,0.114511638879776,安阳市
Henan,2045,ssp245,doubled,0.114511638879776,周口市
Henan,2045,ssp245,doubled,0.114511638879776,鹤壁市
Henan,2045,ssp245,doubled,0.114511638879776,驻马店市
Henan,2045,ssp245,doubled,0.114511638879776,新乡市
Henan,2045,ssp245,doubled,0.114511638879776,焦作市
Henan,2045,ssp245,doubled,0.114511638879776,郑州市
Henan,2045,ssp245,doubled,0.114511638879776,三门峡市
Henan,2045,ssp245,doubled,0.114511638879776,开封市
Henan,2045,ssp245,doubled,0.114511638879776,南阳市
Henan,2045,ssp245,doubled,0.114511638879776,洛阳市
Henan,2045,ssp245,doubled,0.114511638879776,济源市
Henan,2045,ssp245,doubled,0.114511638879776,商丘市
Henan,2045,ssp245,doubled,0.114511638879776,平顶山市
Henan,2045,ssp245,doubled,0.114511638879776,信阳市
Henan,2045,ssp245,doubled,0.114511638879776,许昌市
Henan,2045,ssp245,doubled,0.114511638879776,漯河市
Henan,2050,ssp245,doubled,0.110090501606464,濮阳市
Henan,2050,ssp245,doubled,0.110090501606464,安阳市
Henan,2050,ssp245,doubled,0.110090501606464,周口市
Henan,2050,ssp245,doubled,0.110090501606464,鹤壁市
Henan,2050,ssp245,doubled,0.110090501606464,驻马店市
Henan,2050,ssp245,doubled,0.110090501606464,新乡市
Henan,2050,ssp245,doubled,0.110090501606464,焦作市
Henan,2050,ssp245,doubled,0.110090501606464,郑州市
Henan,2050,ssp245,doubled,0.110090501606464,三门峡市
Henan,2050,ssp245,doubled,0.110090501606464,开封市
Henan,2050,ssp245,doubled,0.110090501606464,南阳市
Henan,2050,ssp245,doubled,0.110090501606464,洛阳市
Henan,2050,ssp245,doubled,0.110090501606464,济源市
Henan,2050,ssp245,doubled,0.110090501606464,商丘市
Henan,2050,ssp245,doubled,0.110090501606464,平顶山市
Henan,2050,ssp245,doubled,0.110090501606464,信阳市
Henan,2050,ssp245,doubled,0.110090501606464,许昌市
Henan,2050,ssp245,doubled,0.110090501606464,漯河市
Henan,2030,ssp585,doubled,0.0543493367731571,濮阳市
Henan,2030,ssp585,doubled,0.0543493367731571,安阳市
Henan,2030,ssp585,doubled,0.0543493367731571,周口市
Henan,2030,ssp585,doubled,0.0543493367731571,鹤壁市
Henan,2030,ssp585,doubled,0.0543493367731571,驻马店市
Henan,2030,ssp585,doubled,0.0543493367731571,新乡市
Henan,2030,ssp585,doubled,0.0543493367731571,焦作市
Henan,2030,ssp585,doubled,0.0543493367731571,郑州市
Henan,2030,ssp585,doubled,0.0543493367731571,三门峡市
Henan,2030,ssp585,doubled,0.0543493367731571,开封市
Henan,2030,ssp585,doubled,0.0543493367731571,南阳市
Henan,2030,ssp585,doubled,0.0543493367731571,洛阳市
Henan,2030,ssp585,doubled,0.0543493367731571,济源市
Henan,2030,ssp585,doubled,0.0543493367731571,商丘市
Henan,2030,ssp585,doubled,0.0543493367731571,平顶山市
Henan,2030,ssp585,doubled,0.0543493367731571,信阳市
Henan,2030,ssp585,doubled,0.0543493367731571,许昌市
Henan,2030,ssp585,doubled,0.0543493367731571,漯河市
Henan,2035,ssp585,doubled,0.0933753401041031,濮阳市
Henan,2035,ssp585,doubled,0.0933753401041031,安阳市
Henan,2035,ssp585,doubled,0.0933753401041031,周口市
Henan,2035,ssp585,doubled,0.0933753401041031,鹤壁市
Henan,2035,ssp585,doubled,0.0933753401041031,驻马店市
Henan,2035,ssp585,doubled,0.0933753401041031,新乡市
Henan,2035,ssp585,doubled,0.0933753401041031,焦作市
Henan,2035,ssp585,doubled,0.0933753401041031,郑州市
Henan,2035,ssp585,doubled,0.0933753401041031,三门峡市
Henan,2035,ssp585,doubled,0.0933753401041031,开封市
Henan,2035,ssp585,doubled,0.0933753401041031,南阳市
Henan,2035,ssp585,doubled,0.0933753401041031,洛阳市
Henan,2035,ssp585,doubled,0.0933753401041031,济源市
Henan,2035,ssp585,doubled,0.0933753401041031,商丘市
Henan,2035,ssp585,doubled,0.0933753401041031,平顶山市
Henan,2035,ssp585,doubled,0.0933753401041031,信阳市
Henan,2035,ssp585,doubled,0.0933753401041031,许昌市
Henan,2035,ssp585,doubled,0.0933753401041031,漯河市
Henan,2040,ssp585,doubled,0.0814507454633713,濮阳市
Henan,2040,ssp585,doubled,0.0814507454633713,安阳市
Henan,2040,ssp585,doubled,0.0814507454633713,周口市
Henan,2040,ssp585,doubled,0.0814507454633713,鹤壁市
Henan,2040,ssp585,doubled,0.0814507454633713,驻马店市
Henan,2040,ssp585,doubled,0.0814507454633713,新乡市
Henan,2040,ssp585,doubled,0.0814507454633713,焦作市
Henan,2040,ssp585,doubled,0.0814507454633713,郑州市
Henan,2040,ssp585,doubled,0.0814507454633713,三门峡市
Henan,2040,ssp585,doubled,0.0814507454633713,开封市
Henan,2040,ssp585,doubled,0.0814507454633713,南阳市
Henan,2040,ssp585,doubled,0.0814507454633713,洛阳市
Henan,2040,ssp585,doubled,0.0814507454633713,济源市
Henan,2040,ssp585,doubled,0.0814507454633713,商丘市
Henan,2040,ssp585,doubled,0.0814507454633713,平顶山市
Henan,2040,ssp585,doubled,0.0814507454633713,信阳市
Henan,2040,ssp585,doubled,0.0814507454633713,许昌市
Henan,2040,ssp585,doubled,0.0814507454633713,漯河市
Henan,2045,ssp585,doubled,0.0635652616620064,濮阳市
Henan,2045,ssp585,doubled,0.0635652616620064,安阳市
Henan,2045,ssp585,doubled,0.0635652616620064,周口市
Henan,2045,ssp585,doubled,0.0635652616620064,鹤壁市
Henan,2045,ssp585,doubled,0.0635652616620064,驻马店市
Henan,2045,ssp585,doubled,0.0635652616620064,新乡市
Henan,2045,ssp585,doubled,0.0635652616620064,焦作市
Henan,2045,ssp585,doubled,0.0635652616620064,郑州市
Henan,2045,ssp585,doubled,0.0635652616620064,三门峡市
Henan,2045,ssp585,doubled,0.0635652616620064,开封市
Henan,2045,ssp585,doubled,0.0635652616620064,南阳市
Henan,2045,ssp585,doubled,0.0635652616620064,洛阳市
Henan,2045,ssp585,doubled,0.0635652616620064,济源市
Henan,2045,ssp585,doubled,0.0635652616620064,商丘市
Henan,2045,ssp585,doubled,0.0635652616620064,平顶山市
Henan,2045,ssp585,doubled,0.0635652616620064,信阳市
Henan,2045,ssp585,doubled,0.0635652616620064,许昌市
Henan,2045,ssp585,doubled,0.0635652616620064,漯河市
Henan,2050,ssp585,doubled,0.0704600736498833,濮阳市
Henan,2050,ssp585,doubled,0.0704600736498833,安阳市
Henan,2050,ssp585,doubled,0.0704600736498833,周口市
Henan,2050,ssp585,doubled,0.0704600736498833,鹤壁市
Henan,2050,ssp585,doubled,0.0704600736498833,驻马店市
Henan,2050,ssp585,doubled,0.0704600736498833,新乡市
Henan,2050,ssp585,doubled,0.0704600736498833,焦作市
Henan,2050,ssp585,doubled,0.0704600736498833,郑州市
Henan,2050,ssp585,doubled,0.0704600736498833,三门峡市
Henan,2050,ssp585,doubled,0.0704600736498833,开封市
Henan,2050,ssp585,doubled,0.0704600736498833,南阳市
Henan,2050,ssp585,doubled,0.0704600736498833,洛阳市
Henan,2050,ssp585,doubled,0.0704600736498833,济源市
Henan,2050,ssp585,doubled,0.0704600736498833,商丘市
Henan,2050,ssp585,doubled,0.0704600736498833,平顶山市
Henan,2050,ssp585,doubled,0.0704600736498833,信阳市
Henan,2050,ssp585,doubled,0.0704600736498833,许昌市
Henan,2050,ssp585,doubled,0.0704600736498833,漯河市
Hubei,2030,current,baseline,0.272189438343048,鄂州市
Hubei,2030,current,baseline,0.272189438343048,荆门市
Hubei,2030,current,baseline,0.272189438343048,孝感市
Hubei,2030,current,baseline,0.272189438343048,十堰市
Hubei,2030,current,baseline,0.272189438343048,天门市
Hubei,2030,current,baseline,0.272189438343048,潜江市
Hubei,2030,current,baseline,0.272189438343048,仙桃市
Hubei,2030,current,baseline,0.272189438343048,恩施土家族苗族自治州
Hubei,2030,current,baseline,0.272189438343048,宜昌市
Hubei,2030,current,baseline,0.272189438343048,襄阳市
Hubei,2030,current,baseline,0.272189438343048,荆州市
Hubei,2030,current,baseline,0.272189438343048,黄冈市
Hubei,2030,current,baseline,0.272189438343048,武汉市
Hubei,2030,current,baseline,0.272189438343048,咸宁市
Hubei,2030,current,baseline,0.272189438343048,黄石市
Hubei,2030,current,baseline,0.272189438343048,随州市
Hubei,2030,current,baseline,0.272189438343048,神农架林区
Hubei,2035,current,baseline,0.272189438343048,鄂州市
Hubei,2035,current,baseline,0.272189438343048,荆门市
Hubei,2035,current,baseline,0.272189438343048,孝感市
Hubei,2035,current,baseline,0.272189438343048,十堰市
Hubei,2035,current,baseline,0.272189438343048,天门市
Hubei,2035,current,baseline,0.272189438343048,潜江市
Hubei,2035,current,baseline,0.272189438343048,仙桃市
Hubei,2035,current,baseline,0.272189438343048,恩施土家族苗族自治州
Hubei,2035,current,baseline,0.272189438343048,宜昌市
Hubei,2035,current,baseline,0.272189438343048,襄阳市
Hubei,2035,current,baseline,0.272189438343048,荆州市
Hubei,2035,current,baseline,0.272189438343048,黄冈市
Hubei,2035,current,baseline,0.272189438343048,武汉市
Hubei,2035,current,baseline,0.272189438343048,咸宁市
Hubei,2035,current,baseline,0.272189438343048,黄石市
Hubei,2035,current,baseline,0.272189438343048,随州市
Hubei,2035,current,baseline,0.272189438343048,神农架林区
Hubei,2040,current,baseline,0.272189438343048,鄂州市
Hubei,2040,current,baseline,0.272189438343048,荆门市
Hubei,2040,current,baseline,0.272189438343048,孝感市
Hubei,2040,current,baseline,0.272189438343048,十堰市
Hubei,2040,current,baseline,0.272189438343048,天门市
Hubei,2040,current,baseline,0.272189438343048,潜江市
Hubei,2040,current,baseline,0.272189438343048,仙桃市
Hubei,2040,current,baseline,0.272189438343048,恩施土家族苗族自治州
Hubei,2040,current,baseline,0.272189438343048,宜昌市
Hubei,2040,current,baseline,0.272189438343048,襄阳市
Hubei,2040,current,baseline,0.272189438343048,荆州市
Hubei,2040,current,baseline,0.272189438343048,黄冈市
Hubei,2040,current,baseline,0.272189438343048,武汉市
Hubei,2040,current,baseline,0.272189438343048,咸宁市
Hubei,2040,current,baseline,0.272189438343048,黄石市
Hubei,2040,current,baseline,0.272189438343048,随州市
Hubei,2040,current,baseline,0.272189438343048,神农架林区
Hubei,2045,current,baseline,0.272189438343048,鄂州市
Hubei,2045,current,baseline,0.272189438343048,荆门市
Hubei,2045,current,baseline,0.272189438343048,孝感市
Hubei,2045,current,baseline,0.272189438343048,十堰市
Hubei,2045,current,baseline,0.272189438343048,天门市
Hubei,2045,current,baseline,0.272189438343048,潜江市
Hubei,2045,current,baseline,0.272189438343048,仙桃市
Hubei,2045,current,baseline,0.272189438343048,恩施土家族苗族自治州
Hubei,2045,current,baseline,0.272189438343048,宜昌市
Hubei,2045,current,baseline,0.272189438343048,襄阳市
Hubei,2045,current,baseline,0.272189438343048,荆州市
Hubei,2045,current,baseline,0.272189438343048,黄冈市
Hubei,2045,current,baseline,0.272189438343048,武汉市
Hubei,2045,current,baseline,0.272189438343048,咸宁市
Hubei,2045,current,baseline,0.272189438343048,黄石市
Hubei,2045,current,baseline,0.272189438343048,随州市
Hubei,2045,current,baseline,0.272189438343048,神农架林区
Hubei,2050,current,baseline,0.272189438343048,鄂州市
Hubei,2050,current,baseline,0.272189438343048,荆门市
Hubei,2050,current,baseline,0.272189438343048,孝感市
Hubei,2050,current,baseline,0.272189438343048,十堰市
Hubei,2050,current,baseline,0.272189438343048,天门市
Hubei,2050,current,baseline,0.272189438343048,潜江市
Hubei,2050,current,baseline,0.272189438343048,仙桃市
Hubei,2050,current,baseline,0.272189438343048,恩施土家族苗族自治州
Hubei,2050,current,baseline,0.272189438343048,宜昌市
Hubei,2050,current,baseline,0.272189438343048,襄阳市
Hubei,2050,current,baseline,0.272189438343048,荆州市
Hubei,2050,current,baseline,0.272189438343048,黄冈市
Hubei,2050,current,baseline,0.272189438343048,武汉市
Hubei,2050,current,baseline,0.272189438343048,咸宁市
Hubei,2050,current,baseline,0.272189438343048,黄石市
Hubei,2050,current,baseline,0.272189438343048,随州市
Hubei,2050,current,baseline,0.272189438343048,神农架林区
Hubei,2030,ssp245,baseline,0.0593539848923683,鄂州市
Hubei,2030,ssp245,baseline,0.0593539848923683,荆门市
Hubei,2030,ssp245,baseline,0.0593539848923683,孝感市
Hubei,2030,ssp245,baseline,0.0593539848923683,十堰市
Hubei,2030,ssp245,baseline,0.0593539848923683,天门市
Hubei,2030,ssp245,baseline,0.0593539848923683,潜江市
Hubei,2030,ssp245,baseline,0.0593539848923683,仙桃市
Hubei,2030,ssp245,baseline,0.0593539848923683,恩施土家族苗族自治州
Hubei,2030,ssp245,baseline,0.0593539848923683,宜昌市
Hubei,2030,ssp245,baseline,0.0593539848923683,襄阳市
Hubei,2030,ssp245,baseline,0.0593539848923683,荆州市
Hubei,2030,ssp245,baseline,0.0593539848923683,黄冈市
Hubei,2030,ssp245,baseline,0.0593539848923683,武汉市
Hubei,2030,ssp245,baseline,0.0593539848923683,咸宁市
Hubei,2030,ssp245,baseline,0.0593539848923683,黄石市
Hubei,2030,ssp245,baseline,0.0593539848923683,随州市
Hubei,2030,ssp245,baseline,0.0593539848923683,神农架林区
Hubei,2035,ssp245,baseline,0.0921186432242393,鄂州市
Hubei,2035,ssp245,baseline,0.0921186432242393,荆门市
Hubei,2035,ssp245,baseline,0.0921186432242393,孝感市
Hubei,2035,ssp245,baseline,0.0921186432242393,十堰市
Hubei,2035,ssp245,baseline,0.0921186432242393,天门市
Hubei,2035,ssp245,baseline,0.0921186432242393,潜江市
Hubei,2035,ssp245,baseline,0.0921186432242393,仙桃市
Hubei,2035,ssp245,baseline,0.0921186432242393,恩施土家族苗族自治州
Hubei,2035,ssp245,baseline,0.0921186432242393,宜昌市
Hubei,2035,ssp245,baseline,0.0921186432242393,襄阳市
Hubei,2035,ssp245,baseline,0.0921186432242393,荆州市
Hubei,2035,ssp245,baseline,0.0921186432242393,黄冈市
Hubei,2035,ssp245,baseline,0.0921186432242393,武汉市
Hubei,2035,ssp245,baseline,0.0921186432242393,咸宁市
Hubei,2035,ssp245,baseline,0.0921186432242393,黄石市
Hubei,2035,ssp245,baseline,0.0921186432242393,随州市
Hubei,2035,ssp245,baseline,0.0921186432242393,神农架林区
Hubei,2040,ssp245,baseline,0.085317499935627,鄂州市
Hubei,2040,ssp245,baseline,0.085317499935627,荆门市
Hubei,2040,ssp245,baseline,0.085317499935627,孝感市
Hubei,2040,ssp245,baseline,0.085317499935627,十堰市
Hubei,2040,ssp245,baseline,0.085317499935627,天门市
Hubei,2040,ssp245,baseline,0.085317499935627,潜江市
Hubei,2040,ssp245,baseline,0.085317499935627,仙桃市
Hubei,2040,ssp245,baseline,0.085317499935627,恩施土家族苗族自治州
Hubei,2040,ssp245,baseline,0.085317499935627,宜昌市
Hubei,2040,ssp245,baseline,0.085317499935627,襄阳市
Hubei,2040,ssp245,baseline,0.085317499935627,荆州市
Hubei,2040,ssp245,baseline,0.085317499935627,黄冈市
Hubei,2040,ssp245,baseline,0.085317499935627,武汉市
Hubei,2040,ssp245,baseline,0.085317499935627,咸宁市
Hubei,2040,ssp245,baseline,0.085317499935627,黄石市
Hubei,2040,ssp245,baseline,0.085317499935627,随州市
Hubei,2040,ssp245,baseline,0.085317499935627,神农架林区
Hubei,2045,ssp245,baseline,0.170125499367714,鄂州市
Hubei,2045,ssp245,baseline,0.170125499367714,荆门市
Hubei,2045,ssp245,baseline,0.170125499367714,孝感市
Hubei,2045,ssp245,baseline,0.170125499367714,十堰市
Hubei,2045,ssp245,baseline,0.170125499367714,天门市
Hubei,2045,ssp245,baseline,0.170125499367714,潜江市
Hubei,2045,ssp245,baseline,0.170125499367714,仙桃市
Hubei,2045,ssp245,baseline,0.170125499367714,恩施土家族苗族自治州
Hubei,2045,ssp245,baseline,0.170125499367714,宜昌市
Hubei,2045,ssp245,baseline,0.170125499367714,襄阳市
Hubei,2045,ssp245,baseline,0.170125499367714,荆州市
Hubei,2045,ssp245,baseline,0.170125499367714,黄冈市
Hubei,2045,ssp245,baseline,0.170125499367714,武汉市
Hubei,2045,ssp245,baseline,0.170125499367714,咸宁市
Hubei,2045,ssp245,baseline,0.170125499367714,黄石市
Hubei,2045,ssp245,baseline,0.170125499367714,随州市
Hubei,2045,ssp245,baseline,0.170125499367714,神农架林区
Hubei,2050,ssp245,baseline,0.219574123620987,鄂州市
Hubei,2050,ssp245,baseline,0.219574123620987,荆门市
Hubei,2050,ssp245,baseline,0.219574123620987,孝感市
Hubei,2050,ssp245,baseline,0.219574123620987,十堰市
Hubei,2050,ssp245,baseline,0.219574123620987,天门市
Hubei,2050,ssp245,baseline,0.219574123620987,潜江市
Hubei,2050,ssp245,baseline,0.219574123620987,仙桃市
Hubei,2050,ssp245,baseline,0.219574123620987,恩施土家族苗族自治州
Hubei,2050,ssp245,baseline,0.219574123620987,宜昌市
Hubei,2050,ssp245,baseline,0.219574123620987,襄阳市
Hubei,2050,ssp245,baseline,0.219574123620987,荆州市
Hubei,2050,ssp245,baseline,0.219574123620987,黄冈市
Hubei,2050,ssp245,baseline,0.219574123620987,武汉市
Hubei,2050,ssp245,baseline,0.219574123620987,咸宁市
Hubei,2050,ssp245,baseline,0.219574123620987,黄石市
Hubei,2050,ssp245,baseline,0.219574123620987,随州市
Hubei,2050,ssp245,baseline,0.219574123620987,神农架林区
Hubei,2030,ssp585,baseline,0.085317499935627,鄂州市
Hubei,2030,ssp585,baseline,0.085317499935627,荆门市
Hubei,2030,ssp585,baseline,0.085317499935627,孝感市
Hubei,2030,ssp585,baseline,0.085317499935627,十堰市
Hubei,2030,ssp585,baseline,0.085317499935627,天门市
Hubei,2030,ssp585,baseline,0.085317499935627,潜江市
Hubei,2030,ssp585,baseline,0.085317499935627,仙桃市
Hubei,2030,ssp585,baseline,0.085317499935627,恩施土家族苗族自治州
Hubei,2030,ssp585,baseline,0.085317499935627,宜昌市
Hubei,2030,ssp585,baseline,0.085317499935627,襄阳市
Hubei,2030,ssp585,baseline,0.085317499935627,荆州市
Hubei,2030,ssp585,baseline,0.085317499935627,黄冈市
Hubei,2030,ssp585,baseline,0.085317499935627,武汉市
Hubei,2030,ssp585,baseline,0.085317499935627,咸宁市
Hubei,2030,ssp585,baseline,0.085317499935627,黄石市
Hubei,2030,ssp585,baseline,0.085317499935627,随州市
Hubei,2030,ssp585,baseline,0.085317499935627,神农架林区
Hubei,2035,ssp585,baseline,0.114152275025845,鄂州市
Hubei,2035,ssp585,baseline,0.114152275025845,荆门市
Hubei,2035,ssp585,baseline,0.114152275025845,孝感市
Hubei,2035,ssp585,baseline,0.114152275025845,十堰市
Hubei,2035,ssp585,baseline,0.114152275025845,天门市
Hubei,2035,ssp585,baseline,0.114152275025845,潜江市
Hubei,2035,ssp585,baseline,0.114152275025845,仙桃市
Hubei,2035,ssp585,baseline,0.114152275025845,恩施土家族苗族自治州
Hubei,2035,ssp585,baseline,0.114152275025845,宜昌市
Hubei,2035,ssp585,baseline,0.114152275025845,襄阳市
Hubei,2035,ssp585,baseline,0.114152275025845,荆州市
Hubei,2035,ssp585,baseline,0.114152275025845,黄冈市
Hubei,2035,ssp585,baseline,0.114152275025845,武汉市
Hubei,2035,ssp585,baseline,0.114152275025845,咸宁市
Hubei,2035,ssp585,baseline,0.114152275025845,黄石市
Hubei,2035,ssp585,baseline,0.114152275025845,随州市
Hubei,2035,ssp585,baseline,0.114152275025845,神农架林区
Hubei,2040,ssp585,baseline,0.060709610581398,鄂州市
Hubei,2040,ssp585,baseline,0.060709610581398,荆门市
Hubei,2040,ssp585,baseline,0.060709610581398,孝感市
Hubei,2040,ssp585,baseline,0.060709610581398,十堰市
Hubei,2040,ssp585,baseline,0.060709610581398,天门市
Hubei,2040,ssp585,baseline,0.060709610581398,潜江市
Hubei,2040,ssp585,baseline,0.060709610581398,仙桃市
Hubei,2040,ssp585,baseline,0.060709610581398,恩施土家族苗族自治州
Hubei,2040,ssp585,baseline,0.060709610581398,宜昌市
Hubei,2040,ssp585,baseline,0.060709610581398,襄阳市
Hubei,2040,ssp585,baseline,0.060709610581398,荆州市
Hubei,2040,ssp585,baseline,0.060709610581398,黄冈市
Hubei,2040,ssp585,baseline,0.060709610581398,武汉市
Hubei,2040,ssp585,baseline,0.060709610581398,咸宁市
Hubei,2040,ssp585,baseline,0.060709610581398,黄石市
Hubei,2040,ssp585,baseline,0.060709610581398,随州市
Hubei,2040,ssp585,baseline,0.060709610581398,神农架林区
Hubei,2045,ssp585,baseline,0.078662596642971,鄂州市
Hubei,2045,ssp585,baseline,0.078662596642971,荆门市
Hubei,2045,ssp585,baseline,0.078662596642971,孝感市
Hubei,2045,ssp585,baseline,0.078662596642971,十堰市
Hubei,2045,ssp585,baseline,0.078662596642971,天门市
Hubei,2045,ssp585,baseline,0.078662596642971,潜江市
Hubei,2045,ssp585,baseline,0.078662596642971,仙桃市
Hubei,2045,ssp585,baseline,0.078662596642971,恩施土家族苗族自治州
Hubei,2045,ssp585,baseline,0.078662596642971,宜昌市
Hubei,2045,ssp585,baseline,0.078662596642971,襄阳市
Hubei,2045,ssp585,baseline,0.078662596642971,荆州市
Hubei,2045,ssp585,baseline,0.078662596642971,黄冈市
Hubei,2045,ssp585,baseline,0.078662596642971,武汉市
Hubei,2045,ssp585,baseline,0.078662596642971,咸宁市
Hubei,2045,ssp585,baseline,0.078662596642971,黄石市
Hubei,2045,ssp585,baseline,0.078662596642971,随州市
Hubei,2045,ssp585,baseline,0.078662596642971,神农架林区
Hubei,2050,ssp585,baseline,0.0942047536373138,鄂州市
Hubei,2050,ssp585,baseline,0.0942047536373138,荆门市
Hubei,2050,ssp585,baseline,0.0942047536373138,孝感市
Hubei,2050,ssp585,baseline,0.0942047536373138,十堰市
Hubei,2050,ssp585,baseline,0.0942047536373138,天门市
Hubei,2050,ssp585,baseline,0.0942047536373138,潜江市
Hubei,2050,ssp585,baseline,0.0942047536373138,仙桃市
Hubei,2050,ssp585,baseline,0.0942047536373138,恩施土家族苗族自治州
Hubei,2050,ssp585,baseline,0.0942047536373138,宜昌市
Hubei,2050,ssp585,baseline,0.0942047536373138,襄阳市
Hubei,2050,ssp585,baseline,0.0942047536373138,荆州市
Hubei,2050,ssp585,baseline,0.0942047536373138,黄冈市
Hubei,2050,ssp585,baseline,0.0942047536373138,武汉市
Hubei,2050,ssp585,baseline,0.0942047536373138,咸宁市
Hubei,2050,ssp585,baseline,0.0942047536373138,黄石市
Hubei,2050,ssp585,baseline,0.0942047536373138,随州市
Hubei,2050,ssp585,baseline,0.0942047536373138,神农架林区
Hubei,2030,current,trend,0.206370249390602,鄂州市
Hubei,2030,current,trend,0.206370249390602,荆门市
Hubei,2030,current,trend,0.206370249390602,孝感市
Hubei,2030,current,trend,0.206370249390602,十堰市
Hubei,2030,current,trend,0.206370249390602,天门市
Hubei,2030,current,trend,0.206370249390602,潜江市
Hubei,2030,current,trend,0.206370249390602,仙桃市
Hubei,2030,current,trend,0.206370249390602,恩施土家族苗族自治州
Hubei,2030,current,trend,0.206370249390602,宜昌市
Hubei,2030,current,trend,0.206370249390602,襄阳市
Hubei,2030,current,trend,0.206370249390602,荆州市
Hubei,2030,current,trend,0.206370249390602,黄冈市
Hubei,2030,current,trend,0.206370249390602,武汉市
Hubei,2030,current,trend,0.206370249390602,咸宁市
Hubei,2030,current,trend,0.206370249390602,黄石市
Hubei,2030,current,trend,0.206370249390602,随州市
Hubei,2030,current,trend,0.206370249390602,神农架林区
Hubei,2035,current,trend,0.206952139735222,鄂州市
Hubei,2035,current,trend,0.206952139735222,荆门市
Hubei,2035,current,trend,0.206952139735222,孝感市
Hubei,2035,current,trend,0.206952139735222,十堰市
Hubei,2035,current,trend,0.206952139735222,天门市
Hubei,2035,current,trend,0.206952139735222,潜江市
Hubei,2035,current,trend,0.206952139735222,仙桃市
Hubei,2035,current,trend,0.206952139735222,恩施土家族苗族自治州
Hubei,2035,current,trend,0.206952139735222,宜昌市
Hubei,2035,current,trend,0.206952139735222,襄阳市
Hubei,2035,current,trend,0.206952139735222,荆州市
Hubei,2035,current,trend,0.206952139735222,黄冈市
Hubei,2035,current,trend,0.206952139735222,武汉市
Hubei,2035,current,trend,0.206952139735222,咸宁市
Hubei,2035,current,trend,0.206952139735222,黄石市
Hubei,2035,current,trend,0.206952139735222,随州市
Hubei,2035,current,trend,0.206952139735222,神农架林区
Hubei,2040,current,trend,0.29090017080307,鄂州市
Hubei,2040,current,trend,0.29090017080307,荆门市
Hubei,2040,current,trend,0.29090017080307,孝感市
Hubei,2040,current,trend,0.29090017080307,十堰市
Hubei,2040,current,trend,0.29090017080307,天门市
Hubei,2040,current,trend,0.29090017080307,潜江市
Hubei,2040,current,trend,0.29090017080307,仙桃市
Hubei,2040,current,trend,0.29090017080307,恩施土家族苗族自治州
Hubei,2040,current,trend,0.29090017080307,宜昌市
Hubei,2040,current,trend,0.29090017080307,襄阳市
Hubei,2040,current,trend,0.29090017080307,荆州市
Hubei,2040,current,trend,0.29090017080307,黄冈市
Hubei,2040,current,trend,0.29090017080307,武汉市
Hubei,2040,current,trend,0.29090017080307,咸宁市
Hubei,2040,current,trend,0.29090017080307,黄石市
Hubei,2040,current,trend,0.29090017080307,随州市
Hubei,2040,current,trend,0.29090017080307,神农架林区
Hubei,2045,current,trend,0.279732972383499,鄂州市
Hubei,2045,current,trend,0.279732972383499,荆门市
Hubei,2045,current,trend,0.279732972383499,孝感市
Hubei,2045,current,trend,0.279732972383499,十堰市
Hubei,2045,current,trend,0.279732972383499,天门市
Hubei,2045,current,trend,0.279732972383499,潜江市
Hubei,2045,current,trend,0.279732972383499,仙桃市
Hubei,2045,current,trend,0.279732972383499,恩施土家族苗族自治州
Hubei,2045,current,trend,0.279732972383499,宜昌市
Hubei,2045,current,trend,0.279732972383499,襄阳市
Hubei,2045,current,trend,0.279732972383499,荆州市
Hubei,2045,current,trend,0.279732972383499,黄冈市
Hubei,2045,current,trend,0.279732972383499,武汉市
Hubei,2045,current,trend,0.279732972383499,咸宁市
Hubei,2045,current,trend,0.279732972383499,黄石市
Hubei,2045,current,trend,0.279732972383499,随州市
Hubei,2045,current,trend,0.279732972383499,神农架林区
Hubei,2050,current,trend,0.224947035312653,鄂州市
Hubei,2050,current,trend,0.224947035312653,荆门市
Hubei,2050,current,trend,0.224947035312653,孝感市
Hubei,2050,current,trend,0.224947035312653,十堰市
Hubei,2050,current,trend,0.224947035312653,天门市
Hubei,2050,current,trend,0.224947035312653,潜江市
Hubei,2050,current,trend,0.224947035312653,仙桃市
Hubei,2050,current,trend,0.224947035312653,恩施土家族苗族自治州
Hubei,2050,current,trend,0.224947035312653,宜昌市
Hubei,2050,current,trend,0.224947035312653,襄阳市
Hubei,2050,current,trend,0.224947035312653,荆州市
Hubei,2050,current,trend,0.224947035312653,黄冈市
Hubei,2050,current,trend,0.224947035312653,武汉市
Hubei,2050,current,trend,0.224947035312653,咸宁市
Hubei,2050,current,trend,0.224947035312653,黄石市
Hubei,2050,current,trend,0.224947035312653,随州市
Hubei,2050,current,trend,0.224947035312653,神农架林区
Hubei,2030,ssp245,trend,0.0637583881616592,鄂州市
Hubei,2030,ssp245,trend,0.0637583881616592,荆门市
Hubei,2030,ssp245,trend,0.0637583881616592,孝感市
Hubei,2030,ssp245,trend,0.0637583881616592,十堰市
Hubei,2030,ssp245,trend,0.0637583881616592,天门市
Hubei,2030,ssp245,trend,0.0637583881616592,潜江市
Hubei,2030,ssp245,trend,0.0637583881616592,仙桃市
Hubei,2030,ssp245,trend,0.0637583881616592,恩施土家族苗族自治州
Hubei,2030,ssp245,trend,0.0637583881616592,宜昌市
Hubei,2030,ssp245,trend,0.0637583881616592,襄阳市
Hubei,2030,ssp245,trend,0.0637583881616592,荆州市
Hubei,2030,ssp245,trend,0.0637583881616592,黄冈市
Hubei,2030,ssp245,trend,0.0637583881616592,武汉市
Hubei,2030,ssp245,trend,0.0637583881616592,咸宁市
Hubei,2030,ssp245,trend,0.0637583881616592,黄石市
Hubei,2030,ssp245,trend,0.0637583881616592,随州市
Hubei,2030,ssp245,trend,0.0637583881616592,神农架林区
Hubei,2035,ssp245,trend,0.0948475301265717,鄂州市
Hubei,2035,ssp245,trend,0.0948475301265717,荆门市
Hubei,2035,ssp245,trend,0.0948475301265717,孝感市
Hubei,2035,ssp245,trend,0.0948475301265717,十堰市
Hubei,2035,ssp245,trend,0.0948475301265717,天门市
Hubei,2035,ssp245,trend,0.0948475301265717,潜江市
Hubei,2035,ssp245,trend,0.0948475301265717,仙桃市
Hubei,2035,ssp245,trend,0.0948475301265717,恩施土家族苗族自治州
Hubei,2035,ssp245,trend,0.0948475301265717,宜昌市
Hubei,2035,ssp245,trend,0.0948475301265717,襄阳市
Hubei,2035,ssp245,trend,0.0948475301265717,荆州市
Hubei,2035,ssp245,trend,0.0948475301265717,黄冈市
Hubei,2035,ssp245,trend,0.0948475301265717,武汉市
Hubei,2035,ssp245,trend,0.0948475301265717,咸宁市
Hubei,2035,ssp245,trend,0.0948475301265717,黄石市
Hubei,2035,ssp245,trend,0.0948475301265717,随州市
Hubei,2035,ssp245,trend,0.0948475301265717,神农架林区
Hubei,2040,ssp245,trend,0.0523829497396946,鄂州市
Hubei,2040,ssp245,trend,0.0523829497396946,荆门市
Hubei,2040,ssp245,trend,0.0523829497396946,孝感市
Hubei,2040,ssp245,trend,0.0523829497396946,十堰市
Hubei,2040,ssp245,trend,0.0523829497396946,天门市
Hubei,2040,ssp245,trend,0.0523829497396946,潜江市
Hubei,2040,ssp245,trend,0.0523829497396946,仙桃市
Hubei,2040,ssp245,trend,0.0523829497396946,恩施土家族苗族自治州
Hubei,2040,ssp245,trend,0.0523829497396946,宜昌市
Hubei,2040,ssp245,trend,0.0523829497396946,襄阳市
Hubei,2040,ssp245,trend,0.0523829497396946,荆州市
Hubei,2040,ssp245,trend,0.0523829497396946,黄冈市
Hubei,2040,ssp245,trend,0.0523829497396946,武汉市
Hubei,2040,ssp245,trend,0.0523829497396946,咸宁市
Hubei,2040,ssp245,trend,0.0523829497396946,黄石市
Hubei,2040,ssp245,trend,0.0523829497396946,随州市
Hubei,2040,ssp245,trend,0.0523829497396946,神农架林区
Hubei,2045,ssp245,trend,0.070810504257679,鄂州市
Hubei,2045,ssp245,trend,0.070810504257679,荆门市
Hubei,2045,ssp245,trend,0.070810504257679,孝感市
Hubei,2045,ssp245,trend,0.070810504257679,十堰市
Hubei,2045,ssp245,trend,0.070810504257679,天门市
Hubei,2045,ssp245,trend,0.070810504257679,潜江市
Hubei,2045,ssp245,trend,0.070810504257679,仙桃市
Hubei,2045,ssp245,trend,0.070810504257679,恩施土家族苗族自治州
Hubei,2045,ssp245,trend,0.070810504257679,宜昌市
Hubei,2045,ssp245,trend,0.070810504257679,襄阳市
Hubei,2045,ssp245,trend,0.070810504257679,荆州市
Hubei,2045,ssp245,trend,0.070810504257679,黄冈市
Hubei,2045,ssp245,trend,0.070810504257679,武汉市
Hubei,2045,ssp245,trend,0.070810504257679,咸宁市
Hubei,2045,ssp245,trend,0.070810504257679,黄石市
Hubei,2045,ssp245,trend,0.070810504257679,随州市
Hubei,2045,ssp245,trend,0.070810504257679,神农架林区
Hubei,2050,ssp245,trend,0.161156833171844,鄂州市
Hubei,2050,ssp245,trend,0.161156833171844,荆门市
Hubei,2050,ssp245,trend,0.161156833171844,孝感市
Hubei,2050,ssp245,trend,0.161156833171844,十堰市
Hubei,2050,ssp245,trend,0.161156833171844,天门市
Hubei,2050,ssp245,trend,0.161156833171844,潜江市
Hubei,2050,ssp245,trend,0.161156833171844,仙桃市
Hubei,2050,ssp245,trend,0.161156833171844,恩施土家族苗族自治州
Hubei,2050,ssp245,trend,0.161156833171844,宜昌市
Hubei,2050,ssp245,trend,0.161156833171844,襄阳市
Hubei,2050,ssp245,trend,0.161156833171844,荆州市
Hubei,2050,ssp245,trend,0.161156833171844,黄冈市
Hubei,2050,ssp245,trend,0.161156833171844,武汉市
Hubei,2050,ssp245,trend,0.161156833171844,咸宁市
Hubei,2050,ssp245,trend,0.161156833171844,黄石市
Hubei,2050,ssp245,trend,0.161156833171844,随州市
Hubei,2050,ssp245,trend,0.161156833171844,神农架林区
Hubei,2030,ssp585,trend,0.10898844897747,鄂州市
Hubei,2030,ssp585,trend,0.10898844897747,荆门市
Hubei,2030,ssp585,trend,0.10898844897747,孝感市
Hubei,2030,ssp585,trend,0.10898844897747,十堰市
Hubei,2030,ssp585,trend,0.10898844897747,天门市
Hubei,2030,ssp585,trend,0.10898844897747,潜江市
Hubei,2030,ssp585,trend,0.10898844897747,仙桃市
Hubei,2030,ssp585,trend,0.10898844897747,恩施土家族苗族自治州
Hubei,2030,ssp585,trend,0.10898844897747,宜昌市
Hubei,2030,ssp585,trend,0.10898844897747,襄阳市
Hubei,2030,ssp585,trend,0.10898844897747,荆州市
Hubei,2030,ssp585,trend,0.10898844897747,黄冈市
Hubei,2030,ssp585,trend,0.10898844897747,武汉市
Hubei,2030,ssp585,trend,0.10898844897747,咸宁市
Hubei,2030,ssp585,trend,0.10898844897747,黄石市
Hubei,2030,ssp585,trend,0.10898844897747,随州市
Hubei,2030,ssp585,trend,0.10898844897747,神农架林区
Hubei,2035,ssp585,trend,0.127465218305588,鄂州市
Hubei,2035,ssp585,trend,0.127465218305588,荆门市
Hubei,2035,ssp585,trend,0.127465218305588,孝感市
Hubei,2035,ssp585,trend,0.127465218305588,十堰市
Hubei,2035,ssp585,trend,0.127465218305588,天门市
Hubei,2035,ssp585,trend,0.127465218305588,潜江市
Hubei,2035,ssp585,trend,0.127465218305588,仙桃市
Hubei,2035,ssp585,trend,0.127465218305588,恩施土家族苗族自治州
Hubei,2035,ssp585,trend,0.127465218305588,宜昌市
Hubei,2035,ssp585,trend,0.127465218305588,襄阳市
Hubei,2035,ssp585,trend,0.127465218305588,荆州市
Hubei,2035,ssp585,trend,0.127465218305588,黄冈市
Hubei,2035,ssp585,trend,0.127465218305588,武汉市
Hubei,2035,ssp585,trend,0.127465218305588,咸宁市
Hubei,2035,ssp585,trend,0.127465218305588,黄石市
Hubei,2035,ssp585,trend,0.127465218305588,随州市
Hubei,2035,ssp585,trend,0.127465218305588,神农架林区
Hubei,2040,ssp585,trend,0.111981071531773,鄂州市
Hubei,2040,ssp585,trend,0.111981071531773,荆门市
Hubei,2040,ssp585,trend,0.111981071531773,孝感市
Hubei,2040,ssp585,trend,0.111981071531773,十堰市
Hubei,2040,ssp585,trend,0.111981071531773,天门市
Hubei,2040,ssp585,trend,0.111981071531773,潜江市
Hubei,2040,ssp585,trend,0.111981071531773,仙桃市
Hubei,2040,ssp585,trend,0.111981071531773,恩施土家族苗族自治州
Hubei,2040,ssp585,trend,0.111981071531773,宜昌市
Hubei,2040,ssp585,trend,0.111981071531773,襄阳市
Hubei,2040,ssp585,trend,0.111981071531773,荆州市
Hubei,2040,ssp585,trend,0.111981071531773,黄冈市
Hubei,2040,ssp585,trend,0.111981071531773,武汉市
Hubei,2040,ssp585,trend,0.111981071531773,咸宁市
Hubei,2040,ssp585,trend,0.111981071531773,黄石市
Hubei,2040,ssp585,trend,0.111981071531773,随州市
Hubei,2040,ssp585,trend,0.111981071531773,神农架林区
Hubei,2045,ssp585,trend,0.0798770561814308,鄂州市
Hubei,2045,ssp585,trend,0.0798770561814308,荆门市
Hubei,2045,ssp585,trend,0.0798770561814308,孝感市
Hubei,2045,ssp585,trend,0.0798770561814308,十堰市
Hubei,2045,ssp585,trend,0.0798770561814308,天门市
Hubei,2045,ssp585,trend,0.0798770561814308,潜江市
Hubei,2045,ssp585,trend,0.0798770561814308,仙桃市
Hubei,2045,ssp585,trend,0.0798770561814308,恩施土家族苗族自治州
Hubei,2045,ssp585,trend,0.0798770561814308,宜昌市
Hubei,2045,ssp585,trend,0.0798770561814308,襄阳市
Hubei,2045,ssp585,trend,0.0798770561814308,荆州市
Hubei,2045,ssp585,trend,0.0798770561814308,黄冈市
Hubei,2045,ssp585,trend,0.0798770561814308,武汉市
Hubei,2045,ssp585,trend,0.0798770561814308,咸宁市
Hubei,2045,ssp585,trend,0.0798770561814308,黄石市
Hubei,2045,ssp585,trend,0.0798770561814308,随州市
Hubei,2045,ssp585,trend,0.0798770561814308,神农架林区
Hubei,2050,ssp585,trend,0.0673834159970284,鄂州市
Hubei,2050,ssp585,trend,0.0673834159970284,荆门市
Hubei,2050,ssp585,trend,0.0673834159970284,孝感市
Hubei,2050,ssp585,trend,0.0673834159970284,十堰市
Hubei,2050,ssp585,trend,0.0673834159970284,天门市
Hubei,2050,ssp585,trend,0.0673834159970284,潜江市
Hubei,2050,ssp585,trend,0.0673834159970284,仙桃市
Hubei,2050,ssp585,trend,0.0673834159970284,恩施土家族苗族自治州
Hubei,2050,ssp585,trend,0.0673834159970284,宜昌市
Hubei,2050,ssp585,trend,0.0673834159970284,襄阳市
Hubei,2050,ssp585,trend,0.0673834159970284,荆州市
Hubei,2050,ssp585,trend,0.0673834159970284,黄冈市
Hubei,2050,ssp585,trend,0.0673834159970284,武汉市
Hubei,2050,ssp585,trend,0.0673834159970284,咸宁市
Hubei,2050,ssp585,trend,0.0673834159970284,黄石市
Hubei,2050,ssp585,trend,0.0673834159970284,随州市
Hubei,2050,ssp585,trend,0.0673834159970284,神农架林区
Hubei,2030,current,doubled,0.29090017080307,鄂州市
Hubei,2030,current,doubled,0.29090017080307,荆门市
Hubei,2030,current,doubled,0.29090017080307,孝感市
Hubei,2030,current,doubled,0.29090017080307,十堰市
Hubei,2030,current,doubled,0.29090017080307,天门市
Hubei,2030,current,doubled,0.29090017080307,潜江市
Hubei,2030,current,doubled,0.29090017080307,仙桃市
Hubei,2030,current,doubled,0.29090017080307,恩施土家族苗族自治州
Hubei,2030,current,doubled,0.29090017080307,宜昌市
Hubei,2030,current,doubled,0.29090017080307,襄阳市
Hubei,2030,current,doubled,0.29090017080307,荆州市
Hubei,2030,current,doubled,0.29090017080307,黄冈市
Hubei,2030,current,doubled,0.29090017080307,武汉市
Hubei,2030,current,doubled,0.29090017080307,咸宁市
Hubei,2030,current,doubled,0.29090017080307,黄石市
Hubei,2030,current,doubled,0.29090017080307,随州市
Hubei,2030,current,doubled,0.29090017080307,神农架林区
Hubei,2035,current,doubled,0.29090017080307,鄂州市
Hubei,2035,current,doubled,0.29090017080307,荆门市
Hubei,2035,current,doubled,0.29090017080307,孝感市
Hubei,2035,current,doubled,0.29090017080307,十堰市
Hubei,2035,current,doubled,0.29090017080307,天门市
Hubei,2035,current,doubled,0.29090017080307,潜江市
Hubei,2035,current,doubled,0.29090017080307,仙桃市
Hubei,2035,current,doubled,0.29090017080307,恩施土家族苗族自治州
Hubei,2035,current,doubled,0.29090017080307,宜昌市
Hubei,2035,current,doubled,0.29090017080307,襄阳市
Hubei,2035,current,doubled,0.29090017080307,荆州市
Hubei,2035,current,doubled,0.29090017080307,黄冈市
Hubei,2035,current,doubled,0.29090017080307,武汉市
Hubei,2035,current,doubled,0.29090017080307,咸宁市
Hubei,2035,current,doubled,0.29090017080307,黄石市
Hubei,2035,current,doubled,0.29090017080307,随州市
Hubei,2035,current,doubled,0.29090017080307,神农架林区
Hubei,2040,current,doubled,0.29090017080307,鄂州市
Hubei,2040,current,doubled,0.29090017080307,荆门市
Hubei,2040,current,doubled,0.29090017080307,孝感市
Hubei,2040,current,doubled,0.29090017080307,十堰市
Hubei,2040,current,doubled,0.29090017080307,天门市
Hubei,2040,current,doubled,0.29090017080307,潜江市
Hubei,2040,current,doubled,0.29090017080307,仙桃市
Hubei,2040,current,doubled,0.29090017080307,恩施土家族苗族自治州
Hubei,2040,current,doubled,0.29090017080307,宜昌市
Hubei,2040,current,doubled,0.29090017080307,襄阳市
Hubei,2040,current,doubled,0.29090017080307,荆州市
Hubei,2040,current,doubled,0.29090017080307,黄冈市
Hubei,2040,current,doubled,0.29090017080307,武汉市
Hubei,2040,current,doubled,0.29090017080307,咸宁市
Hubei,2040,current,doubled,0.29090017080307,黄石市
Hubei,2040,current,doubled,0.29090017080307,随州市
Hubei,2040,current,doubled,0.29090017080307,神农架林区
Hubei,2045,current,doubled,0.29090017080307,鄂州市
Hubei,2045,current,doubled,0.29090017080307,荆门市
Hubei,2045,current,doubled,0.29090017080307,孝感市
Hubei,2045,current,doubled,0.29090017080307,十堰市
Hubei,2045,current,doubled,0.29090017080307,天门市
Hubei,2045,current,doubled,0.29090017080307,潜江市
Hubei,2045,current,doubled,0.29090017080307,仙桃市
Hubei,2045,current,doubled,0.29090017080307,恩施土家族苗族自治州
Hubei,2045,current,doubled,0.29090017080307,宜昌市
Hubei,2045,current,doubled,0.29090017080307,襄阳市
Hubei,2045,current,doubled,0.29090017080307,荆州市
Hubei,2045,current,doubled,0.29090017080307,黄冈市
Hubei,2045,current,doubled,0.29090017080307,武汉市
Hubei,2045,current,doubled,0.29090017080307,咸宁市
Hubei,2045,current,doubled,0.29090017080307,黄石市
Hubei,2045,current,doubled,0.29090017080307,随州市
Hubei,2045,current,doubled,0.29090017080307,神农架林区
Hubei,2050,current,doubled,0.29090017080307,鄂州市
Hubei,2050,current,doubled,0.29090017080307,荆门市
Hubei,2050,current,doubled,0.29090017080307,孝感市
Hubei,2050,current,doubled,0.29090017080307,十堰市
Hubei,2050,current,doubled,0.29090017080307,天门市
Hubei,2050,current,doubled,0.29090017080307,潜江市
Hubei,2050,current,doubled,0.29090017080307,仙桃市
Hubei,2050,current,doubled,0.29090017080307,恩施土家族苗族自治州
Hubei,2050,current,doubled,0.29090017080307,宜昌市
Hubei,2050,current,doubled,0.29090017080307,襄阳市
Hubei,2050,current,doubled,0.29090017080307,荆州市
Hubei,2050,current,doubled,0.29090017080307,黄冈市
Hubei,2050,current,doubled,0.29090017080307,武汉市
Hubei,2050,current,doubled,0.29090017080307,咸宁市
Hubei,2050,current,doubled,0.29090017080307,黄石市
Hubei,2050,current,doubled,0.29090017080307,随州市
Hubei,2050,current,doubled,0.29090017080307,神农架林区
Hubei,2030,ssp245,doubled,0.0654824674129486,鄂州市
Hubei,2030,ssp245,doubled,0.0654824674129486,荆门市
Hubei,2030,ssp245,doubled,0.0654824674129486,孝感市
Hubei,2030,ssp245,doubled,0.0654824674129486,十堰市
Hubei,2030,ssp245,doubled,0.0654824674129486,天门市
Hubei,2030,ssp245,doubled,0.0654824674129486,潜江市
Hubei,2030,ssp245,doubled,0.0654824674129486,仙桃市
Hubei,2030,ssp245,doubled,0.0654824674129486,恩施土家族苗族自治州
Hubei,2030,ssp245,doubled,0.0654824674129486,宜昌市
Hubei,2030,ssp245,doubled,0.0654824674129486,襄阳市
Hubei,2030,ssp245,doubled,0.0654824674129486,荆州市
Hubei,2030,ssp245,doubled,0.0654824674129486,黄冈市
Hubei,2030,ssp245,doubled,0.0654824674129486,武汉市
Hubei,2030,ssp245,doubled,0.0654824674129486,咸宁市
Hubei,2030,ssp245,doubled,0.0654824674129486,黄石市
Hubei,2030,ssp245,doubled,0.0654824674129486,随州市
Hubei,2030,ssp245,doubled,0.0654824674129486,神农架林区
Hubei,2035,ssp245,doubled,0.128577560186386,鄂州市
Hubei,2035,ssp245,doubled,0.128577560186386,荆门市
Hubei,2035,ssp245,doubled,0.128577560186386,孝感市
Hubei,2035,ssp245,doubled,0.128577560186386,十堰市
Hubei,2035,ssp245,doubled,0.128577560186386,天门市
Hubei,2035,ssp245,doubled,0.128577560186386,潜江市
Hubei,2035,ssp245,doubled,0.128577560186386,仙桃市
Hubei,2035,ssp245,doubled,0.128577560186386,恩施土家族苗族自治州
Hubei,2035,ssp245,doubled,0.128577560186386,宜昌市
Hubei,2035,ssp245,doubled,0.128577560186386,襄阳市
Hubei,2035,ssp245,doubled,0.128577560186386,荆州市
Hubei,2035,ssp245,doubled,0.128577560186386,黄冈市
Hubei,2035,ssp245,doubled,0.128577560186386,武汉市
Hubei,2035,ssp245,doubled,0.128577560186386,咸宁市
Hubei,2035,ssp245,doubled,0.128577560186386,黄石市
Hubei,2035,ssp245,doubled,0.128577560186386,随州市
Hubei,2035,ssp245,doubled,0.128577560186386,神农架林区
Hubei,2040,ssp245,doubled,0.0523829497396946,鄂州市
Hubei,2040,ssp245,doubled,0.0523829497396946,荆门市
Hubei,2040,ssp245,doubled,0.0523829497396946,孝感市
Hubei,2040,ssp245,doubled,0.0523829497396946,十堰市
Hubei,2040,ssp245,doubled,0.0523829497396946,天门市
Hubei,2040,ssp245,doubled,0.0523829497396946,潜江市
Hubei,2040,ssp245,doubled,0.0523829497396946,仙桃市
Hubei,2040,ssp245,doubled,0.0523829497396946,恩施土家族苗族自治州
Hubei,2040,ssp245,doubled,0.0523829497396946,宜昌市
Hubei,2040,ssp245,doubled,0.0523829497396946,襄阳市
Hubei,2040,ssp245,doubled,0.0523829497396946,荆州市
Hubei,2040,ssp245,doubled,0.0523829497396946,黄冈市
Hubei,2040,ssp245,doubled,0.0523829497396946,武汉市
Hubei,2040,ssp245,doubled,0.0523829497396946,咸宁市
Hubei,2040,ssp245,doubled,0.0523829497396946,黄石市
Hubei,2040,ssp245,doubled,0.0523829497396946,随州市
Hubei,2040,ssp245,doubled,0.0523829497396946,神农架林区
Hubei,2045,ssp245,doubled,0.101681724190712,鄂州市
Hubei,2045,ssp245,doubled,0.101681724190712,荆门市
Hubei,2045,ssp245,doubled,0.101681724190712,孝感市
Hubei,2045,ssp245,doubled,0.101681724190712,十堰市
Hubei,2045,ssp245,doubled,0.101681724190712,天门市
Hubei,2045,ssp245,doubled,0.101681724190712,潜江市
Hubei,2045,ssp245,doubled,0.101681724190712,仙桃市
Hubei,2045,ssp245,doubled,0.101681724190712,恩施土家族苗族自治州
Hubei,2045,ssp245,doubled,0.101681724190712,宜昌市
Hubei,2045,ssp245,doubled,0.101681724190712,襄阳市
Hubei,2045,ssp245,doubled,0.101681724190712,荆州市
Hubei,2045,ssp245,doubled,0.101681724190712,黄冈市
Hubei,2045,ssp245,doubled,0.101681724190712,武汉市
Hubei,2045,ssp245,doubled,0.101681724190712,咸宁市
Hubei,2045,ssp245,doubled,0.101681724190712,黄石市
Hubei,2045,ssp245,doubled,0.101681724190712,随州市
Hubei,2045,ssp245,doubled,0.101681724190712,神农架林区
Hubei,2050,ssp245,doubled,0.116991177201271,鄂州市
Hubei,2050,ssp245,doubled,0.116991177201271,荆门市
Hubei,2050,ssp245,doubled,0.116991177201271,孝感市
Hubei,2050,ssp245,doubled,0.116991177201271,十堰市
Hubei,2050,ssp245,doubled,0.116991177201271,天门市
Hubei,2050,ssp245,doubled,0.116991177201271,潜江市
Hubei,2050,ssp245,doubled,0.116991177201271,仙桃市
Hubei,2050,ssp245,doubled,0.116991177201271,恩施土家族苗族自治州
Hubei,2050,ssp245,doubled,0.116991177201271,宜昌市
Hubei,2050,ssp245,doubled,0.116991177201271,襄阳市
Hubei,2050,ssp245,doubled,0.116991177201271,荆州市
Hubei,2050,ssp245,doubled,0.116991177201271,黄冈市
Hubei,2050,ssp245,doubled,0.116991177201271,武汉市
Hubei,2050,ssp245,doubled,0.116991177201271,咸宁市
Hubei,2050,ssp245,doubled,0.116991177201271,黄石市
Hubei,2050,ssp245,doubled,0.116991177201271,随州市
Hubei,2050,ssp245,doubled,0.116991177201271,神农架林区
Hubei,2030,ssp585,doubled,0.0523829497396946,鄂州市
Hubei,2030,ssp585,doubled,0.0523829497396946,荆门市
Hubei,2030,ssp585,doubled,0.0523829497396946,孝感市
Hubei,2030,ssp585,doubled,0.0523829497396946,十堰市
Hubei,2030,ssp585,doubled,0.0523829497396946,天门市
Hubei,2030,ssp585,doubled,0.0523829497396946,潜江市
Hubei,2030,ssp585,doubled,0.0523829497396946,仙桃市
Hubei,2030,ssp585,doubled,0.0523829497396946,恩施土家族苗族自治州
Hubei,2030,ssp585,doubled,0.0523829497396946,宜昌市
Hubei,2030,ssp585,doubled,0.0523829497396946,襄阳市
Hubei,2030,ssp585,doubled,0.0523829497396946,荆州市
Hubei,2030,ssp585,doubled,0.0523829497396946,黄冈市
Hubei,2030,ssp585,doubled,0.0523829497396946,武汉市
Hubei,2030,ssp585,doubled,0.0523829497396946,咸宁市
Hubei,2030,ssp585,doubled,0.0523829497396946,黄石市
Hubei,2030,ssp585,doubled,0.0523829497396946,随州市
Hubei,2030,ssp585,doubled,0.0523829497396946,神农架林区
Hubei,2035,ssp585,doubled,0.129666417837143,鄂州市
Hubei,2035,ssp585,doubled,0.129666417837143,荆门市
Hubei,2035,ssp585,doubled,0.129666417837143,孝感市
Hubei,2035,ssp585,doubled,0.129666417837143,十堰市
Hubei,2035,ssp585,doubled,0.129666417837143,天门市
Hubei,2035,ssp585,doubled,0.129666417837143,潜江市
Hubei,2035,ssp585,doubled,0.129666417837143,仙桃市
Hubei,2035,ssp585,doubled,0.129666417837143,恩施土家族苗族自治州
Hubei,2035,ssp585,doubled,0.129666417837143,宜昌市
Hubei,2035,ssp585,doubled,0.129666417837143,襄阳市
Hubei,2035,ssp585,doubled,0.129666417837143,荆州市
Hubei,2035,ssp585,doubled,0.129666417837143,黄冈市
Hubei,2035,ssp585,doubled,0.129666417837143,武汉市
Hubei,2035,ssp585,doubled,0.129666417837143,咸宁市
Hubei,2035,ssp585,doubled,0.129666417837143,黄石市
Hubei,2035,ssp585,doubled,0.129666417837143,随州市
Hubei,2035,ssp585,doubled,0.129666417837143,神农架林区
Hubei,2040,ssp585,doubled,0.106653586030006,鄂州市
Hubei,2040,ssp585,doubled,0.106653586030006,荆门市
Hubei,2040,ssp585,doubled,0.106653586030006,孝感市
Hubei,2040,ssp585,doubled,0.106653586030006,十堰市
Hubei,2040,ssp585,doubled,0.106653586030006,天门市
Hubei,2040,ssp585,doubled,0.106653586030006,潜江市
Hubei,2040,ssp585,doubled,0.106653586030006,仙桃市
Hubei,2040,ssp585,doubled,0.106653586030006,恩施土家族苗族自治州
Hubei,2040,ssp585,doubled,0.106653586030006,宜昌市
Hubei,2040,ssp585,doubled,0.106653586030006,襄阳市
Hubei,2040,ssp585,doubled,0.106653586030006,荆州市
Hubei,2040,ssp585,doubled,0.106653586030006,黄冈市
Hubei,2040,ssp585,doubled,0.106653586030006,武汉市
Hubei,2040,ssp585,doubled,0.106653586030006,咸宁市
Hubei,2040,ssp585,doubled,0.106653586030006,黄石市
Hubei,2040,ssp585,doubled,0.106653586030006,随州市
Hubei,2040,ssp585,doubled,0.106653586030006,神农架林区
Hubei,2045,ssp585,doubled,0.0814504101872444,鄂州市
Hubei,2045,ssp585,doubled,0.0814504101872444,荆门市
Hubei,2045,ssp585,doubled,0.0814504101872444,孝感市
Hubei,2045,ssp585,doubled,0.0814504101872444,十堰市
Hubei,2045,ssp585,doubled,0.0814504101872444,天门市
Hubei,2045,ssp585,doubled,0.0814504101872444,潜江市
Hubei,2045,ssp585,doubled,0.0814504101872444,仙桃市
Hubei,2045,ssp585,doubled,0.0814504101872444,恩施土家族苗族自治州
Hubei,2045,ssp585,doubled,0.0814504101872444,宜昌市
Hubei,2045,ssp585,doubled,0.0814504101872444,襄阳市
Hubei,2045,ssp585,doubled,0.0814504101872444,荆州市
Hubei,2045,ssp585,doubled,0.0814504101872444,黄冈市
Hubei,2045,ssp585,doubled,0.0814504101872444,武汉市
Hubei,2045,ssp585,doubled,0.0814504101872444,咸宁市
Hubei,2045,ssp585,doubled,0.0814504101872444,黄石市
Hubei,2045,ssp585,doubled,0.0814504101872444,随州市
Hubei,2045,ssp585,doubled,0.0814504101872444,神农架林区
Hubei,2050,ssp585,doubled,0.0739898160099983,鄂州市
Hubei,2050,ssp585,doubled,0.0739898160099983,荆门市
Hubei,2050,ssp585,doubled,0.0739898160099983,孝感市
Hubei,2050,ssp585,doubled,0.0739898160099983,十堰市
Hubei,2050,ssp585,doubled,0.0739898160099983,天门市
Hubei,2050,ssp585,doubled,0.0739898160099983,潜江市
Hubei,2050,ssp585,doubled,0.0739898160099983,仙桃市
Hubei,2050,ssp585,doubled,0.0739898160099983,恩施土家族苗族自治州
Hubei,2050,ssp585,doubled,0.0739898160099983,宜昌市
Hubei,2050,ssp585,doubled,0.0739898160099983,襄阳市
Hubei,2050,ssp585,doubled,0.0739898160099983,荆州市
Hubei,2050,ssp585,doubled,0.0739898160099983,黄冈市
Hubei,2050,ssp585,doubled,0.0739898160099983,武汉市
Hubei,2050,ssp585,doubled,0.0739898160099983,咸宁市
Hubei,2050,ssp585,doubled,0.0739898160099983,黄石市
Hubei,2050,ssp585,doubled,0.0739898160099983,随州市
Hubei,2050,ssp585,doubled,0.0739898160099983,神农架林区
Hunan,2030,current,baseline,0.316921949386597,邵阳市
Hunan,2030,current,baseline,0.316921949386597,岳阳市
Hunan,2030,current,baseline,0.316921949386597,常德市
Hunan,2030,current,baseline,0.316921949386597,张家界市
Hunan,2030,current,baseline,0.316921949386597,怀化市
Hunan,2030,current,baseline,0.316921949386597,长沙市
Hunan,2030,current,baseline,0.316921949386597,娄底市
Hunan,2030,current,baseline,0.316921949386597,株洲市
Hunan,2030,current,baseline,0.316921949386597,湘潭市
Hunan,2030,current,baseline,0.316921949386597,衡阳市
Hunan,2030,current,baseline,0.316921949386597,湘西土家族苗族自治州
Hunan,2030,current,baseline,0.316921949386597,郴州市
Hunan,2030,current,baseline,0.316921949386597,永州市
Hunan,2030,current,baseline,0.316921949386597,益阳市
Hunan,2035,current,baseline,0.316921949386597,邵阳市
Hunan,2035,current,baseline,0.316921949386597,岳阳市
Hunan,2035,current,baseline,0.316921949386597,常德市
Hunan,2035,current,baseline,0.316921949386597,张家界市
Hunan,2035,current,baseline,0.316921949386597,怀化市
Hunan,2035,current,baseline,0.316921949386597,长沙市
Hunan,2035,current,baseline,0.316921949386597,娄底市
Hunan,2035,current,baseline,0.316921949386597,株洲市
Hunan,2035,current,baseline,0.316921949386597,湘潭市
Hunan,2035,current,baseline,0.316921949386597,衡阳市
Hunan,2035,current,baseline,0.316921949386597,湘西土家族苗族自治州
Hunan,2035,current,baseline,0.316921949386597,郴州市
Hunan,2035,current,baseline,0.316921949386597,永州市
Hunan,2035,current,baseline,0.316921949386597,益阳市
Hunan,2040,current,baseline,0.316921949386597,邵阳市
Hunan,2040,current,baseline,0.316921949386597,岳阳市
Hunan,2040,current,baseline,0.316921949386597,常德市
Hunan,2040,current,baseline,0.316921949386597,张家界市
Hunan,2040,current,baseline,0.316921949386597,怀化市
Hunan,2040,current,baseline,0.316921949386597,长沙市
Hunan,2040,current,baseline,0.316921949386597,娄底市
Hunan,2040,current,baseline,0.316921949386597,株洲市
Hunan,2040,current,baseline,0.316921949386597,湘潭市
Hunan,2040,current,baseline,0.316921949386597,衡阳市
Hunan,2040,current,baseline,0.316921949386597,湘西土家族苗族自治州
Hunan,2040,current,baseline,0.316921949386597,郴州市
Hunan,2040,current,baseline,0.316921949386597,永州市
Hunan,2040,current,baseline,0.316921949386597,益阳市
Hunan,2045,current,baseline,0.316921949386597,邵阳市
Hunan,2045,current,baseline,0.316921949386597,岳阳市
Hunan,2045,current,baseline,0.316921949386597,常德市
Hunan,2045,current,baseline,0.316921949386597,张家界市
Hunan,2045,current,baseline,0.316921949386597,怀化市
Hunan,2045,current,baseline,0.316921949386597,长沙市
Hunan,2045,current,baseline,0.316921949386597,娄底市
Hunan,2045,current,baseline,0.316921949386597,株洲市
Hunan,2045,current,baseline,0.316921949386597,湘潭市
Hunan,2045,current,baseline,0.316921949386597,衡阳市
Hunan,2045,current,baseline,0.316921949386597,湘西土家族苗族自治州
Hunan,2045,current,baseline,0.316921949386597,郴州市
Hunan,2045,current,baseline,0.316921949386597,永州市
Hunan,2045,current,baseline,0.316921949386597,益阳市
Hunan,2050,current,baseline,0.316921949386597,邵阳市
Hunan,2050,current,baseline,0.316921949386597,岳阳市
Hunan,2050,current,baseline,0.316921949386597,常德市
Hunan,2050,current,baseline,0.316921949386597,张家界市
Hunan,2050,current,baseline,0.316921949386597,怀化市
Hunan,2050,current,baseline,0.316921949386597,长沙市
Hunan,2050,current,baseline,0.316921949386597,娄底市
Hunan,2050,current,baseline,0.316921949386597,株洲市
Hunan,2050,current,baseline,0.316921949386597,湘潭市
Hunan,2050,current,baseline,0.316921949386597,衡阳市
Hunan,2050,current,baseline,0.316921949386597,湘西土家族苗族自治州
Hunan,2050,current,baseline,0.316921949386597,郴州市
Hunan,2050,current,baseline,0.316921949386597,永州市
Hunan,2050,current,baseline,0.316921949386597,益阳市
Hunan,2030,ssp245,baseline,0.0865861773490906,邵阳市
Hunan,2030,ssp245,baseline,0.0865861773490906,岳阳市
Hunan,2030,ssp245,baseline,0.0865861773490906,常德市
Hunan,2030,ssp245,baseline,0.0865861773490906,张家界市
Hunan,2030,ssp245,baseline,0.0865861773490906,怀化市
Hunan,2030,ssp245,baseline,0.0865861773490906,长沙市
Hunan,2030,ssp245,baseline,0.0865861773490906,娄底市
Hunan,2030,ssp245,baseline,0.0865861773490906,株洲市
Hunan,2030,ssp245,baseline,0.0865861773490906,湘潭市
Hunan,2030,ssp245,baseline,0.0865861773490906,衡阳市
Hunan,2030,ssp245,baseline,0.0865861773490906,湘西土家族苗族自治州
Hunan,2030,ssp245,baseline,0.0865861773490906,郴州市
Hunan,2030,ssp245,baseline,0.0865861773490906,永州市
Hunan,2030,ssp245,baseline,0.0865861773490906,益阳市
Hunan,2035,ssp245,baseline,0.110329978168011,邵阳市
Hunan,2035,ssp245,baseline,0.110329978168011,岳阳市
Hunan,2035,ssp245,baseline,0.110329978168011,常德市
Hunan,2035,ssp245,baseline,0.110329978168011,张家界市
Hunan,2035,ssp245,baseline,0.110329978168011,怀化市
Hunan,2035,ssp245,baseline,0.110329978168011,长沙市
Hunan,2035,ssp245,baseline,0.110329978168011,娄底市
Hunan,2035,ssp245,baseline,0.110329978168011,株洲市
Hunan,2035,ssp245,baseline,0.110329978168011,湘潭市
Hunan,2035,ssp245,baseline,0.110329978168011,衡阳市
Hunan,2035,ssp245,baseline,0.110329978168011,湘西土家族苗族自治州
Hunan,2035,ssp245,baseline,0.110329978168011,郴州市
Hunan,2035,ssp245,baseline,0.110329978168011,永州市
Hunan,2035,ssp245,baseline,0.110329978168011,益阳市
Hunan,2040,ssp245,baseline,0.0899395495653153,邵阳市
Hunan,2040,ssp245,baseline,0.0899395495653153,岳阳市
Hunan,2040,ssp245,baseline,0.0899395495653153,常德市
Hunan,2040,ssp245,baseline,0.0899395495653153,张家界市
Hunan,2040,ssp245,baseline,0.0899395495653153,怀化市
Hunan,2040,ssp245,baseline,0.0899395495653153,长沙市
Hunan,2040,ssp245,baseline,0.0899395495653153,娄底市
Hunan,2040,ssp245,baseline,0.0899395495653153,株洲市
Hunan,2040,ssp245,baseline,0.0899395495653153,湘潭市
Hunan,2040,ssp245,baseline,0.0899395495653153,衡阳市
Hunan,2040,ssp245,baseline,0.0899395495653153,湘西土家族苗族自治州
Hunan,2040,ssp245,baseline,0.0899395495653153,郴州市
Hunan,2040,ssp245,baseline,0.0899395495653153,永州市
Hunan,2040,ssp245,baseline,0.0899395495653153,益阳市
Hunan,2045,ssp245,baseline,0.131504461169243,邵阳市
Hunan,2045,ssp245,baseline,0.131504461169243,岳阳市
Hunan,2045,ssp245,baseline,0.131504461169243,常德市
Hunan,2045,ssp245,baseline,0.131504461169243,张家界市
Hunan,2045,ssp245,baseline,0.131504461169243,怀化市
Hunan,2045,ssp245,baseline,0.131504461169243,长沙市
Hunan,2045,ssp245,baseline,0.131504461169243,娄底市
Hunan,2045,ssp245,baseline,0.131504461169243,株洲市
Hunan,2045,ssp245,baseline,0.131504461169243,湘潭市
Hunan,2045,ssp245,baseline,0.131504461169243,衡阳市
Hunan,2045,ssp245,baseline,0.131504461169243,湘西土家族苗族自治州
Hunan,2045,ssp245,baseline,0.131504461169243,郴州市
Hunan,2045,ssp245,baseline,0.131504461169243,永州市
Hunan,2045,ssp245,baseline,0.131504461169243,益阳市
Hunan,2050,ssp245,baseline,0.345081567764282,邵阳市
Hunan,2050,ssp245,baseline,0.345081567764282,岳阳市
Hunan,2050,ssp245,baseline,0.345081567764282,常德市
Hunan,2050,ssp245,baseline,0.345081567764282,张家界市
Hunan,2050,ssp245,baseline,0.345081567764282,怀化市
Hunan,2050,ssp245,baseline,0.345081567764282,长沙市
Hunan,2050,ssp245,baseline,0.345081567764282,娄底市
Hunan,2050,ssp245,baseline,0.345081567764282,株洲市
Hunan,2050,ssp245,baseline,0.345081567764282,湘潭市
Hunan,2050,ssp245,baseline,0.345081567764282,衡阳市
Hunan,2050,ssp245,baseline,0.345081567764282,湘西土家族苗族自治州
Hunan,2050,ssp245,baseline,0.345081567764282,郴州市
Hunan,2050,ssp245,baseline,0.345081567764282,永州市
Hunan,2050,ssp245,baseline,0.345081567764282,益阳市
Hunan,2030,ssp585,baseline,0.0899395495653153,邵阳市
Hunan,2030,ssp585,baseline,0.0899395495653153,岳阳市
Hunan,2030,ssp585,baseline,0.0899395495653153,常德市
Hunan,2030,ssp585,baseline,0.0899395495653153,张家界市
Hunan,2030,ssp585,baseline,0.0899395495653153,怀化市
Hunan,2030,ssp585,baseline,0.0899395495653153,长沙市
Hunan,2030,ssp585,baseline,0.0899395495653153,娄底市
Hunan,2030,ssp585,baseline,0.0899395495653153,株洲市
Hunan,2030,ssp585,baseline,0.0899395495653153,湘潭市
Hunan,2030,ssp585,baseline,0.0899395495653153,衡阳市
Hunan,2030,ssp585,baseline,0.0899395495653153,湘西土家族苗族自治州
Hunan,2030,ssp585,baseline,0.0899395495653153,郴州市
Hunan,2030,ssp585,baseline,0.0899395495653153,永州市
Hunan,2030,ssp585,baseline,0.0899395495653153,益阳市
Hunan,2035,ssp585,baseline,0.140517994761467,邵阳市
Hunan,2035,ssp585,baseline,0.140517994761467,岳阳市
Hunan,2035,ssp585,baseline,0.140517994761467,常德市
Hunan,2035,ssp585,baseline,0.140517994761467,张家界市
Hunan,2035,ssp585,baseline,0.140517994761467,怀化市
Hunan,2035,ssp585,baseline,0.140517994761467,长沙市
Hunan,2035,ssp585,baseline,0.140517994761467,娄底市
Hunan,2035,ssp585,baseline,0.140517994761467,株洲市
Hunan,2035,ssp585,baseline,0.140517994761467,湘潭市
Hunan,2035,ssp585,baseline,0.140517994761467,衡阳市
Hunan,2035,ssp585,baseline,0.140517994761467,湘西土家族苗族自治州
Hunan,2035,ssp585,baseline,0.140517994761467,郴州市
Hunan,2035,ssp585,baseline,0.140517994761467,永州市
Hunan,2035,ssp585,baseline,0.140517994761467,益阳市
Hunan,2040,ssp585,baseline,0.0663937628269196,邵阳市
Hunan,2040,ssp585,baseline,0.0663937628269196,岳阳市
Hunan,2040,ssp585,baseline,0.0663937628269196,常德市
Hunan,2040,ssp585,baseline,0.0663937628269196,张家界市
Hunan,2040,ssp585,baseline,0.0663937628269196,怀化市
Hunan,2040,ssp585,baseline,0.0663937628269196,长沙市
Hunan,2040,ssp585,baseline,0.0663937628269196,娄底市
Hunan,2040,ssp585,baseline,0.0663937628269196,株洲市
Hunan,2040,ssp585,baseline,0.0663937628269196,湘潭市
Hunan,2040,ssp585,baseline,0.0663937628269196,衡阳市
Hunan,2040,ssp585,baseline,0.0663937628269196,湘西土家族苗族自治州
Hunan,2040,ssp585,baseline,0.0663937628269196,郴州市
Hunan,2040,ssp585,baseline,0.0663937628269196,永州市
Hunan,2040,ssp585,baseline,0.0663937628269196,益阳市
Hunan,2045,ssp585,baseline,0.0745519623160362,邵阳市
Hunan,2045,ssp585,baseline,0.0745519623160362,岳阳市
Hunan,2045,ssp585,baseline,0.0745519623160362,常德市
Hunan,2045,ssp585,baseline,0.0745519623160362,张家界市
Hunan,2045,ssp585,baseline,0.0745519623160362,怀化市
Hunan,2045,ssp585,baseline,0.0745519623160362,长沙市
Hunan,2045,ssp585,baseline,0.0745519623160362,娄底市
Hunan,2045,ssp585,baseline,0.0745519623160362,株洲市
Hunan,2045,ssp585,baseline,0.0745519623160362,湘潭市
Hunan,2045,ssp585,baseline,0.0745519623160362,衡阳市
Hunan,2045,ssp585,baseline,0.0745519623160362,湘西土家族苗族自治州
Hunan,2045,ssp585,baseline,0.0745519623160362,郴州市
Hunan,2045,ssp585,baseline,0.0745519623160362,永州市
Hunan,2045,ssp585,baseline,0.0745519623160362,益阳市
Hunan,2050,ssp585,baseline,0.0972331985831261,邵阳市
Hunan,2050,ssp585,baseline,0.0972331985831261,岳阳市
Hunan,2050,ssp585,baseline,0.0972331985831261,常德市
Hunan,2050,ssp585,baseline,0.0972331985831261,张家界市
Hunan,2050,ssp585,baseline,0.0972331985831261,怀化市
Hunan,2050,ssp585,baseline,0.0972331985831261,长沙市
Hunan,2050,ssp585,baseline,0.0972331985831261,娄底市
Hunan,2050,ssp585,baseline,0.0972331985831261,株洲市
Hunan,2050,ssp585,baseline,0.0972331985831261,湘潭市
Hunan,2050,ssp585,baseline,0.0972331985831261,衡阳市
Hunan,2050,ssp585,baseline,0.0972331985831261,湘西土家族苗族自治州
Hunan,2050,ssp585,baseline,0.0972331985831261,郴州市
Hunan,2050,ssp585,baseline,0.0972331985831261,永州市
Hunan,2050,ssp585,baseline,0.0972331985831261,益阳市
Hunan,2030,current,trend,0.242708563804626,邵阳市
Hunan,2030,current,trend,0.242708563804626,岳阳市
Hunan,2030,current,trend,0.242708563804626,常德市
Hunan,2030,current,trend,0.242708563804626,张家界市
Hunan,2030,current,trend,0.242708563804626,怀化市
Hunan,2030,current,trend,0.242708563804626,长沙市
Hunan,2030,current,trend,0.242708563804626,娄底市
Hunan,2030,current,trend,0.242708563804626,株洲市
Hunan,2030,current,trend,0.242708563804626,湘潭市
Hunan,2030,current,trend,0.242708563804626,衡阳市
Hunan,2030,current,trend,0.242708563804626,湘西土家族苗族自治州
Hunan,2030,current,trend,0.242708563804626,郴州市
Hunan,2030,current,trend,0.242708563804626,永州市
Hunan,2030,current,trend,0.242708563804626,益阳市
Hunan,2035,current,trend,0.205125153064728,邵阳市
Hunan,2035,current,trend,0.205125153064728,岳阳市
Hunan,2035,current,trend,0.205125153064728,常德市
Hunan,2035,current,trend,0.205125153064728,张家界市
Hunan,2035,current,trend,0.205125153064728,怀化市
Hunan,2035,current,trend,0.205125153064728,长沙市
Hunan,2035,current,trend,0.205125153064728,娄底市
Hunan,2035,current,trend,0.205125153064728,株洲市
Hunan,2035,current,trend,0.205125153064728,湘潭市
Hunan,2035,current,trend,0.205125153064728,衡阳市
Hunan,2035,current,trend,0.205125153064728,湘西土家族苗族自治州
Hunan,2035,current,trend,0.205125153064728,郴州市
Hunan,2035,current,trend,0.205125153064728,永州市
Hunan,2035,current,trend,0.205125153064728,益阳市
Hunan,2040,current,trend,0.206952139735222,邵阳市
Hunan,2040,current,trend,0.206952139735222,岳阳市
Hunan,2040,current,trend,0.206952139735222,常德市
Hunan,2040,current,trend,0.206952139735222,张家界市
Hunan,2040,current,trend,0.206952139735222,怀化市
Hunan,2040,current,trend,0.206952139735222,长沙市
Hunan,2040,current,trend,0.206952139735222,娄底市
Hunan,2040,current,trend,0.206952139735222,株洲市
Hunan,2040,current,trend,0.206952139735222,湘潭市
Hunan,2040,current,trend,0.206952139735222,衡阳市
Hunan,2040,current,trend,0.206952139735222,湘西土家族苗族自治州
Hunan,2040,current,trend,0.206952139735222,郴州市
Hunan,2040,current,trend,0.206952139735222,永州市
Hunan,2040,current,trend,0.206952139735222,益阳市
Hunan,2045,current,trend,0.29090017080307,邵阳市
Hunan,2045,current,trend,0.29090017080307,岳阳市
Hunan,2045,current,trend,0.29090017080307,常德市
Hunan,2045,current,trend,0.29090017080307,张家界市
Hunan,2045,current,trend,0.29090017080307,怀化市
Hunan,2045,current,trend,0.29090017080307,长沙市
Hunan,2045,current,trend,0.29090017080307,娄底市
Hunan,2045,current,trend,0.29090017080307,株洲市
Hunan,2045,current,trend,0.29090017080307,湘潭市
Hunan,2045,current,trend,0.29090017080307,衡阳市
Hunan,2045,current,trend,0.29090017080307,湘西土家族苗族自治州
Hunan,2045,current,trend,0.29090017080307,郴州市
Hunan,2045,current,trend,0.29090017080307,永州市
Hunan,2045,current,trend,0.29090017080307,益阳市
Hunan,2050,current,trend,0.279732972383499,邵阳市
Hunan,2050,current,trend,0.279732972383499,岳阳市
Hunan,2050,current,trend,0.279732972383499,常德市
Hunan,2050,current,trend,0.279732972383499,张家界市
Hunan,2050,current,trend,0.279732972383499,怀化市
Hunan,2050,current,trend,0.279732972383499,长沙市
Hunan,2050,current,trend,0.279732972383499,娄底市
Hunan,2050,current,trend,0.279732972383499,株洲市
Hunan,2050,current,trend,0.279732972383499,湘潭市
Hunan,2050,current,trend,0.279732972383499,衡阳市
Hunan,2050,current,trend,0.279732972383499,湘西土家族苗族自治州
Hunan,2050,current,trend,0.279732972383499,郴州市
Hunan,2050,current,trend,0.279732972383499,永州市
Hunan,2050,current,trend,0.279732972383499,益阳市
Hunan,2030,ssp245,trend,0.0482372082769871,邵阳市
Hunan,2030,ssp245,trend,0.0482372082769871,岳阳市
Hunan,2030,ssp245,trend,0.0482372082769871,常德市
Hunan,2030,ssp245,trend,0.0482372082769871,张家界市
Hunan,2030,ssp245,trend,0.0482372082769871,怀化市
Hunan,2030,ssp245,trend,0.0482372082769871,长沙市
Hunan,2030,ssp245,trend,0.0482372082769871,娄底市
Hunan,2030,ssp245,trend,0.0482372082769871,株洲市
Hunan,2030,ssp245,trend,0.0482372082769871,湘潭市
Hunan,2030,ssp245,trend,0.0482372082769871,衡阳市
Hunan,2030,ssp245,trend,0.0482372082769871,湘西土家族苗族自治州
Hunan,2030,ssp245,trend,0.0482372082769871,郴州市
Hunan,2030,ssp245,trend,0.0482372082769871,永州市
Hunan,2030,ssp245,trend,0.0482372082769871,益阳市
Hunan,2035,ssp245,trend,0.134383618831635,邵阳市
Hunan,2035,ssp245,trend,0.134383618831635,岳阳市
Hunan,2035,ssp245,trend,0.134383618831635,常德市
Hunan,2035,ssp245,trend,0.134383618831635,张家界市
Hunan,2035,ssp245,trend,0.134383618831635,怀化市
Hunan,2035,ssp245,trend,0.134383618831635,长沙市
Hunan,2035,ssp245,trend,0.134383618831635,娄底市
Hunan,2035,ssp245,trend,0.134383618831635,株洲市
Hunan,2035,ssp245,trend,0.134383618831635,湘潭市
Hunan,2035,ssp245,trend,0.134383618831635,衡阳市
Hunan,2035,ssp245,trend,0.134383618831635,湘西土家族苗族自治州
Hunan,2035,ssp245,trend,0.134383618831635,郴州市
Hunan,2035,ssp245,trend,0.134383618831635,永州市
Hunan,2035,ssp245,trend,0.134383618831635,益阳市
Hunan,2040,ssp245,trend,0.0455839820206165,邵阳市
Hunan,2040,ssp245,trend,0.0455839820206165,岳阳市
Hunan,2040,ssp245,trend,0.0455839820206165,常德市
Hunan,2040,ssp245,trend,0.0455839820206165,张家界市
Hunan,2040,ssp245,trend,0.0455839820206165,怀化市
Hunan,2040,ssp245,trend,0.0455839820206165,长沙市
Hunan,2040,ssp245,trend,0.0455839820206165,娄底市
Hunan,2040,ssp245,trend,0.0455839820206165,株洲市
Hunan,2040,ssp245,trend,0.0455839820206165,湘潭市
Hunan,2040,ssp245,trend,0.0455839820206165,衡阳市
Hunan,2040,ssp245,trend,0.0455839820206165,湘西土家族苗族自治州
Hunan,2040,ssp245,trend,0.0455839820206165,郴州市
Hunan,2040,ssp245,trend,0.0455839820206165,永州市
Hunan,2040,ssp245,trend,0.0455839820206165,益阳市
Hunan,2045,ssp245,trend,0.101681724190712,邵阳市
Hunan,2045,ssp245,trend,0.101681724190712,岳阳市
Hunan,2045,ssp245,trend,0.101681724190712,常德市
Hunan,2045,ssp245,trend,0.101681724190712,张家界市
Hunan,2045,ssp245,trend,0.101681724190712,怀化市
Hunan,2045,ssp245,trend,0.101681724190712,长沙市
Hunan,2045,ssp245,trend,0.101681724190712,娄底市
Hunan,2045,ssp245,trend,0.101681724190712,株洲市
Hunan,2045,ssp245,trend,0.101681724190712,湘潭市
Hunan,2045,ssp245,trend,0.101681724190712,衡阳市
Hunan,2045,ssp245,trend,0.101681724190712,湘西土家族苗族自治州
Hunan,2045,ssp245,trend,0.101681724190712,郴州市
Hunan,2045,ssp245,trend,0.101681724190712,永州市
Hunan,2045,ssp245,trend,0.101681724190712,益阳市
Hunan,2050,ssp245,trend,0.138082414865494,邵阳市
Hunan,2050,ssp245,trend,0.138082414865494,岳阳市
Hunan,2050,ssp245,trend,0.138082414865494,常德市
Hunan,2050,ssp245,trend,0.138082414865494,张家界市
Hunan,2050,ssp245,trend,0.138082414865494,怀化市
Hunan,2050,ssp245,trend,0.138082414865494,长沙市
Hunan,2050,ssp245,trend,0.138082414865494,娄底市
Hunan,2050,ssp245,trend,0.138082414865494,株洲市
Hunan,2050,ssp245,trend,0.138082414865494,湘潭市
Hunan,2050,ssp245,trend,0.138082414865494,衡阳市
Hunan,2050,ssp245,trend,0.138082414865494,湘西土家族苗族自治州
Hunan,2050,ssp245,trend,0.138082414865494,郴州市
Hunan,2050,ssp245,trend,0.138082414865494,永州市
Hunan,2050,ssp245,trend,0.138082414865494,益阳市
Hunan,2030,ssp585,trend,0.040069717913866,邵阳市
Hunan,2030,ssp585,trend,0.040069717913866,岳阳市
Hunan,2030,ssp585,trend,0.040069717913866,常德市
Hunan,2030,ssp585,trend,0.040069717913866,张家界市
Hunan,2030,ssp585,trend,0.040069717913866,怀化市
Hunan,2030,ssp585,trend,0.040069717913866,长沙市
Hunan,2030,ssp585,trend,0.040069717913866,娄底市
Hunan,2030,ssp585,trend,0.040069717913866,株洲市
Hunan,2030,ssp585,trend,0.040069717913866,湘潭市
Hunan,2030,ssp585,trend,0.040069717913866,衡阳市
Hunan,2030,ssp585,trend,0.040069717913866,湘西土家族苗族自治州
Hunan,2030,ssp585,trend,0.040069717913866,郴州市
Hunan,2030,ssp585,trend,0.040069717913866,永州市
Hunan,2030,ssp585,trend,0.040069717913866,益阳市
Hunan,2035,ssp585,trend,0.125496551394463,邵阳市
Hunan,2035,ssp585,trend,0.125496551394463,岳阳市
Hunan,2035,ssp585,trend,0.125496551394463,常德市
Hunan,2035,ssp585,trend,0.125496551394463,张家界市
Hunan,2035,ssp585,trend,0.125496551394463,怀化市
Hunan,2035,ssp585,trend,0.125496551394463,长沙市
Hunan,2035,ssp585,trend,0.125496551394463,娄底市
Hunan,2035,ssp585,trend,0.125496551394463,株洲市
Hunan,2035,ssp585,trend,0.125496551394463,湘潭市
Hunan,2035,ssp585,trend,0.125496551394463,衡阳市
Hunan,2035,ssp585,trend,0.125496551394463,湘西土家族苗族自治州
Hunan,2035,ssp585,trend,0.125496551394463,郴州市
Hunan,2035,ssp585,trend,0.125496551394463,永州市
Hunan,2035,ssp585,trend,0.125496551394463,益阳市
Hunan,2040,ssp585,trend,0.0814507454633713,邵阳市
Hunan,2040,ssp585,trend,0.0814507454633713,岳阳市
Hunan,2040,ssp585,trend,0.0814507454633713,常德市
Hunan,2040,ssp585,trend,0.0814507454633713,张家界市
Hunan,2040,ssp585,trend,0.0814507454633713,怀化市
Hunan,2040,ssp585,trend,0.0814507454633713,长沙市
Hunan,2040,ssp585,trend,0.0814507454633713,娄底市
Hunan,2040,ssp585,trend,0.0814507454633713,株洲市
Hunan,2040,ssp585,trend,0.0814507454633713,湘潭市
Hunan,2040,ssp585,trend,0.0814507454633713,衡阳市
Hunan,2040,ssp585,trend,0.0814507454633713,湘西土家族苗族自治州
Hunan,2040,ssp585,trend,0.0814507454633713,郴州市
Hunan,2040,ssp585,trend,0.0814507454633713,永州市
Hunan,2040,ssp585,trend,0.0814507454633713,益阳市
Hunan,2045,ssp585,trend,0.0724841728806496,邵阳市
Hunan,2045,ssp585,trend,0.0724841728806496,岳阳市
Hunan,2045,ssp585,trend,0.0724841728806496,常德市
Hunan,2045,ssp585,trend,0.0724841728806496,张家界市
Hunan,2045,ssp585,trend,0.0724841728806496,怀化市
Hunan,2045,ssp585,trend,0.0724841728806496,长沙市
Hunan,2045,ssp585,trend,0.0724841728806496,娄底市
Hunan,2045,ssp585,trend,0.0724841728806496,株洲市
Hunan,2045,ssp585,trend,0.0724841728806496,湘潭市
Hunan,2045,ssp585,trend,0.0724841728806496,衡阳市
Hunan,2045,ssp585,trend,0.0724841728806496,湘西土家族苗族自治州
Hunan,2045,ssp585,trend,0.0724841728806496,郴州市
Hunan,2045,ssp585,trend,0.0724841728806496,永州市
Hunan,2045,ssp585,trend,0.0724841728806496,益阳市
Hunan,2050,ssp585,trend,0.0694858431816101,邵阳市
Hunan,2050,ssp585,trend,0.0694858431816101,岳阳市
Hunan,2050,ssp585,trend,0.0694858431816101,常德市
Hunan,2050,ssp585,trend,0.0694858431816101,张家界市
Hunan,2050,ssp585,trend,0.0694858431816101,怀化市
Hunan,2050,ssp585,trend,0.0694858431816101,长沙市
Hunan,2050,ssp585,trend,0.0694858431816101,娄底市
Hunan,2050,ssp585,trend,0.0694858431816101,株洲市
Hunan,2050,ssp585,trend,0.0694858431816101,湘潭市
Hunan,2050,ssp585,trend,0.0694858431816101,衡阳市
Hunan,2050,ssp585,trend,0.0694858431816101,湘西土家族苗族自治州
Hunan,2050,ssp585,trend,0.0694858431816101,郴州市
Hunan,2050,ssp585,trend,0.0694858431816101,永州市
Hunan,2050,ssp585,trend,0.0694858431816101,益阳市
Hunan,2030,current,doubled,0.207467883825302,邵阳市
Hunan,2030,current,doubled,0.207467883825302,岳阳市
Hunan,2030,current,doubled,0.207467883825302,常德市
Hunan,2030,current,doubled,0.207467883825302,张家界市
Hunan,2030,current,doubled,0.207467883825302,怀化市
Hunan,2030,current,doubled,0.207467883825302,长沙市
Hunan,2030,current,doubled,0.207467883825302,娄底市
Hunan,2030,current,doubled,0.207467883825302,株洲市
Hunan,2030,current,doubled,0.207467883825302,湘潭市
Hunan,2030,current,doubled,0.207467883825302,衡阳市
Hunan,2030,current,doubled,0.207467883825302,湘西土家族苗族自治州
Hunan,2030,current,doubled,0.207467883825302,郴州市
Hunan,2030,current,doubled,0.207467883825302,永州市
Hunan,2030,current,doubled,0.207467883825302,益阳市
Hunan,2035,current,doubled,0.207467883825302,邵阳市
Hunan,2035,current,doubled,0.207467883825302,岳阳市
Hunan,2035,current,doubled,0.207467883825302,常德市
Hunan,2035,current,doubled,0.207467883825302,张家界市
Hunan,2035,current,doubled,0.207467883825302,怀化市
Hunan,2035,current,doubled,0.207467883825302,长沙市
Hunan,2035,current,doubled,0.207467883825302,娄底市
Hunan,2035,current,doubled,0.207467883825302,株洲市
Hunan,2035,current,doubled,0.207467883825302,湘潭市
Hunan,2035,current,doubled,0.207467883825302,衡阳市
Hunan,2035,current,doubled,0.207467883825302,湘西土家族苗族自治州
Hunan,2035,current,doubled,0.207467883825302,郴州市
Hunan,2035,current,doubled,0.207467883825302,永州市
Hunan,2035,current,doubled,0.207467883825302,益阳市
Hunan,2040,current,doubled,0.207467883825302,邵阳市
Hunan,2040,current,doubled,0.207467883825302,岳阳市
Hunan,2040,current,doubled,0.207467883825302,常德市
Hunan,2040,current,doubled,0.207467883825302,张家界市
Hunan,2040,current,doubled,0.207467883825302,怀化市
Hunan,2040,current,doubled,0.207467883825302,长沙市
Hunan,2040,current,doubled,0.207467883825302,娄底市
Hunan,2040,current,doubled,0.207467883825302,株洲市
Hunan,2040,current,doubled,0.207467883825302,湘潭市
Hunan,2040,current,doubled,0.207467883825302,衡阳市
Hunan,2040,current,doubled,0.207467883825302,湘西土家族苗族自治州
Hunan,2040,current,doubled,0.207467883825302,郴州市
Hunan,2040,current,doubled,0.207467883825302,永州市
Hunan,2040,current,doubled,0.207467883825302,益阳市
Hunan,2045,current,doubled,0.207467883825302,邵阳市
Hunan,2045,current,doubled,0.207467883825302,岳阳市
Hunan,2045,current,doubled,0.207467883825302,常德市
Hunan,2045,current,doubled,0.207467883825302,张家界市
Hunan,2045,current,doubled,0.207467883825302,怀化市
Hunan,2045,current,doubled,0.207467883825302,长沙市
Hunan,2045,current,doubled,0.207467883825302,娄底市
Hunan,2045,current,doubled,0.207467883825302,株洲市
Hunan,2045,current,doubled,0.207467883825302,湘潭市
Hunan,2045,current,doubled,0.207467883825302,衡阳市
Hunan,2045,current,doubled,0.207467883825302,湘西土家族苗族自治州
Hunan,2045,current,doubled,0.207467883825302,郴州市
Hunan,2045,current,doubled,0.207467883825302,永州市
Hunan,2045,current,doubled,0.207467883825302,益阳市
Hunan,2050,current,doubled,0.207467883825302,邵阳市
Hunan,2050,current,doubled,0.207467883825302,岳阳市
Hunan,2050,current,doubled,0.207467883825302,常德市
Hunan,2050,current,doubled,0.207467883825302,张家界市
Hunan,2050,current,doubled,0.207467883825302,怀化市
Hunan,2050,current,doubled,0.207467883825302,长沙市
Hunan,2050,current,doubled,0.207467883825302,娄底市
Hunan,2050,current,doubled,0.207467883825302,株洲市
Hunan,2050,current,doubled,0.207467883825302,湘潭市
Hunan,2050,current,doubled,0.207467883825302,衡阳市
Hunan,2050,current,doubled,0.207467883825302,湘西土家族苗族自治州
Hunan,2050,current,doubled,0.207467883825302,郴州市
Hunan,2050,current,doubled,0.207467883825302,永州市
Hunan,2050,current,doubled,0.207467883825302,益阳市
Hunan,2030,ssp245,doubled,0.0841209068894386,邵阳市
Hunan,2030,ssp245,doubled,0.0841209068894386,岳阳市
Hunan,2030,ssp245,doubled,0.0841209068894386,常德市
Hunan,2030,ssp245,doubled,0.0841209068894386,张家界市
Hunan,2030,ssp245,doubled,0.0841209068894386,怀化市
Hunan,2030,ssp245,doubled,0.0841209068894386,长沙市
Hunan,2030,ssp245,doubled,0.0841209068894386,娄底市
Hunan,2030,ssp245,doubled,0.0841209068894386,株洲市
Hunan,2030,ssp245,doubled,0.0841209068894386,湘潭市
Hunan,2030,ssp245,doubled,0.0841209068894386,衡阳市
Hunan,2030,ssp245,doubled,0.0841209068894386,湘西土家族苗族自治州
Hunan,2030,ssp245,doubled,0.0841209068894386,郴州市
Hunan,2030,ssp245,doubled,0.0841209068894386,永州市
Hunan,2030,ssp245,doubled,0.0841209068894386,益阳市
Hunan,2035,ssp245,doubled,0.0661379471421242,邵阳市
Hunan,2035,ssp245,doubled,0.0661379471421242,岳阳市
Hunan,2035,ssp245,doubled,0.0661379471421242,常德市
Hunan,2035,ssp245,doubled,0.0661379471421242,张家界市
Hunan,2035,ssp245,doubled,0.0661379471421242,怀化市
Hunan,2035,ssp245,doubled,0.0661379471421242,长沙市
Hunan,2035,ssp245,doubled,0.0661379471421242,娄底市
Hunan,2035,ssp245,doubled,0.0661379471421242,株洲市
Hunan,2035,ssp245,doubled,0.0661379471421242,湘潭市
Hunan,2035,ssp245,doubled,0.0661379471421242,衡阳市
Hunan,2035,ssp245,doubled,0.0661379471421242,湘西土家族苗族自治州
Hunan,2035,ssp245,doubled,0.0661379471421242,郴州市
Hunan,2035,ssp245,doubled,0.0661379471421242,永州市
Hunan,2035,ssp245,doubled,0.0661379471421242,益阳市
Hunan,2040,ssp245,doubled,0.0431419871747494,邵阳市
Hunan,2040,ssp245,doubled,0.0431419871747494,岳阳市
Hunan,2040,ssp245,doubled,0.0431419871747494,常德市
Hunan,2040,ssp245,doubled,0.0431419871747494,张家界市
Hunan,2040,ssp245,doubled,0.0431419871747494,怀化市
Hunan,2040,ssp245,doubled,0.0431419871747494,长沙市
Hunan,2040,ssp245,doubled,0.0431419871747494,娄底市
Hunan,2040,ssp245,doubled,0.0431419871747494,株洲市
Hunan,2040,ssp245,doubled,0.0431419871747494,湘潭市
Hunan,2040,ssp245,doubled,0.0431419871747494,衡阳市
Hunan,2040,ssp245,doubled,0.0431419871747494,湘西土家族苗族自治州
Hunan,2040,ssp245,doubled,0.0431419871747494,郴州市
Hunan,2040,ssp245,doubled,0.0431419871747494,永州市
Hunan,2040,ssp245,doubled,0.0431419871747494,益阳市
Hunan,2045,ssp245,doubled,0.109690636396408,邵阳市
Hunan,2045,ssp245,doubled,0.109690636396408,岳阳市
Hunan,2045,ssp245,doubled,0.109690636396408,常德市
Hunan,2045,ssp245,doubled,0.109690636396408,张家界市
Hunan,2045,ssp245,doubled,0.109690636396408,怀化市
Hunan,2045,ssp245,doubled,0.109690636396408,长沙市
Hunan,2045,ssp245,doubled,0.109690636396408,娄底市
Hunan,2045,ssp245,doubled,0.109690636396408,株洲市
Hunan,2045,ssp245,doubled,0.109690636396408,湘潭市
Hunan,2045,ssp245,doubled,0.109690636396408,衡阳市
Hunan,2045,ssp245,doubled,0.109690636396408,湘西土家族苗族自治州
Hunan,2045,ssp245,doubled,0.109690636396408,郴州市
Hunan,2045,ssp245,doubled,0.109690636396408,永州市
Hunan,2045,ssp245,doubled,0.109690636396408,益阳市
Hunan,2050,ssp245,doubled,0.116038948297501,邵阳市
Hunan,2050,ssp245,doubled,0.116038948297501,岳阳市
Hunan,2050,ssp245,doubled,0.116038948297501,常德市
Hunan,2050,ssp245,doubled,0.116038948297501,张家界市
Hunan,2050,ssp245,doubled,0.116038948297501,怀化市
Hunan,2050,ssp245,doubled,0.116038948297501,长沙市
Hunan,2050,ssp245,doubled,0.116038948297501,娄底市
Hunan,2050,ssp245,doubled,0.116038948297501,株洲市
Hunan,2050,ssp245,doubled,0.116038948297501,湘潭市
Hunan,2050,ssp245,doubled,0.116038948297501,衡阳市
Hunan,2050,ssp245,doubled,0.116038948297501,湘西土家族苗族自治州
Hunan,2050,ssp245,doubled,0.116038948297501,郴州市
Hunan,2050,ssp245,doubled,0.116038948297501,永州市
Hunan,2050,ssp245,doubled,0.116038948297501,益阳市
Hunan,2030,ssp585,doubled,0.0431419871747494,邵阳市
Hunan,2030,ssp585,doubled,0.0431419871747494,岳阳市
Hunan,2030,ssp585,doubled,0.0431419871747494,常德市
Hunan,2030,ssp585,doubled,0.0431419871747494,张家界市
Hunan,2030,ssp585,doubled,0.0431419871747494,怀化市
Hunan,2030,ssp585,doubled,0.0431419871747494,长沙市
Hunan,2030,ssp585,doubled,0.0431419871747494,娄底市
Hunan,2030,ssp585,doubled,0.0431419871747494,株洲市
Hunan,2030,ssp585,doubled,0.0431419871747494,湘潭市
Hunan,2030,ssp585,doubled,0.0431419871747494,衡阳市
Hunan,2030,ssp585,doubled,0.0431419871747494,湘西土家族苗族自治州
Hunan,2030,ssp585,doubled,0.0431419871747494,郴州市
Hunan,2030,ssp585,doubled,0.0431419871747494,永州市
Hunan,2030,ssp585,doubled,0.0431419871747494,益阳市
Hunan,2035,ssp585,doubled,0.114513568580151,邵阳市
Hunan,2035,ssp585,doubled,0.114513568580151,岳阳市
Hunan,2035,ssp585,doubled,0.114513568580151,常德市
Hunan,2035,ssp585,doubled,0.114513568580151,张家界市
Hunan,2035,ssp585,doubled,0.114513568580151,怀化市
Hunan,2035,ssp585,doubled,0.114513568580151,长沙市
Hunan,2035,ssp585,doubled,0.114513568580151,娄底市
Hunan,2035,ssp585,doubled,0.114513568580151,株洲市
Hunan,2035,ssp585,doubled,0.114513568580151,湘潭市
Hunan,2035,ssp585,doubled,0.114513568580151,衡阳市
Hunan,2035,ssp585,doubled,0.114513568580151,湘西土家族苗族自治州
Hunan,2035,ssp585,doubled,0.114513568580151,郴州市
Hunan,2035,ssp585,doubled,0.114513568580151,永州市
Hunan,2035,ssp585,doubled,0.114513568580151,益阳市
Hunan,2040,ssp585,doubled,0.106454752385616,邵阳市
Hunan,2040,ssp585,doubled,0.106454752385616,岳阳市
Hunan,2040,ssp585,doubled,0.106454752385616,常德市
Hunan,2040,ssp585,doubled,0.106454752385616,张家界市
Hunan,2040,ssp585,doubled,0.106454752385616,怀化市
Hunan,2040,ssp585,doubled,0.106454752385616,长沙市
Hunan,2040,ssp585,doubled,0.106454752385616,娄底市
Hunan,2040,ssp585,doubled,0.106454752385616,株洲市
Hunan,2040,ssp585,doubled,0.106454752385616,湘潭市
Hunan,2040,ssp585,doubled,0.106454752385616,衡阳市
Hunan,2040,ssp585,doubled,0.106454752385616,湘西土家族苗族自治州
Hunan,2040,ssp585,doubled,0.106454752385616,郴州市
Hunan,2040,ssp585,doubled,0.106454752385616,永州市
Hunan,2040,ssp585,doubled,0.106454752385616,益阳市
Hunan,2045,ssp585,doubled,0.0687560960650444,邵阳市
Hunan,2045,ssp585,doubled,0.0687560960650444,岳阳市
Hunan,2045,ssp585,doubled,0.0687560960650444,常德市
Hunan,2045,ssp585,doubled,0.0687560960650444,张家界市
Hunan,2045,ssp585,doubled,0.0687560960650444,怀化市
Hunan,2045,ssp585,doubled,0.0687560960650444,长沙市
Hunan,2045,ssp585,doubled,0.0687560960650444,娄底市
Hunan,2045,ssp585,doubled,0.0687560960650444,株洲市
Hunan,2045,ssp585,doubled,0.0687560960650444,湘潭市
Hunan,2045,ssp585,doubled,0.0687560960650444,衡阳市
Hunan,2045,ssp585,doubled,0.0687560960650444,湘西土家族苗族自治州
Hunan,2045,ssp585,doubled,0.0687560960650444,郴州市
Hunan,2045,ssp585,doubled,0.0687560960650444,永州市
Hunan,2045,ssp585,doubled,0.0687560960650444,益阳市
Hunan,2050,ssp585,doubled,0.0701901465654373,邵阳市
Hunan,2050,ssp585,doubled,0.0701901465654373,岳阳市
Hunan,2050,ssp585,doubled,0.0701901465654373,常德市
Hunan,2050,ssp585,doubled,0.0701901465654373,张家界市
Hunan,2050,ssp585,doubled,0.0701901465654373,怀化市
Hunan,2050,ssp585,doubled,0.0701901465654373,长沙市
Hunan,2050,ssp585,doubled,0.0701901465654373,娄底市
Hunan,2050,ssp585,doubled,0.0701901465654373,株洲市
Hunan,2050,ssp585,doubled,0.0701901465654373,湘潭市
Hunan,2050,ssp585,doubled,0.0701901465654373,衡阳市
Hunan,2050,ssp585,doubled,0.0701901465654373,湘西土家族苗族自治州
Hunan,2050,ssp585,doubled,0.0701901465654373,郴州市
Hunan,2050,ssp585,doubled,0.0701901465654373,永州市
Hunan,2050,ssp585,doubled,0.0701901465654373,益阳市
Inner Mongolia,2030,current,baseline,0.310695886611939,兴安盟
Inner Mongolia,2030,current,baseline,0.310695886611939,呼和浩特市
Inner Mongolia,2030,current,baseline,0.310695886611939,包头市
Inner Mongolia,2030,current,baseline,0.310695886611939,锡林郭勒盟
Inner Mongolia,2030,current,baseline,0.310695886611939,乌海市
Inner Mongolia,2030,current,baseline,0.310695886611939,赤峰市
Inner Mongolia,2030,current,baseline,0.310695886611939,通辽市
Inner Mongolia,2030,current,baseline,0.310695886611939,鄂尔多斯市
Inner Mongolia,2030,current,baseline,0.310695886611939,阿拉善盟
Inner Mongolia,2030,current,baseline,0.310695886611939,呼伦贝尔市
Inner Mongolia,2030,current,baseline,0.310695886611939,巴彦淖尔市
Inner Mongolia,2030,current,baseline,0.310695886611939,乌兰察布市
Inner Mongolia,2035,current,baseline,0.310695886611939,兴安盟
Inner Mongolia,2035,current,baseline,0.310695886611939,呼和浩特市
Inner Mongolia,2035,current,baseline,0.310695886611939,包头市
Inner Mongolia,2035,current,baseline,0.310695886611939,锡林郭勒盟
Inner Mongolia,2035,current,baseline,0.310695886611939,乌海市
Inner Mongolia,2035,current,baseline,0.310695886611939,赤峰市
Inner Mongolia,2035,current,baseline,0.310695886611939,通辽市
Inner Mongolia,2035,current,baseline,0.310695886611939,鄂尔多斯市
Inner Mongolia,2035,current,baseline,0.310695886611939,阿拉善盟
Inner Mongolia,2035,current,baseline,0.310695886611939,呼伦贝尔市
Inner Mongolia,2035,current,baseline,0.310695886611939,巴彦淖尔市
Inner Mongolia,2035,current,baseline,0.310695886611939,乌兰察布市
Inner Mongolia,2040,current,baseline,0.310695886611939,兴安盟
Inner Mongolia,2040,current,baseline,0.310695886611939,呼和浩特市
Inner Mongolia,2040,current,baseline,0.310695886611939,包头市
Inner Mongolia,2040,current,baseline,0.310695886611939,锡林郭勒盟
Inner Mongolia,2040,current,baseline,0.310695886611939,乌海市
Inner Mongolia,2040,current,baseline,0.310695886611939,赤峰市
Inner Mongolia,2040,current,baseline,0.310695886611939,通辽市
Inner Mongolia,2040,current,baseline,0.310695886611939,鄂尔多斯市
Inner Mongolia,2040,current,baseline,0.310695886611939,阿拉善盟
Inner Mongolia,2040,current,baseline,0.310695886611939,呼伦贝尔市
Inner Mongolia,2040,current,baseline,0.310695886611939,巴彦淖尔市
Inner Mongolia,2040,current,baseline,0.310695886611939,乌兰察布市
Inner Mongolia,2045,current,baseline,0.310695886611939,兴安盟
Inner Mongolia,2045,current,baseline,0.310695886611939,呼和浩特市
Inner Mongolia,2045,current,baseline,0.310695886611939,包头市
Inner Mongolia,2045,current,baseline,0.310695886611939,锡林郭勒盟
Inner Mongolia,2045,current,baseline,0.310695886611939,乌海市
Inner Mongolia,2045,current,baseline,0.310695886611939,赤峰市
Inner Mongolia,2045,current,baseline,0.310695886611939,通辽市
Inner Mongolia,2045,current,baseline,0.310695886611939,鄂尔多斯市
Inner Mongolia,2045,current,baseline,0.310695886611939,阿拉善盟
Inner Mongolia,2045,current,baseline,0.310695886611939,呼伦贝尔市
Inner Mongolia,2045,current,baseline,0.310695886611939,巴彦淖尔市
Inner Mongolia,2045,current,baseline,0.310695886611939,乌兰察布市
Inner Mongolia,2050,current,baseline,0.310695886611939,兴安盟
Inner Mongolia,2050,current,baseline,0.310695886611939,呼和浩特市
Inner Mongolia,2050,current,baseline,0.310695886611939,包头市
Inner Mongolia,2050,current,baseline,0.310695886611939,锡林郭勒盟
Inner Mongolia,2050,current,baseline,0.310695886611939,乌海市
Inner Mongolia,2050,current,baseline,0.310695886611939,赤峰市
Inner Mongolia,2050,current,baseline,0.310695886611939,通辽市
Inner Mongolia,2050,current,baseline,0.310695886611939,鄂尔多斯市
Inner Mongolia,2050,current,baseline,0.310695886611939,阿拉善盟
Inner Mongolia,2050,current,baseline,0.310695886611939,呼伦贝尔市
Inner Mongolia,2050,current,baseline,0.310695886611939,巴彦淖尔市
Inner Mongolia,2050,current,baseline,0.310695886611939,乌兰察布市
Inner Mongolia,2030,ssp245,baseline,0.159059524536133,兴安盟
Inner Mongolia,2030,ssp245,baseline,0.159059524536133,呼和浩特市
Inner Mongolia,2030,ssp245,baseline,0.159059524536133,包头市
Inner Mongolia,2030,ssp245,baseline,0.159059524536133,锡林郭勒盟
Inner Mongolia,2030,ssp245,baseline,0.159059524536133,乌海市
Inner Mongolia,2030,ssp245,baseline,0.159059524536133,赤峰市
Inner Mongolia,2030,ssp245,baseline,0.159059524536133,通辽市
Inner Mongolia,2030,ssp245,baseline,0.159059524536133,鄂尔多斯市
Inner Mongolia,2030,ssp245,baseline,0.159059524536133,阿拉善盟
Inner Mongolia,2030,ssp245,baseline,0.159059524536133,呼伦贝尔市
Inner Mongolia,2030,ssp245,baseline,0.159059524536133,巴彦淖尔市
Inner Mongolia,2030,ssp245,baseline,0.159059524536133,乌兰察布市
Inner Mongolia,2035,ssp245,baseline,0.0654956847429276,兴安盟
Inner Mongolia,2035,ssp245,baseline,0.0654956847429276,呼和浩特市
Inner Mongolia,2035,ssp245,baseline,0.0654956847429276,包头市
Inner Mongolia,2035,ssp245,baseline,0.0654956847429276,锡林郭勒盟
Inner Mongolia,2035,ssp245,baseline,0.0654956847429276,乌海市
Inner Mongolia,2035,ssp245,baseline,0.0654956847429276,赤峰市
Inner Mongolia,2035,ssp245,baseline,0.0654956847429276,通辽市
Inner Mongolia,2035,ssp245,baseline,0.0654956847429276,鄂尔多斯市
Inner Mongolia,2035,ssp245,baseline,0.0654956847429276,阿拉善盟
Inner Mongolia,2035,ssp245,baseline,0.0654956847429276,呼伦贝尔市
Inner Mongolia,2035,ssp245,baseline,0.0654956847429276,巴彦淖尔市
Inner Mongolia,2035,ssp245,baseline,0.0654956847429276,乌兰察布市
Inner Mongolia,2040,ssp245,baseline,0.0290124285966158,兴安盟
Inner Mongolia,2040,ssp245,baseline,0.0290124285966158,呼和浩特市
Inner Mongolia,2040,ssp245,baseline,0.0290124285966158,包头市
Inner Mongolia,2040,ssp245,baseline,0.0290124285966158,锡林郭勒盟
Inner Mongolia,2040,ssp245,baseline,0.0290124285966158,乌海市
Inner Mongolia,2040,ssp245,baseline,0.0290124285966158,赤峰市
Inner Mongolia,2040,ssp245,baseline,0.0290124285966158,通辽市
Inner Mongolia,2040,ssp245,baseline,0.0290124285966158,鄂尔多斯市
Inner Mongolia,2040,ssp245,baseline,0.0290124285966158,阿拉善盟
Inner Mongolia,2040,ssp245,baseline,0.0290124285966158,呼伦贝尔市
Inner Mongolia,2040,ssp245,baseline,0.0290124285966158,巴彦淖尔市
Inner Mongolia,2040,ssp245,baseline,0.0290124285966158,乌兰察布市
Inner Mongolia,2045,ssp245,baseline,0.137214198708534,兴安盟
Inner Mongolia,2045,ssp245,baseline,0.137214198708534,呼和浩特市
Inner Mongolia,2045,ssp245,baseline,0.137214198708534,包头市
Inner Mongolia,2045,ssp245,baseline,0.137214198708534,锡林郭勒盟
Inner Mongolia,2045,ssp245,baseline,0.137214198708534,乌海市
Inner Mongolia,2045,ssp245,baseline,0.137214198708534,赤峰市
Inner Mongolia,2045,ssp245,baseline,0.137214198708534,通辽市
Inner Mongolia,2045,ssp245,baseline,0.137214198708534,鄂尔多斯市
Inner Mongolia,2045,ssp245,baseline,0.137214198708534,阿拉善盟
Inner Mongolia,2045,ssp245,baseline,0.137214198708534,呼伦贝尔市
Inner Mongolia,2045,ssp245,baseline,0.137214198708534,巴彦淖尔市
Inner Mongolia,2045,ssp245,baseline,0.137214198708534,乌兰察布市
Inner Mongolia,2050,ssp245,baseline,0.156362786889076,兴安盟
Inner Mongolia,2050,ssp245,baseline,0.156362786889076,呼和浩特市
Inner Mongolia,2050,ssp245,baseline,0.156362786889076,包头市
Inner Mongolia,2050,ssp245,baseline,0.156362786889076,锡林郭勒盟
Inner Mongolia,2050,ssp245,baseline,0.156362786889076,乌海市
Inner Mongolia,2050,ssp245,baseline,0.156362786889076,赤峰市
Inner Mongolia,2050,ssp245,baseline,0.156362786889076,通辽市
Inner Mongolia,2050,ssp245,baseline,0.156362786889076,鄂尔多斯市
Inner Mongolia,2050,ssp245,baseline,0.156362786889076,阿拉善盟
Inner Mongolia,2050,ssp245,baseline,0.156362786889076,呼伦贝尔市
Inner Mongolia,2050,ssp245,baseline,0.156362786889076,巴彦淖尔市
Inner Mongolia,2050,ssp245,baseline,0.156362786889076,乌兰察布市
Inner Mongolia,2030,ssp585,baseline,0.0290124285966158,兴安盟
Inner Mongolia,2030,ssp585,baseline,0.0290124285966158,呼和浩特市
Inner Mongolia,2030,ssp585,baseline,0.0290124285966158,包头市
Inner Mongolia,2030,ssp585,baseline,0.0290124285966158,锡林郭勒盟
Inner Mongolia,2030,ssp585,baseline,0.0290124285966158,乌海市
Inner Mongolia,2030,ssp585,baseline,0.0290124285966158,赤峰市
Inner Mongolia,2030,ssp585,baseline,0.0290124285966158,通辽市
Inner Mongolia,2030,ssp585,baseline,0.0290124285966158,鄂尔多斯市
Inner Mongolia,2030,ssp585,baseline,0.0290124285966158,阿拉善盟
Inner Mongolia,2030,ssp585,baseline,0.0290124285966158,呼伦贝尔市
Inner Mongolia,2030,ssp585,baseline,0.0290124285966158,巴彦淖尔市
Inner Mongolia,2030,ssp585,baseline,0.0290124285966158,乌兰察布市
Inner Mongolia,2035,ssp585,baseline,0.173571020364761,兴安盟
Inner Mongolia,2035,ssp585,baseline,0.173571020364761,呼和浩特市
Inner Mongolia,2035,ssp585,baseline,0.173571020364761,包头市
Inner Mongolia,2035,ssp585,baseline,0.173571020364761,锡林郭勒盟
Inner Mongolia,2035,ssp585,baseline,0.173571020364761,乌海市
Inner Mongolia,2035,ssp585,baseline,0.173571020364761,赤峰市
Inner Mongolia,2035,ssp585,baseline,0.173571020364761,通辽市
Inner Mongolia,2035,ssp585,baseline,0.173571020364761,鄂尔多斯市
Inner Mongolia,2035,ssp585,baseline,0.173571020364761,阿拉善盟
Inner Mongolia,2035,ssp585,baseline,0.173571020364761,呼伦贝尔市
Inner Mongolia,2035,ssp585,baseline,0.173571020364761,巴彦淖尔市
Inner Mongolia,2035,ssp585,baseline,0.173571020364761,乌兰察布市
Inner Mongolia,2040,ssp585,baseline,0.070703849196434,兴安盟
Inner Mongolia,2040,ssp585,baseline,0.070703849196434,呼和浩特市
Inner Mongolia,2040,ssp585,baseline,0.070703849196434,包头市
Inner Mongolia,2040,ssp585,baseline,0.070703849196434,锡林郭勒盟
Inner Mongolia,2040,ssp585,baseline,0.070703849196434,乌海市
Inner Mongolia,2040,ssp585,baseline,0.070703849196434,赤峰市
Inner Mongolia,2040,ssp585,baseline,0.070703849196434,通辽市
Inner Mongolia,2040,ssp585,baseline,0.070703849196434,鄂尔多斯市
Inner Mongolia,2040,ssp585,baseline,0.070703849196434,阿拉善盟
Inner Mongolia,2040,ssp585,baseline,0.070703849196434,呼伦贝尔市
Inner Mongolia,2040,ssp585,baseline,0.070703849196434,巴彦淖尔市
Inner Mongolia,2040,ssp585,baseline,0.070703849196434,乌兰察布市
Inner Mongolia,2045,ssp585,baseline,0.0855913460254669,兴安盟
Inner Mongolia,2045,ssp585,baseline,0.0855913460254669,呼和浩特市
Inner Mongolia,2045,ssp585,baseline,0.0855913460254669,包头市
Inner Mongolia,2045,ssp585,baseline,0.0855913460254669,锡林郭勒盟
Inner Mongolia,2045,ssp585,baseline,0.0855913460254669,乌海市
Inner Mongolia,2045,ssp585,baseline,0.0855913460254669,赤峰市
Inner Mongolia,2045,ssp585,baseline,0.0855913460254669,通辽市
Inner Mongolia,2045,ssp585,baseline,0.0855913460254669,鄂尔多斯市
Inner Mongolia,2045,ssp585,baseline,0.0855913460254669,阿拉善盟
Inner Mongolia,2045,ssp585,baseline,0.0855913460254669,呼伦贝尔市
Inner Mongolia,2045,ssp585,baseline,0.0855913460254669,巴彦淖尔市
Inner Mongolia,2045,ssp585,baseline,0.0855913460254669,乌兰察布市
Inner Mongolia,2050,ssp585,baseline,0.0741063058376312,兴安盟
Inner Mongolia,2050,ssp585,baseline,0.0741063058376312,呼和浩特市
Inner Mongolia,2050,ssp585,baseline,0.0741063058376312,包头市
Inner Mongolia,2050,ssp585,baseline,0.0741063058376312,锡林郭勒盟
Inner Mongolia,2050,ssp585,baseline,0.0741063058376312,乌海市
Inner Mongolia,2050,ssp585,baseline,0.0741063058376312,赤峰市
Inner Mongolia,2050,ssp585,baseline,0.0741063058376312,通辽市
Inner Mongolia,2050,ssp585,baseline,0.0741063058376312,鄂尔多斯市
Inner Mongolia,2050,ssp585,baseline,0.0741063058376312,阿拉善盟
Inner Mongolia,2050,ssp585,baseline,0.0741063058376312,呼伦贝尔市
Inner Mongolia,2050,ssp585,baseline,0.0741063058376312,巴彦淖尔市
Inner Mongolia,2050,ssp585,baseline,0.0741063058376312,乌兰察布市
Inner Mongolia,2030,current,trend,0.272189438343048,兴安盟
Inner Mongolia,2030,current,trend,0.272189438343048,呼和浩特市
Inner Mongolia,2030,current,trend,0.272189438343048,包头市
Inner Mongolia,2030,current,trend,0.272189438343048,锡林郭勒盟
Inner Mongolia,2030,current,trend,0.272189438343048,乌海市
Inner Mongolia,2030,current,trend,0.272189438343048,赤峰市
Inner Mongolia,2030,current,trend,0.272189438343048,通辽市
Inner Mongolia,2030,current,trend,0.272189438343048,鄂尔多斯市
Inner Mongolia,2030,current,trend,0.272189438343048,阿拉善盟
Inner Mongolia,2030,current,trend,0.272189438343048,呼伦贝尔市
Inner Mongolia,2030,current,trend,0.272189438343048,巴彦淖尔市
Inner Mongolia,2030,current,trend,0.272189438343048,乌兰察布市
Inner Mongolia,2035,current,trend,0.242708563804626,兴安盟
Inner Mongolia,2035,current,trend,0.242708563804626,呼和浩特市
Inner Mongolia,2035,current,trend,0.242708563804626,包头市
Inner Mongolia,2035,current,trend,0.242708563804626,锡林郭勒盟
Inner Mongolia,2035,current,trend,0.242708563804626,乌海市
Inner Mongolia,2035,current,trend,0.242708563804626,赤峰市
Inner Mongolia,2035,current,trend,0.242708563804626,通辽市
Inner Mongolia,2035,current,trend,0.242708563804626,鄂尔多斯市
Inner Mongolia,2035,current,trend,0.242708563804626,阿拉善盟
Inner Mongolia,2035,current,trend,0.242708563804626,呼伦贝尔市
Inner Mongolia,2035,current,trend,0.242708563804626,巴彦淖尔市
Inner Mongolia,2035,current,trend,0.242708563804626,乌兰察布市
Inner Mongolia,2040,current,trend,0.205125153064728,兴安盟
Inner Mongolia,2040,current,trend,0.205125153064728,呼和浩特市
Inner Mongolia,2040,current,trend,0.205125153064728,包头市
Inner Mongolia,2040,current,trend,0.205125153064728,锡林郭勒盟
Inner Mongolia,2040,current,trend,0.205125153064728,乌海市
Inner Mongolia,2040,current,trend,0.205125153064728,赤峰市
Inner Mongolia,2040,current,trend,0.205125153064728,通辽市
Inner Mongolia,2040,current,trend,0.205125153064728,鄂尔多斯市
Inner Mongolia,2040,current,trend,0.205125153064728,阿拉善盟
Inner Mongolia,2040,current,trend,0.205125153064728,呼伦贝尔市
Inner Mongolia,2040,current,trend,0.205125153064728,巴彦淖尔市
Inner Mongolia,2040,current,trend,0.205125153064728,乌兰察布市
Inner Mongolia,2045,current,trend,0.206952139735222,兴安盟
Inner Mongolia,2045,current,trend,0.206952139735222,呼和浩特市
Inner Mongolia,2045,current,trend,0.206952139735222,包头市
Inner Mongolia,2045,current,trend,0.206952139735222,锡林郭勒盟
Inner Mongolia,2045,current,trend,0.206952139735222,乌海市
Inner Mongolia,2045,current,trend,0.206952139735222,赤峰市
Inner Mongolia,2045,current,trend,0.206952139735222,通辽市
Inner Mongolia,2045,current,trend,0.206952139735222,鄂尔多斯市
Inner Mongolia,2045,current,trend,0.206952139735222,阿拉善盟
Inner Mongolia,2045,current,trend,0.206952139735222,呼伦贝尔市
Inner Mongolia,2045,current,trend,0.206952139735222,巴彦淖尔市
Inner Mongolia,2045,current,trend,0.206952139735222,乌兰察布市
Inner Mongolia,2050,current,trend,0.29090017080307,兴安盟
Inner Mongolia,2050,current,trend,0.29090017080307,呼和浩特市
Inner Mongolia,2050,current,trend,0.29090017080307,包头市
Inner Mongolia,2050,current,trend,0.29090017080307,锡林郭勒盟
Inner Mongolia,2050,current,trend,0.29090017080307,乌海市
Inner Mongolia,2050,current,trend,0.29090017080307,赤峰市
Inner Mongolia,2050,current,trend,0.29090017080307,通辽市
Inner Mongolia,2050,current,trend,0.29090017080307,鄂尔多斯市
Inner Mongolia,2050,current,trend,0.29090017080307,阿拉善盟
Inner Mongolia,2050,current,trend,0.29090017080307,呼伦贝尔市
Inner Mongolia,2050,current,trend,0.29090017080307,巴彦淖尔市
Inner Mongolia,2050,current,trend,0.29090017080307,乌兰察布市
Inner Mongolia,2030,ssp245,trend,0.0593539848923683,兴安盟
Inner Mongolia,2030,ssp245,trend,0.0593539848923683,呼和浩特市
Inner Mongolia,2030,ssp245,trend,0.0593539848923683,包头市
Inner Mongolia,2030,ssp245,trend,0.0593539848923683,锡林郭勒盟
Inner Mongolia,2030,ssp245,trend,0.0593539848923683,乌海市
Inner Mongolia,2030,ssp245,trend,0.0593539848923683,赤峰市
Inner Mongolia,2030,ssp245,trend,0.0593539848923683,通辽市
Inner Mongolia,2030,ssp245,trend,0.0593539848923683,鄂尔多斯市
Inner Mongolia,2030,ssp245,trend,0.0593539848923683,阿拉善盟
Inner Mongolia,2030,ssp245,trend,0.0593539848923683,呼伦贝尔市
Inner Mongolia,2030,ssp245,trend,0.0593539848923683,巴彦淖尔市
Inner Mongolia,2030,ssp245,trend,0.0593539848923683,乌兰察布市
Inner Mongolia,2035,ssp245,trend,0.180584490299225,兴安盟
Inner Mongolia,2035,ssp245,trend,0.180584490299225,呼和浩特市
Inner Mongolia,2035,ssp245,trend,0.180584490299225,包头市
Inner Mongolia,2035,ssp245,trend,0.180584490299225,锡林郭勒盟
Inner Mongolia,2035,ssp245,trend,0.180584490299225,乌海市
Inner Mongolia,2035,ssp245,trend,0.180584490299225,赤峰市
Inner Mongolia,2035,ssp245,trend,0.180584490299225,通辽市
Inner Mongolia,2035,ssp245,trend,0.180584490299225,鄂尔多斯市
Inner Mongolia,2035,ssp245,trend,0.180584490299225,阿拉善盟
Inner Mongolia,2035,ssp245,trend,0.180584490299225,呼伦贝尔市
Inner Mongolia,2035,ssp245,trend,0.180584490299225,巴彦淖尔市
Inner Mongolia,2035,ssp245,trend,0.180584490299225,乌兰察布市
Inner Mongolia,2040,ssp245,trend,0.0813378170132637,兴安盟
Inner Mongolia,2040,ssp245,trend,0.0813378170132637,呼和浩特市
Inner Mongolia,2040,ssp245,trend,0.0813378170132637,包头市
Inner Mongolia,2040,ssp245,trend,0.0813378170132637,锡林郭勒盟
Inner Mongolia,2040,ssp245,trend,0.0813378170132637,乌海市
Inner Mongolia,2040,ssp245,trend,0.0813378170132637,赤峰市
Inner Mongolia,2040,ssp245,trend,0.0813378170132637,通辽市
Inner Mongolia,2040,ssp245,trend,0.0813378170132637,鄂尔多斯市
Inner Mongolia,2040,ssp245,trend,0.0813378170132637,阿拉善盟
Inner Mongolia,2040,ssp245,trend,0.0813378170132637,呼伦贝尔市
Inner Mongolia,2040,ssp245,trend,0.0813378170132637,巴彦淖尔市
Inner Mongolia,2040,ssp245,trend,0.0813378170132637,乌兰察布市
Inner Mongolia,2045,ssp245,trend,0.114511638879776,兴安盟
Inner Mongolia,2045,ssp245,trend,0.114511638879776,呼和浩特市
Inner Mongolia,2045,ssp245,trend,0.114511638879776,包头市
Inner Mongolia,2045,ssp245,trend,0.114511638879776,锡林郭勒盟
Inner Mongolia,2045,ssp245,trend,0.114511638879776,乌海市
Inner Mongolia,2045,ssp245,trend,0.114511638879776,赤峰市
Inner Mongolia,2045,ssp245,trend,0.114511638879776,通辽市
Inner Mongolia,2045,ssp245,trend,0.114511638879776,鄂尔多斯市
Inner Mongolia,2045,ssp245,trend,0.114511638879776,阿拉善盟
Inner Mongolia,2045,ssp245,trend,0.114511638879776,呼伦贝尔市
Inner Mongolia,2045,ssp245,trend,0.114511638879776,巴彦淖尔市
Inner Mongolia,2045,ssp245,trend,0.114511638879776,乌兰察布市
Inner Mongolia,2050,ssp245,trend,0.116991177201271,兴安盟
Inner Mongolia,2050,ssp245,trend,0.116991177201271,呼和浩特市
Inner Mongolia,2050,ssp245,trend,0.116991177201271,包头市
Inner Mongolia,2050,ssp245,trend,0.116991177201271,锡林郭勒盟
Inner Mongolia,2050,ssp245,trend,0.116991177201271,乌海市
Inner Mongolia,2050,ssp245,trend,0.116991177201271,赤峰市
Inner Mongolia,2050,ssp245,trend,0.116991177201271,通辽市
Inner Mongolia,2050,ssp245,trend,0.116991177201271,鄂尔多斯市
Inner Mongolia,2050,ssp245,trend,0.116991177201271,阿拉善盟
Inner Mongolia,2050,ssp245,trend,0.116991177201271,呼伦贝尔市
Inner Mongolia,2050,ssp245,trend,0.116991177201271,巴彦淖尔市
Inner Mongolia,2050,ssp245,trend,0.116991177201271,乌兰察布市
Inner Mongolia,2030,ssp585,trend,0.0616228431463242,兴安盟
Inner Mongolia,2030,ssp585,trend,0.0616228431463242,呼和浩特市
Inner Mongolia,2030,ssp585,trend,0.0616228431463242,包头市
Inner Mongolia,2030,ssp585,trend,0.0616228431463242,锡林郭勒盟
Inner Mongolia,2030,ssp585,trend,0.0616228431463242,乌海市
Inner Mongolia,2030,ssp585,trend,0.0616228431463242,赤峰市
Inner Mongolia,2030,ssp585,trend,0.0616228431463242,通辽市
Inner Mongolia,2030,ssp585,trend,0.0616228431463242,鄂尔多斯市
Inner Mongolia,2030,ssp585,trend,0.0616228431463242,阿拉善盟
Inner Mongolia,2030,ssp585,trend,0.0616228431463242,呼伦贝尔市
Inner Mongolia,2030,ssp585,trend,0.0616228431463242,巴彦淖尔市
Inner Mongolia,2030,ssp585,trend,0.0616228431463242,乌兰察布市
Inner Mongolia,2035,ssp585,trend,0.15520067512989,兴安盟
Inner Mongolia,2035,ssp585,trend,0.15520067512989,呼和浩特市
Inner Mongolia,2035,ssp585,trend,0.15520067512989,包头市
Inner Mongolia,2035,ssp585,trend,0.15520067512989,锡林郭勒盟
Inner Mongolia,2035,ssp585,trend,0.15520067512989,乌海市
Inner Mongolia,2035,ssp585,trend,0.15520067512989,赤峰市
Inner Mongolia,2035,ssp585,trend,0.15520067512989,通辽市
Inner Mongolia,2035,ssp585,trend,0.15520067512989,鄂尔多斯市
Inner Mongolia,2035,ssp585,trend,0.15520067512989,阿拉善盟
Inner Mongolia,2035,ssp585,trend,0.15520067512989,呼伦贝尔市
Inner Mongolia,2035,ssp585,trend,0.15520067512989,巴彦淖尔市
Inner Mongolia,2035,ssp585,trend,0.15520067512989,乌兰察布市
Inner Mongolia,2040,ssp585,trend,0.0768244862556458,兴安盟
Inner Mongolia,2040,ssp585,trend,0.0768244862556458,呼和浩特市
Inner Mongolia,2040,ssp585,trend,0.0768244862556458,包头市
Inner Mongolia,2040,ssp585,trend,0.0768244862556458,锡林郭勒盟
Inner Mongolia,2040,ssp585,trend,0.0768244862556458,乌海市
Inner Mongolia,2040,ssp585,trend,0.0768244862556458,赤峰市
Inner Mongolia,2040,ssp585,trend,0.0768244862556458,通辽市
Inner Mongolia,2040,ssp585,trend,0.0768244862556458,鄂尔多斯市
Inner Mongolia,2040,ssp585,trend,0.0768244862556458,阿拉善盟
Inner Mongolia,2040,ssp585,trend,0.0768244862556458,呼伦贝尔市
Inner Mongolia,2040,ssp585,trend,0.0768244862556458,巴彦淖尔市
Inner Mongolia,2040,ssp585,trend,0.0768244862556458,乌兰察布市
Inner Mongolia,2045,ssp585,trend,0.0635652616620064,兴安盟
Inner Mongolia,2045,ssp585,trend,0.0635652616620064,呼和浩特市
Inner Mongolia,2045,ssp585,trend,0.0635652616620064,包头市
Inner Mongolia,2045,ssp585,trend,0.0635652616620064,锡林郭勒盟
Inner Mongolia,2045,ssp585,trend,0.0635652616620064,乌海市
Inner Mongolia,2045,ssp585,trend,0.0635652616620064,赤峰市
Inner Mongolia,2045,ssp585,trend,0.0635652616620064,通辽市
Inner Mongolia,2045,ssp585,trend,0.0635652616620064,鄂尔多斯市
Inner Mongolia,2045,ssp585,trend,0.0635652616620064,阿拉善盟
Inner Mongolia,2045,ssp585,trend,0.0635652616620064,呼伦贝尔市
Inner Mongolia,2045,ssp585,trend,0.0635652616620064,巴彦淖尔市
Inner Mongolia,2045,ssp585,trend,0.0635652616620064,乌兰察布市
Inner Mongolia,2050,ssp585,trend,0.0739898160099983,兴安盟
Inner Mongolia,2050,ssp585,trend,0.0739898160099983,呼和浩特市
Inner Mongolia,2050,ssp585,trend,0.0739898160099983,包头市
Inner Mongolia,2050,ssp585,trend,0.0739898160099983,锡林郭勒盟
Inner Mongolia,2050,ssp585,trend,0.0739898160099983,乌海市
Inner Mongolia,2050,ssp585,trend,0.0739898160099983,赤峰市
Inner Mongolia,2050,ssp585,trend,0.0739898160099983,通辽市
Inner Mongolia,2050,ssp585,trend,0.0739898160099983,鄂尔多斯市
Inner Mongolia,2050,ssp585,trend,0.0739898160099983,阿拉善盟
Inner Mongolia,2050,ssp585,trend,0.0739898160099983,呼伦贝尔市
Inner Mongolia,2050,ssp585,trend,0.0739898160099983,巴彦淖尔市
Inner Mongolia,2050,ssp585,trend,0.0739898160099983,乌兰察布市
Inner Mongolia,2030,current,doubled,0.205125153064728,兴安盟
Inner Mongolia,2030,current,doubled,0.205125153064728,呼和浩特市
Inner Mongolia,2030,current,doubled,0.205125153064728,包头市
Inner Mongolia,2030,current,doubled,0.205125153064728,锡林郭勒盟
Inner Mongolia,2030,current,doubled,0.205125153064728,乌海市
Inner Mongolia,2030,current,doubled,0.205125153064728,赤峰市
Inner Mongolia,2030,current,doubled,0.205125153064728,通辽市
Inner Mongolia,2030,current,doubled,0.205125153064728,鄂尔多斯市
Inner Mongolia,2030,current,doubled,0.205125153064728,阿拉善盟
Inner Mongolia,2030,current,doubled,0.205125153064728,呼伦贝尔市
Inner Mongolia,2030,current,doubled,0.205125153064728,巴彦淖尔市
Inner Mongolia,2030,current,doubled,0.205125153064728,乌兰察布市
Inner Mongolia,2035,current,doubled,0.205125153064728,兴安盟
Inner Mongolia,2035,current,doubled,0.205125153064728,呼和浩特市
Inner Mongolia,2035,current,doubled,0.205125153064728,包头市
Inner Mongolia,2035,current,doubled,0.205125153064728,锡林郭勒盟
Inner Mongolia,2035,current,doubled,0.205125153064728,乌海市
Inner Mongolia,2035,current,doubled,0.205125153064728,赤峰市
Inner Mongolia,2035,current,doubled,0.205125153064728,通辽市
Inner Mongolia,2035,current,doubled,0.205125153064728,鄂尔多斯市
Inner Mongolia,2035,current,doubled,0.205125153064728,阿拉善盟
Inner Mongolia,2035,current,doubled,0.205125153064728,呼伦贝尔市
Inner Mongolia,2035,current,doubled,0.205125153064728,巴彦淖尔市
Inner Mongolia,2035,current,doubled,0.205125153064728,乌兰察布市
Inner Mongolia,2040,current,doubled,0.205125153064728,兴安盟
Inner Mongolia,2040,current,doubled,0.205125153064728,呼和浩特市
Inner Mongolia,2040,current,doubled,0.205125153064728,包头市
Inner Mongolia,2040,current,doubled,0.205125153064728,锡林郭勒盟
Inner Mongolia,2040,current,doubled,0.205125153064728,乌海市
Inner Mongolia,2040,current,doubled,0.205125153064728,赤峰市
Inner Mongolia,2040,current,doubled,0.205125153064728,通辽市
Inner Mongolia,2040,current,doubled,0.205125153064728,鄂尔多斯市
Inner Mongolia,2040,current,doubled,0.205125153064728,阿拉善盟
Inner Mongolia,2040,current,doubled,0.205125153064728,呼伦贝尔市
Inner Mongolia,2040,current,doubled,0.205125153064728,巴彦淖尔市
Inner Mongolia,2040,current,doubled,0.205125153064728,乌兰察布市
Inner Mongolia,2045,current,doubled,0.205125153064728,兴安盟
Inner Mongolia,2045,current,doubled,0.205125153064728,呼和浩特市
Inner Mongolia,2045,current,doubled,0.205125153064728,包头市
Inner Mongolia,2045,current,doubled,0.205125153064728,锡林郭勒盟
Inner Mongolia,2045,current,doubled,0.205125153064728,乌海市
Inner Mongolia,2045,current,doubled,0.205125153064728,赤峰市
Inner Mongolia,2045,current,doubled,0.205125153064728,通辽市
Inner Mongolia,2045,current,doubled,0.205125153064728,鄂尔多斯市
Inner Mongolia,2045,current,doubled,0.205125153064728,阿拉善盟
Inner Mongolia,2045,current,doubled,0.205125153064728,呼伦贝尔市
Inner Mongolia,2045,current,doubled,0.205125153064728,巴彦淖尔市
Inner Mongolia,2045,current,doubled,0.205125153064728,乌兰察布市
Inner Mongolia,2050,current,doubled,0.205125153064728,兴安盟
Inner Mongolia,2050,current,doubled,0.205125153064728,呼和浩特市
Inner Mongolia,2050,current,doubled,0.205125153064728,包头市
Inner Mongolia,2050,current,doubled,0.205125153064728,锡林郭勒盟
Inner Mongolia,2050,current,doubled,0.205125153064728,乌海市
Inner Mongolia,2050,current,doubled,0.205125153064728,赤峰市
Inner Mongolia,2050,current,doubled,0.205125153064728,通辽市
Inner Mongolia,2050,current,doubled,0.205125153064728,鄂尔多斯市
Inner Mongolia,2050,current,doubled,0.205125153064728,阿拉善盟
Inner Mongolia,2050,current,doubled,0.205125153064728,呼伦贝尔市
Inner Mongolia,2050,current,doubled,0.205125153064728,巴彦淖尔市
Inner Mongolia,2050,current,doubled,0.205125153064728,乌兰察布市
Inner Mongolia,2030,ssp245,doubled,0.087588757276535,兴安盟
Inner Mongolia,2030,ssp245,doubled,0.087588757276535,呼和浩特市
Inner Mongolia,2030,ssp245,doubled,0.087588757276535,包头市
Inner Mongolia,2030,ssp245,doubled,0.087588757276535,锡林郭勒盟
Inner Mongolia,2030,ssp245,doubled,0.087588757276535,乌海市
Inner Mongolia,2030,ssp245,doubled,0.087588757276535,赤峰市
Inner Mongolia,2030,ssp245,doubled,0.087588757276535,通辽市
Inner Mongolia,2030,ssp245,doubled,0.087588757276535,鄂尔多斯市
Inner Mongolia,2030,ssp245,doubled,0.087588757276535,阿拉善盟
Inner Mongolia,2030,ssp245,doubled,0.087588757276535,呼伦贝尔市
Inner Mongolia,2030,ssp245,doubled,0.087588757276535,巴彦淖尔市
Inner Mongolia,2030,ssp245,doubled,0.087588757276535,乌兰察布市
Inner Mongolia,2035,ssp245,doubled,0.110097229480743,兴安盟
Inner Mongolia,2035,ssp245,doubled,0.110097229480743,呼和浩特市
Inner Mongolia,2035,ssp245,doubled,0.110097229480743,包头市
Inner Mongolia,2035,ssp245,doubled,0.110097229480743,锡林郭勒盟
Inner Mongolia,2035,ssp245,doubled,0.110097229480743,乌海市
Inner Mongolia,2035,ssp245,doubled,0.110097229480743,赤峰市
Inner Mongolia,2035,ssp245,doubled,0.110097229480743,通辽市
Inner Mongolia,2035,ssp245,doubled,0.110097229480743,鄂尔多斯市
Inner Mongolia,2035,ssp245,doubled,0.110097229480743,阿拉善盟
Inner Mongolia,2035,ssp245,doubled,0.110097229480743,呼伦贝尔市
Inner Mongolia,2035,ssp245,doubled,0.110097229480743,巴彦淖尔市
Inner Mongolia,2035,ssp245,doubled,0.110097229480743,乌兰察布市
Inner Mongolia,2040,ssp245,doubled,0.108959510922432,兴安盟
Inner Mongolia,2040,ssp245,doubled,0.108959510922432,呼和浩特市
Inner Mongolia,2040,ssp245,doubled,0.108959510922432,包头市
Inner Mongolia,2040,ssp245,doubled,0.108959510922432,锡林郭勒盟
Inner Mongolia,2040,ssp245,doubled,0.108959510922432,乌海市
Inner Mongolia,2040,ssp245,doubled,0.108959510922432,赤峰市
Inner Mongolia,2040,ssp245,doubled,0.108959510922432,通辽市
Inner Mongolia,2040,ssp245,doubled,0.108959510922432,鄂尔多斯市
Inner Mongolia,2040,ssp245,doubled,0.108959510922432,阿拉善盟
Inner Mongolia,2040,ssp245,doubled,0.108959510922432,呼伦贝尔市
Inner Mongolia,2040,ssp245,doubled,0.108959510922432,巴彦淖尔市
Inner Mongolia,2040,ssp245,doubled,0.108959510922432,乌兰察布市
Inner Mongolia,2045,ssp245,doubled,0.0973818004131317,兴安盟
Inner Mongolia,2045,ssp245,doubled,0.0973818004131317,呼和浩特市
Inner Mongolia,2045,ssp245,doubled,0.0973818004131317,包头市
Inner Mongolia,2045,ssp245,doubled,0.0973818004131317,锡林郭勒盟
Inner Mongolia,2045,ssp245,doubled,0.0973818004131317,乌海市
Inner Mongolia,2045,ssp245,doubled,0.0973818004131317,赤峰市
Inner Mongolia,2045,ssp245,doubled,0.0973818004131317,通辽市
Inner Mongolia,2045,ssp245,doubled,0.0973818004131317,鄂尔多斯市
Inner Mongolia,2045,ssp245,doubled,0.0973818004131317,阿拉善盟
Inner Mongolia,2045,ssp245,doubled,0.0973818004131317,呼伦贝尔市
Inner Mongolia,2045,ssp245,doubled,0.0973818004131317,巴彦淖尔市
Inner Mongolia,2045,ssp245,doubled,0.0973818004131317,乌兰察布市
Inner Mongolia,2050,ssp245,doubled,0.176156431436539,兴安盟
Inner Mongolia,2050,ssp245,doubled,0.176156431436539,呼和浩特市
Inner Mongolia,2050,ssp245,doubled,0.176156431436539,包头市
Inner Mongolia,2050,ssp245,doubled,0.176156431436539,锡林郭勒盟
Inner Mongolia,2050,ssp245,doubled,0.176156431436539,乌海市
Inner Mongolia,2050,ssp245,doubled,0.176156431436539,赤峰市
Inner Mongolia,2050,ssp245,doubled,0.176156431436539,通辽市
Inner Mongolia,2050,ssp245,doubled,0.176156431436539,鄂尔多斯市
Inner Mongolia,2050,ssp245,doubled,0.176156431436539,阿拉善盟
Inner Mongolia,2050,ssp245,doubled,0.176156431436539,呼伦贝尔市
Inner Mongolia,2050,ssp245,doubled,0.176156431436539,巴彦淖尔市
Inner Mongolia,2050,ssp245,doubled,0.176156431436539,乌兰察布市
Inner Mongolia,2030,ssp585,doubled,0.108959510922432,兴安盟
Inner Mongolia,2030,ssp585,doubled,0.108959510922432,呼和浩特市
Inner Mongolia,2030,ssp585,doubled,0.108959510922432,包头市
Inner Mongolia,2030,ssp585,doubled,0.108959510922432,锡林郭勒盟
Inner Mongolia,2030,ssp585,doubled,0.108959510922432,乌海市
Inner Mongolia,2030,ssp585,doubled,0.108959510922432,赤峰市
Inner Mongolia,2030,ssp585,doubled,0.108959510922432,通辽市
Inner Mongolia,2030,ssp585,doubled,0.108959510922432,鄂尔多斯市
Inner Mongolia,2030,ssp585,doubled,0.108959510922432,阿拉善盟
Inner Mongolia,2030,ssp585,doubled,0.108959510922432,呼伦贝尔市
Inner Mongolia,2030,ssp585,doubled,0.108959510922432,巴彦淖尔市
Inner Mongolia,2030,ssp585,doubled,0.108959510922432,乌兰察布市
Inner Mongolia,2035,ssp585,doubled,0.120838187634945,兴安盟
Inner Mongolia,2035,ssp585,doubled,0.120838187634945,呼和浩特市
Inner Mongolia,2035,ssp585,doubled,0.120838187634945,包头市
Inner Mongolia,2035,ssp585,doubled,0.120838187634945,锡林郭勒盟
Inner Mongolia,2035,ssp585,doubled,0.120838187634945,乌海市
Inner Mongolia,2035,ssp585,doubled,0.120838187634945,赤峰市
Inner Mongolia,2035,ssp585,doubled,0.120838187634945,通辽市
Inner Mongolia,2035,ssp585,doubled,0.120838187634945,鄂尔多斯市
Inner Mongolia,2035,ssp585,doubled,0.120838187634945,阿拉善盟
Inner Mongolia,2035,ssp585,doubled,0.120838187634945,呼伦贝尔市
Inner Mongolia,2035,ssp585,doubled,0.120838187634945,巴彦淖尔市
Inner Mongolia,2035,ssp585,doubled,0.120838187634945,乌兰察布市
Inner Mongolia,2040,ssp585,doubled,0.0621782205998898,兴安盟
Inner Mongolia,2040,ssp585,doubled,0.0621782205998898,呼和浩特市
Inner Mongolia,2040,ssp585,doubled,0.0621782205998898,包头市
Inner Mongolia,2040,ssp585,doubled,0.0621782205998898,锡林郭勒盟
Inner Mongolia,2040,ssp585,doubled,0.0621782205998898,乌海市
Inner Mongolia,2040,ssp585,doubled,0.0621782205998898,赤峰市
Inner Mongolia,2040,ssp585,doubled,0.0621782205998898,通辽市
Inner Mongolia,2040,ssp585,doubled,0.0621782205998898,鄂尔多斯市
Inner Mongolia,2040,ssp585,doubled,0.0621782205998898,阿拉善盟
Inner Mongolia,2040,ssp585,doubled,0.0621782205998898,呼伦贝尔市
Inner Mongolia,2040,ssp585,doubled,0.0621782205998898,巴彦淖尔市
Inner Mongolia,2040,ssp585,doubled,0.0621782205998898,乌兰察布市
Inner Mongolia,2045,ssp585,doubled,0.118098840117455,兴安盟
Inner Mongolia,2045,ssp585,doubled,0.118098840117455,呼和浩特市
Inner Mongolia,2045,ssp585,doubled,0.118098840117455,包头市
Inner Mongolia,2045,ssp585,doubled,0.118098840117455,锡林郭勒盟
Inner Mongolia,2045,ssp585,doubled,0.118098840117455,乌海市
Inner Mongolia,2045,ssp585,doubled,0.118098840117455,赤峰市
Inner Mongolia,2045,ssp585,doubled,0.118098840117455,通辽市
Inner Mongolia,2045,ssp585,doubled,0.118098840117455,鄂尔多斯市
Inner Mongolia,2045,ssp585,doubled,0.118098840117455,阿拉善盟
Inner Mongolia,2045,ssp585,doubled,0.118098840117455,呼伦贝尔市
Inner Mongolia,2045,ssp585,doubled,0.118098840117455,巴彦淖尔市
Inner Mongolia,2045,ssp585,doubled,0.118098840117455,乌兰察布市
Inner Mongolia,2050,ssp585,doubled,0.0598254911601543,兴安盟
Inner Mongolia,2050,ssp585,doubled,0.0598254911601543,呼和浩特市
Inner Mongolia,2050,ssp585,doubled,0.0598254911601543,包头市
Inner Mongolia,2050,ssp585,doubled,0.0598254911601543,锡林郭勒盟
Inner Mongolia,2050,ssp585,doubled,0.0598254911601543,乌海市
Inner Mongolia,2050,ssp585,doubled,0.0598254911601543,赤峰市
Inner Mongolia,2050,ssp585,doubled,0.0598254911601543,通辽市
Inner Mongolia,2050,ssp585,doubled,0.0598254911601543,鄂尔多斯市
Inner Mongolia,2050,ssp585,doubled,0.0598254911601543,阿拉善盟
Inner Mongolia,2050,ssp585,doubled,0.0598254911601543,呼伦贝尔市
Inner Mongolia,2050,ssp585,doubled,0.0598254911601543,巴彦淖尔市
Inner Mongolia,2050,ssp585,doubled,0.0598254911601543,乌兰察布市
Jiangsu,2030,current,baseline,0.242397740483284,盐城市
Jiangsu,2030,current,baseline,0.242397740483284,淮安市
Jiangsu,2030,current,baseline,0.242397740483284,镇江市
Jiangsu,2030,current,baseline,0.242397740483284,扬州市
Jiangsu,2030,current,baseline,0.242397740483284,徐州市
Jiangsu,2030,current,baseline,0.242397740483284,无锡市
Jiangsu,2030,current,baseline,0.242397740483284,南京市
Jiangsu,2030,current,baseline,0.242397740483284,宿迁市
Jiangsu,2030,current,baseline,0.242397740483284,泰州市
Jiangsu,2030,current,baseline,0.242397740483284,连云港市
Jiangsu,2030,current,baseline,0.242397740483284,南通市
Jiangsu,2030,current,baseline,0.242397740483284,苏州市
Jiangsu,2030,current,baseline,0.242397740483284,常州市
Jiangsu,2035,current,baseline,0.242397740483284,盐城市
Jiangsu,2035,current,baseline,0.242397740483284,淮安市
Jiangsu,2035,current,baseline,0.242397740483284,镇江市
Jiangsu,2035,current,baseline,0.242397740483284,扬州市
Jiangsu,2035,current,baseline,0.242397740483284,徐州市
Jiangsu,2035,current,baseline,0.242397740483284,无锡市
Jiangsu,2035,current,baseline,0.242397740483284,南京市
Jiangsu,2035,current,baseline,0.242397740483284,宿迁市
Jiangsu,2035,current,baseline,0.242397740483284,泰州市
Jiangsu,2035,current,baseline,0.242397740483284,连云港市
Jiangsu,2035,current,baseline,0.242397740483284,南通市
Jiangsu,2035,current,baseline,0.242397740483284,苏州市
Jiangsu,2035,current,baseline,0.242397740483284,常州市
Jiangsu,2040,current,baseline,0.242397740483284,盐城市
Jiangsu,2040,current,baseline,0.242397740483284,淮安市
Jiangsu,2040,current,baseline,0.242397740483284,镇江市
Jiangsu,2040,current,baseline,0.242397740483284,扬州市
Jiangsu,2040,current,baseline,0.242397740483284,徐州市
Jiangsu,2040,current,baseline,0.242397740483284,无锡市
Jiangsu,2040,current,baseline,0.242397740483284,南京市
Jiangsu,2040,current,baseline,0.242397740483284,宿迁市
Jiangsu,2040,current,baseline,0.242397740483284,泰州市
Jiangsu,2040,current,baseline,0.242397740483284,连云港市
Jiangsu,2040,current,baseline,0.242397740483284,南通市
Jiangsu,2040,current,baseline,0.242397740483284,苏州市
Jiangsu,2040,current,baseline,0.242397740483284,常州市
Jiangsu,2045,current,baseline,0.242397740483284,盐城市
Jiangsu,2045,current,baseline,0.242397740483284,淮安市
Jiangsu,2045,current,baseline,0.242397740483284,镇江市
Jiangsu,2045,current,baseline,0.242397740483284,扬州市
Jiangsu,2045,current,baseline,0.242397740483284,徐州市
Jiangsu,2045,current,baseline,0.242397740483284,无锡市
Jiangsu,2045,current,baseline,0.242397740483284,南京市
Jiangsu,2045,current,baseline,0.242397740483284,宿迁市
Jiangsu,2045,current,baseline,0.242397740483284,泰州市
Jiangsu,2045,current,baseline,0.242397740483284,连云港市
Jiangsu,2045,current,baseline,0.242397740483284,南通市
Jiangsu,2045,current,baseline,0.242397740483284,苏州市
Jiangsu,2045,current,baseline,0.242397740483284,常州市
Jiangsu,2050,current,baseline,0.242397740483284,盐城市
Jiangsu,2050,current,baseline,0.242397740483284,淮安市
Jiangsu,2050,current,baseline,0.242397740483284,镇江市
Jiangsu,2050,current,baseline,0.242397740483284,扬州市
Jiangsu,2050,current,baseline,0.242397740483284,徐州市
Jiangsu,2050,current,baseline,0.242397740483284,无锡市
Jiangsu,2050,current,baseline,0.242397740483284,南京市
Jiangsu,2050,current,baseline,0.242397740483284,宿迁市
Jiangsu,2050,current,baseline,0.242397740483284,泰州市
Jiangsu,2050,current,baseline,0.242397740483284,连云港市
Jiangsu,2050,current,baseline,0.242397740483284,南通市
Jiangsu,2050,current,baseline,0.242397740483284,苏州市
Jiangsu,2050,current,baseline,0.242397740483284,常州市
Jiangsu,2030,ssp245,baseline,0.0366729199886322,盐城市
Jiangsu,2030,ssp245,baseline,0.0366729199886322,淮安市
Jiangsu,2030,ssp245,baseline,0.0366729199886322,镇江市
Jiangsu,2030,ssp245,baseline,0.0366729199886322,扬州市
Jiangsu,2030,ssp245,baseline,0.0366729199886322,徐州市
Jiangsu,2030,ssp245,baseline,0.0366729199886322,无锡市
Jiangsu,2030,ssp245,baseline,0.0366729199886322,南京市
Jiangsu,2030,ssp245,baseline,0.0366729199886322,宿迁市
Jiangsu,2030,ssp245,baseline,0.0366729199886322,泰州市
Jiangsu,2030,ssp245,baseline,0.0366729199886322,连云港市
Jiangsu,2030,ssp245,baseline,0.0366729199886322,南通市
Jiangsu,2030,ssp245,baseline,0.0366729199886322,苏州市
Jiangsu,2030,ssp245,baseline,0.0366729199886322,常州市
Jiangsu,2035,ssp245,baseline,0.0487568117678165,盐城市
Jiangsu,2035,ssp245,baseline,0.0487568117678165,淮安市
Jiangsu,2035,ssp245,baseline,0.0487568117678165,镇江市
Jiangsu,2035,ssp245,baseline,0.0487568117678165,扬州市
Jiangsu,2035,ssp245,baseline,0.0487568117678165,徐州市
Jiangsu,2035,ssp245,baseline,0.0487568117678165,无锡市
Jiangsu,2035,ssp245,baseline,0.0487568117678165,南京市
Jiangsu,2035,ssp245,baseline,0.0487568117678165,宿迁市
Jiangsu,2035,ssp245,baseline,0.0487568117678165,泰州市
Jiangsu,2035,ssp245,baseline,0.0487568117678165,连云港市
Jiangsu,2035,ssp245,baseline,0.0487568117678165,南通市
Jiangsu,2035,ssp245,baseline,0.0487568117678165,苏州市
Jiangsu,2035,ssp245,baseline,0.0487568117678165,常州市
Jiangsu,2040,ssp245,baseline,0.0471884347498417,盐城市
Jiangsu,2040,ssp245,baseline,0.0471884347498417,淮安市
Jiangsu,2040,ssp245,baseline,0.0471884347498417,镇江市
Jiangsu,2040,ssp245,baseline,0.0471884347498417,扬州市
Jiangsu,2040,ssp245,baseline,0.0471884347498417,徐州市
Jiangsu,2040,ssp245,baseline,0.0471884347498417,无锡市
Jiangsu,2040,ssp245,baseline,0.0471884347498417,南京市
Jiangsu,2040,ssp245,baseline,0.0471884347498417,宿迁市
Jiangsu,2040,ssp245,baseline,0.0471884347498417,泰州市
Jiangsu,2040,ssp245,baseline,0.0471884347498417,连云港市
Jiangsu,2040,ssp245,baseline,0.0471884347498417,南通市
Jiangsu,2040,ssp245,baseline,0.0471884347498417,苏州市
Jiangsu,2040,ssp245,baseline,0.0471884347498417,常州市
Jiangsu,2045,ssp245,baseline,0.193633303046227,盐城市
Jiangsu,2045,ssp245,baseline,0.193633303046227,淮安市
Jiangsu,2045,ssp245,baseline,0.193633303046227,镇江市
Jiangsu,2045,ssp245,baseline,0.193633303046227,扬州市
Jiangsu,2045,ssp245,baseline,0.193633303046227,徐州市
Jiangsu,2045,ssp245,baseline,0.193633303046227,无锡市
Jiangsu,2045,ssp245,baseline,0.193633303046227,南京市
Jiangsu,2045,ssp245,baseline,0.193633303046227,宿迁市
Jiangsu,2045,ssp245,baseline,0.193633303046227,泰州市
Jiangsu,2045,ssp245,baseline,0.193633303046227,连云港市
Jiangsu,2045,ssp245,baseline,0.193633303046227,南通市
Jiangsu,2045,ssp245,baseline,0.193633303046227,苏州市
Jiangsu,2045,ssp245,baseline,0.193633303046227,常州市
Jiangsu,2050,ssp245,baseline,0.11598976701498,盐城市
Jiangsu,2050,ssp245,baseline,0.11598976701498,淮安市
Jiangsu,2050,ssp245,baseline,0.11598976701498,镇江市
Jiangsu,2050,ssp245,baseline,0.11598976701498,扬州市
Jiangsu,2050,ssp245,baseline,0.11598976701498,徐州市
Jiangsu,2050,ssp245,baseline,0.11598976701498,无锡市
Jiangsu,2050,ssp245,baseline,0.11598976701498,南京市
Jiangsu,2050,ssp245,baseline,0.11598976701498,宿迁市
Jiangsu,2050,ssp245,baseline,0.11598976701498,泰州市
Jiangsu,2050,ssp245,baseline,0.11598976701498,连云港市
Jiangsu,2050,ssp245,baseline,0.11598976701498,南通市
Jiangsu,2050,ssp245,baseline,0.11598976701498,苏州市
Jiangsu,2050,ssp245,baseline,0.11598976701498,常州市
Jiangsu,2030,ssp585,baseline,0.0471884347498417,盐城市
Jiangsu,2030,ssp585,baseline,0.0471884347498417,淮安市
Jiangsu,2030,ssp585,baseline,0.0471884347498417,镇江市
Jiangsu,2030,ssp585,baseline,0.0471884347498417,扬州市
Jiangsu,2030,ssp585,baseline,0.0471884347498417,徐州市
Jiangsu,2030,ssp585,baseline,0.0471884347498417,无锡市
Jiangsu,2030,ssp585,baseline,0.0471884347498417,南京市
Jiangsu,2030,ssp585,baseline,0.0471884347498417,宿迁市
Jiangsu,2030,ssp585,baseline,0.0471884347498417,泰州市
Jiangsu,2030,ssp585,baseline,0.0471884347498417,连云港市
Jiangsu,2030,ssp585,baseline,0.0471884347498417,南通市
Jiangsu,2030,ssp585,baseline,0.0471884347498417,苏州市
Jiangsu,2030,ssp585,baseline,0.0471884347498417,常州市
Jiangsu,2035,ssp585,baseline,0.148045852780342,盐城市
Jiangsu,2035,ssp585,baseline,0.148045852780342,淮安市
Jiangsu,2035,ssp585,baseline,0.148045852780342,镇江市
Jiangsu,2035,ssp585,baseline,0.148045852780342,扬州市
Jiangsu,2035,ssp585,baseline,0.148045852780342,徐州市
Jiangsu,2035,ssp585,baseline,0.148045852780342,无锡市
Jiangsu,2035,ssp585,baseline,0.148045852780342,南京市
Jiangsu,2035,ssp585,baseline,0.148045852780342,宿迁市
Jiangsu,2035,ssp585,baseline,0.148045852780342,泰州市
Jiangsu,2035,ssp585,baseline,0.148045852780342,连云港市
Jiangsu,2035,ssp585,baseline,0.148045852780342,南通市
Jiangsu,2035,ssp585,baseline,0.148045852780342,苏州市
Jiangsu,2035,ssp585,baseline,0.148045852780342,常州市
Jiangsu,2040,ssp585,baseline,0.0416540801525116,盐城市
Jiangsu,2040,ssp585,baseline,0.0416540801525116,淮安市
Jiangsu,2040,ssp585,baseline,0.0416540801525116,镇江市
Jiangsu,2040,ssp585,baseline,0.0416540801525116,扬州市
Jiangsu,2040,ssp585,baseline,0.0416540801525116,徐州市
Jiangsu,2040,ssp585,baseline,0.0416540801525116,无锡市
Jiangsu,2040,ssp585,baseline,0.0416540801525116,南京市
Jiangsu,2040,ssp585,baseline,0.0416540801525116,宿迁市
Jiangsu,2040,ssp585,baseline,0.0416540801525116,泰州市
Jiangsu,2040,ssp585,baseline,0.0416540801525116,连云港市
Jiangsu,2040,ssp585,baseline,0.0416540801525116,南通市
Jiangsu,2040,ssp585,baseline,0.0416540801525116,苏州市
Jiangsu,2040,ssp585,baseline,0.0416540801525116,常州市
Jiangsu,2045,ssp585,baseline,0.056198675185442,盐城市
Jiangsu,2045,ssp585,baseline,0.056198675185442,淮安市
Jiangsu,2045,ssp585,baseline,0.056198675185442,镇江市
Jiangsu,2045,ssp585,baseline,0.056198675185442,扬州市
Jiangsu,2045,ssp585,baseline,0.056198675185442,徐州市
Jiangsu,2045,ssp585,baseline,0.056198675185442,无锡市
Jiangsu,2045,ssp585,baseline,0.056198675185442,南京市
Jiangsu,2045,ssp585,baseline,0.056198675185442,宿迁市
Jiangsu,2045,ssp585,baseline,0.056198675185442,泰州市
Jiangsu,2045,ssp585,baseline,0.056198675185442,连云港市
Jiangsu,2045,ssp585,baseline,0.056198675185442,南通市
Jiangsu,2045,ssp585,baseline,0.056198675185442,苏州市
Jiangsu,2045,ssp585,baseline,0.056198675185442,常州市
Jiangsu,2050,ssp585,baseline,0.070385567843914,盐城市
Jiangsu,2050,ssp585,baseline,0.070385567843914,淮安市
Jiangsu,2050,ssp585,baseline,0.070385567843914,镇江市
Jiangsu,2050,ssp585,baseline,0.070385567843914,扬州市
Jiangsu,2050,ssp585,baseline,0.070385567843914,徐州市
Jiangsu,2050,ssp585,baseline,0.070385567843914,无锡市
Jiangsu,2050,ssp585,baseline,0.070385567843914,南京市
Jiangsu,2050,ssp585,baseline,0.070385567843914,宿迁市
Jiangsu,2050,ssp585,baseline,0.070385567843914,泰州市
Jiangsu,2050,ssp585,baseline,0.070385567843914,连云港市
Jiangsu,2050,ssp585,baseline,0.070385567843914,南通市
Jiangsu,2050,ssp585,baseline,0.070385567843914,苏州市
Jiangsu,2050,ssp585,baseline,0.070385567843914,常州市
Jiangsu,2030,current,trend,0.205125153064728,盐城市
Jiangsu,2030,current,trend,0.205125153064728,淮安市
Jiangsu,2030,current,trend,0.205125153064728,镇江市
Jiangsu,2030,current,trend,0.205125153064728,扬州市
Jiangsu,2030,current,trend,0.205125153064728,徐州市
Jiangsu,2030,current,trend,0.205125153064728,无锡市
Jiangsu,2030,current,trend,0.205125153064728,南京市
Jiangsu,2030,current,trend,0.205125153064728,宿迁市
Jiangsu,2030,current,trend,0.205125153064728,泰州市
Jiangsu,2030,current,trend,0.205125153064728,连云港市
Jiangsu,2030,current,trend,0.205125153064728,南通市
Jiangsu,2030,current,trend,0.205125153064728,苏州市
Jiangsu,2030,current,trend,0.205125153064728,常州市
Jiangsu,2035,current,trend,0.207467883825302,盐城市
Jiangsu,2035,current,trend,0.207467883825302,淮安市
Jiangsu,2035,current,trend,0.207467883825302,镇江市
Jiangsu,2035,current,trend,0.207467883825302,扬州市
Jiangsu,2035,current,trend,0.207467883825302,徐州市
Jiangsu,2035,current,trend,0.207467883825302,无锡市
Jiangsu,2035,current,trend,0.207467883825302,南京市
Jiangsu,2035,current,trend,0.207467883825302,宿迁市
Jiangsu,2035,current,trend,0.207467883825302,泰州市
Jiangsu,2035,current,trend,0.207467883825302,连云港市
Jiangsu,2035,current,trend,0.207467883825302,南通市
Jiangsu,2035,current,trend,0.207467883825302,苏州市
Jiangsu,2035,current,trend,0.207467883825302,常州市
Jiangsu,2040,current,trend,0.263163238763809,盐城市
Jiangsu,2040,current,trend,0.263163238763809,淮安市
Jiangsu,2040,current,trend,0.263163238763809,镇江市
Jiangsu,2040,current,trend,0.263163238763809,扬州市
Jiangsu,2040,current,trend,0.263163238763809,徐州市
Jiangsu,2040,current,trend,0.263163238763809,无锡市
Jiangsu,2040,current,trend,0.263163238763809,南京市
Jiangsu,2040,current,trend,0.263163238763809,宿迁市
Jiangsu,2040,current,trend,0.263163238763809,泰州市
Jiangsu,2040,current,trend,0.263163238763809,连云港市
Jiangsu,2040,current,trend,0.263163238763809,南通市
Jiangsu,2040,current,trend,0.263163238763809,苏州市
Jiangsu,2040,current,trend,0.263163238763809,常州市
Jiangsu,2045,current,trend,0.282232522964478,盐城市
Jiangsu,2045,current,trend,0.282232522964478,淮安市
Jiangsu,2045,current,trend,0.282232522964478,镇江市
Jiangsu,2045,current,trend,0.282232522964478,扬州市
Jiangsu,2045,current,trend,0.282232522964478,徐州市
Jiangsu,2045,current,trend,0.282232522964478,无锡市
Jiangsu,2045,current,trend,0.282232522964478,南京市
Jiangsu,2045,current,trend,0.282232522964478,宿迁市
Jiangsu,2045,current,trend,0.282232522964478,泰州市
Jiangsu,2045,current,trend,0.282232522964478,连云港市
Jiangsu,2045,current,trend,0.282232522964478,南通市
Jiangsu,2045,current,trend,0.282232522964478,苏州市
Jiangsu,2045,current,trend,0.282232522964478,常州市
Jiangsu,2050,current,trend,0.217523917555809,盐城市
Jiangsu,2050,current,trend,0.217523917555809,淮安市
Jiangsu,2050,current,trend,0.217523917555809,镇江市
Jiangsu,2050,current,trend,0.217523917555809,扬州市
Jiangsu,2050,current,trend,0.217523917555809,徐州市
Jiangsu,2050,current,trend,0.217523917555809,无锡市
Jiangsu,2050,current,trend,0.217523917555809,南京市
Jiangsu,2050,current,trend,0.217523917555809,宿迁市
Jiangsu,2050,current,trend,0.217523917555809,泰州市
Jiangsu,2050,current,trend,0.217523917555809,连云港市
Jiangsu,2050,current,trend,0.217523917555809,南通市
Jiangsu,2050,current,trend,0.217523917555809,苏州市
Jiangsu,2050,current,trend,0.217523917555809,常州市
Jiangsu,2030,ssp245,trend,0.0773354470729828,盐城市
Jiangsu,2030,ssp245,trend,0.0773354470729828,淮安市
Jiangsu,2030,ssp245,trend,0.0773354470729828,镇江市
Jiangsu,2030,ssp245,trend,0.0773354470729828,扬州市
Jiangsu,2030,ssp245,trend,0.0773354470729828,徐州市
Jiangsu,2030,ssp245,trend,0.0773354470729828,无锡市
Jiangsu,2030,ssp245,trend,0.0773354470729828,南京市
Jiangsu,2030,ssp245,trend,0.0773354470729828,宿迁市
Jiangsu,2030,ssp245,trend,0.0773354470729828,泰州市
Jiangsu,2030,ssp245,trend,0.0773354470729828,连云港市
Jiangsu,2030,ssp245,trend,0.0773354470729828,南通市
Jiangsu,2030,ssp245,trend,0.0773354470729828,苏州市
Jiangsu,2030,ssp245,trend,0.0773354470729828,常州市
Jiangsu,2035,ssp245,trend,0.0661379471421242,盐城市
Jiangsu,2035,ssp245,trend,0.0661379471421242,淮安市
Jiangsu,2035,ssp245,trend,0.0661379471421242,镇江市
Jiangsu,2035,ssp245,trend,0.0661379471421242,扬州市
Jiangsu,2035,ssp245,trend,0.0661379471421242,徐州市
Jiangsu,2035,ssp245,trend,0.0661379471421242,无锡市
Jiangsu,2035,ssp245,trend,0.0661379471421242,南京市
Jiangsu,2035,ssp245,trend,0.0661379471421242,宿迁市
Jiangsu,2035,ssp245,trend,0.0661379471421242,泰州市
Jiangsu,2035,ssp245,trend,0.0661379471421242,连云港市
Jiangsu,2035,ssp245,trend,0.0661379471421242,南通市
Jiangsu,2035,ssp245,trend,0.0661379471421242,苏州市
Jiangsu,2035,ssp245,trend,0.0661379471421242,常州市
Jiangsu,2040,ssp245,trend,0.0567334145307541,盐城市
Jiangsu,2040,ssp245,trend,0.0567334145307541,淮安市
Jiangsu,2040,ssp245,trend,0.0567334145307541,镇江市
Jiangsu,2040,ssp245,trend,0.0567334145307541,扬州市
Jiangsu,2040,ssp245,trend,0.0567334145307541,徐州市
Jiangsu,2040,ssp245,trend,0.0567334145307541,无锡市
Jiangsu,2040,ssp245,trend,0.0567334145307541,南京市
Jiangsu,2040,ssp245,trend,0.0567334145307541,宿迁市
Jiangsu,2040,ssp245,trend,0.0567334145307541,泰州市
Jiangsu,2040,ssp245,trend,0.0567334145307541,连云港市
Jiangsu,2040,ssp245,trend,0.0567334145307541,南通市
Jiangsu,2040,ssp245,trend,0.0567334145307541,苏州市
Jiangsu,2040,ssp245,trend,0.0567334145307541,常州市
Jiangsu,2045,ssp245,trend,0.0677442029118538,盐城市
Jiangsu,2045,ssp245,trend,0.0677442029118538,淮安市
Jiangsu,2045,ssp245,trend,0.0677442029118538,镇江市
Jiangsu,2045,ssp245,trend,0.0677442029118538,扬州市
Jiangsu,2045,ssp245,trend,0.0677442029118538,徐州市
Jiangsu,2045,ssp245,trend,0.0677442029118538,无锡市
Jiangsu,2045,ssp245,trend,0.0677442029118538,南京市
Jiangsu,2045,ssp245,trend,0.0677442029118538,宿迁市
Jiangsu,2045,ssp245,trend,0.0677442029118538,泰州市
Jiangsu,2045,ssp245,trend,0.0677442029118538,连云港市
Jiangsu,2045,ssp245,trend,0.0677442029118538,南通市
Jiangsu,2045,ssp245,trend,0.0677442029118538,苏州市
Jiangsu,2045,ssp245,trend,0.0677442029118538,常州市
Jiangsu,2050,ssp245,trend,0.159599170088768,盐城市
Jiangsu,2050,ssp245,trend,0.159599170088768,淮安市
Jiangsu,2050,ssp245,trend,0.159599170088768,镇江市
Jiangsu,2050,ssp245,trend,0.159599170088768,扬州市
Jiangsu,2050,ssp245,trend,0.159599170088768,徐州市
Jiangsu,2050,ssp245,trend,0.159599170088768,无锡市
Jiangsu,2050,ssp245,trend,0.159599170088768,南京市
Jiangsu,2050,ssp245,trend,0.159599170088768,宿迁市
Jiangsu,2050,ssp245,trend,0.159599170088768,泰州市
Jiangsu,2050,ssp245,trend,0.159599170088768,连云港市
Jiangsu,2050,ssp245,trend,0.159599170088768,南通市
Jiangsu,2050,ssp245,trend,0.159599170088768,苏州市
Jiangsu,2050,ssp245,trend,0.159599170088768,常州市
Jiangsu,2030,ssp585,trend,0.0813378170132637,盐城市
Jiangsu,2030,ssp585,trend,0.0813378170132637,淮安市
Jiangsu,2030,ssp585,trend,0.0813378170132637,镇江市
Jiangsu,2030,ssp585,trend,0.0813378170132637,扬州市
Jiangsu,2030,ssp585,trend,0.0813378170132637,徐州市
Jiangsu,2030,ssp585,trend,0.0813378170132637,无锡市
Jiangsu,2030,ssp585,trend,0.0813378170132637,南京市
Jiangsu,2030,ssp585,trend,0.0813378170132637,宿迁市
Jiangsu,2030,ssp585,trend,0.0813378170132637,泰州市
Jiangsu,2030,ssp585,trend,0.0813378170132637,连云港市
Jiangsu,2030,ssp585,trend,0.0813378170132637,南通市
Jiangsu,2030,ssp585,trend,0.0813378170132637,苏州市
Jiangsu,2030,ssp585,trend,0.0813378170132637,常州市
Jiangsu,2035,ssp585,trend,0.114513568580151,盐城市
Jiangsu,2035,ssp585,trend,0.114513568580151,淮安市
Jiangsu,2035,ssp585,trend,0.114513568580151,镇江市
Jiangsu,2035,ssp585,trend,0.114513568580151,扬州市
Jiangsu,2035,ssp585,trend,0.114513568580151,徐州市
Jiangsu,2035,ssp585,trend,0.114513568580151,无锡市
Jiangsu,2035,ssp585,trend,0.114513568580151,南京市
Jiangsu,2035,ssp585,trend,0.114513568580151,宿迁市
Jiangsu,2035,ssp585,trend,0.114513568580151,泰州市
Jiangsu,2035,ssp585,trend,0.114513568580151,连云港市
Jiangsu,2035,ssp585,trend,0.114513568580151,南通市
Jiangsu,2035,ssp585,trend,0.114513568580151,苏州市
Jiangsu,2035,ssp585,trend,0.114513568580151,常州市
Jiangsu,2040,ssp585,trend,0.10464896261692,盐城市
Jiangsu,2040,ssp585,trend,0.10464896261692,淮安市
Jiangsu,2040,ssp585,trend,0.10464896261692,镇江市
Jiangsu,2040,ssp585,trend,0.10464896261692,扬州市
Jiangsu,2040,ssp585,trend,0.10464896261692,徐州市
Jiangsu,2040,ssp585,trend,0.10464896261692,无锡市
Jiangsu,2040,ssp585,trend,0.10464896261692,南京市
Jiangsu,2040,ssp585,trend,0.10464896261692,宿迁市
Jiangsu,2040,ssp585,trend,0.10464896261692,泰州市
Jiangsu,2040,ssp585,trend,0.10464896261692,连云港市
Jiangsu,2040,ssp585,trend,0.10464896261692,南通市
Jiangsu,2040,ssp585,trend,0.10464896261692,苏州市
Jiangsu,2040,ssp585,trend,0.10464896261692,常州市
Jiangsu,2045,ssp585,trend,0.0798770561814308,盐城市
Jiangsu,2045,ssp585,trend,0.0798770561814308,淮安市
Jiangsu,2045,ssp585,trend,0.0798770561814308,镇江市
Jiangsu,2045,ssp585,trend,0.0798770561814308,扬州市
Jiangsu,2045,ssp585,trend,0.0798770561814308,徐州市
Jiangsu,2045,ssp585,trend,0.0798770561814308,无锡市
Jiangsu,2045,ssp585,trend,0.0798770561814308,南京市
Jiangsu,2045,ssp585,trend,0.0798770561814308,宿迁市
Jiangsu,2045,ssp585,trend,0.0798770561814308,泰州市
Jiangsu,2045,ssp585,trend,0.0798770561814308,连云港市
Jiangsu,2045,ssp585,trend,0.0798770561814308,南通市
Jiangsu,2045,ssp585,trend,0.0798770561814308,苏州市
Jiangsu,2045,ssp585,trend,0.0798770561814308,常州市
Jiangsu,2050,ssp585,trend,0.0688649266958237,盐城市
Jiangsu,2050,ssp585,trend,0.0688649266958237,淮安市
Jiangsu,2050,ssp585,trend,0.0688649266958237,镇江市
Jiangsu,2050,ssp585,trend,0.0688649266958237,扬州市
Jiangsu,2050,ssp585,trend,0.0688649266958237,徐州市
Jiangsu,2050,ssp585,trend,0.0688649266958237,无锡市
Jiangsu,2050,ssp585,trend,0.0688649266958237,南京市
Jiangsu,2050,ssp585,trend,0.0688649266958237,宿迁市
Jiangsu,2050,ssp585,trend,0.0688649266958237,泰州市
Jiangsu,2050,ssp585,trend,0.0688649266958237,连云港市
Jiangsu,2050,ssp585,trend,0.0688649266958237,南通市
Jiangsu,2050,ssp585,trend,0.0688649266958237,苏州市
Jiangsu,2050,ssp585,trend,0.0688649266958237,常州市
Jiangsu,2030,current,doubled,0.263163238763809,盐城市
Jiangsu,2030,current,doubled,0.263163238763809,淮安市
Jiangsu,2030,current,doubled,0.263163238763809,镇江市
Jiangsu,2030,current,doubled,0.263163238763809,扬州市
Jiangsu,2030,current,doubled,0.263163238763809,徐州市
Jiangsu,2030,current,doubled,0.263163238763809,无锡市
Jiangsu,2030,current,doubled,0.263163238763809,南京市
Jiangsu,2030,current,doubled,0.263163238763809,宿迁市
Jiangsu,2030,current,doubled,0.263163238763809,泰州市
Jiangsu,2030,current,doubled,0.263163238763809,连云港市
Jiangsu,2030,current,doubled,0.263163238763809,南通市
Jiangsu,2030,current,doubled,0.263163238763809,苏州市
Jiangsu,2030,current,doubled,0.263163238763809,常州市
Jiangsu,2035,current,doubled,0.263163238763809,盐城市
Jiangsu,2035,current,doubled,0.263163238763809,淮安市
Jiangsu,2035,current,doubled,0.263163238763809,镇江市
Jiangsu,2035,current,doubled,0.263163238763809,扬州市
Jiangsu,2035,current,doubled,0.263163238763809,徐州市
Jiangsu,2035,current,doubled,0.263163238763809,无锡市
Jiangsu,2035,current,doubled,0.263163238763809,南京市
Jiangsu,2035,current,doubled,0.263163238763809,宿迁市
Jiangsu,2035,current,doubled,0.263163238763809,泰州市
Jiangsu,2035,current,doubled,0.263163238763809,连云港市
Jiangsu,2035,current,doubled,0.263163238763809,南通市
Jiangsu,2035,current,doubled,0.263163238763809,苏州市
Jiangsu,2035,current,doubled,0.263163238763809,常州市
Jiangsu,2040,current,doubled,0.263163238763809,盐城市
Jiangsu,2040,current,doubled,0.263163238763809,淮安市
Jiangsu,2040,current,doubled,0.263163238763809,镇江市
Jiangsu,2040,current,doubled,0.263163238763809,扬州市
Jiangsu,2040,current,doubled,0.263163238763809,徐州市
Jiangsu,2040,current,doubled,0.263163238763809,无锡市
Jiangsu,2040,current,doubled,0.263163238763809,南京市
Jiangsu,2040,current,doubled,0.263163238763809,宿迁市
Jiangsu,2040,current,doubled,0.263163238763809,泰州市
Jiangsu,2040,current,doubled,0.263163238763809,连云港市
Jiangsu,2040,current,doubled,0.263163238763809,南通市
Jiangsu,2040,current,doubled,0.263163238763809,苏州市
Jiangsu,2040,current,doubled,0.263163238763809,常州市
Jiangsu,2045,current,doubled,0.263163238763809,盐城市
Jiangsu,2045,current,doubled,0.263163238763809,淮安市
Jiangsu,2045,current,doubled,0.263163238763809,镇江市
Jiangsu,2045,current,doubled,0.263163238763809,扬州市
Jiangsu,2045,current,doubled,0.263163238763809,徐州市
Jiangsu,2045,current,doubled,0.263163238763809,无锡市
Jiangsu,2045,current,doubled,0.263163238763809,南京市
Jiangsu,2045,current,doubled,0.263163238763809,宿迁市
Jiangsu,2045,current,doubled,0.263163238763809,泰州市
Jiangsu,2045,current,doubled,0.263163238763809,连云港市
Jiangsu,2045,current,doubled,0.263163238763809,南通市
Jiangsu,2045,current,doubled,0.263163238763809,苏州市
Jiangsu,2045,current,doubled,0.263163238763809,常州市
Jiangsu,2050,current,doubled,0.263163238763809,盐城市
Jiangsu,2050,current,doubled,0.263163238763809,淮安市
Jiangsu,2050,current,doubled,0.263163238763809,镇江市
Jiangsu,2050,current,doubled,0.263163238763809,扬州市
Jiangsu,2050,current,doubled,0.263163238763809,徐州市
Jiangsu,2050,current,doubled,0.263163238763809,无锡市
Jiangsu,2050,current,doubled,0.263163238763809,南京市
Jiangsu,2050,current,doubled,0.263163238763809,宿迁市
Jiangsu,2050,current,doubled,0.263163238763809,泰州市
Jiangsu,2050,current,doubled,0.263163238763809,连云港市
Jiangsu,2050,current,doubled,0.263163238763809,南通市
Jiangsu,2050,current,doubled,0.263163238763809,苏州市
Jiangsu,2050,current,doubled,0.263163238763809,常州市
Jiangsu,2030,ssp245,doubled,0.0594844073057175,盐城市
Jiangsu,2030,ssp245,doubled,0.0594844073057175,淮安市
Jiangsu,2030,ssp245,doubled,0.0594844073057175,镇江市
Jiangsu,2030,ssp245,doubled,0.0594844073057175,扬州市
Jiangsu,2030,ssp245,doubled,0.0594844073057175,徐州市
Jiangsu,2030,ssp245,doubled,0.0594844073057175,无锡市
Jiangsu,2030,ssp245,doubled,0.0594844073057175,南京市
Jiangsu,2030,ssp245,doubled,0.0594844073057175,宿迁市
Jiangsu,2030,ssp245,doubled,0.0594844073057175,泰州市
Jiangsu,2030,ssp245,doubled,0.0594844073057175,连云港市
Jiangsu,2030,ssp245,doubled,0.0594844073057175,南通市
Jiangsu,2030,ssp245,doubled,0.0594844073057175,苏州市
Jiangsu,2030,ssp245,doubled,0.0594844073057175,常州市
Jiangsu,2035,ssp245,doubled,0.177061945199966,盐城市
Jiangsu,2035,ssp245,doubled,0.177061945199966,淮安市
Jiangsu,2035,ssp245,doubled,0.177061945199966,镇江市
Jiangsu,2035,ssp245,doubled,0.177061945199966,扬州市
Jiangsu,2035,ssp245,doubled,0.177061945199966,徐州市
Jiangsu,2035,ssp245,doubled,0.177061945199966,无锡市
Jiangsu,2035,ssp245,doubled,0.177061945199966,南京市
Jiangsu,2035,ssp245,doubled,0.177061945199966,宿迁市
Jiangsu,2035,ssp245,doubled,0.177061945199966,泰州市
Jiangsu,2035,ssp245,doubled,0.177061945199966,连云港市
Jiangsu,2035,ssp245,doubled,0.177061945199966,南通市
Jiangsu,2035,ssp245,doubled,0.177061945199966,苏州市
Jiangsu,2035,ssp245,doubled,0.177061945199966,常州市
Jiangsu,2040,ssp245,doubled,0.0567334145307541,盐城市
Jiangsu,2040,ssp245,doubled,0.0567334145307541,淮安市
Jiangsu,2040,ssp245,doubled,0.0567334145307541,镇江市
Jiangsu,2040,ssp245,doubled,0.0567334145307541,扬州市
Jiangsu,2040,ssp245,doubled,0.0567334145307541,徐州市
Jiangsu,2040,ssp245,doubled,0.0567334145307541,无锡市
Jiangsu,2040,ssp245,doubled,0.0567334145307541,南京市
Jiangsu,2040,ssp245,doubled,0.0567334145307541,宿迁市
Jiangsu,2040,ssp245,doubled,0.0567334145307541,泰州市
Jiangsu,2040,ssp245,doubled,0.0567334145307541,连云港市
Jiangsu,2040,ssp245,doubled,0.0567334145307541,南通市
Jiangsu,2040,ssp245,doubled,0.0567334145307541,苏州市
Jiangsu,2040,ssp245,doubled,0.0567334145307541,常州市
Jiangsu,2045,ssp245,doubled,0.0680433362722397,盐城市
Jiangsu,2045,ssp245,doubled,0.0680433362722397,淮安市
Jiangsu,2045,ssp245,doubled,0.0680433362722397,镇江市
Jiangsu,2045,ssp245,doubled,0.0680433362722397,扬州市
Jiangsu,2045,ssp245,doubled,0.0680433362722397,徐州市
Jiangsu,2045,ssp245,doubled,0.0680433362722397,无锡市
Jiangsu,2045,ssp245,doubled,0.0680433362722397,南京市
Jiangsu,2045,ssp245,doubled,0.0680433362722397,宿迁市
Jiangsu,2045,ssp245,doubled,0.0680433362722397,泰州市
Jiangsu,2045,ssp245,doubled,0.0680433362722397,连云港市
Jiangsu,2045,ssp245,doubled,0.0680433362722397,南通市
Jiangsu,2045,ssp245,doubled,0.0680433362722397,苏州市
Jiangsu,2045,ssp245,doubled,0.0680433362722397,常州市
Jiangsu,2050,ssp245,doubled,0.15668098628521,盐城市
Jiangsu,2050,ssp245,doubled,0.15668098628521,淮安市
Jiangsu,2050,ssp245,doubled,0.15668098628521,镇江市
Jiangsu,2050,ssp245,doubled,0.15668098628521,扬州市
Jiangsu,2050,ssp245,doubled,0.15668098628521,徐州市
Jiangsu,2050,ssp245,doubled,0.15668098628521,无锡市
Jiangsu,2050,ssp245,doubled,0.15668098628521,南京市
Jiangsu,2050,ssp245,doubled,0.15668098628521,宿迁市
Jiangsu,2050,ssp245,doubled,0.15668098628521,泰州市
Jiangsu,2050,ssp245,doubled,0.15668098628521,连云港市
Jiangsu,2050,ssp245,doubled,0.15668098628521,南通市
Jiangsu,2050,ssp245,doubled,0.15668098628521,苏州市
Jiangsu,2050,ssp245,doubled,0.15668098628521,常州市
Jiangsu,2030,ssp585,doubled,0.0567334145307541,盐城市
Jiangsu,2030,ssp585,doubled,0.0567334145307541,淮安市
Jiangsu,2030,ssp585,doubled,0.0567334145307541,镇江市
Jiangsu,2030,ssp585,doubled,0.0567334145307541,扬州市
Jiangsu,2030,ssp585,doubled,0.0567334145307541,徐州市
Jiangsu,2030,ssp585,doubled,0.0567334145307541,无锡市
Jiangsu,2030,ssp585,doubled,0.0567334145307541,南京市
Jiangsu,2030,ssp585,doubled,0.0567334145307541,宿迁市
Jiangsu,2030,ssp585,doubled,0.0567334145307541,泰州市
Jiangsu,2030,ssp585,doubled,0.0567334145307541,连云港市
Jiangsu,2030,ssp585,doubled,0.0567334145307541,南通市
Jiangsu,2030,ssp585,doubled,0.0567334145307541,苏州市
Jiangsu,2030,ssp585,doubled,0.0567334145307541,常州市
Jiangsu,2035,ssp585,doubled,0.133693978190422,盐城市
Jiangsu,2035,ssp585,doubled,0.133693978190422,淮安市
Jiangsu,2035,ssp585,doubled,0.133693978190422,镇江市
Jiangsu,2035,ssp585,doubled,0.133693978190422,扬州市
Jiangsu,2035,ssp585,doubled,0.133693978190422,徐州市
Jiangsu,2035,ssp585,doubled,0.133693978190422,无锡市
Jiangsu,2035,ssp585,doubled,0.133693978190422,南京市
Jiangsu,2035,ssp585,doubled,0.133693978190422,宿迁市
Jiangsu,2035,ssp585,doubled,0.133693978190422,泰州市
Jiangsu,2035,ssp585,doubled,0.133693978190422,连云港市
Jiangsu,2035,ssp585,doubled,0.133693978190422,南通市
Jiangsu,2035,ssp585,doubled,0.133693978190422,苏州市
Jiangsu,2035,ssp585,doubled,0.133693978190422,常州市
Jiangsu,2040,ssp585,doubled,0.10464896261692,盐城市
Jiangsu,2040,ssp585,doubled,0.10464896261692,淮安市
Jiangsu,2040,ssp585,doubled,0.10464896261692,镇江市
Jiangsu,2040,ssp585,doubled,0.10464896261692,扬州市
Jiangsu,2040,ssp585,doubled,0.10464896261692,徐州市
Jiangsu,2040,ssp585,doubled,0.10464896261692,无锡市
Jiangsu,2040,ssp585,doubled,0.10464896261692,南京市
Jiangsu,2040,ssp585,doubled,0.10464896261692,宿迁市
Jiangsu,2040,ssp585,doubled,0.10464896261692,泰州市
Jiangsu,2040,ssp585,doubled,0.10464896261692,连云港市
Jiangsu,2040,ssp585,doubled,0.10464896261692,南通市
Jiangsu,2040,ssp585,doubled,0.10464896261692,苏州市
Jiangsu,2040,ssp585,doubled,0.10464896261692,常州市
Jiangsu,2045,ssp585,doubled,0.0798770561814308,盐城市
Jiangsu,2045,ssp585,doubled,0.0798770561814308,淮安市
Jiangsu,2045,ssp585,doubled,0.0798770561814308,镇江市
Jiangsu,2045,ssp585,doubled,0.0798770561814308,扬州市
Jiangsu,2045,ssp585,doubled,0.0798770561814308,徐州市
Jiangsu,2045,ssp585,doubled,0.0798770561814308,无锡市
Jiangsu,2045,ssp585,doubled,0.0798770561814308,南京市
Jiangsu,2045,ssp585,doubled,0.0798770561814308,宿迁市
Jiangsu,2045,ssp585,doubled,0.0798770561814308,泰州市
Jiangsu,2045,ssp585,doubled,0.0798770561814308,连云港市
Jiangsu,2045,ssp585,doubled,0.0798770561814308,南通市
Jiangsu,2045,ssp585,doubled,0.0798770561814308,苏州市
Jiangsu,2045,ssp585,doubled,0.0798770561814308,常州市
Jiangsu,2050,ssp585,doubled,0.0694858431816101,盐城市
Jiangsu,2050,ssp585,doubled,0.0694858431816101,淮安市
Jiangsu,2050,ssp585,doubled,0.0694858431816101,镇江市
Jiangsu,2050,ssp585,doubled,0.0694858431816101,扬州市
Jiangsu,2050,ssp585,doubled,0.0694858431816101,徐州市
Jiangsu,2050,ssp585,doubled,0.0694858431816101,无锡市
Jiangsu,2050,ssp585,doubled,0.0694858431816101,南京市
Jiangsu,2050,ssp585,doubled,0.0694858431816101,宿迁市
Jiangsu,2050,ssp585,doubled,0.0694858431816101,泰州市
Jiangsu,2050,ssp585,doubled,0.0694858431816101,连云港市
Jiangsu,2050,ssp585,doubled,0.0694858431816101,南通市
Jiangsu,2050,ssp585,doubled,0.0694858431816101,苏州市
Jiangsu,2050,ssp585,doubled,0.0694858431816101,常州市
Jiangxi,2030,current,baseline,0.320551455020905,景德镇市
Jiangxi,2030,current,baseline,0.320551455020905,萍乡市
Jiangxi,2030,current,baseline,0.320551455020905,南昌市
Jiangxi,2030,current,baseline,0.320551455020905,鹰潭市
Jiangxi,2030,current,baseline,0.320551455020905,赣州市
Jiangxi,2030,current,baseline,0.320551455020905,九江市
Jiangxi,2030,current,baseline,0.320551455020905,新余市
Jiangxi,2030,current,baseline,0.320551455020905,吉安市
Jiangxi,2030,current,baseline,0.320551455020905,宜春市
Jiangxi,2030,current,baseline,0.320551455020905,抚州市
Jiangxi,2030,current,baseline,0.320551455020905,上饶市
Jiangxi,2035,current,baseline,0.320551455020905,景德镇市
Jiangxi,2035,current,baseline,0.320551455020905,萍乡市
Jiangxi,2035,current,baseline,0.320551455020905,南昌市
Jiangxi,2035,current,baseline,0.320551455020905,鹰潭市
Jiangxi,2035,current,baseline,0.320551455020905,赣州市
Jiangxi,2035,current,baseline,0.320551455020905,九江市
Jiangxi,2035,current,baseline,0.320551455020905,新余市
Jiangxi,2035,current,baseline,0.320551455020905,吉安市
Jiangxi,2035,current,baseline,0.320551455020905,宜春市
Jiangxi,2035,current,baseline,0.320551455020905,抚州市
Jiangxi,2035,current,baseline,0.320551455020905,上饶市
Jiangxi,2040,current,baseline,0.320551455020905,景德镇市
Jiangxi,2040,current,baseline,0.320551455020905,萍乡市
Jiangxi,2040,current,baseline,0.320551455020905,南昌市
Jiangxi,2040,current,baseline,0.320551455020905,鹰潭市
Jiangxi,2040,current,baseline,0.320551455020905,赣州市
Jiangxi,2040,current,baseline,0.320551455020905,九江市
Jiangxi,2040,current,baseline,0.320551455020905,新余市
Jiangxi,2040,current,baseline,0.320551455020905,吉安市
Jiangxi,2040,current,baseline,0.320551455020905,宜春市
Jiangxi,2040,current,baseline,0.320551455020905,抚州市
Jiangxi,2040,current,baseline,0.320551455020905,上饶市
Jiangxi,2045,current,baseline,0.320551455020905,景德镇市
Jiangxi,2045,current,baseline,0.320551455020905,萍乡市
Jiangxi,2045,current,baseline,0.320551455020905,南昌市
Jiangxi,2045,current,baseline,0.320551455020905,鹰潭市
Jiangxi,2045,current,baseline,0.320551455020905,赣州市
Jiangxi,2045,current,baseline,0.320551455020905,九江市
Jiangxi,2045,current,baseline,0.320551455020905,新余市
Jiangxi,2045,current,baseline,0.320551455020905,吉安市
Jiangxi,2045,current,baseline,0.320551455020905,宜春市
Jiangxi,2045,current,baseline,0.320551455020905,抚州市
Jiangxi,2045,current,baseline,0.320551455020905,上饶市
Jiangxi,2050,current,baseline,0.320551455020905,景德镇市
Jiangxi,2050,current,baseline,0.320551455020905,萍乡市
Jiangxi,2050,current,baseline,0.320551455020905,南昌市
Jiangxi,2050,current,baseline,0.320551455020905,鹰潭市
Jiangxi,2050,current,baseline,0.320551455020905,赣州市
Jiangxi,2050,current,baseline,0.320551455020905,九江市
Jiangxi,2050,current,baseline,0.320551455020905,新余市
Jiangxi,2050,current,baseline,0.320551455020905,吉安市
Jiangxi,2050,current,baseline,0.320551455020905,宜春市
Jiangxi,2050,current,baseline,0.320551455020905,抚州市
Jiangxi,2050,current,baseline,0.320551455020905,上饶市
Jiangxi,2030,ssp245,baseline,0.150270789861679,景德镇市
Jiangxi,2030,ssp245,baseline,0.150270789861679,萍乡市
Jiangxi,2030,ssp245,baseline,0.150270789861679,南昌市
Jiangxi,2030,ssp245,baseline,0.150270789861679,鹰潭市
Jiangxi,2030,ssp245,baseline,0.150270789861679,赣州市
Jiangxi,2030,ssp245,baseline,0.150270789861679,九江市
Jiangxi,2030,ssp245,baseline,0.150270789861679,新余市
Jiangxi,2030,ssp245,baseline,0.150270789861679,吉安市
Jiangxi,2030,ssp245,baseline,0.150270789861679,宜春市
Jiangxi,2030,ssp245,baseline,0.150270789861679,抚州市
Jiangxi,2030,ssp245,baseline,0.150270789861679,上饶市
Jiangxi,2035,ssp245,baseline,0.113932333886623,景德镇市
Jiangxi,2035,ssp245,baseline,0.113932333886623,萍乡市
Jiangxi,2035,ssp245,baseline,0.113932333886623,南昌市
Jiangxi,2035,ssp245,baseline,0.113932333886623,鹰潭市
Jiangxi,2035,ssp245,baseline,0.113932333886623,赣州市
Jiangxi,2035,ssp245,baseline,0.113932333886623,九江市
Jiangxi,2035,ssp245,baseline,0.113932333886623,新余市
Jiangxi,2035,ssp245,baseline,0.113932333886623,吉安市
Jiangxi,2035,ssp245,baseline,0.113932333886623,宜春市
Jiangxi,2035,ssp245,baseline,0.113932333886623,抚州市
Jiangxi,2035,ssp245,baseline,0.113932333886623,上饶市
Jiangxi,2040,ssp245,baseline,0.126072615385056,景德镇市
Jiangxi,2040,ssp245,baseline,0.126072615385056,萍乡市
Jiangxi,2040,ssp245,baseline,0.126072615385056,南昌市
Jiangxi,2040,ssp245,baseline,0.126072615385056,鹰潭市
Jiangxi,2040,ssp245,baseline,0.126072615385056,赣州市
Jiangxi,2040,ssp245,baseline,0.126072615385056,九江市
Jiangxi,2040,ssp245,baseline,0.126072615385056,新余市
Jiangxi,2040,ssp245,baseline,0.126072615385056,吉安市
Jiangxi,2040,ssp245,baseline,0.126072615385056,宜春市
Jiangxi,2040,ssp245,baseline,0.126072615385056,抚州市
Jiangxi,2040,ssp245,baseline,0.126072615385056,上饶市
Jiangxi,2045,ssp245,baseline,0.129147216677666,景德镇市
Jiangxi,2045,ssp245,baseline,0.129147216677666,萍乡市
Jiangxi,2045,ssp245,baseline,0.129147216677666,南昌市
Jiangxi,2045,ssp245,baseline,0.129147216677666,鹰潭市
Jiangxi,2045,ssp245,baseline,0.129147216677666,赣州市
Jiangxi,2045,ssp245,baseline,0.129147216677666,九江市
Jiangxi,2045,ssp245,baseline,0.129147216677666,新余市
Jiangxi,2045,ssp245,baseline,0.129147216677666,吉安市
Jiangxi,2045,ssp245,baseline,0.129147216677666,宜春市
Jiangxi,2045,ssp245,baseline,0.129147216677666,抚州市
Jiangxi,2045,ssp245,baseline,0.129147216677666,上饶市
Jiangxi,2050,ssp245,baseline,0.298037797212601,景德镇市
Jiangxi,2050,ssp245,baseline,0.298037797212601,萍乡市
Jiangxi,2050,ssp245,baseline,0.298037797212601,南昌市
Jiangxi,2050,ssp245,baseline,0.298037797212601,鹰潭市
Jiangxi,2050,ssp245,baseline,0.298037797212601,赣州市
Jiangxi,2050,ssp245,baseline,0.298037797212601,九江市
Jiangxi,2050,ssp245,baseline,0.298037797212601,新余市
Jiangxi,2050,ssp245,baseline,0.298037797212601,吉安市
Jiangxi,2050,ssp245,baseline,0.298037797212601,宜春市
Jiangxi,2050,ssp245,baseline,0.298037797212601,抚州市
Jiangxi,2050,ssp245,baseline,0.298037797212601,上饶市
Jiangxi,2030,ssp585,baseline,0.126072615385056,景德镇市
Jiangxi,2030,ssp585,baseline,0.126072615385056,萍乡市
Jiangxi,2030,ssp585,baseline,0.126072615385056,南昌市
Jiangxi,2030,ssp585,baseline,0.126072615385056,鹰潭市
Jiangxi,2030,ssp585,baseline,0.126072615385056,赣州市
Jiangxi,2030,ssp585,baseline,0.126072615385056,九江市
Jiangxi,2030,ssp585,baseline,0.126072615385056,新余市
Jiangxi,2030,ssp585,baseline,0.126072615385056,吉安市
Jiangxi,2030,ssp585,baseline,0.126072615385056,宜春市
Jiangxi,2030,ssp585,baseline,0.126072615385056,抚州市
Jiangxi,2030,ssp585,baseline,0.126072615385056,上饶市
Jiangxi,2035,ssp585,baseline,0.211583182215691,景德镇市
Jiangxi,2035,ssp585,baseline,0.211583182215691,萍乡市
Jiangxi,2035,ssp585,baseline,0.211583182215691,南昌市
Jiangxi,2035,ssp585,baseline,0.211583182215691,鹰潭市
Jiangxi,2035,ssp585,baseline,0.211583182215691,赣州市
Jiangxi,2035,ssp585,baseline,0.211583182215691,九江市
Jiangxi,2035,ssp585,baseline,0.211583182215691,新余市
Jiangxi,2035,ssp585,baseline,0.211583182215691,吉安市
Jiangxi,2035,ssp585,baseline,0.211583182215691,宜春市
Jiangxi,2035,ssp585,baseline,0.211583182215691,抚州市
Jiangxi,2035,ssp585,baseline,0.211583182215691,上饶市
Jiangxi,2040,ssp585,baseline,0.0739172995090485,景德镇市
Jiangxi,2040,ssp585,baseline,0.0739172995090485,萍乡市
Jiangxi,2040,ssp585,baseline,0.0739172995090485,南昌市
Jiangxi,2040,ssp585,baseline,0.0739172995090485,鹰潭市
Jiangxi,2040,ssp585,baseline,0.0739172995090485,赣州市
Jiangxi,2040,ssp585,baseline,0.0739172995090485,九江市
Jiangxi,2040,ssp585,baseline,0.0739172995090485,新余市
Jiangxi,2040,ssp585,baseline,0.0739172995090485,吉安市
Jiangxi,2040,ssp585,baseline,0.0739172995090485,宜春市
Jiangxi,2040,ssp585,baseline,0.0739172995090485,抚州市
Jiangxi,2040,ssp585,baseline,0.0739172995090485,上饶市
Jiangxi,2045,ssp585,baseline,0.060943778604269,景德镇市
Jiangxi,2045,ssp585,baseline,0.060943778604269,萍乡市
Jiangxi,2045,ssp585,baseline,0.060943778604269,南昌市
Jiangxi,2045,ssp585,baseline,0.060943778604269,鹰潭市
Jiangxi,2045,ssp585,baseline,0.060943778604269,赣州市
Jiangxi,2045,ssp585,baseline,0.060943778604269,九江市
Jiangxi,2045,ssp585,baseline,0.060943778604269,新余市
Jiangxi,2045,ssp585,baseline,0.060943778604269,吉安市
Jiangxi,2045,ssp585,baseline,0.060943778604269,宜春市
Jiangxi,2045,ssp585,baseline,0.060943778604269,抚州市
Jiangxi,2045,ssp585,baseline,0.060943778604269,上饶市
Jiangxi,2050,ssp585,baseline,0.0782831385731697,景德镇市
Jiangxi,2050,ssp585,baseline,0.0782831385731697,萍乡市
Jiangxi,2050,ssp585,baseline,0.0782831385731697,南昌市
Jiangxi,2050,ssp585,baseline,0.0782831385731697,鹰潭市
Jiangxi,2050,ssp585,baseline,0.0782831385731697,赣州市
Jiangxi,2050,ssp585,baseline,0.0782831385731697,九江市
Jiangxi,2050,ssp585,baseline,0.0782831385731697,新余市
Jiangxi,2050,ssp585,baseline,0.0782831385731697,吉安市
Jiangxi,2050,ssp585,baseline,0.0782831385731697,宜春市
Jiangxi,2050,ssp585,baseline,0.0782831385731697,抚州市
Jiangxi,2050,ssp585,baseline,0.0782831385731697,上饶市
Jiangxi,2030,current,trend,0.257803291082382,景德镇市
Jiangxi,2030,current,trend,0.257803291082382,萍乡市
Jiangxi,2030,current,trend,0.257803291082382,南昌市
Jiangxi,2030,current,trend,0.257803291082382,鹰潭市
Jiangxi,2030,current,trend,0.257803291082382,赣州市
Jiangxi,2030,current,trend,0.257803291082382,九江市
Jiangxi,2030,current,trend,0.257803291082382,新余市
Jiangxi,2030,current,trend,0.257803291082382,吉安市
Jiangxi,2030,current,trend,0.257803291082382,宜春市
Jiangxi,2030,current,trend,0.257803291082382,抚州市
Jiangxi,2030,current,trend,0.257803291082382,上饶市
Jiangxi,2035,current,trend,0.205125153064728,景德镇市
Jiangxi,2035,current,trend,0.205125153064728,萍乡市
Jiangxi,2035,current,trend,0.205125153064728,南昌市
Jiangxi,2035,current,trend,0.205125153064728,鹰潭市
Jiangxi,2035,current,trend,0.205125153064728,赣州市
Jiangxi,2035,current,trend,0.205125153064728,九江市
Jiangxi,2035,current,trend,0.205125153064728,新余市
Jiangxi,2035,current,trend,0.205125153064728,吉安市
Jiangxi,2035,current,trend,0.205125153064728,宜春市
Jiangxi,2035,current,trend,0.205125153064728,抚州市
Jiangxi,2035,current,trend,0.205125153064728,上饶市
Jiangxi,2040,current,trend,0.206952139735222,景德镇市
Jiangxi,2040,current,trend,0.206952139735222,萍乡市
Jiangxi,2040,current,trend,0.206952139735222,南昌市
Jiangxi,2040,current,trend,0.206952139735222,鹰潭市
Jiangxi,2040,current,trend,0.206952139735222,赣州市
Jiangxi,2040,current,trend,0.206952139735222,九江市
Jiangxi,2040,current,trend,0.206952139735222,新余市
Jiangxi,2040,current,trend,0.206952139735222,吉安市
Jiangxi,2040,current,trend,0.206952139735222,宜春市
Jiangxi,2040,current,trend,0.206952139735222,抚州市
Jiangxi,2040,current,trend,0.206952139735222,上饶市
Jiangxi,2045,current,trend,0.29090017080307,景德镇市
Jiangxi,2045,current,trend,0.29090017080307,萍乡市
Jiangxi,2045,current,trend,0.29090017080307,南昌市
Jiangxi,2045,current,trend,0.29090017080307,鹰潭市
Jiangxi,2045,current,trend,0.29090017080307,赣州市
Jiangxi,2045,current,trend,0.29090017080307,九江市
Jiangxi,2045,current,trend,0.29090017080307,新余市
Jiangxi,2045,current,trend,0.29090017080307,吉安市
Jiangxi,2045,current,trend,0.29090017080307,宜春市
Jiangxi,2045,current,trend,0.29090017080307,抚州市
Jiangxi,2045,current,trend,0.29090017080307,上饶市
Jiangxi,2050,current,trend,0.279732972383499,景德镇市
Jiangxi,2050,current,trend,0.279732972383499,萍乡市
Jiangxi,2050,current,trend,0.279732972383499,南昌市
Jiangxi,2050,current,trend,0.279732972383499,鹰潭市
Jiangxi,2050,current,trend,0.279732972383499,赣州市
Jiangxi,2050,current,trend,0.279732972383499,九江市
Jiangxi,2050,current,trend,0.279732972383499,新余市
Jiangxi,2050,current,trend,0.279732972383499,吉安市
Jiangxi,2050,current,trend,0.279732972383499,宜春市
Jiangxi,2050,current,trend,0.279732972383499,抚州市
Jiangxi,2050,current,trend,0.279732972383499,上饶市
Jiangxi,2030,ssp245,trend,0.0482372082769871,景德镇市
Jiangxi,2030,ssp245,trend,0.0482372082769871,萍乡市
Jiangxi,2030,ssp245,trend,0.0482372082769871,南昌市
Jiangxi,2030,ssp245,trend,0.0482372082769871,鹰潭市
Jiangxi,2030,ssp245,trend,0.0482372082769871,赣州市
Jiangxi,2030,ssp245,trend,0.0482372082769871,九江市
Jiangxi,2030,ssp245,trend,0.0482372082769871,新余市
Jiangxi,2030,ssp245,trend,0.0482372082769871,吉安市
Jiangxi,2030,ssp245,trend,0.0482372082769871,宜春市
Jiangxi,2030,ssp245,trend,0.0482372082769871,抚州市
Jiangxi,2030,ssp245,trend,0.0482372082769871,上饶市
Jiangxi,2035,ssp245,trend,0.110097229480743,景德镇市
Jiangxi,2035,ssp245,trend,0.110097229480743,萍乡市
Jiangxi,2035,ssp245,trend,0.110097229480743,南昌市
Jiangxi,2035,ssp245,trend,0.110097229480743,鹰潭市
Jiangxi,2035,ssp245,trend,0.110097229480743,赣州市
Jiangxi,2035,ssp245,trend,0.110097229480743,九江市
Jiangxi,2035,ssp245,trend,0.110097229480743,新余市
Jiangxi,2035,ssp245,trend,0.110097229480743,吉安市
Jiangxi,2035,ssp245,trend,0.110097229480743,宜春市
Jiangxi,2035,ssp245,trend,0.110097229480743,抚州市
Jiangxi,2035,ssp245,trend,0.110097229480743,上饶市
Jiangxi,2040,ssp245,trend,0.0455839820206165,景德镇市
Jiangxi,2040,ssp245,trend,0.0455839820206165,萍乡市
Jiangxi,2040,ssp245,trend,0.0455839820206165,南昌市
Jiangxi,2040,ssp245,trend,0.0455839820206165,鹰潭市
Jiangxi,2040,ssp245,trend,0.0455839820206165,赣州市
Jiangxi,2040,ssp245,trend,0.0455839820206165,九江市
Jiangxi,2040,ssp245,trend,0.0455839820206165,新余市
Jiangxi,2040,ssp245,trend,0.0455839820206165,吉安市
Jiangxi,2040,ssp245,trend,0.0455839820206165,宜春市
Jiangxi,2040,ssp245,trend,0.0455839820206165,抚州市
Jiangxi,2040,ssp245,trend,0.0455839820206165,上饶市
Jiangxi,2045,ssp245,trend,0.101681724190712,景德镇市
Jiangxi,2045,ssp245,trend,0.101681724190712,萍乡市
Jiangxi,2045,ssp245,trend,0.101681724190712,南昌市
Jiangxi,2045,ssp245,trend,0.101681724190712,鹰潭市
Jiangxi,2045,ssp245,trend,0.101681724190712,赣州市
Jiangxi,2045,ssp245,trend,0.101681724190712,九江市
Jiangxi,2045,ssp245,trend,0.101681724190712,新余市
Jiangxi,2045,ssp245,trend,0.101681724190712,吉安市
Jiangxi,2045,ssp245,trend,0.101681724190712,宜春市
Jiangxi,2045,ssp245,trend,0.101681724190712,抚州市
Jiangxi,2045,ssp245,trend,0.101681724190712,上饶市
Jiangxi,2050,ssp245,trend,0.138082414865494,景德镇市
Jiangxi,2050,ssp245,trend,0.138082414865494,萍乡市
Jiangxi,2050,ssp245,trend,0.138082414865494,南昌市
Jiangxi,2050,ssp245,trend,0.138082414865494,鹰潭市
Jiangxi,2050,ssp245,trend,0.138082414865494,赣州市
Jiangxi,2050,ssp245,trend,0.138082414865494,九江市
Jiangxi,2050,ssp245,trend,0.138082414865494,新余市
Jiangxi,2050,ssp245,trend,0.138082414865494,吉安市
Jiangxi,2050,ssp245,trend,0.138082414865494,宜春市
Jiangxi,2050,ssp245,trend,0.138082414865494,抚州市
Jiangxi,2050,ssp245,trend,0.138082414865494,上饶市
Jiangxi,2030,ssp585,trend,0.0447728745639324,景德镇市
Jiangxi,2030,ssp585,trend,0.0447728745639324,萍乡市
Jiangxi,2030,ssp585,trend,0.0447728745639324,南昌市
Jiangxi,2030,ssp585,trend,0.0447728745639324,鹰潭市
Jiangxi,2030,ssp585,trend,0.0447728745639324,赣州市
Jiangxi,2030,ssp585,trend,0.0447728745639324,九江市
Jiangxi,2030,ssp585,trend,0.0447728745639324,新余市
Jiangxi,2030,ssp585,trend,0.0447728745639324,吉安市
Jiangxi,2030,ssp585,trend,0.0447728745639324,宜春市
Jiangxi,2030,ssp585,trend,0.0447728745639324,抚州市
Jiangxi,2030,ssp585,trend,0.0447728745639324,上饶市
Jiangxi,2035,ssp585,trend,0.125496551394463,景德镇市
Jiangxi,2035,ssp585,trend,0.125496551394463,萍乡市
Jiangxi,2035,ssp585,trend,0.125496551394463,南昌市
Jiangxi,2035,ssp585,trend,0.125496551394463,鹰潭市
Jiangxi,2035,ssp585,trend,0.125496551394463,赣州市
Jiangxi,2035,ssp585,trend,0.125496551394463,九江市
Jiangxi,2035,ssp585,trend,0.125496551394463,新余市
Jiangxi,2035,ssp585,trend,0.125496551394463,吉安市
Jiangxi,2035,ssp585,trend,0.125496551394463,宜春市
Jiangxi,2035,ssp585,trend,0.125496551394463,抚州市
Jiangxi,2035,ssp585,trend,0.125496551394463,上饶市
Jiangxi,2040,ssp585,trend,0.0814507454633713,景德镇市
Jiangxi,2040,ssp585,trend,0.0814507454633713,萍乡市
Jiangxi,2040,ssp585,trend,0.0814507454633713,南昌市
Jiangxi,2040,ssp585,trend,0.0814507454633713,鹰潭市
Jiangxi,2040,ssp585,trend,0.0814507454633713,赣州市
Jiangxi,2040,ssp585,trend,0.0814507454633713,九江市
Jiangxi,2040,ssp585,trend,0.0814507454633713,新余市
Jiangxi,2040,ssp585,trend,0.0814507454633713,吉安市
Jiangxi,2040,ssp585,trend,0.0814507454633713,宜春市
Jiangxi,2040,ssp585,trend,0.0814507454633713,抚州市
Jiangxi,2040,ssp585,trend,0.0814507454633713,上饶市
Jiangxi,2045,ssp585,trend,0.0814504101872444,景德镇市
Jiangxi,2045,ssp585,trend,0.0814504101872444,萍乡市
Jiangxi,2045,ssp585,trend,0.0814504101872444,南昌市
Jiangxi,2045,ssp585,trend,0.0814504101872444,鹰潭市
Jiangxi,2045,ssp585,trend,0.0814504101872444,赣州市
Jiangxi,2045,ssp585,trend,0.0814504101872444,九江市
Jiangxi,2045,ssp585,trend,0.0814504101872444,新余市
Jiangxi,2045,ssp585,trend,0.0814504101872444,吉安市
Jiangxi,2045,ssp585,trend,0.0814504101872444,宜春市
Jiangxi,2045,ssp585,trend,0.0814504101872444,抚州市
Jiangxi,2045,ssp585,trend,0.0814504101872444,上饶市
Jiangxi,2050,ssp585,trend,0.0694858431816101,景德镇市
Jiangxi,2050,ssp585,trend,0.0694858431816101,萍乡市
Jiangxi,2050,ssp585,trend,0.0694858431816101,南昌市
Jiangxi,2050,ssp585,trend,0.0694858431816101,鹰潭市
Jiangxi,2050,ssp585,trend,0.0694858431816101,赣州市
Jiangxi,2050,ssp585,trend,0.0694858431816101,九江市
Jiangxi,2050,ssp585,trend,0.0694858431816101,新余市
Jiangxi,2050,ssp585,trend,0.0694858431816101,吉安市
Jiangxi,2050,ssp585,trend,0.0694858431816101,宜春市
Jiangxi,2050,ssp585,trend,0.0694858431816101,抚州市
Jiangxi,2050,ssp585,trend,0.0694858431816101,上饶市
Jiangxi,2030,current,doubled,0.206952139735222,景德镇市
Jiangxi,2030,current,doubled,0.206952139735222,萍乡市
Jiangxi,2030,current,doubled,0.206952139735222,南昌市
Jiangxi,2030,current,doubled,0.206952139735222,鹰潭市
Jiangxi,2030,current,doubled,0.206952139735222,赣州市
Jiangxi,2030,current,doubled,0.206952139735222,九江市
Jiangxi,2030,current,doubled,0.206952139735222,新余市
Jiangxi,2030,current,doubled,0.206952139735222,吉安市
Jiangxi,2030,current,doubled,0.206952139735222,宜春市
Jiangxi,2030,current,doubled,0.206952139735222,抚州市
Jiangxi,2030,current,doubled,0.206952139735222,上饶市
Jiangxi,2035,current,doubled,0.206952139735222,景德镇市
Jiangxi,2035,current,doubled,0.206952139735222,萍乡市
Jiangxi,2035,current,doubled,0.206952139735222,南昌市
Jiangxi,2035,current,doubled,0.206952139735222,鹰潭市
Jiangxi,2035,current,doubled,0.206952139735222,赣州市
Jiangxi,2035,current,doubled,0.206952139735222,九江市
Jiangxi,2035,current,doubled,0.206952139735222,新余市
Jiangxi,2035,current,doubled,0.206952139735222,吉安市
Jiangxi,2035,current,doubled,0.206952139735222,宜春市
Jiangxi,2035,current,doubled,0.206952139735222,抚州市
Jiangxi,2035,current,doubled,0.206952139735222,上饶市
Jiangxi,2040,current,doubled,0.206952139735222,景德镇市
Jiangxi,2040,current,doubled,0.206952139735222,萍乡市
Jiangxi,2040,current,doubled,0.206952139735222,南昌市
Jiangxi,2040,current,doubled,0.206952139735222,鹰潭市
Jiangxi,2040,current,doubled,0.206952139735222,赣州市
Jiangxi,2040,current,doubled,0.206952139735222,九江市
Jiangxi,2040,current,doubled,0.206952139735222,新余市
Jiangxi,2040,current,doubled,0.206952139735222,吉安市
Jiangxi,2040,current,doubled,0.206952139735222,宜春市
Jiangxi,2040,current,doubled,0.206952139735222,抚州市
Jiangxi,2040,current,doubled,0.206952139735222,上饶市
Jiangxi,2045,current,doubled,0.206952139735222,景德镇市
Jiangxi,2045,current,doubled,0.206952139735222,萍乡市
Jiangxi,2045,current,doubled,0.206952139735222,南昌市
Jiangxi,2045,current,doubled,0.206952139735222,鹰潭市
Jiangxi,2045,current,doubled,0.206952139735222,赣州市
Jiangxi,2045,current,doubled,0.206952139735222,九江市
Jiangxi,2045,current,doubled,0.206952139735222,新余市
Jiangxi,2045,current,doubled,0.206952139735222,吉安市
Jiangxi,2045,current,doubled,0.206952139735222,宜春市
Jiangxi,2045,current,doubled,0.206952139735222,抚州市
Jiangxi,2045,current,doubled,0.206952139735222,上饶市
Jiangxi,2050,current,doubled,0.206952139735222,景德镇市
Jiangxi,2050,current,doubled,0.206952139735222,萍乡市
Jiangxi,2050,current,doubled,0.206952139735222,南昌市
Jiangxi,2050,current,doubled,0.206952139735222,鹰潭市
Jiangxi,2050,current,doubled,0.206952139735222,赣州市
Jiangxi,2050,current,doubled,0.206952139735222,九江市
Jiangxi,2050,current,doubled,0.206952139735222,新余市
Jiangxi,2050,current,doubled,0.206952139735222,吉安市
Jiangxi,2050,current,doubled,0.206952139735222,宜春市
Jiangxi,2050,current,doubled,0.206952139735222,抚州市
Jiangxi,2050,current,doubled,0.206952139735222,上饶市
Jiangxi,2030,ssp245,doubled,0.111561357975006,景德镇市
Jiangxi,2030,ssp245,doubled,0.111561357975006,萍乡市
Jiangxi,2030,ssp245,doubled,0.111561357975006,南昌市
Jiangxi,2030,ssp245,doubled,0.111561357975006,鹰潭市
Jiangxi,2030,ssp245,doubled,0.111561357975006,赣州市
Jiangxi,2030,ssp245,doubled,0.111561357975006,九江市
Jiangxi,2030,ssp245,doubled,0.111561357975006,新余市
Jiangxi,2030,ssp245,doubled,0.111561357975006,吉安市
Jiangxi,2030,ssp245,doubled,0.111561357975006,宜春市
Jiangxi,2030,ssp245,doubled,0.111561357975006,抚州市
Jiangxi,2030,ssp245,doubled,0.111561357975006,上饶市
Jiangxi,2035,ssp245,doubled,0.0948475301265717,景德镇市
Jiangxi,2035,ssp245,doubled,0.0948475301265717,萍乡市
Jiangxi,2035,ssp245,doubled,0.0948475301265717,南昌市
Jiangxi,2035,ssp245,doubled,0.0948475301265717,鹰潭市
Jiangxi,2035,ssp245,doubled,0.0948475301265717,赣州市
Jiangxi,2035,ssp245,doubled,0.0948475301265717,九江市
Jiangxi,2035,ssp245,doubled,0.0948475301265717,新余市
Jiangxi,2035,ssp245,doubled,0.0948475301265717,吉安市
Jiangxi,2035,ssp245,doubled,0.0948475301265717,宜春市
Jiangxi,2035,ssp245,doubled,0.0948475301265717,抚州市
Jiangxi,2035,ssp245,doubled,0.0948475301265717,上饶市
Jiangxi,2040,ssp245,doubled,0.0738559141755104,景德镇市
Jiangxi,2040,ssp245,doubled,0.0738559141755104,萍乡市
Jiangxi,2040,ssp245,doubled,0.0738559141755104,南昌市
Jiangxi,2040,ssp245,doubled,0.0738559141755104,鹰潭市
Jiangxi,2040,ssp245,doubled,0.0738559141755104,赣州市
Jiangxi,2040,ssp245,doubled,0.0738559141755104,九江市
Jiangxi,2040,ssp245,doubled,0.0738559141755104,新余市
Jiangxi,2040,ssp245,doubled,0.0738559141755104,吉安市
Jiangxi,2040,ssp245,doubled,0.0738559141755104,宜春市
Jiangxi,2040,ssp245,doubled,0.0738559141755104,抚州市
Jiangxi,2040,ssp245,doubled,0.0738559141755104,上饶市
Jiangxi,2045,ssp245,doubled,0.123294115066528,景德镇市
Jiangxi,2045,ssp245,doubled,0.123294115066528,萍乡市
Jiangxi,2045,ssp245,doubled,0.123294115066528,南昌市
Jiangxi,2045,ssp245,doubled,0.123294115066528,鹰潭市
Jiangxi,2045,ssp245,doubled,0.123294115066528,赣州市
Jiangxi,2045,ssp245,doubled,0.123294115066528,九江市
Jiangxi,2045,ssp245,doubled,0.123294115066528,新余市
Jiangxi,2045,ssp245,doubled,0.123294115066528,吉安市
Jiangxi,2045,ssp245,doubled,0.123294115066528,宜春市
Jiangxi,2045,ssp245,doubled,0.123294115066528,抚州市
Jiangxi,2045,ssp245,doubled,0.123294115066528,上饶市
Jiangxi,2050,ssp245,doubled,0.152623668313026,景德镇市
Jiangxi,2050,ssp245,doubled,0.152623668313026,萍乡市
Jiangxi,2050,ssp245,doubled,0.152623668313026,南昌市
Jiangxi,2050,ssp245,doubled,0.152623668313026,鹰潭市
Jiangxi,2050,ssp245,doubled,0.152623668313026,赣州市
Jiangxi,2050,ssp245,doubled,0.152623668313026,九江市
Jiangxi,2050,ssp245,doubled,0.152623668313026,新余市
Jiangxi,2050,ssp245,doubled,0.152623668313026,吉安市
Jiangxi,2050,ssp245,doubled,0.152623668313026,宜春市
Jiangxi,2050,ssp245,doubled,0.152623668313026,抚州市
Jiangxi,2050,ssp245,doubled,0.152623668313026,上饶市
Jiangxi,2030,ssp585,doubled,0.0738559141755104,景德镇市
Jiangxi,2030,ssp585,doubled,0.0738559141755104,萍乡市
Jiangxi,2030,ssp585,doubled,0.0738559141755104,南昌市
Jiangxi,2030,ssp585,doubled,0.0738559141755104,鹰潭市
Jiangxi,2030,ssp585,doubled,0.0738559141755104,赣州市
Jiangxi,2030,ssp585,doubled,0.0738559141755104,九江市
Jiangxi,2030,ssp585,doubled,0.0738559141755104,新余市
Jiangxi,2030,ssp585,doubled,0.0738559141755104,吉安市
Jiangxi,2030,ssp585,doubled,0.0738559141755104,宜春市
Jiangxi,2030,ssp585,doubled,0.0738559141755104,抚州市
Jiangxi,2030,ssp585,doubled,0.0738559141755104,上饶市
Jiangxi,2035,ssp585,doubled,0.127465218305588,景德镇市
Jiangxi,2035,ssp585,doubled,0.127465218305588,萍乡市
Jiangxi,2035,ssp585,doubled,0.127465218305588,南昌市
Jiangxi,2035,ssp585,doubled,0.127465218305588,鹰潭市
Jiangxi,2035,ssp585,doubled,0.127465218305588,赣州市
Jiangxi,2035,ssp585,doubled,0.127465218305588,九江市
Jiangxi,2035,ssp585,doubled,0.127465218305588,新余市
Jiangxi,2035,ssp585,doubled,0.127465218305588,吉安市
Jiangxi,2035,ssp585,doubled,0.127465218305588,宜春市
Jiangxi,2035,ssp585,doubled,0.127465218305588,抚州市
Jiangxi,2035,ssp585,doubled,0.127465218305588,上饶市
Jiangxi,2040,ssp585,doubled,0.0881073921918869,景德镇市
Jiangxi,2040,ssp585,doubled,0.0881073921918869,萍乡市
Jiangxi,2040,ssp585,doubled,0.0881073921918869,南昌市
Jiangxi,2040,ssp585,doubled,0.0881073921918869,鹰潭市
Jiangxi,2040,ssp585,doubled,0.0881073921918869,赣州市
Jiangxi,2040,ssp585,doubled,0.0881073921918869,九江市
Jiangxi,2040,ssp585,doubled,0.0881073921918869,新余市
Jiangxi,2040,ssp585,doubled,0.0881073921918869,吉安市
Jiangxi,2040,ssp585,doubled,0.0881073921918869,宜春市
Jiangxi,2040,ssp585,doubled,0.0881073921918869,抚州市
Jiangxi,2040,ssp585,doubled,0.0881073921918869,上饶市
Jiangxi,2045,ssp585,doubled,0.117467656731606,景德镇市
Jiangxi,2045,ssp585,doubled,0.117467656731606,萍乡市
Jiangxi,2045,ssp585,doubled,0.117467656731606,南昌市
Jiangxi,2045,ssp585,doubled,0.117467656731606,鹰潭市
Jiangxi,2045,ssp585,doubled,0.117467656731606,赣州市
Jiangxi,2045,ssp585,doubled,0.117467656731606,九江市
Jiangxi,2045,ssp585,doubled,0.117467656731606,新余市
Jiangxi,2045,ssp585,doubled,0.117467656731606,吉安市
Jiangxi,2045,ssp585,doubled,0.117467656731606,宜春市
Jiangxi,2045,ssp585,doubled,0.117467656731606,抚州市
Jiangxi,2045,ssp585,doubled,0.117467656731606,上饶市
Jiangxi,2050,ssp585,doubled,0.0704600736498833,景德镇市
Jiangxi,2050,ssp585,doubled,0.0704600736498833,萍乡市
Jiangxi,2050,ssp585,doubled,0.0704600736498833,南昌市
Jiangxi,2050,ssp585,doubled,0.0704600736498833,鹰潭市
Jiangxi,2050,ssp585,doubled,0.0704600736498833,赣州市
Jiangxi,2050,ssp585,doubled,0.0704600736498833,九江市
Jiangxi,2050,ssp585,doubled,0.0704600736498833,新余市
Jiangxi,2050,ssp585,doubled,0.0704600736498833,吉安市
Jiangxi,2050,ssp585,doubled,0.0704600736498833,宜春市
Jiangxi,2050,ssp585,doubled,0.0704600736498833,抚州市
Jiangxi,2050,ssp585,doubled,0.0704600736498833,上饶市
Jilin,2030,current,baseline,0.376951396465302,长春市
Jilin,2030,current,baseline,0.376951396465302,延边朝鲜族自治州
Jilin,2030,current,baseline,0.376951396465302,辽源市
Jilin,2030,current,baseline,0.376951396465302,通化市
Jilin,2030,current,baseline,0.376951396465302,吉林市
Jilin,2030,current,baseline,0.376951396465302,四平市
Jilin,2030,current,baseline,0.376951396465302,白城市
Jilin,2030,current,baseline,0.376951396465302,白山市
Jilin,2030,current,baseline,0.376951396465302,松原市
Jilin,2035,current,baseline,0.376951396465302,长春市
Jilin,2035,current,baseline,0.376951396465302,延边朝鲜族自治州
Jilin,2035,current,baseline,0.376951396465302,辽源市
Jilin,2035,current,baseline,0.376951396465302,通化市
Jilin,2035,current,baseline,0.376951396465302,吉林市
Jilin,2035,current,baseline,0.376951396465302,四平市
Jilin,2035,current,baseline,0.376951396465302,白城市
Jilin,2035,current,baseline,0.376951396465302,白山市
Jilin,2035,current,baseline,0.376951396465302,松原市
Jilin,2040,current,baseline,0.376951396465302,长春市
Jilin,2040,current,baseline,0.376951396465302,延边朝鲜族自治州
Jilin,2040,current,baseline,0.376951396465302,辽源市
Jilin,2040,current,baseline,0.376951396465302,通化市
Jilin,2040,current,baseline,0.376951396465302,吉林市
Jilin,2040,current,baseline,0.376951396465302,四平市
Jilin,2040,current,baseline,0.376951396465302,白城市
Jilin,2040,current,baseline,0.376951396465302,白山市
Jilin,2040,current,baseline,0.376951396465302,松原市
Jilin,2045,current,baseline,0.376951396465302,长春市
Jilin,2045,current,baseline,0.376951396465302,延边朝鲜族自治州
Jilin,2045,current,baseline,0.376951396465302,辽源市
Jilin,2045,current,baseline,0.376951396465302,通化市
Jilin,2045,current,baseline,0.376951396465302,吉林市
Jilin,2045,current,baseline,0.376951396465302,四平市
Jilin,2045,current,baseline,0.376951396465302,白城市
Jilin,2045,current,baseline,0.376951396465302,白山市
Jilin,2045,current,baseline,0.376951396465302,松原市
Jilin,2050,current,baseline,0.376951396465302,长春市
Jilin,2050,current,baseline,0.376951396465302,延边朝鲜族自治州
Jilin,2050,current,baseline,0.376951396465302,辽源市
Jilin,2050,current,baseline,0.376951396465302,通化市
Jilin,2050,current,baseline,0.376951396465302,吉林市
Jilin,2050,current,baseline,0.376951396465302,四平市
Jilin,2050,current,baseline,0.376951396465302,白城市
Jilin,2050,current,baseline,0.376951396465302,白山市
Jilin,2050,current,baseline,0.376951396465302,松原市
Jilin,2030,ssp245,baseline,0.120359852910042,长春市
Jilin,2030,ssp245,baseline,0.120359852910042,延边朝鲜族自治州
Jilin,2030,ssp245,baseline,0.120359852910042,辽源市
Jilin,2030,ssp245,baseline,0.120359852910042,通化市
Jilin,2030,ssp245,baseline,0.120359852910042,吉林市
Jilin,2030,ssp245,baseline,0.120359852910042,四平市
Jilin,2030,ssp245,baseline,0.120359852910042,白城市
Jilin,2030,ssp245,baseline,0.120359852910042,白山市
Jilin,2030,ssp245,baseline,0.120359852910042,松原市
Jilin,2035,ssp245,baseline,0.0705199539661408,长春市
Jilin,2035,ssp245,baseline,0.0705199539661408,延边朝鲜族自治州
Jilin,2035,ssp245,baseline,0.0705199539661408,辽源市
Jilin,2035,ssp245,baseline,0.0705199539661408,通化市
Jilin,2035,ssp245,baseline,0.0705199539661408,吉林市
Jilin,2035,ssp245,baseline,0.0705199539661408,四平市
Jilin,2035,ssp245,baseline,0.0705199539661408,白城市
Jilin,2035,ssp245,baseline,0.0705199539661408,白山市
Jilin,2035,ssp245,baseline,0.0705199539661408,松原市
Jilin,2040,ssp245,baseline,0.0716430842876434,长春市
Jilin,2040,ssp245,baseline,0.0716430842876434,延边朝鲜族自治州
Jilin,2040,ssp245,baseline,0.0716430842876434,辽源市
Jilin,2040,ssp245,baseline,0.0716430842876434,通化市
Jilin,2040,ssp245,baseline,0.0716430842876434,吉林市
Jilin,2040,ssp245,baseline,0.0716430842876434,四平市
Jilin,2040,ssp245,baseline,0.0716430842876434,白城市
Jilin,2040,ssp245,baseline,0.0716430842876434,白山市
Jilin,2040,ssp245,baseline,0.0716430842876434,松原市
Jilin,2045,ssp245,baseline,0.0946329832077026,长春市
Jilin,2045,ssp245,baseline,0.0946329832077026,延边朝鲜族自治州
Jilin,2045,ssp245,baseline,0.0946329832077026,辽源市
Jilin,2045,ssp245,baseline,0.0946329832077026,通化市
Jilin,2045,ssp245,baseline,0.0946329832077026,吉林市
Jilin,2045,ssp245,baseline,0.0946329832077026,四平市
Jilin,2045,ssp245,baseline,0.0946329832077026,白城市
Jilin,2045,ssp245,baseline,0.0946329832077026,白山市
Jilin,2045,ssp245,baseline,0.0946329832077026,松原市
Jilin,2050,ssp245,baseline,0.251829743385315,长春市
Jilin,2050,ssp245,baseline,0.251829743385315,延边朝鲜族自治州
Jilin,2050,ssp245,baseline,0.251829743385315,辽源市
Jilin,2050,ssp245,baseline,0.251829743385315,通化市
Jilin,2050,ssp245,baseline,0.251829743385315,吉林市
Jilin,2050,ssp245,baseline,0.251829743385315,四平市
Jilin,2050,ssp245,baseline,0.251829743385315,白城市
Jilin,2050,ssp245,baseline,0.251829743385315,白山市
Jilin,2050,ssp245,baseline,0.251829743385315,松原市
Jilin,2030,ssp585,baseline,0.0716430842876434,长春市
Jilin,2030,ssp585,baseline,0.0716430842876434,延边朝鲜族自治州
Jilin,2030,ssp585,baseline,0.0716430842876434,辽源市
Jilin,2030,ssp585,baseline,0.0716430842876434,通化市
Jilin,2030,ssp585,baseline,0.0716430842876434,吉林市
Jilin,2030,ssp585,baseline,0.0716430842876434,四平市
Jilin,2030,ssp585,baseline,0.0716430842876434,白城市
Jilin,2030,ssp585,baseline,0.0716430842876434,白山市
Jilin,2030,ssp585,baseline,0.0716430842876434,松原市
Jilin,2035,ssp585,baseline,0.174182459712029,长春市
Jilin,2035,ssp585,baseline,0.174182459712029,延边朝鲜族自治州
Jilin,2035,ssp585,baseline,0.174182459712029,辽源市
Jilin,2035,ssp585,baseline,0.174182459712029,通化市
Jilin,2035,ssp585,baseline,0.174182459712029,吉林市
Jilin,2035,ssp585,baseline,0.174182459712029,四平市
Jilin,2035,ssp585,baseline,0.174182459712029,白城市
Jilin,2035,ssp585,baseline,0.174182459712029,白山市
Jilin,2035,ssp585,baseline,0.174182459712029,松原市
Jilin,2040,ssp585,baseline,0.131178826093674,长春市
Jilin,2040,ssp585,baseline,0.131178826093674,延边朝鲜族自治州
Jilin,2040,ssp585,baseline,0.131178826093674,辽源市
Jilin,2040,ssp585,baseline,0.131178826093674,通化市
Jilin,2040,ssp585,baseline,0.131178826093674,吉林市
Jilin,2040,ssp585,baseline,0.131178826093674,四平市
Jilin,2040,ssp585,baseline,0.131178826093674,白城市
Jilin,2040,ssp585,baseline,0.131178826093674,白山市
Jilin,2040,ssp585,baseline,0.131178826093674,松原市
Jilin,2045,ssp585,baseline,0.17564432322979,长春市
Jilin,2045,ssp585,baseline,0.17564432322979,延边朝鲜族自治州
Jilin,2045,ssp585,baseline,0.17564432322979,辽源市
Jilin,2045,ssp585,baseline,0.17564432322979,通化市
Jilin,2045,ssp585,baseline,0.17564432322979,吉林市
Jilin,2045,ssp585,baseline,0.17564432322979,四平市
Jilin,2045,ssp585,baseline,0.17564432322979,白城市
Jilin,2045,ssp585,baseline,0.17564432322979,白山市
Jilin,2045,ssp585,baseline,0.17564432322979,松原市
Jilin,2050,ssp585,baseline,0.130128890275955,长春市
Jilin,2050,ssp585,baseline,0.130128890275955,延边朝鲜族自治州
Jilin,2050,ssp585,baseline,0.130128890275955,辽源市
Jilin,2050,ssp585,baseline,0.130128890275955,通化市
Jilin,2050,ssp585,baseline,0.130128890275955,吉林市
Jilin,2050,ssp585,baseline,0.130128890275955,四平市
Jilin,2050,ssp585,baseline,0.130128890275955,白城市
Jilin,2050,ssp585,baseline,0.130128890275955,白山市
Jilin,2050,ssp585,baseline,0.130128890275955,松原市
Jilin,2030,current,trend,0.279698967933655,长春市
Jilin,2030,current,trend,0.279698967933655,延边朝鲜族自治州
Jilin,2030,current,trend,0.279698967933655,辽源市
Jilin,2030,current,trend,0.279698967933655,通化市
Jilin,2030,current,trend,0.279698967933655,吉林市
Jilin,2030,current,trend,0.279698967933655,四平市
Jilin,2030,current,trend,0.279698967933655,白城市
Jilin,2030,current,trend,0.279698967933655,白山市
Jilin,2030,current,trend,0.279698967933655,松原市
Jilin,2035,current,trend,0.266993761062622,长春市
Jilin,2035,current,trend,0.266993761062622,延边朝鲜族自治州
Jilin,2035,current,trend,0.266993761062622,辽源市
Jilin,2035,current,trend,0.266993761062622,通化市
Jilin,2035,current,trend,0.266993761062622,吉林市
Jilin,2035,current,trend,0.266993761062622,四平市
Jilin,2035,current,trend,0.266993761062622,白城市
Jilin,2035,current,trend,0.266993761062622,白山市
Jilin,2035,current,trend,0.266993761062622,松原市
Jilin,2040,current,trend,0.242708563804626,长春市
Jilin,2040,current,trend,0.242708563804626,延边朝鲜族自治州
Jilin,2040,current,trend,0.242708563804626,辽源市
Jilin,2040,current,trend,0.242708563804626,通化市
Jilin,2040,current,trend,0.242708563804626,吉林市
Jilin,2040,current,trend,0.242708563804626,四平市
Jilin,2040,current,trend,0.242708563804626,白城市
Jilin,2040,current,trend,0.242708563804626,白山市
Jilin,2040,current,trend,0.242708563804626,松原市
Jilin,2045,current,trend,0.205125153064728,长春市
Jilin,2045,current,trend,0.205125153064728,延边朝鲜族自治州
Jilin,2045,current,trend,0.205125153064728,辽源市
Jilin,2045,current,trend,0.205125153064728,通化市
Jilin,2045,current,trend,0.205125153064728,吉林市
Jilin,2045,current,trend,0.205125153064728,四平市
Jilin,2045,current,trend,0.205125153064728,白城市
Jilin,2045,current,trend,0.205125153064728,白山市
Jilin,2045,current,trend,0.205125153064728,松原市
Jilin,2050,current,trend,0.206952139735222,长春市
Jilin,2050,current,trend,0.206952139735222,延边朝鲜族自治州
Jilin,2050,current,trend,0.206952139735222,辽源市
Jilin,2050,current,trend,0.206952139735222,通化市
Jilin,2050,current,trend,0.206952139735222,吉林市
Jilin,2050,current,trend,0.206952139735222,四平市
Jilin,2050,current,trend,0.206952139735222,白城市
Jilin,2050,current,trend,0.206952139735222,白山市
Jilin,2050,current,trend,0.206952139735222,松原市
Jilin,2030,ssp245,trend,0.127061322331429,长春市
Jilin,2030,ssp245,trend,0.127061322331429,延边朝鲜族自治州
Jilin,2030,ssp245,trend,0.127061322331429,辽源市
Jilin,2030,ssp245,trend,0.127061322331429,通化市
Jilin,2030,ssp245,trend,0.127061322331429,吉林市
Jilin,2030,ssp245,trend,0.127061322331429,四平市
Jilin,2030,ssp245,trend,0.127061322331429,白城市
Jilin,2030,ssp245,trend,0.127061322331429,白山市
Jilin,2030,ssp245,trend,0.127061322331429,松原市
Jilin,2035,ssp245,trend,0.0584215596318245,长春市
Jilin,2035,ssp245,trend,0.0584215596318245,延边朝鲜族自治州
Jilin,2035,ssp245,trend,0.0584215596318245,辽源市
Jilin,2035,ssp245,trend,0.0584215596318245,通化市
Jilin,2035,ssp245,trend,0.0584215596318245,吉林市
Jilin,2035,ssp245,trend,0.0584215596318245,四平市
Jilin,2035,ssp245,trend,0.0584215596318245,白城市
Jilin,2035,ssp245,trend,0.0584215596318245,白山市
Jilin,2035,ssp245,trend,0.0584215596318245,松原市
Jilin,2040,ssp245,trend,0.040069717913866,长春市
Jilin,2040,ssp245,trend,0.040069717913866,延边朝鲜族自治州
Jilin,2040,ssp245,trend,0.040069717913866,辽源市
Jilin,2040,ssp245,trend,0.040069717913866,通化市
Jilin,2040,ssp245,trend,0.040069717913866,吉林市
Jilin,2040,ssp245,trend,0.040069717913866,四平市
Jilin,2040,ssp245,trend,0.040069717913866,白城市
Jilin,2040,ssp245,trend,0.040069717913866,白山市
Jilin,2040,ssp245,trend,0.040069717913866,松原市
Jilin,2045,ssp245,trend,0.106492795050144,长春市
Jilin,2045,ssp245,trend,0.106492795050144,延边朝鲜族自治州
Jilin,2045,ssp245,trend,0.106492795050144,辽源市
Jilin,2045,ssp245,trend,0.106492795050144,通化市
Jilin,2045,ssp245,trend,0.106492795050144,吉林市
Jilin,2045,ssp245,trend,0.106492795050144,四平市
Jilin,2045,ssp245,trend,0.106492795050144,白城市
Jilin,2045,ssp245,trend,0.106492795050144,白山市
Jilin,2045,ssp245,trend,0.106492795050144,松原市
Jilin,2050,ssp245,trend,0.152623668313026,长春市
Jilin,2050,ssp245,trend,0.152623668313026,延边朝鲜族自治州
Jilin,2050,ssp245,trend,0.152623668313026,辽源市
Jilin,2050,ssp245,trend,0.152623668313026,通化市
Jilin,2050,ssp245,trend,0.152623668313026,吉林市
Jilin,2050,ssp245,trend,0.152623668313026,四平市
Jilin,2050,ssp245,trend,0.152623668313026,白城市
Jilin,2050,ssp245,trend,0.152623668313026,白山市
Jilin,2050,ssp245,trend,0.152623668313026,松原市
Jilin,2030,ssp585,trend,0.10554476082325,长春市
Jilin,2030,ssp585,trend,0.10554476082325,延边朝鲜族自治州
Jilin,2030,ssp585,trend,0.10554476082325,辽源市
Jilin,2030,ssp585,trend,0.10554476082325,通化市
Jilin,2030,ssp585,trend,0.10554476082325,吉林市
Jilin,2030,ssp585,trend,0.10554476082325,四平市
Jilin,2030,ssp585,trend,0.10554476082325,白城市
Jilin,2030,ssp585,trend,0.10554476082325,白山市
Jilin,2030,ssp585,trend,0.10554476082325,松原市
Jilin,2035,ssp585,trend,0.121765665709972,长春市
Jilin,2035,ssp585,trend,0.121765665709972,延边朝鲜族自治州
Jilin,2035,ssp585,trend,0.121765665709972,辽源市
Jilin,2035,ssp585,trend,0.121765665709972,通化市
Jilin,2035,ssp585,trend,0.121765665709972,吉林市
Jilin,2035,ssp585,trend,0.121765665709972,四平市
Jilin,2035,ssp585,trend,0.121765665709972,白城市
Jilin,2035,ssp585,trend,0.121765665709972,白山市
Jilin,2035,ssp585,trend,0.121765665709972,松原市
Jilin,2040,ssp585,trend,0.0627038851380348,长春市
Jilin,2040,ssp585,trend,0.0627038851380348,延边朝鲜族自治州
Jilin,2040,ssp585,trend,0.0627038851380348,辽源市
Jilin,2040,ssp585,trend,0.0627038851380348,通化市
Jilin,2040,ssp585,trend,0.0627038851380348,吉林市
Jilin,2040,ssp585,trend,0.0627038851380348,四平市
Jilin,2040,ssp585,trend,0.0627038851380348,白城市
Jilin,2040,ssp585,trend,0.0627038851380348,白山市
Jilin,2040,ssp585,trend,0.0627038851380348,松原市
Jilin,2045,ssp585,trend,0.118098840117455,长春市
Jilin,2045,ssp585,trend,0.118098840117455,延边朝鲜族自治州
Jilin,2045,ssp585,trend,0.118098840117455,辽源市
Jilin,2045,ssp585,trend,0.118098840117455,通化市
Jilin,2045,ssp585,trend,0.118098840117455,吉林市
Jilin,2045,ssp585,trend,0.118098840117455,四平市
Jilin,2045,ssp585,trend,0.118098840117455,白城市
Jilin,2045,ssp585,trend,0.118098840117455,白山市
Jilin,2045,ssp585,trend,0.118098840117455,松原市
Jilin,2050,ssp585,trend,0.0704600736498833,长春市
Jilin,2050,ssp585,trend,0.0704600736498833,延边朝鲜族自治州
Jilin,2050,ssp585,trend,0.0704600736498833,辽源市
Jilin,2050,ssp585,trend,0.0704600736498833,通化市
Jilin,2050,ssp585,trend,0.0704600736498833,吉林市
Jilin,2050,ssp585,trend,0.0704600736498833,四平市
Jilin,2050,ssp585,trend,0.0704600736498833,白城市
Jilin,2050,ssp585,trend,0.0704600736498833,白山市
Jilin,2050,ssp585,trend,0.0704600736498833,松原市
Jilin,2030,current,doubled,0.257803291082382,长春市
Jilin,2030,current,doubled,0.257803291082382,延边朝鲜族自治州
Jilin,2030,current,doubled,0.257803291082382,辽源市
Jilin,2030,current,doubled,0.257803291082382,通化市
Jilin,2030,current,doubled,0.257803291082382,吉林市
Jilin,2030,current,doubled,0.257803291082382,四平市
Jilin,2030,current,doubled,0.257803291082382,白城市
Jilin,2030,current,doubled,0.257803291082382,白山市
Jilin,2030,current,doubled,0.257803291082382,松原市
Jilin,2035,current,doubled,0.257803291082382,长春市
Jilin,2035,current,doubled,0.257803291082382,延边朝鲜族自治州
Jilin,2035,current,doubled,0.257803291082382,辽源市
Jilin,2035,current,doubled,0.257803291082382,通化市
Jilin,2035,current,doubled,0.257803291082382,吉林市
Jilin,2035,current,doubled,0.257803291082382,四平市
Jilin,2035,current,doubled,0.257803291082382,白城市
Jilin,2035,current,doubled,0.257803291082382,白山市
Jilin,2035,current,doubled,0.257803291082382,松原市
Jilin,2040,current,doubled,0.257803291082382,长春市
Jilin,2040,current,doubled,0.257803291082382,延边朝鲜族自治州
Jilin,2040,current,doubled,0.257803291082382,辽源市
Jilin,2040,current,doubled,0.257803291082382,通化市
Jilin,2040,current,doubled,0.257803291082382,吉林市
Jilin,2040,current,doubled,0.257803291082382,四平市
Jilin,2040,current,doubled,0.257803291082382,白城市
Jilin,2040,current,doubled,0.257803291082382,白山市
Jilin,2040,current,doubled,0.257803291082382,松原市
Jilin,2045,current,doubled,0.257803291082382,长春市
Jilin,2045,current,doubled,0.257803291082382,延边朝鲜族自治州
Jilin,2045,current,doubled,0.257803291082382,辽源市
Jilin,2045,current,doubled,0.257803291082382,通化市
Jilin,2045,current,doubled,0.257803291082382,吉林市
Jilin,2045,current,doubled,0.257803291082382,四平市
Jilin,2045,current,doubled,0.257803291082382,白城市
Jilin,2045,current,doubled,0.257803291082382,白山市
Jilin,2045,current,doubled,0.257803291082382,松原市
Jilin,2050,current,doubled,0.257803291082382,长春市
Jilin,2050,current,doubled,0.257803291082382,延边朝鲜族自治州
Jilin,2050,current,doubled,0.257803291082382,辽源市
Jilin,2050,current,doubled,0.257803291082382,通化市
Jilin,2050,current,doubled,0.257803291082382,吉林市
Jilin,2050,current,doubled,0.257803291082382,四平市
Jilin,2050,current,doubled,0.257803291082382,白城市
Jilin,2050,current,doubled,0.257803291082382,白山市
Jilin,2050,current,doubled,0.257803291082382,松原市
Jilin,2030,ssp245,doubled,0.0482372082769871,长春市
Jilin,2030,ssp245,doubled,0.0482372082769871,延边朝鲜族自治州
Jilin,2030,ssp245,doubled,0.0482372082769871,辽源市
Jilin,2030,ssp245,doubled,0.0482372082769871,通化市
Jilin,2030,ssp245,doubled,0.0482372082769871,吉林市
Jilin,2030,ssp245,doubled,0.0482372082769871,四平市
Jilin,2030,ssp245,doubled,0.0482372082769871,白城市
Jilin,2030,ssp245,doubled,0.0482372082769871,白山市
Jilin,2030,ssp245,doubled,0.0482372082769871,松原市
Jilin,2035,ssp245,doubled,0.0637515857815743,长春市
Jilin,2035,ssp245,doubled,0.0637515857815743,延边朝鲜族自治州
Jilin,2035,ssp245,doubled,0.0637515857815743,辽源市
Jilin,2035,ssp245,doubled,0.0637515857815743,通化市
Jilin,2035,ssp245,doubled,0.0637515857815743,吉林市
Jilin,2035,ssp245,doubled,0.0637515857815743,四平市
Jilin,2035,ssp245,doubled,0.0637515857815743,白城市
Jilin,2035,ssp245,doubled,0.0637515857815743,白山市
Jilin,2035,ssp245,doubled,0.0637515857815743,松原市
Jilin,2040,ssp245,doubled,0.0447728745639324,长春市
Jilin,2040,ssp245,doubled,0.0447728745639324,延边朝鲜族自治州
Jilin,2040,ssp245,doubled,0.0447728745639324,辽源市
Jilin,2040,ssp245,doubled,0.0447728745639324,通化市
Jilin,2040,ssp245,doubled,0.0447728745639324,吉林市
Jilin,2040,ssp245,doubled,0.0447728745639324,四平市
Jilin,2040,ssp245,doubled,0.0447728745639324,白城市
Jilin,2040,ssp245,doubled,0.0447728745639324,白山市
Jilin,2040,ssp245,doubled,0.0447728745639324,松原市
Jilin,2045,ssp245,doubled,0.190440252423286,长春市
Jilin,2045,ssp245,doubled,0.190440252423286,延边朝鲜族自治州
Jilin,2045,ssp245,doubled,0.190440252423286,辽源市
Jilin,2045,ssp245,doubled,0.190440252423286,通化市
Jilin,2045,ssp245,doubled,0.190440252423286,吉林市
Jilin,2045,ssp245,doubled,0.190440252423286,四平市
Jilin,2045,ssp245,doubled,0.190440252423286,白城市
Jilin,2045,ssp245,doubled,0.190440252423286,白山市
Jilin,2045,ssp245,doubled,0.190440252423286,松原市
Jilin,2050,ssp245,doubled,0.164546385407448,长春市
Jilin,2050,ssp245,doubled,0.164546385407448,延边朝鲜族自治州
Jilin,2050,ssp245,doubled,0.164546385407448,辽源市
Jilin,2050,ssp245,doubled,0.164546385407448,通化市
Jilin,2050,ssp245,doubled,0.164546385407448,吉林市
Jilin,2050,ssp245,doubled,0.164546385407448,四平市
Jilin,2050,ssp245,doubled,0.164546385407448,白城市
Jilin,2050,ssp245,doubled,0.164546385407448,白山市
Jilin,2050,ssp245,doubled,0.164546385407448,松原市
Jilin,2030,ssp585,doubled,0.0447728745639324,长春市
Jilin,2030,ssp585,doubled,0.0447728745639324,延边朝鲜族自治州
Jilin,2030,ssp585,doubled,0.0447728745639324,辽源市
Jilin,2030,ssp585,doubled,0.0447728745639324,通化市
Jilin,2030,ssp585,doubled,0.0447728745639324,吉林市
Jilin,2030,ssp585,doubled,0.0447728745639324,四平市
Jilin,2030,ssp585,doubled,0.0447728745639324,白城市
Jilin,2030,ssp585,doubled,0.0447728745639324,白山市
Jilin,2030,ssp585,doubled,0.0447728745639324,松原市
Jilin,2035,ssp585,doubled,0.15877828001976,长春市
Jilin,2035,ssp585,doubled,0.15877828001976,延边朝鲜族自治州
Jilin,2035,ssp585,doubled,0.15877828001976,辽源市
Jilin,2035,ssp585,doubled,0.15877828001976,通化市
Jilin,2035,ssp585,doubled,0.15877828001976,吉林市
Jilin,2035,ssp585,doubled,0.15877828001976,四平市
Jilin,2035,ssp585,doubled,0.15877828001976,白城市
Jilin,2035,ssp585,doubled,0.15877828001976,白山市
Jilin,2035,ssp585,doubled,0.15877828001976,松原市
Jilin,2040,ssp585,doubled,0.051380880177021,长春市
Jilin,2040,ssp585,doubled,0.051380880177021,延边朝鲜族自治州
Jilin,2040,ssp585,doubled,0.051380880177021,辽源市
Jilin,2040,ssp585,doubled,0.051380880177021,通化市
Jilin,2040,ssp585,doubled,0.051380880177021,吉林市
Jilin,2040,ssp585,doubled,0.051380880177021,四平市
Jilin,2040,ssp585,doubled,0.051380880177021,白城市
Jilin,2040,ssp585,doubled,0.051380880177021,白山市
Jilin,2040,ssp585,doubled,0.051380880177021,松原市
Jilin,2045,ssp585,doubled,0.103417910635471,长春市
Jilin,2045,ssp585,doubled,0.103417910635471,延边朝鲜族自治州
Jilin,2045,ssp585,doubled,0.103417910635471,辽源市
Jilin,2045,ssp585,doubled,0.103417910635471,通化市
Jilin,2045,ssp585,doubled,0.103417910635471,吉林市
Jilin,2045,ssp585,doubled,0.103417910635471,四平市
Jilin,2045,ssp585,doubled,0.103417910635471,白城市
Jilin,2045,ssp585,doubled,0.103417910635471,白山市
Jilin,2045,ssp585,doubled,0.103417910635471,松原市
Jilin,2050,ssp585,doubled,0.119262725114822,长春市
Jilin,2050,ssp585,doubled,0.119262725114822,延边朝鲜族自治州
Jilin,2050,ssp585,doubled,0.119262725114822,辽源市
Jilin,2050,ssp585,doubled,0.119262725114822,通化市
Jilin,2050,ssp585,doubled,0.119262725114822,吉林市
Jilin,2050,ssp585,doubled,0.119262725114822,四平市
Jilin,2050,ssp585,doubled,0.119262725114822,白城市
Jilin,2050,ssp585,doubled,0.119262725114822,白山市
Jilin,2050,ssp585,doubled,0.119262725114822,松原市
Liaoning,2030,current,baseline,0.286998003721237,朝阳市
Liaoning,2030,current,baseline,0.286998003721237,大连市
Liaoning,2030,current,baseline,0.286998003721237,葫芦岛市
Liaoning,2030,current,baseline,0.286998003721237,鞍山市
Liaoning,2030,current,baseline,0.286998003721237,盘锦市
Liaoning,2030,current,baseline,0.286998003721237,铁岭市
Liaoning,2030,current,baseline,0.286998003721237,沈阳市
Liaoning,2030,current,baseline,0.286998003721237,丹东市
Liaoning,2030,current,baseline,0.286998003721237,锦州市
Liaoning,2030,current,baseline,0.286998003721237,抚顺市
Liaoning,2030,current,baseline,0.286998003721237,本溪市
Liaoning,2030,current,baseline,0.286998003721237,营口市
Liaoning,2030,current,baseline,0.286998003721237,阜新市
Liaoning,2030,current,baseline,0.286998003721237,辽阳市
Liaoning,2035,current,baseline,0.286998003721237,朝阳市
Liaoning,2035,current,baseline,0.286998003721237,大连市
Liaoning,2035,current,baseline,0.286998003721237,葫芦岛市
Liaoning,2035,current,baseline,0.286998003721237,鞍山市
Liaoning,2035,current,baseline,0.286998003721237,盘锦市
Liaoning,2035,current,baseline,0.286998003721237,铁岭市
Liaoning,2035,current,baseline,0.286998003721237,沈阳市
Liaoning,2035,current,baseline,0.286998003721237,丹东市
Liaoning,2035,current,baseline,0.286998003721237,锦州市
Liaoning,2035,current,baseline,0.286998003721237,抚顺市
Liaoning,2035,current,baseline,0.286998003721237,本溪市
Liaoning,2035,current,baseline,0.286998003721237,营口市
Liaoning,2035,current,baseline,0.286998003721237,阜新市
Liaoning,2035,current,baseline,0.286998003721237,辽阳市
Liaoning,2040,current,baseline,0.286998003721237,朝阳市
Liaoning,2040,current,baseline,0.286998003721237,大连市
Liaoning,2040,current,baseline,0.286998003721237,葫芦岛市
Liaoning,2040,current,baseline,0.286998003721237,鞍山市
Liaoning,2040,current,baseline,0.286998003721237,盘锦市
Liaoning,2040,current,baseline,0.286998003721237,铁岭市
Liaoning,2040,current,baseline,0.286998003721237,沈阳市
Liaoning,2040,current,baseline,0.286998003721237,丹东市
Liaoning,2040,current,baseline,0.286998003721237,锦州市
Liaoning,2040,current,baseline,0.286998003721237,抚顺市
Liaoning,2040,current,baseline,0.286998003721237,本溪市
Liaoning,2040,current,baseline,0.286998003721237,营口市
Liaoning,2040,current,baseline,0.286998003721237,阜新市
Liaoning,2040,current,baseline,0.286998003721237,辽阳市
Liaoning,2045,current,baseline,0.286998003721237,朝阳市
Liaoning,2045,current,baseline,0.286998003721237,大连市
Liaoning,2045,current,baseline,0.286998003721237,葫芦岛市
Liaoning,2045,current,baseline,0.286998003721237,鞍山市
Liaoning,2045,current,baseline,0.286998003721237,盘锦市
Liaoning,2045,current,baseline,0.286998003721237,铁岭市
Liaoning,2045,current,baseline,0.286998003721237,沈阳市
Liaoning,2045,current,baseline,0.286998003721237,丹东市
Liaoning,2045,current,baseline,0.286998003721237,锦州市
Liaoning,2045,current,baseline,0.286998003721237,抚顺市
Liaoning,2045,current,baseline,0.286998003721237,本溪市
Liaoning,2045,current,baseline,0.286998003721237,营口市
Liaoning,2045,current,baseline,0.286998003721237,阜新市
Liaoning,2045,current,baseline,0.286998003721237,辽阳市
Liaoning,2050,current,baseline,0.286998003721237,朝阳市
Liaoning,2050,current,baseline,0.286998003721237,大连市
Liaoning,2050,current,baseline,0.286998003721237,葫芦岛市
Liaoning,2050,current,baseline,0.286998003721237,鞍山市
Liaoning,2050,current,baseline,0.286998003721237,盘锦市
Liaoning,2050,current,baseline,0.286998003721237,铁岭市
Liaoning,2050,current,baseline,0.286998003721237,沈阳市
Liaoning,2050,current,baseline,0.286998003721237,丹东市
Liaoning,2050,current,baseline,0.286998003721237,锦州市
Liaoning,2050,current,baseline,0.286998003721237,抚顺市
Liaoning,2050,current,baseline,0.286998003721237,本溪市
Liaoning,2050,current,baseline,0.286998003721237,营口市
Liaoning,2050,current,baseline,0.286998003721237,阜新市
Liaoning,2050,current,baseline,0.286998003721237,辽阳市
Liaoning,2030,ssp245,baseline,0.126200497150421,朝阳市
Liaoning,2030,ssp245,baseline,0.126200497150421,大连市
Liaoning,2030,ssp245,baseline,0.126200497150421,葫芦岛市
Liaoning,2030,ssp245,baseline,0.126200497150421,鞍山市
Liaoning,2030,ssp245,baseline,0.126200497150421,盘锦市
Liaoning,2030,ssp245,baseline,0.126200497150421,铁岭市
Liaoning,2030,ssp245,baseline,0.126200497150421,沈阳市
Liaoning,2030,ssp245,baseline,0.126200497150421,丹东市
Liaoning,2030,ssp245,baseline,0.126200497150421,锦州市
Liaoning,2030,ssp245,baseline,0.126200497150421,抚顺市
Liaoning,2030,ssp245,baseline,0.126200497150421,本溪市
Liaoning,2030,ssp245,baseline,0.126200497150421,营口市
Liaoning,2030,ssp245,baseline,0.126200497150421,阜新市
Liaoning,2030,ssp245,baseline,0.126200497150421,辽阳市
Liaoning,2035,ssp245,baseline,0.0775563195347786,朝阳市
Liaoning,2035,ssp245,baseline,0.0775563195347786,大连市
Liaoning,2035,ssp245,baseline,0.0775563195347786,葫芦岛市
Liaoning,2035,ssp245,baseline,0.0775563195347786,鞍山市
Liaoning,2035,ssp245,baseline,0.0775563195347786,盘锦市
Liaoning,2035,ssp245,baseline,0.0775563195347786,铁岭市
Liaoning,2035,ssp245,baseline,0.0775563195347786,沈阳市
Liaoning,2035,ssp245,baseline,0.0775563195347786,丹东市
Liaoning,2035,ssp245,baseline,0.0775563195347786,锦州市
Liaoning,2035,ssp245,baseline,0.0775563195347786,抚顺市
Liaoning,2035,ssp245,baseline,0.0775563195347786,本溪市
Liaoning,2035,ssp245,baseline,0.0775563195347786,营口市
Liaoning,2035,ssp245,baseline,0.0775563195347786,阜新市
Liaoning,2035,ssp245,baseline,0.0775563195347786,辽阳市
Liaoning,2040,ssp245,baseline,0.026171138510108,朝阳市
Liaoning,2040,ssp245,baseline,0.026171138510108,大连市
Liaoning,2040,ssp245,baseline,0.026171138510108,葫芦岛市
Liaoning,2040,ssp245,baseline,0.026171138510108,鞍山市
Liaoning,2040,ssp245,baseline,0.026171138510108,盘锦市
Liaoning,2040,ssp245,baseline,0.026171138510108,铁岭市
Liaoning,2040,ssp245,baseline,0.026171138510108,沈阳市
Liaoning,2040,ssp245,baseline,0.026171138510108,丹东市
Liaoning,2040,ssp245,baseline,0.026171138510108,锦州市
Liaoning,2040,ssp245,baseline,0.026171138510108,抚顺市
Liaoning,2040,ssp245,baseline,0.026171138510108,本溪市
Liaoning,2040,ssp245,baseline,0.026171138510108,营口市
Liaoning,2040,ssp245,baseline,0.026171138510108,阜新市
Liaoning,2040,ssp245,baseline,0.026171138510108,辽阳市
Liaoning,2045,ssp245,baseline,0.159670189023018,朝阳市
Liaoning,2045,ssp245,baseline,0.159670189023018,大连市
Liaoning,2045,ssp245,baseline,0.159670189023018,葫芦岛市
Liaoning,2045,ssp245,baseline,0.159670189023018,鞍山市
Liaoning,2045,ssp245,baseline,0.159670189023018,盘锦市
Liaoning,2045,ssp245,baseline,0.159670189023018,铁岭市
Liaoning,2045,ssp245,baseline,0.159670189023018,沈阳市
Liaoning,2045,ssp245,baseline,0.159670189023018,丹东市
Liaoning,2045,ssp245,baseline,0.159670189023018,锦州市
Liaoning,2045,ssp245,baseline,0.159670189023018,抚顺市
Liaoning,2045,ssp245,baseline,0.159670189023018,本溪市
Liaoning,2045,ssp245,baseline,0.159670189023018,营口市
Liaoning,2045,ssp245,baseline,0.159670189023018,阜新市
Liaoning,2045,ssp245,baseline,0.159670189023018,辽阳市
Liaoning,2050,ssp245,baseline,0.12814924120903,朝阳市
Liaoning,2050,ssp245,baseline,0.12814924120903,大连市
Liaoning,2050,ssp245,baseline,0.12814924120903,葫芦岛市
Liaoning,2050,ssp245,baseline,0.12814924120903,鞍山市
Liaoning,2050,ssp245,baseline,0.12814924120903,盘锦市
Liaoning,2050,ssp245,baseline,0.12814924120903,铁岭市
Liaoning,2050,ssp245,baseline,0.12814924120903,沈阳市
Liaoning,2050,ssp245,baseline,0.12814924120903,丹东市
Liaoning,2050,ssp245,baseline,0.12814924120903,锦州市
Liaoning,2050,ssp245,baseline,0.12814924120903,抚顺市
Liaoning,2050,ssp245,baseline,0.12814924120903,本溪市
Liaoning,2050,ssp245,baseline,0.12814924120903,营口市
Liaoning,2050,ssp245,baseline,0.12814924120903,阜新市
Liaoning,2050,ssp245,baseline,0.12814924120903,辽阳市
Liaoning,2030,ssp585,baseline,0.026171138510108,朝阳市
Liaoning,2030,ssp585,baseline,0.026171138510108,大连市
Liaoning,2030,ssp585,baseline,0.026171138510108,葫芦岛市
Liaoning,2030,ssp585,baseline,0.026171138510108,鞍山市
Liaoning,2030,ssp585,baseline,0.026171138510108,盘锦市
Liaoning,2030,ssp585,baseline,0.026171138510108,铁岭市
Liaoning,2030,ssp585,baseline,0.026171138510108,沈阳市
Liaoning,2030,ssp585,baseline,0.026171138510108,丹东市
Liaoning,2030,ssp585,baseline,0.026171138510108,锦州市
Liaoning,2030,ssp585,baseline,0.026171138510108,抚顺市
Liaoning,2030,ssp585,baseline,0.026171138510108,本溪市
Liaoning,2030,ssp585,baseline,0.026171138510108,营口市
Liaoning,2030,ssp585,baseline,0.026171138510108,阜新市
Liaoning,2030,ssp585,baseline,0.026171138510108,辽阳市
Liaoning,2035,ssp585,baseline,0.19158810377121,朝阳市
Liaoning,2035,ssp585,baseline,0.19158810377121,大连市
Liaoning,2035,ssp585,baseline,0.19158810377121,葫芦岛市
Liaoning,2035,ssp585,baseline,0.19158810377121,鞍山市
Liaoning,2035,ssp585,baseline,0.19158810377121,盘锦市
Liaoning,2035,ssp585,baseline,0.19158810377121,铁岭市
Liaoning,2035,ssp585,baseline,0.19158810377121,沈阳市
Liaoning,2035,ssp585,baseline,0.19158810377121,丹东市
Liaoning,2035,ssp585,baseline,0.19158810377121,锦州市
Liaoning,2035,ssp585,baseline,0.19158810377121,抚顺市
Liaoning,2035,ssp585,baseline,0.19158810377121,本溪市
Liaoning,2035,ssp585,baseline,0.19158810377121,营口市
Liaoning,2035,ssp585,baseline,0.19158810377121,阜新市
Liaoning,2035,ssp585,baseline,0.19158810377121,辽阳市
Liaoning,2040,ssp585,baseline,0.0821930393576622,朝阳市
Liaoning,2040,ssp585,baseline,0.0821930393576622,大连市
Liaoning,2040,ssp585,baseline,0.0821930393576622,葫芦岛市
Liaoning,2040,ssp585,baseline,0.0821930393576622,鞍山市
Liaoning,2040,ssp585,baseline,0.0821930393576622,盘锦市
Liaoning,2040,ssp585,baseline,0.0821930393576622,铁岭市
Liaoning,2040,ssp585,baseline,0.0821930393576622,沈阳市
Liaoning,2040,ssp585,baseline,0.0821930393576622,丹东市
Liaoning,2040,ssp585,baseline,0.0821930393576622,锦州市
Liaoning,2040,ssp585,baseline,0.0821930393576622,抚顺市
Liaoning,2040,ssp585,baseline,0.0821930393576622,本溪市
Liaoning,2040,ssp585,baseline,0.0821930393576622,营口市
Liaoning,2040,ssp585,baseline,0.0821930393576622,阜新市
Liaoning,2040,ssp585,baseline,0.0821930393576622,辽阳市
Liaoning,2045,ssp585,baseline,0.0864916816353798,朝阳市
Liaoning,2045,ssp585,baseline,0.0864916816353798,大连市
Liaoning,2045,ssp585,baseline,0.0864916816353798,葫芦岛市
Liaoning,2045,ssp585,baseline,0.0864916816353798,鞍山市
Liaoning,2045,ssp585,baseline,0.0864916816353798,盘锦市
Liaoning,2045,ssp585,baseline,0.0864916816353798,铁岭市
Liaoning,2045,ssp585,baseline,0.0864916816353798,沈阳市
Liaoning,2045,ssp585,baseline,0.0864916816353798,丹东市
Liaoning,2045,ssp585,baseline,0.0864916816353798,锦州市
Liaoning,2045,ssp585,baseline,0.0864916816353798,抚顺市
Liaoning,2045,ssp585,baseline,0.0864916816353798,本溪市
Liaoning,2045,ssp585,baseline,0.0864916816353798,营口市
Liaoning,2045,ssp585,baseline,0.0864916816353798,阜新市
Liaoning,2045,ssp585,baseline,0.0864916816353798,辽阳市
Liaoning,2050,ssp585,baseline,0.0840591341257095,朝阳市
Liaoning,2050,ssp585,baseline,0.0840591341257095,大连市
Liaoning,2050,ssp585,baseline,0.0840591341257095,葫芦岛市
Liaoning,2050,ssp585,baseline,0.0840591341257095,鞍山市
Liaoning,2050,ssp585,baseline,0.0840591341257095,盘锦市
Liaoning,2050,ssp585,baseline,0.0840591341257095,铁岭市
Liaoning,2050,ssp585,baseline,0.0840591341257095,沈阳市
Liaoning,2050,ssp585,baseline,0.0840591341257095,丹东市
Liaoning,2050,ssp585,baseline,0.0840591341257095,锦州市
Liaoning,2050,ssp585,baseline,0.0840591341257095,抚顺市
Liaoning,2050,ssp585,baseline,0.0840591341257095,本溪市
Liaoning,2050,ssp585,baseline,0.0840591341257095,营口市
Liaoning,2050,ssp585,baseline,0.0840591341257095,阜新市
Liaoning,2050,ssp585,baseline,0.0840591341257095,辽阳市
Liaoning,2030,current,trend,0.23130077123642,朝阳市
Liaoning,2030,current,trend,0.23130077123642,大连市
Liaoning,2030,current,trend,0.23130077123642,葫芦岛市
Liaoning,2030,current,trend,0.23130077123642,鞍山市
Liaoning,2030,current,trend,0.23130077123642,盘锦市
Liaoning,2030,current,trend,0.23130077123642,铁岭市
Liaoning,2030,current,trend,0.23130077123642,沈阳市
Liaoning,2030,current,trend,0.23130077123642,丹东市
Liaoning,2030,current,trend,0.23130077123642,锦州市
Liaoning,2030,current,trend,0.23130077123642,抚顺市
Liaoning,2030,current,trend,0.23130077123642,本溪市
Liaoning,2030,current,trend,0.23130077123642,营口市
Liaoning,2030,current,trend,0.23130077123642,阜新市
Liaoning,2030,current,trend,0.23130077123642,辽阳市
Liaoning,2035,current,trend,0.206370249390602,朝阳市
Liaoning,2035,current,trend,0.206370249390602,大连市
Liaoning,2035,current,trend,0.206370249390602,葫芦岛市
Liaoning,2035,current,trend,0.206370249390602,鞍山市
Liaoning,2035,current,trend,0.206370249390602,盘锦市
Liaoning,2035,current,trend,0.206370249390602,铁岭市
Liaoning,2035,current,trend,0.206370249390602,沈阳市
Liaoning,2035,current,trend,0.206370249390602,丹东市
Liaoning,2035,current,trend,0.206370249390602,锦州市
Liaoning,2035,current,trend,0.206370249390602,抚顺市
Liaoning,2035,current,trend,0.206370249390602,本溪市
Liaoning,2035,current,trend,0.206370249390602,营口市
Liaoning,2035,current,trend,0.206370249390602,阜新市
Liaoning,2035,current,trend,0.206370249390602,辽阳市
Liaoning,2040,current,trend,0.205125153064728,朝阳市
Liaoning,2040,current,trend,0.205125153064728,大连市
Liaoning,2040,current,trend,0.205125153064728,葫芦岛市
Liaoning,2040,current,trend,0.205125153064728,鞍山市
Liaoning,2040,current,trend,0.205125153064728,盘锦市
Liaoning,2040,current,trend,0.205125153064728,铁岭市
Liaoning,2040,current,trend,0.205125153064728,沈阳市
Liaoning,2040,current,trend,0.205125153064728,丹东市
Liaoning,2040,current,trend,0.205125153064728,锦州市
Liaoning,2040,current,trend,0.205125153064728,抚顺市
Liaoning,2040,current,trend,0.205125153064728,本溪市
Liaoning,2040,current,trend,0.205125153064728,营口市
Liaoning,2040,current,trend,0.205125153064728,阜新市
Liaoning,2040,current,trend,0.205125153064728,辽阳市
Liaoning,2045,current,trend,0.207467883825302,朝阳市
Liaoning,2045,current,trend,0.207467883825302,大连市
Liaoning,2045,current,trend,0.207467883825302,葫芦岛市
Liaoning,2045,current,trend,0.207467883825302,鞍山市
Liaoning,2045,current,trend,0.207467883825302,盘锦市
Liaoning,2045,current,trend,0.207467883825302,铁岭市
Liaoning,2045,current,trend,0.207467883825302,沈阳市
Liaoning,2045,current,trend,0.207467883825302,丹东市
Liaoning,2045,current,trend,0.207467883825302,锦州市
Liaoning,2045,current,trend,0.207467883825302,抚顺市
Liaoning,2045,current,trend,0.207467883825302,本溪市
Liaoning,2045,current,trend,0.207467883825302,营口市
Liaoning,2045,current,trend,0.207467883825302,阜新市
Liaoning,2045,current,trend,0.207467883825302,辽阳市
Liaoning,2050,current,trend,0.263163238763809,朝阳市
Liaoning,2050,current,trend,0.263163238763809,大连市
Liaoning,2050,current,trend,0.263163238763809,葫芦岛市
Liaoning,2050,current,trend,0.263163238763809,鞍山市
Liaoning,2050,current,trend,0.263163238763809,盘锦市
Liaoning,2050,current,trend,0.263163238763809,铁岭市
Liaoning,2050,current,trend,0.263163238763809,沈阳市
Liaoning,2050,current,trend,0.263163238763809,丹东市
Liaoning,2050,current,trend,0.263163238763809,锦州市
Liaoning,2050,current,trend,0.263163238763809,抚顺市
Liaoning,2050,current,trend,0.263163238763809,本溪市
Liaoning,2050,current,trend,0.263163238763809,营口市
Liaoning,2050,current,trend,0.263163238763809,阜新市
Liaoning,2050,current,trend,0.263163238763809,辽阳市
Liaoning,2030,ssp245,trend,0.0366729199886322,朝阳市
Liaoning,2030,ssp245,trend,0.0366729199886322,大连市
Liaoning,2030,ssp245,trend,0.0366729199886322,葫芦岛市
Liaoning,2030,ssp245,trend,0.0366729199886322,鞍山市
Liaoning,2030,ssp245,trend,0.0366729199886322,盘锦市
Liaoning,2030,ssp245,trend,0.0366729199886322,铁岭市
Liaoning,2030,ssp245,trend,0.0366729199886322,沈阳市
Liaoning,2030,ssp245,trend,0.0366729199886322,丹东市
Liaoning,2030,ssp245,trend,0.0366729199886322,锦州市
Liaoning,2030,ssp245,trend,0.0366729199886322,抚顺市
Liaoning,2030,ssp245,trend,0.0366729199886322,本溪市
Liaoning,2030,ssp245,trend,0.0366729199886322,营口市
Liaoning,2030,ssp245,trend,0.0366729199886322,阜新市
Liaoning,2030,ssp245,trend,0.0366729199886322,辽阳市
Liaoning,2035,ssp245,trend,0.14285971224308,朝阳市
Liaoning,2035,ssp245,trend,0.14285971224308,大连市
Liaoning,2035,ssp245,trend,0.14285971224308,葫芦岛市
Liaoning,2035,ssp245,trend,0.14285971224308,鞍山市
Liaoning,2035,ssp245,trend,0.14285971224308,盘锦市
Liaoning,2035,ssp245,trend,0.14285971224308,铁岭市
Liaoning,2035,ssp245,trend,0.14285971224308,沈阳市
Liaoning,2035,ssp245,trend,0.14285971224308,丹东市
Liaoning,2035,ssp245,trend,0.14285971224308,锦州市
Liaoning,2035,ssp245,trend,0.14285971224308,抚顺市
Liaoning,2035,ssp245,trend,0.14285971224308,本溪市
Liaoning,2035,ssp245,trend,0.14285971224308,营口市
Liaoning,2035,ssp245,trend,0.14285971224308,阜新市
Liaoning,2035,ssp245,trend,0.14285971224308,辽阳市
Liaoning,2040,ssp245,trend,0.0923896431922913,朝阳市
Liaoning,2040,ssp245,trend,0.0923896431922913,大连市
Liaoning,2040,ssp245,trend,0.0923896431922913,葫芦岛市
Liaoning,2040,ssp245,trend,0.0923896431922913,鞍山市
Liaoning,2040,ssp245,trend,0.0923896431922913,盘锦市
Liaoning,2040,ssp245,trend,0.0923896431922913,铁岭市
Liaoning,2040,ssp245,trend,0.0923896431922913,沈阳市
Liaoning,2040,ssp245,trend,0.0923896431922913,丹东市
Liaoning,2040,ssp245,trend,0.0923896431922913,锦州市
Liaoning,2040,ssp245,trend,0.0923896431922913,抚顺市
Liaoning,2040,ssp245,trend,0.0923896431922913,本溪市
Liaoning,2040,ssp245,trend,0.0923896431922913,营口市
Liaoning,2040,ssp245,trend,0.0923896431922913,阜新市
Liaoning,2040,ssp245,trend,0.0923896431922913,辽阳市
Liaoning,2045,ssp245,trend,0.109690636396408,朝阳市
Liaoning,2045,ssp245,trend,0.109690636396408,大连市
Liaoning,2045,ssp245,trend,0.109690636396408,葫芦岛市
Liaoning,2045,ssp245,trend,0.109690636396408,鞍山市
Liaoning,2045,ssp245,trend,0.109690636396408,盘锦市
Liaoning,2045,ssp245,trend,0.109690636396408,铁岭市
Liaoning,2045,ssp245,trend,0.109690636396408,沈阳市
Liaoning,2045,ssp245,trend,0.109690636396408,丹东市
Liaoning,2045,ssp245,trend,0.109690636396408,锦州市
Liaoning,2045,ssp245,trend,0.109690636396408,抚顺市
Liaoning,2045,ssp245,trend,0.109690636396408,本溪市
Liaoning,2045,ssp245,trend,0.109690636396408,营口市
Liaoning,2045,ssp245,trend,0.109690636396408,阜新市
Liaoning,2045,ssp245,trend,0.109690636396408,辽阳市
Liaoning,2050,ssp245,trend,0.128305286169052,朝阳市
Liaoning,2050,ssp245,trend,0.128305286169052,大连市
Liaoning,2050,ssp245,trend,0.128305286169052,葫芦岛市
Liaoning,2050,ssp245,trend,0.128305286169052,鞍山市
Liaoning,2050,ssp245,trend,0.128305286169052,盘锦市
Liaoning,2050,ssp245,trend,0.128305286169052,铁岭市
Liaoning,2050,ssp245,trend,0.128305286169052,沈阳市
Liaoning,2050,ssp245,trend,0.128305286169052,丹东市
Liaoning,2050,ssp245,trend,0.128305286169052,锦州市
Liaoning,2050,ssp245,trend,0.128305286169052,抚顺市
Liaoning,2050,ssp245,trend,0.128305286169052,本溪市
Liaoning,2050,ssp245,trend,0.128305286169052,营口市
Liaoning,2050,ssp245,trend,0.128305286169052,阜新市
Liaoning,2050,ssp245,trend,0.128305286169052,辽阳市
Liaoning,2030,ssp585,trend,0.0525485165417194,朝阳市
Liaoning,2030,ssp585,trend,0.0525485165417194,大连市
Liaoning,2030,ssp585,trend,0.0525485165417194,葫芦岛市
Liaoning,2030,ssp585,trend,0.0525485165417194,鞍山市
Liaoning,2030,ssp585,trend,0.0525485165417194,盘锦市
Liaoning,2030,ssp585,trend,0.0525485165417194,铁岭市
Liaoning,2030,ssp585,trend,0.0525485165417194,沈阳市
Liaoning,2030,ssp585,trend,0.0525485165417194,丹东市
Liaoning,2030,ssp585,trend,0.0525485165417194,锦州市
Liaoning,2030,ssp585,trend,0.0525485165417194,抚顺市
Liaoning,2030,ssp585,trend,0.0525485165417194,本溪市
Liaoning,2030,ssp585,trend,0.0525485165417194,营口市
Liaoning,2030,ssp585,trend,0.0525485165417194,阜新市
Liaoning,2030,ssp585,trend,0.0525485165417194,辽阳市
Liaoning,2035,ssp585,trend,0.13760669529438,朝阳市
Liaoning,2035,ssp585,trend,0.13760669529438,大连市
Liaoning,2035,ssp585,trend,0.13760669529438,葫芦岛市
Liaoning,2035,ssp585,trend,0.13760669529438,鞍山市
Liaoning,2035,ssp585,trend,0.13760669529438,盘锦市
Liaoning,2035,ssp585,trend,0.13760669529438,铁岭市
Liaoning,2035,ssp585,trend,0.13760669529438,沈阳市
Liaoning,2035,ssp585,trend,0.13760669529438,丹东市
Liaoning,2035,ssp585,trend,0.13760669529438,锦州市
Liaoning,2035,ssp585,trend,0.13760669529438,抚顺市
Liaoning,2035,ssp585,trend,0.13760669529438,本溪市
Liaoning,2035,ssp585,trend,0.13760669529438,营口市
Liaoning,2035,ssp585,trend,0.13760669529438,阜新市
Liaoning,2035,ssp585,trend,0.13760669529438,辽阳市
Liaoning,2040,ssp585,trend,0.0888980254530907,朝阳市
Liaoning,2040,ssp585,trend,0.0888980254530907,大连市
Liaoning,2040,ssp585,trend,0.0888980254530907,葫芦岛市
Liaoning,2040,ssp585,trend,0.0888980254530907,鞍山市
Liaoning,2040,ssp585,trend,0.0888980254530907,盘锦市
Liaoning,2040,ssp585,trend,0.0888980254530907,铁岭市
Liaoning,2040,ssp585,trend,0.0888980254530907,沈阳市
Liaoning,2040,ssp585,trend,0.0888980254530907,丹东市
Liaoning,2040,ssp585,trend,0.0888980254530907,锦州市
Liaoning,2040,ssp585,trend,0.0888980254530907,抚顺市
Liaoning,2040,ssp585,trend,0.0888980254530907,本溪市
Liaoning,2040,ssp585,trend,0.0888980254530907,营口市
Liaoning,2040,ssp585,trend,0.0888980254530907,阜新市
Liaoning,2040,ssp585,trend,0.0888980254530907,辽阳市
Liaoning,2045,ssp585,trend,0.0687560960650444,朝阳市
Liaoning,2045,ssp585,trend,0.0687560960650444,大连市
Liaoning,2045,ssp585,trend,0.0687560960650444,葫芦岛市
Liaoning,2045,ssp585,trend,0.0687560960650444,鞍山市
Liaoning,2045,ssp585,trend,0.0687560960650444,盘锦市
Liaoning,2045,ssp585,trend,0.0687560960650444,铁岭市
Liaoning,2045,ssp585,trend,0.0687560960650444,沈阳市
Liaoning,2045,ssp585,trend,0.0687560960650444,丹东市
Liaoning,2045,ssp585,trend,0.0687560960650444,锦州市
Liaoning,2045,ssp585,trend,0.0687560960650444,抚顺市
Liaoning,2045,ssp585,trend,0.0687560960650444,本溪市
Liaoning,2045,ssp585,trend,0.0687560960650444,营口市
Liaoning,2045,ssp585,trend,0.0687560960650444,阜新市
Liaoning,2045,ssp585,trend,0.0687560960650444,辽阳市
Liaoning,2050,ssp585,trend,0.0694858431816101,朝阳市
Liaoning,2050,ssp585,trend,0.0694858431816101,大连市
Liaoning,2050,ssp585,trend,0.0694858431816101,葫芦岛市
Liaoning,2050,ssp585,trend,0.0694858431816101,鞍山市
Liaoning,2050,ssp585,trend,0.0694858431816101,盘锦市
Liaoning,2050,ssp585,trend,0.0694858431816101,铁岭市
Liaoning,2050,ssp585,trend,0.0694858431816101,沈阳市
Liaoning,2050,ssp585,trend,0.0694858431816101,丹东市
Liaoning,2050,ssp585,trend,0.0694858431816101,锦州市
Liaoning,2050,ssp585,trend,0.0694858431816101,抚顺市
Liaoning,2050,ssp585,trend,0.0694858431816101,本溪市
Liaoning,2050,ssp585,trend,0.0694858431816101,营口市
Liaoning,2050,ssp585,trend,0.0694858431816101,阜新市
Liaoning,2050,ssp585,trend,0.0694858431816101,辽阳市
Liaoning,2030,current,doubled,0.205125153064728,朝阳市
Liaoning,2030,current,doubled,0.205125153064728,大连市
Liaoning,2030,current,doubled,0.205125153064728,葫芦岛市
Liaoning,2030,current,doubled,0.205125153064728,鞍山市
Liaoning,2030,current,doubled,0.205125153064728,盘锦市
Liaoning,2030,current,doubled,0.205125153064728,铁岭市
Liaoning,2030,current,doubled,0.205125153064728,沈阳市
Liaoning,2030,current,doubled,0.205125153064728,丹东市
Liaoning,2030,current,doubled,0.205125153064728,锦州市
Liaoning,2030,current,doubled,0.205125153064728,抚顺市
Liaoning,2030,current,doubled,0.205125153064728,本溪市
Liaoning,2030,current,doubled,0.205125153064728,营口市
Liaoning,2030,current,doubled,0.205125153064728,阜新市
Liaoning,2030,current,doubled,0.205125153064728,辽阳市
Liaoning,2035,current,doubled,0.205125153064728,朝阳市
Liaoning,2035,current,doubled,0.205125153064728,大连市
Liaoning,2035,current,doubled,0.205125153064728,葫芦岛市
Liaoning,2035,current,doubled,0.205125153064728,鞍山市
Liaoning,2035,current,doubled,0.205125153064728,盘锦市
Liaoning,2035,current,doubled,0.205125153064728,铁岭市
Liaoning,2035,current,doubled,0.205125153064728,沈阳市
Liaoning,2035,current,doubled,0.205125153064728,丹东市
Liaoning,2035,current,doubled,0.205125153064728,锦州市
Liaoning,2035,current,doubled,0.205125153064728,抚顺市
Liaoning,2035,current,doubled,0.205125153064728,本溪市
Liaoning,2035,current,doubled,0.205125153064728,营口市
Liaoning,2035,current,doubled,0.205125153064728,阜新市
Liaoning,2035,current,doubled,0.205125153064728,辽阳市
Liaoning,2040,current,doubled,0.205125153064728,朝阳市
Liaoning,2040,current,doubled,0.205125153064728,大连市
Liaoning,2040,current,doubled,0.205125153064728,葫芦岛市
Liaoning,2040,current,doubled,0.205125153064728,鞍山市
Liaoning,2040,current,doubled,0.205125153064728,盘锦市
Liaoning,2040,current,doubled,0.205125153064728,铁岭市
Liaoning,2040,current,doubled,0.205125153064728,沈阳市
Liaoning,2040,current,doubled,0.205125153064728,丹东市
Liaoning,2040,current,doubled,0.205125153064728,锦州市
Liaoning,2040,current,doubled,0.205125153064728,抚顺市
Liaoning,2040,current,doubled,0.205125153064728,本溪市
Liaoning,2040,current,doubled,0.205125153064728,营口市
Liaoning,2040,current,doubled,0.205125153064728,阜新市
Liaoning,2040,current,doubled,0.205125153064728,辽阳市
Liaoning,2045,current,doubled,0.205125153064728,朝阳市
Liaoning,2045,current,doubled,0.205125153064728,大连市
Liaoning,2045,current,doubled,0.205125153064728,葫芦岛市
Liaoning,2045,current,doubled,0.205125153064728,鞍山市
Liaoning,2045,current,doubled,0.205125153064728,盘锦市
Liaoning,2045,current,doubled,0.205125153064728,铁岭市
Liaoning,2045,current,doubled,0.205125153064728,沈阳市
Liaoning,2045,current,doubled,0.205125153064728,丹东市
Liaoning,2045,current,doubled,0.205125153064728,锦州市
Liaoning,2045,current,doubled,0.205125153064728,抚顺市
Liaoning,2045,current,doubled,0.205125153064728,本溪市
Liaoning,2045,current,doubled,0.205125153064728,营口市
Liaoning,2045,current,doubled,0.205125153064728,阜新市
Liaoning,2045,current,doubled,0.205125153064728,辽阳市
Liaoning,2050,current,doubled,0.205125153064728,朝阳市
Liaoning,2050,current,doubled,0.205125153064728,大连市
Liaoning,2050,current,doubled,0.205125153064728,葫芦岛市
Liaoning,2050,current,doubled,0.205125153064728,鞍山市
Liaoning,2050,current,doubled,0.205125153064728,盘锦市
Liaoning,2050,current,doubled,0.205125153064728,铁岭市
Liaoning,2050,current,doubled,0.205125153064728,沈阳市
Liaoning,2050,current,doubled,0.205125153064728,丹东市
Liaoning,2050,current,doubled,0.205125153064728,锦州市
Liaoning,2050,current,doubled,0.205125153064728,抚顺市
Liaoning,2050,current,doubled,0.205125153064728,本溪市
Liaoning,2050,current,doubled,0.205125153064728,营口市
Liaoning,2050,current,doubled,0.205125153064728,阜新市
Liaoning,2050,current,doubled,0.205125153064728,辽阳市
Liaoning,2030,ssp245,doubled,0.0773354470729828,朝阳市
Liaoning,2030,ssp245,doubled,0.0773354470729828,大连市
Liaoning,2030,ssp245,doubled,0.0773354470729828,葫芦岛市
Liaoning,2030,ssp245,doubled,0.0773354470729828,鞍山市
Liaoning,2030,ssp245,doubled,0.0773354470729828,盘锦市
Liaoning,2030,ssp245,doubled,0.0773354470729828,铁岭市
Liaoning,2030,ssp245,doubled,0.0773354470729828,沈阳市
Liaoning,2030,ssp245,doubled,0.0773354470729828,丹东市
Liaoning,2030,ssp245,doubled,0.0773354470729828,锦州市
Liaoning,2030,ssp245,doubled,0.0773354470729828,抚顺市
Liaoning,2030,ssp245,doubled,0.0773354470729828,本溪市
Liaoning,2030,ssp245,doubled,0.0773354470729828,营口市
Liaoning,2030,ssp245,doubled,0.0773354470729828,阜新市
Liaoning,2030,ssp245,doubled,0.0773354470729828,辽阳市
Liaoning,2035,ssp245,doubled,0.134383618831635,朝阳市
Liaoning,2035,ssp245,doubled,0.134383618831635,大连市
Liaoning,2035,ssp245,doubled,0.134383618831635,葫芦岛市
Liaoning,2035,ssp245,doubled,0.134383618831635,鞍山市
Liaoning,2035,ssp245,doubled,0.134383618831635,盘锦市
Liaoning,2035,ssp245,doubled,0.134383618831635,铁岭市
Liaoning,2035,ssp245,doubled,0.134383618831635,沈阳市
Liaoning,2035,ssp245,doubled,0.134383618831635,丹东市
Liaoning,2035,ssp245,doubled,0.134383618831635,锦州市
Liaoning,2035,ssp245,doubled,0.134383618831635,抚顺市
Liaoning,2035,ssp245,doubled,0.134383618831635,本溪市
Liaoning,2035,ssp245,doubled,0.134383618831635,营口市
Liaoning,2035,ssp245,doubled,0.134383618831635,阜新市
Liaoning,2035,ssp245,doubled,0.134383618831635,辽阳市
Liaoning,2040,ssp245,doubled,0.0813378170132637,朝阳市
Liaoning,2040,ssp245,doubled,0.0813378170132637,大连市
Liaoning,2040,ssp245,doubled,0.0813378170132637,葫芦岛市
Liaoning,2040,ssp245,doubled,0.0813378170132637,鞍山市
Liaoning,2040,ssp245,doubled,0.0813378170132637,盘锦市
Liaoning,2040,ssp245,doubled,0.0813378170132637,铁岭市
Liaoning,2040,ssp245,doubled,0.0813378170132637,沈阳市
Liaoning,2040,ssp245,doubled,0.0813378170132637,丹东市
Liaoning,2040,ssp245,doubled,0.0813378170132637,锦州市
Liaoning,2040,ssp245,doubled,0.0813378170132637,抚顺市
Liaoning,2040,ssp245,doubled,0.0813378170132637,本溪市
Liaoning,2040,ssp245,doubled,0.0813378170132637,营口市
Liaoning,2040,ssp245,doubled,0.0813378170132637,阜新市
Liaoning,2040,ssp245,doubled,0.0813378170132637,辽阳市
Liaoning,2045,ssp245,doubled,0.106907181441784,朝阳市
Liaoning,2045,ssp245,doubled,0.106907181441784,大连市
Liaoning,2045,ssp245,doubled,0.106907181441784,葫芦岛市
Liaoning,2045,ssp245,doubled,0.106907181441784,鞍山市
Liaoning,2045,ssp245,doubled,0.106907181441784,盘锦市
Liaoning,2045,ssp245,doubled,0.106907181441784,铁岭市
Liaoning,2045,ssp245,doubled,0.106907181441784,沈阳市
Liaoning,2045,ssp245,doubled,0.106907181441784,丹东市
Liaoning,2045,ssp245,doubled,0.106907181441784,锦州市
Liaoning,2045,ssp245,doubled,0.106907181441784,抚顺市
Liaoning,2045,ssp245,doubled,0.106907181441784,本溪市
Liaoning,2045,ssp245,doubled,0.106907181441784,营口市
Liaoning,2045,ssp245,doubled,0.106907181441784,阜新市
Liaoning,2045,ssp245,doubled,0.106907181441784,辽阳市
Liaoning,2050,ssp245,doubled,0.159175768494606,朝阳市
Liaoning,2050,ssp245,doubled,0.159175768494606,大连市
Liaoning,2050,ssp245,doubled,0.159175768494606,葫芦岛市
Liaoning,2050,ssp245,doubled,0.159175768494606,鞍山市
Liaoning,2050,ssp245,doubled,0.159175768494606,盘锦市
Liaoning,2050,ssp245,doubled,0.159175768494606,铁岭市
Liaoning,2050,ssp245,doubled,0.159175768494606,沈阳市
Liaoning,2050,ssp245,doubled,0.159175768494606,丹东市
Liaoning,2050,ssp245,doubled,0.159175768494606,锦州市
Liaoning,2050,ssp245,doubled,0.159175768494606,抚顺市
Liaoning,2050,ssp245,doubled,0.159175768494606,本溪市
Liaoning,2050,ssp245,doubled,0.159175768494606,营口市
Liaoning,2050,ssp245,doubled,0.159175768494606,阜新市
Liaoning,2050,ssp245,doubled,0.159175768494606,辽阳市
Liaoning,2030,ssp585,doubled,0.0813378170132637,朝阳市
Liaoning,2030,ssp585,doubled,0.0813378170132637,大连市
Liaoning,2030,ssp585,doubled,0.0813378170132637,葫芦岛市
Liaoning,2030,ssp585,doubled,0.0813378170132637,鞍山市
Liaoning,2030,ssp585,doubled,0.0813378170132637,盘锦市
Liaoning,2030,ssp585,doubled,0.0813378170132637,铁岭市
Liaoning,2030,ssp585,doubled,0.0813378170132637,沈阳市
Liaoning,2030,ssp585,doubled,0.0813378170132637,丹东市
Liaoning,2030,ssp585,doubled,0.0813378170132637,锦州市
Liaoning,2030,ssp585,doubled,0.0813378170132637,抚顺市
Liaoning,2030,ssp585,doubled,0.0813378170132637,本溪市
Liaoning,2030,ssp585,doubled,0.0813378170132637,营口市
Liaoning,2030,ssp585,doubled,0.0813378170132637,阜新市
Liaoning,2030,ssp585,doubled,0.0813378170132637,辽阳市
Liaoning,2035,ssp585,doubled,0.125496551394463,朝阳市
Liaoning,2035,ssp585,doubled,0.125496551394463,大连市
Liaoning,2035,ssp585,doubled,0.125496551394463,葫芦岛市
Liaoning,2035,ssp585,doubled,0.125496551394463,鞍山市
Liaoning,2035,ssp585,doubled,0.125496551394463,盘锦市
Liaoning,2035,ssp585,doubled,0.125496551394463,铁岭市
Liaoning,2035,ssp585,doubled,0.125496551394463,沈阳市
Liaoning,2035,ssp585,doubled,0.125496551394463,丹东市
Liaoning,2035,ssp585,doubled,0.125496551394463,锦州市
Liaoning,2035,ssp585,doubled,0.125496551394463,抚顺市
Liaoning,2035,ssp585,doubled,0.125496551394463,本溪市
Liaoning,2035,ssp585,doubled,0.125496551394463,营口市
Liaoning,2035,ssp585,doubled,0.125496551394463,阜新市
Liaoning,2035,ssp585,doubled,0.125496551394463,辽阳市
Liaoning,2040,ssp585,doubled,0.0768244862556458,朝阳市
Liaoning,2040,ssp585,doubled,0.0768244862556458,大连市
Liaoning,2040,ssp585,doubled,0.0768244862556458,葫芦岛市
Liaoning,2040,ssp585,doubled,0.0768244862556458,鞍山市
Liaoning,2040,ssp585,doubled,0.0768244862556458,盘锦市
Liaoning,2040,ssp585,doubled,0.0768244862556458,铁岭市
Liaoning,2040,ssp585,doubled,0.0768244862556458,沈阳市
Liaoning,2040,ssp585,doubled,0.0768244862556458,丹东市
Liaoning,2040,ssp585,doubled,0.0768244862556458,锦州市
Liaoning,2040,ssp585,doubled,0.0768244862556458,抚顺市
Liaoning,2040,ssp585,doubled,0.0768244862556458,本溪市
Liaoning,2040,ssp585,doubled,0.0768244862556458,营口市
Liaoning,2040,ssp585,doubled,0.0768244862556458,阜新市
Liaoning,2040,ssp585,doubled,0.0768244862556458,辽阳市
Liaoning,2045,ssp585,doubled,0.118098840117455,朝阳市
Liaoning,2045,ssp585,doubled,0.118098840117455,大连市
Liaoning,2045,ssp585,doubled,0.118098840117455,葫芦岛市
Liaoning,2045,ssp585,doubled,0.118098840117455,鞍山市
Liaoning,2045,ssp585,doubled,0.118098840117455,盘锦市
Liaoning,2045,ssp585,doubled,0.118098840117455,铁岭市
Liaoning,2045,ssp585,doubled,0.118098840117455,沈阳市
Liaoning,2045,ssp585,doubled,0.118098840117455,丹东市
Liaoning,2045,ssp585,doubled,0.118098840117455,锦州市
Liaoning,2045,ssp585,doubled,0.118098840117455,抚顺市
Liaoning,2045,ssp585,doubled,0.118098840117455,本溪市
Liaoning,2045,ssp585,doubled,0.118098840117455,营口市
Liaoning,2045,ssp585,doubled,0.118098840117455,阜新市
Liaoning,2045,ssp585,doubled,0.118098840117455,辽阳市
Liaoning,2050,ssp585,doubled,0.0598254911601543,朝阳市
Liaoning,2050,ssp585,doubled,0.0598254911601543,大连市
Liaoning,2050,ssp585,doubled,0.0598254911601543,葫芦岛市
Liaoning,2050,ssp585,doubled,0.0598254911601543,鞍山市
Liaoning,2050,ssp585,doubled,0.0598254911601543,盘锦市
Liaoning,2050,ssp585,doubled,0.0598254911601543,铁岭市
Liaoning,2050,ssp585,doubled,0.0598254911601543,沈阳市
Liaoning,2050,ssp585,doubled,0.0598254911601543,丹东市
Liaoning,2050,ssp585,doubled,0.0598254911601543,锦州市
Liaoning,2050,ssp585,doubled,0.0598254911601543,抚顺市
Liaoning,2050,ssp585,doubled,0.0598254911601543,本溪市
Liaoning,2050,ssp585,doubled,0.0598254911601543,营口市
Liaoning,2050,ssp585,doubled,0.0598254911601543,阜新市
Liaoning,2050,ssp585,doubled,0.0598254911601543,辽阳市
Ningxia,2030,current,baseline,0.331341683864594,固原市
Ningxia,2030,current,baseline,0.331341683864594,中卫市
Ningxia,2030,current,baseline,0.331341683864594,石嘴山市
Ningxia,2030,current,baseline,0.331341683864594,吴忠市
Ningxia,2030,current,baseline,0.331341683864594,银川市
Ningxia,2035,current,baseline,0.331341683864594,固原市
Ningxia,2035,current,baseline,0.331341683864594,中卫市
Ningxia,2035,current,baseline,0.331341683864594,石嘴山市
Ningxia,2035,current,baseline,0.331341683864594,吴忠市
Ningxia,2035,current,baseline,0.331341683864594,银川市
Ningxia,2040,current,baseline,0.331341683864594,固原市
Ningxia,2040,current,baseline,0.331341683864594,中卫市
Ningxia,2040,current,baseline,0.331341683864594,石嘴山市
Ningxia,2040,current,baseline,0.331341683864594,吴忠市
Ningxia,2040,current,baseline,0.331341683864594,银川市
Ningxia,2045,current,baseline,0.331341683864594,固原市
Ningxia,2045,current,baseline,0.331341683864594,中卫市
Ningxia,2045,current,baseline,0.331341683864594,石嘴山市
Ningxia,2045,current,baseline,0.331341683864594,吴忠市
Ningxia,2045,current,baseline,0.331341683864594,银川市
Ningxia,2050,current,baseline,0.331341683864594,固原市
Ningxia,2050,current,baseline,0.331341683864594,中卫市
Ningxia,2050,current,baseline,0.331341683864594,石嘴山市
Ningxia,2050,current,baseline,0.331341683864594,吴忠市
Ningxia,2050,current,baseline,0.331341683864594,银川市
Ningxia,2030,ssp245,baseline,0.119156822562218,固原市
Ningxia,2030,ssp245,baseline,0.119156822562218,中卫市
Ningxia,2030,ssp245,baseline,0.119156822562218,石嘴山市
Ningxia,2030,ssp245,baseline,0.119156822562218,吴忠市
Ningxia,2030,ssp245,baseline,0.119156822562218,银川市
Ningxia,2035,ssp245,baseline,0.16453717648983,固原市
Ningxia,2035,ssp245,baseline,0.16453717648983,中卫市
Ningxia,2035,ssp245,baseline,0.16453717648983,石嘴山市
Ningxia,2035,ssp245,baseline,0.16453717648983,吴忠市
Ningxia,2035,ssp245,baseline,0.16453717648983,银川市
Ningxia,2040,ssp245,baseline,0.0504742227494717,固原市
Ningxia,2040,ssp245,baseline,0.0504742227494717,中卫市
Ningxia,2040,ssp245,baseline,0.0504742227494717,石嘴山市
Ningxia,2040,ssp245,baseline,0.0504742227494717,吴忠市
Ningxia,2040,ssp245,baseline,0.0504742227494717,银川市
Ningxia,2045,ssp245,baseline,0.137771099805832,固原市
Ningxia,2045,ssp245,baseline,0.137771099805832,中卫市
Ningxia,2045,ssp245,baseline,0.137771099805832,石嘴山市
Ningxia,2045,ssp245,baseline,0.137771099805832,吴忠市
Ningxia,2045,ssp245,baseline,0.137771099805832,银川市
Ningxia,2050,ssp245,baseline,0.0985444858670235,固原市
Ningxia,2050,ssp245,baseline,0.0985444858670235,中卫市
Ningxia,2050,ssp245,baseline,0.0985444858670235,石嘴山市
Ningxia,2050,ssp245,baseline,0.0985444858670235,吴忠市
Ningxia,2050,ssp245,baseline,0.0985444858670235,银川市
Ningxia,2030,ssp585,baseline,0.0504742227494717,固原市
Ningxia,2030,ssp585,baseline,0.0504742227494717,中卫市
Ningxia,2030,ssp585,baseline,0.0504742227494717,石嘴山市
Ningxia,2030,ssp585,baseline,0.0504742227494717,吴忠市
Ningxia,2030,ssp585,baseline,0.0504742227494717,银川市
Ningxia,2035,ssp585,baseline,0.189369559288025,固原市
Ningxia,2035,ssp585,baseline,0.189369559288025,中卫市
Ningxia,2035,ssp585,baseline,0.189369559288025,石嘴山市
Ningxia,2035,ssp585,baseline,0.189369559288025,吴忠市
Ningxia,2035,ssp585,baseline,0.189369559288025,银川市
Ningxia,2040,ssp585,baseline,0.0750350281596184,固原市
Ningxia,2040,ssp585,baseline,0.0750350281596184,中卫市
Ningxia,2040,ssp585,baseline,0.0750350281596184,石嘴山市
Ningxia,2040,ssp585,baseline,0.0750350281596184,吴忠市
Ningxia,2040,ssp585,baseline,0.0750350281596184,银川市
Ningxia,2045,ssp585,baseline,0.139479964971542,固原市
Ningxia,2045,ssp585,baseline,0.139479964971542,中卫市
Ningxia,2045,ssp585,baseline,0.139479964971542,石嘴山市
Ningxia,2045,ssp585,baseline,0.139479964971542,吴忠市
Ningxia,2045,ssp585,baseline,0.139479964971542,银川市
Ningxia,2050,ssp585,baseline,0.0689653754234314,固原市
Ningxia,2050,ssp585,baseline,0.0689653754234314,中卫市
Ningxia,2050,ssp585,baseline,0.0689653754234314,石嘴山市
Ningxia,2050,ssp585,baseline,0.0689653754234314,吴忠市
Ningxia,2050,ssp585,baseline,0.0689653754234314,银川市
Ningxia,2030,current,trend,0.428256988525391,固原市
Ningxia,2030,current,trend,0.428256988525391,中卫市
Ningxia,2030,current,trend,0.428256988525391,石嘴山市
Ningxia,2030,current,trend,0.428256988525391,吴忠市
Ningxia,2030,current,trend,0.428256988525391,银川市
Ningxia,2035,current,trend,0.316921949386597,固原市
Ningxia,2035,current,trend,0.316921949386597,中卫市
Ningxia,2035,current,trend,0.316921949386597,石嘴山市
Ningxia,2035,current,trend,0.316921949386597,吴忠市
Ningxia,2035,current,trend,0.316921949386597,银川市
Ningxia,2040,current,trend,0.242397740483284,固原市
Ningxia,2040,current,trend,0.242397740483284,中卫市
Ningxia,2040,current,trend,0.242397740483284,石嘴山市
Ningxia,2040,current,trend,0.242397740483284,吴忠市
Ningxia,2040,current,trend,0.242397740483284,银川市
Ningxia,2045,current,trend,0.206370249390602,固原市
Ningxia,2045,current,trend,0.206370249390602,中卫市
Ningxia,2045,current,trend,0.206370249390602,石嘴山市
Ningxia,2045,current,trend,0.206370249390602,吴忠市
Ningxia,2045,current,trend,0.206370249390602,银川市
Ningxia,2050,current,trend,0.205125153064728,固原市
Ningxia,2050,current,trend,0.205125153064728,中卫市
Ningxia,2050,current,trend,0.205125153064728,石嘴山市
Ningxia,2050,current,trend,0.205125153064728,吴忠市
Ningxia,2050,current,trend,0.205125153064728,银川市
Ningxia,2030,ssp245,trend,0.264800399541855,固原市
Ningxia,2030,ssp245,trend,0.264800399541855,中卫市
Ningxia,2030,ssp245,trend,0.264800399541855,石嘴山市
Ningxia,2030,ssp245,trend,0.264800399541855,吴忠市
Ningxia,2030,ssp245,trend,0.264800399541855,银川市
Ningxia,2035,ssp245,trend,0.110329978168011,固原市
Ningxia,2035,ssp245,trend,0.110329978168011,中卫市
Ningxia,2035,ssp245,trend,0.110329978168011,石嘴山市
Ningxia,2035,ssp245,trend,0.110329978168011,吴忠市
Ningxia,2035,ssp245,trend,0.110329978168011,银川市
Ningxia,2040,ssp245,trend,0.0466732867062092,固原市
Ningxia,2040,ssp245,trend,0.0466732867062092,中卫市
Ningxia,2040,ssp245,trend,0.0466732867062092,石嘴山市
Ningxia,2040,ssp245,trend,0.0466732867062092,吴忠市
Ningxia,2040,ssp245,trend,0.0466732867062092,银川市
Ningxia,2045,ssp245,trend,0.0952784568071365,固原市
Ningxia,2045,ssp245,trend,0.0952784568071365,中卫市
Ningxia,2045,ssp245,trend,0.0952784568071365,石嘴山市
Ningxia,2045,ssp245,trend,0.0952784568071365,吴忠市
Ningxia,2045,ssp245,trend,0.0952784568071365,银川市
Ningxia,2050,ssp245,trend,0.141127169132233,固原市
Ningxia,2050,ssp245,trend,0.141127169132233,中卫市
Ningxia,2050,ssp245,trend,0.141127169132233,石嘴山市
Ningxia,2050,ssp245,trend,0.141127169132233,吴忠市
Ningxia,2050,ssp245,trend,0.141127169132233,银川市
Ningxia,2030,ssp585,trend,0.0444729328155518,固原市
Ningxia,2030,ssp585,trend,0.0444729328155518,中卫市
Ningxia,2030,ssp585,trend,0.0444729328155518,石嘴山市
Ningxia,2030,ssp585,trend,0.0444729328155518,吴忠市
Ningxia,2030,ssp585,trend,0.0444729328155518,银川市
Ningxia,2035,ssp585,trend,0.140517994761467,固原市
Ningxia,2035,ssp585,trend,0.140517994761467,中卫市
Ningxia,2035,ssp585,trend,0.140517994761467,石嘴山市
Ningxia,2035,ssp585,trend,0.140517994761467,吴忠市
Ningxia,2035,ssp585,trend,0.140517994761467,银川市
Ningxia,2040,ssp585,trend,0.0574055835604668,固原市
Ningxia,2040,ssp585,trend,0.0574055835604668,中卫市
Ningxia,2040,ssp585,trend,0.0574055835604668,石嘴山市
Ningxia,2040,ssp585,trend,0.0574055835604668,吴忠市
Ningxia,2040,ssp585,trend,0.0574055835604668,银川市
Ningxia,2045,ssp585,trend,0.0926444381475449,固原市
Ningxia,2045,ssp585,trend,0.0926444381475449,中卫市
Ningxia,2045,ssp585,trend,0.0926444381475449,石嘴山市
Ningxia,2045,ssp585,trend,0.0926444381475449,吴忠市
Ningxia,2045,ssp585,trend,0.0926444381475449,银川市
Ningxia,2050,ssp585,trend,0.0598254911601543,固原市
Ningxia,2050,ssp585,trend,0.0598254911601543,中卫市
Ningxia,2050,ssp585,trend,0.0598254911601543,石嘴山市
Ningxia,2050,ssp585,trend,0.0598254911601543,吴忠市
Ningxia,2050,ssp585,trend,0.0598254911601543,银川市
Ningxia,2030,current,doubled,0.32593160867691,固原市
Ningxia,2030,current,doubled,0.32593160867691,中卫市
Ningxia,2030,current,doubled,0.32593160867691,石嘴山市
Ningxia,2030,current,doubled,0.32593160867691,吴忠市
Ningxia,2030,current,doubled,0.32593160867691,银川市
Ningxia,2035,current,doubled,0.32593160867691,固原市
Ningxia,2035,current,doubled,0.32593160867691,中卫市
Ningxia,2035,current,doubled,0.32593160867691,石嘴山市
Ningxia,2035,current,doubled,0.32593160867691,吴忠市
Ningxia,2035,current,doubled,0.32593160867691,银川市
Ningxia,2040,current,doubled,0.32593160867691,固原市
Ningxia,2040,current,doubled,0.32593160867691,中卫市
Ningxia,2040,current,doubled,0.32593160867691,石嘴山市
Ningxia,2040,current,doubled,0.32593160867691,吴忠市
Ningxia,2040,current,doubled,0.32593160867691,银川市
Ningxia,2045,current,doubled,0.32593160867691,固原市
Ningxia,2045,current,doubled,0.32593160867691,中卫市
Ningxia,2045,current,doubled,0.32593160867691,石嘴山市
Ningxia,2045,current,doubled,0.32593160867691,吴忠市
Ningxia,2045,current,doubled,0.32593160867691,银川市
Ningxia,2050,current,doubled,0.32593160867691,固原市
Ningxia,2050,current,doubled,0.32593160867691,中卫市
Ningxia,2050,current,doubled,0.32593160867691,石嘴山市
Ningxia,2050,current,doubled,0.32593160867691,吴忠市
Ningxia,2050,current,doubled,0.32593160867691,银川市
Ningxia,2030,ssp245,doubled,0.110768504440784,固原市
Ningxia,2030,ssp245,doubled,0.110768504440784,中卫市
Ningxia,2030,ssp245,doubled,0.110768504440784,石嘴山市
Ningxia,2030,ssp245,doubled,0.110768504440784,吴忠市
Ningxia,2030,ssp245,doubled,0.110768504440784,银川市
Ningxia,2035,ssp245,doubled,0.116438865661621,固原市
Ningxia,2035,ssp245,doubled,0.116438865661621,中卫市
Ningxia,2035,ssp245,doubled,0.116438865661621,石嘴山市
Ningxia,2035,ssp245,doubled,0.116438865661621,吴忠市
Ningxia,2035,ssp245,doubled,0.116438865661621,银川市
Ningxia,2040,ssp245,doubled,0.128807470202446,固原市
Ningxia,2040,ssp245,doubled,0.128807470202446,中卫市
Ningxia,2040,ssp245,doubled,0.128807470202446,石嘴山市
Ningxia,2040,ssp245,doubled,0.128807470202446,吴忠市
Ningxia,2040,ssp245,doubled,0.128807470202446,银川市
Ningxia,2045,ssp245,doubled,0.15186470746994,固原市
Ningxia,2045,ssp245,doubled,0.15186470746994,中卫市
Ningxia,2045,ssp245,doubled,0.15186470746994,石嘴山市
Ningxia,2045,ssp245,doubled,0.15186470746994,吴忠市
Ningxia,2045,ssp245,doubled,0.15186470746994,银川市
Ningxia,2050,ssp245,doubled,0.347550868988037,固原市
Ningxia,2050,ssp245,doubled,0.347550868988037,中卫市
Ningxia,2050,ssp245,doubled,0.347550868988037,石嘴山市
Ningxia,2050,ssp245,doubled,0.347550868988037,吴忠市
Ningxia,2050,ssp245,doubled,0.347550868988037,银川市
Ningxia,2030,ssp585,doubled,0.128807470202446,固原市
Ningxia,2030,ssp585,doubled,0.128807470202446,中卫市
Ningxia,2030,ssp585,doubled,0.128807470202446,石嘴山市
Ningxia,2030,ssp585,doubled,0.128807470202446,吴忠市
Ningxia,2030,ssp585,doubled,0.128807470202446,银川市
Ningxia,2035,ssp585,doubled,0.245130643248558,固原市
Ningxia,2035,ssp585,doubled,0.245130643248558,中卫市
Ningxia,2035,ssp585,doubled,0.245130643248558,石嘴山市
Ningxia,2035,ssp585,doubled,0.245130643248558,吴忠市
Ningxia,2035,ssp585,doubled,0.245130643248558,银川市
Ningxia,2040,ssp585,doubled,0.0825261920690537,固原市
Ningxia,2040,ssp585,doubled,0.0825261920690537,中卫市
Ningxia,2040,ssp585,doubled,0.0825261920690537,石嘴山市
Ningxia,2040,ssp585,doubled,0.0825261920690537,吴忠市
Ningxia,2040,ssp585,doubled,0.0825261920690537,银川市
Ningxia,2045,ssp585,doubled,0.0870322287082672,固原市
Ningxia,2045,ssp585,doubled,0.0870322287082672,中卫市
Ningxia,2045,ssp585,doubled,0.0870322287082672,石嘴山市
Ningxia,2045,ssp585,doubled,0.0870322287082672,吴忠市
Ningxia,2045,ssp585,doubled,0.0870322287082672,银川市
Ningxia,2050,ssp585,doubled,0.0722933411598206,固原市
Ningxia,2050,ssp585,doubled,0.0722933411598206,中卫市
Ningxia,2050,ssp585,doubled,0.0722933411598206,石嘴山市
Ningxia,2050,ssp585,doubled,0.0722933411598206,吴忠市
Ningxia,2050,ssp585,doubled,0.0722933411598206,银川市
Qinghai,2030,current,baseline,0.402497828006744,玉树藏族自治州
Qinghai,2030,current,baseline,0.402497828006744,海西蒙古族藏族自治州
Qinghai,2030,current,baseline,0.402497828006744,海南藏族自治州
Qinghai,2030,current,baseline,0.402497828006744,海东市
Qinghai,2030,current,baseline,0.402497828006744,果洛藏族自治州
Qinghai,2030,current,baseline,0.402497828006744,黄南藏族自治州
Qinghai,2030,current,baseline,0.402497828006744,西宁市
Qinghai,2030,current,baseline,0.402497828006744,海北藏族自治州
Qinghai,2035,current,baseline,0.402497828006744,玉树藏族自治州
Qinghai,2035,current,baseline,0.402497828006744,海西蒙古族藏族自治州
Qinghai,2035,current,baseline,0.402497828006744,海南藏族自治州
Qinghai,2035,current,baseline,0.402497828006744,海东市
Qinghai,2035,current,baseline,0.402497828006744,果洛藏族自治州
Qinghai,2035,current,baseline,0.402497828006744,黄南藏族自治州
Qinghai,2035,current,baseline,0.402497828006744,西宁市
Qinghai,2035,current,baseline,0.402497828006744,海北藏族自治州
Qinghai,2040,current,baseline,0.402497828006744,玉树藏族自治州
Qinghai,2040,current,baseline,0.402497828006744,海西蒙古族藏族自治州
Qinghai,2040,current,baseline,0.402497828006744,海南藏族自治州
Qinghai,2040,current,baseline,0.402497828006744,海东市
Qinghai,2040,current,baseline,0.402497828006744,果洛藏族自治州
Qinghai,2040,current,baseline,0.402497828006744,黄南藏族自治州
Qinghai,2040,current,baseline,0.402497828006744,西宁市
Qinghai,2040,current,baseline,0.402497828006744,海北藏族自治州
Qinghai,2045,current,baseline,0.402497828006744,玉树藏族自治州
Qinghai,2045,current,baseline,0.402497828006744,海西蒙古族藏族自治州
Qinghai,2045,current,baseline,0.402497828006744,海南藏族自治州
Qinghai,2045,current,baseline,0.402497828006744,海东市
Qinghai,2045,current,baseline,0.402497828006744,果洛藏族自治州
Qinghai,2045,current,baseline,0.402497828006744,黄南藏族自治州
Qinghai,2045,current,baseline,0.402497828006744,西宁市
Qinghai,2045,current,baseline,0.402497828006744,海北藏族自治州
Qinghai,2050,current,baseline,0.402497828006744,玉树藏族自治州
Qinghai,2050,current,baseline,0.402497828006744,海西蒙古族藏族自治州
Qinghai,2050,current,baseline,0.402497828006744,海南藏族自治州
Qinghai,2050,current,baseline,0.402497828006744,海东市
Qinghai,2050,current,baseline,0.402497828006744,果洛藏族自治州
Qinghai,2050,current,baseline,0.402497828006744,黄南藏族自治州
Qinghai,2050,current,baseline,0.402497828006744,西宁市
Qinghai,2050,current,baseline,0.402497828006744,海北藏族自治州
Qinghai,2030,ssp245,baseline,0.18719319999218,玉树藏族自治州
Qinghai,2030,ssp245,baseline,0.18719319999218,海西蒙古族藏族自治州
Qinghai,2030,ssp245,baseline,0.18719319999218,海南藏族自治州
Qinghai,2030,ssp245,baseline,0.18719319999218,海东市
Qinghai,2030,ssp245,baseline,0.18719319999218,果洛藏族自治州
Qinghai,2030,ssp245,baseline,0.18719319999218,黄南藏族自治州
Qinghai,2030,ssp245,baseline,0.18719319999218,西宁市
Qinghai,2030,ssp245,baseline,0.18719319999218,海北藏族自治州
Qinghai,2035,ssp245,baseline,0.0904060378670692,玉树藏族自治州
Qinghai,2035,ssp245,baseline,0.0904060378670692,海西蒙古族藏族自治州
Qinghai,2035,ssp245,baseline,0.0904060378670692,海南藏族自治州
Qinghai,2035,ssp245,baseline,0.0904060378670692,海东市
Qinghai,2035,ssp245,baseline,0.0904060378670692,果洛藏族自治州
Qinghai,2035,ssp245,baseline,0.0904060378670692,黄南藏族自治州
Qinghai,2035,ssp245,baseline,0.0904060378670692,西宁市
Qinghai,2035,ssp245,baseline,0.0904060378670692,海北藏族自治州
Qinghai,2040,ssp245,baseline,0.0412273593246937,玉树藏族自治州
Qinghai,2040,ssp245,baseline,0.0412273593246937,海西蒙古族藏族自治州
Qinghai,2040,ssp245,baseline,0.0412273593246937,海南藏族自治州
Qinghai,2040,ssp245,baseline,0.0412273593246937,海东市
Qinghai,2040,ssp245,baseline,0.0412273593246937,果洛藏族自治州
Qinghai,2040,ssp245,baseline,0.0412273593246937,黄南藏族自治州
Qinghai,2040,ssp245,baseline,0.0412273593246937,西宁市
Qinghai,2040,ssp245,baseline,0.0412273593246937,海北藏族自治州
Qinghai,2045,ssp245,baseline,0.184851929545403,玉树藏族自治州
Qinghai,2045,ssp245,baseline,0.184851929545403,海西蒙古族藏族自治州
Qinghai,2045,ssp245,baseline,0.184851929545403,海南藏族自治州
Qinghai,2045,ssp245,baseline,0.184851929545403,海东市
Qinghai,2045,ssp245,baseline,0.184851929545403,果洛藏族自治州
Qinghai,2045,ssp245,baseline,0.184851929545403,黄南藏族自治州
Qinghai,2045,ssp245,baseline,0.184851929545403,西宁市
Qinghai,2045,ssp245,baseline,0.184851929545403,海北藏族自治州
Qinghai,2050,ssp245,baseline,0.230377405881882,玉树藏族自治州
Qinghai,2050,ssp245,baseline,0.230377405881882,海西蒙古族藏族自治州
Qinghai,2050,ssp245,baseline,0.230377405881882,海南藏族自治州
Qinghai,2050,ssp245,baseline,0.230377405881882,海东市
Qinghai,2050,ssp245,baseline,0.230377405881882,果洛藏族自治州
Qinghai,2050,ssp245,baseline,0.230377405881882,黄南藏族自治州
Qinghai,2050,ssp245,baseline,0.230377405881882,西宁市
Qinghai,2050,ssp245,baseline,0.230377405881882,海北藏族自治州
Qinghai,2030,ssp585,baseline,0.0412273593246937,玉树藏族自治州
Qinghai,2030,ssp585,baseline,0.0412273593246937,海西蒙古族藏族自治州
Qinghai,2030,ssp585,baseline,0.0412273593246937,海南藏族自治州
Qinghai,2030,ssp585,baseline,0.0412273593246937,海东市
Qinghai,2030,ssp585,baseline,0.0412273593246937,果洛藏族自治州
Qinghai,2030,ssp585,baseline,0.0412273593246937,黄南藏族自治州
Qinghai,2030,ssp585,baseline,0.0412273593246937,西宁市
Qinghai,2030,ssp585,baseline,0.0412273593246937,海北藏族自治州
Qinghai,2035,ssp585,baseline,0.155497446656227,玉树藏族自治州
Qinghai,2035,ssp585,baseline,0.155497446656227,海西蒙古族藏族自治州
Qinghai,2035,ssp585,baseline,0.155497446656227,海南藏族自治州
Qinghai,2035,ssp585,baseline,0.155497446656227,海东市
Qinghai,2035,ssp585,baseline,0.155497446656227,果洛藏族自治州
Qinghai,2035,ssp585,baseline,0.155497446656227,黄南藏族自治州
Qinghai,2035,ssp585,baseline,0.155497446656227,西宁市
Qinghai,2035,ssp585,baseline,0.155497446656227,海北藏族自治州
Qinghai,2040,ssp585,baseline,0.0775736942887306,玉树藏族自治州
Qinghai,2040,ssp585,baseline,0.0775736942887306,海西蒙古族藏族自治州
Qinghai,2040,ssp585,baseline,0.0775736942887306,海南藏族自治州
Qinghai,2040,ssp585,baseline,0.0775736942887306,海东市
Qinghai,2040,ssp585,baseline,0.0775736942887306,果洛藏族自治州
Qinghai,2040,ssp585,baseline,0.0775736942887306,黄南藏族自治州
Qinghai,2040,ssp585,baseline,0.0775736942887306,西宁市
Qinghai,2040,ssp585,baseline,0.0775736942887306,海北藏族自治州
Qinghai,2045,ssp585,baseline,0.148566856980324,玉树藏族自治州
Qinghai,2045,ssp585,baseline,0.148566856980324,海西蒙古族藏族自治州
Qinghai,2045,ssp585,baseline,0.148566856980324,海南藏族自治州
Qinghai,2045,ssp585,baseline,0.148566856980324,海东市
Qinghai,2045,ssp585,baseline,0.148566856980324,果洛藏族自治州
Qinghai,2045,ssp585,baseline,0.148566856980324,黄南藏族自治州
Qinghai,2045,ssp585,baseline,0.148566856980324,西宁市
Qinghai,2045,ssp585,baseline,0.148566856980324,海北藏族自治州
Qinghai,2050,ssp585,baseline,0.0920387953519821,玉树藏族自治州
Qinghai,2050,ssp585,baseline,0.0920387953519821,海西蒙古族藏族自治州
Qinghai,2050,ssp585,baseline,0.0920387953519821,海南藏族自治州
Qinghai,2050,ssp585,baseline,0.0920387953519821,海东市
Qinghai,2050,ssp585,baseline,0.0920387953519821,果洛藏族自治州
Qinghai,2050,ssp585,baseline,0.0920387953519821,黄南藏族自治州
Qinghai,2050,ssp585,baseline,0.0920387953519821,西宁市
Qinghai,2050,ssp585,baseline,0.0920387953519821,海北藏族自治州
Qinghai,2030,current,trend,0.316921949386597,玉树藏族自治州
Qinghai,2030,current,trend,0.316921949386597,海西蒙古族藏族自治州
Qinghai,2030,current,trend,0.316921949386597,海南藏族自治州
Qinghai,2030,current,trend,0.316921949386597,海东市
Qinghai,2030,current,trend,0.316921949386597,果洛藏族自治州
Qinghai,2030,current,trend,0.316921949386597,黄南藏族自治州
Qinghai,2030,current,trend,0.316921949386597,西宁市
Qinghai,2030,current,trend,0.316921949386597,海北藏族自治州
Qinghai,2035,current,trend,0.242397740483284,玉树藏族自治州
Qinghai,2035,current,trend,0.242397740483284,海西蒙古族藏族自治州
Qinghai,2035,current,trend,0.242397740483284,海南藏族自治州
Qinghai,2035,current,trend,0.242397740483284,海东市
Qinghai,2035,current,trend,0.242397740483284,果洛藏族自治州
Qinghai,2035,current,trend,0.242397740483284,黄南藏族自治州
Qinghai,2035,current,trend,0.242397740483284,西宁市
Qinghai,2035,current,trend,0.242397740483284,海北藏族自治州
Qinghai,2040,current,trend,0.209973722696304,玉树藏族自治州
Qinghai,2040,current,trend,0.209973722696304,海西蒙古族藏族自治州
Qinghai,2040,current,trend,0.209973722696304,海南藏族自治州
Qinghai,2040,current,trend,0.209973722696304,海东市
Qinghai,2040,current,trend,0.209973722696304,果洛藏族自治州
Qinghai,2040,current,trend,0.209973722696304,黄南藏族自治州
Qinghai,2040,current,trend,0.209973722696304,西宁市
Qinghai,2040,current,trend,0.209973722696304,海北藏族自治州
Qinghai,2045,current,trend,0.205125153064728,玉树藏族自治州
Qinghai,2045,current,trend,0.205125153064728,海西蒙古族藏族自治州
Qinghai,2045,current,trend,0.205125153064728,海南藏族自治州
Qinghai,2045,current,trend,0.205125153064728,海东市
Qinghai,2045,current,trend,0.205125153064728,果洛藏族自治州
Qinghai,2045,current,trend,0.205125153064728,黄南藏族自治州
Qinghai,2045,current,trend,0.205125153064728,西宁市
Qinghai,2045,current,trend,0.205125153064728,海北藏族自治州
Qinghai,2050,current,trend,0.206952139735222,玉树藏族自治州
Qinghai,2050,current,trend,0.206952139735222,海西蒙古族藏族自治州
Qinghai,2050,current,trend,0.206952139735222,海南藏族自治州
Qinghai,2050,current,trend,0.206952139735222,海东市
Qinghai,2050,current,trend,0.206952139735222,果洛藏族自治州
Qinghai,2050,current,trend,0.206952139735222,黄南藏族自治州
Qinghai,2050,current,trend,0.206952139735222,西宁市
Qinghai,2050,current,trend,0.206952139735222,海北藏族自治州
Qinghai,2030,ssp245,trend,0.0865861773490906,玉树藏族自治州
Qinghai,2030,ssp245,trend,0.0865861773490906,海西蒙古族藏族自治州
Qinghai,2030,ssp245,trend,0.0865861773490906,海南藏族自治州
Qinghai,2030,ssp245,trend,0.0865861773490906,海东市
Qinghai,2030,ssp245,trend,0.0865861773490906,果洛藏族自治州
Qinghai,2030,ssp245,trend,0.0865861773490906,黄南藏族自治州
Qinghai,2030,ssp245,trend,0.0865861773490906,西宁市
Qinghai,2030,ssp245,trend,0.0865861773490906,海北藏族自治州
Qinghai,2035,ssp245,trend,0.0487568117678165,玉树藏族自治州
Qinghai,2035,ssp245,trend,0.0487568117678165,海西蒙古族藏族自治州
Qinghai,2035,ssp245,trend,0.0487568117678165,海南藏族自治州
Qinghai,2035,ssp245,trend,0.0487568117678165,海东市
Qinghai,2035,ssp245,trend,0.0487568117678165,果洛藏族自治州
Qinghai,2035,ssp245,trend,0.0487568117678165,黄南藏族自治州
Qinghai,2035,ssp245,trend,0.0487568117678165,西宁市
Qinghai,2035,ssp245,trend,0.0487568117678165,海北藏族自治州
Qinghai,2040,ssp245,trend,0.0495446883141995,玉树藏族自治州
Qinghai,2040,ssp245,trend,0.0495446883141995,海西蒙古族藏族自治州
Qinghai,2040,ssp245,trend,0.0495446883141995,海南藏族自治州
Qinghai,2040,ssp245,trend,0.0495446883141995,海东市
Qinghai,2040,ssp245,trend,0.0495446883141995,果洛藏族自治州
Qinghai,2040,ssp245,trend,0.0495446883141995,黄南藏族自治州
Qinghai,2040,ssp245,trend,0.0495446883141995,西宁市
Qinghai,2040,ssp245,trend,0.0495446883141995,海北藏族自治州
Qinghai,2045,ssp245,trend,0.106907181441784,玉树藏族自治州
Qinghai,2045,ssp245,trend,0.106907181441784,海西蒙古族藏族自治州
Qinghai,2045,ssp245,trend,0.106907181441784,海南藏族自治州
Qinghai,2045,ssp245,trend,0.106907181441784,海东市
Qinghai,2045,ssp245,trend,0.106907181441784,果洛藏族自治州
Qinghai,2045,ssp245,trend,0.106907181441784,黄南藏族自治州
Qinghai,2045,ssp245,trend,0.106907181441784,西宁市
Qinghai,2045,ssp245,trend,0.106907181441784,海北藏族自治州
Qinghai,2050,ssp245,trend,0.152623668313026,玉树藏族自治州
Qinghai,2050,ssp245,trend,0.152623668313026,海西蒙古族藏族自治州
Qinghai,2050,ssp245,trend,0.152623668313026,海南藏族自治州
Qinghai,2050,ssp245,trend,0.152623668313026,海东市
Qinghai,2050,ssp245,trend,0.152623668313026,果洛藏族自治州
Qinghai,2050,ssp245,trend,0.152623668313026,黄南藏族自治州
Qinghai,2050,ssp245,trend,0.152623668313026,西宁市
Qinghai,2050,ssp245,trend,0.152623668313026,海北藏族自治州
Qinghai,2030,ssp585,trend,0.0899395495653153,玉树藏族自治州
Qinghai,2030,ssp585,trend,0.0899395495653153,海西蒙古族藏族自治州
Qinghai,2030,ssp585,trend,0.0899395495653153,海南藏族自治州
Qinghai,2030,ssp585,trend,0.0899395495653153,海东市
Qinghai,2030,ssp585,trend,0.0899395495653153,果洛藏族自治州
Qinghai,2030,ssp585,trend,0.0899395495653153,黄南藏族自治州
Qinghai,2030,ssp585,trend,0.0899395495653153,西宁市
Qinghai,2030,ssp585,trend,0.0899395495653153,海北藏族自治州
Qinghai,2035,ssp585,trend,0.148045852780342,玉树藏族自治州
Qinghai,2035,ssp585,trend,0.148045852780342,海西蒙古族藏族自治州
Qinghai,2035,ssp585,trend,0.148045852780342,海南藏族自治州
Qinghai,2035,ssp585,trend,0.148045852780342,海东市
Qinghai,2035,ssp585,trend,0.148045852780342,果洛藏族自治州
Qinghai,2035,ssp585,trend,0.148045852780342,黄南藏族自治州
Qinghai,2035,ssp585,trend,0.148045852780342,西宁市
Qinghai,2035,ssp585,trend,0.148045852780342,海北藏族自治州
Qinghai,2040,ssp585,trend,0.0778673514723778,玉树藏族自治州
Qinghai,2040,ssp585,trend,0.0778673514723778,海西蒙古族藏族自治州
Qinghai,2040,ssp585,trend,0.0778673514723778,海南藏族自治州
Qinghai,2040,ssp585,trend,0.0778673514723778,海东市
Qinghai,2040,ssp585,trend,0.0778673514723778,果洛藏族自治州
Qinghai,2040,ssp585,trend,0.0778673514723778,黄南藏族自治州
Qinghai,2040,ssp585,trend,0.0778673514723778,西宁市
Qinghai,2040,ssp585,trend,0.0778673514723778,海北藏族自治州
Qinghai,2045,ssp585,trend,0.118098840117455,玉树藏族自治州
Qinghai,2045,ssp585,trend,0.118098840117455,海西蒙古族藏族自治州
Qinghai,2045,ssp585,trend,0.118098840117455,海南藏族自治州
Qinghai,2045,ssp585,trend,0.118098840117455,海东市
Qinghai,2045,ssp585,trend,0.118098840117455,果洛藏族自治州
Qinghai,2045,ssp585,trend,0.118098840117455,黄南藏族自治州
Qinghai,2045,ssp585,trend,0.118098840117455,西宁市
Qinghai,2045,ssp585,trend,0.118098840117455,海北藏族自治州
Qinghai,2050,ssp585,trend,0.0704600736498833,玉树藏族自治州
Qinghai,2050,ssp585,trend,0.0704600736498833,海西蒙古族藏族自治州
Qinghai,2050,ssp585,trend,0.0704600736498833,海南藏族自治州
Qinghai,2050,ssp585,trend,0.0704600736498833,海东市
Qinghai,2050,ssp585,trend,0.0704600736498833,果洛藏族自治州
Qinghai,2050,ssp585,trend,0.0704600736498833,黄南藏族自治州
Qinghai,2050,ssp585,trend,0.0704600736498833,西宁市
Qinghai,2050,ssp585,trend,0.0704600736498833,海北藏族自治州
Qinghai,2030,current,doubled,0.206370249390602,玉树藏族自治州
Qinghai,2030,current,doubled,0.206370249390602,海西蒙古族藏族自治州
Qinghai,2030,current,doubled,0.206370249390602,海南藏族自治州
Qinghai,2030,current,doubled,0.206370249390602,海东市
Qinghai,2030,current,doubled,0.206370249390602,果洛藏族自治州
Qinghai,2030,current,doubled,0.206370249390602,黄南藏族自治州
Qinghai,2030,current,doubled,0.206370249390602,西宁市
Qinghai,2030,current,doubled,0.206370249390602,海北藏族自治州
Qinghai,2035,current,doubled,0.206370249390602,玉树藏族自治州
Qinghai,2035,current,doubled,0.206370249390602,海西蒙古族藏族自治州
Qinghai,2035,current,doubled,0.206370249390602,海南藏族自治州
Qinghai,2035,current,doubled,0.206370249390602,海东市
Qinghai,2035,current,doubled,0.206370249390602,果洛藏族自治州
Qinghai,2035,current,doubled,0.206370249390602,黄南藏族自治州
Qinghai,2035,current,doubled,0.206370249390602,西宁市
Qinghai,2035,current,doubled,0.206370249390602,海北藏族自治州
Qinghai,2040,current,doubled,0.206370249390602,玉树藏族自治州
Qinghai,2040,current,doubled,0.206370249390602,海西蒙古族藏族自治州
Qinghai,2040,current,doubled,0.206370249390602,海南藏族自治州
Qinghai,2040,current,doubled,0.206370249390602,海东市
Qinghai,2040,current,doubled,0.206370249390602,果洛藏族自治州
Qinghai,2040,current,doubled,0.206370249390602,黄南藏族自治州
Qinghai,2040,current,doubled,0.206370249390602,西宁市
Qinghai,2040,current,doubled,0.206370249390602,海北藏族自治州
Qinghai,2045,current,doubled,0.206370249390602,玉树藏族自治州
Qinghai,2045,current,doubled,0.206370249390602,海西蒙古族藏族自治州
Qinghai,2045,current,doubled,0.206370249390602,海南藏族自治州
Qinghai,2045,current,doubled,0.206370249390602,海东市
Qinghai,2045,current,doubled,0.206370249390602,果洛藏族自治州
Qinghai,2045,current,doubled,0.206370249390602,黄南藏族自治州
Qinghai,2045,current,doubled,0.206370249390602,西宁市
Qinghai,2045,current,doubled,0.206370249390602,海北藏族自治州
Qinghai,2050,current,doubled,0.206370249390602,玉树藏族自治州
Qinghai,2050,current,doubled,0.206370249390602,海西蒙古族藏族自治州
Qinghai,2050,current,doubled,0.206370249390602,海南藏族自治州
Qinghai,2050,current,doubled,0.206370249390602,海东市
Qinghai,2050,current,doubled,0.206370249390602,果洛藏族自治州
Qinghai,2050,current,doubled,0.206370249390602,黄南藏族自治州
Qinghai,2050,current,doubled,0.206370249390602,西宁市
Qinghai,2050,current,doubled,0.206370249390602,海北藏族自治州
Qinghai,2030,ssp245,doubled,0.0637583881616592,玉树藏族自治州
Qinghai,2030,ssp245,doubled,0.0637583881616592,海西蒙古族藏族自治州
Qinghai,2030,ssp245,doubled,0.0637583881616592,海南藏族自治州
Qinghai,2030,ssp245,doubled,0.0637583881616592,海东市
Qinghai,2030,ssp245,doubled,0.0637583881616592,果洛藏族自治州
Qinghai,2030,ssp245,doubled,0.0637583881616592,黄南藏族自治州
Qinghai,2030,ssp245,doubled,0.0637583881616592,西宁市
Qinghai,2030,ssp245,doubled,0.0637583881616592,海北藏族自治州
Qinghai,2035,ssp245,doubled,0.110845938324928,玉树藏族自治州
Qinghai,2035,ssp245,doubled,0.110845938324928,海西蒙古族藏族自治州
Qinghai,2035,ssp245,doubled,0.110845938324928,海南藏族自治州
Qinghai,2035,ssp245,doubled,0.110845938324928,海东市
Qinghai,2035,ssp245,doubled,0.110845938324928,果洛藏族自治州
Qinghai,2035,ssp245,doubled,0.110845938324928,黄南藏族自治州
Qinghai,2035,ssp245,doubled,0.110845938324928,西宁市
Qinghai,2035,ssp245,doubled,0.110845938324928,海北藏族自治州
Qinghai,2040,ssp245,doubled,0.078031562268734,玉树藏族自治州
Qinghai,2040,ssp245,doubled,0.078031562268734,海西蒙古族藏族自治州
Qinghai,2040,ssp245,doubled,0.078031562268734,海南藏族自治州
Qinghai,2040,ssp245,doubled,0.078031562268734,海东市
Qinghai,2040,ssp245,doubled,0.078031562268734,果洛藏族自治州
Qinghai,2040,ssp245,doubled,0.078031562268734,黄南藏族自治州
Qinghai,2040,ssp245,doubled,0.078031562268734,西宁市
Qinghai,2040,ssp245,doubled,0.078031562268734,海北藏族自治州
Qinghai,2045,ssp245,doubled,0.0952784568071365,玉树藏族自治州
Qinghai,2045,ssp245,doubled,0.0952784568071365,海西蒙古族藏族自治州
Qinghai,2045,ssp245,doubled,0.0952784568071365,海南藏族自治州
Qinghai,2045,ssp245,doubled,0.0952784568071365,海东市
Qinghai,2045,ssp245,doubled,0.0952784568071365,果洛藏族自治州
Qinghai,2045,ssp245,doubled,0.0952784568071365,黄南藏族自治州
Qinghai,2045,ssp245,doubled,0.0952784568071365,西宁市
Qinghai,2045,ssp245,doubled,0.0952784568071365,海北藏族自治州
Qinghai,2050,ssp245,doubled,0.181241914629936,玉树藏族自治州
Qinghai,2050,ssp245,doubled,0.181241914629936,海西蒙古族藏族自治州
Qinghai,2050,ssp245,doubled,0.181241914629936,海南藏族自治州
Qinghai,2050,ssp245,doubled,0.181241914629936,海东市
Qinghai,2050,ssp245,doubled,0.181241914629936,果洛藏族自治州
Qinghai,2050,ssp245,doubled,0.181241914629936,黄南藏族自治州
Qinghai,2050,ssp245,doubled,0.181241914629936,西宁市
Qinghai,2050,ssp245,doubled,0.181241914629936,海北藏族自治州
Qinghai,2030,ssp585,doubled,0.078031562268734,玉树藏族自治州
Qinghai,2030,ssp585,doubled,0.078031562268734,海西蒙古族藏族自治州
Qinghai,2030,ssp585,doubled,0.078031562268734,海南藏族自治州
Qinghai,2030,ssp585,doubled,0.078031562268734,海东市
Qinghai,2030,ssp585,doubled,0.078031562268734,果洛藏族自治州
Qinghai,2030,ssp585,doubled,0.078031562268734,黄南藏族自治州
Qinghai,2030,ssp585,doubled,0.078031562268734,西宁市
Qinghai,2030,ssp585,doubled,0.078031562268734,海北藏族自治州
Qinghai,2035,ssp585,doubled,0.124121680855751,玉树藏族自治州
Qinghai,2035,ssp585,doubled,0.124121680855751,海西蒙古族藏族自治州
Qinghai,2035,ssp585,doubled,0.124121680855751,海南藏族自治州
Qinghai,2035,ssp585,doubled,0.124121680855751,海东市
Qinghai,2035,ssp585,doubled,0.124121680855751,果洛藏族自治州
Qinghai,2035,ssp585,doubled,0.124121680855751,黄南藏族自治州
Qinghai,2035,ssp585,doubled,0.124121680855751,西宁市
Qinghai,2035,ssp585,doubled,0.124121680855751,海北藏族自治州
Qinghai,2040,ssp585,doubled,0.0678712129592896,玉树藏族自治州
Qinghai,2040,ssp585,doubled,0.0678712129592896,海西蒙古族藏族自治州
Qinghai,2040,ssp585,doubled,0.0678712129592896,海南藏族自治州
Qinghai,2040,ssp585,doubled,0.0678712129592896,海东市
Qinghai,2040,ssp585,doubled,0.0678712129592896,果洛藏族自治州
Qinghai,2040,ssp585,doubled,0.0678712129592896,黄南藏族自治州
Qinghai,2040,ssp585,doubled,0.0678712129592896,西宁市
Qinghai,2040,ssp585,doubled,0.0678712129592896,海北藏族自治州
Qinghai,2045,ssp585,doubled,0.0926444381475449,玉树藏族自治州
Qinghai,2045,ssp585,doubled,0.0926444381475449,海西蒙古族藏族自治州
Qinghai,2045,ssp585,doubled,0.0926444381475449,海南藏族自治州
Qinghai,2045,ssp585,doubled,0.0926444381475449,海东市
Qinghai,2045,ssp585,doubled,0.0926444381475449,果洛藏族自治州
Qinghai,2045,ssp585,doubled,0.0926444381475449,黄南藏族自治州
Qinghai,2045,ssp585,doubled,0.0926444381475449,西宁市
Qinghai,2045,ssp585,doubled,0.0926444381475449,海北藏族自治州
Qinghai,2050,ssp585,doubled,0.11363311111927,玉树藏族自治州
Qinghai,2050,ssp585,doubled,0.11363311111927,海西蒙古族藏族自治州
Qinghai,2050,ssp585,doubled,0.11363311111927,海南藏族自治州
Qinghai,2050,ssp585,doubled,0.11363311111927,海东市
Qinghai,2050,ssp585,doubled,0.11363311111927,果洛藏族自治州
Qinghai,2050,ssp585,doubled,0.11363311111927,黄南藏族自治州
Qinghai,2050,ssp585,doubled,0.11363311111927,西宁市
Qinghai,2050,ssp585,doubled,0.11363311111927,海北藏族自治州
Shaanxi,2030,current,baseline,0.286998003721237,西安市
Shaanxi,2030,current,baseline,0.286998003721237,商洛市
Shaanxi,2030,current,baseline,0.286998003721237,安康市
Shaanxi,2030,current,baseline,0.286998003721237,榆林市
Shaanxi,2030,current,baseline,0.286998003721237,汉中市
Shaanxi,2030,current,baseline,0.286998003721237,延安市
Shaanxi,2030,current,baseline,0.286998003721237,渭南市
Shaanxi,2030,current,baseline,0.286998003721237,咸阳市
Shaanxi,2030,current,baseline,0.286998003721237,宝鸡市
Shaanxi,2030,current,baseline,0.286998003721237,铜川市
Shaanxi,2035,current,baseline,0.286998003721237,西安市
Shaanxi,2035,current,baseline,0.286998003721237,商洛市
Shaanxi,2035,current,baseline,0.286998003721237,安康市
Shaanxi,2035,current,baseline,0.286998003721237,榆林市
Shaanxi,2035,current,baseline,0.286998003721237,汉中市
Shaanxi,2035,current,baseline,0.286998003721237,延安市
Shaanxi,2035,current,baseline,0.286998003721237,渭南市
Shaanxi,2035,current,baseline,0.286998003721237,咸阳市
Shaanxi,2035,current,baseline,0.286998003721237,宝鸡市
Shaanxi,2035,current,baseline,0.286998003721237,铜川市
Shaanxi,2040,current,baseline,0.286998003721237,西安市
Shaanxi,2040,current,baseline,0.286998003721237,商洛市
Shaanxi,2040,current,baseline,0.286998003721237,安康市
Shaanxi,2040,current,baseline,0.286998003721237,榆林市
Shaanxi,2040,current,baseline,0.286998003721237,汉中市
Shaanxi,2040,current,baseline,0.286998003721237,延安市
Shaanxi,2040,current,baseline,0.286998003721237,渭南市
Shaanxi,2040,current,baseline,0.286998003721237,咸阳市
Shaanxi,2040,current,baseline,0.286998003721237,宝鸡市
Shaanxi,2040,current,baseline,0.286998003721237,铜川市
Shaanxi,2045,current,baseline,0.286998003721237,西安市
Shaanxi,2045,current,baseline,0.286998003721237,商洛市
Shaanxi,2045,current,baseline,0.286998003721237,安康市
Shaanxi,2045,current,baseline,0.286998003721237,榆林市
Shaanxi,2045,current,baseline,0.286998003721237,汉中市
Shaanxi,2045,current,baseline,0.286998003721237,延安市
Shaanxi,2045,current,baseline,0.286998003721237,渭南市
Shaanxi,2045,current,baseline,0.286998003721237,咸阳市
Shaanxi,2045,current,baseline,0.286998003721237,宝鸡市
Shaanxi,2045,current,baseline,0.286998003721237,铜川市
Shaanxi,2050,current,baseline,0.286998003721237,西安市
Shaanxi,2050,current,baseline,0.286998003721237,商洛市
Shaanxi,2050,current,baseline,0.286998003721237,安康市
Shaanxi,2050,current,baseline,0.286998003721237,榆林市
Shaanxi,2050,current,baseline,0.286998003721237,汉中市
Shaanxi,2050,current,baseline,0.286998003721237,延安市
Shaanxi,2050,current,baseline,0.286998003721237,渭南市
Shaanxi,2050,current,baseline,0.286998003721237,咸阳市
Shaanxi,2050,current,baseline,0.286998003721237,宝鸡市
Shaanxi,2050,current,baseline,0.286998003721237,铜川市
Shaanxi,2030,ssp245,baseline,0.126200497150421,西安市
Shaanxi,2030,ssp245,baseline,0.126200497150421,商洛市
Shaanxi,2030,ssp245,baseline,0.126200497150421,安康市
Shaanxi,2030,ssp245,baseline,0.126200497150421,榆林市
Shaanxi,2030,ssp245,baseline,0.126200497150421,汉中市
Shaanxi,2030,ssp245,baseline,0.126200497150421,延安市
Shaanxi,2030,ssp245,baseline,0.126200497150421,渭南市
Shaanxi,2030,ssp245,baseline,0.126200497150421,咸阳市
Shaanxi,2030,ssp245,baseline,0.126200497150421,宝鸡市
Shaanxi,2030,ssp245,baseline,0.126200497150421,铜川市
Shaanxi,2035,ssp245,baseline,0.0683894380927086,西安市
Shaanxi,2035,ssp245,baseline,0.0683894380927086,商洛市
Shaanxi,2035,ssp245,baseline,0.0683894380927086,安康市
Shaanxi,2035,ssp245,baseline,0.0683894380927086,榆林市
Shaanxi,2035,ssp245,baseline,0.0683894380927086,汉中市
Shaanxi,2035,ssp245,baseline,0.0683894380927086,延安市
Shaanxi,2035,ssp245,baseline,0.0683894380927086,渭南市
Shaanxi,2035,ssp245,baseline,0.0683894380927086,咸阳市
Shaanxi,2035,ssp245,baseline,0.0683894380927086,宝鸡市
Shaanxi,2035,ssp245,baseline,0.0683894380927086,铜川市
Shaanxi,2040,ssp245,baseline,0.026171138510108,西安市
Shaanxi,2040,ssp245,baseline,0.026171138510108,商洛市
Shaanxi,2040,ssp245,baseline,0.026171138510108,安康市
Shaanxi,2040,ssp245,baseline,0.026171138510108,榆林市
Shaanxi,2040,ssp245,baseline,0.026171138510108,汉中市
Shaanxi,2040,ssp245,baseline,0.026171138510108,延安市
Shaanxi,2040,ssp245,baseline,0.026171138510108,渭南市
Shaanxi,2040,ssp245,baseline,0.026171138510108,咸阳市
Shaanxi,2040,ssp245,baseline,0.026171138510108,宝鸡市
Shaanxi,2040,ssp245,baseline,0.026171138510108,铜川市
Shaanxi,2045,ssp245,baseline,0.159670189023018,西安市
Shaanxi,2045,ssp245,baseline,0.159670189023018,商洛市
Shaanxi,2045,ssp245,baseline,0.159670189023018,安康市
Shaanxi,2045,ssp245,baseline,0.159670189023018,榆林市
Shaanxi,2045,ssp245,baseline,0.159670189023018,汉中市
Shaanxi,2045,ssp245,baseline,0.159670189023018,延安市
Shaanxi,2045,ssp245,baseline,0.159670189023018,渭南市
Shaanxi,2045,ssp245,baseline,0.159670189023018,咸阳市
Shaanxi,2045,ssp245,baseline,0.159670189023018,宝鸡市
Shaanxi,2045,ssp245,baseline,0.159670189023018,铜川市
Shaanxi,2050,ssp245,baseline,0.12814924120903,西安市
Shaanxi,2050,ssp245,baseline,0.12814924120903,商洛市
Shaanxi,2050,ssp245,baseline,0.12814924120903,安康市
Shaanxi,2050,ssp245,baseline,0.12814924120903,榆林市
Shaanxi,2050,ssp245,baseline,0.12814924120903,汉中市
Shaanxi,2050,ssp245,baseline,0.12814924120903,延安市
Shaanxi,2050,ssp245,baseline,0.12814924120903,渭南市
Shaanxi,2050,ssp245,baseline,0.12814924120903,咸阳市
Shaanxi,2050,ssp245,baseline,0.12814924120903,宝鸡市
Shaanxi,2050,ssp245,baseline,0.12814924120903,铜川市
Shaanxi,2030,ssp585,baseline,0.026171138510108,西安市
Shaanxi,2030,ssp585,baseline,0.026171138510108,商洛市
Shaanxi,2030,ssp585,baseline,0.026171138510108,安康市
Shaanxi,2030,ssp585,baseline,0.026171138510108,榆林市
Shaanxi,2030,ssp585,baseline,0.026171138510108,汉中市
Shaanxi,2030,ssp585,baseline,0.026171138510108,延安市
Shaanxi,2030,ssp585,baseline,0.026171138510108,渭南市
Shaanxi,2030,ssp585,baseline,0.026171138510108,咸阳市
Shaanxi,2030,ssp585,baseline,0.026171138510108,宝鸡市
Shaanxi,2030,ssp585,baseline,0.026171138510108,铜川市
Shaanxi,2035,ssp585,baseline,0.19158810377121,西安市
Shaanxi,2035,ssp585,baseline,0.19158810377121,商洛市
Shaanxi,2035,ssp585,baseline,0.19158810377121,安康市
Shaanxi,2035,ssp585,baseline,0.19158810377121,榆林市
Shaanxi,2035,ssp585,baseline,0.19158810377121,汉中市
Shaanxi,2035,ssp585,baseline,0.19158810377121,延安市
Shaanxi,2035,ssp585,baseline,0.19158810377121,渭南市
Shaanxi,2035,ssp585,baseline,0.19158810377121,咸阳市
Shaanxi,2035,ssp585,baseline,0.19158810377121,宝鸡市
Shaanxi,2035,ssp585,baseline,0.19158810377121,铜川市
Shaanxi,2040,ssp585,baseline,0.0821930393576622,西安市
Shaanxi,2040,ssp585,baseline,0.0821930393576622,商洛市
Shaanxi,2040,ssp585,baseline,0.0821930393576622,安康市
Shaanxi,2040,ssp585,baseline,0.0821930393576622,榆林市
Shaanxi,2040,ssp585,baseline,0.0821930393576622,汉中市
Shaanxi,2040,ssp585,baseline,0.0821930393576622,延安市
Shaanxi,2040,ssp585,baseline,0.0821930393576622,渭南市
Shaanxi,2040,ssp585,baseline,0.0821930393576622,咸阳市
Shaanxi,2040,ssp585,baseline,0.0821930393576622,宝鸡市
Shaanxi,2040,ssp585,baseline,0.0821930393576622,铜川市
Shaanxi,2045,ssp585,baseline,0.0864916816353798,西安市
Shaanxi,2045,ssp585,baseline,0.0864916816353798,商洛市
Shaanxi,2045,ssp585,baseline,0.0864916816353798,安康市
Shaanxi,2045,ssp585,baseline,0.0864916816353798,榆林市
Shaanxi,2045,ssp585,baseline,0.0864916816353798,汉中市
Shaanxi,2045,ssp585,baseline,0.0864916816353798,延安市
Shaanxi,2045,ssp585,baseline,0.0864916816353798,渭南市
Shaanxi,2045,ssp585,baseline,0.0864916816353798,咸阳市
Shaanxi,2045,ssp585,baseline,0.0864916816353798,宝鸡市
Shaanxi,2045,ssp585,baseline,0.0864916816353798,铜川市
Shaanxi,2050,ssp585,baseline,0.0840591341257095,西安市
Shaanxi,2050,ssp585,baseline,0.0840591341257095,商洛市
Shaanxi,2050,ssp585,baseline,0.0840591341257095,安康市
Shaanxi,2050,ssp585,baseline,0.0840591341257095,榆林市
Shaanxi,2050,ssp585,baseline,0.0840591341257095,汉中市
Shaanxi,2050,ssp585,baseline,0.0840591341257095,延安市
Shaanxi,2050,ssp585,baseline,0.0840591341257095,渭南市
Shaanxi,2050,ssp585,baseline,0.0840591341257095,咸阳市
Shaanxi,2050,ssp585,baseline,0.0840591341257095,宝鸡市
Shaanxi,2050,ssp585,baseline,0.0840591341257095,铜川市
Shaanxi,2030,current,trend,0.286301583051682,西安市
Shaanxi,2030,current,trend,0.286301583051682,商洛市
Shaanxi,2030,current,trend,0.286301583051682,安康市
Shaanxi,2030,current,trend,0.286301583051682,榆林市
Shaanxi,2030,current,trend,0.286301583051682,汉中市
Shaanxi,2030,current,trend,0.286301583051682,延安市
Shaanxi,2030,current,trend,0.286301583051682,渭南市
Shaanxi,2030,current,trend,0.286301583051682,咸阳市
Shaanxi,2030,current,trend,0.286301583051682,宝鸡市
Shaanxi,2030,current,trend,0.286301583051682,铜川市
Shaanxi,2035,current,trend,0.242708563804626,西安市
Shaanxi,2035,current,trend,0.242708563804626,商洛市
Shaanxi,2035,current,trend,0.242708563804626,安康市
Shaanxi,2035,current,trend,0.242708563804626,榆林市
Shaanxi,2035,current,trend,0.242708563804626,汉中市
Shaanxi,2035,current,trend,0.242708563804626,延安市
Shaanxi,2035,current,trend,0.242708563804626,渭南市
Shaanxi,2035,current,trend,0.242708563804626,咸阳市
Shaanxi,2035,current,trend,0.242708563804626,宝鸡市
Shaanxi,2035,current,trend,0.242708563804626,铜川市
Shaanxi,2040,current,trend,0.206370249390602,西安市
Shaanxi,2040,current,trend,0.206370249390602,商洛市
Shaanxi,2040,current,trend,0.206370249390602,安康市
Shaanxi,2040,current,trend,0.206370249390602,榆林市
Shaanxi,2040,current,trend,0.206370249390602,汉中市
Shaanxi,2040,current,trend,0.206370249390602,延安市
Shaanxi,2040,current,trend,0.206370249390602,渭南市
Shaanxi,2040,current,trend,0.206370249390602,咸阳市
Shaanxi,2040,current,trend,0.206370249390602,宝鸡市
Shaanxi,2040,current,trend,0.206370249390602,铜川市
Shaanxi,2045,current,trend,0.205125153064728,西安市
Shaanxi,2045,current,trend,0.205125153064728,商洛市
Shaanxi,2045,current,trend,0.205125153064728,安康市
Shaanxi,2045,current,trend,0.205125153064728,榆林市
Shaanxi,2045,current,trend,0.205125153064728,汉中市
Shaanxi,2045,current,trend,0.205125153064728,延安市
Shaanxi,2045,current,trend,0.205125153064728,渭南市
Shaanxi,2045,current,trend,0.205125153064728,咸阳市
Shaanxi,2045,current,trend,0.205125153064728,宝鸡市
Shaanxi,2045,current,trend,0.205125153064728,铜川市
Shaanxi,2050,current,trend,0.197648927569389,西安市
Shaanxi,2050,current,trend,0.197648927569389,商洛市
Shaanxi,2050,current,trend,0.197648927569389,安康市
Shaanxi,2050,current,trend,0.197648927569389,榆林市
Shaanxi,2050,current,trend,0.197648927569389,汉中市
Shaanxi,2050,current,trend,0.197648927569389,延安市
Shaanxi,2050,current,trend,0.197648927569389,渭南市
Shaanxi,2050,current,trend,0.197648927569389,咸阳市
Shaanxi,2050,current,trend,0.197648927569389,宝鸡市
Shaanxi,2050,current,trend,0.197648927569389,铜川市
Shaanxi,2030,ssp245,trend,0.0633924305438995,西安市
Shaanxi,2030,ssp245,trend,0.0633924305438995,商洛市
Shaanxi,2030,ssp245,trend,0.0633924305438995,安康市
Shaanxi,2030,ssp245,trend,0.0633924305438995,榆林市
Shaanxi,2030,ssp245,trend,0.0633924305438995,汉中市
Shaanxi,2030,ssp245,trend,0.0633924305438995,延安市
Shaanxi,2030,ssp245,trend,0.0633924305438995,渭南市
Shaanxi,2030,ssp245,trend,0.0633924305438995,咸阳市
Shaanxi,2030,ssp245,trend,0.0633924305438995,宝鸡市
Shaanxi,2030,ssp245,trend,0.0633924305438995,铜川市
Shaanxi,2035,ssp245,trend,0.102120243012905,西安市
Shaanxi,2035,ssp245,trend,0.102120243012905,商洛市
Shaanxi,2035,ssp245,trend,0.102120243012905,安康市
Shaanxi,2035,ssp245,trend,0.102120243012905,榆林市
Shaanxi,2035,ssp245,trend,0.102120243012905,汉中市
Shaanxi,2035,ssp245,trend,0.102120243012905,延安市
Shaanxi,2035,ssp245,trend,0.102120243012905,渭南市
Shaanxi,2035,ssp245,trend,0.102120243012905,咸阳市
Shaanxi,2035,ssp245,trend,0.102120243012905,宝鸡市
Shaanxi,2035,ssp245,trend,0.102120243012905,铜川市
Shaanxi,2040,ssp245,trend,0.109701424837112,西安市
Shaanxi,2040,ssp245,trend,0.109701424837112,商洛市
Shaanxi,2040,ssp245,trend,0.109701424837112,安康市
Shaanxi,2040,ssp245,trend,0.109701424837112,榆林市
Shaanxi,2040,ssp245,trend,0.109701424837112,汉中市
Shaanxi,2040,ssp245,trend,0.109701424837112,延安市
Shaanxi,2040,ssp245,trend,0.109701424837112,渭南市
Shaanxi,2040,ssp245,trend,0.109701424837112,咸阳市
Shaanxi,2040,ssp245,trend,0.109701424837112,宝鸡市
Shaanxi,2040,ssp245,trend,0.109701424837112,铜川市
Shaanxi,2045,ssp245,trend,0.136266112327576,西安市
Shaanxi,2045,ssp245,trend,0.136266112327576,商洛市
Shaanxi,2045,ssp245,trend,0.136266112327576,安康市
Shaanxi,2045,ssp245,trend,0.136266112327576,榆林市
Shaanxi,2045,ssp245,trend,0.136266112327576,汉中市
Shaanxi,2045,ssp245,trend,0.136266112327576,延安市
Shaanxi,2045,ssp245,trend,0.136266112327576,渭南市
Shaanxi,2045,ssp245,trend,0.136266112327576,咸阳市
Shaanxi,2045,ssp245,trend,0.136266112327576,宝鸡市
Shaanxi,2045,ssp245,trend,0.136266112327576,铜川市
Shaanxi,2050,ssp245,trend,0.109872318804264,西安市
Shaanxi,2050,ssp245,trend,0.109872318804264,商洛市
Shaanxi,2050,ssp245,trend,0.109872318804264,安康市
Shaanxi,2050,ssp245,trend,0.109872318804264,榆林市
Shaanxi,2050,ssp245,trend,0.109872318804264,汉中市
Shaanxi,2050,ssp245,trend,0.109872318804264,延安市
Shaanxi,2050,ssp245,trend,0.109872318804264,渭南市
Shaanxi,2050,ssp245,trend,0.109872318804264,咸阳市
Shaanxi,2050,ssp245,trend,0.109872318804264,宝鸡市
Shaanxi,2050,ssp245,trend,0.109872318804264,铜川市
Shaanxi,2030,ssp585,trend,0.0897417888045311,西安市
Shaanxi,2030,ssp585,trend,0.0897417888045311,商洛市
Shaanxi,2030,ssp585,trend,0.0897417888045311,安康市
Shaanxi,2030,ssp585,trend,0.0897417888045311,榆林市
Shaanxi,2030,ssp585,trend,0.0897417888045311,汉中市
Shaanxi,2030,ssp585,trend,0.0897417888045311,延安市
Shaanxi,2030,ssp585,trend,0.0897417888045311,渭南市
Shaanxi,2030,ssp585,trend,0.0897417888045311,咸阳市
Shaanxi,2030,ssp585,trend,0.0897417888045311,宝鸡市
Shaanxi,2030,ssp585,trend,0.0897417888045311,铜川市
Shaanxi,2035,ssp585,trend,0.15877828001976,西安市
Shaanxi,2035,ssp585,trend,0.15877828001976,商洛市
Shaanxi,2035,ssp585,trend,0.15877828001976,安康市
Shaanxi,2035,ssp585,trend,0.15877828001976,榆林市
Shaanxi,2035,ssp585,trend,0.15877828001976,汉中市
Shaanxi,2035,ssp585,trend,0.15877828001976,延安市
Shaanxi,2035,ssp585,trend,0.15877828001976,渭南市
Shaanxi,2035,ssp585,trend,0.15877828001976,咸阳市
Shaanxi,2035,ssp585,trend,0.15877828001976,宝鸡市
Shaanxi,2035,ssp585,trend,0.15877828001976,铜川市
Shaanxi,2040,ssp585,trend,0.0626239776611328,西安市
Shaanxi,2040,ssp585,trend,0.0626239776611328,商洛市
Shaanxi,2040,ssp585,trend,0.0626239776611328,安康市
Shaanxi,2040,ssp585,trend,0.0626239776611328,榆林市
Shaanxi,2040,ssp585,trend,0.0626239776611328,汉中市
Shaanxi,2040,ssp585,trend,0.0626239776611328,延安市
Shaanxi,2040,ssp585,trend,0.0626239776611328,渭南市
Shaanxi,2040,ssp585,trend,0.0626239776611328,咸阳市
Shaanxi,2040,ssp585,trend,0.0626239776611328,宝鸡市
Shaanxi,2040,ssp585,trend,0.0626239776611328,铜川市
Shaanxi,2045,ssp585,trend,0.11251712590456,西安市
Shaanxi,2045,ssp585,trend,0.11251712590456,商洛市
Shaanxi,2045,ssp585,trend,0.11251712590456,安康市
Shaanxi,2045,ssp585,trend,0.11251712590456,榆林市
Shaanxi,2045,ssp585,trend,0.11251712590456,汉中市
Shaanxi,2045,ssp585,trend,0.11251712590456,延安市
Shaanxi,2045,ssp585,trend,0.11251712590456,渭南市
Shaanxi,2045,ssp585,trend,0.11251712590456,咸阳市
Shaanxi,2045,ssp585,trend,0.11251712590456,宝鸡市
Shaanxi,2045,ssp585,trend,0.11251712590456,铜川市
Shaanxi,2050,ssp585,trend,0.066277414560318,西安市
Shaanxi,2050,ssp585,trend,0.066277414560318,商洛市
Shaanxi,2050,ssp585,trend,0.066277414560318,安康市
Shaanxi,2050,ssp585,trend,0.066277414560318,榆林市
Shaanxi,2050,ssp585,trend,0.066277414560318,汉中市
Shaanxi,2050,ssp585,trend,0.066277414560318,延安市
Shaanxi,2050,ssp585,trend,0.066277414560318,渭南市
Shaanxi,2050,ssp585,trend,0.066277414560318,咸阳市
Shaanxi,2050,ssp585,trend,0.066277414560318,宝鸡市
Shaanxi,2050,ssp585,trend,0.066277414560318,铜川市
Shaanxi,2030,current,doubled,0.205125153064728,西安市
Shaanxi,2030,current,doubled,0.205125153064728,商洛市
Shaanxi,2030,current,doubled,0.205125153064728,安康市
Shaanxi,2030,current,doubled,0.205125153064728,榆林市
Shaanxi,2030,current,doubled,0.205125153064728,汉中市
Shaanxi,2030,current,doubled,0.205125153064728,延安市
Shaanxi,2030,current,doubled,0.205125153064728,渭南市
Shaanxi,2030,current,doubled,0.205125153064728,咸阳市
Shaanxi,2030,current,doubled,0.205125153064728,宝鸡市
Shaanxi,2030,current,doubled,0.205125153064728,铜川市
Shaanxi,2035,current,doubled,0.205125153064728,西安市
Shaanxi,2035,current,doubled,0.205125153064728,商洛市
Shaanxi,2035,current,doubled,0.205125153064728,安康市
Shaanxi,2035,current,doubled,0.205125153064728,榆林市
Shaanxi,2035,current,doubled,0.205125153064728,汉中市
Shaanxi,2035,current,doubled,0.205125153064728,延安市
Shaanxi,2035,current,doubled,0.205125153064728,渭南市
Shaanxi,2035,current,doubled,0.205125153064728,咸阳市
Shaanxi,2035,current,doubled,0.205125153064728,宝鸡市
Shaanxi,2035,current,doubled,0.205125153064728,铜川市
Shaanxi,2040,current,doubled,0.205125153064728,西安市
Shaanxi,2040,current,doubled,0.205125153064728,商洛市
Shaanxi,2040,current,doubled,0.205125153064728,安康市
Shaanxi,2040,current,doubled,0.205125153064728,榆林市
Shaanxi,2040,current,doubled,0.205125153064728,汉中市
Shaanxi,2040,current,doubled,0.205125153064728,延安市
Shaanxi,2040,current,doubled,0.205125153064728,渭南市
Shaanxi,2040,current,doubled,0.205125153064728,咸阳市
Shaanxi,2040,current,doubled,0.205125153064728,宝鸡市
Shaanxi,2040,current,doubled,0.205125153064728,铜川市
Shaanxi,2045,current,doubled,0.205125153064728,西安市
Shaanxi,2045,current,doubled,0.205125153064728,商洛市
Shaanxi,2045,current,doubled,0.205125153064728,安康市
Shaanxi,2045,current,doubled,0.205125153064728,榆林市
Shaanxi,2045,current,doubled,0.205125153064728,汉中市
Shaanxi,2045,current,doubled,0.205125153064728,延安市
Shaanxi,2045,current,doubled,0.205125153064728,渭南市
Shaanxi,2045,current,doubled,0.205125153064728,咸阳市
Shaanxi,2045,current,doubled,0.205125153064728,宝鸡市
Shaanxi,2045,current,doubled,0.205125153064728,铜川市
Shaanxi,2050,current,doubled,0.205125153064728,西安市
Shaanxi,2050,current,doubled,0.205125153064728,商洛市
Shaanxi,2050,current,doubled,0.205125153064728,安康市
Shaanxi,2050,current,doubled,0.205125153064728,榆林市
Shaanxi,2050,current,doubled,0.205125153064728,汉中市
Shaanxi,2050,current,doubled,0.205125153064728,延安市
Shaanxi,2050,current,doubled,0.205125153064728,渭南市
Shaanxi,2050,current,doubled,0.205125153064728,咸阳市
Shaanxi,2050,current,doubled,0.205125153064728,宝鸡市
Shaanxi,2050,current,doubled,0.205125153064728,铜川市
Shaanxi,2030,ssp245,doubled,0.0773354470729828,西安市
Shaanxi,2030,ssp245,doubled,0.0773354470729828,商洛市
Shaanxi,2030,ssp245,doubled,0.0773354470729828,安康市
Shaanxi,2030,ssp245,doubled,0.0773354470729828,榆林市
Shaanxi,2030,ssp245,doubled,0.0773354470729828,汉中市
Shaanxi,2030,ssp245,doubled,0.0773354470729828,延安市
Shaanxi,2030,ssp245,doubled,0.0773354470729828,渭南市
Shaanxi,2030,ssp245,doubled,0.0773354470729828,咸阳市
Shaanxi,2030,ssp245,doubled,0.0773354470729828,宝鸡市
Shaanxi,2030,ssp245,doubled,0.0773354470729828,铜川市
Shaanxi,2035,ssp245,doubled,0.0985300615429878,西安市
Shaanxi,2035,ssp245,doubled,0.0985300615429878,商洛市
Shaanxi,2035,ssp245,doubled,0.0985300615429878,安康市
Shaanxi,2035,ssp245,doubled,0.0985300615429878,榆林市
Shaanxi,2035,ssp245,doubled,0.0985300615429878,汉中市
Shaanxi,2035,ssp245,doubled,0.0985300615429878,延安市
Shaanxi,2035,ssp245,doubled,0.0985300615429878,渭南市
Shaanxi,2035,ssp245,doubled,0.0985300615429878,咸阳市
Shaanxi,2035,ssp245,doubled,0.0985300615429878,宝鸡市
Shaanxi,2035,ssp245,doubled,0.0985300615429878,铜川市
Shaanxi,2040,ssp245,doubled,0.0813378170132637,西安市
Shaanxi,2040,ssp245,doubled,0.0813378170132637,商洛市
Shaanxi,2040,ssp245,doubled,0.0813378170132637,安康市
Shaanxi,2040,ssp245,doubled,0.0813378170132637,榆林市
Shaanxi,2040,ssp245,doubled,0.0813378170132637,汉中市
Shaanxi,2040,ssp245,doubled,0.0813378170132637,延安市
Shaanxi,2040,ssp245,doubled,0.0813378170132637,渭南市
Shaanxi,2040,ssp245,doubled,0.0813378170132637,咸阳市
Shaanxi,2040,ssp245,doubled,0.0813378170132637,宝鸡市
Shaanxi,2040,ssp245,doubled,0.0813378170132637,铜川市
Shaanxi,2045,ssp245,doubled,0.106907181441784,西安市
Shaanxi,2045,ssp245,doubled,0.106907181441784,商洛市
Shaanxi,2045,ssp245,doubled,0.106907181441784,安康市
Shaanxi,2045,ssp245,doubled,0.106907181441784,榆林市
Shaanxi,2045,ssp245,doubled,0.106907181441784,汉中市
Shaanxi,2045,ssp245,doubled,0.106907181441784,延安市
Shaanxi,2045,ssp245,doubled,0.106907181441784,渭南市
Shaanxi,2045,ssp245,doubled,0.106907181441784,咸阳市
Shaanxi,2045,ssp245,doubled,0.106907181441784,宝鸡市
Shaanxi,2045,ssp245,doubled,0.106907181441784,铜川市
Shaanxi,2050,ssp245,doubled,0.159175768494606,西安市
Shaanxi,2050,ssp245,doubled,0.159175768494606,商洛市
Shaanxi,2050,ssp245,doubled,0.159175768494606,安康市
Shaanxi,2050,ssp245,doubled,0.159175768494606,榆林市
Shaanxi,2050,ssp245,doubled,0.159175768494606,汉中市
Shaanxi,2050,ssp245,doubled,0.159175768494606,延安市
Shaanxi,2050,ssp245,doubled,0.159175768494606,渭南市
Shaanxi,2050,ssp245,doubled,0.159175768494606,咸阳市
Shaanxi,2050,ssp245,doubled,0.159175768494606,宝鸡市
Shaanxi,2050,ssp245,doubled,0.159175768494606,铜川市
Shaanxi,2030,ssp585,doubled,0.0813378170132637,西安市
Shaanxi,2030,ssp585,doubled,0.0813378170132637,商洛市
Shaanxi,2030,ssp585,doubled,0.0813378170132637,安康市
Shaanxi,2030,ssp585,doubled,0.0813378170132637,榆林市
Shaanxi,2030,ssp585,doubled,0.0813378170132637,汉中市
Shaanxi,2030,ssp585,doubled,0.0813378170132637,延安市
Shaanxi,2030,ssp585,doubled,0.0813378170132637,渭南市
Shaanxi,2030,ssp585,doubled,0.0813378170132637,咸阳市
Shaanxi,2030,ssp585,doubled,0.0813378170132637,宝鸡市
Shaanxi,2030,ssp585,doubled,0.0813378170132637,铜川市
Shaanxi,2035,ssp585,doubled,0.125496551394463,西安市
Shaanxi,2035,ssp585,doubled,0.125496551394463,商洛市
Shaanxi,2035,ssp585,doubled,0.125496551394463,安康市
Shaanxi,2035,ssp585,doubled,0.125496551394463,榆林市
Shaanxi,2035,ssp585,doubled,0.125496551394463,汉中市
Shaanxi,2035,ssp585,doubled,0.125496551394463,延安市
Shaanxi,2035,ssp585,doubled,0.125496551394463,渭南市
Shaanxi,2035,ssp585,doubled,0.125496551394463,咸阳市
Shaanxi,2035,ssp585,doubled,0.125496551394463,宝鸡市
Shaanxi,2035,ssp585,doubled,0.125496551394463,铜川市
Shaanxi,2040,ssp585,doubled,0.0768244862556458,西安市
Shaanxi,2040,ssp585,doubled,0.0768244862556458,商洛市
Shaanxi,2040,ssp585,doubled,0.0768244862556458,安康市
Shaanxi,2040,ssp585,doubled,0.0768244862556458,榆林市
Shaanxi,2040,ssp585,doubled,0.0768244862556458,汉中市
Shaanxi,2040,ssp585,doubled,0.0768244862556458,延安市
Shaanxi,2040,ssp585,doubled,0.0768244862556458,渭南市
Shaanxi,2040,ssp585,doubled,0.0768244862556458,咸阳市
Shaanxi,2040,ssp585,doubled,0.0768244862556458,宝鸡市
Shaanxi,2040,ssp585,doubled,0.0768244862556458,铜川市
Shaanxi,2045,ssp585,doubled,0.118098840117455,西安市
Shaanxi,2045,ssp585,doubled,0.118098840117455,商洛市
Shaanxi,2045,ssp585,doubled,0.118098840117455,安康市
Shaanxi,2045,ssp585,doubled,0.118098840117455,榆林市
Shaanxi,2045,ssp585,doubled,0.118098840117455,汉中市
Shaanxi,2045,ssp585,doubled,0.118098840117455,延安市
Shaanxi,2045,ssp585,doubled,0.118098840117455,渭南市
Shaanxi,2045,ssp585,doubled,0.118098840117455,咸阳市
Shaanxi,2045,ssp585,doubled,0.118098840117455,宝鸡市
Shaanxi,2045,ssp585,doubled,0.118098840117455,铜川市
Shaanxi,2050,ssp585,doubled,0.0598254911601543,西安市
Shaanxi,2050,ssp585,doubled,0.0598254911601543,商洛市
Shaanxi,2050,ssp585,doubled,0.0598254911601543,安康市
Shaanxi,2050,ssp585,doubled,0.0598254911601543,榆林市
Shaanxi,2050,ssp585,doubled,0.0598254911601543,汉中市
Shaanxi,2050,ssp585,doubled,0.0598254911601543,延安市
Shaanxi,2050,ssp585,doubled,0.0598254911601543,渭南市
Shaanxi,2050,ssp585,doubled,0.0598254911601543,咸阳市
Shaanxi,2050,ssp585,doubled,0.0598254911601543,宝鸡市
Shaanxi,2050,ssp585,doubled,0.0598254911601543,铜川市
Shandong,2030,current,baseline,0.32593160867691,济南市
Shandong,2030,current,baseline,0.32593160867691,临沂市
Shandong,2030,current,baseline,0.32593160867691,威海市
Shandong,2030,current,baseline,0.32593160867691,日照市
Shandong,2030,current,baseline,0.32593160867691,枣庄市
Shandong,2030,current,baseline,0.32593160867691,滨州市
Shandong,2030,current,baseline,0.32593160867691,东营市
Shandong,2030,current,baseline,0.32593160867691,菏泽市
Shandong,2030,current,baseline,0.32593160867691,青岛市
Shandong,2030,current,baseline,0.32593160867691,德州市
Shandong,2030,current,baseline,0.32593160867691,淄博市
Shandong,2030,current,baseline,0.32593160867691,聊城市
Shandong,2030,current,baseline,0.32593160867691,济宁市
Shandong,2030,current,baseline,0.32593160867691,泰安市
Shandong,2030,current,baseline,0.32593160867691,烟台市
Shandong,2030,current,baseline,0.32593160867691,潍坊市
Shandong,2035,current,baseline,0.32593160867691,济南市
Shandong,2035,current,baseline,0.32593160867691,临沂市
Shandong,2035,current,baseline,0.32593160867691,威海市
Shandong,2035,current,baseline,0.32593160867691,日照市
Shandong,2035,current,baseline,0.32593160867691,枣庄市
Shandong,2035,current,baseline,0.32593160867691,滨州市
Shandong,2035,current,baseline,0.32593160867691,东营市
Shandong,2035,current,baseline,0.32593160867691,菏泽市
Shandong,2035,current,baseline,0.32593160867691,青岛市
Shandong,2035,current,baseline,0.32593160867691,德州市
Shandong,2035,current,baseline,0.32593160867691,淄博市
Shandong,2035,current,baseline,0.32593160867691,聊城市
Shandong,2035,current,baseline,0.32593160867691,济宁市
Shandong,2035,current,baseline,0.32593160867691,泰安市
Shandong,2035,current,baseline,0.32593160867691,烟台市
Shandong,2035,current,baseline,0.32593160867691,潍坊市
Shandong,2040,current,baseline,0.32593160867691,济南市
Shandong,2040,current,baseline,0.32593160867691,临沂市
Shandong,2040,current,baseline,0.32593160867691,威海市
Shandong,2040,current,baseline,0.32593160867691,日照市
Shandong,2040,current,baseline,0.32593160867691,枣庄市
Shandong,2040,current,baseline,0.32593160867691,滨州市
Shandong,2040,current,baseline,0.32593160867691,东营市
Shandong,2040,current,baseline,0.32593160867691,菏泽市
Shandong,2040,current,baseline,0.32593160867691,青岛市
Shandong,2040,current,baseline,0.32593160867691,德州市
Shandong,2040,current,baseline,0.32593160867691,淄博市
Shandong,2040,current,baseline,0.32593160867691,聊城市
Shandong,2040,current,baseline,0.32593160867691,济宁市
Shandong,2040,current,baseline,0.32593160867691,泰安市
Shandong,2040,current,baseline,0.32593160867691,烟台市
Shandong,2040,current,baseline,0.32593160867691,潍坊市
Shandong,2045,current,baseline,0.32593160867691,济南市
Shandong,2045,current,baseline,0.32593160867691,临沂市
Shandong,2045,current,baseline,0.32593160867691,威海市
Shandong,2045,current,baseline,0.32593160867691,日照市
Shandong,2045,current,baseline,0.32593160867691,枣庄市
Shandong,2045,current,baseline,0.32593160867691,滨州市
Shandong,2045,current,baseline,0.32593160867691,东营市
Shandong,2045,current,baseline,0.32593160867691,菏泽市
Shandong,2045,current,baseline,0.32593160867691,青岛市
Shandong,2045,current,baseline,0.32593160867691,德州市
Shandong,2045,current,baseline,0.32593160867691,淄博市
Shandong,2045,current,baseline,0.32593160867691,聊城市
Shandong,2045,current,baseline,0.32593160867691,济宁市
Shandong,2045,current,baseline,0.32593160867691,泰安市
Shandong,2045,current,baseline,0.32593160867691,烟台市
Shandong,2045,current,baseline,0.32593160867691,潍坊市
Shandong,2050,current,baseline,0.32593160867691,济南市
Shandong,2050,current,baseline,0.32593160867691,临沂市
Shandong,2050,current,baseline,0.32593160867691,威海市
Shandong,2050,current,baseline,0.32593160867691,日照市
Shandong,2050,current,baseline,0.32593160867691,枣庄市
Shandong,2050,current,baseline,0.32593160867691,滨州市
Shandong,2050,current,baseline,0.32593160867691,东营市
Shandong,2050,current,baseline,0.32593160867691,菏泽市
Shandong,2050,current,baseline,0.32593160867691,青岛市
Shandong,2050,current,baseline,0.32593160867691,德州市
Shandong,2050,current,baseline,0.32593160867691,淄博市
Shandong,2050,current,baseline,0.32593160867691,聊城市
Shandong,2050,current,baseline,0.32593160867691,济宁市
Shandong,2050,current,baseline,0.32593160867691,泰安市
Shandong,2050,current,baseline,0.32593160867691,烟台市
Shandong,2050,current,baseline,0.32593160867691,潍坊市
Shandong,2030,ssp245,baseline,0.110768504440784,济南市
Shandong,2030,ssp245,baseline,0.110768504440784,临沂市
Shandong,2030,ssp245,baseline,0.110768504440784,威海市
Shandong,2030,ssp245,baseline,0.110768504440784,日照市
Shandong,2030,ssp245,baseline,0.110768504440784,枣庄市
Shandong,2030,ssp245,baseline,0.110768504440784,滨州市
Shandong,2030,ssp245,baseline,0.110768504440784,东营市
Shandong,2030,ssp245,baseline,0.110768504440784,菏泽市
Shandong,2030,ssp245,baseline,0.110768504440784,青岛市
Shandong,2030,ssp245,baseline,0.110768504440784,德州市
Shandong,2030,ssp245,baseline,0.110768504440784,淄博市
Shandong,2030,ssp245,baseline,0.110768504440784,聊城市
Shandong,2030,ssp245,baseline,0.110768504440784,济宁市
Shandong,2030,ssp245,baseline,0.110768504440784,泰安市
Shandong,2030,ssp245,baseline,0.110768504440784,烟台市
Shandong,2030,ssp245,baseline,0.110768504440784,潍坊市
Shandong,2035,ssp245,baseline,0.116438865661621,济南市
Shandong,2035,ssp245,baseline,0.116438865661621,临沂市
Shandong,2035,ssp245,baseline,0.116438865661621,威海市
Shandong,2035,ssp245,baseline,0.116438865661621,日照市
Shandong,2035,ssp245,baseline,0.116438865661621,枣庄市
Shandong,2035,ssp245,baseline,0.116438865661621,滨州市
Shandong,2035,ssp245,baseline,0.116438865661621,东营市
Shandong,2035,ssp245,baseline,0.116438865661621,菏泽市
Shandong,2035,ssp245,baseline,0.116438865661621,青岛市
Shandong,2035,ssp245,baseline,0.116438865661621,德州市
Shandong,2035,ssp245,baseline,0.116438865661621,淄博市
Shandong,2035,ssp245,baseline,0.116438865661621,聊城市
Shandong,2035,ssp245,baseline,0.116438865661621,济宁市
Shandong,2035,ssp245,baseline,0.116438865661621,泰安市
Shandong,2035,ssp245,baseline,0.116438865661621,烟台市
Shandong,2035,ssp245,baseline,0.116438865661621,潍坊市
Shandong,2040,ssp245,baseline,0.128807470202446,济南市
Shandong,2040,ssp245,baseline,0.128807470202446,临沂市
Shandong,2040,ssp245,baseline,0.128807470202446,威海市
Shandong,2040,ssp245,baseline,0.128807470202446,日照市
Shandong,2040,ssp245,baseline,0.128807470202446,枣庄市
Shandong,2040,ssp245,baseline,0.128807470202446,滨州市
Shandong,2040,ssp245,baseline,0.128807470202446,东营市
Shandong,2040,ssp245,baseline,0.128807470202446,菏泽市
Shandong,2040,ssp245,baseline,0.128807470202446,青岛市
Shandong,2040,ssp245,baseline,0.128807470202446,德州市
Shandong,2040,ssp245,baseline,0.128807470202446,淄博市
Shandong,2040,ssp245,baseline,0.128807470202446,聊城市
Shandong,2040,ssp245,baseline,0.128807470202446,济宁市
Shandong,2040,ssp245,baseline,0.128807470202446,泰安市
Shandong,2040,ssp245,baseline,0.128807470202446,烟台市
Shandong,2040,ssp245,baseline,0.128807470202446,潍坊市
Shandong,2045,ssp245,baseline,0.15186470746994,济南市
Shandong,2045,ssp245,baseline,0.15186470746994,临沂市
Shandong,2045,ssp245,baseline,0.15186470746994,威海市
Shandong,2045,ssp245,baseline,0.15186470746994,日照市
Shandong,2045,ssp245,baseline,0.15186470746994,枣庄市
Shandong,2045,ssp245,baseline,0.15186470746994,滨州市
Shandong,2045,ssp245,baseline,0.15186470746994,东营市
Shandong,2045,ssp245,baseline,0.15186470746994,菏泽市
Shandong,2045,ssp245,baseline,0.15186470746994,青岛市
Shandong,2045,ssp245,baseline,0.15186470746994,德州市
Shandong,2045,ssp245,baseline,0.15186470746994,淄博市
Shandong,2045,ssp245,baseline,0.15186470746994,聊城市
Shandong,2045,ssp245,baseline,0.15186470746994,济宁市
Shandong,2045,ssp245,baseline,0.15186470746994,泰安市
Shandong,2045,ssp245,baseline,0.15186470746994,烟台市
Shandong,2045,ssp245,baseline,0.15186470746994,潍坊市
Shandong,2050,ssp245,baseline,0.347550868988037,济南市
Shandong,2050,ssp245,baseline,0.347550868988037,临沂市
Shandong,2050,ssp245,baseline,0.347550868988037,威海市
Shandong,2050,ssp245,baseline,0.347550868988037,日照市
Shandong,2050,ssp245,baseline,0.347550868988037,枣庄市
Shandong,2050,ssp245,baseline,0.347550868988037,滨州市
Shandong,2050,ssp245,baseline,0.347550868988037,东营市
Shandong,2050,ssp245,baseline,0.347550868988037,菏泽市
Shandong,2050,ssp245,baseline,0.347550868988037,青岛市
Shandong,2050,ssp245,baseline,0.347550868988037,德州市
Shandong,2050,ssp245,baseline,0.347550868988037,淄博市
Shandong,2050,ssp245,baseline,0.347550868988037,聊城市
Shandong,2050,ssp245,baseline,0.347550868988037,济宁市
Shandong,2050,ssp245,baseline,0.347550868988037,泰安市
Shandong,2050,ssp245,baseline,0.347550868988037,烟台市
Shandong,2050,ssp245,baseline,0.347550868988037,潍坊市
Shandong,2030,ssp585,baseline,0.128807470202446,济南市
Shandong,2030,ssp585,baseline,0.128807470202446,临沂市
Shandong,2030,ssp585,baseline,0.128807470202446,威海市
Shandong,2030,ssp585,baseline,0.128807470202446,日照市
Shandong,2030,ssp585,baseline,0.128807470202446,枣庄市
Shandong,2030,ssp585,baseline,0.128807470202446,滨州市
Shandong,2030,ssp585,baseline,0.128807470202446,东营市
Shandong,2030,ssp585,baseline,0.128807470202446,菏泽市
Shandong,2030,ssp585,baseline,0.128807470202446,青岛市
Shandong,2030,ssp585,baseline,0.128807470202446,德州市
Shandong,2030,ssp585,baseline,0.128807470202446,淄博市
Shandong,2030,ssp585,baseline,0.128807470202446,聊城市
Shandong,2030,ssp585,baseline,0.128807470202446,济宁市
Shandong,2030,ssp585,baseline,0.128807470202446,泰安市
Shandong,2030,ssp585,baseline,0.128807470202446,烟台市
Shandong,2030,ssp585,baseline,0.128807470202446,潍坊市
Shandong,2035,ssp585,baseline,0.245130643248558,济南市
Shandong,2035,ssp585,baseline,0.245130643248558,临沂市
Shandong,2035,ssp585,baseline,0.245130643248558,威海市
Shandong,2035,ssp585,baseline,0.245130643248558,日照市
Shandong,2035,ssp585,baseline,0.245130643248558,枣庄市
Shandong,2035,ssp585,baseline,0.245130643248558,滨州市
Shandong,2035,ssp585,baseline,0.245130643248558,东营市
Shandong,2035,ssp585,baseline,0.245130643248558,菏泽市
Shandong,2035,ssp585,baseline,0.245130643248558,青岛市
Shandong,2035,ssp585,baseline,0.245130643248558,德州市
Shandong,2035,ssp585,baseline,0.245130643248558,淄博市
Shandong,2035,ssp585,baseline,0.245130643248558,聊城市
Shandong,2035,ssp585,baseline,0.245130643248558,济宁市
Shandong,2035,ssp585,baseline,0.245130643248558,泰安市
Shandong,2035,ssp585,baseline,0.245130643248558,烟台市
Shandong,2035,ssp585,baseline,0.245130643248558,潍坊市
Shandong,2040,ssp585,baseline,0.0825261920690537,济南市
Shandong,2040,ssp585,baseline,0.0825261920690537,临沂市
Shandong,2040,ssp585,baseline,0.0825261920690537,威海市
Shandong,2040,ssp585,baseline,0.0825261920690537,日照市
Shandong,2040,ssp585,baseline,0.0825261920690537,枣庄市
Shandong,2040,ssp585,baseline,0.0825261920690537,滨州市
Shandong,2040,ssp585,baseline,0.0825261920690537,东营市
Shandong,2040,ssp585,baseline,0.0825261920690537,菏泽市
Shandong,2040,ssp585,baseline,0.0825261920690537,青岛市
Shandong,2040,ssp585,baseline,0.0825261920690537,德州市
Shandong,2040,ssp585,baseline,0.0825261920690537,淄博市
Shandong,2040,ssp585,baseline,0.0825261920690537,聊城市
Shandong,2040,ssp585,baseline,0.0825261920690537,济宁市
Shandong,2040,ssp585,baseline,0.0825261920690537,泰安市
Shandong,2040,ssp585,baseline,0.0825261920690537,烟台市
Shandong,2040,ssp585,baseline,0.0825261920690537,潍坊市
Shandong,2045,ssp585,baseline,0.0870322287082672,济南市
Shandong,2045,ssp585,baseline,0.0870322287082672,临沂市
Shandong,2045,ssp585,baseline,0.0870322287082672,威海市
Shandong,2045,ssp585,baseline,0.0870322287082672,日照市
Shandong,2045,ssp585,baseline,0.0870322287082672,枣庄市
Shandong,2045,ssp585,baseline,0.0870322287082672,滨州市
Shandong,2045,ssp585,baseline,0.0870322287082672,东营市
Shandong,2045,ssp585,baseline,0.0870322287082672,菏泽市
Shandong,2045,ssp585,baseline,0.0870322287082672,青岛市
Shandong,2045,ssp585,baseline,0.0870322287082672,德州市
Shandong,2045,ssp585,baseline,0.0870322287082672,淄博市
Shandong,2045,ssp585,baseline,0.0870322287082672,聊城市
Shandong,2045,ssp585,baseline,0.0870322287082672,济宁市
Shandong,2045,ssp585,baseline,0.0870322287082672,泰安市
Shandong,2045,ssp585,baseline,0.0870322287082672,烟台市
Shandong,2045,ssp585,baseline,0.0870322287082672,潍坊市
Shandong,2050,ssp585,baseline,0.0722933411598206,济南市
Shandong,2050,ssp585,baseline,0.0722933411598206,临沂市
Shandong,2050,ssp585,baseline,0.0722933411598206,威海市
Shandong,2050,ssp585,baseline,0.0722933411598206,日照市
Shandong,2050,ssp585,baseline,0.0722933411598206,枣庄市
Shandong,2050,ssp585,baseline,0.0722933411598206,滨州市
Shandong,2050,ssp585,baseline,0.0722933411598206,东营市
Shandong,2050,ssp585,baseline,0.0722933411598206,菏泽市
Shandong,2050,ssp585,baseline,0.0722933411598206,青岛市
Shandong,2050,ssp585,baseline,0.0722933411598206,德州市
Shandong,2050,ssp585,baseline,0.0722933411598206,淄博市
Shandong,2050,ssp585,baseline,0.0722933411598206,聊城市
Shandong,2050,ssp585,baseline,0.0722933411598206,济宁市
Shandong,2050,ssp585,baseline,0.0722933411598206,泰安市
Shandong,2050,ssp585,baseline,0.0722933411598206,烟台市
Shandong,2050,ssp585,baseline,0.0722933411598206,潍坊市
Shandong,2030,current,trend,0.242708563804626,济南市
Shandong,2030,current,trend,0.242708563804626,临沂市
Shandong,2030,current,trend,0.242708563804626,威海市
Shandong,2030,current,trend,0.242708563804626,日照市
Shandong,2030,current,trend,0.242708563804626,枣庄市
Shandong,2030,current,trend,0.242708563804626,滨州市
Shandong,2030,current,trend,0.242708563804626,东营市
Shandong,2030,current,trend,0.242708563804626,菏泽市
Shandong,2030,current,trend,0.242708563804626,青岛市
Shandong,2030,current,trend,0.242708563804626,德州市
Shandong,2030,current,trend,0.242708563804626,淄博市
Shandong,2030,current,trend,0.242708563804626,聊城市
Shandong,2030,current,trend,0.242708563804626,济宁市
Shandong,2030,current,trend,0.242708563804626,泰安市
Shandong,2030,current,trend,0.242708563804626,烟台市
Shandong,2030,current,trend,0.242708563804626,潍坊市
Shandong,2035,current,trend,0.205125153064728,济南市
Shandong,2035,current,trend,0.205125153064728,临沂市
Shandong,2035,current,trend,0.205125153064728,威海市
Shandong,2035,current,trend,0.205125153064728,日照市
Shandong,2035,current,trend,0.205125153064728,枣庄市
Shandong,2035,current,trend,0.205125153064728,滨州市
Shandong,2035,current,trend,0.205125153064728,东营市
Shandong,2035,current,trend,0.205125153064728,菏泽市
Shandong,2035,current,trend,0.205125153064728,青岛市
Shandong,2035,current,trend,0.205125153064728,德州市
Shandong,2035,current,trend,0.205125153064728,淄博市
Shandong,2035,current,trend,0.205125153064728,聊城市
Shandong,2035,current,trend,0.205125153064728,济宁市
Shandong,2035,current,trend,0.205125153064728,泰安市
Shandong,2035,current,trend,0.205125153064728,烟台市
Shandong,2035,current,trend,0.205125153064728,潍坊市
Shandong,2040,current,trend,0.207467883825302,济南市
Shandong,2040,current,trend,0.207467883825302,临沂市
Shandong,2040,current,trend,0.207467883825302,威海市
Shandong,2040,current,trend,0.207467883825302,日照市
Shandong,2040,current,trend,0.207467883825302,枣庄市
Shandong,2040,current,trend,0.207467883825302,滨州市
Shandong,2040,current,trend,0.207467883825302,东营市
Shandong,2040,current,trend,0.207467883825302,菏泽市
Shandong,2040,current,trend,0.207467883825302,青岛市
Shandong,2040,current,trend,0.207467883825302,德州市
Shandong,2040,current,trend,0.207467883825302,淄博市
Shandong,2040,current,trend,0.207467883825302,聊城市
Shandong,2040,current,trend,0.207467883825302,济宁市
Shandong,2040,current,trend,0.207467883825302,泰安市
Shandong,2040,current,trend,0.207467883825302,烟台市
Shandong,2040,current,trend,0.207467883825302,潍坊市
Shandong,2045,current,trend,0.263163238763809,济南市
Shandong,2045,current,trend,0.263163238763809,临沂市
Shandong,2045,current,trend,0.263163238763809,威海市
Shandong,2045,current,trend,0.263163238763809,日照市
Shandong,2045,current,trend,0.263163238763809,枣庄市
Shandong,2045,current,trend,0.263163238763809,滨州市
Shandong,2045,current,trend,0.263163238763809,东营市
Shandong,2045,current,trend,0.263163238763809,菏泽市
Shandong,2045,current,trend,0.263163238763809,青岛市
Shandong,2045,current,trend,0.263163238763809,德州市
Shandong,2045,current,trend,0.263163238763809,淄博市
Shandong,2045,current,trend,0.263163238763809,聊城市
Shandong,2045,current,trend,0.263163238763809,济宁市
Shandong,2045,current,trend,0.263163238763809,泰安市
Shandong,2045,current,trend,0.263163238763809,烟台市
Shandong,2045,current,trend,0.263163238763809,潍坊市
Shandong,2050,current,trend,0.282232522964478,济南市
Shandong,2050,current,trend,0.282232522964478,临沂市
Shandong,2050,current,trend,0.282232522964478,威海市
Shandong,2050,current,trend,0.282232522964478,日照市
Shandong,2050,current,trend,0.282232522964478,枣庄市
Shandong,2050,current,trend,0.282232522964478,滨州市
Shandong,2050,current,trend,0.282232522964478,东营市
Shandong,2050,current,trend,0.282232522964478,菏泽市
Shandong,2050,current,trend,0.282232522964478,青岛市
Shandong,2050,current,trend,0.282232522964478,德州市
Shandong,2050,current,trend,0.282232522964478,淄博市
Shandong,2050,current,trend,0.282232522964478,聊城市
Shandong,2050,current,trend,0.282232522964478,济宁市
Shandong,2050,current,trend,0.282232522964478,泰安市
Shandong,2050,current,trend,0.282232522964478,烟台市
Shandong,2050,current,trend,0.282232522964478,潍坊市
Shandong,2030,ssp245,trend,0.0482372082769871,济南市
Shandong,2030,ssp245,trend,0.0482372082769871,临沂市
Shandong,2030,ssp245,trend,0.0482372082769871,威海市
Shandong,2030,ssp245,trend,0.0482372082769871,日照市
Shandong,2030,ssp245,trend,0.0482372082769871,枣庄市
Shandong,2030,ssp245,trend,0.0482372082769871,滨州市
Shandong,2030,ssp245,trend,0.0482372082769871,东营市
Shandong,2030,ssp245,trend,0.0482372082769871,菏泽市
Shandong,2030,ssp245,trend,0.0482372082769871,青岛市
Shandong,2030,ssp245,trend,0.0482372082769871,德州市
Shandong,2030,ssp245,trend,0.0482372082769871,淄博市
Shandong,2030,ssp245,trend,0.0482372082769871,聊城市
Shandong,2030,ssp245,trend,0.0482372082769871,济宁市
Shandong,2030,ssp245,trend,0.0482372082769871,泰安市
Shandong,2030,ssp245,trend,0.0482372082769871,烟台市
Shandong,2030,ssp245,trend,0.0482372082769871,潍坊市
Shandong,2035,ssp245,trend,0.106918036937714,济南市
Shandong,2035,ssp245,trend,0.106918036937714,临沂市
Shandong,2035,ssp245,trend,0.106918036937714,威海市
Shandong,2035,ssp245,trend,0.106918036937714,日照市
Shandong,2035,ssp245,trend,0.106918036937714,枣庄市
Shandong,2035,ssp245,trend,0.106918036937714,滨州市
Shandong,2035,ssp245,trend,0.106918036937714,东营市
Shandong,2035,ssp245,trend,0.106918036937714,菏泽市
Shandong,2035,ssp245,trend,0.106918036937714,青岛市
Shandong,2035,ssp245,trend,0.106918036937714,德州市
Shandong,2035,ssp245,trend,0.106918036937714,淄博市
Shandong,2035,ssp245,trend,0.106918036937714,聊城市
Shandong,2035,ssp245,trend,0.106918036937714,济宁市
Shandong,2035,ssp245,trend,0.106918036937714,泰安市
Shandong,2035,ssp245,trend,0.106918036937714,烟台市
Shandong,2035,ssp245,trend,0.106918036937714,潍坊市
Shandong,2040,ssp245,trend,0.0431419871747494,济南市
Shandong,2040,ssp245,trend,0.0431419871747494,临沂市
Shandong,2040,ssp245,trend,0.0431419871747494,威海市
Shandong,2040,ssp245,trend,0.0431419871747494,日照市
Shandong,2040,ssp245,trend,0.0431419871747494,枣庄市
Shandong,2040,ssp245,trend,0.0431419871747494,滨州市
Shandong,2040,ssp245,trend,0.0431419871747494,东营市
Shandong,2040,ssp245,trend,0.0431419871747494,菏泽市
Shandong,2040,ssp245,trend,0.0431419871747494,青岛市
Shandong,2040,ssp245,trend,0.0431419871747494,德州市
Shandong,2040,ssp245,trend,0.0431419871747494,淄博市
Shandong,2040,ssp245,trend,0.0431419871747494,聊城市
Shandong,2040,ssp245,trend,0.0431419871747494,济宁市
Shandong,2040,ssp245,trend,0.0431419871747494,泰安市
Shandong,2040,ssp245,trend,0.0431419871747494,烟台市
Shandong,2040,ssp245,trend,0.0431419871747494,潍坊市
Shandong,2045,ssp245,trend,0.0680433362722397,济南市
Shandong,2045,ssp245,trend,0.0680433362722397,临沂市
Shandong,2045,ssp245,trend,0.0680433362722397,威海市
Shandong,2045,ssp245,trend,0.0680433362722397,日照市
Shandong,2045,ssp245,trend,0.0680433362722397,枣庄市
Shandong,2045,ssp245,trend,0.0680433362722397,滨州市
Shandong,2045,ssp245,trend,0.0680433362722397,东营市
Shandong,2045,ssp245,trend,0.0680433362722397,菏泽市
Shandong,2045,ssp245,trend,0.0680433362722397,青岛市
Shandong,2045,ssp245,trend,0.0680433362722397,德州市
Shandong,2045,ssp245,trend,0.0680433362722397,淄博市
Shandong,2045,ssp245,trend,0.0680433362722397,聊城市
Shandong,2045,ssp245,trend,0.0680433362722397,济宁市
Shandong,2045,ssp245,trend,0.0680433362722397,泰安市
Shandong,2045,ssp245,trend,0.0680433362722397,烟台市
Shandong,2045,ssp245,trend,0.0680433362722397,潍坊市
Shandong,2050,ssp245,trend,0.144822955131531,济南市
Shandong,2050,ssp245,trend,0.144822955131531,临沂市
Shandong,2050,ssp245,trend,0.144822955131531,威海市
Shandong,2050,ssp245,trend,0.144822955131531,日照市
Shandong,2050,ssp245,trend,0.144822955131531,枣庄市
Shandong,2050,ssp245,trend,0.144822955131531,滨州市
Shandong,2050,ssp245,trend,0.144822955131531,东营市
Shandong,2050,ssp245,trend,0.144822955131531,菏泽市
Shandong,2050,ssp245,trend,0.144822955131531,青岛市
Shandong,2050,ssp245,trend,0.144822955131531,德州市
Shandong,2050,ssp245,trend,0.144822955131531,淄博市
Shandong,2050,ssp245,trend,0.144822955131531,聊城市
Shandong,2050,ssp245,trend,0.144822955131531,济宁市
Shandong,2050,ssp245,trend,0.144822955131531,泰安市
Shandong,2050,ssp245,trend,0.144822955131531,烟台市
Shandong,2050,ssp245,trend,0.144822955131531,潍坊市
Shandong,2030,ssp585,trend,0.040069717913866,济南市
Shandong,2030,ssp585,trend,0.040069717913866,临沂市
Shandong,2030,ssp585,trend,0.040069717913866,威海市
Shandong,2030,ssp585,trend,0.040069717913866,日照市
Shandong,2030,ssp585,trend,0.040069717913866,枣庄市
Shandong,2030,ssp585,trend,0.040069717913866,滨州市
Shandong,2030,ssp585,trend,0.040069717913866,东营市
Shandong,2030,ssp585,trend,0.040069717913866,菏泽市
Shandong,2030,ssp585,trend,0.040069717913866,青岛市
Shandong,2030,ssp585,trend,0.040069717913866,德州市
Shandong,2030,ssp585,trend,0.040069717913866,淄博市
Shandong,2030,ssp585,trend,0.040069717913866,聊城市
Shandong,2030,ssp585,trend,0.040069717913866,济宁市
Shandong,2030,ssp585,trend,0.040069717913866,泰安市
Shandong,2030,ssp585,trend,0.040069717913866,烟台市
Shandong,2030,ssp585,trend,0.040069717913866,潍坊市
Shandong,2035,ssp585,trend,0.0897226706147194,济南市
Shandong,2035,ssp585,trend,0.0897226706147194,临沂市
Shandong,2035,ssp585,trend,0.0897226706147194,威海市
Shandong,2035,ssp585,trend,0.0897226706147194,日照市
Shandong,2035,ssp585,trend,0.0897226706147194,枣庄市
Shandong,2035,ssp585,trend,0.0897226706147194,滨州市
Shandong,2035,ssp585,trend,0.0897226706147194,东营市
Shandong,2035,ssp585,trend,0.0897226706147194,菏泽市
Shandong,2035,ssp585,trend,0.0897226706147194,青岛市
Shandong,2035,ssp585,trend,0.0897226706147194,德州市
Shandong,2035,ssp585,trend,0.0897226706147194,淄博市
Shandong,2035,ssp585,trend,0.0897226706147194,聊城市
Shandong,2035,ssp585,trend,0.0897226706147194,济宁市
Shandong,2035,ssp585,trend,0.0897226706147194,泰安市
Shandong,2035,ssp585,trend,0.0897226706147194,烟台市
Shandong,2035,ssp585,trend,0.0897226706147194,潍坊市
Shandong,2040,ssp585,trend,0.106454752385616,济南市
Shandong,2040,ssp585,trend,0.106454752385616,临沂市
Shandong,2040,ssp585,trend,0.106454752385616,威海市
Shandong,2040,ssp585,trend,0.106454752385616,日照市
Shandong,2040,ssp585,trend,0.106454752385616,枣庄市
Shandong,2040,ssp585,trend,0.106454752385616,滨州市
Shandong,2040,ssp585,trend,0.106454752385616,东营市
Shandong,2040,ssp585,trend,0.106454752385616,菏泽市
Shandong,2040,ssp585,trend,0.106454752385616,青岛市
Shandong,2040,ssp585,trend,0.106454752385616,德州市
Shandong,2040,ssp585,trend,0.106454752385616,淄博市
Shandong,2040,ssp585,trend,0.106454752385616,聊城市
Shandong,2040,ssp585,trend,0.106454752385616,济宁市
Shandong,2040,ssp585,trend,0.106454752385616,泰安市
Shandong,2040,ssp585,trend,0.106454752385616,烟台市
Shandong,2040,ssp585,trend,0.106454752385616,潍坊市
Shandong,2045,ssp585,trend,0.0798770561814308,济南市
Shandong,2045,ssp585,trend,0.0798770561814308,临沂市
Shandong,2045,ssp585,trend,0.0798770561814308,威海市
Shandong,2045,ssp585,trend,0.0798770561814308,日照市
Shandong,2045,ssp585,trend,0.0798770561814308,枣庄市
Shandong,2045,ssp585,trend,0.0798770561814308,滨州市
Shandong,2045,ssp585,trend,0.0798770561814308,东营市
Shandong,2045,ssp585,trend,0.0798770561814308,菏泽市
Shandong,2045,ssp585,trend,0.0798770561814308,青岛市
Shandong,2045,ssp585,trend,0.0798770561814308,德州市
Shandong,2045,ssp585,trend,0.0798770561814308,淄博市
Shandong,2045,ssp585,trend,0.0798770561814308,聊城市
Shandong,2045,ssp585,trend,0.0798770561814308,济宁市
Shandong,2045,ssp585,trend,0.0798770561814308,泰安市
Shandong,2045,ssp585,trend,0.0798770561814308,烟台市
Shandong,2045,ssp585,trend,0.0798770561814308,潍坊市
Shandong,2050,ssp585,trend,0.0694858431816101,济南市
Shandong,2050,ssp585,trend,0.0694858431816101,临沂市
Shandong,2050,ssp585,trend,0.0694858431816101,威海市
Shandong,2050,ssp585,trend,0.0694858431816101,日照市
Shandong,2050,ssp585,trend,0.0694858431816101,枣庄市
Shandong,2050,ssp585,trend,0.0694858431816101,滨州市
Shandong,2050,ssp585,trend,0.0694858431816101,东营市
Shandong,2050,ssp585,trend,0.0694858431816101,菏泽市
Shandong,2050,ssp585,trend,0.0694858431816101,青岛市
Shandong,2050,ssp585,trend,0.0694858431816101,德州市
Shandong,2050,ssp585,trend,0.0694858431816101,淄博市
Shandong,2050,ssp585,trend,0.0694858431816101,聊城市
Shandong,2050,ssp585,trend,0.0694858431816101,济宁市
Shandong,2050,ssp585,trend,0.0694858431816101,泰安市
Shandong,2050,ssp585,trend,0.0694858431816101,烟台市
Shandong,2050,ssp585,trend,0.0694858431816101,潍坊市
Shandong,2030,current,doubled,0.206952139735222,济南市
Shandong,2030,current,doubled,0.206952139735222,临沂市
Shandong,2030,current,doubled,0.206952139735222,威海市
Shandong,2030,current,doubled,0.206952139735222,日照市
Shandong,2030,current,doubled,0.206952139735222,枣庄市
Shandong,2030,current,doubled,0.206952139735222,滨州市
Shandong,2030,current,doubled,0.206952139735222,东营市
Shandong,2030,current,doubled,0.206952139735222,菏泽市
Shandong,2030,current,doubled,0.206952139735222,青岛市
Shandong,2030,current,doubled,0.206952139735222,德州市
Shandong,2030,current,doubled,0.206952139735222,淄博市
Shandong,2030,current,doubled,0.206952139735222,聊城市
Shandong,2030,current,doubled,0.206952139735222,济宁市
Shandong,2030,current,doubled,0.206952139735222,泰安市
Shandong,2030,current,doubled,0.206952139735222,烟台市
Shandong,2030,current,doubled,0.206952139735222,潍坊市
Shandong,2035,current,doubled,0.206952139735222,济南市
Shandong,2035,current,doubled,0.206952139735222,临沂市
Shandong,2035,current,doubled,0.206952139735222,威海市
Shandong,2035,current,doubled,0.206952139735222,日照市
Shandong,2035,current,doubled,0.206952139735222,枣庄市
Shandong,2035,current,doubled,0.206952139735222,滨州市
Shandong,2035,current,doubled,0.206952139735222,东营市
Shandong,2035,current,doubled,0.206952139735222,菏泽市
Shandong,2035,current,doubled,0.206952139735222,青岛市
Shandong,2035,current,doubled,0.206952139735222,德州市
Shandong,2035,current,doubled,0.206952139735222,淄博市
Shandong,2035,current,doubled,0.206952139735222,聊城市
Shandong,2035,current,doubled,0.206952139735222,济宁市
Shandong,2035,current,doubled,0.206952139735222,泰安市
Shandong,2035,current,doubled,0.206952139735222,烟台市
Shandong,2035,current,doubled,0.206952139735222,潍坊市
Shandong,2040,current,doubled,0.206952139735222,济南市
Shandong,2040,current,doubled,0.206952139735222,临沂市
Shandong,2040,current,doubled,0.206952139735222,威海市
Shandong,2040,current,doubled,0.206952139735222,日照市
Shandong,2040,current,doubled,0.206952139735222,枣庄市
Shandong,2040,current,doubled,0.206952139735222,滨州市
Shandong,2040,current,doubled,0.206952139735222,东营市
Shandong,2040,current,doubled,0.206952139735222,菏泽市
Shandong,2040,current,doubled,0.206952139735222,青岛市
Shandong,2040,current,doubled,0.206952139735222,德州市
Shandong,2040,current,doubled,0.206952139735222,淄博市
Shandong,2040,current,doubled,0.206952139735222,聊城市
Shandong,2040,current,doubled,0.206952139735222,济宁市
Shandong,2040,current,doubled,0.206952139735222,泰安市
Shandong,2040,current,doubled,0.206952139735222,烟台市
Shandong,2040,current,doubled,0.206952139735222,潍坊市
Shandong,2045,current,doubled,0.206952139735222,济南市
Shandong,2045,current,doubled,0.206952139735222,临沂市
Shandong,2045,current,doubled,0.206952139735222,威海市
Shandong,2045,current,doubled,0.206952139735222,日照市
Shandong,2045,current,doubled,0.206952139735222,枣庄市
Shandong,2045,current,doubled,0.206952139735222,滨州市
Shandong,2045,current,doubled,0.206952139735222,东营市
Shandong,2045,current,doubled,0.206952139735222,菏泽市
Shandong,2045,current,doubled,0.206952139735222,青岛市
Shandong,2045,current,doubled,0.206952139735222,德州市
Shandong,2045,current,doubled,0.206952139735222,淄博市
Shandong,2045,current,doubled,0.206952139735222,聊城市
Shandong,2045,current,doubled,0.206952139735222,济宁市
Shandong,2045,current,doubled,0.206952139735222,泰安市
Shandong,2045,current,doubled,0.206952139735222,烟台市
Shandong,2045,current,doubled,0.206952139735222,潍坊市
Shandong,2050,current,doubled,0.206952139735222,济南市
Shandong,2050,current,doubled,0.206952139735222,临沂市
Shandong,2050,current,doubled,0.206952139735222,威海市
Shandong,2050,current,doubled,0.206952139735222,日照市
Shandong,2050,current,doubled,0.206952139735222,枣庄市
Shandong,2050,current,doubled,0.206952139735222,滨州市
Shandong,2050,current,doubled,0.206952139735222,东营市
Shandong,2050,current,doubled,0.206952139735222,菏泽市
Shandong,2050,current,doubled,0.206952139735222,青岛市
Shandong,2050,current,doubled,0.206952139735222,德州市
Shandong,2050,current,doubled,0.206952139735222,淄博市
Shandong,2050,current,doubled,0.206952139735222,聊城市
Shandong,2050,current,doubled,0.206952139735222,济宁市
Shandong,2050,current,doubled,0.206952139735222,泰安市
Shandong,2050,current,doubled,0.206952139735222,烟台市
Shandong,2050,current,doubled,0.206952139735222,潍坊市
Shandong,2030,ssp245,doubled,0.113166227936745,济南市
Shandong,2030,ssp245,doubled,0.113166227936745,临沂市
Shandong,2030,ssp245,doubled,0.113166227936745,威海市
Shandong,2030,ssp245,doubled,0.113166227936745,日照市
Shandong,2030,ssp245,doubled,0.113166227936745,枣庄市
Shandong,2030,ssp245,doubled,0.113166227936745,滨州市
Shandong,2030,ssp245,doubled,0.113166227936745,东营市
Shandong,2030,ssp245,doubled,0.113166227936745,菏泽市
Shandong,2030,ssp245,doubled,0.113166227936745,青岛市
Shandong,2030,ssp245,doubled,0.113166227936745,德州市
Shandong,2030,ssp245,doubled,0.113166227936745,淄博市
Shandong,2030,ssp245,doubled,0.113166227936745,聊城市
Shandong,2030,ssp245,doubled,0.113166227936745,济宁市
Shandong,2030,ssp245,doubled,0.113166227936745,泰安市
Shandong,2030,ssp245,doubled,0.113166227936745,烟台市
Shandong,2030,ssp245,doubled,0.113166227936745,潍坊市
Shandong,2035,ssp245,doubled,0.0948475301265717,济南市
Shandong,2035,ssp245,doubled,0.0948475301265717,临沂市
Shandong,2035,ssp245,doubled,0.0948475301265717,威海市
Shandong,2035,ssp245,doubled,0.0948475301265717,日照市
Shandong,2035,ssp245,doubled,0.0948475301265717,枣庄市
Shandong,2035,ssp245,doubled,0.0948475301265717,滨州市
Shandong,2035,ssp245,doubled,0.0948475301265717,东营市
Shandong,2035,ssp245,doubled,0.0948475301265717,菏泽市
Shandong,2035,ssp245,doubled,0.0948475301265717,青岛市
Shandong,2035,ssp245,doubled,0.0948475301265717,德州市
Shandong,2035,ssp245,doubled,0.0948475301265717,淄博市
Shandong,2035,ssp245,doubled,0.0948475301265717,聊城市
Shandong,2035,ssp245,doubled,0.0948475301265717,济宁市
Shandong,2035,ssp245,doubled,0.0948475301265717,泰安市
Shandong,2035,ssp245,doubled,0.0948475301265717,烟台市
Shandong,2035,ssp245,doubled,0.0948475301265717,潍坊市
Shandong,2040,ssp245,doubled,0.0455839820206165,济南市
Shandong,2040,ssp245,doubled,0.0455839820206165,临沂市
Shandong,2040,ssp245,doubled,0.0455839820206165,威海市
Shandong,2040,ssp245,doubled,0.0455839820206165,日照市
Shandong,2040,ssp245,doubled,0.0455839820206165,枣庄市
Shandong,2040,ssp245,doubled,0.0455839820206165,滨州市
Shandong,2040,ssp245,doubled,0.0455839820206165,东营市
Shandong,2040,ssp245,doubled,0.0455839820206165,菏泽市
Shandong,2040,ssp245,doubled,0.0455839820206165,青岛市
Shandong,2040,ssp245,doubled,0.0455839820206165,德州市
Shandong,2040,ssp245,doubled,0.0455839820206165,淄博市
Shandong,2040,ssp245,doubled,0.0455839820206165,聊城市
Shandong,2040,ssp245,doubled,0.0455839820206165,济宁市
Shandong,2040,ssp245,doubled,0.0455839820206165,泰安市
Shandong,2040,ssp245,doubled,0.0455839820206165,烟台市
Shandong,2040,ssp245,doubled,0.0455839820206165,潍坊市
Shandong,2045,ssp245,doubled,0.123294115066528,济南市
Shandong,2045,ssp245,doubled,0.123294115066528,临沂市
Shandong,2045,ssp245,doubled,0.123294115066528,威海市
Shandong,2045,ssp245,doubled,0.123294115066528,日照市
Shandong,2045,ssp245,doubled,0.123294115066528,枣庄市
Shandong,2045,ssp245,doubled,0.123294115066528,滨州市
Shandong,2045,ssp245,doubled,0.123294115066528,东营市
Shandong,2045,ssp245,doubled,0.123294115066528,菏泽市
Shandong,2045,ssp245,doubled,0.123294115066528,青岛市
Shandong,2045,ssp245,doubled,0.123294115066528,德州市
Shandong,2045,ssp245,doubled,0.123294115066528,淄博市
Shandong,2045,ssp245,doubled,0.123294115066528,聊城市
Shandong,2045,ssp245,doubled,0.123294115066528,济宁市
Shandong,2045,ssp245,doubled,0.123294115066528,泰安市
Shandong,2045,ssp245,doubled,0.123294115066528,烟台市
Shandong,2045,ssp245,doubled,0.123294115066528,潍坊市
Shandong,2050,ssp245,doubled,0.152623668313026,济南市
Shandong,2050,ssp245,doubled,0.152623668313026,临沂市
Shandong,2050,ssp245,doubled,0.152623668313026,威海市
Shandong,2050,ssp245,doubled,0.152623668313026,日照市
Shandong,2050,ssp245,doubled,0.152623668313026,枣庄市
Shandong,2050,ssp245,doubled,0.152623668313026,滨州市
Shandong,2050,ssp245,doubled,0.152623668313026,东营市
Shandong,2050,ssp245,doubled,0.152623668313026,菏泽市
Shandong,2050,ssp245,doubled,0.152623668313026,青岛市
Shandong,2050,ssp245,doubled,0.152623668313026,德州市
Shandong,2050,ssp245,doubled,0.152623668313026,淄博市
Shandong,2050,ssp245,doubled,0.152623668313026,聊城市
Shandong,2050,ssp245,doubled,0.152623668313026,济宁市
Shandong,2050,ssp245,doubled,0.152623668313026,泰安市
Shandong,2050,ssp245,doubled,0.152623668313026,烟台市
Shandong,2050,ssp245,doubled,0.152623668313026,潍坊市
Shandong,2030,ssp585,doubled,0.0455839820206165,济南市
Shandong,2030,ssp585,doubled,0.0455839820206165,临沂市
Shandong,2030,ssp585,doubled,0.0455839820206165,威海市
Shandong,2030,ssp585,doubled,0.0455839820206165,日照市
Shandong,2030,ssp585,doubled,0.0455839820206165,枣庄市
Shandong,2030,ssp585,doubled,0.0455839820206165,滨州市
Shandong,2030,ssp585,doubled,0.0455839820206165,东营市
Shandong,2030,ssp585,doubled,0.0455839820206165,菏泽市
Shandong,2030,ssp585,doubled,0.0455839820206165,青岛市
Shandong,2030,ssp585,doubled,0.0455839820206165,德州市
Shandong,2030,ssp585,doubled,0.0455839820206165,淄博市
Shandong,2030,ssp585,doubled,0.0455839820206165,聊城市
Shandong,2030,ssp585,doubled,0.0455839820206165,济宁市
Shandong,2030,ssp585,doubled,0.0455839820206165,泰安市
Shandong,2030,ssp585,doubled,0.0455839820206165,烟台市
Shandong,2030,ssp585,doubled,0.0455839820206165,潍坊市
Shandong,2035,ssp585,doubled,0.127465218305588,济南市
Shandong,2035,ssp585,doubled,0.127465218305588,临沂市
Shandong,2035,ssp585,doubled,0.127465218305588,威海市
Shandong,2035,ssp585,doubled,0.127465218305588,日照市
Shandong,2035,ssp585,doubled,0.127465218305588,枣庄市
Shandong,2035,ssp585,doubled,0.127465218305588,滨州市
Shandong,2035,ssp585,doubled,0.127465218305588,东营市
Shandong,2035,ssp585,doubled,0.127465218305588,菏泽市
Shandong,2035,ssp585,doubled,0.127465218305588,青岛市
Shandong,2035,ssp585,doubled,0.127465218305588,德州市
Shandong,2035,ssp585,doubled,0.127465218305588,淄博市
Shandong,2035,ssp585,doubled,0.127465218305588,聊城市
Shandong,2035,ssp585,doubled,0.127465218305588,济宁市
Shandong,2035,ssp585,doubled,0.127465218305588,泰安市
Shandong,2035,ssp585,doubled,0.127465218305588,烟台市
Shandong,2035,ssp585,doubled,0.127465218305588,潍坊市
Shandong,2040,ssp585,doubled,0.0881073921918869,济南市
Shandong,2040,ssp585,doubled,0.0881073921918869,临沂市
Shandong,2040,ssp585,doubled,0.0881073921918869,威海市
Shandong,2040,ssp585,doubled,0.0881073921918869,日照市
Shandong,2040,ssp585,doubled,0.0881073921918869,枣庄市
Shandong,2040,ssp585,doubled,0.0881073921918869,滨州市
Shandong,2040,ssp585,doubled,0.0881073921918869,东营市
Shandong,2040,ssp585,doubled,0.0881073921918869,菏泽市
Shandong,2040,ssp585,doubled,0.0881073921918869,青岛市
Shandong,2040,ssp585,doubled,0.0881073921918869,德州市
Shandong,2040,ssp585,doubled,0.0881073921918869,淄博市
Shandong,2040,ssp585,doubled,0.0881073921918869,聊城市
Shandong,2040,ssp585,doubled,0.0881073921918869,济宁市
Shandong,2040,ssp585,doubled,0.0881073921918869,泰安市
Shandong,2040,ssp585,doubled,0.0881073921918869,烟台市
Shandong,2040,ssp585,doubled,0.0881073921918869,潍坊市
Shandong,2045,ssp585,doubled,0.117467656731606,济南市
Shandong,2045,ssp585,doubled,0.117467656731606,临沂市
Shandong,2045,ssp585,doubled,0.117467656731606,威海市
Shandong,2045,ssp585,doubled,0.117467656731606,日照市
Shandong,2045,ssp585,doubled,0.117467656731606,枣庄市
Shandong,2045,ssp585,doubled,0.117467656731606,滨州市
Shandong,2045,ssp585,doubled,0.117467656731606,东营市
Shandong,2045,ssp585,doubled,0.117467656731606,菏泽市
Shandong,2045,ssp585,doubled,0.117467656731606,青岛市
Shandong,2045,ssp585,doubled,0.117467656731606,德州市
Shandong,2045,ssp585,doubled,0.117467656731606,淄博市
Shandong,2045,ssp585,doubled,0.117467656731606,聊城市
Shandong,2045,ssp585,doubled,0.117467656731606,济宁市
Shandong,2045,ssp585,doubled,0.117467656731606,泰安市
Shandong,2045,ssp585,doubled,0.117467656731606,烟台市
Shandong,2045,ssp585,doubled,0.117467656731606,潍坊市
Shandong,2050,ssp585,doubled,0.0704600736498833,济南市
Shandong,2050,ssp585,doubled,0.0704600736498833,临沂市
Shandong,2050,ssp585,doubled,0.0704600736498833,威海市
Shandong,2050,ssp585,doubled,0.0704600736498833,日照市
Shandong,2050,ssp585,doubled,0.0704600736498833,枣庄市
Shandong,2050,ssp585,doubled,0.0704600736498833,滨州市
Shandong,2050,ssp585,doubled,0.0704600736498833,东营市
Shandong,2050,ssp585,doubled,0.0704600736498833,菏泽市
Shandong,2050,ssp585,doubled,0.0704600736498833,青岛市
Shandong,2050,ssp585,doubled,0.0704600736498833,德州市
Shandong,2050,ssp585,doubled,0.0704600736498833,淄博市
Shandong,2050,ssp585,doubled,0.0704600736498833,聊城市
Shandong,2050,ssp585,doubled,0.0704600736498833,济宁市
Shandong,2050,ssp585,doubled,0.0704600736498833,泰安市
Shandong,2050,ssp585,doubled,0.0704600736498833,烟台市
Shandong,2050,ssp585,doubled,0.0704600736498833,潍坊市
Shanghai,2030,current,baseline,0.316921949386597,上海市
Shanghai,2035,current,baseline,0.316921949386597,上海市
Shanghai,2040,current,baseline,0.316921949386597,上海市
Shanghai,2045,current,baseline,0.316921949386597,上海市
Shanghai,2050,current,baseline,0.316921949386597,上海市
Shanghai,2030,ssp245,baseline,0.0865861773490906,上海市
Shanghai,2035,ssp245,baseline,0.110329978168011,上海市
Shanghai,2040,ssp245,baseline,0.0899395495653153,上海市
Shanghai,2045,ssp245,baseline,0.131504461169243,上海市
Shanghai,2050,ssp245,baseline,0.330836296081543,上海市
Shanghai,2030,ssp585,baseline,0.0899395495653153,上海市
Shanghai,2035,ssp585,baseline,0.140517994761467,上海市
Shanghai,2040,ssp585,baseline,0.0663937628269196,上海市
Shanghai,2045,ssp585,baseline,0.0628716424107552,上海市
Shanghai,2050,ssp585,baseline,0.0972331985831261,上海市
Shanghai,2030,current,trend,0.242708563804626,上海市
Shanghai,2035,current,trend,0.205125153064728,上海市
Shanghai,2040,current,trend,0.206952139735222,上海市
Shanghai,2045,current,trend,0.29090017080307,上海市
Shanghai,2050,current,trend,0.279732972383499,上海市
Shanghai,2030,ssp245,trend,0.0482372082769871,上海市
Shanghai,2035,ssp245,trend,0.134383618831635,上海市
Shanghai,2040,ssp245,trend,0.0543493367731571,上海市
Shanghai,2045,ssp245,trend,0.105753384530544,上海市
Shanghai,2050,ssp245,trend,0.138082414865494,上海市
Shanghai,2030,ssp585,trend,0.040069717913866,上海市
Shanghai,2035,ssp585,trend,0.125496551394463,上海市
Shanghai,2040,ssp585,trend,0.0814507454633713,上海市
Shanghai,2045,ssp585,trend,0.0847884342074394,上海市
Shanghai,2050,ssp585,trend,0.0694858431816101,上海市
Shanghai,2030,current,doubled,0.207467883825302,上海市
Shanghai,2035,current,doubled,0.207467883825302,上海市
Shanghai,2040,current,doubled,0.207467883825302,上海市
Shanghai,2045,current,doubled,0.207467883825302,上海市
Shanghai,2050,current,doubled,0.207467883825302,上海市
Shanghai,2030,ssp245,doubled,0.0841209068894386,上海市
Shanghai,2035,ssp245,doubled,0.0661379471421242,上海市
Shanghai,2040,ssp245,doubled,0.0431419871747494,上海市
Shanghai,2045,ssp245,doubled,0.109690636396408,上海市
Shanghai,2050,ssp245,doubled,0.116038948297501,上海市
Shanghai,2030,ssp585,doubled,0.0431419871747494,上海市
Shanghai,2035,ssp585,doubled,0.114513568580151,上海市
Shanghai,2040,ssp585,doubled,0.106454752385616,上海市
Shanghai,2045,ssp585,doubled,0.0687560960650444,上海市
Shanghai,2050,ssp585,doubled,0.0701901465654373,上海市
Shanxi,2030,current,baseline,0.347902625799179,吕梁市
Shanxi,2030,current,baseline,0.347902625799179,太原市
Shanxi,2030,current,baseline,0.347902625799179,大同市
Shanxi,2030,current,baseline,0.347902625799179,阳泉市
Shanxi,2030,current,baseline,0.347902625799179,长治市
Shanxi,2030,current,baseline,0.347902625799179,晋城市
Shanxi,2030,current,baseline,0.347902625799179,朔州市
Shanxi,2030,current,baseline,0.347902625799179,晋中市
Shanxi,2030,current,baseline,0.347902625799179,运城市
Shanxi,2030,current,baseline,0.347902625799179,忻州市
Shanxi,2030,current,baseline,0.347902625799179,临汾市
Shanxi,2035,current,baseline,0.347902625799179,吕梁市
Shanxi,2035,current,baseline,0.347902625799179,太原市
Shanxi,2035,current,baseline,0.347902625799179,大同市
Shanxi,2035,current,baseline,0.347902625799179,阳泉市
Shanxi,2035,current,baseline,0.347902625799179,长治市
Shanxi,2035,current,baseline,0.347902625799179,晋城市
Shanxi,2035,current,baseline,0.347902625799179,朔州市
Shanxi,2035,current,baseline,0.347902625799179,晋中市
Shanxi,2035,current,baseline,0.347902625799179,运城市
Shanxi,2035,current,baseline,0.347902625799179,忻州市
Shanxi,2035,current,baseline,0.347902625799179,临汾市
Shanxi,2040,current,baseline,0.347902625799179,吕梁市
Shanxi,2040,current,baseline,0.347902625799179,太原市
Shanxi,2040,current,baseline,0.347902625799179,大同市
Shanxi,2040,current,baseline,0.347902625799179,阳泉市
Shanxi,2040,current,baseline,0.347902625799179,长治市
Shanxi,2040,current,baseline,0.347902625799179,晋城市
Shanxi,2040,current,baseline,0.347902625799179,朔州市
Shanxi,2040,current,baseline,0.347902625799179,晋中市
Shanxi,2040,current,baseline,0.347902625799179,运城市
Shanxi,2040,current,baseline,0.347902625799179,忻州市
Shanxi,2040,current,baseline,0.347902625799179,临汾市
Shanxi,2045,current,baseline,0.347902625799179,吕梁市
Shanxi,2045,current,baseline,0.347902625799179,太原市
Shanxi,2045,current,baseline,0.347902625799179,大同市
Shanxi,2045,current,baseline,0.347902625799179,阳泉市
Shanxi,2045,current,baseline,0.347902625799179,长治市
Shanxi,2045,current,baseline,0.347902625799179,晋城市
Shanxi,2045,current,baseline,0.347902625799179,朔州市
Shanxi,2045,current,baseline,0.347902625799179,晋中市
Shanxi,2045,current,baseline,0.347902625799179,运城市
Shanxi,2045,current,baseline,0.347902625799179,忻州市
Shanxi,2045,current,baseline,0.347902625799179,临汾市
Shanxi,2050,current,baseline,0.347902625799179,吕梁市
Shanxi,2050,current,baseline,0.347902625799179,太原市
Shanxi,2050,current,baseline,0.347902625799179,大同市
Shanxi,2050,current,baseline,0.347902625799179,阳泉市
Shanxi,2050,current,baseline,0.347902625799179,长治市
Shanxi,2050,current,baseline,0.347902625799179,晋城市
Shanxi,2050,current,baseline,0.347902625799179,朔州市
Shanxi,2050,current,baseline,0.347902625799179,晋中市
Shanxi,2050,current,baseline,0.347902625799179,运城市
Shanxi,2050,current,baseline,0.347902625799179,忻州市
Shanxi,2050,current,baseline,0.347902625799179,临汾市
Shanxi,2030,ssp245,baseline,0.185624197125435,吕梁市
Shanxi,2030,ssp245,baseline,0.185624197125435,太原市
Shanxi,2030,ssp245,baseline,0.185624197125435,大同市
Shanxi,2030,ssp245,baseline,0.185624197125435,阳泉市
Shanxi,2030,ssp245,baseline,0.185624197125435,长治市
Shanxi,2030,ssp245,baseline,0.185624197125435,晋城市
Shanxi,2030,ssp245,baseline,0.185624197125435,朔州市
Shanxi,2030,ssp245,baseline,0.185624197125435,晋中市
Shanxi,2030,ssp245,baseline,0.185624197125435,运城市
Shanxi,2030,ssp245,baseline,0.185624197125435,忻州市
Shanxi,2030,ssp245,baseline,0.185624197125435,临汾市
Shanxi,2035,ssp245,baseline,0.073464460670948,吕梁市
Shanxi,2035,ssp245,baseline,0.073464460670948,太原市
Shanxi,2035,ssp245,baseline,0.073464460670948,大同市
Shanxi,2035,ssp245,baseline,0.073464460670948,阳泉市
Shanxi,2035,ssp245,baseline,0.073464460670948,长治市
Shanxi,2035,ssp245,baseline,0.073464460670948,晋城市
Shanxi,2035,ssp245,baseline,0.073464460670948,朔州市
Shanxi,2035,ssp245,baseline,0.073464460670948,晋中市
Shanxi,2035,ssp245,baseline,0.073464460670948,运城市
Shanxi,2035,ssp245,baseline,0.073464460670948,忻州市
Shanxi,2035,ssp245,baseline,0.073464460670948,临汾市
Shanxi,2040,ssp245,baseline,0.0315377712249756,吕梁市
Shanxi,2040,ssp245,baseline,0.0315377712249756,太原市
Shanxi,2040,ssp245,baseline,0.0315377712249756,大同市
Shanxi,2040,ssp245,baseline,0.0315377712249756,阳泉市
Shanxi,2040,ssp245,baseline,0.0315377712249756,长治市
Shanxi,2040,ssp245,baseline,0.0315377712249756,晋城市
Shanxi,2040,ssp245,baseline,0.0315377712249756,朔州市
Shanxi,2040,ssp245,baseline,0.0315377712249756,晋中市
Shanxi,2040,ssp245,baseline,0.0315377712249756,运城市
Shanxi,2040,ssp245,baseline,0.0315377712249756,忻州市
Shanxi,2040,ssp245,baseline,0.0315377712249756,临汾市
Shanxi,2045,ssp245,baseline,0.154807657003403,吕梁市
Shanxi,2045,ssp245,baseline,0.154807657003403,太原市
Shanxi,2045,ssp245,baseline,0.154807657003403,大同市
Shanxi,2045,ssp245,baseline,0.154807657003403,阳泉市
Shanxi,2045,ssp245,baseline,0.154807657003403,长治市
Shanxi,2045,ssp245,baseline,0.154807657003403,晋城市
Shanxi,2045,ssp245,baseline,0.154807657003403,朔州市
Shanxi,2045,ssp245,baseline,0.154807657003403,晋中市
Shanxi,2045,ssp245,baseline,0.154807657003403,运城市
Shanxi,2045,ssp245,baseline,0.154807657003403,忻州市
Shanxi,2045,ssp245,baseline,0.154807657003403,临汾市
Shanxi,2050,ssp245,baseline,0.175910785794258,吕梁市
Shanxi,2050,ssp245,baseline,0.175910785794258,太原市
Shanxi,2050,ssp245,baseline,0.175910785794258,大同市
Shanxi,2050,ssp245,baseline,0.175910785794258,阳泉市
Shanxi,2050,ssp245,baseline,0.175910785794258,长治市
Shanxi,2050,ssp245,baseline,0.175910785794258,晋城市
Shanxi,2050,ssp245,baseline,0.175910785794258,朔州市
Shanxi,2050,ssp245,baseline,0.175910785794258,晋中市
Shanxi,2050,ssp245,baseline,0.175910785794258,运城市
Shanxi,2050,ssp245,baseline,0.175910785794258,忻州市
Shanxi,2050,ssp245,baseline,0.175910785794258,临汾市
Shanxi,2030,ssp585,baseline,0.0315377712249756,吕梁市
Shanxi,2030,ssp585,baseline,0.0315377712249756,太原市
Shanxi,2030,ssp585,baseline,0.0315377712249756,大同市
Shanxi,2030,ssp585,baseline,0.0315377712249756,阳泉市
Shanxi,2030,ssp585,baseline,0.0315377712249756,长治市
Shanxi,2030,ssp585,baseline,0.0315377712249756,晋城市
Shanxi,2030,ssp585,baseline,0.0315377712249756,朔州市
Shanxi,2030,ssp585,baseline,0.0315377712249756,晋中市
Shanxi,2030,ssp585,baseline,0.0315377712249756,运城市
Shanxi,2030,ssp585,baseline,0.0315377712249756,忻州市
Shanxi,2030,ssp585,baseline,0.0315377712249756,临汾市
Shanxi,2035,ssp585,baseline,0.194773703813553,吕梁市
Shanxi,2035,ssp585,baseline,0.194773703813553,太原市
Shanxi,2035,ssp585,baseline,0.194773703813553,大同市
Shanxi,2035,ssp585,baseline,0.194773703813553,阳泉市
Shanxi,2035,ssp585,baseline,0.194773703813553,长治市
Shanxi,2035,ssp585,baseline,0.194773703813553,晋城市
Shanxi,2035,ssp585,baseline,0.194773703813553,朔州市
Shanxi,2035,ssp585,baseline,0.194773703813553,晋中市
Shanxi,2035,ssp585,baseline,0.194773703813553,运城市
Shanxi,2035,ssp585,baseline,0.194773703813553,忻州市
Shanxi,2035,ssp585,baseline,0.194773703813553,临汾市
Shanxi,2040,ssp585,baseline,0.0805657058954239,吕梁市
Shanxi,2040,ssp585,baseline,0.0805657058954239,太原市
Shanxi,2040,ssp585,baseline,0.0805657058954239,大同市
Shanxi,2040,ssp585,baseline,0.0805657058954239,阳泉市
Shanxi,2040,ssp585,baseline,0.0805657058954239,长治市
Shanxi,2040,ssp585,baseline,0.0805657058954239,晋城市
Shanxi,2040,ssp585,baseline,0.0805657058954239,朔州市
Shanxi,2040,ssp585,baseline,0.0805657058954239,晋中市
Shanxi,2040,ssp585,baseline,0.0805657058954239,运城市
Shanxi,2040,ssp585,baseline,0.0805657058954239,忻州市
Shanxi,2040,ssp585,baseline,0.0805657058954239,临汾市
Shanxi,2045,ssp585,baseline,0.107666596770287,吕梁市
Shanxi,2045,ssp585,baseline,0.107666596770287,太原市
Shanxi,2045,ssp585,baseline,0.107666596770287,大同市
Shanxi,2045,ssp585,baseline,0.107666596770287,阳泉市
Shanxi,2045,ssp585,baseline,0.107666596770287,长治市
Shanxi,2045,ssp585,baseline,0.107666596770287,晋城市
Shanxi,2045,ssp585,baseline,0.107666596770287,朔州市
Shanxi,2045,ssp585,baseline,0.107666596770287,晋中市
Shanxi,2045,ssp585,baseline,0.107666596770287,运城市
Shanxi,2045,ssp585,baseline,0.107666596770287,忻州市
Shanxi,2045,ssp585,baseline,0.107666596770287,临汾市
Shanxi,2050,ssp585,baseline,0.0784774422645569,吕梁市
Shanxi,2050,ssp585,baseline,0.0784774422645569,太原市
Shanxi,2050,ssp585,baseline,0.0784774422645569,大同市
Shanxi,2050,ssp585,baseline,0.0784774422645569,阳泉市
Shanxi,2050,ssp585,baseline,0.0784774422645569,长治市
Shanxi,2050,ssp585,baseline,0.0784774422645569,晋城市
Shanxi,2050,ssp585,baseline,0.0784774422645569,朔州市
Shanxi,2050,ssp585,baseline,0.0784774422645569,晋中市
Shanxi,2050,ssp585,baseline,0.0784774422645569,运城市
Shanxi,2050,ssp585,baseline,0.0784774422645569,忻州市
Shanxi,2050,ssp585,baseline,0.0784774422645569,临汾市
Shanxi,2030,current,trend,0.23130077123642,吕梁市
Shanxi,2030,current,trend,0.23130077123642,太原市
Shanxi,2030,current,trend,0.23130077123642,大同市
Shanxi,2030,current,trend,0.23130077123642,阳泉市
Shanxi,2030,current,trend,0.23130077123642,长治市
Shanxi,2030,current,trend,0.23130077123642,晋城市
Shanxi,2030,current,trend,0.23130077123642,朔州市
Shanxi,2030,current,trend,0.23130077123642,晋中市
Shanxi,2030,current,trend,0.23130077123642,运城市
Shanxi,2030,current,trend,0.23130077123642,忻州市
Shanxi,2030,current,trend,0.23130077123642,临汾市
Shanxi,2035,current,trend,0.206370249390602,吕梁市
Shanxi,2035,current,trend,0.206370249390602,太原市
Shanxi,2035,current,trend,0.206370249390602,大同市
Shanxi,2035,current,trend,0.206370249390602,阳泉市
Shanxi,2035,current,trend,0.206370249390602,长治市
Shanxi,2035,current,trend,0.206370249390602,晋城市
Shanxi,2035,current,trend,0.206370249390602,朔州市
Shanxi,2035,current,trend,0.206370249390602,晋中市
Shanxi,2035,current,trend,0.206370249390602,运城市
Shanxi,2035,current,trend,0.206370249390602,忻州市
Shanxi,2035,current,trend,0.206370249390602,临汾市
Shanxi,2040,current,trend,0.205125153064728,吕梁市
Shanxi,2040,current,trend,0.205125153064728,太原市
Shanxi,2040,current,trend,0.205125153064728,大同市
Shanxi,2040,current,trend,0.205125153064728,阳泉市
Shanxi,2040,current,trend,0.205125153064728,长治市
Shanxi,2040,current,trend,0.205125153064728,晋城市
Shanxi,2040,current,trend,0.205125153064728,朔州市
Shanxi,2040,current,trend,0.205125153064728,晋中市
Shanxi,2040,current,trend,0.205125153064728,运城市
Shanxi,2040,current,trend,0.205125153064728,忻州市
Shanxi,2040,current,trend,0.205125153064728,临汾市
Shanxi,2045,current,trend,0.207467883825302,吕梁市
Shanxi,2045,current,trend,0.207467883825302,太原市
Shanxi,2045,current,trend,0.207467883825302,大同市
Shanxi,2045,current,trend,0.207467883825302,阳泉市
Shanxi,2045,current,trend,0.207467883825302,长治市
Shanxi,2045,current,trend,0.207467883825302,晋城市
Shanxi,2045,current,trend,0.207467883825302,朔州市
Shanxi,2045,current,trend,0.207467883825302,晋中市
Shanxi,2045,current,trend,0.207467883825302,运城市
Shanxi,2045,current,trend,0.207467883825302,忻州市
Shanxi,2045,current,trend,0.207467883825302,临汾市
Shanxi,2050,current,trend,0.263163238763809,吕梁市
Shanxi,2050,current,trend,0.263163238763809,太原市
Shanxi,2050,current,trend,0.263163238763809,大同市
Shanxi,2050,current,trend,0.263163238763809,阳泉市
Shanxi,2050,current,trend,0.263163238763809,长治市
Shanxi,2050,current,trend,0.263163238763809,晋城市
Shanxi,2050,current,trend,0.263163238763809,朔州市
Shanxi,2050,current,trend,0.263163238763809,晋中市
Shanxi,2050,current,trend,0.263163238763809,运城市
Shanxi,2050,current,trend,0.263163238763809,忻州市
Shanxi,2050,current,trend,0.263163238763809,临汾市
Shanxi,2030,ssp245,trend,0.0366729199886322,吕梁市
Shanxi,2030,ssp245,trend,0.0366729199886322,太原市
Shanxi,2030,ssp245,trend,0.0366729199886322,大同市
Shanxi,2030,ssp245,trend,0.0366729199886322,阳泉市
Shanxi,2030,ssp245,trend,0.0366729199886322,长治市
Shanxi,2030,ssp245,trend,0.0366729199886322,晋城市
Shanxi,2030,ssp245,trend,0.0366729199886322,朔州市
Shanxi,2030,ssp245,trend,0.0366729199886322,晋中市
Shanxi,2030,ssp245,trend,0.0366729199886322,运城市
Shanxi,2030,ssp245,trend,0.0366729199886322,忻州市
Shanxi,2030,ssp245,trend,0.0366729199886322,临汾市
Shanxi,2035,ssp245,trend,0.14285971224308,吕梁市
Shanxi,2035,ssp245,trend,0.14285971224308,太原市
Shanxi,2035,ssp245,trend,0.14285971224308,大同市
Shanxi,2035,ssp245,trend,0.14285971224308,阳泉市
Shanxi,2035,ssp245,trend,0.14285971224308,长治市
Shanxi,2035,ssp245,trend,0.14285971224308,晋城市
Shanxi,2035,ssp245,trend,0.14285971224308,朔州市
Shanxi,2035,ssp245,trend,0.14285971224308,晋中市
Shanxi,2035,ssp245,trend,0.14285971224308,运城市
Shanxi,2035,ssp245,trend,0.14285971224308,忻州市
Shanxi,2035,ssp245,trend,0.14285971224308,临汾市
Shanxi,2040,ssp245,trend,0.0923896431922913,吕梁市
Shanxi,2040,ssp245,trend,0.0923896431922913,太原市
Shanxi,2040,ssp245,trend,0.0923896431922913,大同市
Shanxi,2040,ssp245,trend,0.0923896431922913,阳泉市
Shanxi,2040,ssp245,trend,0.0923896431922913,长治市
Shanxi,2040,ssp245,trend,0.0923896431922913,晋城市
Shanxi,2040,ssp245,trend,0.0923896431922913,朔州市
Shanxi,2040,ssp245,trend,0.0923896431922913,晋中市
Shanxi,2040,ssp245,trend,0.0923896431922913,运城市
Shanxi,2040,ssp245,trend,0.0923896431922913,忻州市
Shanxi,2040,ssp245,trend,0.0923896431922913,临汾市
Shanxi,2045,ssp245,trend,0.109690636396408,吕梁市
Shanxi,2045,ssp245,trend,0.109690636396408,太原市
Shanxi,2045,ssp245,trend,0.109690636396408,大同市
Shanxi,2045,ssp245,trend,0.109690636396408,阳泉市
Shanxi,2045,ssp245,trend,0.109690636396408,长治市
Shanxi,2045,ssp245,trend,0.109690636396408,晋城市
Shanxi,2045,ssp245,trend,0.109690636396408,朔州市
Shanxi,2045,ssp245,trend,0.109690636396408,晋中市
Shanxi,2045,ssp245,trend,0.109690636396408,运城市
Shanxi,2045,ssp245,trend,0.109690636396408,忻州市
Shanxi,2045,ssp245,trend,0.109690636396408,临汾市
Shanxi,2050,ssp245,trend,0.15668098628521,吕梁市
Shanxi,2050,ssp245,trend,0.15668098628521,太原市
Shanxi,2050,ssp245,trend,0.15668098628521,大同市
Shanxi,2050,ssp245,trend,0.15668098628521,阳泉市
Shanxi,2050,ssp245,trend,0.15668098628521,长治市
Shanxi,2050,ssp245,trend,0.15668098628521,晋城市
Shanxi,2050,ssp245,trend,0.15668098628521,朔州市
Shanxi,2050,ssp245,trend,0.15668098628521,晋中市
Shanxi,2050,ssp245,trend,0.15668098628521,运城市
Shanxi,2050,ssp245,trend,0.15668098628521,忻州市
Shanxi,2050,ssp245,trend,0.15668098628521,临汾市
Shanxi,2030,ssp585,trend,0.0547067895531654,吕梁市
Shanxi,2030,ssp585,trend,0.0547067895531654,太原市
Shanxi,2030,ssp585,trend,0.0547067895531654,大同市
Shanxi,2030,ssp585,trend,0.0547067895531654,阳泉市
Shanxi,2030,ssp585,trend,0.0547067895531654,长治市
Shanxi,2030,ssp585,trend,0.0547067895531654,晋城市
Shanxi,2030,ssp585,trend,0.0547067895531654,朔州市
Shanxi,2030,ssp585,trend,0.0547067895531654,晋中市
Shanxi,2030,ssp585,trend,0.0547067895531654,运城市
Shanxi,2030,ssp585,trend,0.0547067895531654,忻州市
Shanxi,2030,ssp585,trend,0.0547067895531654,临汾市
Shanxi,2035,ssp585,trend,0.13760669529438,吕梁市
Shanxi,2035,ssp585,trend,0.13760669529438,太原市
Shanxi,2035,ssp585,trend,0.13760669529438,大同市
Shanxi,2035,ssp585,trend,0.13760669529438,阳泉市
Shanxi,2035,ssp585,trend,0.13760669529438,长治市
Shanxi,2035,ssp585,trend,0.13760669529438,晋城市
Shanxi,2035,ssp585,trend,0.13760669529438,朔州市
Shanxi,2035,ssp585,trend,0.13760669529438,晋中市
Shanxi,2035,ssp585,trend,0.13760669529438,运城市
Shanxi,2035,ssp585,trend,0.13760669529438,忻州市
Shanxi,2035,ssp585,trend,0.13760669529438,临汾市
Shanxi,2040,ssp585,trend,0.0888980254530907,吕梁市
Shanxi,2040,ssp585,trend,0.0888980254530907,太原市
Shanxi,2040,ssp585,trend,0.0888980254530907,大同市
Shanxi,2040,ssp585,trend,0.0888980254530907,阳泉市
Shanxi,2040,ssp585,trend,0.0888980254530907,长治市
Shanxi,2040,ssp585,trend,0.0888980254530907,晋城市
Shanxi,2040,ssp585,trend,0.0888980254530907,朔州市
Shanxi,2040,ssp585,trend,0.0888980254530907,晋中市
Shanxi,2040,ssp585,trend,0.0888980254530907,运城市
Shanxi,2040,ssp585,trend,0.0888980254530907,忻州市
Shanxi,2040,ssp585,trend,0.0888980254530907,临汾市
Shanxi,2045,ssp585,trend,0.0687560960650444,吕梁市
Shanxi,2045,ssp585,trend,0.0687560960650444,太原市
Shanxi,2045,ssp585,trend,0.0687560960650444,大同市
Shanxi,2045,ssp585,trend,0.0687560960650444,阳泉市
Shanxi,2045,ssp585,trend,0.0687560960650444,长治市
Shanxi,2045,ssp585,trend,0.0687560960650444,晋城市
Shanxi,2045,ssp585,trend,0.0687560960650444,朔州市
Shanxi,2045,ssp585,trend,0.0687560960650444,晋中市
Shanxi,2045,ssp585,trend,0.0687560960650444,运城市
Shanxi,2045,ssp585,trend,0.0687560960650444,忻州市
Shanxi,2045,ssp585,trend,0.0687560960650444,临汾市
Shanxi,2050,ssp585,trend,0.0694858431816101,吕梁市
Shanxi,2050,ssp585,trend,0.0694858431816101,太原市
Shanxi,2050,ssp585,trend,0.0694858431816101,大同市
Shanxi,2050,ssp585,trend,0.0694858431816101,阳泉市
Shanxi,2050,ssp585,trend,0.0694858431816101,长治市
Shanxi,2050,ssp585,trend,0.0694858431816101,晋城市
Shanxi,2050,ssp585,trend,0.0694858431816101,朔州市
Shanxi,2050,ssp585,trend,0.0694858431816101,晋中市
Shanxi,2050,ssp585,trend,0.0694858431816101,运城市
Shanxi,2050,ssp585,trend,0.0694858431816101,忻州市
Shanxi,2050,ssp585,trend,0.0694858431816101,临汾市
Shanxi,2030,current,doubled,0.205125153064728,吕梁市
Shanxi,2030,current,doubled,0.205125153064728,太原市
Shanxi,2030,current,doubled,0.205125153064728,大同市
Shanxi,2030,current,doubled,0.205125153064728,阳泉市
Shanxi,2030,current,doubled,0.205125153064728,长治市
Shanxi,2030,current,doubled,0.205125153064728,晋城市
Shanxi,2030,current,doubled,0.205125153064728,朔州市
Shanxi,2030,current,doubled,0.205125153064728,晋中市
Shanxi,2030,current,doubled,0.205125153064728,运城市
Shanxi,2030,current,doubled,0.205125153064728,忻州市
Shanxi,2030,current,doubled,0.205125153064728,临汾市
Shanxi,2035,current,doubled,0.205125153064728,吕梁市
Shanxi,2035,current,doubled,0.205125153064728,太原市
Shanxi,2035,current,doubled,0.205125153064728,大同市
Shanxi,2035,current,doubled,0.205125153064728,阳泉市
Shanxi,2035,current,doubled,0.205125153064728,长治市
Shanxi,2035,current,doubled,0.205125153064728,晋城市
Shanxi,2035,current,doubled,0.205125153064728,朔州市
Shanxi,2035,current,doubled,0.205125153064728,晋中市
Shanxi,2035,current,doubled,0.205125153064728,运城市
Shanxi,2035,current,doubled,0.205125153064728,忻州市
Shanxi,2035,current,doubled,0.205125153064728,临汾市
Shanxi,2040,current,doubled,0.205125153064728,吕梁市
Shanxi,2040,current,doubled,0.205125153064728,太原市
Shanxi,2040,current,doubled,0.205125153064728,大同市
Shanxi,2040,current,doubled,0.205125153064728,阳泉市
Shanxi,2040,current,doubled,0.205125153064728,长治市
Shanxi,2040,current,doubled,0.205125153064728,晋城市
Shanxi,2040,current,doubled,0.205125153064728,朔州市
Shanxi,2040,current,doubled,0.205125153064728,晋中市
Shanxi,2040,current,doubled,0.205125153064728,运城市
Shanxi,2040,current,doubled,0.205125153064728,忻州市
Shanxi,2040,current,doubled,0.205125153064728,临汾市
Shanxi,2045,current,doubled,0.205125153064728,吕梁市
Shanxi,2045,current,doubled,0.205125153064728,太原市
Shanxi,2045,current,doubled,0.205125153064728,大同市
Shanxi,2045,current,doubled,0.205125153064728,阳泉市
Shanxi,2045,current,doubled,0.205125153064728,长治市
Shanxi,2045,current,doubled,0.205125153064728,晋城市
Shanxi,2045,current,doubled,0.205125153064728,朔州市
Shanxi,2045,current,doubled,0.205125153064728,晋中市
Shanxi,2045,current,doubled,0.205125153064728,运城市
Shanxi,2045,current,doubled,0.205125153064728,忻州市
Shanxi,2045,current,doubled,0.205125153064728,临汾市
Shanxi,2050,current,doubled,0.205125153064728,吕梁市
Shanxi,2050,current,doubled,0.205125153064728,太原市
Shanxi,2050,current,doubled,0.205125153064728,大同市
Shanxi,2050,current,doubled,0.205125153064728,阳泉市
Shanxi,2050,current,doubled,0.205125153064728,长治市
Shanxi,2050,current,doubled,0.205125153064728,晋城市
Shanxi,2050,current,doubled,0.205125153064728,朔州市
Shanxi,2050,current,doubled,0.205125153064728,晋中市
Shanxi,2050,current,doubled,0.205125153064728,运城市
Shanxi,2050,current,doubled,0.205125153064728,忻州市
Shanxi,2050,current,doubled,0.205125153064728,临汾市
Shanxi,2030,ssp245,doubled,0.0666957870125771,吕梁市
Shanxi,2030,ssp245,doubled,0.0666957870125771,太原市
Shanxi,2030,ssp245,doubled,0.0666957870125771,大同市
Shanxi,2030,ssp245,doubled,0.0666957870125771,阳泉市
Shanxi,2030,ssp245,doubled,0.0666957870125771,长治市
Shanxi,2030,ssp245,doubled,0.0666957870125771,晋城市
Shanxi,2030,ssp245,doubled,0.0666957870125771,朔州市
Shanxi,2030,ssp245,doubled,0.0666957870125771,晋中市
Shanxi,2030,ssp245,doubled,0.0666957870125771,运城市
Shanxi,2030,ssp245,doubled,0.0666957870125771,忻州市
Shanxi,2030,ssp245,doubled,0.0666957870125771,临汾市
Shanxi,2035,ssp245,doubled,0.110097229480743,吕梁市
Shanxi,2035,ssp245,doubled,0.110097229480743,太原市
Shanxi,2035,ssp245,doubled,0.110097229480743,大同市
Shanxi,2035,ssp245,doubled,0.110097229480743,阳泉市
Shanxi,2035,ssp245,doubled,0.110097229480743,长治市
Shanxi,2035,ssp245,doubled,0.110097229480743,晋城市
Shanxi,2035,ssp245,doubled,0.110097229480743,朔州市
Shanxi,2035,ssp245,doubled,0.110097229480743,晋中市
Shanxi,2035,ssp245,doubled,0.110097229480743,运城市
Shanxi,2035,ssp245,doubled,0.110097229480743,忻州市
Shanxi,2035,ssp245,doubled,0.110097229480743,临汾市
Shanxi,2040,ssp245,doubled,0.108959510922432,吕梁市
Shanxi,2040,ssp245,doubled,0.108959510922432,太原市
Shanxi,2040,ssp245,doubled,0.108959510922432,大同市
Shanxi,2040,ssp245,doubled,0.108959510922432,阳泉市
Shanxi,2040,ssp245,doubled,0.108959510922432,长治市
Shanxi,2040,ssp245,doubled,0.108959510922432,晋城市
Shanxi,2040,ssp245,doubled,0.108959510922432,朔州市
Shanxi,2040,ssp245,doubled,0.108959510922432,晋中市
Shanxi,2040,ssp245,doubled,0.108959510922432,运城市
Shanxi,2040,ssp245,doubled,0.108959510922432,忻州市
Shanxi,2040,ssp245,doubled,0.108959510922432,临汾市
Shanxi,2045,ssp245,doubled,0.0973818004131317,吕梁市
Shanxi,2045,ssp245,doubled,0.0973818004131317,太原市
Shanxi,2045,ssp245,doubled,0.0973818004131317,大同市
Shanxi,2045,ssp245,doubled,0.0973818004131317,阳泉市
Shanxi,2045,ssp245,doubled,0.0973818004131317,长治市
Shanxi,2045,ssp245,doubled,0.0973818004131317,晋城市
Shanxi,2045,ssp245,doubled,0.0973818004131317,朔州市
Shanxi,2045,ssp245,doubled,0.0973818004131317,晋中市
Shanxi,2045,ssp245,doubled,0.0973818004131317,运城市
Shanxi,2045,ssp245,doubled,0.0973818004131317,忻州市
Shanxi,2045,ssp245,doubled,0.0973818004131317,临汾市
Shanxi,2050,ssp245,doubled,0.176156431436539,吕梁市
Shanxi,2050,ssp245,doubled,0.176156431436539,太原市
Shanxi,2050,ssp245,doubled,0.176156431436539,大同市
Shanxi,2050,ssp245,doubled,0.176156431436539,阳泉市
Shanxi,2050,ssp245,doubled,0.176156431436539,长治市
Shanxi,2050,ssp245,doubled,0.176156431436539,晋城市
Shanxi,2050,ssp245,doubled,0.176156431436539,朔州市
Shanxi,2050,ssp245,doubled,0.176156431436539,晋中市
Shanxi,2050,ssp245,doubled,0.176156431436539,运城市
Shanxi,2050,ssp245,doubled,0.176156431436539,忻州市
Shanxi,2050,ssp245,doubled,0.176156431436539,临汾市
Shanxi,2030,ssp585,doubled,0.108959510922432,吕梁市
Shanxi,2030,ssp585,doubled,0.108959510922432,太原市
Shanxi,2030,ssp585,doubled,0.108959510922432,大同市
Shanxi,2030,ssp585,doubled,0.108959510922432,阳泉市
Shanxi,2030,ssp585,doubled,0.108959510922432,长治市
Shanxi,2030,ssp585,doubled,0.108959510922432,晋城市
Shanxi,2030,ssp585,doubled,0.108959510922432,朔州市
Shanxi,2030,ssp585,doubled,0.108959510922432,晋中市
Shanxi,2030,ssp585,doubled,0.108959510922432,运城市
Shanxi,2030,ssp585,doubled,0.108959510922432,忻州市
Shanxi,2030,ssp585,doubled,0.108959510922432,临汾市
Shanxi,2035,ssp585,doubled,0.120838187634945,吕梁市
Shanxi,2035,ssp585,doubled,0.120838187634945,太原市
Shanxi,2035,ssp585,doubled,0.120838187634945,大同市
Shanxi,2035,ssp585,doubled,0.120838187634945,阳泉市
Shanxi,2035,ssp585,doubled,0.120838187634945,长治市
Shanxi,2035,ssp585,doubled,0.120838187634945,晋城市
Shanxi,2035,ssp585,doubled,0.120838187634945,朔州市
Shanxi,2035,ssp585,doubled,0.120838187634945,晋中市
Shanxi,2035,ssp585,doubled,0.120838187634945,运城市
Shanxi,2035,ssp585,doubled,0.120838187634945,忻州市
Shanxi,2035,ssp585,doubled,0.120838187634945,临汾市
Shanxi,2040,ssp585,doubled,0.0621782205998898,吕梁市
Shanxi,2040,ssp585,doubled,0.0621782205998898,太原市
Shanxi,2040,ssp585,doubled,0.0621782205998898,大同市
Shanxi,2040,ssp585,doubled,0.0621782205998898,阳泉市
Shanxi,2040,ssp585,doubled,0.0621782205998898,长治市
Shanxi,2040,ssp585,doubled,0.0621782205998898,晋城市
Shanxi,2040,ssp585,doubled,0.0621782205998898,朔州市
Shanxi,2040,ssp585,doubled,0.0621782205998898,晋中市
Shanxi,2040,ssp585,doubled,0.0621782205998898,运城市
Shanxi,2040,ssp585,doubled,0.0621782205998898,忻州市
Shanxi,2040,ssp585,doubled,0.0621782205998898,临汾市
Shanxi,2045,ssp585,doubled,0.118098840117455,吕梁市
Shanxi,2045,ssp585,doubled,0.118098840117455,太原市
Shanxi,2045,ssp585,doubled,0.118098840117455,大同市
Shanxi,2045,ssp585,doubled,0.118098840117455,阳泉市
Shanxi,2045,ssp585,doubled,0.118098840117455,长治市
Shanxi,2045,ssp585,doubled,0.118098840117455,晋城市
Shanxi,2045,ssp585,doubled,0.118098840117455,朔州市
Shanxi,2045,ssp585,doubled,0.118098840117455,晋中市
Shanxi,2045,ssp585,doubled,0.118098840117455,运城市
Shanxi,2045,ssp585,doubled,0.118098840117455,忻州市
Shanxi,2045,ssp585,doubled,0.118098840117455,临汾市
Shanxi,2050,ssp585,doubled,0.0598254911601543,吕梁市
Shanxi,2050,ssp585,doubled,0.0598254911601543,太原市
Shanxi,2050,ssp585,doubled,0.0598254911601543,大同市
Shanxi,2050,ssp585,doubled,0.0598254911601543,阳泉市
Shanxi,2050,ssp585,doubled,0.0598254911601543,长治市
Shanxi,2050,ssp585,doubled,0.0598254911601543,晋城市
Shanxi,2050,ssp585,doubled,0.0598254911601543,朔州市
Shanxi,2050,ssp585,doubled,0.0598254911601543,晋中市
Shanxi,2050,ssp585,doubled,0.0598254911601543,运城市
Shanxi,2050,ssp585,doubled,0.0598254911601543,忻州市
Shanxi,2050,ssp585,doubled,0.0598254911601543,临汾市
Sichuan,2030,current,baseline,0.266993761062622,广安市
Sichuan,2030,current,baseline,0.266993761062622,攀枝花市
Sichuan,2030,current,baseline,0.266993761062622,宜宾市
Sichuan,2030,current,baseline,0.266993761062622,自贡市
Sichuan,2030,current,baseline,0.266993761062622,雅安市
Sichuan,2030,current,baseline,0.266993761062622,德阳市
Sichuan,2030,current,baseline,0.266993761062622,达州市
Sichuan,2030,current,baseline,0.266993761062622,泸州市
Sichuan,2030,current,baseline,0.266993761062622,乐山市
Sichuan,2030,current,baseline,0.266993761062622,凉山彝族自治州
Sichuan,2030,current,baseline,0.266993761062622,眉山市
Sichuan,2030,current,baseline,0.266993761062622,南充市
Sichuan,2030,current,baseline,0.266993761062622,成都市
Sichuan,2030,current,baseline,0.266993761062622,甘孜藏族自治州
Sichuan,2030,current,baseline,0.266993761062622,内江市
Sichuan,2030,current,baseline,0.266993761062622,阿坝藏族羌族自治州
Sichuan,2030,current,baseline,0.266993761062622,资阳市
Sichuan,2030,current,baseline,0.266993761062622,广元市
Sichuan,2030,current,baseline,0.266993761062622,巴中市
Sichuan,2030,current,baseline,0.266993761062622,绵阳市
Sichuan,2030,current,baseline,0.266993761062622,遂宁市
Sichuan,2035,current,baseline,0.266993761062622,广安市
Sichuan,2035,current,baseline,0.266993761062622,攀枝花市
Sichuan,2035,current,baseline,0.266993761062622,宜宾市
Sichuan,2035,current,baseline,0.266993761062622,自贡市
Sichuan,2035,current,baseline,0.266993761062622,雅安市
Sichuan,2035,current,baseline,0.266993761062622,德阳市
Sichuan,2035,current,baseline,0.266993761062622,达州市
Sichuan,2035,current,baseline,0.266993761062622,泸州市
Sichuan,2035,current,baseline,0.266993761062622,乐山市
Sichuan,2035,current,baseline,0.266993761062622,凉山彝族自治州
Sichuan,2035,current,baseline,0.266993761062622,眉山市
Sichuan,2035,current,baseline,0.266993761062622,南充市
Sichuan,2035,current,baseline,0.266993761062622,成都市
Sichuan,2035,current,baseline,0.266993761062622,甘孜藏族自治州
Sichuan,2035,current,baseline,0.266993761062622,内江市
Sichuan,2035,current,baseline,0.266993761062622,阿坝藏族羌族自治州
Sichuan,2035,current,baseline,0.266993761062622,资阳市
Sichuan,2035,current,baseline,0.266993761062622,广元市
Sichuan,2035,current,baseline,0.266993761062622,巴中市
Sichuan,2035,current,baseline,0.266993761062622,绵阳市
Sichuan,2035,current,baseline,0.266993761062622,遂宁市
Sichuan,2040,current,baseline,0.266993761062622,广安市
Sichuan,2040,current,baseline,0.266993761062622,攀枝花市
Sichuan,2040,current,baseline,0.266993761062622,宜宾市
Sichuan,2040,current,baseline,0.266993761062622,自贡市
Sichuan,2040,current,baseline,0.266993761062622,雅安市
Sichuan,2040,current,baseline,0.266993761062622,德阳市
Sichuan,2040,current,baseline,0.266993761062622,达州市
Sichuan,2040,current,baseline,0.266993761062622,泸州市
Sichuan,2040,current,baseline,0.266993761062622,乐山市
Sichuan,2040,current,baseline,0.266993761062622,凉山彝族自治州
Sichuan,2040,current,baseline,0.266993761062622,眉山市
Sichuan,2040,current,baseline,0.266993761062622,南充市
Sichuan,2040,current,baseline,0.266993761062622,成都市
Sichuan,2040,current,baseline,0.266993761062622,甘孜藏族自治州
Sichuan,2040,current,baseline,0.266993761062622,内江市
Sichuan,2040,current,baseline,0.266993761062622,阿坝藏族羌族自治州
Sichuan,2040,current,baseline,0.266993761062622,资阳市
Sichuan,2040,current,baseline,0.266993761062622,广元市
Sichuan,2040,current,baseline,0.266993761062622,巴中市
Sichuan,2040,current,baseline,0.266993761062622,绵阳市
Sichuan,2040,current,baseline,0.266993761062622,遂宁市
Sichuan,2045,current,baseline,0.266993761062622,广安市
Sichuan,2045,current,baseline,0.266993761062622,攀枝花市
Sichuan,2045,current,baseline,0.266993761062622,宜宾市
Sichuan,2045,current,baseline,0.266993761062622,自贡市
Sichuan,2045,current,baseline,0.266993761062622,雅安市
Sichuan,2045,current,baseline,0.266993761062622,德阳市
Sichuan,2045,current,baseline,0.266993761062622,达州市
Sichuan,2045,current,baseline,0.266993761062622,泸州市
Sichuan,2045,current,baseline,0.266993761062622,乐山市
Sichuan,2045,current,baseline,0.266993761062622,凉山彝族自治州
Sichuan,2045,current,baseline,0.266993761062622,眉山市
Sichuan,2045,current,baseline,0.266993761062622,南充市
Sichuan,2045,current,baseline,0.266993761062622,成都市
Sichuan,2045,current,baseline,0.266993761062622,甘孜藏族自治州
Sichuan,2045,current,baseline,0.266993761062622,内江市
Sichuan,2045,current,baseline,0.266993761062622,阿坝藏族羌族自治州
Sichuan,2045,current,baseline,0.266993761062622,资阳市
Sichuan,2045,current,baseline,0.266993761062622,广元市
Sichuan,2045,current,baseline,0.266993761062622,巴中市
Sichuan,2045,current,baseline,0.266993761062622,绵阳市
Sichuan,2045,current,baseline,0.266993761062622,遂宁市
Sichuan,2050,current,baseline,0.266993761062622,广安市
Sichuan,2050,current,baseline,0.266993761062622,攀枝花市
Sichuan,2050,current,baseline,0.266993761062622,宜宾市
Sichuan,2050,current,baseline,0.266993761062622,自贡市
Sichuan,2050,current,baseline,0.266993761062622,雅安市
Sichuan,2050,current,baseline,0.266993761062622,德阳市
Sichuan,2050,current,baseline,0.266993761062622,达州市
Sichuan,2050,current,baseline,0.266993761062622,泸州市
Sichuan,2050,current,baseline,0.266993761062622,乐山市
Sichuan,2050,current,baseline,0.266993761062622,凉山彝族自治州
Sichuan,2050,current,baseline,0.266993761062622,眉山市
Sichuan,2050,current,baseline,0.266993761062622,南充市
Sichuan,2050,current,baseline,0.266993761062622,成都市
Sichuan,2050,current,baseline,0.266993761062622,甘孜藏族自治州
Sichuan,2050,current,baseline,0.266993761062622,内江市
Sichuan,2050,current,baseline,0.266993761062622,阿坝藏族羌族自治州
Sichuan,2050,current,baseline,0.266993761062622,资阳市
Sichuan,2050,current,baseline,0.266993761062622,广元市
Sichuan,2050,current,baseline,0.266993761062622,巴中市
Sichuan,2050,current,baseline,0.266993761062622,绵阳市
Sichuan,2050,current,baseline,0.266993761062622,遂宁市
Sichuan,2030,ssp245,baseline,0.0578978210687637,广安市
Sichuan,2030,ssp245,baseline,0.0578978210687637,攀枝花市
Sichuan,2030,ssp245,baseline,0.0578978210687637,宜宾市
Sichuan,2030,ssp245,baseline,0.0578978210687637,自贡市
Sichuan,2030,ssp245,baseline,0.0578978210687637,雅安市
Sichuan,2030,ssp245,baseline,0.0578978210687637,德阳市
Sichuan,2030,ssp245,baseline,0.0578978210687637,达州市
Sichuan,2030,ssp245,baseline,0.0578978210687637,泸州市
Sichuan,2030,ssp245,baseline,0.0578978210687637,乐山市
Sichuan,2030,ssp245,baseline,0.0578978210687637,凉山彝族自治州
Sichuan,2030,ssp245,baseline,0.0578978210687637,眉山市
Sichuan,2030,ssp245,baseline,0.0578978210687637,南充市
Sichuan,2030,ssp245,baseline,0.0578978210687637,成都市
Sichuan,2030,ssp245,baseline,0.0578978210687637,甘孜藏族自治州
Sichuan,2030,ssp245,baseline,0.0578978210687637,内江市
Sichuan,2030,ssp245,baseline,0.0578978210687637,阿坝藏族羌族自治州
Sichuan,2030,ssp245,baseline,0.0578978210687637,资阳市
Sichuan,2030,ssp245,baseline,0.0578978210687637,广元市
Sichuan,2030,ssp245,baseline,0.0578978210687637,巴中市
Sichuan,2030,ssp245,baseline,0.0578978210687637,绵阳市
Sichuan,2030,ssp245,baseline,0.0578978210687637,遂宁市
Sichuan,2035,ssp245,baseline,0.0620668418705463,广安市
Sichuan,2035,ssp245,baseline,0.0620668418705463,攀枝花市
Sichuan,2035,ssp245,baseline,0.0620668418705463,宜宾市
Sichuan,2035,ssp245,baseline,0.0620668418705463,自贡市
Sichuan,2035,ssp245,baseline,0.0620668418705463,雅安市
Sichuan,2035,ssp245,baseline,0.0620668418705463,德阳市
Sichuan,2035,ssp245,baseline,0.0620668418705463,达州市
Sichuan,2035,ssp245,baseline,0.0620668418705463,泸州市
Sichuan,2035,ssp245,baseline,0.0620668418705463,乐山市
Sichuan,2035,ssp245,baseline,0.0620668418705463,凉山彝族自治州
Sichuan,2035,ssp245,baseline,0.0620668418705463,眉山市
Sichuan,2035,ssp245,baseline,0.0620668418705463,南充市
Sichuan,2035,ssp245,baseline,0.0620668418705463,成都市
Sichuan,2035,ssp245,baseline,0.0620668418705463,甘孜藏族自治州
Sichuan,2035,ssp245,baseline,0.0620668418705463,内江市
Sichuan,2035,ssp245,baseline,0.0620668418705463,阿坝藏族羌族自治州
Sichuan,2035,ssp245,baseline,0.0620668418705463,资阳市
Sichuan,2035,ssp245,baseline,0.0620668418705463,广元市
Sichuan,2035,ssp245,baseline,0.0620668418705463,巴中市
Sichuan,2035,ssp245,baseline,0.0620668418705463,绵阳市
Sichuan,2035,ssp245,baseline,0.0620668418705463,遂宁市
Sichuan,2040,ssp245,baseline,0.0601145811378956,广安市
Sichuan,2040,ssp245,baseline,0.0601145811378956,攀枝花市
Sichuan,2040,ssp245,baseline,0.0601145811378956,宜宾市
Sichuan,2040,ssp245,baseline,0.0601145811378956,自贡市
Sichuan,2040,ssp245,baseline,0.0601145811378956,雅安市
Sichuan,2040,ssp245,baseline,0.0601145811378956,德阳市
Sichuan,2040,ssp245,baseline,0.0601145811378956,达州市
Sichuan,2040,ssp245,baseline,0.0601145811378956,泸州市
Sichuan,2040,ssp245,baseline,0.0601145811378956,乐山市
Sichuan,2040,ssp245,baseline,0.0601145811378956,凉山彝族自治州
Sichuan,2040,ssp245,baseline,0.0601145811378956,眉山市
Sichuan,2040,ssp245,baseline,0.0601145811378956,南充市
Sichuan,2040,ssp245,baseline,0.0601145811378956,成都市
Sichuan,2040,ssp245,baseline,0.0601145811378956,甘孜藏族自治州
Sichuan,2040,ssp245,baseline,0.0601145811378956,内江市
Sichuan,2040,ssp245,baseline,0.0601145811378956,阿坝藏族羌族自治州
Sichuan,2040,ssp245,baseline,0.0601145811378956,资阳市
Sichuan,2040,ssp245,baseline,0.0601145811378956,广元市
Sichuan,2040,ssp245,baseline,0.0601145811378956,巴中市
Sichuan,2040,ssp245,baseline,0.0601145811378956,绵阳市
Sichuan,2040,ssp245,baseline,0.0601145811378956,遂宁市
Sichuan,2045,ssp245,baseline,0.166432559490204,广安市
Sichuan,2045,ssp245,baseline,0.166432559490204,攀枝花市
Sichuan,2045,ssp245,baseline,0.166432559490204,宜宾市
Sichuan,2045,ssp245,baseline,0.166432559490204,自贡市
Sichuan,2045,ssp245,baseline,0.166432559490204,雅安市
Sichuan,2045,ssp245,baseline,0.166432559490204,德阳市
Sichuan,2045,ssp245,baseline,0.166432559490204,达州市
Sichuan,2045,ssp245,baseline,0.166432559490204,泸州市
Sichuan,2045,ssp245,baseline,0.166432559490204,乐山市
Sichuan,2045,ssp245,baseline,0.166432559490204,凉山彝族自治州
Sichuan,2045,ssp245,baseline,0.166432559490204,眉山市
Sichuan,2045,ssp245,baseline,0.166432559490204,南充市
Sichuan,2045,ssp245,baseline,0.166432559490204,成都市
Sichuan,2045,ssp245,baseline,0.166432559490204,甘孜藏族自治州
Sichuan,2045,ssp245,baseline,0.166432559490204,内江市
Sichuan,2045,ssp245,baseline,0.166432559490204,阿坝藏族羌族自治州
Sichuan,2045,ssp245,baseline,0.166432559490204,资阳市
Sichuan,2045,ssp245,baseline,0.166432559490204,广元市
Sichuan,2045,ssp245,baseline,0.166432559490204,巴中市
Sichuan,2045,ssp245,baseline,0.166432559490204,绵阳市
Sichuan,2045,ssp245,baseline,0.166432559490204,遂宁市
Sichuan,2050,ssp245,baseline,0.215086027979851,广安市
Sichuan,2050,ssp245,baseline,0.215086027979851,攀枝花市
Sichuan,2050,ssp245,baseline,0.215086027979851,宜宾市
Sichuan,2050,ssp245,baseline,0.215086027979851,自贡市
Sichuan,2050,ssp245,baseline,0.215086027979851,雅安市
Sichuan,2050,ssp245,baseline,0.215086027979851,德阳市
Sichuan,2050,ssp245,baseline,0.215086027979851,达州市
Sichuan,2050,ssp245,baseline,0.215086027979851,泸州市
Sichuan,2050,ssp245,baseline,0.215086027979851,乐山市
Sichuan,2050,ssp245,baseline,0.215086027979851,凉山彝族自治州
Sichuan,2050,ssp245,baseline,0.215086027979851,眉山市
Sichuan,2050,ssp245,baseline,0.215086027979851,南充市
Sichuan,2050,ssp245,baseline,0.215086027979851,成都市
Sichuan,2050,ssp245,baseline,0.215086027979851,甘孜藏族自治州
Sichuan,2050,ssp245,baseline,0.215086027979851,内江市
Sichuan,2050,ssp245,baseline,0.215086027979851,阿坝藏族羌族自治州
Sichuan,2050,ssp245,baseline,0.215086027979851,资阳市
Sichuan,2050,ssp245,baseline,0.215086027979851,广元市
Sichuan,2050,ssp245,baseline,0.215086027979851,巴中市
Sichuan,2050,ssp245,baseline,0.215086027979851,绵阳市
Sichuan,2050,ssp245,baseline,0.215086027979851,遂宁市
Sichuan,2030,ssp585,baseline,0.0601145811378956,广安市
Sichuan,2030,ssp585,baseline,0.0601145811378956,攀枝花市
Sichuan,2030,ssp585,baseline,0.0601145811378956,宜宾市
Sichuan,2030,ssp585,baseline,0.0601145811378956,自贡市
Sichuan,2030,ssp585,baseline,0.0601145811378956,雅安市
Sichuan,2030,ssp585,baseline,0.0601145811378956,德阳市
Sichuan,2030,ssp585,baseline,0.0601145811378956,达州市
Sichuan,2030,ssp585,baseline,0.0601145811378956,泸州市
Sichuan,2030,ssp585,baseline,0.0601145811378956,乐山市
Sichuan,2030,ssp585,baseline,0.0601145811378956,凉山彝族自治州
Sichuan,2030,ssp585,baseline,0.0601145811378956,眉山市
Sichuan,2030,ssp585,baseline,0.0601145811378956,南充市
Sichuan,2030,ssp585,baseline,0.0601145811378956,成都市
Sichuan,2030,ssp585,baseline,0.0601145811378956,甘孜藏族自治州
Sichuan,2030,ssp585,baseline,0.0601145811378956,内江市
Sichuan,2030,ssp585,baseline,0.0601145811378956,阿坝藏族羌族自治州
Sichuan,2030,ssp585,baseline,0.0601145811378956,资阳市
Sichuan,2030,ssp585,baseline,0.0601145811378956,广元市
Sichuan,2030,ssp585,baseline,0.0601145811378956,巴中市
Sichuan,2030,ssp585,baseline,0.0601145811378956,绵阳市
Sichuan,2030,ssp585,baseline,0.0601145811378956,遂宁市
Sichuan,2035,ssp585,baseline,0.11151111125946,广安市
Sichuan,2035,ssp585,baseline,0.11151111125946,攀枝花市
Sichuan,2035,ssp585,baseline,0.11151111125946,宜宾市
Sichuan,2035,ssp585,baseline,0.11151111125946,自贡市
Sichuan,2035,ssp585,baseline,0.11151111125946,雅安市
Sichuan,2035,ssp585,baseline,0.11151111125946,德阳市
Sichuan,2035,ssp585,baseline,0.11151111125946,达州市
Sichuan,2035,ssp585,baseline,0.11151111125946,泸州市
Sichuan,2035,ssp585,baseline,0.11151111125946,乐山市
Sichuan,2035,ssp585,baseline,0.11151111125946,凉山彝族自治州
Sichuan,2035,ssp585,baseline,0.11151111125946,眉山市
Sichuan,2035,ssp585,baseline,0.11151111125946,南充市
Sichuan,2035,ssp585,baseline,0.11151111125946,成都市
Sichuan,2035,ssp585,baseline,0.11151111125946,甘孜藏族自治州
Sichuan,2035,ssp585,baseline,0.11151111125946,内江市
Sichuan,2035,ssp585,baseline,0.11151111125946,阿坝藏族羌族自治州
Sichuan,2035,ssp585,baseline,0.11151111125946,资阳市
Sichuan,2035,ssp585,baseline,0.11151111125946,广元市
Sichuan,2035,ssp585,baseline,0.11151111125946,巴中市
Sichuan,2035,ssp585,baseline,0.11151111125946,绵阳市
Sichuan,2035,ssp585,baseline,0.11151111125946,遂宁市
Sichuan,2040,ssp585,baseline,0.0588261969387531,广安市
Sichuan,2040,ssp585,baseline,0.0588261969387531,攀枝花市
Sichuan,2040,ssp585,baseline,0.0588261969387531,宜宾市
Sichuan,2040,ssp585,baseline,0.0588261969387531,自贡市
Sichuan,2040,ssp585,baseline,0.0588261969387531,雅安市
Sichuan,2040,ssp585,baseline,0.0588261969387531,德阳市
Sichuan,2040,ssp585,baseline,0.0588261969387531,达州市
Sichuan,2040,ssp585,baseline,0.0588261969387531,泸州市
Sichuan,2040,ssp585,baseline,0.0588261969387531,乐山市
Sichuan,2040,ssp585,baseline,0.0588261969387531,凉山彝族自治州
Sichuan,2040,ssp585,baseline,0.0588261969387531,眉山市
Sichuan,2040,ssp585,baseline,0.0588261969387531,南充市
Sichuan,2040,ssp585,baseline,0.0588261969387531,成都市
Sichuan,2040,ssp585,baseline,0.0588261969387531,甘孜藏族自治州
Sichuan,2040,ssp585,baseline,0.0588261969387531,内江市
Sichuan,2040,ssp585,baseline,0.0588261969387531,阿坝藏族羌族自治州
Sichuan,2040,ssp585,baseline,0.0588261969387531,资阳市
Sichuan,2040,ssp585,baseline,0.0588261969387531,广元市
Sichuan,2040,ssp585,baseline,0.0588261969387531,巴中市
Sichuan,2040,ssp585,baseline,0.0588261969387531,绵阳市
Sichuan,2040,ssp585,baseline,0.0588261969387531,遂宁市
Sichuan,2045,ssp585,baseline,0.0651844441890717,广安市
Sichuan,2045,ssp585,baseline,0.0651844441890717,攀枝花市
Sichuan,2045,ssp585,baseline,0.0651844441890717,宜宾市
Sichuan,2045,ssp585,baseline,0.0651844441890717,自贡市
Sichuan,2045,ssp585,baseline,0.0651844441890717,雅安市
Sichuan,2045,ssp585,baseline,0.0651844441890717,德阳市
Sichuan,2045,ssp585,baseline,0.0651844441890717,达州市
Sichuan,2045,ssp585,baseline,0.0651844441890717,泸州市
Sichuan,2045,ssp585,baseline,0.0651844441890717,乐山市
Sichuan,2045,ssp585,baseline,0.0651844441890717,凉山彝族自治州
Sichuan,2045,ssp585,baseline,0.0651844441890717,眉山市
Sichuan,2045,ssp585,baseline,0.0651844441890717,南充市
Sichuan,2045,ssp585,baseline,0.0651844441890717,成都市
Sichuan,2045,ssp585,baseline,0.0651844441890717,甘孜藏族自治州
Sichuan,2045,ssp585,baseline,0.0651844441890717,内江市
Sichuan,2045,ssp585,baseline,0.0651844441890717,阿坝藏族羌族自治州
Sichuan,2045,ssp585,baseline,0.0651844441890717,资阳市
Sichuan,2045,ssp585,baseline,0.0651844441890717,广元市
Sichuan,2045,ssp585,baseline,0.0651844441890717,巴中市
Sichuan,2045,ssp585,baseline,0.0651844441890717,绵阳市
Sichuan,2045,ssp585,baseline,0.0651844441890717,遂宁市
Sichuan,2050,ssp585,baseline,0.0851888209581375,广安市
Sichuan,2050,ssp585,baseline,0.0851888209581375,攀枝花市
Sichuan,2050,ssp585,baseline,0.0851888209581375,宜宾市
Sichuan,2050,ssp585,baseline,0.0851888209581375,自贡市
Sichuan,2050,ssp585,baseline,0.0851888209581375,雅安市
Sichuan,2050,ssp585,baseline,0.0851888209581375,德阳市
Sichuan,2050,ssp585,baseline,0.0851888209581375,达州市
Sichuan,2050,ssp585,baseline,0.0851888209581375,泸州市
Sichuan,2050,ssp585,baseline,0.0851888209581375,乐山市
Sichuan,2050,ssp585,baseline,0.0851888209581375,凉山彝族自治州
Sichuan,2050,ssp585,baseline,0.0851888209581375,眉山市
Sichuan,2050,ssp585,baseline,0.0851888209581375,南充市
Sichuan,2050,ssp585,baseline,0.0851888209581375,成都市
Sichuan,2050,ssp585,baseline,0.0851888209581375,甘孜藏族自治州
Sichuan,2050,ssp585,baseline,0.0851888209581375,内江市
Sichuan,2050,ssp585,baseline,0.0851888209581375,阿坝藏族羌族自治州
Sichuan,2050,ssp585,baseline,0.0851888209581375,资阳市
Sichuan,2050,ssp585,baseline,0.0851888209581375,广元市
Sichuan,2050,ssp585,baseline,0.0851888209581375,巴中市
Sichuan,2050,ssp585,baseline,0.0851888209581375,绵阳市
Sichuan,2050,ssp585,baseline,0.0851888209581375,遂宁市
Sichuan,2030,current,trend,0.242708563804626,广安市
Sichuan,2030,current,trend,0.242708563804626,攀枝花市
Sichuan,2030,current,trend,0.242708563804626,宜宾市
Sichuan,2030,current,trend,0.242708563804626,自贡市
Sichuan,2030,current,trend,0.242708563804626,雅安市
Sichuan,2030,current,trend,0.242708563804626,德阳市
Sichuan,2030,current,trend,0.242708563804626,达州市
Sichuan,2030,current,trend,0.242708563804626,泸州市
Sichuan,2030,current,trend,0.242708563804626,乐山市
Sichuan,2030,current,trend,0.242708563804626,凉山彝族自治州
Sichuan,2030,current,trend,0.242708563804626,眉山市
Sichuan,2030,current,trend,0.242708563804626,南充市
Sichuan,2030,current,trend,0.242708563804626,成都市
Sichuan,2030,current,trend,0.242708563804626,甘孜藏族自治州
Sichuan,2030,current,trend,0.242708563804626,内江市
Sichuan,2030,current,trend,0.242708563804626,阿坝藏族羌族自治州
Sichuan,2030,current,trend,0.242708563804626,资阳市
Sichuan,2030,current,trend,0.242708563804626,广元市
Sichuan,2030,current,trend,0.242708563804626,巴中市
Sichuan,2030,current,trend,0.242708563804626,绵阳市
Sichuan,2030,current,trend,0.242708563804626,遂宁市
Sichuan,2035,current,trend,0.205125153064728,广安市
Sichuan,2035,current,trend,0.205125153064728,攀枝花市
Sichuan,2035,current,trend,0.205125153064728,宜宾市
Sichuan,2035,current,trend,0.205125153064728,自贡市
Sichuan,2035,current,trend,0.205125153064728,雅安市
Sichuan,2035,current,trend,0.205125153064728,德阳市
Sichuan,2035,current,trend,0.205125153064728,达州市
Sichuan,2035,current,trend,0.205125153064728,泸州市
Sichuan,2035,current,trend,0.205125153064728,乐山市
Sichuan,2035,current,trend,0.205125153064728,凉山彝族自治州
Sichuan,2035,current,trend,0.205125153064728,眉山市
Sichuan,2035,current,trend,0.205125153064728,南充市
Sichuan,2035,current,trend,0.205125153064728,成都市
Sichuan,2035,current,trend,0.205125153064728,甘孜藏族自治州
Sichuan,2035,current,trend,0.205125153064728,内江市
Sichuan,2035,current,trend,0.205125153064728,阿坝藏族羌族自治州
Sichuan,2035,current,trend,0.205125153064728,资阳市
Sichuan,2035,current,trend,0.205125153064728,广元市
Sichuan,2035,current,trend,0.205125153064728,巴中市
Sichuan,2035,current,trend,0.205125153064728,绵阳市
Sichuan,2035,current,trend,0.205125153064728,遂宁市
Sichuan,2040,current,trend,0.206952139735222,广安市
Sichuan,2040,current,trend,0.206952139735222,攀枝花市
Sichuan,2040,current,trend,0.206952139735222,宜宾市
Sichuan,2040,current,trend,0.206952139735222,自贡市
Sichuan,2040,current,trend,0.206952139735222,雅安市
Sichuan,2040,current,trend,0.206952139735222,德阳市
Sichuan,2040,current,trend,0.206952139735222,达州市
Sichuan,2040,current,trend,0.206952139735222,泸州市
Sichuan,2040,current,trend,0.206952139735222,乐山市
Sichuan,2040,current,trend,0.206952139735222,凉山彝族自治州
Sichuan,2040,current,trend,0.206952139735222,眉山市
Sichuan,2040,current,trend,0.206952139735222,南充市
Sichuan,2040,current,trend,0.206952139735222,成都市
Sichuan,2040,current,trend,0.206952139735222,甘孜藏族自治州
Sichuan,2040,current,trend,0.206952139735222,内江市
Sichuan,2040,current,trend,0.206952139735222,阿坝藏族羌族自治州
Sichuan,2040,current,trend,0.206952139735222,资阳市
Sichuan,2040,current,trend,0.206952139735222,广元市
Sichuan,2040,current,trend,0.206952139735222,巴中市
Sichuan,2040,current,trend,0.206952139735222,绵阳市
Sichuan,2040,current,trend,0.206952139735222,遂宁市
Sichuan,2045,current,trend,0.263347506523132,广安市
Sichuan,2045,current,trend,0.263347506523132,攀枝花市
Sichuan,2045,current,trend,0.263347506523132,宜宾市
Sichuan,2045,current,trend,0.263347506523132,自贡市
Sichuan,2045,current,trend,0.263347506523132,雅安市
Sichuan,2045,current,trend,0.263347506523132,德阳市
Sichuan,2045,current,trend,0.263347506523132,达州市
Sichuan,2045,current,trend,0.263347506523132,泸州市
Sichuan,2045,current,trend,0.263347506523132,乐山市
Sichuan,2045,current,trend,0.263347506523132,凉山彝族自治州
Sichuan,2045,current,trend,0.263347506523132,眉山市
Sichuan,2045,current,trend,0.263347506523132,南充市
Sichuan,2045,current,trend,0.263347506523132,成都市
Sichuan,2045,current,trend,0.263347506523132,甘孜藏族自治州
Sichuan,2045,current,trend,0.263347506523132,内江市
Sichuan,2045,current,trend,0.263347506523132,阿坝藏族羌族自治州
Sichuan,2045,current,trend,0.263347506523132,资阳市
Sichuan,2045,current,trend,0.263347506523132,广元市
Sichuan,2045,current,trend,0.263347506523132,巴中市
Sichuan,2045,current,trend,0.263347506523132,绵阳市
Sichuan,2045,current,trend,0.263347506523132,遂宁市
Sichuan,2050,current,trend,0.263163238763809,广安市
Sichuan,2050,current,trend,0.263163238763809,攀枝花市
Sichuan,2050,current,trend,0.263163238763809,宜宾市
Sichuan,2050,current,trend,0.263163238763809,自贡市
Sichuan,2050,current,trend,0.263163238763809,雅安市
Sichuan,2050,current,trend,0.263163238763809,德阳市
Sichuan,2050,current,trend,0.263163238763809,达州市
Sichuan,2050,current,trend,0.263163238763809,泸州市
Sichuan,2050,current,trend,0.263163238763809,乐山市
Sichuan,2050,current,trend,0.263163238763809,凉山彝族自治州
Sichuan,2050,current,trend,0.263163238763809,眉山市
Sichuan,2050,current,trend,0.263163238763809,南充市
Sichuan,2050,current,trend,0.263163238763809,成都市
Sichuan,2050,current,trend,0.263163238763809,甘孜藏族自治州
Sichuan,2050,current,trend,0.263163238763809,内江市
Sichuan,2050,current,trend,0.263163238763809,阿坝藏族羌族自治州
Sichuan,2050,current,trend,0.263163238763809,资阳市
Sichuan,2050,current,trend,0.263163238763809,广元市
Sichuan,2050,current,trend,0.263163238763809,巴中市
Sichuan,2050,current,trend,0.263163238763809,绵阳市
Sichuan,2050,current,trend,0.263163238763809,遂宁市
Sichuan,2030,ssp245,trend,0.0787939131259918,广安市
Sichuan,2030,ssp245,trend,0.0787939131259918,攀枝花市
Sichuan,2030,ssp245,trend,0.0787939131259918,宜宾市
Sichuan,2030,ssp245,trend,0.0787939131259918,自贡市
Sichuan,2030,ssp245,trend,0.0787939131259918,雅安市
Sichuan,2030,ssp245,trend,0.0787939131259918,德阳市
Sichuan,2030,ssp245,trend,0.0787939131259918,达州市
Sichuan,2030,ssp245,trend,0.0787939131259918,泸州市
Sichuan,2030,ssp245,trend,0.0787939131259918,乐山市
Sichuan,2030,ssp245,trend,0.0787939131259918,凉山彝族自治州
Sichuan,2030,ssp245,trend,0.0787939131259918,眉山市
Sichuan,2030,ssp245,trend,0.0787939131259918,南充市
Sichuan,2030,ssp245,trend,0.0787939131259918,成都市
Sichuan,2030,ssp245,trend,0.0787939131259918,甘孜藏族自治州
Sichuan,2030,ssp245,trend,0.0787939131259918,内江市
Sichuan,2030,ssp245,trend,0.0787939131259918,阿坝藏族羌族自治州
Sichuan,2030,ssp245,trend,0.0787939131259918,资阳市
Sichuan,2030,ssp245,trend,0.0787939131259918,广元市
Sichuan,2030,ssp245,trend,0.0787939131259918,巴中市
Sichuan,2030,ssp245,trend,0.0787939131259918,绵阳市
Sichuan,2030,ssp245,trend,0.0787939131259918,遂宁市
Sichuan,2035,ssp245,trend,0.134383618831635,广安市
Sichuan,2035,ssp245,trend,0.134383618831635,攀枝花市
Sichuan,2035,ssp245,trend,0.134383618831635,宜宾市
Sichuan,2035,ssp245,trend,0.134383618831635,自贡市
Sichuan,2035,ssp245,trend,0.134383618831635,雅安市
Sichuan,2035,ssp245,trend,0.134383618831635,德阳市
Sichuan,2035,ssp245,trend,0.134383618831635,达州市
Sichuan,2035,ssp245,trend,0.134383618831635,泸州市
Sichuan,2035,ssp245,trend,0.134383618831635,乐山市
Sichuan,2035,ssp245,trend,0.134383618831635,凉山彝族自治州
Sichuan,2035,ssp245,trend,0.134383618831635,眉山市
Sichuan,2035,ssp245,trend,0.134383618831635,南充市
Sichuan,2035,ssp245,trend,0.134383618831635,成都市
Sichuan,2035,ssp245,trend,0.134383618831635,甘孜藏族自治州
Sichuan,2035,ssp245,trend,0.134383618831635,内江市
Sichuan,2035,ssp245,trend,0.134383618831635,阿坝藏族羌族自治州
Sichuan,2035,ssp245,trend,0.134383618831635,资阳市
Sichuan,2035,ssp245,trend,0.134383618831635,广元市
Sichuan,2035,ssp245,trend,0.134383618831635,巴中市
Sichuan,2035,ssp245,trend,0.134383618831635,绵阳市
Sichuan,2035,ssp245,trend,0.134383618831635,遂宁市
Sichuan,2040,ssp245,trend,0.0738559141755104,广安市
Sichuan,2040,ssp245,trend,0.0738559141755104,攀枝花市
Sichuan,2040,ssp245,trend,0.0738559141755104,宜宾市
Sichuan,2040,ssp245,trend,0.0738559141755104,自贡市
Sichuan,2040,ssp245,trend,0.0738559141755104,雅安市
Sichuan,2040,ssp245,trend,0.0738559141755104,德阳市
Sichuan,2040,ssp245,trend,0.0738559141755104,达州市
Sichuan,2040,ssp245,trend,0.0738559141755104,泸州市
Sichuan,2040,ssp245,trend,0.0738559141755104,乐山市
Sichuan,2040,ssp245,trend,0.0738559141755104,凉山彝族自治州
Sichuan,2040,ssp245,trend,0.0738559141755104,眉山市
Sichuan,2040,ssp245,trend,0.0738559141755104,南充市
Sichuan,2040,ssp245,trend,0.0738559141755104,成都市
Sichuan,2040,ssp245,trend,0.0738559141755104,甘孜藏族自治州
Sichuan,2040,ssp245,trend,0.0738559141755104,内江市
Sichuan,2040,ssp245,trend,0.0738559141755104,阿坝藏族羌族自治州
Sichuan,2040,ssp245,trend,0.0738559141755104,资阳市
Sichuan,2040,ssp245,trend,0.0738559141755104,广元市
Sichuan,2040,ssp245,trend,0.0738559141755104,巴中市
Sichuan,2040,ssp245,trend,0.0738559141755104,绵阳市
Sichuan,2040,ssp245,trend,0.0738559141755104,遂宁市
Sichuan,2045,ssp245,trend,0.109690636396408,广安市
Sichuan,2045,ssp245,trend,0.109690636396408,攀枝花市
Sichuan,2045,ssp245,trend,0.109690636396408,宜宾市
Sichuan,2045,ssp245,trend,0.109690636396408,自贡市
Sichuan,2045,ssp245,trend,0.109690636396408,雅安市
Sichuan,2045,ssp245,trend,0.109690636396408,德阳市
Sichuan,2045,ssp245,trend,0.109690636396408,达州市
Sichuan,2045,ssp245,trend,0.109690636396408,泸州市
Sichuan,2045,ssp245,trend,0.109690636396408,乐山市
Sichuan,2045,ssp245,trend,0.109690636396408,凉山彝族自治州
Sichuan,2045,ssp245,trend,0.109690636396408,眉山市
Sichuan,2045,ssp245,trend,0.109690636396408,南充市
Sichuan,2045,ssp245,trend,0.109690636396408,成都市
Sichuan,2045,ssp245,trend,0.109690636396408,甘孜藏族自治州
Sichuan,2045,ssp245,trend,0.109690636396408,内江市
Sichuan,2045,ssp245,trend,0.109690636396408,阿坝藏族羌族自治州
Sichuan,2045,ssp245,trend,0.109690636396408,资阳市
Sichuan,2045,ssp245,trend,0.109690636396408,广元市
Sichuan,2045,ssp245,trend,0.109690636396408,巴中市
Sichuan,2045,ssp245,trend,0.109690636396408,绵阳市
Sichuan,2045,ssp245,trend,0.109690636396408,遂宁市
Sichuan,2050,ssp245,trend,0.128305286169052,广安市
Sichuan,2050,ssp245,trend,0.128305286169052,攀枝花市
Sichuan,2050,ssp245,trend,0.128305286169052,宜宾市
Sichuan,2050,ssp245,trend,0.128305286169052,自贡市
Sichuan,2050,ssp245,trend,0.128305286169052,雅安市
Sichuan,2050,ssp245,trend,0.128305286169052,德阳市
Sichuan,2050,ssp245,trend,0.128305286169052,达州市
Sichuan,2050,ssp245,trend,0.128305286169052,泸州市
Sichuan,2050,ssp245,trend,0.128305286169052,乐山市
Sichuan,2050,ssp245,trend,0.128305286169052,凉山彝族自治州
Sichuan,2050,ssp245,trend,0.128305286169052,眉山市
Sichuan,2050,ssp245,trend,0.128305286169052,南充市
Sichuan,2050,ssp245,trend,0.128305286169052,成都市
Sichuan,2050,ssp245,trend,0.128305286169052,甘孜藏族自治州
Sichuan,2050,ssp245,trend,0.128305286169052,内江市
Sichuan,2050,ssp245,trend,0.128305286169052,阿坝藏族羌族自治州
Sichuan,2050,ssp245,trend,0.128305286169052,资阳市
Sichuan,2050,ssp245,trend,0.128305286169052,广元市
Sichuan,2050,ssp245,trend,0.128305286169052,巴中市
Sichuan,2050,ssp245,trend,0.128305286169052,绵阳市
Sichuan,2050,ssp245,trend,0.128305286169052,遂宁市
Sichuan,2030,ssp585,trend,0.0495446883141995,广安市
Sichuan,2030,ssp585,trend,0.0495446883141995,攀枝花市
Sichuan,2030,ssp585,trend,0.0495446883141995,宜宾市
Sichuan,2030,ssp585,trend,0.0495446883141995,自贡市
Sichuan,2030,ssp585,trend,0.0495446883141995,雅安市
Sichuan,2030,ssp585,trend,0.0495446883141995,德阳市
Sichuan,2030,ssp585,trend,0.0495446883141995,达州市
Sichuan,2030,ssp585,trend,0.0495446883141995,泸州市
Sichuan,2030,ssp585,trend,0.0495446883141995,乐山市
Sichuan,2030,ssp585,trend,0.0495446883141995,凉山彝族自治州
Sichuan,2030,ssp585,trend,0.0495446883141995,眉山市
Sichuan,2030,ssp585,trend,0.0495446883141995,南充市
Sichuan,2030,ssp585,trend,0.0495446883141995,成都市
Sichuan,2030,ssp585,trend,0.0495446883141995,甘孜藏族自治州
Sichuan,2030,ssp585,trend,0.0495446883141995,内江市
Sichuan,2030,ssp585,trend,0.0495446883141995,阿坝藏族羌族自治州
Sichuan,2030,ssp585,trend,0.0495446883141995,资阳市
Sichuan,2030,ssp585,trend,0.0495446883141995,广元市
Sichuan,2030,ssp585,trend,0.0495446883141995,巴中市
Sichuan,2030,ssp585,trend,0.0495446883141995,绵阳市
Sichuan,2030,ssp585,trend,0.0495446883141995,遂宁市
Sichuan,2035,ssp585,trend,0.125496551394463,广安市
Sichuan,2035,ssp585,trend,0.125496551394463,攀枝花市
Sichuan,2035,ssp585,trend,0.125496551394463,宜宾市
Sichuan,2035,ssp585,trend,0.125496551394463,自贡市
Sichuan,2035,ssp585,trend,0.125496551394463,雅安市
Sichuan,2035,ssp585,trend,0.125496551394463,德阳市
Sichuan,2035,ssp585,trend,0.125496551394463,达州市
Sichuan,2035,ssp585,trend,0.125496551394463,泸州市
Sichuan,2035,ssp585,trend,0.125496551394463,乐山市
Sichuan,2035,ssp585,trend,0.125496551394463,凉山彝族自治州
Sichuan,2035,ssp585,trend,0.125496551394463,眉山市
Sichuan,2035,ssp585,trend,0.125496551394463,南充市
Sichuan,2035,ssp585,trend,0.125496551394463,成都市
Sichuan,2035,ssp585,trend,0.125496551394463,甘孜藏族自治州
Sichuan,2035,ssp585,trend,0.125496551394463,内江市
Sichuan,2035,ssp585,trend,0.125496551394463,阿坝藏族羌族自治州
Sichuan,2035,ssp585,trend,0.125496551394463,资阳市
Sichuan,2035,ssp585,trend,0.125496551394463,广元市
Sichuan,2035,ssp585,trend,0.125496551394463,巴中市
Sichuan,2035,ssp585,trend,0.125496551394463,绵阳市
Sichuan,2035,ssp585,trend,0.125496551394463,遂宁市
Sichuan,2040,ssp585,trend,0.0881073921918869,广安市
Sichuan,2040,ssp585,trend,0.0881073921918869,攀枝花市
Sichuan,2040,ssp585,trend,0.0881073921918869,宜宾市
Sichuan,2040,ssp585,trend,0.0881073921918869,自贡市
Sichuan,2040,ssp585,trend,0.0881073921918869,雅安市
Sichuan,2040,ssp585,trend,0.0881073921918869,德阳市
Sichuan,2040,ssp585,trend,0.0881073921918869,达州市
Sichuan,2040,ssp585,trend,0.0881073921918869,泸州市
Sichuan,2040,ssp585,trend,0.0881073921918869,乐山市
Sichuan,2040,ssp585,trend,0.0881073921918869,凉山彝族自治州
Sichuan,2040,ssp585,trend,0.0881073921918869,眉山市
Sichuan,2040,ssp585,trend,0.0881073921918869,南充市
Sichuan,2040,ssp585,trend,0.0881073921918869,成都市
Sichuan,2040,ssp585,trend,0.0881073921918869,甘孜藏族自治州
Sichuan,2040,ssp585,trend,0.0881073921918869,内江市
Sichuan,2040,ssp585,trend,0.0881073921918869,阿坝藏族羌族自治州
Sichuan,2040,ssp585,trend,0.0881073921918869,资阳市
Sichuan,2040,ssp585,trend,0.0881073921918869,广元市
Sichuan,2040,ssp585,trend,0.0881073921918869,巴中市
Sichuan,2040,ssp585,trend,0.0881073921918869,绵阳市
Sichuan,2040,ssp585,trend,0.0881073921918869,遂宁市
Sichuan,2045,ssp585,trend,0.0687560960650444,广安市
Sichuan,2045,ssp585,trend,0.0687560960650444,攀枝花市
Sichuan,2045,ssp585,trend,0.0687560960650444,宜宾市
Sichuan,2045,ssp585,trend,0.0687560960650444,自贡市
Sichuan,2045,ssp585,trend,0.0687560960650444,雅安市
Sichuan,2045,ssp585,trend,0.0687560960650444,德阳市
Sichuan,2045,ssp585,trend,0.0687560960650444,达州市
Sichuan,2045,ssp585,trend,0.0687560960650444,泸州市
Sichuan,2045,ssp585,trend,0.0687560960650444,乐山市
Sichuan,2045,ssp585,trend,0.0687560960650444,凉山彝族自治州
Sichuan,2045,ssp585,trend,0.0687560960650444,眉山市
Sichuan,2045,ssp585,trend,0.0687560960650444,南充市
Sichuan,2045,ssp585,trend,0.0687560960650444,成都市
Sichuan,2045,ssp585,trend,0.0687560960650444,甘孜藏族自治州
Sichuan,2045,ssp585,trend,0.0687560960650444,内江市
Sichuan,2045,ssp585,trend,0.0687560960650444,阿坝藏族羌族自治州
Sichuan,2045,ssp585,trend,0.0687560960650444,资阳市
Sichuan,2045,ssp585,trend,0.0687560960650444,广元市
Sichuan,2045,ssp585,trend,0.0687560960650444,巴中市
Sichuan,2045,ssp585,trend,0.0687560960650444,绵阳市
Sichuan,2045,ssp585,trend,0.0687560960650444,遂宁市
Sichuan,2050,ssp585,trend,0.0694858431816101,广安市
Sichuan,2050,ssp585,trend,0.0694858431816101,攀枝花市
Sichuan,2050,ssp585,trend,0.0694858431816101,宜宾市
Sichuan,2050,ssp585,trend,0.0694858431816101,自贡市
Sichuan,2050,ssp585,trend,0.0694858431816101,雅安市
Sichuan,2050,ssp585,trend,0.0694858431816101,德阳市
Sichuan,2050,ssp585,trend,0.0694858431816101,达州市
Sichuan,2050,ssp585,trend,0.0694858431816101,泸州市
Sichuan,2050,ssp585,trend,0.0694858431816101,乐山市
Sichuan,2050,ssp585,trend,0.0694858431816101,凉山彝族自治州
Sichuan,2050,ssp585,trend,0.0694858431816101,眉山市
Sichuan,2050,ssp585,trend,0.0694858431816101,南充市
Sichuan,2050,ssp585,trend,0.0694858431816101,成都市
Sichuan,2050,ssp585,trend,0.0694858431816101,甘孜藏族自治州
Sichuan,2050,ssp585,trend,0.0694858431816101,内江市
Sichuan,2050,ssp585,trend,0.0694858431816101,阿坝藏族羌族自治州
Sichuan,2050,ssp585,trend,0.0694858431816101,资阳市
Sichuan,2050,ssp585,trend,0.0694858431816101,广元市
Sichuan,2050,ssp585,trend,0.0694858431816101,巴中市
Sichuan,2050,ssp585,trend,0.0694858431816101,绵阳市
Sichuan,2050,ssp585,trend,0.0694858431816101,遂宁市
Sichuan,2030,current,doubled,0.295472264289856,广安市
Sichuan,2030,current,doubled,0.295472264289856,攀枝花市
Sichuan,2030,current,doubled,0.295472264289856,宜宾市
Sichuan,2030,current,doubled,0.295472264289856,自贡市
Sichuan,2030,current,doubled,0.295472264289856,雅安市
Sichuan,2030,current,doubled,0.295472264289856,德阳市
Sichuan,2030,current,doubled,0.295472264289856,达州市
Sichuan,2030,current,doubled,0.295472264289856,泸州市
Sichuan,2030,current,doubled,0.295472264289856,乐山市
Sichuan,2030,current,doubled,0.295472264289856,凉山彝族自治州
Sichuan,2030,current,doubled,0.295472264289856,眉山市
Sichuan,2030,current,doubled,0.295472264289856,南充市
Sichuan,2030,current,doubled,0.295472264289856,成都市
Sichuan,2030,current,doubled,0.295472264289856,甘孜藏族自治州
Sichuan,2030,current,doubled,0.295472264289856,内江市
Sichuan,2030,current,doubled,0.295472264289856,阿坝藏族羌族自治州
Sichuan,2030,current,doubled,0.295472264289856,资阳市
Sichuan,2030,current,doubled,0.295472264289856,广元市
Sichuan,2030,current,doubled,0.295472264289856,巴中市
Sichuan,2030,current,doubled,0.295472264289856,绵阳市
Sichuan,2030,current,doubled,0.295472264289856,遂宁市
Sichuan,2035,current,doubled,0.295472264289856,广安市
Sichuan,2035,current,doubled,0.295472264289856,攀枝花市
Sichuan,2035,current,doubled,0.295472264289856,宜宾市
Sichuan,2035,current,doubled,0.295472264289856,自贡市
Sichuan,2035,current,doubled,0.295472264289856,雅安市
Sichuan,2035,current,doubled,0.295472264289856,德阳市
Sichuan,2035,current,doubled,0.295472264289856,达州市
Sichuan,2035,current,doubled,0.295472264289856,泸州市
Sichuan,2035,current,doubled,0.295472264289856,乐山市
Sichuan,2035,current,doubled,0.295472264289856,凉山彝族自治州
Sichuan,2035,current,doubled,0.295472264289856,眉山市
Sichuan,2035,current,doubled,0.295472264289856,南充市
Sichuan,2035,current,doubled,0.295472264289856,成都市
Sichuan,2035,current,doubled,0.295472264289856,甘孜藏族自治州
Sichuan,2035,current,doubled,0.295472264289856,内江市
Sichuan,2035,current,doubled,0.295472264289856,阿坝藏族羌族自治州
Sichuan,2035,current,doubled,0.295472264289856,资阳市
Sichuan,2035,current,doubled,0.295472264289856,广元市
Sichuan,2035,current,doubled,0.295472264289856,巴中市
Sichuan,2035,current,doubled,0.295472264289856,绵阳市
Sichuan,2035,current,doubled,0.295472264289856,遂宁市
Sichuan,2040,current,doubled,0.295472264289856,广安市
Sichuan,2040,current,doubled,0.295472264289856,攀枝花市
Sichuan,2040,current,doubled,0.295472264289856,宜宾市
Sichuan,2040,current,doubled,0.295472264289856,自贡市
Sichuan,2040,current,doubled,0.295472264289856,雅安市
Sichuan,2040,current,doubled,0.295472264289856,德阳市
Sichuan,2040,current,doubled,0.295472264289856,达州市
Sichuan,2040,current,doubled,0.295472264289856,泸州市
Sichuan,2040,current,doubled,0.295472264289856,乐山市
Sichuan,2040,current,doubled,0.295472264289856,凉山彝族自治州
Sichuan,2040,current,doubled,0.295472264289856,眉山市
Sichuan,2040,current,doubled,0.295472264289856,南充市
Sichuan,2040,current,doubled,0.295472264289856,成都市
Sichuan,2040,current,doubled,0.295472264289856,甘孜藏族自治州
Sichuan,2040,current,doubled,0.295472264289856,内江市
Sichuan,2040,current,doubled,0.295472264289856,阿坝藏族羌族自治州
Sichuan,2040,current,doubled,0.295472264289856,资阳市
Sichuan,2040,current,doubled,0.295472264289856,广元市
Sichuan,2040,current,doubled,0.295472264289856,巴中市
Sichuan,2040,current,doubled,0.295472264289856,绵阳市
Sichuan,2040,current,doubled,0.295472264289856,遂宁市
Sichuan,2045,current,doubled,0.295472264289856,广安市
Sichuan,2045,current,doubled,0.295472264289856,攀枝花市
Sichuan,2045,current,doubled,0.295472264289856,宜宾市
Sichuan,2045,current,doubled,0.295472264289856,自贡市
Sichuan,2045,current,doubled,0.295472264289856,雅安市
Sichuan,2045,current,doubled,0.295472264289856,德阳市
Sichuan,2045,current,doubled,0.295472264289856,达州市
Sichuan,2045,current,doubled,0.295472264289856,泸州市
Sichuan,2045,current,doubled,0.295472264289856,乐山市
Sichuan,2045,current,doubled,0.295472264289856,凉山彝族自治州
Sichuan,2045,current,doubled,0.295472264289856,眉山市
Sichuan,2045,current,doubled,0.295472264289856,南充市
Sichuan,2045,current,doubled,0.295472264289856,成都市
Sichuan,2045,current,doubled,0.295472264289856,甘孜藏族自治州
Sichuan,2045,current,doubled,0.295472264289856,内江市
Sichuan,2045,current,doubled,0.295472264289856,阿坝藏族羌族自治州
Sichuan,2045,current,doubled,0.295472264289856,资阳市
Sichuan,2045,current,doubled,0.295472264289856,广元市
Sichuan,2045,current,doubled,0.295472264289856,巴中市
Sichuan,2045,current,doubled,0.295472264289856,绵阳市
Sichuan,2045,current,doubled,0.295472264289856,遂宁市
Sichuan,2050,current,doubled,0.295472264289856,广安市
Sichuan,2050,current,doubled,0.295472264289856,攀枝花市
Sichuan,2050,current,doubled,0.295472264289856,宜宾市
Sichuan,2050,current,doubled,0.295472264289856,自贡市
Sichuan,2050,current,doubled,0.295472264289856,雅安市
Sichuan,2050,current,doubled,0.295472264289856,德阳市
Sichuan,2050,current,doubled,0.295472264289856,达州市
Sichuan,2050,current,doubled,0.295472264289856,泸州市
Sichuan,2050,current,doubled,0.295472264289856,乐山市
Sichuan,2050,current,doubled,0.295472264289856,凉山彝族自治州
Sichuan,2050,current,doubled,0.295472264289856,眉山市
Sichuan,2050,current,doubled,0.295472264289856,南充市
Sichuan,2050,current,doubled,0.295472264289856,成都市
Sichuan,2050,current,doubled,0.295472264289856,甘孜藏族自治州
Sichuan,2050,current,doubled,0.295472264289856,内江市
Sichuan,2050,current,doubled,0.295472264289856,阿坝藏族羌族自治州
Sichuan,2050,current,doubled,0.295472264289856,资阳市
Sichuan,2050,current,doubled,0.295472264289856,广元市
Sichuan,2050,current,doubled,0.295472264289856,巴中市
Sichuan,2050,current,doubled,0.295472264289856,绵阳市
Sichuan,2050,current,doubled,0.295472264289856,遂宁市
Sichuan,2030,ssp245,doubled,0.0654824674129486,广安市
Sichuan,2030,ssp245,doubled,0.0654824674129486,攀枝花市
Sichuan,2030,ssp245,doubled,0.0654824674129486,宜宾市
Sichuan,2030,ssp245,doubled,0.0654824674129486,自贡市
Sichuan,2030,ssp245,doubled,0.0654824674129486,雅安市
Sichuan,2030,ssp245,doubled,0.0654824674129486,德阳市
Sichuan,2030,ssp245,doubled,0.0654824674129486,达州市
Sichuan,2030,ssp245,doubled,0.0654824674129486,泸州市
Sichuan,2030,ssp245,doubled,0.0654824674129486,乐山市
Sichuan,2030,ssp245,doubled,0.0654824674129486,凉山彝族自治州
Sichuan,2030,ssp245,doubled,0.0654824674129486,眉山市
Sichuan,2030,ssp245,doubled,0.0654824674129486,南充市
Sichuan,2030,ssp245,doubled,0.0654824674129486,成都市
Sichuan,2030,ssp245,doubled,0.0654824674129486,甘孜藏族自治州
Sichuan,2030,ssp245,doubled,0.0654824674129486,内江市
Sichuan,2030,ssp245,doubled,0.0654824674129486,阿坝藏族羌族自治州
Sichuan,2030,ssp245,doubled,0.0654824674129486,资阳市
Sichuan,2030,ssp245,doubled,0.0654824674129486,广元市
Sichuan,2030,ssp245,doubled,0.0654824674129486,巴中市
Sichuan,2030,ssp245,doubled,0.0654824674129486,绵阳市
Sichuan,2030,ssp245,doubled,0.0654824674129486,遂宁市
Sichuan,2035,ssp245,doubled,0.182200938463211,广安市
Sichuan,2035,ssp245,doubled,0.182200938463211,攀枝花市
Sichuan,2035,ssp245,doubled,0.182200938463211,宜宾市
Sichuan,2035,ssp245,doubled,0.182200938463211,自贡市
Sichuan,2035,ssp245,doubled,0.182200938463211,雅安市
Sichuan,2035,ssp245,doubled,0.182200938463211,德阳市
Sichuan,2035,ssp245,doubled,0.182200938463211,达州市
Sichuan,2035,ssp245,doubled,0.182200938463211,泸州市
Sichuan,2035,ssp245,doubled,0.182200938463211,乐山市
Sichuan,2035,ssp245,doubled,0.182200938463211,凉山彝族自治州
Sichuan,2035,ssp245,doubled,0.182200938463211,眉山市
Sichuan,2035,ssp245,doubled,0.182200938463211,南充市
Sichuan,2035,ssp245,doubled,0.182200938463211,成都市
Sichuan,2035,ssp245,doubled,0.182200938463211,甘孜藏族自治州
Sichuan,2035,ssp245,doubled,0.182200938463211,内江市
Sichuan,2035,ssp245,doubled,0.182200938463211,阿坝藏族羌族自治州
Sichuan,2035,ssp245,doubled,0.182200938463211,资阳市
Sichuan,2035,ssp245,doubled,0.182200938463211,广元市
Sichuan,2035,ssp245,doubled,0.182200938463211,巴中市
Sichuan,2035,ssp245,doubled,0.182200938463211,绵阳市
Sichuan,2035,ssp245,doubled,0.182200938463211,遂宁市
Sichuan,2040,ssp245,doubled,0.054600540548563,广安市
Sichuan,2040,ssp245,doubled,0.054600540548563,攀枝花市
Sichuan,2040,ssp245,doubled,0.054600540548563,宜宾市
Sichuan,2040,ssp245,doubled,0.054600540548563,自贡市
Sichuan,2040,ssp245,doubled,0.054600540548563,雅安市
Sichuan,2040,ssp245,doubled,0.054600540548563,德阳市
Sichuan,2040,ssp245,doubled,0.054600540548563,达州市
Sichuan,2040,ssp245,doubled,0.054600540548563,泸州市
Sichuan,2040,ssp245,doubled,0.054600540548563,乐山市
Sichuan,2040,ssp245,doubled,0.054600540548563,凉山彝族自治州
Sichuan,2040,ssp245,doubled,0.054600540548563,眉山市
Sichuan,2040,ssp245,doubled,0.054600540548563,南充市
Sichuan,2040,ssp245,doubled,0.054600540548563,成都市
Sichuan,2040,ssp245,doubled,0.054600540548563,甘孜藏族自治州
Sichuan,2040,ssp245,doubled,0.054600540548563,内江市
Sichuan,2040,ssp245,doubled,0.054600540548563,阿坝藏族羌族自治州
Sichuan,2040,ssp245,doubled,0.054600540548563,资阳市
Sichuan,2040,ssp245,doubled,0.054600540548563,广元市
Sichuan,2040,ssp245,doubled,0.054600540548563,巴中市
Sichuan,2040,ssp245,doubled,0.054600540548563,绵阳市
Sichuan,2040,ssp245,doubled,0.054600540548563,遂宁市
Sichuan,2045,ssp245,doubled,0.105753384530544,广安市
Sichuan,2045,ssp245,doubled,0.105753384530544,攀枝花市
Sichuan,2045,ssp245,doubled,0.105753384530544,宜宾市
Sichuan,2045,ssp245,doubled,0.105753384530544,自贡市
Sichuan,2045,ssp245,doubled,0.105753384530544,雅安市
Sichuan,2045,ssp245,doubled,0.105753384530544,德阳市
Sichuan,2045,ssp245,doubled,0.105753384530544,达州市
Sichuan,2045,ssp245,doubled,0.105753384530544,泸州市
Sichuan,2045,ssp245,doubled,0.105753384530544,乐山市
Sichuan,2045,ssp245,doubled,0.105753384530544,凉山彝族自治州
Sichuan,2045,ssp245,doubled,0.105753384530544,眉山市
Sichuan,2045,ssp245,doubled,0.105753384530544,南充市
Sichuan,2045,ssp245,doubled,0.105753384530544,成都市
Sichuan,2045,ssp245,doubled,0.105753384530544,甘孜藏族自治州
Sichuan,2045,ssp245,doubled,0.105753384530544,内江市
Sichuan,2045,ssp245,doubled,0.105753384530544,阿坝藏族羌族自治州
Sichuan,2045,ssp245,doubled,0.105753384530544,资阳市
Sichuan,2045,ssp245,doubled,0.105753384530544,广元市
Sichuan,2045,ssp245,doubled,0.105753384530544,巴中市
Sichuan,2045,ssp245,doubled,0.105753384530544,绵阳市
Sichuan,2045,ssp245,doubled,0.105753384530544,遂宁市
Sichuan,2050,ssp245,doubled,0.146007210016251,广安市
Sichuan,2050,ssp245,doubled,0.146007210016251,攀枝花市
Sichuan,2050,ssp245,doubled,0.146007210016251,宜宾市
Sichuan,2050,ssp245,doubled,0.146007210016251,自贡市
Sichuan,2050,ssp245,doubled,0.146007210016251,雅安市
Sichuan,2050,ssp245,doubled,0.146007210016251,德阳市
Sichuan,2050,ssp245,doubled,0.146007210016251,达州市
Sichuan,2050,ssp245,doubled,0.146007210016251,泸州市
Sichuan,2050,ssp245,doubled,0.146007210016251,乐山市
Sichuan,2050,ssp245,doubled,0.146007210016251,凉山彝族自治州
Sichuan,2050,ssp245,doubled,0.146007210016251,眉山市
Sichuan,2050,ssp245,doubled,0.146007210016251,南充市
Sichuan,2050,ssp245,doubled,0.146007210016251,成都市
Sichuan,2050,ssp245,doubled,0.146007210016251,甘孜藏族自治州
Sichuan,2050,ssp245,doubled,0.146007210016251,内江市
Sichuan,2050,ssp245,doubled,0.146007210016251,阿坝藏族羌族自治州
Sichuan,2050,ssp245,doubled,0.146007210016251,资阳市
Sichuan,2050,ssp245,doubled,0.146007210016251,广元市
Sichuan,2050,ssp245,doubled,0.146007210016251,巴中市
Sichuan,2050,ssp245,doubled,0.146007210016251,绵阳市
Sichuan,2050,ssp245,doubled,0.146007210016251,遂宁市
Sichuan,2030,ssp585,doubled,0.054600540548563,广安市
Sichuan,2030,ssp585,doubled,0.054600540548563,攀枝花市
Sichuan,2030,ssp585,doubled,0.054600540548563,宜宾市
Sichuan,2030,ssp585,doubled,0.054600540548563,自贡市
Sichuan,2030,ssp585,doubled,0.054600540548563,雅安市
Sichuan,2030,ssp585,doubled,0.054600540548563,德阳市
Sichuan,2030,ssp585,doubled,0.054600540548563,达州市
Sichuan,2030,ssp585,doubled,0.054600540548563,泸州市
Sichuan,2030,ssp585,doubled,0.054600540548563,乐山市
Sichuan,2030,ssp585,doubled,0.054600540548563,凉山彝族自治州
Sichuan,2030,ssp585,doubled,0.054600540548563,眉山市
Sichuan,2030,ssp585,doubled,0.054600540548563,南充市
Sichuan,2030,ssp585,doubled,0.054600540548563,成都市
Sichuan,2030,ssp585,doubled,0.054600540548563,甘孜藏族自治州
Sichuan,2030,ssp585,doubled,0.054600540548563,内江市
Sichuan,2030,ssp585,doubled,0.054600540548563,阿坝藏族羌族自治州
Sichuan,2030,ssp585,doubled,0.054600540548563,资阳市
Sichuan,2030,ssp585,doubled,0.054600540548563,广元市
Sichuan,2030,ssp585,doubled,0.054600540548563,巴中市
Sichuan,2030,ssp585,doubled,0.054600540548563,绵阳市
Sichuan,2030,ssp585,doubled,0.054600540548563,遂宁市
Sichuan,2035,ssp585,doubled,0.134690642356873,广安市
Sichuan,2035,ssp585,doubled,0.134690642356873,攀枝花市
Sichuan,2035,ssp585,doubled,0.134690642356873,宜宾市
Sichuan,2035,ssp585,doubled,0.134690642356873,自贡市
Sichuan,2035,ssp585,doubled,0.134690642356873,雅安市
Sichuan,2035,ssp585,doubled,0.134690642356873,德阳市
Sichuan,2035,ssp585,doubled,0.134690642356873,达州市
Sichuan,2035,ssp585,doubled,0.134690642356873,泸州市
Sichuan,2035,ssp585,doubled,0.134690642356873,乐山市
Sichuan,2035,ssp585,doubled,0.134690642356873,凉山彝族自治州
Sichuan,2035,ssp585,doubled,0.134690642356873,眉山市
Sichuan,2035,ssp585,doubled,0.134690642356873,南充市
Sichuan,2035,ssp585,doubled,0.134690642356873,成都市
Sichuan,2035,ssp585,doubled,0.134690642356873,甘孜藏族自治州
Sichuan,2035,ssp585,doubled,0.134690642356873,内江市
Sichuan,2035,ssp585,doubled,0.134690642356873,阿坝藏族羌族自治州
Sichuan,2035,ssp585,doubled,0.134690642356873,资阳市
Sichuan,2035,ssp585,doubled,0.134690642356873,广元市
Sichuan,2035,ssp585,doubled,0.134690642356873,巴中市
Sichuan,2035,ssp585,doubled,0.134690642356873,绵阳市
Sichuan,2035,ssp585,doubled,0.134690642356873,遂宁市
Sichuan,2040,ssp585,doubled,0.110899716615677,广安市
Sichuan,2040,ssp585,doubled,0.110899716615677,攀枝花市
Sichuan,2040,ssp585,doubled,0.110899716615677,宜宾市
Sichuan,2040,ssp585,doubled,0.110899716615677,自贡市
Sichuan,2040,ssp585,doubled,0.110899716615677,雅安市
Sichuan,2040,ssp585,doubled,0.110899716615677,德阳市
Sichuan,2040,ssp585,doubled,0.110899716615677,达州市
Sichuan,2040,ssp585,doubled,0.110899716615677,泸州市
Sichuan,2040,ssp585,doubled,0.110899716615677,乐山市
Sichuan,2040,ssp585,doubled,0.110899716615677,凉山彝族自治州
Sichuan,2040,ssp585,doubled,0.110899716615677,眉山市
Sichuan,2040,ssp585,doubled,0.110899716615677,南充市
Sichuan,2040,ssp585,doubled,0.110899716615677,成都市
Sichuan,2040,ssp585,doubled,0.110899716615677,甘孜藏族自治州
Sichuan,2040,ssp585,doubled,0.110899716615677,内江市
Sichuan,2040,ssp585,doubled,0.110899716615677,阿坝藏族羌族自治州
Sichuan,2040,ssp585,doubled,0.110899716615677,资阳市
Sichuan,2040,ssp585,doubled,0.110899716615677,广元市
Sichuan,2040,ssp585,doubled,0.110899716615677,巴中市
Sichuan,2040,ssp585,doubled,0.110899716615677,绵阳市
Sichuan,2040,ssp585,doubled,0.110899716615677,遂宁市
Sichuan,2045,ssp585,doubled,0.0847884342074394,广安市
Sichuan,2045,ssp585,doubled,0.0847884342074394,攀枝花市
Sichuan,2045,ssp585,doubled,0.0847884342074394,宜宾市
Sichuan,2045,ssp585,doubled,0.0847884342074394,自贡市
Sichuan,2045,ssp585,doubled,0.0847884342074394,雅安市
Sichuan,2045,ssp585,doubled,0.0847884342074394,德阳市
Sichuan,2045,ssp585,doubled,0.0847884342074394,达州市
Sichuan,2045,ssp585,doubled,0.0847884342074394,泸州市
Sichuan,2045,ssp585,doubled,0.0847884342074394,乐山市
Sichuan,2045,ssp585,doubled,0.0847884342074394,凉山彝族自治州
Sichuan,2045,ssp585,doubled,0.0847884342074394,眉山市
Sichuan,2045,ssp585,doubled,0.0847884342074394,南充市
Sichuan,2045,ssp585,doubled,0.0847884342074394,成都市
Sichuan,2045,ssp585,doubled,0.0847884342074394,甘孜藏族自治州
Sichuan,2045,ssp585,doubled,0.0847884342074394,内江市
Sichuan,2045,ssp585,doubled,0.0847884342074394,阿坝藏族羌族自治州
Sichuan,2045,ssp585,doubled,0.0847884342074394,资阳市
Sichuan,2045,ssp585,doubled,0.0847884342074394,广元市
Sichuan,2045,ssp585,doubled,0.0847884342074394,巴中市
Sichuan,2045,ssp585,doubled,0.0847884342074394,绵阳市
Sichuan,2045,ssp585,doubled,0.0847884342074394,遂宁市
Sichuan,2050,ssp585,doubled,0.0770477280020714,广安市
Sichuan,2050,ssp585,doubled,0.0770477280020714,攀枝花市
Sichuan,2050,ssp585,doubled,0.0770477280020714,宜宾市
Sichuan,2050,ssp585,doubled,0.0770477280020714,自贡市
Sichuan,2050,ssp585,doubled,0.0770477280020714,雅安市
Sichuan,2050,ssp585,doubled,0.0770477280020714,德阳市
Sichuan,2050,ssp585,doubled,0.0770477280020714,达州市
Sichuan,2050,ssp585,doubled,0.0770477280020714,泸州市
Sichuan,2050,ssp585,doubled,0.0770477280020714,乐山市
Sichuan,2050,ssp585,doubled,0.0770477280020714,凉山彝族自治州
Sichuan,2050,ssp585,doubled,0.0770477280020714,眉山市
Sichuan,2050,ssp585,doubled,0.0770477280020714,南充市
Sichuan,2050,ssp585,doubled,0.0770477280020714,成都市
Sichuan,2050,ssp585,doubled,0.0770477280020714,甘孜藏族自治州
Sichuan,2050,ssp585,doubled,0.0770477280020714,内江市
Sichuan,2050,ssp585,doubled,0.0770477280020714,阿坝藏族羌族自治州
Sichuan,2050,ssp585,doubled,0.0770477280020714,资阳市
Sichuan,2050,ssp585,doubled,0.0770477280020714,广元市
Sichuan,2050,ssp585,doubled,0.0770477280020714,巴中市
Sichuan,2050,ssp585,doubled,0.0770477280020714,绵阳市
Sichuan,2050,ssp585,doubled,0.0770477280020714,遂宁市
Taiwan,2030,current,baseline,0.234774246811867,台湾省
Taiwan,2035,current,baseline,0.234774246811867,台湾省
Taiwan,2040,current,baseline,0.234774246811867,台湾省
Taiwan,2045,current,baseline,0.234774246811867,台湾省
Taiwan,2050,current,baseline,0.234774246811867,台湾省
Taiwan,2030,ssp245,baseline,0.179790616035461,台湾省
Taiwan,2035,ssp245,baseline,0.11973898857832,台湾省
Taiwan,2040,ssp245,baseline,0.0383375734090805,台湾省
Taiwan,2045,ssp245,baseline,0.0896590277552605,台湾省
Taiwan,2050,ssp245,baseline,0.117817342281342,台湾省
Taiwan,2030,ssp585,baseline,0.0383375734090805,台湾省
Taiwan,2035,ssp585,baseline,0.100937150418758,台湾省
Taiwan,2040,ssp585,baseline,0.101246684789658,台湾省
Taiwan,2045,ssp585,baseline,0.047910250723362,台湾省
Taiwan,2050,ssp585,baseline,0.103101901710033,台湾省
Taiwan,2030,current,trend,0.375930100679398,台湾省
Taiwan,2035,current,trend,0.286998003721237,台湾省
Taiwan,2040,current,trend,0.320841699838638,台湾省
Taiwan,2045,current,trend,0.257803291082382,台湾省
Taiwan,2050,current,trend,0.206370249390602,台湾省
Taiwan,2030,ssp245,trend,0.130590304732323,台湾省
Taiwan,2035,ssp245,trend,0.0683894380927086,台湾省
Taiwan,2040,ssp245,trend,0.0928291901946068,台湾省
Taiwan,2045,ssp245,trend,0.190440252423286,台湾省
Taiwan,2050,ssp245,trend,0.169127985835075,台湾省
Taiwan,2030,ssp585,trend,0.0819148570299149,台湾省
Taiwan,2035,ssp585,trend,0.19158810377121,台湾省
Taiwan,2040,ssp585,trend,0.0671333819627762,台湾省
Taiwan,2045,ssp585,trend,0.103417910635471,台湾省
Taiwan,2050,ssp585,trend,0.11363311111927,台湾省
Taiwan,2030,current,doubled,0.477031052112579,台湾省
Taiwan,2035,current,doubled,0.477031052112579,台湾省
Taiwan,2040,current,doubled,0.477031052112579,台湾省
Taiwan,2045,current,doubled,0.477031052112579,台湾省
Taiwan,2050,current,doubled,0.477031052112579,台湾省
Taiwan,2030,ssp245,doubled,0.209609866142273,台湾省
Taiwan,2035,ssp245,doubled,0.156676828861237,台湾省
Taiwan,2040,ssp245,doubled,0.0881206914782524,台湾省
Taiwan,2045,ssp245,doubled,0.337830811738968,台湾省
Taiwan,2050,ssp245,doubled,0.318344414234161,台湾省
Taiwan,2030,ssp585,doubled,0.0881206914782524,台湾省
Taiwan,2035,ssp585,doubled,0.209304496645927,台湾省
Taiwan,2040,ssp585,doubled,0.141631931066513,台湾省
Taiwan,2045,ssp585,doubled,0.192405551671982,台湾省
Taiwan,2050,ssp585,doubled,0.140016198158264,台湾省
Tianjin,2030,current,baseline,0.271800339221954,天津市
Tianjin,2035,current,baseline,0.271800339221954,天津市
Tianjin,2040,current,baseline,0.271800339221954,天津市
Tianjin,2045,current,baseline,0.271800339221954,天津市
Tianjin,2050,current,baseline,0.271800339221954,天津市
Tianjin,2030,ssp245,baseline,0.122738629579544,天津市
Tianjin,2035,ssp245,baseline,0.0795624554157257,天津市
Tianjin,2040,ssp245,baseline,0.0865775048732758,天津市
Tianjin,2045,ssp245,baseline,0.105505585670471,天津市
Tianjin,2050,ssp245,baseline,0.236551120877266,天津市
Tianjin,2030,ssp585,baseline,0.0865775048732758,天津市
Tianjin,2035,ssp585,baseline,0.154603406786919,天津市
Tianjin,2040,ssp585,baseline,0.0745281279087067,天津市
Tianjin,2045,ssp585,baseline,0.0627379938960075,天津市
Tianjin,2050,ssp585,baseline,0.0808866247534752,天津市
Tianjin,2030,current,trend,0.242708563804626,天津市
Tianjin,2035,current,trend,0.205125153064728,天津市
Tianjin,2040,current,trend,0.29090017080307,天津市
Tianjin,2045,current,trend,0.279732972383499,天津市
Tianjin,2050,current,trend,0.224947035312653,天津市
Tianjin,2030,ssp245,trend,0.0787939131259918,天津市
Tianjin,2035,ssp245,trend,0.0909417644143105,天津市
Tianjin,2040,ssp245,trend,0.0521675609052181,天津市
Tianjin,2045,ssp245,trend,0.070810504257679,天津市
Tianjin,2050,ssp245,trend,0.161156833171844,天津市
Tianjin,2030,ssp585,trend,0.040069717913866,天津市
Tianjin,2035,ssp585,trend,0.0932832360267639,天津市
Tianjin,2040,ssp585,trend,0.111981071531773,天津市
Tianjin,2045,ssp585,trend,0.0798770561814308,天津市
Tianjin,2050,ssp585,trend,0.0673834159970284,天津市
Tianjin,2030,current,doubled,0.205125153064728,天津市
Tianjin,2035,current,doubled,0.205125153064728,天津市
Tianjin,2040,current,doubled,0.205125153064728,天津市
Tianjin,2045,current,doubled,0.205125153064728,天津市
Tianjin,2050,current,doubled,0.205125153064728,天津市
Tianjin,2030,ssp245,doubled,0.106829598546028,天津市
Tianjin,2035,ssp245,doubled,0.0917070209980011,天津市
Tianjin,2040,ssp245,doubled,0.0783998519182205,天津市
Tianjin,2045,ssp245,doubled,0.12773571908474,天津市
Tianjin,2050,ssp245,doubled,0.141127169132233,天津市
Tianjin,2030,ssp585,doubled,0.0783998519182205,天津市
Tianjin,2035,ssp585,doubled,0.0932832360267639,天津市
Tianjin,2040,ssp585,doubled,0.0888980254530907,天津市
Tianjin,2045,ssp585,doubled,0.11251712590456,天津市
Tianjin,2050,ssp585,doubled,0.0673395171761513,天津市
Tibet,2030,current,baseline,0.41921266913414,那曲市
Tibet,2030,current,baseline,0.41921266913414,山南市
Tibet,2030,current,baseline,0.41921266913414,阿里地区
Tibet,2030,current,baseline,0.41921266913414,日喀则市
Tibet,2030,current,baseline,0.41921266913414,拉萨市
Tibet,2030,current,baseline,0.41921266913414,林芝市
Tibet,2030,current,baseline,0.41921266913414,昌都市
Tibet,2035,current,baseline,0.41921266913414,那曲市
Tibet,2035,current,baseline,0.41921266913414,山南市
Tibet,2035,current,baseline,0.41921266913414,阿里地区
Tibet,2035,current,baseline,0.41921266913414,日喀则市
Tibet,2035,current,baseline,0.41921266913414,拉萨市
Tibet,2035,current,baseline,0.41921266913414,林芝市
Tibet,2035,current,baseline,0.41921266913414,昌都市
Tibet,2040,current,baseline,0.41921266913414,那曲市
Tibet,2040,current,baseline,0.41921266913414,山南市
Tibet,2040,current,baseline,0.41921266913414,阿里地区
Tibet,2040,current,baseline,0.41921266913414,日喀则市
Tibet,2040,current,baseline,0.41921266913414,拉萨市
Tibet,2040,current,baseline,0.41921266913414,林芝市
Tibet,2040,current,baseline,0.41921266913414,昌都市
Tibet,2045,current,baseline,0.41921266913414,那曲市
Tibet,2045,current,baseline,0.41921266913414,山南市
Tibet,2045,current,baseline,0.41921266913414,阿里地区
Tibet,2045,current,baseline,0.41921266913414,日喀则市
Tibet,2045,current,baseline,0.41921266913414,拉萨市
Tibet,2045,current,baseline,0.41921266913414,林芝市
Tibet,2045,current,baseline,0.41921266913414,昌都市
Tibet,2050,current,baseline,0.41921266913414,那曲市
Tibet,2050,current,baseline,0.41921266913414,山南市
Tibet,2050,current,baseline,0.41921266913414,阿里地区
Tibet,2050,current,baseline,0.41921266913414,日喀则市
Tibet,2050,current,baseline,0.41921266913414,拉萨市
Tibet,2050,current,baseline,0.41921266913414,林芝市
Tibet,2050,current,baseline,0.41921266913414,昌都市
Tibet,2030,ssp245,baseline,0.246482908725739,那曲市
Tibet,2030,ssp245,baseline,0.246482908725739,山南市
Tibet,2030,ssp245,baseline,0.246482908725739,阿里地区
Tibet,2030,ssp245,baseline,0.246482908725739,日喀则市
Tibet,2030,ssp245,baseline,0.246482908725739,拉萨市
Tibet,2030,ssp245,baseline,0.246482908725739,林芝市
Tibet,2030,ssp245,baseline,0.246482908725739,昌都市
Tibet,2035,ssp245,baseline,0.0971575677394867,那曲市
Tibet,2035,ssp245,baseline,0.0971575677394867,山南市
Tibet,2035,ssp245,baseline,0.0971575677394867,阿里地区
Tibet,2035,ssp245,baseline,0.0971575677394867,日喀则市
Tibet,2035,ssp245,baseline,0.0971575677394867,拉萨市
Tibet,2035,ssp245,baseline,0.0971575677394867,林芝市
Tibet,2035,ssp245,baseline,0.0971575677394867,昌都市
Tibet,2040,ssp245,baseline,0.0418270602822304,那曲市
Tibet,2040,ssp245,baseline,0.0418270602822304,山南市
Tibet,2040,ssp245,baseline,0.0418270602822304,阿里地区
Tibet,2040,ssp245,baseline,0.0418270602822304,日喀则市
Tibet,2040,ssp245,baseline,0.0418270602822304,拉萨市
Tibet,2040,ssp245,baseline,0.0418270602822304,林芝市
Tibet,2040,ssp245,baseline,0.0418270602822304,昌都市
Tibet,2045,ssp245,baseline,0.197128117084503,那曲市
Tibet,2045,ssp245,baseline,0.197128117084503,山南市
Tibet,2045,ssp245,baseline,0.197128117084503,阿里地区
Tibet,2045,ssp245,baseline,0.197128117084503,日喀则市
Tibet,2045,ssp245,baseline,0.197128117084503,拉萨市
Tibet,2045,ssp245,baseline,0.197128117084503,林芝市
Tibet,2045,ssp245,baseline,0.197128117084503,昌都市
Tibet,2050,ssp245,baseline,0.210796356201172,那曲市
Tibet,2050,ssp245,baseline,0.210796356201172,山南市
Tibet,2050,ssp245,baseline,0.210796356201172,阿里地区
Tibet,2050,ssp245,baseline,0.210796356201172,日喀则市
Tibet,2050,ssp245,baseline,0.210796356201172,拉萨市
Tibet,2050,ssp245,baseline,0.210796356201172,林芝市
Tibet,2050,ssp245,baseline,0.210796356201172,昌都市
Tibet,2030,ssp585,baseline,0.0418270602822304,那曲市
Tibet,2030,ssp585,baseline,0.0418270602822304,山南市
Tibet,2030,ssp585,baseline,0.0418270602822304,阿里地区
Tibet,2030,ssp585,baseline,0.0418270602822304,日喀则市
Tibet,2030,ssp585,baseline,0.0418270602822304,拉萨市
Tibet,2030,ssp585,baseline,0.0418270602822304,林芝市
Tibet,2030,ssp585,baseline,0.0418270602822304,昌都市
Tibet,2035,ssp585,baseline,0.168957874178886,那曲市
Tibet,2035,ssp585,baseline,0.168957874178886,山南市
Tibet,2035,ssp585,baseline,0.168957874178886,阿里地区
Tibet,2035,ssp585,baseline,0.168957874178886,日喀则市
Tibet,2035,ssp585,baseline,0.168957874178886,拉萨市
Tibet,2035,ssp585,baseline,0.168957874178886,林芝市
Tibet,2035,ssp585,baseline,0.168957874178886,昌都市
Tibet,2040,ssp585,baseline,0.103117510676384,那曲市
Tibet,2040,ssp585,baseline,0.103117510676384,山南市
Tibet,2040,ssp585,baseline,0.103117510676384,阿里地区
Tibet,2040,ssp585,baseline,0.103117510676384,日喀则市
Tibet,2040,ssp585,baseline,0.103117510676384,拉萨市
Tibet,2040,ssp585,baseline,0.103117510676384,林芝市
Tibet,2040,ssp585,baseline,0.103117510676384,昌都市
Tibet,2045,ssp585,baseline,0.135106116533279,那曲市
Tibet,2045,ssp585,baseline,0.135106116533279,山南市
Tibet,2045,ssp585,baseline,0.135106116533279,阿里地区
Tibet,2045,ssp585,baseline,0.135106116533279,日喀则市
Tibet,2045,ssp585,baseline,0.135106116533279,拉萨市
Tibet,2045,ssp585,baseline,0.135106116533279,林芝市
Tibet,2045,ssp585,baseline,0.135106116533279,昌都市
Tibet,2050,ssp585,baseline,0.130353972315788,那曲市
Tibet,2050,ssp585,baseline,0.130353972315788,山南市
Tibet,2050,ssp585,baseline,0.130353972315788,阿里地区
Tibet,2050,ssp585,baseline,0.130353972315788,日喀则市
Tibet,2050,ssp585,baseline,0.130353972315788,拉萨市
Tibet,2050,ssp585,baseline,0.130353972315788,林芝市
Tibet,2050,ssp585,baseline,0.130353972315788,昌都市
Tibet,2030,current,trend,0.316921949386597,那曲市
Tibet,2030,current,trend,0.316921949386597,山南市
Tibet,2030,current,trend,0.316921949386597,阿里地区
Tibet,2030,current,trend,0.316921949386597,日喀则市
Tibet,2030,current,trend,0.316921949386597,拉萨市
Tibet,2030,current,trend,0.316921949386597,林芝市
Tibet,2030,current,trend,0.316921949386597,昌都市
Tibet,2035,current,trend,0.242397740483284,那曲市
Tibet,2035,current,trend,0.242397740483284,山南市
Tibet,2035,current,trend,0.242397740483284,阿里地区
Tibet,2035,current,trend,0.242397740483284,日喀则市
Tibet,2035,current,trend,0.242397740483284,拉萨市
Tibet,2035,current,trend,0.242397740483284,林芝市
Tibet,2035,current,trend,0.242397740483284,昌都市
Tibet,2040,current,trend,0.206370249390602,那曲市
Tibet,2040,current,trend,0.206370249390602,山南市
Tibet,2040,current,trend,0.206370249390602,阿里地区
Tibet,2040,current,trend,0.206370249390602,日喀则市
Tibet,2040,current,trend,0.206370249390602,拉萨市
Tibet,2040,current,trend,0.206370249390602,林芝市
Tibet,2040,current,trend,0.206370249390602,昌都市
Tibet,2045,current,trend,0.205125153064728,那曲市
Tibet,2045,current,trend,0.205125153064728,山南市
Tibet,2045,current,trend,0.205125153064728,阿里地区
Tibet,2045,current,trend,0.205125153064728,日喀则市
Tibet,2045,current,trend,0.205125153064728,拉萨市
Tibet,2045,current,trend,0.205125153064728,林芝市
Tibet,2045,current,trend,0.205125153064728,昌都市
Tibet,2050,current,trend,0.206952139735222,那曲市
Tibet,2050,current,trend,0.206952139735222,山南市
Tibet,2050,current,trend,0.206952139735222,阿里地区
Tibet,2050,current,trend,0.206952139735222,日喀则市
Tibet,2050,current,trend,0.206952139735222,拉萨市
Tibet,2050,current,trend,0.206952139735222,林芝市
Tibet,2050,current,trend,0.206952139735222,昌都市
Tibet,2030,ssp245,trend,0.0837276950478554,那曲市
Tibet,2030,ssp245,trend,0.0837276950478554,山南市
Tibet,2030,ssp245,trend,0.0837276950478554,阿里地区
Tibet,2030,ssp245,trend,0.0837276950478554,日喀则市
Tibet,2030,ssp245,trend,0.0837276950478554,拉萨市
Tibet,2030,ssp245,trend,0.0837276950478554,林芝市
Tibet,2030,ssp245,trend,0.0837276950478554,昌都市
Tibet,2035,ssp245,trend,0.0490895844995976,那曲市
Tibet,2035,ssp245,trend,0.0490895844995976,山南市
Tibet,2035,ssp245,trend,0.0490895844995976,阿里地区
Tibet,2035,ssp245,trend,0.0490895844995976,日喀则市
Tibet,2035,ssp245,trend,0.0490895844995976,拉萨市
Tibet,2035,ssp245,trend,0.0490895844995976,林芝市
Tibet,2035,ssp245,trend,0.0490895844995976,昌都市
Tibet,2040,ssp245,trend,0.078031562268734,那曲市
Tibet,2040,ssp245,trend,0.078031562268734,山南市
Tibet,2040,ssp245,trend,0.078031562268734,阿里地区
Tibet,2040,ssp245,trend,0.078031562268734,日喀则市
Tibet,2040,ssp245,trend,0.078031562268734,拉萨市
Tibet,2040,ssp245,trend,0.078031562268734,林芝市
Tibet,2040,ssp245,trend,0.078031562268734,昌都市
Tibet,2045,ssp245,trend,0.139662653207779,那曲市
Tibet,2045,ssp245,trend,0.139662653207779,山南市
Tibet,2045,ssp245,trend,0.139662653207779,阿里地区
Tibet,2045,ssp245,trend,0.139662653207779,日喀则市
Tibet,2045,ssp245,trend,0.139662653207779,拉萨市
Tibet,2045,ssp245,trend,0.139662653207779,林芝市
Tibet,2045,ssp245,trend,0.139662653207779,昌都市
Tibet,2050,ssp245,trend,0.110090501606464,那曲市
Tibet,2050,ssp245,trend,0.110090501606464,山南市
Tibet,2050,ssp245,trend,0.110090501606464,阿里地区
Tibet,2050,ssp245,trend,0.110090501606464,日喀则市
Tibet,2050,ssp245,trend,0.110090501606464,拉萨市
Tibet,2050,ssp245,trend,0.110090501606464,林芝市
Tibet,2050,ssp245,trend,0.110090501606464,昌都市
Tibet,2030,ssp585,trend,0.0899395495653153,那曲市
Tibet,2030,ssp585,trend,0.0899395495653153,山南市
Tibet,2030,ssp585,trend,0.0899395495653153,阿里地区
Tibet,2030,ssp585,trend,0.0899395495653153,日喀则市
Tibet,2030,ssp585,trend,0.0899395495653153,拉萨市
Tibet,2030,ssp585,trend,0.0899395495653153,林芝市
Tibet,2030,ssp585,trend,0.0899395495653153,昌都市
Tibet,2035,ssp585,trend,0.144479587674141,那曲市
Tibet,2035,ssp585,trend,0.144479587674141,山南市
Tibet,2035,ssp585,trend,0.144479587674141,阿里地区
Tibet,2035,ssp585,trend,0.144479587674141,日喀则市
Tibet,2035,ssp585,trend,0.144479587674141,拉萨市
Tibet,2035,ssp585,trend,0.144479587674141,林芝市
Tibet,2035,ssp585,trend,0.144479587674141,昌都市
Tibet,2040,ssp585,trend,0.0678712129592896,那曲市
Tibet,2040,ssp585,trend,0.0678712129592896,山南市
Tibet,2040,ssp585,trend,0.0678712129592896,阿里地区
Tibet,2040,ssp585,trend,0.0678712129592896,日喀则市
Tibet,2040,ssp585,trend,0.0678712129592896,拉萨市
Tibet,2040,ssp585,trend,0.0678712129592896,林芝市
Tibet,2040,ssp585,trend,0.0678712129592896,昌都市
Tibet,2045,ssp585,trend,0.11251712590456,那曲市
Tibet,2045,ssp585,trend,0.11251712590456,山南市
Tibet,2045,ssp585,trend,0.11251712590456,阿里地区
Tibet,2045,ssp585,trend,0.11251712590456,日喀则市
Tibet,2045,ssp585,trend,0.11251712590456,拉萨市
Tibet,2045,ssp585,trend,0.11251712590456,林芝市
Tibet,2045,ssp585,trend,0.11251712590456,昌都市
Tibet,2050,ssp585,trend,0.0704600736498833,那曲市
Tibet,2050,ssp585,trend,0.0704600736498833,山南市
Tibet,2050,ssp585,trend,0.0704600736498833,阿里地区
Tibet,2050,ssp585,trend,0.0704600736498833,日喀则市
Tibet,2050,ssp585,trend,0.0704600736498833,拉萨市
Tibet,2050,ssp585,trend,0.0704600736498833,林芝市
Tibet,2050,ssp585,trend,0.0704600736498833,昌都市
Tibet,2030,current,doubled,0.206370249390602,那曲市
Tibet,2030,current,doubled,0.206370249390602,山南市
Tibet,2030,current,doubled,0.206370249390602,阿里地区
Tibet,2030,current,doubled,0.206370249390602,日喀则市
Tibet,2030,current,doubled,0.206370249390602,拉萨市
Tibet,2030,current,doubled,0.206370249390602,林芝市
Tibet,2030,current,doubled,0.206370249390602,昌都市
Tibet,2035,current,doubled,0.206370249390602,那曲市
Tibet,2035,current,doubled,0.206370249390602,山南市
Tibet,2035,current,doubled,0.206370249390602,阿里地区
Tibet,2035,current,doubled,0.206370249390602,日喀则市
Tibet,2035,current,doubled,0.206370249390602,拉萨市
Tibet,2035,current,doubled,0.206370249390602,林芝市
Tibet,2035,current,doubled,0.206370249390602,昌都市
Tibet,2040,current,doubled,0.206370249390602,那曲市
Tibet,2040,current,doubled,0.206370249390602,山南市
Tibet,2040,current,doubled,0.206370249390602,阿里地区
Tibet,2040,current,doubled,0.206370249390602,日喀则市
Tibet,2040,current,doubled,0.206370249390602,拉萨市
Tibet,2040,current,doubled,0.206370249390602,林芝市
Tibet,2040,current,doubled,0.206370249390602,昌都市
Tibet,2045,current,doubled,0.206370249390602,那曲市
Tibet,2045,current,doubled,0.206370249390602,山南市
Tibet,2045,current,doubled,0.206370249390602,阿里地区
Tibet,2045,current,doubled,0.206370249390602,日喀则市
Tibet,2045,current,doubled,0.206370249390602,拉萨市
Tibet,2045,current,doubled,0.206370249390602,林芝市
Tibet,2045,current,doubled,0.206370249390602,昌都市
Tibet,2050,current,doubled,0.206370249390602,那曲市
Tibet,2050,current,doubled,0.206370249390602,山南市
Tibet,2050,current,doubled,0.206370249390602,阿里地区
Tibet,2050,current,doubled,0.206370249390602,日喀则市
Tibet,2050,current,doubled,0.206370249390602,拉萨市
Tibet,2050,current,doubled,0.206370249390602,林芝市
Tibet,2050,current,doubled,0.206370249390602,昌都市
Tibet,2030,ssp245,doubled,0.0671716257929802,那曲市
Tibet,2030,ssp245,doubled,0.0671716257929802,山南市
Tibet,2030,ssp245,doubled,0.0671716257929802,阿里地区
Tibet,2030,ssp245,doubled,0.0671716257929802,日喀则市
Tibet,2030,ssp245,doubled,0.0671716257929802,拉萨市
Tibet,2030,ssp245,doubled,0.0671716257929802,林芝市
Tibet,2030,ssp245,doubled,0.0671716257929802,昌都市
Tibet,2035,ssp245,doubled,0.110845938324928,那曲市
Tibet,2035,ssp245,doubled,0.110845938324928,山南市
Tibet,2035,ssp245,doubled,0.110845938324928,阿里地区
Tibet,2035,ssp245,doubled,0.110845938324928,日喀则市
Tibet,2035,ssp245,doubled,0.110845938324928,拉萨市
Tibet,2035,ssp245,doubled,0.110845938324928,林芝市
Tibet,2035,ssp245,doubled,0.110845938324928,昌都市
Tibet,2040,ssp245,doubled,0.109701424837112,那曲市
Tibet,2040,ssp245,doubled,0.109701424837112,山南市
Tibet,2040,ssp245,doubled,0.109701424837112,阿里地区
Tibet,2040,ssp245,doubled,0.109701424837112,日喀则市
Tibet,2040,ssp245,doubled,0.109701424837112,拉萨市
Tibet,2040,ssp245,doubled,0.109701424837112,林芝市
Tibet,2040,ssp245,doubled,0.109701424837112,昌都市
Tibet,2045,ssp245,doubled,0.0980535745620728,那曲市
Tibet,2045,ssp245,doubled,0.0980535745620728,山南市
Tibet,2045,ssp245,doubled,0.0980535745620728,阿里地区
Tibet,2045,ssp245,doubled,0.0980535745620728,日喀则市
Tibet,2045,ssp245,doubled,0.0980535745620728,拉萨市
Tibet,2045,ssp245,doubled,0.0980535745620728,林芝市
Tibet,2045,ssp245,doubled,0.0980535745620728,昌都市
Tibet,2050,ssp245,doubled,0.169127985835075,那曲市
Tibet,2050,ssp245,doubled,0.169127985835075,山南市
Tibet,2050,ssp245,doubled,0.169127985835075,阿里地区
Tibet,2050,ssp245,doubled,0.169127985835075,日喀则市
Tibet,2050,ssp245,doubled,0.169127985835075,拉萨市
Tibet,2050,ssp245,doubled,0.169127985835075,林芝市
Tibet,2050,ssp245,doubled,0.169127985835075,昌都市
Tibet,2030,ssp585,doubled,0.109701424837112,那曲市
Tibet,2030,ssp585,doubled,0.109701424837112,山南市
Tibet,2030,ssp585,doubled,0.109701424837112,阿里地区
Tibet,2030,ssp585,doubled,0.109701424837112,日喀则市
Tibet,2030,ssp585,doubled,0.109701424837112,拉萨市
Tibet,2030,ssp585,doubled,0.109701424837112,林芝市
Tibet,2030,ssp585,doubled,0.109701424837112,昌都市
Tibet,2035,ssp585,doubled,0.12164993584156,那曲市
Tibet,2035,ssp585,doubled,0.12164993584156,山南市
Tibet,2035,ssp585,doubled,0.12164993584156,阿里地区
Tibet,2035,ssp585,doubled,0.12164993584156,日喀则市
Tibet,2035,ssp585,doubled,0.12164993584156,拉萨市
Tibet,2035,ssp585,doubled,0.12164993584156,林芝市
Tibet,2035,ssp585,doubled,0.12164993584156,昌都市
Tibet,2040,ssp585,doubled,0.0626239776611328,那曲市
Tibet,2040,ssp585,doubled,0.0626239776611328,山南市
Tibet,2040,ssp585,doubled,0.0626239776611328,阿里地区
Tibet,2040,ssp585,doubled,0.0626239776611328,日喀则市
Tibet,2040,ssp585,doubled,0.0626239776611328,拉萨市
Tibet,2040,ssp585,doubled,0.0626239776611328,林芝市
Tibet,2040,ssp585,doubled,0.0626239776611328,昌都市
Tibet,2045,ssp585,doubled,0.118894688785076,那曲市
Tibet,2045,ssp585,doubled,0.118894688785076,山南市
Tibet,2045,ssp585,doubled,0.118894688785076,阿里地区
Tibet,2045,ssp585,doubled,0.118894688785076,日喀则市
Tibet,2045,ssp585,doubled,0.118894688785076,拉萨市
Tibet,2045,ssp585,doubled,0.118894688785076,林芝市
Tibet,2045,ssp585,doubled,0.118894688785076,昌都市
Tibet,2050,ssp585,doubled,0.0602554939687252,那曲市
Tibet,2050,ssp585,doubled,0.0602554939687252,山南市
Tibet,2050,ssp585,doubled,0.0602554939687252,阿里地区
Tibet,2050,ssp585,doubled,0.0602554939687252,日喀则市
Tibet,2050,ssp585,doubled,0.0602554939687252,拉萨市
Tibet,2050,ssp585,doubled,0.0602554939687252,林芝市
Tibet,2050,ssp585,doubled,0.0602554939687252,昌都市
Xinjiang,2030,current,baseline,0.320551455020905,阿克苏地区
Xinjiang,2030,current,baseline,0.320551455020905,博尔塔拉蒙古自治州
Xinjiang,2030,current,baseline,0.320551455020905,吐鲁番市
Xinjiang,2030,current,baseline,0.320551455020905,巴音郭楞蒙古自治州
Xinjiang,2030,current,baseline,0.320551455020905,哈密市
Xinjiang,2030,current,baseline,0.320551455020905,胡杨河市
Xinjiang,2030,current,baseline,0.320551455020905,白杨市
Xinjiang,2030,current,baseline,0.320551455020905,新星市
Xinjiang,2030,current,baseline,0.320551455020905,克拉玛依市
Xinjiang,2030,current,baseline,0.320551455020905,昆玉市
Xinjiang,2030,current,baseline,0.320551455020905,可克达拉市
Xinjiang,2030,current,baseline,0.320551455020905,图木舒克市
Xinjiang,2030,current,baseline,0.320551455020905,阿拉尔市
Xinjiang,2030,current,baseline,0.320551455020905,石河子市
Xinjiang,2030,current,baseline,0.320551455020905,双河市
Xinjiang,2030,current,baseline,0.320551455020905,铁门关市
Xinjiang,2030,current,baseline,0.320551455020905,北屯市
Xinjiang,2030,current,baseline,0.320551455020905,五家渠市
Xinjiang,2030,current,baseline,0.320551455020905,昌吉回族自治州
Xinjiang,2030,current,baseline,0.320551455020905,乌鲁木齐市
Xinjiang,2030,current,baseline,0.320551455020905,和田地区
Xinjiang,2030,current,baseline,0.320551455020905,克孜勒苏柯尔克孜自治州
Xinjiang,2030,current,baseline,0.320551455020905,塔城地区
Xinjiang,2030,current,baseline,0.320551455020905,喀什地区
Xinjiang,2030,current,baseline,0.320551455020905,阿勒泰地区
Xinjiang,2030,current,baseline,0.320551455020905,伊犁哈萨克自治州
Xinjiang,2035,current,baseline,0.320551455020905,阿克苏地区
Xinjiang,2035,current,baseline,0.320551455020905,博尔塔拉蒙古自治州
Xinjiang,2035,current,baseline,0.320551455020905,吐鲁番市
Xinjiang,2035,current,baseline,0.320551455020905,巴音郭楞蒙古自治州
Xinjiang,2035,current,baseline,0.320551455020905,哈密市
Xinjiang,2035,current,baseline,0.320551455020905,胡杨河市
Xinjiang,2035,current,baseline,0.320551455020905,白杨市
Xinjiang,2035,current,baseline,0.320551455020905,新星市
Xinjiang,2035,current,baseline,0.320551455020905,克拉玛依市
Xinjiang,2035,current,baseline,0.320551455020905,昆玉市
Xinjiang,2035,current,baseline,0.320551455020905,可克达拉市
Xinjiang,2035,current,baseline,0.320551455020905,图木舒克市
Xinjiang,2035,current,baseline,0.320551455020905,阿拉尔市
Xinjiang,2035,current,baseline,0.320551455020905,石河子市
Xinjiang,2035,current,baseline,0.320551455020905,双河市
Xinjiang,2035,current,baseline,0.320551455020905,铁门关市
Xinjiang,2035,current,baseline,0.320551455020905,北屯市
Xinjiang,2035,current,baseline,0.320551455020905,五家渠市
Xinjiang,2035,current,baseline,0.320551455020905,昌吉回族自治州
Xinjiang,2035,current,baseline,0.320551455020905,乌鲁木齐市
Xinjiang,2035,current,baseline,0.320551455020905,和田地区
Xinjiang,2035,current,baseline,0.320551455020905,克孜勒苏柯尔克孜自治州
Xinjiang,2035,current,baseline,0.320551455020905,塔城地区
Xinjiang,2035,current,baseline,0.320551455020905,喀什地区
Xinjiang,2035,current,baseline,0.320551455020905,阿勒泰地区
Xinjiang,2035,current,baseline,0.320551455020905,伊犁哈萨克自治州
Xinjiang,2040,current,baseline,0.320551455020905,阿克苏地区
Xinjiang,2040,current,baseline,0.320551455020905,博尔塔拉蒙古自治州
Xinjiang,2040,current,baseline,0.320551455020905,吐鲁番市
Xinjiang,2040,current,baseline,0.320551455020905,巴音郭楞蒙古自治州
Xinjiang,2040,current,baseline,0.320551455020905,哈密市
Xinjiang,2040,current,baseline,0.320551455020905,胡杨河市
Xinjiang,2040,current,baseline,0.320551455020905,白杨市
Xinjiang,2040,current,baseline,0.320551455020905,新星市
Xinjiang,2040,current,baseline,0.320551455020905,克拉玛依市
Xinjiang,2040,current,baseline,0.320551455020905,昆玉市
Xinjiang,2040,current,baseline,0.320551455020905,可克达拉市
Xinjiang,2040,current,baseline,0.320551455020905,图木舒克市
Xinjiang,2040,current,baseline,0.320551455020905,阿拉尔市
Xinjiang,2040,current,baseline,0.320551455020905,石河子市
Xinjiang,2040,current,baseline,0.320551455020905,双河市
Xinjiang,2040,current,baseline,0.320551455020905,铁门关市
Xinjiang,2040,current,baseline,0.320551455020905,北屯市
Xinjiang,2040,current,baseline,0.320551455020905,五家渠市
Xinjiang,2040,current,baseline,0.320551455020905,昌吉回族自治州
Xinjiang,2040,current,baseline,0.320551455020905,乌鲁木齐市
Xinjiang,2040,current,baseline,0.320551455020905,和田地区
Xinjiang,2040,current,baseline,0.320551455020905,克孜勒苏柯尔克孜自治州
Xinjiang,2040,current,baseline,0.320551455020905,塔城地区
Xinjiang,2040,current,baseline,0.320551455020905,喀什地区
Xinjiang,2040,current,baseline,0.320551455020905,阿勒泰地区
Xinjiang,2040,current,baseline,0.320551455020905,伊犁哈萨克自治州
Xinjiang,2045,current,baseline,0.320551455020905,阿克苏地区
Xinjiang,2045,current,baseline,0.320551455020905,博尔塔拉蒙古自治州
Xinjiang,2045,current,baseline,0.320551455020905,吐鲁番市
Xinjiang,2045,current,baseline,0.320551455020905,巴音郭楞蒙古自治州
Xinjiang,2045,current,baseline,0.320551455020905,哈密市
Xinjiang,2045,current,baseline,0.320551455020905,胡杨河市
Xinjiang,2045,current,baseline,0.320551455020905,白杨市
Xinjiang,2045,current,baseline,0.320551455020905,新星市
Xinjiang,2045,current,baseline,0.320551455020905,克拉玛依市
Xinjiang,2045,current,baseline,0.320551455020905,昆玉市
Xinjiang,2045,current,baseline,0.320551455020905,可克达拉市
Xinjiang,2045,current,baseline,0.320551455020905,图木舒克市
Xinjiang,2045,current,baseline,0.320551455020905,阿拉尔市
Xinjiang,2045,current,baseline,0.320551455020905,石河子市
Xinjiang,2045,current,baseline,0.320551455020905,双河市
Xinjiang,2045,current,baseline,0.320551455020905,铁门关市
Xinjiang,2045,current,baseline,0.320551455020905,北屯市
Xinjiang,2045,current,baseline,0.320551455020905,五家渠市
Xinjiang,2045,current,baseline,0.320551455020905,昌吉回族自治州
Xinjiang,2045,current,baseline,0.320551455020905,乌鲁木齐市
Xinjiang,2045,current,baseline,0.320551455020905,和田地区
Xinjiang,2045,current,baseline,0.320551455020905,克孜勒苏柯尔克孜自治州
Xinjiang,2045,current,baseline,0.320551455020905,塔城地区
Xinjiang,2045,current,baseline,0.320551455020905,喀什地区
Xinjiang,2045,current,baseline,0.320551455020905,阿勒泰地区
Xinjiang,2045,current,baseline,0.320551455020905,伊犁哈萨克自治州
Xinjiang,2050,current,baseline,0.320551455020905,阿克苏地区
Xinjiang,2050,current,baseline,0.320551455020905,博尔塔拉蒙古自治州
Xinjiang,2050,current,baseline,0.320551455020905,吐鲁番市
Xinjiang,2050,current,baseline,0.320551455020905,巴音郭楞蒙古自治州
Xinjiang,2050,current,baseline,0.320551455020905,哈密市
Xinjiang,2050,current,baseline,0.320551455020905,胡杨河市
Xinjiang,2050,current,baseline,0.320551455020905,白杨市
Xinjiang,2050,current,baseline,0.320551455020905,新星市
Xinjiang,2050,current,baseline,0.320551455020905,克拉玛依市
Xinjiang,2050,current,baseline,0.320551455020905,昆玉市
Xinjiang,2050,current,baseline,0.320551455020905,可克达拉市
Xinjiang,2050,current,baseline,0.320551455020905,图木舒克市
Xinjiang,2050,current,baseline,0.320551455020905,阿拉尔市
Xinjiang,2050,current,baseline,0.320551455020905,石河子市
Xinjiang,2050,current,baseline,0.320551455020905,双河市
Xinjiang,2050,current,baseline,0.320551455020905,铁门关市
Xinjiang,2050,current,baseline,0.320551455020905,北屯市
Xinjiang,2050,current,baseline,0.320551455020905,五家渠市
Xinjiang,2050,current,baseline,0.320551455020905,昌吉回族自治州
Xinjiang,2050,current,baseline,0.320551455020905,乌鲁木齐市
Xinjiang,2050,current,baseline,0.320551455020905,和田地区
Xinjiang,2050,current,baseline,0.320551455020905,克孜勒苏柯尔克孜自治州
Xinjiang,2050,current,baseline,0.320551455020905,塔城地区
Xinjiang,2050,current,baseline,0.320551455020905,喀什地区
Xinjiang,2050,current,baseline,0.320551455020905,阿勒泰地区
Xinjiang,2050,current,baseline,0.320551455020905,伊犁哈萨克自治州
Xinjiang,2030,ssp245,baseline,0.150270789861679,阿克苏地区
Xinjiang,2030,ssp245,baseline,0.150270789861679,博尔塔拉蒙古自治州
Xinjiang,2030,ssp245,baseline,0.150270789861679,吐鲁番市
Xinjiang,2030,ssp245,baseline,0.150270789861679,巴音郭楞蒙古自治州
Xinjiang,2030,ssp245,baseline,0.150270789861679,哈密市
Xinjiang,2030,ssp245,baseline,0.150270789861679,胡杨河市
Xinjiang,2030,ssp245,baseline,0.150270789861679,白杨市
Xinjiang,2030,ssp245,baseline,0.150270789861679,新星市
Xinjiang,2030,ssp245,baseline,0.150270789861679,克拉玛依市
Xinjiang,2030,ssp245,baseline,0.150270789861679,昆玉市
Xinjiang,2030,ssp245,baseline,0.150270789861679,可克达拉市
Xinjiang,2030,ssp245,baseline,0.150270789861679,图木舒克市
Xinjiang,2030,ssp245,baseline,0.150270789861679,阿拉尔市
Xinjiang,2030,ssp245,baseline,0.150270789861679,石河子市
Xinjiang,2030,ssp245,baseline,0.150270789861679,双河市
Xinjiang,2030,ssp245,baseline,0.150270789861679,铁门关市
Xinjiang,2030,ssp245,baseline,0.150270789861679,北屯市
Xinjiang,2030,ssp245,baseline,0.150270789861679,五家渠市
Xinjiang,2030,ssp245,baseline,0.150270789861679,昌吉回族自治州
Xinjiang,2030,ssp245,baseline,0.150270789861679,乌鲁木齐市
Xinjiang,2030,ssp245,baseline,0.150270789861679,和田地区
Xinjiang,2030,ssp245,baseline,0.150270789861679,克孜勒苏柯尔克孜自治州
Xinjiang,2030,ssp245,baseline,0.150270789861679,塔城地区
Xinjiang,2030,ssp245,baseline,0.150270789861679,喀什地区
Xinjiang,2030,ssp245,baseline,0.150270789861679,阿勒泰地区
Xinjiang,2030,ssp245,baseline,0.150270789861679,伊犁哈萨克自治州
Xinjiang,2035,ssp245,baseline,0.113932333886623,阿克苏地区
Xinjiang,2035,ssp245,baseline,0.113932333886623,博尔塔拉蒙古自治州
Xinjiang,2035,ssp245,baseline,0.113932333886623,吐鲁番市
Xinjiang,2035,ssp245,baseline,0.113932333886623,巴音郭楞蒙古自治州
Xinjiang,2035,ssp245,baseline,0.113932333886623,哈密市
Xinjiang,2035,ssp245,baseline,0.113932333886623,胡杨河市
Xinjiang,2035,ssp245,baseline,0.113932333886623,白杨市
Xinjiang,2035,ssp245,baseline,0.113932333886623,新星市
Xinjiang,2035,ssp245,baseline,0.113932333886623,克拉玛依市
Xinjiang,2035,ssp245,baseline,0.113932333886623,昆玉市
Xinjiang,2035,ssp245,baseline,0.113932333886623,可克达拉市
Xinjiang,2035,ssp245,baseline,0.113932333886623,图木舒克市
Xinjiang,2035,ssp245,baseline,0.113932333886623,阿拉尔市
Xinjiang,2035,ssp245,baseline,0.113932333886623,石河子市
Xinjiang,2035,ssp245,baseline,0.113932333886623,双河市
Xinjiang,2035,ssp245,baseline,0.113932333886623,铁门关市
Xinjiang,2035,ssp245,baseline,0.113932333886623,北屯市
Xinjiang,2035,ssp245,baseline,0.113932333886623,五家渠市
Xinjiang,2035,ssp245,baseline,0.113932333886623,昌吉回族自治州
Xinjiang,2035,ssp245,baseline,0.113932333886623,乌鲁木齐市
Xinjiang,2035,ssp245,baseline,0.113932333886623,和田地区
Xinjiang,2035,ssp245,baseline,0.113932333886623,克孜勒苏柯尔克孜自治州
Xinjiang,2035,ssp245,baseline,0.113932333886623,塔城地区
Xinjiang,2035,ssp245,baseline,0.113932333886623,喀什地区
Xinjiang,2035,ssp245,baseline,0.113932333886623,阿勒泰地区
Xinjiang,2035,ssp245,baseline,0.113932333886623,伊犁哈萨克自治州
Xinjiang,2040,ssp245,baseline,0.126072615385056,阿克苏地区
Xinjiang,2040,ssp245,baseline,0.126072615385056,博尔塔拉蒙古自治州
Xinjiang,2040,ssp245,baseline,0.126072615385056,吐鲁番市
Xinjiang,2040,ssp245,baseline,0.126072615385056,巴音郭楞蒙古自治州
Xinjiang,2040,ssp245,baseline,0.126072615385056,哈密市
Xinjiang,2040,ssp245,baseline,0.126072615385056,胡杨河市
Xinjiang,2040,ssp245,baseline,0.126072615385056,白杨市
Xinjiang,2040,ssp245,baseline,0.126072615385056,新星市
Xinjiang,2040,ssp245,baseline,0.126072615385056,克拉玛依市
Xinjiang,2040,ssp245,baseline,0.126072615385056,昆玉市
Xinjiang,2040,ssp245,baseline,0.126072615385056,可克达拉市
Xinjiang,2040,ssp245,baseline,0.126072615385056,图木舒克市
Xinjiang,2040,ssp245,baseline,0.126072615385056,阿拉尔市
Xinjiang,2040,ssp245,baseline,0.126072615385056,石河子市
Xinjiang,2040,ssp245,baseline,0.126072615385056,双河市
Xinjiang,2040,ssp245,baseline,0.126072615385056,铁门关市
Xinjiang,2040,ssp245,baseline,0.126072615385056,北屯市
Xinjiang,2040,ssp245,baseline,0.126072615385056,五家渠市
Xinjiang,2040,ssp245,baseline,0.126072615385056,昌吉回族自治州
Xinjiang,2040,ssp245,baseline,0.126072615385056,乌鲁木齐市
Xinjiang,2040,ssp245,baseline,0.126072615385056,和田地区
Xinjiang,2040,ssp245,baseline,0.126072615385056,克孜勒苏柯尔克孜自治州
Xinjiang,2040,ssp245,baseline,0.126072615385056,塔城地区
Xinjiang,2040,ssp245,baseline,0.126072615385056,喀什地区
Xinjiang,2040,ssp245,baseline,0.126072615385056,阿勒泰地区
Xinjiang,2040,ssp245,baseline,0.126072615385056,伊犁哈萨克自治州
Xinjiang,2045,ssp245,baseline,0.129147216677666,阿克苏地区
Xinjiang,2045,ssp245,baseline,0.129147216677666,博尔塔拉蒙古自治州
Xinjiang,2045,ssp245,baseline,0.129147216677666,吐鲁番市
Xinjiang,2045,ssp245,baseline,0.129147216677666,巴音郭楞蒙古自治州
Xinjiang,2045,ssp245,baseline,0.129147216677666,哈密市
Xinjiang,2045,ssp245,baseline,0.129147216677666,胡杨河市
Xinjiang,2045,ssp245,baseline,0.129147216677666,白杨市
Xinjiang,2045,ssp245,baseline,0.129147216677666,新星市
Xinjiang,2045,ssp245,baseline,0.129147216677666,克拉玛依市
Xinjiang,2045,ssp245,baseline,0.129147216677666,昆玉市
Xinjiang,2045,ssp245,baseline,0.129147216677666,可克达拉市
Xinjiang,2045,ssp245,baseline,0.129147216677666,图木舒克市
Xinjiang,2045,ssp245,baseline,0.129147216677666,阿拉尔市
Xinjiang,2045,ssp245,baseline,0.129147216677666,石河子市
Xinjiang,2045,ssp245,baseline,0.129147216677666,双河市
Xinjiang,2045,ssp245,baseline,0.129147216677666,铁门关市
Xinjiang,2045,ssp245,baseline,0.129147216677666,北屯市
Xinjiang,2045,ssp245,baseline,0.129147216677666,五家渠市
Xinjiang,2045,ssp245,baseline,0.129147216677666,昌吉回族自治州
Xinjiang,2045,ssp245,baseline,0.129147216677666,乌鲁木齐市
Xinjiang,2045,ssp245,baseline,0.129147216677666,和田地区
Xinjiang,2045,ssp245,baseline,0.129147216677666,克孜勒苏柯尔克孜自治州
Xinjiang,2045,ssp245,baseline,0.129147216677666,塔城地区
Xinjiang,2045,ssp245,baseline,0.129147216677666,喀什地区
Xinjiang,2045,ssp245,baseline,0.129147216677666,阿勒泰地区
Xinjiang,2045,ssp245,baseline,0.129147216677666,伊犁哈萨克自治州
Xinjiang,2050,ssp245,baseline,0.296508461236954,阿克苏地区
Xinjiang,2050,ssp245,baseline,0.296508461236954,博尔塔拉蒙古自治州
Xinjiang,2050,ssp245,baseline,0.296508461236954,吐鲁番市
Xinjiang,2050,ssp245,baseline,0.296508461236954,巴音郭楞蒙古自治州
Xinjiang,2050,ssp245,baseline,0.296508461236954,哈密市
Xinjiang,2050,ssp245,baseline,0.296508461236954,胡杨河市
Xinjiang,2050,ssp245,baseline,0.296508461236954,白杨市
Xinjiang,2050,ssp245,baseline,0.296508461236954,新星市
Xinjiang,2050,ssp245,baseline,0.296508461236954,克拉玛依市
Xinjiang,2050,ssp245,baseline,0.296508461236954,昆玉市
Xinjiang,2050,ssp245,baseline,0.296508461236954,可克达拉市
Xinjiang,2050,ssp245,baseline,0.296508461236954,图木舒克市
Xinjiang,2050,ssp245,baseline,0.296508461236954,阿拉尔市
Xinjiang,2050,ssp245,baseline,0.296508461236954,石河子市
Xinjiang,2050,ssp245,baseline,0.296508461236954,双河市
Xinjiang,2050,ssp245,baseline,0.296508461236954,铁门关市
Xinjiang,2050,ssp245,baseline,0.296508461236954,北屯市
Xinjiang,2050,ssp245,baseline,0.296508461236954,五家渠市
Xinjiang,2050,ssp245,baseline,0.296508461236954,昌吉回族自治州
Xinjiang,2050,ssp245,baseline,0.296508461236954,乌鲁木齐市
Xinjiang,2050,ssp245,baseline,0.296508461236954,和田地区
Xinjiang,2050,ssp245,baseline,0.296508461236954,克孜勒苏柯尔克孜自治州
Xinjiang,2050,ssp245,baseline,0.296508461236954,塔城地区
Xinjiang,2050,ssp245,baseline,0.296508461236954,喀什地区
Xinjiang,2050,ssp245,baseline,0.296508461236954,阿勒泰地区
Xinjiang,2050,ssp245,baseline,0.296508461236954,伊犁哈萨克自治州
Xinjiang,2030,ssp585,baseline,0.126072615385056,阿克苏地区
Xinjiang,2030,ssp585,baseline,0.126072615385056,博尔塔拉蒙古自治州
Xinjiang,2030,ssp585,baseline,0.126072615385056,吐鲁番市
Xinjiang,2030,ssp585,baseline,0.126072615385056,巴音郭楞蒙古自治州
Xinjiang,2030,ssp585,baseline,0.126072615385056,哈密市
Xinjiang,2030,ssp585,baseline,0.126072615385056,胡杨河市
Xinjiang,2030,ssp585,baseline,0.126072615385056,白杨市
Xinjiang,2030,ssp585,baseline,0.126072615385056,新星市
Xinjiang,2030,ssp585,baseline,0.126072615385056,克拉玛依市
Xinjiang,2030,ssp585,baseline,0.126072615385056,昆玉市
Xinjiang,2030,ssp585,baseline,0.126072615385056,可克达拉市
Xinjiang,2030,ssp585,baseline,0.126072615385056,图木舒克市
Xinjiang,2030,ssp585,baseline,0.126072615385056,阿拉尔市
Xinjiang,2030,ssp585,baseline,0.126072615385056,石河子市
Xinjiang,2030,ssp585,baseline,0.126072615385056,双河市
Xinjiang,2030,ssp585,baseline,0.126072615385056,铁门关市
Xinjiang,2030,ssp585,baseline,0.126072615385056,北屯市
Xinjiang,2030,ssp585,baseline,0.126072615385056,五家渠市
Xinjiang,2030,ssp585,baseline,0.126072615385056,昌吉回族自治州
Xinjiang,2030,ssp585,baseline,0.126072615385056,乌鲁木齐市
Xinjiang,2030,ssp585,baseline,0.126072615385056,和田地区
Xinjiang,2030,ssp585,baseline,0.126072615385056,克孜勒苏柯尔克孜自治州
Xinjiang,2030,ssp585,baseline,0.126072615385056,塔城地区
Xinjiang,2030,ssp585,baseline,0.126072615385056,喀什地区
Xinjiang,2030,ssp585,baseline,0.126072615385056,阿勒泰地区
Xinjiang,2030,ssp585,baseline,0.126072615385056,伊犁哈萨克自治州
Xinjiang,2035,ssp585,baseline,0.211583182215691,阿克苏地区
Xinjiang,2035,ssp585,baseline,0.211583182215691,博尔塔拉蒙古自治州
Xinjiang,2035,ssp585,baseline,0.211583182215691,吐鲁番市
Xinjiang,2035,ssp585,baseline,0.211583182215691,巴音郭楞蒙古自治州
Xinjiang,2035,ssp585,baseline,0.211583182215691,哈密市
Xinjiang,2035,ssp585,baseline,0.211583182215691,胡杨河市
Xinjiang,2035,ssp585,baseline,0.211583182215691,白杨市
Xinjiang,2035,ssp585,baseline,0.211583182215691,新星市
Xinjiang,2035,ssp585,baseline,0.211583182215691,克拉玛依市
Xinjiang,2035,ssp585,baseline,0.211583182215691,昆玉市
Xinjiang,2035,ssp585,baseline,0.211583182215691,可克达拉市
Xinjiang,2035,ssp585,baseline,0.211583182215691,图木舒克市
Xinjiang,2035,ssp585,baseline,0.211583182215691,阿拉尔市
Xinjiang,2035,ssp585,baseline,0.211583182215691,石河子市
Xinjiang,2035,ssp585,baseline,0.211583182215691,双河市
Xinjiang,2035,ssp585,baseline,0.211583182215691,铁门关市
Xinjiang,2035,ssp585,baseline,0.211583182215691,北屯市
Xinjiang,2035,ssp585,baseline,0.211583182215691,五家渠市
Xinjiang,2035,ssp585,baseline,0.211583182215691,昌吉回族自治州
Xinjiang,2035,ssp585,baseline,0.211583182215691,乌鲁木齐市
Xinjiang,2035,ssp585,baseline,0.211583182215691,和田地区
Xinjiang,2035,ssp585,baseline,0.211583182215691,克孜勒苏柯尔克孜自治州
Xinjiang,2035,ssp585,baseline,0.211583182215691,塔城地区
Xinjiang,2035,ssp585,baseline,0.211583182215691,喀什地区
Xinjiang,2035,ssp585,baseline,0.211583182215691,阿勒泰地区
Xinjiang,2035,ssp585,baseline,0.211583182215691,伊犁哈萨克自治州
Xinjiang,2040,ssp585,baseline,0.0739172995090485,阿克苏地区
Xinjiang,2040,ssp585,baseline,0.0739172995090485,博尔塔拉蒙古自治州
Xinjiang,2040,ssp585,baseline,0.0739172995090485,吐鲁番市
Xinjiang,2040,ssp585,baseline,0.0739172995090485,巴音郭楞蒙古自治州
Xinjiang,2040,ssp585,baseline,0.0739172995090485,哈密市
Xinjiang,2040,ssp585,baseline,0.0739172995090485,胡杨河市
Xinjiang,2040,ssp585,baseline,0.0739172995090485,白杨市
Xinjiang,2040,ssp585,baseline,0.0739172995090485,新星市
Xinjiang,2040,ssp585,baseline,0.0739172995090485,克拉玛依市
Xinjiang,2040,ssp585,baseline,0.0739172995090485,昆玉市
Xinjiang,2040,ssp585,baseline,0.0739172995090485,可克达拉市
Xinjiang,2040,ssp585,baseline,0.0739172995090485,图木舒克市
Xinjiang,2040,ssp585,baseline,0.0739172995090485,阿拉尔市
Xinjiang,2040,ssp585,baseline,0.0739172995090485,石河子市
Xinjiang,2040,ssp585,baseline,0.0739172995090485,双河市
Xinjiang,2040,ssp585,baseline,0.0739172995090485,铁门关市
Xinjiang,2040,ssp585,baseline,0.0739172995090485,北屯市
Xinjiang,2040,ssp585,baseline,0.0739172995090485,五家渠市
Xinjiang,2040,ssp585,baseline,0.0739172995090485,昌吉回族自治州
Xinjiang,2040,ssp585,baseline,0.0739172995090485,乌鲁木齐市
Xinjiang,2040,ssp585,baseline,0.0739172995090485,和田地区
Xinjiang,2040,ssp585,baseline,0.0739172995090485,克孜勒苏柯尔克孜自治州
Xinjiang,2040,ssp585,baseline,0.0739172995090485,塔城地区
Xinjiang,2040,ssp585,baseline,0.0739172995090485,喀什地区
Xinjiang,2040,ssp585,baseline,0.0739172995090485,阿勒泰地区
Xinjiang,2040,ssp585,baseline,0.0739172995090485,伊犁哈萨克自治州
Xinjiang,2045,ssp585,baseline,0.060943778604269,阿克苏地区
Xinjiang,2045,ssp585,baseline,0.060943778604269,博尔塔拉蒙古自治州
Xinjiang,2045,ssp585,baseline,0.060943778604269,吐鲁番市
Xinjiang,2045,ssp585,baseline,0.060943778604269,巴音郭楞蒙古自治州
Xinjiang,2045,ssp585,baseline,0.060943778604269,哈密市
Xinjiang,2045,ssp585,baseline,0.060943778604269,胡杨河市
Xinjiang,2045,ssp585,baseline,0.060943778604269,白杨市
Xinjiang,2045,ssp585,baseline,0.060943778604269,新星市
Xinjiang,2045,ssp585,baseline,0.060943778604269,克拉玛依市
Xinjiang,2045,ssp585,baseline,0.060943778604269,昆玉市
Xinjiang,2045,ssp585,baseline,0.060943778604269,可克达拉市
Xinjiang,2045,ssp585,baseline,0.060943778604269,图木舒克市
Xinjiang,2045,ssp585,baseline,0.060943778604269,阿拉尔市
Xinjiang,2045,ssp585,baseline,0.060943778604269,石河子市
Xinjiang,2045,ssp585,baseline,0.060943778604269,双河市
Xinjiang,2045,ssp585,baseline,0.060943778604269,铁门关市
Xinjiang,2045,ssp585,baseline,0.060943778604269,北屯市
Xinjiang,2045,ssp585,baseline,0.060943778604269,五家渠市
Xinjiang,2045,ssp585,baseline,0.060943778604269,昌吉回族自治州
Xinjiang,2045,ssp585,baseline,0.060943778604269,乌鲁木齐市
Xinjiang,2045,ssp585,baseline,0.060943778604269,和田地区
Xinjiang,2045,ssp585,baseline,0.060943778604269,克孜勒苏柯尔克孜自治州
Xinjiang,2045,ssp585,baseline,0.060943778604269,塔城地区
Xinjiang,2045,ssp585,baseline,0.060943778604269,喀什地区
Xinjiang,2045,ssp585,baseline,0.060943778604269,阿勒泰地区
Xinjiang,2045,ssp585,baseline,0.060943778604269,伊犁哈萨克自治州
Xinjiang,2050,ssp585,baseline,0.0782831385731697,阿克苏地区
Xinjiang,2050,ssp585,baseline,0.0782831385731697,博尔塔拉蒙古自治州
Xinjiang,2050,ssp585,baseline,0.0782831385731697,吐鲁番市
Xinjiang,2050,ssp585,baseline,0.0782831385731697,巴音郭楞蒙古自治州
Xinjiang,2050,ssp585,baseline,0.0782831385731697,哈密市
Xinjiang,2050,ssp585,baseline,0.0782831385731697,胡杨河市
Xinjiang,2050,ssp585,baseline,0.0782831385731697,白杨市
Xinjiang,2050,ssp585,baseline,0.0782831385731697,新星市
Xinjiang,2050,ssp585,baseline,0.0782831385731697,克拉玛依市
Xinjiang,2050,ssp585,baseline,0.0782831385731697,昆玉市
Xinjiang,2050,ssp585,baseline,0.0782831385731697,可克达拉市
Xinjiang,2050,ssp585,baseline,0.0782831385731697,图木舒克市
Xinjiang,2050,ssp585,baseline,0.0782831385731697,阿拉尔市
Xinjiang,2050,ssp585,baseline,0.0782831385731697,石河子市
Xinjiang,2050,ssp585,baseline,0.0782831385731697,双河市
Xinjiang,2050,ssp585,baseline,0.0782831385731697,铁门关市
Xinjiang,2050,ssp585,baseline,0.0782831385731697,北屯市
Xinjiang,2050,ssp585,baseline,0.0782831385731697,五家渠市
Xinjiang,2050,ssp585,baseline,0.0782831385731697,昌吉回族自治州
Xinjiang,2050,ssp585,baseline,0.0782831385731697,乌鲁木齐市
Xinjiang,2050,ssp585,baseline,0.0782831385731697,和田地区
Xinjiang,2050,ssp585,baseline,0.0782831385731697,克孜勒苏柯尔克孜自治州
Xinjiang,2050,ssp585,baseline,0.0782831385731697,塔城地区
Xinjiang,2050,ssp585,baseline,0.0782831385731697,喀什地区
Xinjiang,2050,ssp585,baseline,0.0782831385731697,阿勒泰地区
Xinjiang,2050,ssp585,baseline,0.0782831385731697,伊犁哈萨克自治州
Xinjiang,2030,current,trend,0.242397740483284,阿克苏地区
Xinjiang,2030,current,trend,0.242397740483284,博尔塔拉蒙古自治州
Xinjiang,2030,current,trend,0.242397740483284,吐鲁番市
Xinjiang,2030,current,trend,0.242397740483284,巴音郭楞蒙古自治州
Xinjiang,2030,current,trend,0.242397740483284,哈密市
Xinjiang,2030,current,trend,0.242397740483284,胡杨河市
Xinjiang,2030,current,trend,0.242397740483284,白杨市
Xinjiang,2030,current,trend,0.242397740483284,新星市
Xinjiang,2030,current,trend,0.242397740483284,克拉玛依市
Xinjiang,2030,current,trend,0.242397740483284,昆玉市
Xinjiang,2030,current,trend,0.242397740483284,可克达拉市
Xinjiang,2030,current,trend,0.242397740483284,图木舒克市
Xinjiang,2030,current,trend,0.242397740483284,阿拉尔市
Xinjiang,2030,current,trend,0.242397740483284,石河子市
Xinjiang,2030,current,trend,0.242397740483284,双河市
Xinjiang,2030,current,trend,0.242397740483284,铁门关市
Xinjiang,2030,current,trend,0.242397740483284,北屯市
Xinjiang,2030,current,trend,0.242397740483284,五家渠市
Xinjiang,2030,current,trend,0.242397740483284,昌吉回族自治州
Xinjiang,2030,current,trend,0.242397740483284,乌鲁木齐市
Xinjiang,2030,current,trend,0.242397740483284,和田地区
Xinjiang,2030,current,trend,0.242397740483284,克孜勒苏柯尔克孜自治州
Xinjiang,2030,current,trend,0.242397740483284,塔城地区
Xinjiang,2030,current,trend,0.242397740483284,喀什地区
Xinjiang,2030,current,trend,0.242397740483284,阿勒泰地区
Xinjiang,2030,current,trend,0.242397740483284,伊犁哈萨克自治州
Xinjiang,2035,current,trend,0.206370249390602,阿克苏地区
Xinjiang,2035,current,trend,0.206370249390602,博尔塔拉蒙古自治州
Xinjiang,2035,current,trend,0.206370249390602,吐鲁番市
Xinjiang,2035,current,trend,0.206370249390602,巴音郭楞蒙古自治州
Xinjiang,2035,current,trend,0.206370249390602,哈密市
Xinjiang,2035,current,trend,0.206370249390602,胡杨河市
Xinjiang,2035,current,trend,0.206370249390602,白杨市
Xinjiang,2035,current,trend,0.206370249390602,新星市
Xinjiang,2035,current,trend,0.206370249390602,克拉玛依市
Xinjiang,2035,current,trend,0.206370249390602,昆玉市
Xinjiang,2035,current,trend,0.206370249390602,可克达拉市
Xinjiang,2035,current,trend,0.206370249390602,图木舒克市
Xinjiang,2035,current,trend,0.206370249390602,阿拉尔市
Xinjiang,2035,current,trend,0.206370249390602,石河子市
Xinjiang,2035,current,trend,0.206370249390602,双河市
Xinjiang,2035,current,trend,0.206370249390602,铁门关市
Xinjiang,2035,current,trend,0.206370249390602,北屯市
Xinjiang,2035,current,trend,0.206370249390602,五家渠市
Xinjiang,2035,current,trend,0.206370249390602,昌吉回族自治州
Xinjiang,2035,current,trend,0.206370249390602,乌鲁木齐市
Xinjiang,2035,current,trend,0.206370249390602,和田地区
Xinjiang,2035,current,trend,0.206370249390602,克孜勒苏柯尔克孜自治州
Xinjiang,2035,current,trend,0.206370249390602,塔城地区
Xinjiang,2035,current,trend,0.206370249390602,喀什地区
Xinjiang,2035,current,trend,0.206370249390602,阿勒泰地区
Xinjiang,2035,current,trend,0.206370249390602,伊犁哈萨克自治州
Xinjiang,2040,current,trend,0.205125153064728,阿克苏地区
Xinjiang,2040,current,trend,0.205125153064728,博尔塔拉蒙古自治州
Xinjiang,2040,current,trend,0.205125153064728,吐鲁番市
Xinjiang,2040,current,trend,0.205125153064728,巴音郭楞蒙古自治州
Xinjiang,2040,current,trend,0.205125153064728,哈密市
Xinjiang,2040,current,trend,0.205125153064728,胡杨河市
Xinjiang,2040,current,trend,0.205125153064728,白杨市
Xinjiang,2040,current,trend,0.205125153064728,新星市
Xinjiang,2040,current,trend,0.205125153064728,克拉玛依市
Xinjiang,2040,current,trend,0.205125153064728,昆玉市
Xinjiang,2040,current,trend,0.205125153064728,可克达拉市
Xinjiang,2040,current,trend,0.205125153064728,图木舒克市
Xinjiang,2040,current,trend,0.205125153064728,阿拉尔市
Xinjiang,2040,current,trend,0.205125153064728,石河子市
Xinjiang,2040,current,trend,0.205125153064728,双河市
Xinjiang,2040,current,trend,0.205125153064728,铁门关市
Xinjiang,2040,current,trend,0.205125153064728,北屯市
Xinjiang,2040,current,trend,0.205125153064728,五家渠市
Xinjiang,2040,current,trend,0.205125153064728,昌吉回族自治州
Xinjiang,2040,current,trend,0.205125153064728,乌鲁木齐市
Xinjiang,2040,current,trend,0.205125153064728,和田地区
Xinjiang,2040,current,trend,0.205125153064728,克孜勒苏柯尔克孜自治州
Xinjiang,2040,current,trend,0.205125153064728,塔城地区
Xinjiang,2040,current,trend,0.205125153064728,喀什地区
Xinjiang,2040,current,trend,0.205125153064728,阿勒泰地区
Xinjiang,2040,current,trend,0.205125153064728,伊犁哈萨克自治州
Xinjiang,2045,current,trend,0.207467883825302,阿克苏地区
Xinjiang,2045,current,trend,0.207467883825302,博尔塔拉蒙古自治州
Xinjiang,2045,current,trend,0.207467883825302,吐鲁番市
Xinjiang,2045,current,trend,0.207467883825302,巴音郭楞蒙古自治州
Xinjiang,2045,current,trend,0.207467883825302,哈密市
Xinjiang,2045,current,trend,0.207467883825302,胡杨河市
Xinjiang,2045,current,trend,0.207467883825302,白杨市
Xinjiang,2045,current,trend,0.207467883825302,新星市
Xinjiang,2045,current,trend,0.207467883825302,克拉玛依市
Xinjiang,2045,current,trend,0.207467883825302,昆玉市
Xinjiang,2045,current,trend,0.207467883825302,可克达拉市
Xinjiang,2045,current,trend,0.207467883825302,图木舒克市
Xinjiang,2045,current,trend,0.207467883825302,阿拉尔市
Xinjiang,2045,current,trend,0.207467883825302,石河子市
Xinjiang,2045,current,trend,0.207467883825302,双河市
Xinjiang,2045,current,trend,0.207467883825302,铁门关市
Xinjiang,2045,current,trend,0.207467883825302,北屯市
Xinjiang,2045,current,trend,0.207467883825302,五家渠市
Xinjiang,2045,current,trend,0.207467883825302,昌吉回族自治州
Xinjiang,2045,current,trend,0.207467883825302,乌鲁木齐市
Xinjiang,2045,current,trend,0.207467883825302,和田地区
Xinjiang,2045,current,trend,0.207467883825302,克孜勒苏柯尔克孜自治州
Xinjiang,2045,current,trend,0.207467883825302,塔城地区
Xinjiang,2045,current,trend,0.207467883825302,喀什地区
Xinjiang,2045,current,trend,0.207467883825302,阿勒泰地区
Xinjiang,2045,current,trend,0.207467883825302,伊犁哈萨克自治州
Xinjiang,2050,current,trend,0.263163238763809,阿克苏地区
Xinjiang,2050,current,trend,0.263163238763809,博尔塔拉蒙古自治州
Xinjiang,2050,current,trend,0.263163238763809,吐鲁番市
Xinjiang,2050,current,trend,0.263163238763809,巴音郭楞蒙古自治州
Xinjiang,2050,current,trend,0.263163238763809,哈密市
Xinjiang,2050,current,trend,0.263163238763809,胡杨河市
Xinjiang,2050,current,trend,0.263163238763809,白杨市
Xinjiang,2050,current,trend,0.263163238763809,新星市
Xinjiang,2050,current,trend,0.263163238763809,克拉玛依市
Xinjiang,2050,current,trend,0.263163238763809,昆玉市
Xinjiang,2050,current,trend,0.263163238763809,可克达拉市
Xinjiang,2050,current,trend,0.263163238763809,图木舒克市
Xinjiang,2050,current,trend,0.263163238763809,阿拉尔市
Xinjiang,2050,current,trend,0.263163238763809,石河子市
Xinjiang,2050,current,trend,0.263163238763809,双河市
Xinjiang,2050,current,trend,0.263163238763809,铁门关市
Xinjiang,2050,current,trend,0.263163238763809,北屯市
Xinjiang,2050,current,trend,0.263163238763809,五家渠市
Xinjiang,2050,current,trend,0.263163238763809,昌吉回族自治州
Xinjiang,2050,current,trend,0.263163238763809,乌鲁木齐市
Xinjiang,2050,current,trend,0.263163238763809,和田地区
Xinjiang,2050,current,trend,0.263163238763809,克孜勒苏柯尔克孜自治州
Xinjiang,2050,current,trend,0.263163238763809,塔城地区
Xinjiang,2050,current,trend,0.263163238763809,喀什地区
Xinjiang,2050,current,trend,0.263163238763809,阿勒泰地区
Xinjiang,2050,current,trend,0.263163238763809,伊犁哈萨克自治州
Xinjiang,2030,ssp245,trend,0.0409225262701511,阿克苏地区
Xinjiang,2030,ssp245,trend,0.0409225262701511,博尔塔拉蒙古自治州
Xinjiang,2030,ssp245,trend,0.0409225262701511,吐鲁番市
Xinjiang,2030,ssp245,trend,0.0409225262701511,巴音郭楞蒙古自治州
Xinjiang,2030,ssp245,trend,0.0409225262701511,哈密市
Xinjiang,2030,ssp245,trend,0.0409225262701511,胡杨河市
Xinjiang,2030,ssp245,trend,0.0409225262701511,白杨市
Xinjiang,2030,ssp245,trend,0.0409225262701511,新星市
Xinjiang,2030,ssp245,trend,0.0409225262701511,克拉玛依市
Xinjiang,2030,ssp245,trend,0.0409225262701511,昆玉市
Xinjiang,2030,ssp245,trend,0.0409225262701511,可克达拉市
Xinjiang,2030,ssp245,trend,0.0409225262701511,图木舒克市
Xinjiang,2030,ssp245,trend,0.0409225262701511,阿拉尔市
Xinjiang,2030,ssp245,trend,0.0409225262701511,石河子市
Xinjiang,2030,ssp245,trend,0.0409225262701511,双河市
Xinjiang,2030,ssp245,trend,0.0409225262701511,铁门关市
Xinjiang,2030,ssp245,trend,0.0409225262701511,北屯市
Xinjiang,2030,ssp245,trend,0.0409225262701511,五家渠市
Xinjiang,2030,ssp245,trend,0.0409225262701511,昌吉回族自治州
Xinjiang,2030,ssp245,trend,0.0409225262701511,乌鲁木齐市
Xinjiang,2030,ssp245,trend,0.0409225262701511,和田地区
Xinjiang,2030,ssp245,trend,0.0409225262701511,克孜勒苏柯尔克孜自治州
Xinjiang,2030,ssp245,trend,0.0409225262701511,塔城地区
Xinjiang,2030,ssp245,trend,0.0409225262701511,喀什地区
Xinjiang,2030,ssp245,trend,0.0409225262701511,阿勒泰地区
Xinjiang,2030,ssp245,trend,0.0409225262701511,伊犁哈萨克自治州
Xinjiang,2035,ssp245,trend,0.110845938324928,阿克苏地区
Xinjiang,2035,ssp245,trend,0.110845938324928,博尔塔拉蒙古自治州
Xinjiang,2035,ssp245,trend,0.110845938324928,吐鲁番市
Xinjiang,2035,ssp245,trend,0.110845938324928,巴音郭楞蒙古自治州
Xinjiang,2035,ssp245,trend,0.110845938324928,哈密市
Xinjiang,2035,ssp245,trend,0.110845938324928,胡杨河市
Xinjiang,2035,ssp245,trend,0.110845938324928,白杨市
Xinjiang,2035,ssp245,trend,0.110845938324928,新星市
Xinjiang,2035,ssp245,trend,0.110845938324928,克拉玛依市
Xinjiang,2035,ssp245,trend,0.110845938324928,昆玉市
Xinjiang,2035,ssp245,trend,0.110845938324928,可克达拉市
Xinjiang,2035,ssp245,trend,0.110845938324928,图木舒克市
Xinjiang,2035,ssp245,trend,0.110845938324928,阿拉尔市
Xinjiang,2035,ssp245,trend,0.110845938324928,石河子市
Xinjiang,2035,ssp245,trend,0.110845938324928,双河市
Xinjiang,2035,ssp245,trend,0.110845938324928,铁门关市
Xinjiang,2035,ssp245,trend,0.110845938324928,北屯市
Xinjiang,2035,ssp245,trend,0.110845938324928,五家渠市
Xinjiang,2035,ssp245,trend,0.110845938324928,昌吉回族自治州
Xinjiang,2035,ssp245,trend,0.110845938324928,乌鲁木齐市
Xinjiang,2035,ssp245,trend,0.110845938324928,和田地区
Xinjiang,2035,ssp245,trend,0.110845938324928,克孜勒苏柯尔克孜自治州
Xinjiang,2035,ssp245,trend,0.110845938324928,塔城地区
Xinjiang,2035,ssp245,trend,0.110845938324928,喀什地区
Xinjiang,2035,ssp245,trend,0.110845938324928,阿勒泰地区
Xinjiang,2035,ssp245,trend,0.110845938324928,伊犁哈萨克自治州
Xinjiang,2040,ssp245,trend,0.0783998519182205,阿克苏地区
Xinjiang,2040,ssp245,trend,0.0783998519182205,博尔塔拉蒙古自治州
Xinjiang,2040,ssp245,trend,0.0783998519182205,吐鲁番市
Xinjiang,2040,ssp245,trend,0.0783998519182205,巴音郭楞蒙古自治州
Xinjiang,2040,ssp245,trend,0.0783998519182205,哈密市
Xinjiang,2040,ssp245,trend,0.0783998519182205,胡杨河市
Xinjiang,2040,ssp245,trend,0.0783998519182205,白杨市
Xinjiang,2040,ssp245,trend,0.0783998519182205,新星市
Xinjiang,2040,ssp245,trend,0.0783998519182205,克拉玛依市
Xinjiang,2040,ssp245,trend,0.0783998519182205,昆玉市
Xinjiang,2040,ssp245,trend,0.0783998519182205,可克达拉市
Xinjiang,2040,ssp245,trend,0.0783998519182205,图木舒克市
Xinjiang,2040,ssp245,trend,0.0783998519182205,阿拉尔市
Xinjiang,2040,ssp245,trend,0.0783998519182205,石河子市
Xinjiang,2040,ssp245,trend,0.0783998519182205,双河市
Xinjiang,2040,ssp245,trend,0.0783998519182205,铁门关市
Xinjiang,2040,ssp245,trend,0.0783998519182205,北屯市
Xinjiang,2040,ssp245,trend,0.0783998519182205,五家渠市
Xinjiang,2040,ssp245,trend,0.0783998519182205,昌吉回族自治州
Xinjiang,2040,ssp245,trend,0.0783998519182205,乌鲁木齐市
Xinjiang,2040,ssp245,trend,0.0783998519182205,和田地区
Xinjiang,2040,ssp245,trend,0.0783998519182205,克孜勒苏柯尔克孜自治州
Xinjiang,2040,ssp245,trend,0.0783998519182205,塔城地区
Xinjiang,2040,ssp245,trend,0.0783998519182205,喀什地区
Xinjiang,2040,ssp245,trend,0.0783998519182205,阿勒泰地区
Xinjiang,2040,ssp245,trend,0.0783998519182205,伊犁哈萨克自治州
Xinjiang,2045,ssp245,trend,0.109690636396408,阿克苏地区
Xinjiang,2045,ssp245,trend,0.109690636396408,博尔塔拉蒙古自治州
Xinjiang,2045,ssp245,trend,0.109690636396408,吐鲁番市
Xinjiang,2045,ssp245,trend,0.109690636396408,巴音郭楞蒙古自治州
Xinjiang,2045,ssp245,trend,0.109690636396408,哈密市
Xinjiang,2045,ssp245,trend,0.109690636396408,胡杨河市
Xinjiang,2045,ssp245,trend,0.109690636396408,白杨市
Xinjiang,2045,ssp245,trend,0.109690636396408,新星市
Xinjiang,2045,ssp245,trend,0.109690636396408,克拉玛依市
Xinjiang,2045,ssp245,trend,0.109690636396408,昆玉市
Xinjiang,2045,ssp245,trend,0.109690636396408,可克达拉市
Xinjiang,2045,ssp245,trend,0.109690636396408,图木舒克市
Xinjiang,2045,ssp245,trend,0.109690636396408,阿拉尔市
Xinjiang,2045,ssp245,trend,0.109690636396408,石河子市
Xinjiang,2045,ssp245,trend,0.109690636396408,双河市
Xinjiang,2045,ssp245,trend,0.109690636396408,铁门关市
Xinjiang,2045,ssp245,trend,0.109690636396408,北屯市
Xinjiang,2045,ssp245,trend,0.109690636396408,五家渠市
Xinjiang,2045,ssp245,trend,0.109690636396408,昌吉回族自治州
Xinjiang,2045,ssp245,trend,0.109690636396408,乌鲁木齐市
Xinjiang,2045,ssp245,trend,0.109690636396408,和田地区
Xinjiang,2045,ssp245,trend,0.109690636396408,克孜勒苏柯尔克孜自治州
Xinjiang,2045,ssp245,trend,0.109690636396408,塔城地区
Xinjiang,2045,ssp245,trend,0.109690636396408,喀什地区
Xinjiang,2045,ssp245,trend,0.109690636396408,阿勒泰地区
Xinjiang,2045,ssp245,trend,0.109690636396408,伊犁哈萨克自治州
Xinjiang,2050,ssp245,trend,0.128305286169052,阿克苏地区
Xinjiang,2050,ssp245,trend,0.128305286169052,博尔塔拉蒙古自治州
Xinjiang,2050,ssp245,trend,0.128305286169052,吐鲁番市
Xinjiang,2050,ssp245,trend,0.128305286169052,巴音郭楞蒙古自治州
Xinjiang,2050,ssp245,trend,0.128305286169052,哈密市
Xinjiang,2050,ssp245,trend,0.128305286169052,胡杨河市
Xinjiang,2050,ssp245,trend,0.128305286169052,白杨市
Xinjiang,2050,ssp245,trend,0.128305286169052,新星市
Xinjiang,2050,ssp245,trend,0.128305286169052,克拉玛依市
Xinjiang,2050,ssp245,trend,0.128305286169052,昆玉市
Xinjiang,2050,ssp245,trend,0.128305286169052,可克达拉市
Xinjiang,2050,ssp245,trend,0.128305286169052,图木舒克市
Xinjiang,2050,ssp245,trend,0.128305286169052,阿拉尔市
Xinjiang,2050,ssp245,trend,0.128305286169052,石河子市
Xinjiang,2050,ssp245,trend,0.128305286169052,双河市
Xinjiang,2050,ssp245,trend,0.128305286169052,铁门关市
Xinjiang,2050,ssp245,trend,0.128305286169052,北屯市
Xinjiang,2050,ssp245,trend,0.128305286169052,五家渠市
Xinjiang,2050,ssp245,trend,0.128305286169052,昌吉回族自治州
Xinjiang,2050,ssp245,trend,0.128305286169052,乌鲁木齐市
Xinjiang,2050,ssp245,trend,0.128305286169052,和田地区
Xinjiang,2050,ssp245,trend,0.128305286169052,克孜勒苏柯尔克孜自治州
Xinjiang,2050,ssp245,trend,0.128305286169052,塔城地区
Xinjiang,2050,ssp245,trend,0.128305286169052,喀什地区
Xinjiang,2050,ssp245,trend,0.128305286169052,阿勒泰地区
Xinjiang,2050,ssp245,trend,0.128305286169052,伊犁哈萨克自治州
Xinjiang,2030,ssp585,trend,0.0466732867062092,阿克苏地区
Xinjiang,2030,ssp585,trend,0.0466732867062092,博尔塔拉蒙古自治州
Xinjiang,2030,ssp585,trend,0.0466732867062092,吐鲁番市
Xinjiang,2030,ssp585,trend,0.0466732867062092,巴音郭楞蒙古自治州
Xinjiang,2030,ssp585,trend,0.0466732867062092,哈密市
Xinjiang,2030,ssp585,trend,0.0466732867062092,胡杨河市
Xinjiang,2030,ssp585,trend,0.0466732867062092,白杨市
Xinjiang,2030,ssp585,trend,0.0466732867062092,新星市
Xinjiang,2030,ssp585,trend,0.0466732867062092,克拉玛依市
Xinjiang,2030,ssp585,trend,0.0466732867062092,昆玉市
Xinjiang,2030,ssp585,trend,0.0466732867062092,可克达拉市
Xinjiang,2030,ssp585,trend,0.0466732867062092,图木舒克市
Xinjiang,2030,ssp585,trend,0.0466732867062092,阿拉尔市
Xinjiang,2030,ssp585,trend,0.0466732867062092,石河子市
Xinjiang,2030,ssp585,trend,0.0466732867062092,双河市
Xinjiang,2030,ssp585,trend,0.0466732867062092,铁门关市
Xinjiang,2030,ssp585,trend,0.0466732867062092,北屯市
Xinjiang,2030,ssp585,trend,0.0466732867062092,五家渠市
Xinjiang,2030,ssp585,trend,0.0466732867062092,昌吉回族自治州
Xinjiang,2030,ssp585,trend,0.0466732867062092,乌鲁木齐市
Xinjiang,2030,ssp585,trend,0.0466732867062092,和田地区
Xinjiang,2030,ssp585,trend,0.0466732867062092,克孜勒苏柯尔克孜自治州
Xinjiang,2030,ssp585,trend,0.0466732867062092,塔城地区
Xinjiang,2030,ssp585,trend,0.0466732867062092,喀什地区
Xinjiang,2030,ssp585,trend,0.0466732867062092,阿勒泰地区
Xinjiang,2030,ssp585,trend,0.0466732867062092,伊犁哈萨克自治州
Xinjiang,2035,ssp585,trend,0.124121680855751,阿克苏地区
Xinjiang,2035,ssp585,trend,0.124121680855751,博尔塔拉蒙古自治州
Xinjiang,2035,ssp585,trend,0.124121680855751,吐鲁番市
Xinjiang,2035,ssp585,trend,0.124121680855751,巴音郭楞蒙古自治州
Xinjiang,2035,ssp585,trend,0.124121680855751,哈密市
Xinjiang,2035,ssp585,trend,0.124121680855751,胡杨河市
Xinjiang,2035,ssp585,trend,0.124121680855751,白杨市
Xinjiang,2035,ssp585,trend,0.124121680855751,新星市
Xinjiang,2035,ssp585,trend,0.124121680855751,克拉玛依市
Xinjiang,2035,ssp585,trend,0.124121680855751,昆玉市
Xinjiang,2035,ssp585,trend,0.124121680855751,可克达拉市
Xinjiang,2035,ssp585,trend,0.124121680855751,图木舒克市
Xinjiang,2035,ssp585,trend,0.124121680855751,阿拉尔市
Xinjiang,2035,ssp585,trend,0.124121680855751,石河子市
Xinjiang,2035,ssp585,trend,0.124121680855751,双河市
Xinjiang,2035,ssp585,trend,0.124121680855751,铁门关市
Xinjiang,2035,ssp585,trend,0.124121680855751,北屯市
Xinjiang,2035,ssp585,trend,0.124121680855751,五家渠市
Xinjiang,2035,ssp585,trend,0.124121680855751,昌吉回族自治州
Xinjiang,2035,ssp585,trend,0.124121680855751,乌鲁木齐市
Xinjiang,2035,ssp585,trend,0.124121680855751,和田地区
Xinjiang,2035,ssp585,trend,0.124121680855751,克孜勒苏柯尔克孜自治州
Xinjiang,2035,ssp585,trend,0.124121680855751,塔城地区
Xinjiang,2035,ssp585,trend,0.124121680855751,喀什地区
Xinjiang,2035,ssp585,trend,0.124121680855751,阿勒泰地区
Xinjiang,2035,ssp585,trend,0.124121680855751,伊犁哈萨克自治州
Xinjiang,2040,ssp585,trend,0.0888980254530907,阿克苏地区
Xinjiang,2040,ssp585,trend,0.0888980254530907,博尔塔拉蒙古自治州
Xinjiang,2040,ssp585,trend,0.0888980254530907,吐鲁番市
Xinjiang,2040,ssp585,trend,0.0888980254530907,巴音郭楞蒙古自治州
Xinjiang,2040,ssp585,trend,0.0888980254530907,哈密市
Xinjiang,2040,ssp585,trend,0.0888980254530907,胡杨河市
Xinjiang,2040,ssp585,trend,0.0888980254530907,白杨市
Xinjiang,2040,ssp585,trend,0.0888980254530907,新星市
Xinjiang,2040,ssp585,trend,0.0888980254530907,克拉玛依市
Xinjiang,2040,ssp585,trend,0.0888980254530907,昆玉市
Xinjiang,2040,ssp585,trend,0.0888980254530907,可克达拉市
Xinjiang,2040,ssp585,trend,0.0888980254530907,图木舒克市
Xinjiang,2040,ssp585,trend,0.0888980254530907,阿拉尔市
Xinjiang,2040,ssp585,trend,0.0888980254530907,石河子市
Xinjiang,2040,ssp585,trend,0.0888980254530907,双河市
Xinjiang,2040,ssp585,trend,0.0888980254530907,铁门关市
Xinjiang,2040,ssp585,trend,0.0888980254530907,北屯市
Xinjiang,2040,ssp585,trend,0.0888980254530907,五家渠市
Xinjiang,2040,ssp585,trend,0.0888980254530907,昌吉回族自治州
Xinjiang,2040,ssp585,trend,0.0888980254530907,乌鲁木齐市
Xinjiang,2040,ssp585,trend,0.0888980254530907,和田地区
Xinjiang,2040,ssp585,trend,0.0888980254530907,克孜勒苏柯尔克孜自治州
Xinjiang,2040,ssp585,trend,0.0888980254530907,塔城地区
Xinjiang,2040,ssp585,trend,0.0888980254530907,喀什地区
Xinjiang,2040,ssp585,trend,0.0888980254530907,阿勒泰地区
Xinjiang,2040,ssp585,trend,0.0888980254530907,伊犁哈萨克自治州
Xinjiang,2045,ssp585,trend,0.0687560960650444,阿克苏地区
Xinjiang,2045,ssp585,trend,0.0687560960650444,博尔塔拉蒙古自治州
Xinjiang,2045,ssp585,trend,0.0687560960650444,吐鲁番市
Xinjiang,2045,ssp585,trend,0.0687560960650444,巴音郭楞蒙古自治州
Xinjiang,2045,ssp585,trend,0.0687560960650444,哈密市
Xinjiang,2045,ssp585,trend,0.0687560960650444,胡杨河市
Xinjiang,2045,ssp585,trend,0.0687560960650444,白杨市
Xinjiang,2045,ssp585,trend,0.0687560960650444,新星市
Xinjiang,2045,ssp585,trend,0.0687560960650444,克拉玛依市
Xinjiang,2045,ssp585,trend,0.0687560960650444,昆玉市
Xinjiang,2045,ssp585,trend,0.0687560960650444,可克达拉市
Xinjiang,2045,ssp585,trend,0.0687560960650444,图木舒克市
Xinjiang,2045,ssp585,trend,0.0687560960650444,阿拉尔市
Xinjiang,2045,ssp585,trend,0.0687560960650444,石河子市
Xinjiang,2045,ssp585,trend,0.0687560960650444,双河市
Xinjiang,2045,ssp585,trend,0.0687560960650444,铁门关市
Xinjiang,2045,ssp585,trend,0.0687560960650444,北屯市
Xinjiang,2045,ssp585,trend,0.0687560960650444,五家渠市
Xinjiang,2045,ssp585,trend,0.0687560960650444,昌吉回族自治州
Xinjiang,2045,ssp585,trend,0.0687560960650444,乌鲁木齐市
Xinjiang,2045,ssp585,trend,0.0687560960650444,和田地区
Xinjiang,2045,ssp585,trend,0.0687560960650444,克孜勒苏柯尔克孜自治州
Xinjiang,2045,ssp585,trend,0.0687560960650444,塔城地区
Xinjiang,2045,ssp585,trend,0.0687560960650444,喀什地区
Xinjiang,2045,ssp585,trend,0.0687560960650444,阿勒泰地区
Xinjiang,2045,ssp585,trend,0.0687560960650444,伊犁哈萨克自治州
Xinjiang,2050,ssp585,trend,0.0694858431816101,阿克苏地区
Xinjiang,2050,ssp585,trend,0.0694858431816101,博尔塔拉蒙古自治州
Xinjiang,2050,ssp585,trend,0.0694858431816101,吐鲁番市
Xinjiang,2050,ssp585,trend,0.0694858431816101,巴音郭楞蒙古自治州
Xinjiang,2050,ssp585,trend,0.0694858431816101,哈密市
Xinjiang,2050,ssp585,trend,0.0694858431816101,胡杨河市
Xinjiang,2050,ssp585,trend,0.0694858431816101,白杨市
Xinjiang,2050,ssp585,trend,0.0694858431816101,新星市
Xinjiang,2050,ssp585,trend,0.0694858431816101,克拉玛依市
Xinjiang,2050,ssp585,trend,0.0694858431816101,昆玉市
Xinjiang,2050,ssp585,trend,0.0694858431816101,可克达拉市
Xinjiang,2050,ssp585,trend,0.0694858431816101,图木舒克市
Xinjiang,2050,ssp585,trend,0.0694858431816101,阿拉尔市
Xinjiang,2050,ssp585,trend,0.0694858431816101,石河子市
Xinjiang,2050,ssp585,trend,0.0694858431816101,双河市
Xinjiang,2050,ssp585,trend,0.0694858431816101,铁门关市
Xinjiang,2050,ssp585,trend,0.0694858431816101,北屯市
Xinjiang,2050,ssp585,trend,0.0694858431816101,五家渠市
Xinjiang,2050,ssp585,trend,0.0694858431816101,昌吉回族自治州
Xinjiang,2050,ssp585,trend,0.0694858431816101,乌鲁木齐市
Xinjiang,2050,ssp585,trend,0.0694858431816101,和田地区
Xinjiang,2050,ssp585,trend,0.0694858431816101,克孜勒苏柯尔克孜自治州
Xinjiang,2050,ssp585,trend,0.0694858431816101,塔城地区
Xinjiang,2050,ssp585,trend,0.0694858431816101,喀什地区
Xinjiang,2050,ssp585,trend,0.0694858431816101,阿勒泰地区
Xinjiang,2050,ssp585,trend,0.0694858431816101,伊犁哈萨克自治州
Xinjiang,2030,current,doubled,0.206952139735222,阿克苏地区
Xinjiang,2030,current,doubled,0.206952139735222,博尔塔拉蒙古自治州
Xinjiang,2030,current,doubled,0.206952139735222,吐鲁番市
Xinjiang,2030,current,doubled,0.206952139735222,巴音郭楞蒙古自治州
Xinjiang,2030,current,doubled,0.206952139735222,哈密市
Xinjiang,2030,current,doubled,0.206952139735222,胡杨河市
Xinjiang,2030,current,doubled,0.206952139735222,白杨市
Xinjiang,2030,current,doubled,0.206952139735222,新星市
Xinjiang,2030,current,doubled,0.206952139735222,克拉玛依市
Xinjiang,2030,current,doubled,0.206952139735222,昆玉市
Xinjiang,2030,current,doubled,0.206952139735222,可克达拉市
Xinjiang,2030,current,doubled,0.206952139735222,图木舒克市
Xinjiang,2030,current,doubled,0.206952139735222,阿拉尔市
Xinjiang,2030,current,doubled,0.206952139735222,石河子市
Xinjiang,2030,current,doubled,0.206952139735222,双河市
Xinjiang,2030,current,doubled,0.206952139735222,铁门关市
Xinjiang,2030,current,doubled,0.206952139735222,北屯市
Xinjiang,2030,current,doubled,0.206952139735222,五家渠市
Xinjiang,2030,current,doubled,0.206952139735222,昌吉回族自治州
Xinjiang,2030,current,doubled,0.206952139735222,乌鲁木齐市
Xinjiang,2030,current,doubled,0.206952139735222,和田地区
Xinjiang,2030,current,doubled,0.206952139735222,克孜勒苏柯尔克孜自治州
Xinjiang,2030,current,doubled,0.206952139735222,塔城地区
Xinjiang,2030,current,doubled,0.206952139735222,喀什地区
Xinjiang,2030,current,doubled,0.206952139735222,阿勒泰地区
Xinjiang,2030,current,doubled,0.206952139735222,伊犁哈萨克自治州
Xinjiang,2035,current,doubled,0.206952139735222,阿克苏地区
Xinjiang,2035,current,doubled,0.206952139735222,博尔塔拉蒙古自治州
Xinjiang,2035,current,doubled,0.206952139735222,吐鲁番市
Xinjiang,2035,current,doubled,0.206952139735222,巴音郭楞蒙古自治州
Xinjiang,2035,current,doubled,0.206952139735222,哈密市
Xinjiang,2035,current,doubled,0.206952139735222,胡杨河市
Xinjiang,2035,current,doubled,0.206952139735222,白杨市
Xinjiang,2035,current,doubled,0.206952139735222,新星市
Xinjiang,2035,current,doubled,0.206952139735222,克拉玛依市
Xinjiang,2035,current,doubled,0.206952139735222,昆玉市
Xinjiang,2035,current,doubled,0.206952139735222,可克达拉市
Xinjiang,2035,current,doubled,0.206952139735222,图木舒克市
Xinjiang,2035,current,doubled,0.206952139735222,阿拉尔市
Xinjiang,2035,current,doubled,0.206952139735222,石河子市
Xinjiang,2035,current,doubled,0.206952139735222,双河市
Xinjiang,2035,current,doubled,0.206952139735222,铁门关市
Xinjiang,2035,current,doubled,0.206952139735222,北屯市
Xinjiang,2035,current,doubled,0.206952139735222,五家渠市
Xinjiang,2035,current,doubled,0.206952139735222,昌吉回族自治州
Xinjiang,2035,current,doubled,0.206952139735222,乌鲁木齐市
Xinjiang,2035,current,doubled,0.206952139735222,和田地区
Xinjiang,2035,current,doubled,0.206952139735222,克孜勒苏柯尔克孜自治州
Xinjiang,2035,current,doubled,0.206952139735222,塔城地区
Xinjiang,2035,current,doubled,0.206952139735222,喀什地区
Xinjiang,2035,current,doubled,0.206952139735222,阿勒泰地区
Xinjiang,2035,current,doubled,0.206952139735222,伊犁哈萨克自治州
Xinjiang,2040,current,doubled,0.206952139735222,阿克苏地区
Xinjiang,2040,current,doubled,0.206952139735222,博尔塔拉蒙古自治州
Xinjiang,2040,current,doubled,0.206952139735222,吐鲁番市
Xinjiang,2040,current,doubled,0.206952139735222,巴音郭楞蒙古自治州
Xinjiang,2040,current,doubled,0.206952139735222,哈密市
Xinjiang,2040,current,doubled,0.206952139735222,胡杨河市
Xinjiang,2040,current,doubled,0.206952139735222,白杨市
Xinjiang,2040,current,doubled,0.206952139735222,新星市
Xinjiang,2040,current,doubled,0.206952139735222,克拉玛依市
Xinjiang,2040,current,doubled,0.206952139735222,昆玉市
Xinjiang,2040,current,doubled,0.206952139735222,可克达拉市
Xinjiang,2040,current,doubled,0.206952139735222,图木舒克市
Xinjiang,2040,current,doubled,0.206952139735222,阿拉尔市
Xinjiang,2040,current,doubled,0.206952139735222,石河子市
Xinjiang,2040,current,doubled,0.206952139735222,双河市
Xinjiang,2040,current,doubled,0.206952139735222,铁门关市
Xinjiang,2040,current,doubled,0.206952139735222,北屯市
Xinjiang,2040,current,doubled,0.206952139735222,五家渠市
Xinjiang,2040,current,doubled,0.206952139735222,昌吉回族自治州
Xinjiang,2040,current,doubled,0.206952139735222,乌鲁木齐市
Xinjiang,2040,current,doubled,0.206952139735222,和田地区
Xinjiang,2040,current,doubled,0.206952139735222,克孜勒苏柯尔克孜自治州
Xinjiang,2040,current,doubled,0.206952139735222,塔城地区
Xinjiang,2040,current,doubled,0.206952139735222,喀什地区
Xinjiang,2040,current,doubled,0.206952139735222,阿勒泰地区
Xinjiang,2040,current,doubled,0.206952139735222,伊犁哈萨克自治州
Xinjiang,2045,current,doubled,0.206952139735222,阿克苏地区
Xinjiang,2045,current,doubled,0.206952139735222,博尔塔拉蒙古自治州
Xinjiang,2045,current,doubled,0.206952139735222,吐鲁番市
Xinjiang,2045,current,doubled,0.206952139735222,巴音郭楞蒙古自治州
Xinjiang,2045,current,doubled,0.206952139735222,哈密市
Xinjiang,2045,current,doubled,0.206952139735222,胡杨河市
Xinjiang,2045,current,doubled,0.206952139735222,白杨市
Xinjiang,2045,current,doubled,0.206952139735222,新星市
Xinjiang,2045,current,doubled,0.206952139735222,克拉玛依市
Xinjiang,2045,current,doubled,0.206952139735222,昆玉市
Xinjiang,2045,current,doubled,0.206952139735222,可克达拉市
Xinjiang,2045,current,doubled,0.206952139735222,图木舒克市
Xinjiang,2045,current,doubled,0.206952139735222,阿拉尔市
Xinjiang,2045,current,doubled,0.206952139735222,石河子市
Xinjiang,2045,current,doubled,0.206952139735222,双河市
Xinjiang,2045,current,doubled,0.206952139735222,铁门关市
Xinjiang,2045,current,doubled,0.206952139735222,北屯市
Xinjiang,2045,current,doubled,0.206952139735222,五家渠市
Xinjiang,2045,current,doubled,0.206952139735222,昌吉回族自治州
Xinjiang,2045,current,doubled,0.206952139735222,乌鲁木齐市
Xinjiang,2045,current,doubled,0.206952139735222,和田地区
Xinjiang,2045,current,doubled,0.206952139735222,克孜勒苏柯尔克孜自治州
Xinjiang,2045,current,doubled,0.206952139735222,塔城地区
Xinjiang,2045,current,doubled,0.206952139735222,喀什地区
Xinjiang,2045,current,doubled,0.206952139735222,阿勒泰地区
Xinjiang,2045,current,doubled,0.206952139735222,伊犁哈萨克自治州
Xinjiang,2050,current,doubled,0.206952139735222,阿克苏地区
Xinjiang,2050,current,doubled,0.206952139735222,博尔塔拉蒙古自治州
Xinjiang,2050,current,doubled,0.206952139735222,吐鲁番市
Xinjiang,2050,current,doubled,0.206952139735222,巴音郭楞蒙古自治州
Xinjiang,2050,current,doubled,0.206952139735222,哈密市
Xinjiang,2050,current,doubled,0.206952139735222,胡杨河市
Xinjiang,2050,current,doubled,0.206952139735222,白杨市
Xinjiang,2050,current,doubled,0.206952139735222,新星市
Xinjiang,2050,current,doubled,0.206952139735222,克拉玛依市
Xinjiang,2050,current,doubled,0.206952139735222,昆玉市
Xinjiang,2050,current,doubled,0.206952139735222,可克达拉市
Xinjiang,2050,current,doubled,0.206952139735222,图木舒克市
Xinjiang,2050,current,doubled,0.206952139735222,阿拉尔市
Xinjiang,2050,current,doubled,0.206952139735222,石河子市
Xinjiang,2050,current,doubled,0.206952139735222,双河市
Xinjiang,2050,current,doubled,0.206952139735222,铁门关市
Xinjiang,2050,current,doubled,0.206952139735222,北屯市
Xinjiang,2050,current,doubled,0.206952139735222,五家渠市
Xinjiang,2050,current,doubled,0.206952139735222,昌吉回族自治州
Xinjiang,2050,current,doubled,0.206952139735222,乌鲁木齐市
Xinjiang,2050,current,doubled,0.206952139735222,和田地区
Xinjiang,2050,current,doubled,0.206952139735222,克孜勒苏柯尔克孜自治州
Xinjiang,2050,current,doubled,0.206952139735222,塔城地区
Xinjiang,2050,current,doubled,0.206952139735222,喀什地区
Xinjiang,2050,current,doubled,0.206952139735222,阿勒泰地区
Xinjiang,2050,current,doubled,0.206952139735222,伊犁哈萨克自治州
Xinjiang,2030,ssp245,doubled,0.111561357975006,阿克苏地区
Xinjiang,2030,ssp245,doubled,0.111561357975006,博尔塔拉蒙古自治州
Xinjiang,2030,ssp245,doubled,0.111561357975006,吐鲁番市
Xinjiang,2030,ssp245,doubled,0.111561357975006,巴音郭楞蒙古自治州
Xinjiang,2030,ssp245,doubled,0.111561357975006,哈密市
Xinjiang,2030,ssp245,doubled,0.111561357975006,胡杨河市
Xinjiang,2030,ssp245,doubled,0.111561357975006,白杨市
Xinjiang,2030,ssp245,doubled,0.111561357975006,新星市
Xinjiang,2030,ssp245,doubled,0.111561357975006,克拉玛依市
Xinjiang,2030,ssp245,doubled,0.111561357975006,昆玉市
Xinjiang,2030,ssp245,doubled,0.111561357975006,可克达拉市
Xinjiang,2030,ssp245,doubled,0.111561357975006,图木舒克市
Xinjiang,2030,ssp245,doubled,0.111561357975006,阿拉尔市
Xinjiang,2030,ssp245,doubled,0.111561357975006,石河子市
Xinjiang,2030,ssp245,doubled,0.111561357975006,双河市
Xinjiang,2030,ssp245,doubled,0.111561357975006,铁门关市
Xinjiang,2030,ssp245,doubled,0.111561357975006,北屯市
Xinjiang,2030,ssp245,doubled,0.111561357975006,五家渠市
Xinjiang,2030,ssp245,doubled,0.111561357975006,昌吉回族自治州
Xinjiang,2030,ssp245,doubled,0.111561357975006,乌鲁木齐市
Xinjiang,2030,ssp245,doubled,0.111561357975006,和田地区
Xinjiang,2030,ssp245,doubled,0.111561357975006,克孜勒苏柯尔克孜自治州
Xinjiang,2030,ssp245,doubled,0.111561357975006,塔城地区
Xinjiang,2030,ssp245,doubled,0.111561357975006,喀什地区
Xinjiang,2030,ssp245,doubled,0.111561357975006,阿勒泰地区
Xinjiang,2030,ssp245,doubled,0.111561357975006,伊犁哈萨克自治州
Xinjiang,2035,ssp245,doubled,0.0948475301265717,阿克苏地区
Xinjiang,2035,ssp245,doubled,0.0948475301265717,博尔塔拉蒙古自治州
Xinjiang,2035,ssp245,doubled,0.0948475301265717,吐鲁番市
Xinjiang,2035,ssp245,doubled,0.0948475301265717,巴音郭楞蒙古自治州
Xinjiang,2035,ssp245,doubled,0.0948475301265717,哈密市
Xinjiang,2035,ssp245,doubled,0.0948475301265717,胡杨河市
Xinjiang,2035,ssp245,doubled,0.0948475301265717,白杨市
Xinjiang,2035,ssp245,doubled,0.0948475301265717,新星市
Xinjiang,2035,ssp245,doubled,0.0948475301265717,克拉玛依市
Xinjiang,2035,ssp245,doubled,0.0948475301265717,昆玉市
Xinjiang,2035,ssp245,doubled,0.0948475301265717,可克达拉市
Xinjiang,2035,ssp245,doubled,0.0948475301265717,图木舒克市
Xinjiang,2035,ssp245,doubled,0.0948475301265717,阿拉尔市
Xinjiang,2035,ssp245,doubled,0.0948475301265717,石河子市
Xinjiang,2035,ssp245,doubled,0.0948475301265717,双河市
Xinjiang,2035,ssp245,doubled,0.0948475301265717,铁门关市
Xinjiang,2035,ssp245,doubled,0.0948475301265717,北屯市
Xinjiang,2035,ssp245,doubled,0.0948475301265717,五家渠市
Xinjiang,2035,ssp245,doubled,0.0948475301265717,昌吉回族自治州
Xinjiang,2035,ssp245,doubled,0.0948475301265717,乌鲁木齐市
Xinjiang,2035,ssp245,doubled,0.0948475301265717,和田地区
Xinjiang,2035,ssp245,doubled,0.0948475301265717,克孜勒苏柯尔克孜自治州
Xinjiang,2035,ssp245,doubled,0.0948475301265717,塔城地区
Xinjiang,2035,ssp245,doubled,0.0948475301265717,喀什地区
Xinjiang,2035,ssp245,doubled,0.0948475301265717,阿勒泰地区
Xinjiang,2035,ssp245,doubled,0.0948475301265717,伊犁哈萨克自治州
Xinjiang,2040,ssp245,doubled,0.0738559141755104,阿克苏地区
Xinjiang,2040,ssp245,doubled,0.0738559141755104,博尔塔拉蒙古自治州
Xinjiang,2040,ssp245,doubled,0.0738559141755104,吐鲁番市
Xinjiang,2040,ssp245,doubled,0.0738559141755104,巴音郭楞蒙古自治州
Xinjiang,2040,ssp245,doubled,0.0738559141755104,哈密市
Xinjiang,2040,ssp245,doubled,0.0738559141755104,胡杨河市
Xinjiang,2040,ssp245,doubled,0.0738559141755104,白杨市
Xinjiang,2040,ssp245,doubled,0.0738559141755104,新星市
Xinjiang,2040,ssp245,doubled,0.0738559141755104,克拉玛依市
Xinjiang,2040,ssp245,doubled,0.0738559141755104,昆玉市
Xinjiang,2040,ssp245,doubled,0.0738559141755104,可克达拉市
Xinjiang,2040,ssp245,doubled,0.0738559141755104,图木舒克市
Xinjiang,2040,ssp245,doubled,0.0738559141755104,阿拉尔市
Xinjiang,2040,ssp245,doubled,0.0738559141755104,石河子市
Xinjiang,2040,ssp245,doubled,0.0738559141755104,双河市
Xinjiang,2040,ssp245,doubled,0.0738559141755104,铁门关市
Xinjiang,2040,ssp245,doubled,0.0738559141755104,北屯市
Xinjiang,2040,ssp245,doubled,0.0738559141755104,五家渠市
Xinjiang,2040,ssp245,doubled,0.0738559141755104,昌吉回族自治州
Xinjiang,2040,ssp245,doubled,0.0738559141755104,乌鲁木齐市
Xinjiang,2040,ssp245,doubled,0.0738559141755104,和田地区
Xinjiang,2040,ssp245,doubled,0.0738559141755104,克孜勒苏柯尔克孜自治州
Xinjiang,2040,ssp245,doubled,0.0738559141755104,塔城地区
Xinjiang,2040,ssp245,doubled,0.0738559141755104,喀什地区
Xinjiang,2040,ssp245,doubled,0.0738559141755104,阿勒泰地区
Xinjiang,2040,ssp245,doubled,0.0738559141755104,伊犁哈萨克自治州
Xinjiang,2045,ssp245,doubled,0.123294115066528,阿克苏地区
Xinjiang,2045,ssp245,doubled,0.123294115066528,博尔塔拉蒙古自治州
Xinjiang,2045,ssp245,doubled,0.123294115066528,吐鲁番市
Xinjiang,2045,ssp245,doubled,0.123294115066528,巴音郭楞蒙古自治州
Xinjiang,2045,ssp245,doubled,0.123294115066528,哈密市
Xinjiang,2045,ssp245,doubled,0.123294115066528,胡杨河市
Xinjiang,2045,ssp245,doubled,0.123294115066528,白杨市
Xinjiang,2045,ssp245,doubled,0.123294115066528,新星市
Xinjiang,2045,ssp245,doubled,0.123294115066528,克拉玛依市
Xinjiang,2045,ssp245,doubled,0.123294115066528,昆玉市
Xinjiang,2045,ssp245,doubled,0.123294115066528,可克达拉市
Xinjiang,2045,ssp245,doubled,0.123294115066528,图木舒克市
Xinjiang,2045,ssp245,doubled,0.123294115066528,阿拉尔市
Xinjiang,2045,ssp245,doubled,0.123294115066528,石河子市
Xinjiang,2045,ssp245,doubled,0.123294115066528,双河市
Xinjiang,2045,ssp245,doubled,0.123294115066528,铁门关市
Xinjiang,2045,ssp245,doubled,0.123294115066528,北屯市
Xinjiang,2045,ssp245,doubled,0.123294115066528,五家渠市
Xinjiang,2045,ssp245,doubled,0.123294115066528,昌吉回族自治州
Xinjiang,2045,ssp245,doubled,0.123294115066528,乌鲁木齐市
Xinjiang,2045,ssp245,doubled,0.123294115066528,和田地区
Xinjiang,2045,ssp245,doubled,0.123294115066528,克孜勒苏柯尔克孜自治州
Xinjiang,2045,ssp245,doubled,0.123294115066528,塔城地区
Xinjiang,2045,ssp245,doubled,0.123294115066528,喀什地区
Xinjiang,2045,ssp245,doubled,0.123294115066528,阿勒泰地区
Xinjiang,2045,ssp245,doubled,0.123294115066528,伊犁哈萨克自治州
Xinjiang,2050,ssp245,doubled,0.152623668313026,阿克苏地区
Xinjiang,2050,ssp245,doubled,0.152623668313026,博尔塔拉蒙古自治州
Xinjiang,2050,ssp245,doubled,0.152623668313026,吐鲁番市
Xinjiang,2050,ssp245,doubled,0.152623668313026,巴音郭楞蒙古自治州
Xinjiang,2050,ssp245,doubled,0.152623668313026,哈密市
Xinjiang,2050,ssp245,doubled,0.152623668313026,胡杨河市
Xinjiang,2050,ssp245,doubled,0.152623668313026,白杨市
Xinjiang,2050,ssp245,doubled,0.152623668313026,新星市
Xinjiang,2050,ssp245,doubled,0.152623668313026,克拉玛依市
Xinjiang,2050,ssp245,doubled,0.152623668313026,昆玉市
Xinjiang,2050,ssp245,doubled,0.152623668313026,可克达拉市
Xinjiang,2050,ssp245,doubled,0.152623668313026,图木舒克市
Xinjiang,2050,ssp245,doubled,0.152623668313026,阿拉尔市
Xinjiang,2050,ssp245,doubled,0.152623668313026,石河子市
Xinjiang,2050,ssp245,doubled,0.152623668313026,双河市
Xinjiang,2050,ssp245,doubled,0.152623668313026,铁门关市
Xinjiang,2050,ssp245,doubled,0.152623668313026,北屯市
Xinjiang,2050,ssp245,doubled,0.152623668313026,五家渠市
Xinjiang,2050,ssp245,doubled,0.152623668313026,昌吉回族自治州
Xinjiang,2050,ssp245,doubled,0.152623668313026,乌鲁木齐市
Xinjiang,2050,ssp245,doubled,0.152623668313026,和田地区
Xinjiang,2050,ssp245,doubled,0.152623668313026,克孜勒苏柯尔克孜自治州
Xinjiang,2050,ssp245,doubled,0.152623668313026,塔城地区
Xinjiang,2050,ssp245,doubled,0.152623668313026,喀什地区
Xinjiang,2050,ssp245,doubled,0.152623668313026,阿勒泰地区
Xinjiang,2050,ssp245,doubled,0.152623668313026,伊犁哈萨克自治州
Xinjiang,2030,ssp585,doubled,0.0738559141755104,阿克苏地区
Xinjiang,2030,ssp585,doubled,0.0738559141755104,博尔塔拉蒙古自治州
Xinjiang,2030,ssp585,doubled,0.0738559141755104,吐鲁番市
Xinjiang,2030,ssp585,doubled,0.0738559141755104,巴音郭楞蒙古自治州
Xinjiang,2030,ssp585,doubled,0.0738559141755104,哈密市
Xinjiang,2030,ssp585,doubled,0.0738559141755104,胡杨河市
Xinjiang,2030,ssp585,doubled,0.0738559141755104,白杨市
Xinjiang,2030,ssp585,doubled,0.0738559141755104,新星市
Xinjiang,2030,ssp585,doubled,0.0738559141755104,克拉玛依市
Xinjiang,2030,ssp585,doubled,0.0738559141755104,昆玉市
Xinjiang,2030,ssp585,doubled,0.0738559141755104,可克达拉市
Xinjiang,2030,ssp585,doubled,0.0738559141755104,图木舒克市
Xinjiang,2030,ssp585,doubled,0.0738559141755104,阿拉尔市
Xinjiang,2030,ssp585,doubled,0.0738559141755104,石河子市
Xinjiang,2030,ssp585,doubled,0.0738559141755104,双河市
Xinjiang,2030,ssp585,doubled,0.0738559141755104,铁门关市
Xinjiang,2030,ssp585,doubled,0.0738559141755104,北屯市
Xinjiang,2030,ssp585,doubled,0.0738559141755104,五家渠市
Xinjiang,2030,ssp585,doubled,0.0738559141755104,昌吉回族自治州
Xinjiang,2030,ssp585,doubled,0.0738559141755104,乌鲁木齐市
Xinjiang,2030,ssp585,doubled,0.0738559141755104,和田地区
Xinjiang,2030,ssp585,doubled,0.0738559141755104,克孜勒苏柯尔克孜自治州
Xinjiang,2030,ssp585,doubled,0.0738559141755104,塔城地区
Xinjiang,2030,ssp585,doubled,0.0738559141755104,喀什地区
Xinjiang,2030,ssp585,doubled,0.0738559141755104,阿勒泰地区
Xinjiang,2030,ssp585,doubled,0.0738559141755104,伊犁哈萨克自治州
Xinjiang,2035,ssp585,doubled,0.127465218305588,阿克苏地区
Xinjiang,2035,ssp585,doubled,0.127465218305588,博尔塔拉蒙古自治州
Xinjiang,2035,ssp585,doubled,0.127465218305588,吐鲁番市
Xinjiang,2035,ssp585,doubled,0.127465218305588,巴音郭楞蒙古自治州
Xinjiang,2035,ssp585,doubled,0.127465218305588,哈密市
Xinjiang,2035,ssp585,doubled,0.127465218305588,胡杨河市
Xinjiang,2035,ssp585,doubled,0.127465218305588,白杨市
Xinjiang,2035,ssp585,doubled,0.127465218305588,新星市
Xinjiang,2035,ssp585,doubled,0.127465218305588,克拉玛依市
Xinjiang,2035,ssp585,doubled,0.127465218305588,昆玉市
Xinjiang,2035,ssp585,doubled,0.127465218305588,可克达拉市
Xinjiang,2035,ssp585,doubled,0.127465218305588,图木舒克市
Xinjiang,2035,ssp585,doubled,0.127465218305588,阿拉尔市
Xinjiang,2035,ssp585,doubled,0.127465218305588,石河子市
Xinjiang,2035,ssp585,doubled,0.127465218305588,双河市
Xinjiang,2035,ssp585,doubled,0.127465218305588,铁门关市
Xinjiang,2035,ssp585,doubled,0.127465218305588,北屯市
Xinjiang,2035,ssp585,doubled,0.127465218305588,五家渠市
Xinjiang,2035,ssp585,doubled,0.127465218305588,昌吉回族自治州
Xinjiang,2035,ssp585,doubled,0.127465218305588,乌鲁木齐市
Xinjiang,2035,ssp585,doubled,0.127465218305588,和田地区
Xinjiang,2035,ssp585,doubled,0.127465218305588,克孜勒苏柯尔克孜自治州
Xinjiang,2035,ssp585,doubled,0.127465218305588,塔城地区
Xinjiang,2035,ssp585,doubled,0.127465218305588,喀什地区
Xinjiang,2035,ssp585,doubled,0.127465218305588,阿勒泰地区
Xinjiang,2035,ssp585,doubled,0.127465218305588,伊犁哈萨克自治州
Xinjiang,2040,ssp585,doubled,0.0881073921918869,阿克苏地区
Xinjiang,2040,ssp585,doubled,0.0881073921918869,博尔塔拉蒙古自治州
Xinjiang,2040,ssp585,doubled,0.0881073921918869,吐鲁番市
Xinjiang,2040,ssp585,doubled,0.0881073921918869,巴音郭楞蒙古自治州
Xinjiang,2040,ssp585,doubled,0.0881073921918869,哈密市
Xinjiang,2040,ssp585,doubled,0.0881073921918869,胡杨河市
Xinjiang,2040,ssp585,doubled,0.0881073921918869,白杨市
Xinjiang,2040,ssp585,doubled,0.0881073921918869,新星市
Xinjiang,2040,ssp585,doubled,0.0881073921918869,克拉玛依市
Xinjiang,2040,ssp585,doubled,0.0881073921918869,昆玉市
Xinjiang,2040,ssp585,doubled,0.0881073921918869,可克达拉市
Xinjiang,2040,ssp585,doubled,0.0881073921918869,图木舒克市
Xinjiang,2040,ssp585,doubled,0.0881073921918869,阿拉尔市
Xinjiang,2040,ssp585,doubled,0.0881073921918869,石河子市
Xinjiang,2040,ssp585,doubled,0.0881073921918869,双河市
Xinjiang,2040,ssp585,doubled,0.0881073921918869,铁门关市
Xinjiang,2040,ssp585,doubled,0.0881073921918869,北屯市
Xinjiang,2040,ssp585,doubled,0.0881073921918869,五家渠市
Xinjiang,2040,ssp585,doubled,0.0881073921918869,昌吉回族自治州
Xinjiang,2040,ssp585,doubled,0.0881073921918869,乌鲁木齐市
Xinjiang,2040,ssp585,doubled,0.0881073921918869,和田地区
Xinjiang,2040,ssp585,doubled,0.0881073921918869,克孜勒苏柯尔克孜自治州
Xinjiang,2040,ssp585,doubled,0.0881073921918869,塔城地区
Xinjiang,2040,ssp585,doubled,0.0881073921918869,喀什地区
Xinjiang,2040,ssp585,doubled,0.0881073921918869,阿勒泰地区
Xinjiang,2040,ssp585,doubled,0.0881073921918869,伊犁哈萨克自治州
Xinjiang,2045,ssp585,doubled,0.117467656731606,阿克苏地区
Xinjiang,2045,ssp585,doubled,0.117467656731606,博尔塔拉蒙古自治州
Xinjiang,2045,ssp585,doubled,0.117467656731606,吐鲁番市
Xinjiang,2045,ssp585,doubled,0.117467656731606,巴音郭楞蒙古自治州
Xinjiang,2045,ssp585,doubled,0.117467656731606,哈密市
Xinjiang,2045,ssp585,doubled,0.117467656731606,胡杨河市
Xinjiang,2045,ssp585,doubled,0.117467656731606,白杨市
Xinjiang,2045,ssp585,doubled,0.117467656731606,新星市
Xinjiang,2045,ssp585,doubled,0.117467656731606,克拉玛依市
Xinjiang,2045,ssp585,doubled,0.117467656731606,昆玉市
Xinjiang,2045,ssp585,doubled,0.117467656731606,可克达拉市
Xinjiang,2045,ssp585,doubled,0.117467656731606,图木舒克市
Xinjiang,2045,ssp585,doubled,0.117467656731606,阿拉尔市
Xinjiang,2045,ssp585,doubled,0.117467656731606,石河子市
Xinjiang,2045,ssp585,doubled,0.117467656731606,双河市
Xinjiang,2045,ssp585,doubled,0.117467656731606,铁门关市
Xinjiang,2045,ssp585,doubled,0.117467656731606,北屯市
Xinjiang,2045,ssp585,doubled,0.117467656731606,五家渠市
Xinjiang,2045,ssp585,doubled,0.117467656731606,昌吉回族自治州
Xinjiang,2045,ssp585,doubled,0.117467656731606,乌鲁木齐市
Xinjiang,2045,ssp585,doubled,0.117467656731606,和田地区
Xinjiang,2045,ssp585,doubled,0.117467656731606,克孜勒苏柯尔克孜自治州
Xinjiang,2045,ssp585,doubled,0.117467656731606,塔城地区
Xinjiang,2045,ssp585,doubled,0.117467656731606,喀什地区
Xinjiang,2045,ssp585,doubled,0.117467656731606,阿勒泰地区
Xinjiang,2045,ssp585,doubled,0.117467656731606,伊犁哈萨克自治州
Xinjiang,2050,ssp585,doubled,0.0704600736498833,阿克苏地区
Xinjiang,2050,ssp585,doubled,0.0704600736498833,博尔塔拉蒙古自治州
Xinjiang,2050,ssp585,doubled,0.0704600736498833,吐鲁番市
Xinjiang,2050,ssp585,doubled,0.0704600736498833,巴音郭楞蒙古自治州
Xinjiang,2050,ssp585,doubled,0.0704600736498833,哈密市
Xinjiang,2050,ssp585,doubled,0.0704600736498833,胡杨河市
Xinjiang,2050,ssp585,doubled,0.0704600736498833,白杨市
Xinjiang,2050,ssp585,doubled,0.0704600736498833,新星市
Xinjiang,2050,ssp585,doubled,0.0704600736498833,克拉玛依市
Xinjiang,2050,ssp585,doubled,0.0704600736498833,昆玉市
Xinjiang,2050,ssp585,doubled,0.0704600736498833,可克达拉市
Xinjiang,2050,ssp585,doubled,0.0704600736498833,图木舒克市
Xinjiang,2050,ssp585,doubled,0.0704600736498833,阿拉尔市
Xinjiang,2050,ssp585,doubled,0.0704600736498833,石河子市
Xinjiang,2050,ssp585,doubled,0.0704600736498833,双河市
Xinjiang,2050,ssp585,doubled,0.0704600736498833,铁门关市
Xinjiang,2050,ssp585,doubled,0.0704600736498833,北屯市
Xinjiang,2050,ssp585,doubled,0.0704600736498833,五家渠市
Xinjiang,2050,ssp585,doubled,0.0704600736498833,昌吉回族自治州
Xinjiang,2050,ssp585,doubled,0.0704600736498833,乌鲁木齐市
Xinjiang,2050,ssp585,doubled,0.0704600736498833,和田地区
Xinjiang,2050,ssp585,doubled,0.0704600736498833,克孜勒苏柯尔克孜自治州
Xinjiang,2050,ssp585,doubled,0.0704600736498833,塔城地区
Xinjiang,2050,ssp585,doubled,0.0704600736498833,喀什地区
Xinjiang,2050,ssp585,doubled,0.0704600736498833,阿勒泰地区
Xinjiang,2050,ssp585,doubled,0.0704600736498833,伊犁哈萨克自治州
Yunnan,2030,current,baseline,0.0566556081175804,楚雄彝族自治州
Yunnan,2030,current,baseline,0.0566556081175804,迪庆藏族自治州
Yunnan,2030,current,baseline,0.0566556081175804,红河哈尼族彝族自治州
Yunnan,2030,current,baseline,0.0566556081175804,昆明市
Yunnan,2030,current,baseline,0.0566556081175804,德宏傣族景颇族自治州
Yunnan,2030,current,baseline,0.0566556081175804,怒江傈僳族自治州
Yunnan,2030,current,baseline,0.0566556081175804,普洱市
Yunnan,2030,current,baseline,0.0566556081175804,丽江市
Yunnan,2030,current,baseline,0.0566556081175804,临沧市
Yunnan,2030,current,baseline,0.0566556081175804,玉溪市
Yunnan,2030,current,baseline,0.0566556081175804,文山壮族苗族自治州
Yunnan,2030,current,baseline,0.0566556081175804,曲靖市
Yunnan,2030,current,baseline,0.0566556081175804,昭通市
Yunnan,2030,current,baseline,0.0566556081175804,大理白族自治州
Yunnan,2030,current,baseline,0.0566556081175804,西双版纳傣族自治州
Yunnan,2030,current,baseline,0.0566556081175804,保山市
Yunnan,2035,current,baseline,0.0566556081175804,楚雄彝族自治州
Yunnan,2035,current,baseline,0.0566556081175804,迪庆藏族自治州
Yunnan,2035,current,baseline,0.0566556081175804,红河哈尼族彝族自治州
Yunnan,2035,current,baseline,0.0566556081175804,昆明市
Yunnan,2035,current,baseline,0.0566556081175804,德宏傣族景颇族自治州
Yunnan,2035,current,baseline,0.0566556081175804,怒江傈僳族自治州
Yunnan,2035,current,baseline,0.0566556081175804,普洱市
Yunnan,2035,current,baseline,0.0566556081175804,丽江市
Yunnan,2035,current,baseline,0.0566556081175804,临沧市
Yunnan,2035,current,baseline,0.0566556081175804,玉溪市
Yunnan,2035,current,baseline,0.0566556081175804,文山壮族苗族自治州
Yunnan,2035,current,baseline,0.0566556081175804,曲靖市
Yunnan,2035,current,baseline,0.0566556081175804,昭通市
Yunnan,2035,current,baseline,0.0566556081175804,大理白族自治州
Yunnan,2035,current,baseline,0.0566556081175804,西双版纳傣族自治州
Yunnan,2035,current,baseline,0.0566556081175804,保山市
Yunnan,2040,current,baseline,0.0566556081175804,楚雄彝族自治州
Yunnan,2040,current,baseline,0.0566556081175804,迪庆藏族自治州
Yunnan,2040,current,baseline,0.0566556081175804,红河哈尼族彝族自治州
Yunnan,2040,current,baseline,0.0566556081175804,昆明市
Yunnan,2040,current,baseline,0.0566556081175804,德宏傣族景颇族自治州
Yunnan,2040,current,baseline,0.0566556081175804,怒江傈僳族自治州
Yunnan,2040,current,baseline,0.0566556081175804,普洱市
Yunnan,2040,current,baseline,0.0566556081175804,丽江市
Yunnan,2040,current,baseline,0.0566556081175804,临沧市
Yunnan,2040,current,baseline,0.0566556081175804,玉溪市
Yunnan,2040,current,baseline,0.0566556081175804,文山壮族苗族自治州
Yunnan,2040,current,baseline,0.0566556081175804,曲靖市
Yunnan,2040,current,baseline,0.0566556081175804,昭通市
Yunnan,2040,current,baseline,0.0566556081175804,大理白族自治州
Yunnan,2040,current,baseline,0.0566556081175804,西双版纳傣族自治州
Yunnan,2040,current,baseline,0.0566556081175804,保山市
Yunnan,2045,current,baseline,0.0566556081175804,楚雄彝族自治州
Yunnan,2045,current,baseline,0.0566556081175804,迪庆藏族自治州
Yunnan,2045,current,baseline,0.0566556081175804,红河哈尼族彝族自治州
Yunnan,2045,current,baseline,0.0566556081175804,昆明市
Yunnan,2045,current,baseline,0.0566556081175804,德宏傣族景颇族自治州
Yunnan,2045,current,baseline,0.0566556081175804,怒江傈僳族自治州
Yunnan,2045,current,baseline,0.0566556081175804,普洱市
Yunnan,2045,current,baseline,0.0566556081175804,丽江市
Yunnan,2045,current,baseline,0.0566556081175804,临沧市
Yunnan,2045,current,baseline,0.0566556081175804,玉溪市
Yunnan,2045,current,baseline,0.0566556081175804,文山壮族苗族自治州
Yunnan,2045,current,baseline,0.0566556081175804,曲靖市
Yunnan,2045,current,baseline,0.0566556081175804,昭通市
Yunnan,2045,current,baseline,0.0566556081175804,大理白族自治州
Yunnan,2045,current,baseline,0.0566556081175804,西双版纳傣族自治州
Yunnan,2045,current,baseline,0.0566556081175804,保山市
Yunnan,2050,current,baseline,0.0566556081175804,楚雄彝族自治州
Yunnan,2050,current,baseline,0.0566556081175804,迪庆藏族自治州
Yunnan,2050,current,baseline,0.0566556081175804,红河哈尼族彝族自治州
Yunnan,2050,current,baseline,0.0566556081175804,昆明市
Yunnan,2050,current,baseline,0.0566556081175804,德宏傣族景颇族自治州
Yunnan,2050,current,baseline,0.0566556081175804,怒江傈僳族自治州
Yunnan,2050,current,baseline,0.0566556081175804,普洱市
Yunnan,2050,current,baseline,0.0566556081175804,丽江市
Yunnan,2050,current,baseline,0.0566556081175804,临沧市
Yunnan,2050,current,baseline,0.0566556081175804,玉溪市
Yunnan,2050,current,baseline,0.0566556081175804,文山壮族苗族自治州
Yunnan,2050,current,baseline,0.0566556081175804,曲靖市
Yunnan,2050,current,baseline,0.0566556081175804,昭通市
Yunnan,2050,current,baseline,0.0566556081175804,大理白族自治州
Yunnan,2050,current,baseline,0.0566556081175804,西双版纳傣族自治州
Yunnan,2050,current,baseline,0.0566556081175804,保山市
Yunnan,2030,ssp245,baseline,0.0583214275538921,楚雄彝族自治州
Yunnan,2030,ssp245,baseline,0.0583214275538921,迪庆藏族自治州
Yunnan,2030,ssp245,baseline,0.0583214275538921,红河哈尼族彝族自治州
Yunnan,2030,ssp245,baseline,0.0583214275538921,昆明市
Yunnan,2030,ssp245,baseline,0.0583214275538921,德宏傣族景颇族自治州
Yunnan,2030,ssp245,baseline,0.0583214275538921,怒江傈僳族自治州
Yunnan,2030,ssp245,baseline,0.0583214275538921,普洱市
Yunnan,2030,ssp245,baseline,0.0583214275538921,丽江市
Yunnan,2030,ssp245,baseline,0.0583214275538921,临沧市
Yunnan,2030,ssp245,baseline,0.0583214275538921,玉溪市
Yunnan,2030,ssp245,baseline,0.0583214275538921,文山壮族苗族自治州
Yunnan,2030,ssp245,baseline,0.0583214275538921,曲靖市
Yunnan,2030,ssp245,baseline,0.0583214275538921,昭通市
Yunnan,2030,ssp245,baseline,0.0583214275538921,大理白族自治州
Yunnan,2030,ssp245,baseline,0.0583214275538921,西双版纳傣族自治州
Yunnan,2030,ssp245,baseline,0.0583214275538921,保山市
Yunnan,2035,ssp245,baseline,0.0640705674886704,楚雄彝族自治州
Yunnan,2035,ssp245,baseline,0.0640705674886704,迪庆藏族自治州
Yunnan,2035,ssp245,baseline,0.0640705674886704,红河哈尼族彝族自治州
Yunnan,2035,ssp245,baseline,0.0640705674886704,昆明市
Yunnan,2035,ssp245,baseline,0.0640705674886704,德宏傣族景颇族自治州
Yunnan,2035,ssp245,baseline,0.0640705674886704,怒江傈僳族自治州
Yunnan,2035,ssp245,baseline,0.0640705674886704,普洱市
Yunnan,2035,ssp245,baseline,0.0640705674886704,丽江市
Yunnan,2035,ssp245,baseline,0.0640705674886704,临沧市
Yunnan,2035,ssp245,baseline,0.0640705674886704,玉溪市
Yunnan,2035,ssp245,baseline,0.0640705674886704,文山壮族苗族自治州
Yunnan,2035,ssp245,baseline,0.0640705674886704,曲靖市
Yunnan,2035,ssp245,baseline,0.0640705674886704,昭通市
Yunnan,2035,ssp245,baseline,0.0640705674886704,大理白族自治州
Yunnan,2035,ssp245,baseline,0.0640705674886704,西双版纳傣族自治州
Yunnan,2035,ssp245,baseline,0.0640705674886704,保山市
Yunnan,2040,ssp245,baseline,0.0369038879871368,楚雄彝族自治州
Yunnan,2040,ssp245,baseline,0.0369038879871368,迪庆藏族自治州
Yunnan,2040,ssp245,baseline,0.0369038879871368,红河哈尼族彝族自治州
Yunnan,2040,ssp245,baseline,0.0369038879871368,昆明市
Yunnan,2040,ssp245,baseline,0.0369038879871368,德宏傣族景颇族自治州
Yunnan,2040,ssp245,baseline,0.0369038879871368,怒江傈僳族自治州
Yunnan,2040,ssp245,baseline,0.0369038879871368,普洱市
Yunnan,2040,ssp245,baseline,0.0369038879871368,丽江市
Yunnan,2040,ssp245,baseline,0.0369038879871368,临沧市
Yunnan,2040,ssp245,baseline,0.0369038879871368,玉溪市
Yunnan,2040,ssp245,baseline,0.0369038879871368,文山壮族苗族自治州
Yunnan,2040,ssp245,baseline,0.0369038879871368,曲靖市
Yunnan,2040,ssp245,baseline,0.0369038879871368,昭通市
Yunnan,2040,ssp245,baseline,0.0369038879871368,大理白族自治州
Yunnan,2040,ssp245,baseline,0.0369038879871368,西双版纳傣族自治州
Yunnan,2040,ssp245,baseline,0.0369038879871368,保山市
Yunnan,2045,ssp245,baseline,0.038277555257082,楚雄彝族自治州
Yunnan,2045,ssp245,baseline,0.038277555257082,迪庆藏族自治州
Yunnan,2045,ssp245,baseline,0.038277555257082,红河哈尼族彝族自治州
Yunnan,2045,ssp245,baseline,0.038277555257082,昆明市
Yunnan,2045,ssp245,baseline,0.038277555257082,德宏傣族景颇族自治州
Yunnan,2045,ssp245,baseline,0.038277555257082,怒江傈僳族自治州
Yunnan,2045,ssp245,baseline,0.038277555257082,普洱市
Yunnan,2045,ssp245,baseline,0.038277555257082,丽江市
Yunnan,2045,ssp245,baseline,0.038277555257082,临沧市
Yunnan,2045,ssp245,baseline,0.038277555257082,玉溪市
Yunnan,2045,ssp245,baseline,0.038277555257082,文山壮族苗族自治州
Yunnan,2045,ssp245,baseline,0.038277555257082,曲靖市
Yunnan,2045,ssp245,baseline,0.038277555257082,昭通市
Yunnan,2045,ssp245,baseline,0.038277555257082,大理白族自治州
Yunnan,2045,ssp245,baseline,0.038277555257082,西双版纳傣族自治州
Yunnan,2045,ssp245,baseline,0.038277555257082,保山市
Yunnan,2050,ssp245,baseline,0.03897700086236,楚雄彝族自治州
Yunnan,2050,ssp245,baseline,0.03897700086236,迪庆藏族自治州
Yunnan,2050,ssp245,baseline,0.03897700086236,红河哈尼族彝族自治州
Yunnan,2050,ssp245,baseline,0.03897700086236,昆明市
Yunnan,2050,ssp245,baseline,0.03897700086236,德宏傣族景颇族自治州
Yunnan,2050,ssp245,baseline,0.03897700086236,怒江傈僳族自治州
Yunnan,2050,ssp245,baseline,0.03897700086236,普洱市
Yunnan,2050,ssp245,baseline,0.03897700086236,丽江市
Yunnan,2050,ssp245,baseline,0.03897700086236,临沧市
Yunnan,2050,ssp245,baseline,0.03897700086236,玉溪市
Yunnan,2050,ssp245,baseline,0.03897700086236,文山壮族苗族自治州
Yunnan,2050,ssp245,baseline,0.03897700086236,曲靖市
Yunnan,2050,ssp245,baseline,0.03897700086236,昭通市
Yunnan,2050,ssp245,baseline,0.03897700086236,大理白族自治州
Yunnan,2050,ssp245,baseline,0.03897700086236,西双版纳傣族自治州
Yunnan,2050,ssp245,baseline,0.03897700086236,保山市
Yunnan,2030,ssp585,baseline,0.0369038879871368,楚雄彝族自治州
Yunnan,2030,ssp585,baseline,0.0369038879871368,迪庆藏族自治州
Yunnan,2030,ssp585,baseline,0.0369038879871368,红河哈尼族彝族自治州
Yunnan,2030,ssp585,baseline,0.0369038879871368,昆明市
Yunnan,2030,ssp585,baseline,0.0369038879871368,德宏傣族景颇族自治州
Yunnan,2030,ssp585,baseline,0.0369038879871368,怒江傈僳族自治州
Yunnan,2030,ssp585,baseline,0.0369038879871368,普洱市
Yunnan,2030,ssp585,baseline,0.0369038879871368,丽江市
Yunnan,2030,ssp585,baseline,0.0369038879871368,临沧市
Yunnan,2030,ssp585,baseline,0.0369038879871368,玉溪市
Yunnan,2030,ssp585,baseline,0.0369038879871368,文山壮族苗族自治州
Yunnan,2030,ssp585,baseline,0.0369038879871368,曲靖市
Yunnan,2030,ssp585,baseline,0.0369038879871368,昭通市
Yunnan,2030,ssp585,baseline,0.0369038879871368,大理白族自治州
Yunnan,2030,ssp585,baseline,0.0369038879871368,西双版纳傣族自治州
Yunnan,2030,ssp585,baseline,0.0369038879871368,保山市
Yunnan,2035,ssp585,baseline,0.0298190247267485,楚雄彝族自治州
Yunnan,2035,ssp585,baseline,0.0298190247267485,迪庆藏族自治州
Yunnan,2035,ssp585,baseline,0.0298190247267485,红河哈尼族彝族自治州
Yunnan,2035,ssp585,baseline,0.0298190247267485,昆明市
Yunnan,2035,ssp585,baseline,0.0298190247267485,德宏傣族景颇族自治州
Yunnan,2035,ssp585,baseline,0.0298190247267485,怒江傈僳族自治州
Yunnan,2035,ssp585,baseline,0.0298190247267485,普洱市
Yunnan,2035,ssp585,baseline,0.0298190247267485,丽江市
Yunnan,2035,ssp585,baseline,0.0298190247267485,临沧市
Yunnan,2035,ssp585,baseline,0.0298190247267485,玉溪市
Yunnan,2035,ssp585,baseline,0.0298190247267485,文山壮族苗族自治州
Yunnan,2035,ssp585,baseline,0.0298190247267485,曲靖市
Yunnan,2035,ssp585,baseline,0.0298190247267485,昭通市
Yunnan,2035,ssp585,baseline,0.0298190247267485,大理白族自治州
Yunnan,2035,ssp585,baseline,0.0298190247267485,西双版纳傣族自治州
Yunnan,2035,ssp585,baseline,0.0298190247267485,保山市
Yunnan,2040,ssp585,baseline,0.0187714714556932,楚雄彝族自治州
Yunnan,2040,ssp585,baseline,0.0187714714556932,迪庆藏族自治州
Yunnan,2040,ssp585,baseline,0.0187714714556932,红河哈尼族彝族自治州
Yunnan,2040,ssp585,baseline,0.0187714714556932,昆明市
Yunnan,2040,ssp585,baseline,0.0187714714556932,德宏傣族景颇族自治州
Yunnan,2040,ssp585,baseline,0.0187714714556932,怒江傈僳族自治州
Yunnan,2040,ssp585,baseline,0.0187714714556932,普洱市
Yunnan,2040,ssp585,baseline,0.0187714714556932,丽江市
Yunnan,2040,ssp585,baseline,0.0187714714556932,临沧市
Yunnan,2040,ssp585,baseline,0.0187714714556932,玉溪市
Yunnan,2040,ssp585,baseline,0.0187714714556932,文山壮族苗族自治州
Yunnan,2040,ssp585,baseline,0.0187714714556932,曲靖市
Yunnan,2040,ssp585,baseline,0.0187714714556932,昭通市
Yunnan,2040,ssp585,baseline,0.0187714714556932,大理白族自治州
Yunnan,2040,ssp585,baseline,0.0187714714556932,西双版纳傣族自治州
Yunnan,2040,ssp585,baseline,0.0187714714556932,保山市
Yunnan,2045,ssp585,baseline,0.02757334895432,楚雄彝族自治州
Yunnan,2045,ssp585,baseline,0.02757334895432,迪庆藏族自治州
Yunnan,2045,ssp585,baseline,0.02757334895432,红河哈尼族彝族自治州
Yunnan,2045,ssp585,baseline,0.02757334895432,昆明市
Yunnan,2045,ssp585,baseline,0.02757334895432,德宏傣族景颇族自治州
Yunnan,2045,ssp585,baseline,0.02757334895432,怒江傈僳族自治州
Yunnan,2045,ssp585,baseline,0.02757334895432,普洱市
Yunnan,2045,ssp585,baseline,0.02757334895432,丽江市
Yunnan,2045,ssp585,baseline,0.02757334895432,临沧市
Yunnan,2045,ssp585,baseline,0.02757334895432,玉溪市
Yunnan,2045,ssp585,baseline,0.02757334895432,文山壮族苗族自治州
Yunnan,2045,ssp585,baseline,0.02757334895432,曲靖市
Yunnan,2045,ssp585,baseline,0.02757334895432,昭通市
Yunnan,2045,ssp585,baseline,0.02757334895432,大理白族自治州
Yunnan,2045,ssp585,baseline,0.02757334895432,西双版纳傣族自治州
Yunnan,2045,ssp585,baseline,0.02757334895432,保山市
Yunnan,2050,ssp585,baseline,0.130939781665802,楚雄彝族自治州
Yunnan,2050,ssp585,baseline,0.130939781665802,迪庆藏族自治州
Yunnan,2050,ssp585,baseline,0.130939781665802,红河哈尼族彝族自治州
Yunnan,2050,ssp585,baseline,0.130939781665802,昆明市
Yunnan,2050,ssp585,baseline,0.130939781665802,德宏傣族景颇族自治州
Yunnan,2050,ssp585,baseline,0.130939781665802,怒江傈僳族自治州
Yunnan,2050,ssp585,baseline,0.130939781665802,普洱市
Yunnan,2050,ssp585,baseline,0.130939781665802,丽江市
Yunnan,2050,ssp585,baseline,0.130939781665802,临沧市
Yunnan,2050,ssp585,baseline,0.130939781665802,玉溪市
Yunnan,2050,ssp585,baseline,0.130939781665802,文山壮族苗族自治州
Yunnan,2050,ssp585,baseline,0.130939781665802,曲靖市
Yunnan,2050,ssp585,baseline,0.130939781665802,昭通市
Yunnan,2050,ssp585,baseline,0.130939781665802,大理白族自治州
Yunnan,2050,ssp585,baseline,0.130939781665802,西双版纳傣族自治州
Yunnan,2050,ssp585,baseline,0.130939781665802,保山市
Yunnan,2030,current,trend,0.0676053538918495,楚雄彝族自治州
Yunnan,2030,current,trend,0.0676053538918495,迪庆藏族自治州
Yunnan,2030,current,trend,0.0676053538918495,红河哈尼族彝族自治州
Yunnan,2030,current,trend,0.0676053538918495,昆明市
Yunnan,2030,current,trend,0.0676053538918495,德宏傣族景颇族自治州
Yunnan,2030,current,trend,0.0676053538918495,怒江傈僳族自治州
Yunnan,2030,current,trend,0.0676053538918495,普洱市
Yunnan,2030,current,trend,0.0676053538918495,丽江市
Yunnan,2030,current,trend,0.0676053538918495,临沧市
Yunnan,2030,current,trend,0.0676053538918495,玉溪市
Yunnan,2030,current,trend,0.0676053538918495,文山壮族苗族自治州
Yunnan,2030,current,trend,0.0676053538918495,曲靖市
Yunnan,2030,current,trend,0.0676053538918495,昭通市
Yunnan,2030,current,trend,0.0676053538918495,大理白族自治州
Yunnan,2030,current,trend,0.0676053538918495,西双版纳傣族自治州
Yunnan,2030,current,trend,0.0676053538918495,保山市
Yunnan,2035,current,trend,0.136548444628716,楚雄彝族自治州
Yunnan,2035,current,trend,0.136548444628716,迪庆藏族自治州
Yunnan,2035,current,trend,0.136548444628716,红河哈尼族彝族自治州
Yunnan,2035,current,trend,0.136548444628716,昆明市
Yunnan,2035,current,trend,0.136548444628716,德宏傣族景颇族自治州
Yunnan,2035,current,trend,0.136548444628716,怒江傈僳族自治州
Yunnan,2035,current,trend,0.136548444628716,普洱市
Yunnan,2035,current,trend,0.136548444628716,丽江市
Yunnan,2035,current,trend,0.136548444628716,临沧市
Yunnan,2035,current,trend,0.136548444628716,玉溪市
Yunnan,2035,current,trend,0.136548444628716,文山壮族苗族自治州
Yunnan,2035,current,trend,0.136548444628716,曲靖市
Yunnan,2035,current,trend,0.136548444628716,昭通市
Yunnan,2035,current,trend,0.136548444628716,大理白族自治州
Yunnan,2035,current,trend,0.136548444628716,西双版纳傣族自治州
Yunnan,2035,current,trend,0.136548444628716,保山市
Yunnan,2040,current,trend,0.205151364207268,楚雄彝族自治州
Yunnan,2040,current,trend,0.205151364207268,迪庆藏族自治州
Yunnan,2040,current,trend,0.205151364207268,红河哈尼族彝族自治州
Yunnan,2040,current,trend,0.205151364207268,昆明市
Yunnan,2040,current,trend,0.205151364207268,德宏傣族景颇族自治州
Yunnan,2040,current,trend,0.205151364207268,怒江傈僳族自治州
Yunnan,2040,current,trend,0.205151364207268,普洱市
Yunnan,2040,current,trend,0.205151364207268,丽江市
Yunnan,2040,current,trend,0.205151364207268,临沧市
Yunnan,2040,current,trend,0.205151364207268,玉溪市
Yunnan,2040,current,trend,0.205151364207268,文山壮族苗族自治州
Yunnan,2040,current,trend,0.205151364207268,曲靖市
Yunnan,2040,current,trend,0.205151364207268,昭通市
Yunnan,2040,current,trend,0.205151364207268,大理白族自治州
Yunnan,2040,current,trend,0.205151364207268,西双版纳傣族自治州
Yunnan,2040,current,trend,0.205151364207268,保山市
Yunnan,2045,current,trend,0.239764824509621,楚雄彝族自治州
Yunnan,2045,current,trend,0.239764824509621,迪庆藏族自治州
Yunnan,2045,current,trend,0.239764824509621,红河哈尼族彝族自治州
Yunnan,2045,current,trend,0.239764824509621,昆明市
Yunnan,2045,current,trend,0.239764824509621,德宏傣族景颇族自治州
Yunnan,2045,current,trend,0.239764824509621,怒江傈僳族自治州
Yunnan,2045,current,trend,0.239764824509621,普洱市
Yunnan,2045,current,trend,0.239764824509621,丽江市
Yunnan,2045,current,trend,0.239764824509621,临沧市
Yunnan,2045,current,trend,0.239764824509621,玉溪市
Yunnan,2045,current,trend,0.239764824509621,文山壮族苗族自治州
Yunnan,2045,current,trend,0.239764824509621,曲靖市
Yunnan,2045,current,trend,0.239764824509621,昭通市
Yunnan,2045,current,trend,0.239764824509621,大理白族自治州
Yunnan,2045,current,trend,0.239764824509621,西双版纳傣族自治州
Yunnan,2045,current,trend,0.239764824509621,保山市
Yunnan,2050,current,trend,0.214841619133949,楚雄彝族自治州
Yunnan,2050,current,trend,0.214841619133949,迪庆藏族自治州
Yunnan,2050,current,trend,0.214841619133949,红河哈尼族彝族自治州
Yunnan,2050,current,trend,0.214841619133949,昆明市
Yunnan,2050,current,trend,0.214841619133949,德宏傣族景颇族自治州
Yunnan,2050,current,trend,0.214841619133949,怒江傈僳族自治州
Yunnan,2050,current,trend,0.214841619133949,普洱市
Yunnan,2050,current,trend,0.214841619133949,丽江市
Yunnan,2050,current,trend,0.214841619133949,临沧市
Yunnan,2050,current,trend,0.214841619133949,玉溪市
Yunnan,2050,current,trend,0.214841619133949,文山壮族苗族自治州
Yunnan,2050,current,trend,0.214841619133949,曲靖市
Yunnan,2050,current,trend,0.214841619133949,昭通市
Yunnan,2050,current,trend,0.214841619133949,大理白族自治州
Yunnan,2050,current,trend,0.214841619133949,西双版纳傣族自治州
Yunnan,2050,current,trend,0.214841619133949,保山市
Yunnan,2030,ssp245,trend,0.0707401186227799,楚雄彝族自治州
Yunnan,2030,ssp245,trend,0.0707401186227799,迪庆藏族自治州
Yunnan,2030,ssp245,trend,0.0707401186227799,红河哈尼族彝族自治州
Yunnan,2030,ssp245,trend,0.0707401186227799,昆明市
Yunnan,2030,ssp245,trend,0.0707401186227799,德宏傣族景颇族自治州
Yunnan,2030,ssp245,trend,0.0707401186227799,怒江傈僳族自治州
Yunnan,2030,ssp245,trend,0.0707401186227799,普洱市
Yunnan,2030,ssp245,trend,0.0707401186227799,丽江市
Yunnan,2030,ssp245,trend,0.0707401186227799,临沧市
Yunnan,2030,ssp245,trend,0.0707401186227799,玉溪市
Yunnan,2030,ssp245,trend,0.0707401186227799,文山壮族苗族自治州
Yunnan,2030,ssp245,trend,0.0707401186227799,曲靖市
Yunnan,2030,ssp245,trend,0.0707401186227799,昭通市
Yunnan,2030,ssp245,trend,0.0707401186227799,大理白族自治州
Yunnan,2030,ssp245,trend,0.0707401186227799,西双版纳傣族自治州
Yunnan,2030,ssp245,trend,0.0707401186227799,保山市
Yunnan,2035,ssp245,trend,0.110712252557278,楚雄彝族自治州
Yunnan,2035,ssp245,trend,0.110712252557278,迪庆藏族自治州
Yunnan,2035,ssp245,trend,0.110712252557278,红河哈尼族彝族自治州
Yunnan,2035,ssp245,trend,0.110712252557278,昆明市
Yunnan,2035,ssp245,trend,0.110712252557278,德宏傣族景颇族自治州
Yunnan,2035,ssp245,trend,0.110712252557278,怒江傈僳族自治州
Yunnan,2035,ssp245,trend,0.110712252557278,普洱市
Yunnan,2035,ssp245,trend,0.110712252557278,丽江市
Yunnan,2035,ssp245,trend,0.110712252557278,临沧市
Yunnan,2035,ssp245,trend,0.110712252557278,玉溪市
Yunnan,2035,ssp245,trend,0.110712252557278,文山壮族苗族自治州
Yunnan,2035,ssp245,trend,0.110712252557278,曲靖市
Yunnan,2035,ssp245,trend,0.110712252557278,昭通市
Yunnan,2035,ssp245,trend,0.110712252557278,大理白族自治州
Yunnan,2035,ssp245,trend,0.110712252557278,西双版纳傣族自治州
Yunnan,2035,ssp245,trend,0.110712252557278,保山市
Yunnan,2040,ssp245,trend,0.081046536564827,楚雄彝族自治州
Yunnan,2040,ssp245,trend,0.081046536564827,迪庆藏族自治州
Yunnan,2040,ssp245,trend,0.081046536564827,红河哈尼族彝族自治州
Yunnan,2040,ssp245,trend,0.081046536564827,昆明市
Yunnan,2040,ssp245,trend,0.081046536564827,德宏傣族景颇族自治州
Yunnan,2040,ssp245,trend,0.081046536564827,怒江傈僳族自治州
Yunnan,2040,ssp245,trend,0.081046536564827,普洱市
Yunnan,2040,ssp245,trend,0.081046536564827,丽江市
Yunnan,2040,ssp245,trend,0.081046536564827,临沧市
Yunnan,2040,ssp245,trend,0.081046536564827,玉溪市
Yunnan,2040,ssp245,trend,0.081046536564827,文山壮族苗族自治州
Yunnan,2040,ssp245,trend,0.081046536564827,曲靖市
Yunnan,2040,ssp245,trend,0.081046536564827,昭通市
Yunnan,2040,ssp245,trend,0.081046536564827,大理白族自治州
Yunnan,2040,ssp245,trend,0.081046536564827,西双版纳傣族自治州
Yunnan,2040,ssp245,trend,0.081046536564827,保山市
Yunnan,2045,ssp245,trend,0.334004759788513,楚雄彝族自治州
Yunnan,2045,ssp245,trend,0.334004759788513,迪庆藏族自治州
Yunnan,2045,ssp245,trend,0.334004759788513,红河哈尼族彝族自治州
Yunnan,2045,ssp245,trend,0.334004759788513,昆明市
Yunnan,2045,ssp245,trend,0.334004759788513,德宏傣族景颇族自治州
Yunnan,2045,ssp245,trend,0.334004759788513,怒江傈僳族自治州
Yunnan,2045,ssp245,trend,0.334004759788513,普洱市
Yunnan,2045,ssp245,trend,0.334004759788513,丽江市
Yunnan,2045,ssp245,trend,0.334004759788513,临沧市
Yunnan,2045,ssp245,trend,0.334004759788513,玉溪市
Yunnan,2045,ssp245,trend,0.334004759788513,文山壮族苗族自治州
Yunnan,2045,ssp245,trend,0.334004759788513,曲靖市
Yunnan,2045,ssp245,trend,0.334004759788513,昭通市
Yunnan,2045,ssp245,trend,0.334004759788513,大理白族自治州
Yunnan,2045,ssp245,trend,0.334004759788513,西双版纳傣族自治州
Yunnan,2045,ssp245,trend,0.334004759788513,保山市
Yunnan,2050,ssp245,trend,0.184095993638039,楚雄彝族自治州
Yunnan,2050,ssp245,trend,0.184095993638039,迪庆藏族自治州
Yunnan,2050,ssp245,trend,0.184095993638039,红河哈尼族彝族自治州
Yunnan,2050,ssp245,trend,0.184095993638039,昆明市
Yunnan,2050,ssp245,trend,0.184095993638039,德宏傣族景颇族自治州
Yunnan,2050,ssp245,trend,0.184095993638039,怒江傈僳族自治州
Yunnan,2050,ssp245,trend,0.184095993638039,普洱市
Yunnan,2050,ssp245,trend,0.184095993638039,丽江市
Yunnan,2050,ssp245,trend,0.184095993638039,临沧市
Yunnan,2050,ssp245,trend,0.184095993638039,玉溪市
Yunnan,2050,ssp245,trend,0.184095993638039,文山壮族苗族自治州
Yunnan,2050,ssp245,trend,0.184095993638039,曲靖市
Yunnan,2050,ssp245,trend,0.184095993638039,昭通市
Yunnan,2050,ssp245,trend,0.184095993638039,大理白族自治州
Yunnan,2050,ssp245,trend,0.184095993638039,西双版纳傣族自治州
Yunnan,2050,ssp245,trend,0.184095993638039,保山市
Yunnan,2030,ssp585,trend,0.0597579926252365,楚雄彝族自治州
Yunnan,2030,ssp585,trend,0.0597579926252365,迪庆藏族自治州
Yunnan,2030,ssp585,trend,0.0597579926252365,红河哈尼族彝族自治州
Yunnan,2030,ssp585,trend,0.0597579926252365,昆明市
Yunnan,2030,ssp585,trend,0.0597579926252365,德宏傣族景颇族自治州
Yunnan,2030,ssp585,trend,0.0597579926252365,怒江傈僳族自治州
Yunnan,2030,ssp585,trend,0.0597579926252365,普洱市
Yunnan,2030,ssp585,trend,0.0597579926252365,丽江市
Yunnan,2030,ssp585,trend,0.0597579926252365,临沧市
Yunnan,2030,ssp585,trend,0.0597579926252365,玉溪市
Yunnan,2030,ssp585,trend,0.0597579926252365,文山壮族苗族自治州
Yunnan,2030,ssp585,trend,0.0597579926252365,曲靖市
Yunnan,2030,ssp585,trend,0.0597579926252365,昭通市
Yunnan,2030,ssp585,trend,0.0597579926252365,大理白族自治州
Yunnan,2030,ssp585,trend,0.0597579926252365,西双版纳傣族自治州
Yunnan,2030,ssp585,trend,0.0597579926252365,保山市
Yunnan,2035,ssp585,trend,0.187257885932922,楚雄彝族自治州
Yunnan,2035,ssp585,trend,0.187257885932922,迪庆藏族自治州
Yunnan,2035,ssp585,trend,0.187257885932922,红河哈尼族彝族自治州
Yunnan,2035,ssp585,trend,0.187257885932922,昆明市
Yunnan,2035,ssp585,trend,0.187257885932922,德宏傣族景颇族自治州
Yunnan,2035,ssp585,trend,0.187257885932922,怒江傈僳族自治州
Yunnan,2035,ssp585,trend,0.187257885932922,普洱市
Yunnan,2035,ssp585,trend,0.187257885932922,丽江市
Yunnan,2035,ssp585,trend,0.187257885932922,临沧市
Yunnan,2035,ssp585,trend,0.187257885932922,玉溪市
Yunnan,2035,ssp585,trend,0.187257885932922,文山壮族苗族自治州
Yunnan,2035,ssp585,trend,0.187257885932922,曲靖市
Yunnan,2035,ssp585,trend,0.187257885932922,昭通市
Yunnan,2035,ssp585,trend,0.187257885932922,大理白族自治州
Yunnan,2035,ssp585,trend,0.187257885932922,西双版纳傣族自治州
Yunnan,2035,ssp585,trend,0.187257885932922,保山市
Yunnan,2040,ssp585,trend,0.212112799286842,楚雄彝族自治州
Yunnan,2040,ssp585,trend,0.212112799286842,迪庆藏族自治州
Yunnan,2040,ssp585,trend,0.212112799286842,红河哈尼族彝族自治州
Yunnan,2040,ssp585,trend,0.212112799286842,昆明市
Yunnan,2040,ssp585,trend,0.212112799286842,德宏傣族景颇族自治州
Yunnan,2040,ssp585,trend,0.212112799286842,怒江傈僳族自治州
Yunnan,2040,ssp585,trend,0.212112799286842,普洱市
Yunnan,2040,ssp585,trend,0.212112799286842,丽江市
Yunnan,2040,ssp585,trend,0.212112799286842,临沧市
Yunnan,2040,ssp585,trend,0.212112799286842,玉溪市
Yunnan,2040,ssp585,trend,0.212112799286842,文山壮族苗族自治州
Yunnan,2040,ssp585,trend,0.212112799286842,曲靖市
Yunnan,2040,ssp585,trend,0.212112799286842,昭通市
Yunnan,2040,ssp585,trend,0.212112799286842,大理白族自治州
Yunnan,2040,ssp585,trend,0.212112799286842,西双版纳傣族自治州
Yunnan,2040,ssp585,trend,0.212112799286842,保山市
Yunnan,2045,ssp585,trend,0.408415049314499,楚雄彝族自治州
Yunnan,2045,ssp585,trend,0.408415049314499,迪庆藏族自治州
Yunnan,2045,ssp585,trend,0.408415049314499,红河哈尼族彝族自治州
Yunnan,2045,ssp585,trend,0.408415049314499,昆明市
Yunnan,2045,ssp585,trend,0.408415049314499,德宏傣族景颇族自治州
Yunnan,2045,ssp585,trend,0.408415049314499,怒江傈僳族自治州
Yunnan,2045,ssp585,trend,0.408415049314499,普洱市
Yunnan,2045,ssp585,trend,0.408415049314499,丽江市
Yunnan,2045,ssp585,trend,0.408415049314499,临沧市
Yunnan,2045,ssp585,trend,0.408415049314499,玉溪市
Yunnan,2045,ssp585,trend,0.408415049314499,文山壮族苗族自治州
Yunnan,2045,ssp585,trend,0.408415049314499,曲靖市
Yunnan,2045,ssp585,trend,0.408415049314499,昭通市
Yunnan,2045,ssp585,trend,0.408415049314499,大理白族自治州
Yunnan,2045,ssp585,trend,0.408415049314499,西双版纳傣族自治州
Yunnan,2045,ssp585,trend,0.408415049314499,保山市
Yunnan,2050,ssp585,trend,0.163262233138084,楚雄彝族自治州
Yunnan,2050,ssp585,trend,0.163262233138084,迪庆藏族自治州
Yunnan,2050,ssp585,trend,0.163262233138084,红河哈尼族彝族自治州
Yunnan,2050,ssp585,trend,0.163262233138084,昆明市
Yunnan,2050,ssp585,trend,0.163262233138084,德宏傣族景颇族自治州
Yunnan,2050,ssp585,trend,0.163262233138084,怒江傈僳族自治州
Yunnan,2050,ssp585,trend,0.163262233138084,普洱市
Yunnan,2050,ssp585,trend,0.163262233138084,丽江市
Yunnan,2050,ssp585,trend,0.163262233138084,临沧市
Yunnan,2050,ssp585,trend,0.163262233138084,玉溪市
Yunnan,2050,ssp585,trend,0.163262233138084,文山壮族苗族自治州
Yunnan,2050,ssp585,trend,0.163262233138084,曲靖市
Yunnan,2050,ssp585,trend,0.163262233138084,昭通市
Yunnan,2050,ssp585,trend,0.163262233138084,大理白族自治州
Yunnan,2050,ssp585,trend,0.163262233138084,西双版纳傣族自治州
Yunnan,2050,ssp585,trend,0.163262233138084,保山市
Yunnan,2030,current,doubled,0.0256963260471821,楚雄彝族自治州
Yunnan,2030,current,doubled,0.0256963260471821,迪庆藏族自治州
Yunnan,2030,current,doubled,0.0256963260471821,红河哈尼族彝族自治州
Yunnan,2030,current,doubled,0.0256963260471821,昆明市
Yunnan,2030,current,doubled,0.0256963260471821,德宏傣族景颇族自治州
Yunnan,2030,current,doubled,0.0256963260471821,怒江傈僳族自治州
Yunnan,2030,current,doubled,0.0256963260471821,普洱市
Yunnan,2030,current,doubled,0.0256963260471821,丽江市
Yunnan,2030,current,doubled,0.0256963260471821,临沧市
Yunnan,2030,current,doubled,0.0256963260471821,玉溪市
Yunnan,2030,current,doubled,0.0256963260471821,文山壮族苗族自治州
Yunnan,2030,current,doubled,0.0256963260471821,曲靖市
Yunnan,2030,current,doubled,0.0256963260471821,昭通市
Yunnan,2030,current,doubled,0.0256963260471821,大理白族自治州
Yunnan,2030,current,doubled,0.0256963260471821,西双版纳傣族自治州
Yunnan,2030,current,doubled,0.0256963260471821,保山市
Yunnan,2035,current,doubled,0.0256963260471821,楚雄彝族自治州
Yunnan,2035,current,doubled,0.0256963260471821,迪庆藏族自治州
Yunnan,2035,current,doubled,0.0256963260471821,红河哈尼族彝族自治州
Yunnan,2035,current,doubled,0.0256963260471821,昆明市
Yunnan,2035,current,doubled,0.0256963260471821,德宏傣族景颇族自治州
Yunnan,2035,current,doubled,0.0256963260471821,怒江傈僳族自治州
Yunnan,2035,current,doubled,0.0256963260471821,普洱市
Yunnan,2035,current,doubled,0.0256963260471821,丽江市
Yunnan,2035,current,doubled,0.0256963260471821,临沧市
Yunnan,2035,current,doubled,0.0256963260471821,玉溪市
Yunnan,2035,current,doubled,0.0256963260471821,文山壮族苗族自治州
Yunnan,2035,current,doubled,0.0256963260471821,曲靖市
Yunnan,2035,current,doubled,0.0256963260471821,昭通市
Yunnan,2035,current,doubled,0.0256963260471821,大理白族自治州
Yunnan,2035,current,doubled,0.0256963260471821,西双版纳傣族自治州
Yunnan,2035,current,doubled,0.0256963260471821,保山市
Yunnan,2040,current,doubled,0.0256963260471821,楚雄彝族自治州
Yunnan,2040,current,doubled,0.0256963260471821,迪庆藏族自治州
Yunnan,2040,current,doubled,0.0256963260471821,红河哈尼族彝族自治州
Yunnan,2040,current,doubled,0.0256963260471821,昆明市
Yunnan,2040,current,doubled,0.0256963260471821,德宏傣族景颇族自治州
Yunnan,2040,current,doubled,0.0256963260471821,怒江傈僳族自治州
Yunnan,2040,current,doubled,0.0256963260471821,普洱市
Yunnan,2040,current,doubled,0.0256963260471821,丽江市
Yunnan,2040,current,doubled,0.0256963260471821,临沧市
Yunnan,2040,current,doubled,0.0256963260471821,玉溪市
Yunnan,2040,current,doubled,0.0256963260471821,文山壮族苗族自治州
Yunnan,2040,current,doubled,0.0256963260471821,曲靖市
Yunnan,2040,current,doubled,0.0256963260471821,昭通市
Yunnan,2040,current,doubled,0.0256963260471821,大理白族自治州
Yunnan,2040,current,doubled,0.0256963260471821,西双版纳傣族自治州
Yunnan,2040,current,doubled,0.0256963260471821,保山市
Yunnan,2045,current,doubled,0.0256963260471821,楚雄彝族自治州
Yunnan,2045,current,doubled,0.0256963260471821,迪庆藏族自治州
Yunnan,2045,current,doubled,0.0256963260471821,红河哈尼族彝族自治州
Yunnan,2045,current,doubled,0.0256963260471821,昆明市
Yunnan,2045,current,doubled,0.0256963260471821,德宏傣族景颇族自治州
Yunnan,2045,current,doubled,0.0256963260471821,怒江傈僳族自治州
Yunnan,2045,current,doubled,0.0256963260471821,普洱市
Yunnan,2045,current,doubled,0.0256963260471821,丽江市
Yunnan,2045,current,doubled,0.0256963260471821,临沧市
Yunnan,2045,current,doubled,0.0256963260471821,玉溪市
Yunnan,2045,current,doubled,0.0256963260471821,文山壮族苗族自治州
Yunnan,2045,current,doubled,0.0256963260471821,曲靖市
Yunnan,2045,current,doubled,0.0256963260471821,昭通市
Yunnan,2045,current,doubled,0.0256963260471821,大理白族自治州
Yunnan,2045,current,doubled,0.0256963260471821,西双版纳傣族自治州
Yunnan,2045,current,doubled,0.0256963260471821,保山市
Yunnan,2050,current,doubled,0.0256963260471821,楚雄彝族自治州
Yunnan,2050,current,doubled,0.0256963260471821,迪庆藏族自治州
Yunnan,2050,current,doubled,0.0256963260471821,红河哈尼族彝族自治州
Yunnan,2050,current,doubled,0.0256963260471821,昆明市
Yunnan,2050,current,doubled,0.0256963260471821,德宏傣族景颇族自治州
Yunnan,2050,current,doubled,0.0256963260471821,怒江傈僳族自治州
Yunnan,2050,current,doubled,0.0256963260471821,普洱市
Yunnan,2050,current,doubled,0.0256963260471821,丽江市
Yunnan,2050,current,doubled,0.0256963260471821,临沧市
Yunnan,2050,current,doubled,0.0256963260471821,玉溪市
Yunnan,2050,current,doubled,0.0256963260471821,文山壮族苗族自治州
Yunnan,2050,current,doubled,0.0256963260471821,曲靖市
Yunnan,2050,current,doubled,0.0256963260471821,昭通市
Yunnan,2050,current,doubled,0.0256963260471821,大理白族自治州
Yunnan,2050,current,doubled,0.0256963260471821,西双版纳傣族自治州
Yunnan,2050,current,doubled,0.0256963260471821,保山市
Yunnan,2030,ssp245,doubled,0.0452171377837658,楚雄彝族自治州
Yunnan,2030,ssp245,doubled,0.0452171377837658,迪庆藏族自治州
Yunnan,2030,ssp245,doubled,0.0452171377837658,红河哈尼族彝族自治州
Yunnan,2030,ssp245,doubled,0.0452171377837658,昆明市
Yunnan,2030,ssp245,doubled,0.0452171377837658,德宏傣族景颇族自治州
Yunnan,2030,ssp245,doubled,0.0452171377837658,怒江傈僳族自治州
Yunnan,2030,ssp245,doubled,0.0452171377837658,普洱市
Yunnan,2030,ssp245,doubled,0.0452171377837658,丽江市
Yunnan,2030,ssp245,doubled,0.0452171377837658,临沧市
Yunnan,2030,ssp245,doubled,0.0452171377837658,玉溪市
Yunnan,2030,ssp245,doubled,0.0452171377837658,文山壮族苗族自治州
Yunnan,2030,ssp245,doubled,0.0452171377837658,曲靖市
Yunnan,2030,ssp245,doubled,0.0452171377837658,昭通市
Yunnan,2030,ssp245,doubled,0.0452171377837658,大理白族自治州
Yunnan,2030,ssp245,doubled,0.0452171377837658,西双版纳傣族自治州
Yunnan,2030,ssp245,doubled,0.0452171377837658,保山市
Yunnan,2035,ssp245,doubled,0.0229972787201405,楚雄彝族自治州
Yunnan,2035,ssp245,doubled,0.0229972787201405,迪庆藏族自治州
Yunnan,2035,ssp245,doubled,0.0229972787201405,红河哈尼族彝族自治州
Yunnan,2035,ssp245,doubled,0.0229972787201405,昆明市
Yunnan,2035,ssp245,doubled,0.0229972787201405,德宏傣族景颇族自治州
Yunnan,2035,ssp245,doubled,0.0229972787201405,怒江傈僳族自治州
Yunnan,2035,ssp245,doubled,0.0229972787201405,普洱市
Yunnan,2035,ssp245,doubled,0.0229972787201405,丽江市
Yunnan,2035,ssp245,doubled,0.0229972787201405,临沧市
Yunnan,2035,ssp245,doubled,0.0229972787201405,玉溪市
Yunnan,2035,ssp245,doubled,0.0229972787201405,文山壮族苗族自治州
Yunnan,2035,ssp245,doubled,0.0229972787201405,曲靖市
Yunnan,2035,ssp245,doubled,0.0229972787201405,昭通市
Yunnan,2035,ssp245,doubled,0.0229972787201405,大理白族自治州
Yunnan,2035,ssp245,doubled,0.0229972787201405,西双版纳傣族自治州
Yunnan,2035,ssp245,doubled,0.0229972787201405,保山市
Yunnan,2040,ssp245,doubled,0.0186337530612946,楚雄彝族自治州
Yunnan,2040,ssp245,doubled,0.0186337530612946,迪庆藏族自治州
Yunnan,2040,ssp245,doubled,0.0186337530612946,红河哈尼族彝族自治州
Yunnan,2040,ssp245,doubled,0.0186337530612946,昆明市
Yunnan,2040,ssp245,doubled,0.0186337530612946,德宏傣族景颇族自治州
Yunnan,2040,ssp245,doubled,0.0186337530612946,怒江傈僳族自治州
Yunnan,2040,ssp245,doubled,0.0186337530612946,普洱市
Yunnan,2040,ssp245,doubled,0.0186337530612946,丽江市
Yunnan,2040,ssp245,doubled,0.0186337530612946,临沧市
Yunnan,2040,ssp245,doubled,0.0186337530612946,玉溪市
Yunnan,2040,ssp245,doubled,0.0186337530612946,文山壮族苗族自治州
Yunnan,2040,ssp245,doubled,0.0186337530612946,曲靖市
Yunnan,2040,ssp245,doubled,0.0186337530612946,昭通市
Yunnan,2040,ssp245,doubled,0.0186337530612946,大理白族自治州
Yunnan,2040,ssp245,doubled,0.0186337530612946,西双版纳傣族自治州
Yunnan,2040,ssp245,doubled,0.0186337530612946,保山市
Yunnan,2045,ssp245,doubled,0.0206212252378464,楚雄彝族自治州
Yunnan,2045,ssp245,doubled,0.0206212252378464,迪庆藏族自治州
Yunnan,2045,ssp245,doubled,0.0206212252378464,红河哈尼族彝族自治州
Yunnan,2045,ssp245,doubled,0.0206212252378464,昆明市
Yunnan,2045,ssp245,doubled,0.0206212252378464,德宏傣族景颇族自治州
Yunnan,2045,ssp245,doubled,0.0206212252378464,怒江傈僳族自治州
Yunnan,2045,ssp245,doubled,0.0206212252378464,普洱市
Yunnan,2045,ssp245,doubled,0.0206212252378464,丽江市
Yunnan,2045,ssp245,doubled,0.0206212252378464,临沧市
Yunnan,2045,ssp245,doubled,0.0206212252378464,玉溪市
Yunnan,2045,ssp245,doubled,0.0206212252378464,文山壮族苗族自治州
Yunnan,2045,ssp245,doubled,0.0206212252378464,曲靖市
Yunnan,2045,ssp245,doubled,0.0206212252378464,昭通市
Yunnan,2045,ssp245,doubled,0.0206212252378464,大理白族自治州
Yunnan,2045,ssp245,doubled,0.0206212252378464,西双版纳傣族自治州
Yunnan,2045,ssp245,doubled,0.0206212252378464,保山市
Yunnan,2050,ssp245,doubled,0.0237916950136423,楚雄彝族自治州
Yunnan,2050,ssp245,doubled,0.0237916950136423,迪庆藏族自治州
Yunnan,2050,ssp245,doubled,0.0237916950136423,红河哈尼族彝族自治州
Yunnan,2050,ssp245,doubled,0.0237916950136423,昆明市
Yunnan,2050,ssp245,doubled,0.0237916950136423,德宏傣族景颇族自治州
Yunnan,2050,ssp245,doubled,0.0237916950136423,怒江傈僳族自治州
Yunnan,2050,ssp245,doubled,0.0237916950136423,普洱市
Yunnan,2050,ssp245,doubled,0.0237916950136423,丽江市
Yunnan,2050,ssp245,doubled,0.0237916950136423,临沧市
Yunnan,2050,ssp245,doubled,0.0237916950136423,玉溪市
Yunnan,2050,ssp245,doubled,0.0237916950136423,文山壮族苗族自治州
Yunnan,2050,ssp245,doubled,0.0237916950136423,曲靖市
Yunnan,2050,ssp245,doubled,0.0237916950136423,昭通市
Yunnan,2050,ssp245,doubled,0.0237916950136423,大理白族自治州
Yunnan,2050,ssp245,doubled,0.0237916950136423,西双版纳傣族自治州
Yunnan,2050,ssp245,doubled,0.0237916950136423,保山市
Yunnan,2030,ssp585,doubled,0.0186337530612946,楚雄彝族自治州
Yunnan,2030,ssp585,doubled,0.0186337530612946,迪庆藏族自治州
Yunnan,2030,ssp585,doubled,0.0186337530612946,红河哈尼族彝族自治州
Yunnan,2030,ssp585,doubled,0.0186337530612946,昆明市
Yunnan,2030,ssp585,doubled,0.0186337530612946,德宏傣族景颇族自治州
Yunnan,2030,ssp585,doubled,0.0186337530612946,怒江傈僳族自治州
Yunnan,2030,ssp585,doubled,0.0186337530612946,普洱市
Yunnan,2030,ssp585,doubled,0.0186337530612946,丽江市
Yunnan,2030,ssp585,doubled,0.0186337530612946,临沧市
Yunnan,2030,ssp585,doubled,0.0186337530612946,玉溪市
Yunnan,2030,ssp585,doubled,0.0186337530612946,文山壮族苗族自治州
Yunnan,2030,ssp585,doubled,0.0186337530612946,曲靖市
Yunnan,2030,ssp585,doubled,0.0186337530612946,昭通市
Yunnan,2030,ssp585,doubled,0.0186337530612946,大理白族自治州
Yunnan,2030,ssp585,doubled,0.0186337530612946,西双版纳傣族自治州
Yunnan,2030,ssp585,doubled,0.0186337530612946,保山市
Yunnan,2035,ssp585,doubled,0.0173443555831909,楚雄彝族自治州
Yunnan,2035,ssp585,doubled,0.0173443555831909,迪庆藏族自治州
Yunnan,2035,ssp585,doubled,0.0173443555831909,红河哈尼族彝族自治州
Yunnan,2035,ssp585,doubled,0.0173443555831909,昆明市
Yunnan,2035,ssp585,doubled,0.0173443555831909,德宏傣族景颇族自治州
Yunnan,2035,ssp585,doubled,0.0173443555831909,怒江傈僳族自治州
Yunnan,2035,ssp585,doubled,0.0173443555831909,普洱市
Yunnan,2035,ssp585,doubled,0.0173443555831909,丽江市
Yunnan,2035,ssp585,doubled,0.0173443555831909,临沧市
Yunnan,2035,ssp585,doubled,0.0173443555831909,玉溪市
Yunnan,2035,ssp585,doubled,0.0173443555831909,文山壮族苗族自治州
Yunnan,2035,ssp585,doubled,0.0173443555831909,曲靖市
Yunnan,2035,ssp585,doubled,0.0173443555831909,昭通市
Yunnan,2035,ssp585,doubled,0.0173443555831909,大理白族自治州
Yunnan,2035,ssp585,doubled,0.0173443555831909,西双版纳傣族自治州
Yunnan,2035,ssp585,doubled,0.0173443555831909,保山市
Yunnan,2040,ssp585,doubled,0.0429737195372582,楚雄彝族自治州
Yunnan,2040,ssp585,doubled,0.0429737195372582,迪庆藏族自治州
Yunnan,2040,ssp585,doubled,0.0429737195372582,红河哈尼族彝族自治州
Yunnan,2040,ssp585,doubled,0.0429737195372582,昆明市
Yunnan,2040,ssp585,doubled,0.0429737195372582,德宏傣族景颇族自治州
Yunnan,2040,ssp585,doubled,0.0429737195372582,怒江傈僳族自治州
Yunnan,2040,ssp585,doubled,0.0429737195372582,普洱市
Yunnan,2040,ssp585,doubled,0.0429737195372582,丽江市
Yunnan,2040,ssp585,doubled,0.0429737195372582,临沧市
Yunnan,2040,ssp585,doubled,0.0429737195372582,玉溪市
Yunnan,2040,ssp585,doubled,0.0429737195372582,文山壮族苗族自治州
Yunnan,2040,ssp585,doubled,0.0429737195372582,曲靖市
Yunnan,2040,ssp585,doubled,0.0429737195372582,昭通市
Yunnan,2040,ssp585,doubled,0.0429737195372582,大理白族自治州
Yunnan,2040,ssp585,doubled,0.0429737195372582,西双版纳傣族自治州
Yunnan,2040,ssp585,doubled,0.0429737195372582,保山市
Yunnan,2045,ssp585,doubled,0.0378852412104607,楚雄彝族自治州
Yunnan,2045,ssp585,doubled,0.0378852412104607,迪庆藏族自治州
Yunnan,2045,ssp585,doubled,0.0378852412104607,红河哈尼族彝族自治州
Yunnan,2045,ssp585,doubled,0.0378852412104607,昆明市
Yunnan,2045,ssp585,doubled,0.0378852412104607,德宏傣族景颇族自治州
Yunnan,2045,ssp585,doubled,0.0378852412104607,怒江傈僳族自治州
Yunnan,2045,ssp585,doubled,0.0378852412104607,普洱市
Yunnan,2045,ssp585,doubled,0.0378852412104607,丽江市
Yunnan,2045,ssp585,doubled,0.0378852412104607,临沧市
Yunnan,2045,ssp585,doubled,0.0378852412104607,玉溪市
Yunnan,2045,ssp585,doubled,0.0378852412104607,文山壮族苗族自治州
Yunnan,2045,ssp585,doubled,0.0378852412104607,曲靖市
Yunnan,2045,ssp585,doubled,0.0378852412104607,昭通市
Yunnan,2045,ssp585,doubled,0.0378852412104607,大理白族自治州
Yunnan,2045,ssp585,doubled,0.0378852412104607,西双版纳傣族自治州
Yunnan,2045,ssp585,doubled,0.0378852412104607,保山市
Yunnan,2050,ssp585,doubled,0.0195716582238674,楚雄彝族自治州
Yunnan,2050,ssp585,doubled,0.0195716582238674,迪庆藏族自治州
Yunnan,2050,ssp585,doubled,0.0195716582238674,红河哈尼族彝族自治州
Yunnan,2050,ssp585,doubled,0.0195716582238674,昆明市
Yunnan,2050,ssp585,doubled,0.0195716582238674,德宏傣族景颇族自治州
Yunnan,2050,ssp585,doubled,0.0195716582238674,怒江傈僳族自治州
Yunnan,2050,ssp585,doubled,0.0195716582238674,普洱市
Yunnan,2050,ssp585,doubled,0.0195716582238674,丽江市
Yunnan,2050,ssp585,doubled,0.0195716582238674,临沧市
Yunnan,2050,ssp585,doubled,0.0195716582238674,玉溪市
Yunnan,2050,ssp585,doubled,0.0195716582238674,文山壮族苗族自治州
Yunnan,2050,ssp585,doubled,0.0195716582238674,曲靖市
Yunnan,2050,ssp585,doubled,0.0195716582238674,昭通市
Yunnan,2050,ssp585,doubled,0.0195716582238674,大理白族自治州
Yunnan,2050,ssp585,doubled,0.0195716582238674,西双版纳傣族自治州
Yunnan,2050,ssp585,doubled,0.0195716582238674,保山市
Zhejiang,2030,current,baseline,0.242397740483284,舟山市
Zhejiang,2030,current,baseline,0.242397740483284,衢州市
Zhejiang,2030,current,baseline,0.242397740483284,金华市
Zhejiang,2030,current,baseline,0.242397740483284,绍兴市
Zhejiang,2030,current,baseline,0.242397740483284,杭州市
Zhejiang,2030,current,baseline,0.242397740483284,丽水市
Zhejiang,2030,current,baseline,0.242397740483284,台州市
Zhejiang,2030,current,baseline,0.242397740483284,湖州市
Zhejiang,2030,current,baseline,0.242397740483284,嘉兴市
Zhejiang,2030,current,baseline,0.242397740483284,温州市
Zhejiang,2030,current,baseline,0.242397740483284,宁波市
Zhejiang,2035,current,baseline,0.242397740483284,舟山市
Zhejiang,2035,current,baseline,0.242397740483284,衢州市
Zhejiang,2035,current,baseline,0.242397740483284,金华市
Zhejiang,2035,current,baseline,0.242397740483284,绍兴市
Zhejiang,2035,current,baseline,0.242397740483284,杭州市
Zhejiang,2035,current,baseline,0.242397740483284,丽水市
Zhejiang,2035,current,baseline,0.242397740483284,台州市
Zhejiang,2035,current,baseline,0.242397740483284,湖州市
Zhejiang,2035,current,baseline,0.242397740483284,嘉兴市
Zhejiang,2035,current,baseline,0.242397740483284,温州市
Zhejiang,2035,current,baseline,0.242397740483284,宁波市
Zhejiang,2040,current,baseline,0.242397740483284,舟山市
Zhejiang,2040,current,baseline,0.242397740483284,衢州市
Zhejiang,2040,current,baseline,0.242397740483284,金华市
Zhejiang,2040,current,baseline,0.242397740483284,绍兴市
Zhejiang,2040,current,baseline,0.242397740483284,杭州市
Zhejiang,2040,current,baseline,0.242397740483284,丽水市
Zhejiang,2040,current,baseline,0.242397740483284,台州市
Zhejiang,2040,current,baseline,0.242397740483284,湖州市
Zhejiang,2040,current,baseline,0.242397740483284,嘉兴市
Zhejiang,2040,current,baseline,0.242397740483284,温州市
Zhejiang,2040,current,baseline,0.242397740483284,宁波市
Zhejiang,2045,current,baseline,0.242397740483284,舟山市
Zhejiang,2045,current,baseline,0.242397740483284,衢州市
Zhejiang,2045,current,baseline,0.242397740483284,金华市
Zhejiang,2045,current,baseline,0.242397740483284,绍兴市
Zhejiang,2045,current,baseline,0.242397740483284,杭州市
Zhejiang,2045,current,baseline,0.242397740483284,丽水市
Zhejiang,2045,current,baseline,0.242397740483284,台州市
Zhejiang,2045,current,baseline,0.242397740483284,湖州市
Zhejiang,2045,current,baseline,0.242397740483284,嘉兴市
Zhejiang,2045,current,baseline,0.242397740483284,温州市
Zhejiang,2045,current,baseline,0.242397740483284,宁波市
Zhejiang,2050,current,baseline,0.242397740483284,舟山市
Zhejiang,2050,current,baseline,0.242397740483284,衢州市
Zhejiang,2050,current,baseline,0.242397740483284,金华市
Zhejiang,2050,current,baseline,0.242397740483284,绍兴市
Zhejiang,2050,current,baseline,0.242397740483284,杭州市
Zhejiang,2050,current,baseline,0.242397740483284,丽水市
Zhejiang,2050,current,baseline,0.242397740483284,台州市
Zhejiang,2050,current,baseline,0.242397740483284,湖州市
Zhejiang,2050,current,baseline,0.242397740483284,嘉兴市
Zhejiang,2050,current,baseline,0.242397740483284,温州市
Zhejiang,2050,current,baseline,0.242397740483284,宁波市
Zhejiang,2030,ssp245,baseline,0.0366729199886322,舟山市
Zhejiang,2030,ssp245,baseline,0.0366729199886322,衢州市
Zhejiang,2030,ssp245,baseline,0.0366729199886322,金华市
Zhejiang,2030,ssp245,baseline,0.0366729199886322,绍兴市
Zhejiang,2030,ssp245,baseline,0.0366729199886322,杭州市
Zhejiang,2030,ssp245,baseline,0.0366729199886322,丽水市
Zhejiang,2030,ssp245,baseline,0.0366729199886322,台州市
Zhejiang,2030,ssp245,baseline,0.0366729199886322,湖州市
Zhejiang,2030,ssp245,baseline,0.0366729199886322,嘉兴市
Zhejiang,2030,ssp245,baseline,0.0366729199886322,温州市
Zhejiang,2030,ssp245,baseline,0.0366729199886322,宁波市
Zhejiang,2035,ssp245,baseline,0.0487568117678165,舟山市
Zhejiang,2035,ssp245,baseline,0.0487568117678165,衢州市
Zhejiang,2035,ssp245,baseline,0.0487568117678165,金华市
Zhejiang,2035,ssp245,baseline,0.0487568117678165,绍兴市
Zhejiang,2035,ssp245,baseline,0.0487568117678165,杭州市
Zhejiang,2035,ssp245,baseline,0.0487568117678165,丽水市
Zhejiang,2035,ssp245,baseline,0.0487568117678165,台州市
Zhejiang,2035,ssp245,baseline,0.0487568117678165,湖州市
Zhejiang,2035,ssp245,baseline,0.0487568117678165,嘉兴市
Zhejiang,2035,ssp245,baseline,0.0487568117678165,温州市
Zhejiang,2035,ssp245,baseline,0.0487568117678165,宁波市
Zhejiang,2040,ssp245,baseline,0.0471884347498417,舟山市
Zhejiang,2040,ssp245,baseline,0.0471884347498417,衢州市
Zhejiang,2040,ssp245,baseline,0.0471884347498417,金华市
Zhejiang,2040,ssp245,baseline,0.0471884347498417,绍兴市
Zhejiang,2040,ssp245,baseline,0.0471884347498417,杭州市
Zhejiang,2040,ssp245,baseline,0.0471884347498417,丽水市
Zhejiang,2040,ssp245,baseline,0.0471884347498417,台州市
Zhejiang,2040,ssp245,baseline,0.0471884347498417,湖州市
Zhejiang,2040,ssp245,baseline,0.0471884347498417,嘉兴市
Zhejiang,2040,ssp245,baseline,0.0471884347498417,温州市
Zhejiang,2040,ssp245,baseline,0.0471884347498417,宁波市
Zhejiang,2045,ssp245,baseline,0.193633303046227,舟山市
Zhejiang,2045,ssp245,baseline,0.193633303046227,衢州市
Zhejiang,2045,ssp245,baseline,0.193633303046227,金华市
Zhejiang,2045,ssp245,baseline,0.193633303046227,绍兴市
Zhejiang,2045,ssp245,baseline,0.193633303046227,杭州市
Zhejiang,2045,ssp245,baseline,0.193633303046227,丽水市
Zhejiang,2045,ssp245,baseline,0.193633303046227,台州市
Zhejiang,2045,ssp245,baseline,0.193633303046227,湖州市
Zhejiang,2045,ssp245,baseline,0.193633303046227,嘉兴市
Zhejiang,2045,ssp245,baseline,0.193633303046227,温州市
Zhejiang,2045,ssp245,baseline,0.193633303046227,宁波市
Zhejiang,2050,ssp245,baseline,0.11598976701498,舟山市
Zhejiang,2050,ssp245,baseline,0.11598976701498,衢州市
Zhejiang,2050,ssp245,baseline,0.11598976701498,金华市
Zhejiang,2050,ssp245,baseline,0.11598976701498,绍兴市
Zhejiang,2050,ssp245,baseline,0.11598976701498,杭州市
Zhejiang,2050,ssp245,baseline,0.11598976701498,丽水市
Zhejiang,2050,ssp245,baseline,0.11598976701498,台州市
Zhejiang,2050,ssp245,baseline,0.11598976701498,湖州市
Zhejiang,2050,ssp245,baseline,0.11598976701498,嘉兴市
Zhejiang,2050,ssp245,baseline,0.11598976701498,温州市
Zhejiang,2050,ssp245,baseline,0.11598976701498,宁波市
Zhejiang,2030,ssp585,baseline,0.0471884347498417,舟山市
Zhejiang,2030,ssp585,baseline,0.0471884347498417,衢州市
Zhejiang,2030,ssp585,baseline,0.0471884347498417,金华市
Zhejiang,2030,ssp585,baseline,0.0471884347498417,绍兴市
Zhejiang,2030,ssp585,baseline,0.0471884347498417,杭州市
Zhejiang,2030,ssp585,baseline,0.0471884347498417,丽水市
Zhejiang,2030,ssp585,baseline,0.0471884347498417,台州市
Zhejiang,2030,ssp585,baseline,0.0471884347498417,湖州市
Zhejiang,2030,ssp585,baseline,0.0471884347498417,嘉兴市
Zhejiang,2030,ssp585,baseline,0.0471884347498417,温州市
Zhejiang,2030,ssp585,baseline,0.0471884347498417,宁波市
Zhejiang,2035,ssp585,baseline,0.148045852780342,舟山市
Zhejiang,2035,ssp585,baseline,0.148045852780342,衢州市
Zhejiang,2035,ssp585,baseline,0.148045852780342,金华市
Zhejiang,2035,ssp585,baseline,0.148045852780342,绍兴市
Zhejiang,2035,ssp585,baseline,0.148045852780342,杭州市
Zhejiang,2035,ssp585,baseline,0.148045852780342,丽水市
Zhejiang,2035,ssp585,baseline,0.148045852780342,台州市
Zhejiang,2035,ssp585,baseline,0.148045852780342,湖州市
Zhejiang,2035,ssp585,baseline,0.148045852780342,嘉兴市
Zhejiang,2035,ssp585,baseline,0.148045852780342,温州市
Zhejiang,2035,ssp585,baseline,0.148045852780342,宁波市
Zhejiang,2040,ssp585,baseline,0.0416540801525116,舟山市
Zhejiang,2040,ssp585,baseline,0.0416540801525116,衢州市
Zhejiang,2040,ssp585,baseline,0.0416540801525116,金华市
Zhejiang,2040,ssp585,baseline,0.0416540801525116,绍兴市
Zhejiang,2040,ssp585,baseline,0.0416540801525116,杭州市
Zhejiang,2040,ssp585,baseline,0.0416540801525116,丽水市
Zhejiang,2040,ssp585,baseline,0.0416540801525116,台州市
Zhejiang,2040,ssp585,baseline,0.0416540801525116,湖州市
Zhejiang,2040,ssp585,baseline,0.0416540801525116,嘉兴市
Zhejiang,2040,ssp585,baseline,0.0416540801525116,温州市
Zhejiang,2040,ssp585,baseline,0.0416540801525116,宁波市
Zhejiang,2045,ssp585,baseline,0.056198675185442,舟山市
Zhejiang,2045,ssp585,baseline,0.056198675185442,衢州市
Zhejiang,2045,ssp585,baseline,0.056198675185442,金华市
Zhejiang,2045,ssp585,baseline,0.056198675185442,绍兴市
Zhejiang,2045,ssp585,baseline,0.056198675185442,杭州市
Zhejiang,2045,ssp585,baseline,0.056198675185442,丽水市
Zhejiang,2045,ssp585,baseline,0.056198675185442,台州市
Zhejiang,2045,ssp585,baseline,0.056198675185442,湖州市
Zhejiang,2045,ssp585,baseline,0.056198675185442,嘉兴市
Zhejiang,2045,ssp585,baseline,0.056198675185442,温州市
Zhejiang,2045,ssp585,baseline,0.056198675185442,宁波市
Zhejiang,2050,ssp585,baseline,0.070385567843914,舟山市
Zhejiang,2050,ssp585,baseline,0.070385567843914,衢州市
Zhejiang,2050,ssp585,baseline,0.070385567843914,金华市
Zhejiang,2050,ssp585,baseline,0.070385567843914,绍兴市
Zhejiang,2050,ssp585,baseline,0.070385567843914,杭州市
Zhejiang,2050,ssp585,baseline,0.070385567843914,丽水市
Zhejiang,2050,ssp585,baseline,0.070385567843914,台州市
Zhejiang,2050,ssp585,baseline,0.070385567843914,湖州市
Zhejiang,2050,ssp585,baseline,0.070385567843914,嘉兴市
Zhejiang,2050,ssp585,baseline,0.070385567843914,温州市
Zhejiang,2050,ssp585,baseline,0.070385567843914,宁波市
Zhejiang,2030,current,trend,0.205125153064728,舟山市
Zhejiang,2030,current,trend,0.205125153064728,衢州市
Zhejiang,2030,current,trend,0.205125153064728,金华市
Zhejiang,2030,current,trend,0.205125153064728,绍兴市
Zhejiang,2030,current,trend,0.205125153064728,杭州市
Zhejiang,2030,current,trend,0.205125153064728,丽水市
Zhejiang,2030,current,trend,0.205125153064728,台州市
Zhejiang,2030,current,trend,0.205125153064728,湖州市
Zhejiang,2030,current,trend,0.205125153064728,嘉兴市
Zhejiang,2030,current,trend,0.205125153064728,温州市
Zhejiang,2030,current,trend,0.205125153064728,宁波市
Zhejiang,2035,current,trend,0.206952139735222,舟山市
Zhejiang,2035,current,trend,0.206952139735222,衢州市
Zhejiang,2035,current,trend,0.206952139735222,金华市
Zhejiang,2035,current,trend,0.206952139735222,绍兴市
Zhejiang,2035,current,trend,0.206952139735222,杭州市
Zhejiang,2035,current,trend,0.206952139735222,丽水市
Zhejiang,2035,current,trend,0.206952139735222,台州市
Zhejiang,2035,current,trend,0.206952139735222,湖州市
Zhejiang,2035,current,trend,0.206952139735222,嘉兴市
Zhejiang,2035,current,trend,0.206952139735222,温州市
Zhejiang,2035,current,trend,0.206952139735222,宁波市
Zhejiang,2040,current,trend,0.29090017080307,舟山市
Zhejiang,2040,current,trend,0.29090017080307,衢州市
Zhejiang,2040,current,trend,0.29090017080307,金华市
Zhejiang,2040,current,trend,0.29090017080307,绍兴市
Zhejiang,2040,current,trend,0.29090017080307,杭州市
Zhejiang,2040,current,trend,0.29090017080307,丽水市
Zhejiang,2040,current,trend,0.29090017080307,台州市
Zhejiang,2040,current,trend,0.29090017080307,湖州市
Zhejiang,2040,current,trend,0.29090017080307,嘉兴市
Zhejiang,2040,current,trend,0.29090017080307,温州市
Zhejiang,2040,current,trend,0.29090017080307,宁波市
Zhejiang,2045,current,trend,0.263163238763809,舟山市
Zhejiang,2045,current,trend,0.263163238763809,衢州市
Zhejiang,2045,current,trend,0.263163238763809,金华市
Zhejiang,2045,current,trend,0.263163238763809,绍兴市
Zhejiang,2045,current,trend,0.263163238763809,杭州市
Zhejiang,2045,current,trend,0.263163238763809,丽水市
Zhejiang,2045,current,trend,0.263163238763809,台州市
Zhejiang,2045,current,trend,0.263163238763809,湖州市
Zhejiang,2045,current,trend,0.263163238763809,嘉兴市
Zhejiang,2045,current,trend,0.263163238763809,温州市
Zhejiang,2045,current,trend,0.263163238763809,宁波市
Zhejiang,2050,current,trend,0.282232522964478,舟山市
Zhejiang,2050,current,trend,0.282232522964478,衢州市
Zhejiang,2050,current,trend,0.282232522964478,金华市
Zhejiang,2050,current,trend,0.282232522964478,绍兴市
Zhejiang,2050,current,trend,0.282232522964478,杭州市
Zhejiang,2050,current,trend,0.282232522964478,丽水市
Zhejiang,2050,current,trend,0.282232522964478,台州市
Zhejiang,2050,current,trend,0.282232522964478,湖州市
Zhejiang,2050,current,trend,0.282232522964478,嘉兴市
Zhejiang,2050,current,trend,0.282232522964478,温州市
Zhejiang,2050,current,trend,0.282232522964478,宁波市
Zhejiang,2030,ssp245,trend,0.0666957870125771,舟山市
Zhejiang,2030,ssp245,trend,0.0666957870125771,衢州市
Zhejiang,2030,ssp245,trend,0.0666957870125771,金华市
Zhejiang,2030,ssp245,trend,0.0666957870125771,绍兴市
Zhejiang,2030,ssp245,trend,0.0666957870125771,杭州市
Zhejiang,2030,ssp245,trend,0.0666957870125771,丽水市
Zhejiang,2030,ssp245,trend,0.0666957870125771,台州市
Zhejiang,2030,ssp245,trend,0.0666957870125771,湖州市
Zhejiang,2030,ssp245,trend,0.0666957870125771,嘉兴市
Zhejiang,2030,ssp245,trend,0.0666957870125771,温州市
Zhejiang,2030,ssp245,trend,0.0666957870125771,宁波市
Zhejiang,2035,ssp245,trend,0.0948475301265717,舟山市
Zhejiang,2035,ssp245,trend,0.0948475301265717,衢州市
Zhejiang,2035,ssp245,trend,0.0948475301265717,金华市
Zhejiang,2035,ssp245,trend,0.0948475301265717,绍兴市
Zhejiang,2035,ssp245,trend,0.0948475301265717,杭州市
Zhejiang,2035,ssp245,trend,0.0948475301265717,丽水市
Zhejiang,2035,ssp245,trend,0.0948475301265717,台州市
Zhejiang,2035,ssp245,trend,0.0948475301265717,湖州市
Zhejiang,2035,ssp245,trend,0.0948475301265717,嘉兴市
Zhejiang,2035,ssp245,trend,0.0948475301265717,温州市
Zhejiang,2035,ssp245,trend,0.0948475301265717,宁波市
Zhejiang,2040,ssp245,trend,0.0521675609052181,舟山市
Zhejiang,2040,ssp245,trend,0.0521675609052181,衢州市
Zhejiang,2040,ssp245,trend,0.0521675609052181,金华市
Zhejiang,2040,ssp245,trend,0.0521675609052181,绍兴市
Zhejiang,2040,ssp245,trend,0.0521675609052181,杭州市
Zhejiang,2040,ssp245,trend,0.0521675609052181,丽水市
Zhejiang,2040,ssp245,trend,0.0521675609052181,台州市
Zhejiang,2040,ssp245,trend,0.0521675609052181,湖州市
Zhejiang,2040,ssp245,trend,0.0521675609052181,嘉兴市
Zhejiang,2040,ssp245,trend,0.0521675609052181,温州市
Zhejiang,2040,ssp245,trend,0.0521675609052181,宁波市
Zhejiang,2045,ssp245,trend,0.0680433362722397,舟山市
Zhejiang,2045,ssp245,trend,0.0680433362722397,衢州市
Zhejiang,2045,ssp245,trend,0.0680433362722397,金华市
Zhejiang,2045,ssp245,trend,0.0680433362722397,绍兴市
Zhejiang,2045,ssp245,trend,0.0680433362722397,杭州市
Zhejiang,2045,ssp245,trend,0.0680433362722397,丽水市
Zhejiang,2045,ssp245,trend,0.0680433362722397,台州市
Zhejiang,2045,ssp245,trend,0.0680433362722397,湖州市
Zhejiang,2045,ssp245,trend,0.0680433362722397,嘉兴市
Zhejiang,2045,ssp245,trend,0.0680433362722397,温州市
Zhejiang,2045,ssp245,trend,0.0680433362722397,宁波市
Zhejiang,2050,ssp245,trend,0.144822955131531,舟山市
Zhejiang,2050,ssp245,trend,0.144822955131531,衢州市
Zhejiang,2050,ssp245,trend,0.144822955131531,金华市
Zhejiang,2050,ssp245,trend,0.144822955131531,绍兴市
Zhejiang,2050,ssp245,trend,0.144822955131531,杭州市
Zhejiang,2050,ssp245,trend,0.144822955131531,丽水市
Zhejiang,2050,ssp245,trend,0.144822955131531,台州市
Zhejiang,2050,ssp245,trend,0.144822955131531,湖州市
Zhejiang,2050,ssp245,trend,0.144822955131531,嘉兴市
Zhejiang,2050,ssp245,trend,0.144822955131531,温州市
Zhejiang,2050,ssp245,trend,0.144822955131531,宁波市
Zhejiang,2030,ssp585,trend,0.108959510922432,舟山市
Zhejiang,2030,ssp585,trend,0.108959510922432,衢州市
Zhejiang,2030,ssp585,trend,0.108959510922432,金华市
Zhejiang,2030,ssp585,trend,0.108959510922432,绍兴市
Zhejiang,2030,ssp585,trend,0.108959510922432,杭州市
Zhejiang,2030,ssp585,trend,0.108959510922432,丽水市
Zhejiang,2030,ssp585,trend,0.108959510922432,台州市
Zhejiang,2030,ssp585,trend,0.108959510922432,湖州市
Zhejiang,2030,ssp585,trend,0.108959510922432,嘉兴市
Zhejiang,2030,ssp585,trend,0.108959510922432,温州市
Zhejiang,2030,ssp585,trend,0.108959510922432,宁波市
Zhejiang,2035,ssp585,trend,0.127465218305588,舟山市
Zhejiang,2035,ssp585,trend,0.127465218305588,衢州市
Zhejiang,2035,ssp585,trend,0.127465218305588,金华市
Zhejiang,2035,ssp585,trend,0.127465218305588,绍兴市
Zhejiang,2035,ssp585,trend,0.127465218305588,杭州市
Zhejiang,2035,ssp585,trend,0.127465218305588,丽水市
Zhejiang,2035,ssp585,trend,0.127465218305588,台州市
Zhejiang,2035,ssp585,trend,0.127465218305588,湖州市
Zhejiang,2035,ssp585,trend,0.127465218305588,嘉兴市
Zhejiang,2035,ssp585,trend,0.127465218305588,温州市
Zhejiang,2035,ssp585,trend,0.127465218305588,宁波市
Zhejiang,2040,ssp585,trend,0.111981071531773,舟山市
Zhejiang,2040,ssp585,trend,0.111981071531773,衢州市
Zhejiang,2040,ssp585,trend,0.111981071531773,金华市
Zhejiang,2040,ssp585,trend,0.111981071531773,绍兴市
Zhejiang,2040,ssp585,trend,0.111981071531773,杭州市
Zhejiang,2040,ssp585,trend,0.111981071531773,丽水市
Zhejiang,2040,ssp585,trend,0.111981071531773,台州市
Zhejiang,2040,ssp585,trend,0.111981071531773,湖州市
Zhejiang,2040,ssp585,trend,0.111981071531773,嘉兴市
Zhejiang,2040,ssp585,trend,0.111981071531773,温州市
Zhejiang,2040,ssp585,trend,0.111981071531773,宁波市
Zhejiang,2045,ssp585,trend,0.0798770561814308,舟山市
Zhejiang,2045,ssp585,trend,0.0798770561814308,衢州市
Zhejiang,2045,ssp585,trend,0.0798770561814308,金华市
Zhejiang,2045,ssp585,trend,0.0798770561814308,绍兴市
Zhejiang,2045,ssp585,trend,0.0798770561814308,杭州市
Zhejiang,2045,ssp585,trend,0.0798770561814308,丽水市
Zhejiang,2045,ssp585,trend,0.0798770561814308,台州市
Zhejiang,2045,ssp585,trend,0.0798770561814308,湖州市
Zhejiang,2045,ssp585,trend,0.0798770561814308,嘉兴市
Zhejiang,2045,ssp585,trend,0.0798770561814308,温州市
Zhejiang,2045,ssp585,trend,0.0798770561814308,宁波市
Zhejiang,2050,ssp585,trend,0.0694858431816101,舟山市
Zhejiang,2050,ssp585,trend,0.0694858431816101,衢州市
Zhejiang,2050,ssp585,trend,0.0694858431816101,金华市
Zhejiang,2050,ssp585,trend,0.0694858431816101,绍兴市
Zhejiang,2050,ssp585,trend,0.0694858431816101,杭州市
Zhejiang,2050,ssp585,trend,0.0694858431816101,丽水市
Zhejiang,2050,ssp585,trend,0.0694858431816101,台州市
Zhejiang,2050,ssp585,trend,0.0694858431816101,湖州市
Zhejiang,2050,ssp585,trend,0.0694858431816101,嘉兴市
Zhejiang,2050,ssp585,trend,0.0694858431816101,温州市
Zhejiang,2050,ssp585,trend,0.0694858431816101,宁波市
Zhejiang,2030,current,doubled,0.263163238763809,舟山市
Zhejiang,2030,current,doubled,0.263163238763809,衢州市
Zhejiang,2030,current,doubled,0.263163238763809,金华市
Zhejiang,2030,current,doubled,0.263163238763809,绍兴市
Zhejiang,2030,current,doubled,0.263163238763809,杭州市
Zhejiang,2030,current,doubled,0.263163238763809,丽水市
Zhejiang,2030,current,doubled,0.263163238763809,台州市
Zhejiang,2030,current,doubled,0.263163238763809,湖州市
Zhejiang,2030,current,doubled,0.263163238763809,嘉兴市
Zhejiang,2030,current,doubled,0.263163238763809,温州市
Zhejiang,2030,current,doubled,0.263163238763809,宁波市
Zhejiang,2035,current,doubled,0.263163238763809,舟山市
Zhejiang,2035,current,doubled,0.263163238763809,衢州市
Zhejiang,2035,current,doubled,0.263163238763809,金华市
Zhejiang,2035,current,doubled,0.263163238763809,绍兴市
Zhejiang,2035,current,doubled,0.263163238763809,杭州市
Zhejiang,2035,current,doubled,0.263163238763809,丽水市
Zhejiang,2035,current,doubled,0.263163238763809,台州市
Zhejiang,2035,current,doubled,0.263163238763809,湖州市
Zhejiang,2035,current,doubled,0.263163238763809,嘉兴市
Zhejiang,2035,current,doubled,0.263163238763809,温州市
Zhejiang,2035,current,doubled,0.263163238763809,宁波市
Zhejiang,2040,current,doubled,0.263163238763809,舟山市
Zhejiang,2040,current,doubled,0.263163238763809,衢州市
Zhejiang,2040,current,doubled,0.263163238763809,金华市
Zhejiang,2040,current,doubled,0.263163238763809,绍兴市
Zhejiang,2040,current,doubled,0.263163238763809,杭州市
Zhejiang,2040,current,doubled,0.263163238763809,丽水市
Zhejiang,2040,current,doubled,0.263163238763809,台州市
Zhejiang,2040,current,doubled,0.263163238763809,湖州市
Zhejiang,2040,current,doubled,0.263163238763809,嘉兴市
Zhejiang,2040,current,doubled,0.263163238763809,温州市
Zhejiang,2040,current,doubled,0.263163238763809,宁波市
Zhejiang,2045,current,doubled,0.263163238763809,舟山市
Zhejiang,2045,current,doubled,0.263163238763809,衢州市
Zhejiang,2045,current,doubled,0.263163238763809,金华市
Zhejiang,2045,current,doubled,0.263163238763809,绍兴市
Zhejiang,2045,current,doubled,0.263163238763809,杭州市
Zhejiang,2045,current,doubled,0.263163238763809,丽水市
Zhejiang,2045,current,doubled,0.263163238763809,台州市
Zhejiang,2045,current,doubled,0.263163238763809,湖州市
Zhejiang,2045,current,doubled,0.263163238763809,嘉兴市
Zhejiang,2045,current,doubled,0.263163238763809,温州市
Zhejiang,2045,current,doubled,0.263163238763809,宁波市
Zhejiang,2050,current,doubled,0.263163238763809,舟山市
Zhejiang,2050,current,doubled,0.263163238763809,衢州市
Zhejiang,2050,current,doubled,0.263163238763809,金华市
Zhejiang,2050,current,doubled,0.263163238763809,绍兴市
Zhejiang,2050,current,doubled,0.263163238763809,杭州市
Zhejiang,2050,current,doubled,0.263163238763809,丽水市
Zhejiang,2050,current,doubled,0.263163238763809,台州市
Zhejiang,2050,current,doubled,0.263163238763809,湖州市
Zhejiang,2050,current,doubled,0.263163238763809,嘉兴市
Zhejiang,2050,current,doubled,0.263163238763809,温州市
Zhejiang,2050,current,doubled,0.263163238763809,宁波市
Zhejiang,2030,ssp245,doubled,0.0594844073057175,舟山市
Zhejiang,2030,ssp245,doubled,0.0594844073057175,衢州市
Zhejiang,2030,ssp245,doubled,0.0594844073057175,金华市
Zhejiang,2030,ssp245,doubled,0.0594844073057175,绍兴市
Zhejiang,2030,ssp245,doubled,0.0594844073057175,杭州市
Zhejiang,2030,ssp245,doubled,0.0594844073057175,丽水市
Zhejiang,2030,ssp245,doubled,0.0594844073057175,台州市
Zhejiang,2030,ssp245,doubled,0.0594844073057175,湖州市
Zhejiang,2030,ssp245,doubled,0.0594844073057175,嘉兴市
Zhejiang,2030,ssp245,doubled,0.0594844073057175,温州市
Zhejiang,2030,ssp245,doubled,0.0594844073057175,宁波市
Zhejiang,2035,ssp245,doubled,0.177061945199966,舟山市
Zhejiang,2035,ssp245,doubled,0.177061945199966,衢州市
Zhejiang,2035,ssp245,doubled,0.177061945199966,金华市
Zhejiang,2035,ssp245,doubled,0.177061945199966,绍兴市
Zhejiang,2035,ssp245,doubled,0.177061945199966,杭州市
Zhejiang,2035,ssp245,doubled,0.177061945199966,丽水市
Zhejiang,2035,ssp245,doubled,0.177061945199966,台州市
Zhejiang,2035,ssp245,doubled,0.177061945199966,湖州市
Zhejiang,2035,ssp245,doubled,0.177061945199966,嘉兴市
Zhejiang,2035,ssp245,doubled,0.177061945199966,温州市
Zhejiang,2035,ssp245,doubled,0.177061945199966,宁波市
Zhejiang,2040,ssp245,doubled,0.0567334145307541,舟山市
Zhejiang,2040,ssp245,doubled,0.0567334145307541,衢州市
Zhejiang,2040,ssp245,doubled,0.0567334145307541,金华市
Zhejiang,2040,ssp245,doubled,0.0567334145307541,绍兴市
Zhejiang,2040,ssp245,doubled,0.0567334145307541,杭州市
Zhejiang,2040,ssp245,doubled,0.0567334145307541,丽水市
Zhejiang,2040,ssp245,doubled,0.0567334145307541,台州市
Zhejiang,2040,ssp245,doubled,0.0567334145307541,湖州市
Zhejiang,2040,ssp245,doubled,0.0567334145307541,嘉兴市
Zhejiang,2040,ssp245,doubled,0.0567334145307541,温州市
Zhejiang,2040,ssp245,doubled,0.0567334145307541,宁波市
Zhejiang,2045,ssp245,doubled,0.0680433362722397,舟山市
Zhejiang,2045,ssp245,doubled,0.0680433362722397,衢州市
Zhejiang,2045,ssp245,doubled,0.0680433362722397,金华市
Zhejiang,2045,ssp245,doubled,0.0680433362722397,绍兴市
Zhejiang,2045,ssp245,doubled,0.0680433362722397,杭州市
Zhejiang,2045,ssp245,doubled,0.0680433362722397,丽水市
Zhejiang,2045,ssp245,doubled,0.0680433362722397,台州市
Zhejiang,2045,ssp245,doubled,0.0680433362722397,湖州市
Zhejiang,2045,ssp245,doubled,0.0680433362722397,嘉兴市
Zhejiang,2045,ssp245,doubled,0.0680433362722397,温州市
Zhejiang,2045,ssp245,doubled,0.0680433362722397,宁波市
Zhejiang,2050,ssp245,doubled,0.15668098628521,舟山市
Zhejiang,2050,ssp245,doubled,0.15668098628521,衢州市
Zhejiang,2050,ssp245,doubled,0.15668098628521,金华市
Zhejiang,2050,ssp245,doubled,0.15668098628521,绍兴市
Zhejiang,2050,ssp245,doubled,0.15668098628521,杭州市
Zhejiang,2050,ssp245,doubled,0.15668098628521,丽水市
Zhejiang,2050,ssp245,doubled,0.15668098628521,台州市
Zhejiang,2050,ssp245,doubled,0.15668098628521,湖州市
Zhejiang,2050,ssp245,doubled,0.15668098628521,嘉兴市
Zhejiang,2050,ssp245,doubled,0.15668098628521,温州市
Zhejiang,2050,ssp245,doubled,0.15668098628521,宁波市
Zhejiang,2030,ssp585,doubled,0.0567334145307541,舟山市
Zhejiang,2030,ssp585,doubled,0.0567334145307541,衢州市
Zhejiang,2030,ssp585,doubled,0.0567334145307541,金华市
Zhejiang,2030,ssp585,doubled,0.0567334145307541,绍兴市
Zhejiang,2030,ssp585,doubled,0.0567334145307541,杭州市
Zhejiang,2030,ssp585,doubled,0.0567334145307541,丽水市
Zhejiang,2030,ssp585,doubled,0.0567334145307541,台州市
Zhejiang,2030,ssp585,doubled,0.0567334145307541,湖州市
Zhejiang,2030,ssp585,doubled,0.0567334145307541,嘉兴市
Zhejiang,2030,ssp585,doubled,0.0567334145307541,温州市
Zhejiang,2030,ssp585,doubled,0.0567334145307541,宁波市
Zhejiang,2035,ssp585,doubled,0.133693978190422,舟山市
Zhejiang,2035,ssp585,doubled,0.133693978190422,衢州市
Zhejiang,2035,ssp585,doubled,0.133693978190422,金华市
Zhejiang,2035,ssp585,doubled,0.133693978190422,绍兴市
Zhejiang,2035,ssp585,doubled,0.133693978190422,杭州市
Zhejiang,2035,ssp585,doubled,0.133693978190422,丽水市
Zhejiang,2035,ssp585,doubled,0.133693978190422,台州市
Zhejiang,2035,ssp585,doubled,0.133693978190422,湖州市
Zhejiang,2035,ssp585,doubled,0.133693978190422,嘉兴市
Zhejiang,2035,ssp585,doubled,0.133693978190422,温州市
Zhejiang,2035,ssp585,doubled,0.133693978190422,宁波市
Zhejiang,2040,ssp585,doubled,0.10464896261692,舟山市
Zhejiang,2040,ssp585,doubled,0.10464896261692,衢州市
Zhejiang,2040,ssp585,doubled,0.10464896261692,金华市
Zhejiang,2040,ssp585,doubled,0.10464896261692,绍兴市
Zhejiang,2040,ssp585,doubled,0.10464896261692,杭州市
Zhejiang,2040,ssp585,doubled,0.10464896261692,丽水市
Zhejiang,2040,ssp585,doubled,0.10464896261692,台州市
Zhejiang,2040,ssp585,doubled,0.10464896261692,湖州市
Zhejiang,2040,ssp585,doubled,0.10464896261692,嘉兴市
Zhejiang,2040,ssp585,doubled,0.10464896261692,温州市
Zhejiang,2040,ssp585,doubled,0.10464896261692,宁波市
Zhejiang,2045,ssp585,doubled,0.0798770561814308,舟山市
Zhejiang,2045,ssp585,doubled,0.0798770561814308,衢州市
Zhejiang,2045,ssp585,doubled,0.0798770561814308,金华市
Zhejiang,2045,ssp585,doubled,0.0798770561814308,绍兴市
Zhejiang,2045,ssp585,doubled,0.0798770561814308,杭州市
Zhejiang,2045,ssp585,doubled,0.0798770561814308,丽水市
Zhejiang,2045,ssp585,doubled,0.0798770561814308,台州市
Zhejiang,2045,ssp585,doubled,0.0798770561814308,湖州市
Zhejiang,2045,ssp585,doubled,0.0798770561814308,嘉兴市
Zhejiang,2045,ssp585,doubled,0.0798770561814308,温州市
Zhejiang,2045,ssp585,doubled,0.0798770561814308,宁波市
Zhejiang,2050,ssp585,doubled,0.0694858431816101,舟山市
Zhejiang,2050,ssp585,doubled,0.0694858431816101,衢州市
Zhejiang,2050,ssp585,doubled,0.0694858431816101,金华市
Zhejiang,2050,ssp585,doubled,0.0694858431816101,绍兴市
Zhejiang,2050,ssp585,doubled,0.0694858431816101,杭州市
Zhejiang,2050,ssp585,doubled,0.0694858431816101,丽水市
Zhejiang,2050,ssp585,doubled,0.0694858431816101,台州市
Zhejiang,2050,ssp585,doubled,0.0694858431816101,湖州市
Zhejiang,2050,ssp585,doubled,0.0694858431816101,嘉兴市
Zhejiang,2050,ssp585,doubled,0.0694858431816101,温州市
Zhejiang,2050,ssp585,doubled,0.0694858431816101,宁波市
