term,Estimate,Std. Error,z value,Pr(>|z|),model,scale_id,climate_id,climate_label,climate_var,effort_id,effort_label,effort_var,hr,hr_lower,hr_upper
(Intercept),-3.34853134107635,0.117445677271392,-28.5113204578709,8.48004316571244e-179,M0,province,temp_grad,Temperature gradient,temp_grad_z,record,Record-based (legacy),log_effort_record_z,0.0351359189068634,0.027911266107413,0.0442306268973517
year_c,-0.0048853659093653,0.00758139207488204,-0.644389033189701,0.519323194245253,M0,province,temp_grad,Temperature gradient,temp_grad_z,record,Record-based (legacy),log_effort_record_z,0.995126548081372,0.98044875939865,1.01002407030809
(Intercept),-3.34346050823978,0.118059827809614,-28.3200523859099,1.9575395340107e-176,M1,province,temp_grad,Temperature gradient,temp_grad_z,record,Record-based (legacy),log_effort_record_z,0.0353145397737331,0.0280194106706904,0.044509027476981
year_c,-0.00683100802935959,0.00772940969528069,-0.883768398708424,0.37682124866533,M1,province,temp_grad,Temperature gradient,temp_grad_z,record,Record-based (legacy),log_effort_record_z,0.993192270271077,0.978259163173226,1.00835333095832
temp_grad_z,-0.0598575553873736,0.0485778603757993,-1.23219826736531,0.217875030386754,M1,province,temp_grad,Temperature gradient,temp_grad_z,record,Record-based (legacy),log_effort_record_z,0.941898692423296,0.856355092026227,1.03598747184368
(Intercept),-3.36322519478049,0.119348437754752,-28.1798845301315,1.03169699640129e-174,M2,province,temp_grad,Temperature gradient,temp_grad_z,record,Record-based (legacy),log_effort_record_z,0.0346234114308519,0.0274017572952971,0.0437483116937099
year_c,0.00797296354347721,0.0131242114909734,0.607500385753525,0.543518886714414,M2,province,temp_grad,Temperature gradient,temp_grad_z,record,Record-based (legacy),log_effort_record_z,1.00800483225704,0.982406120970753,1.03427057320196
log_effort_record_z,-0.0968046627443968,0.0799042223766465,-1.21150872713693,0.225700491977035,M2,province,temp_grad,Temperature gradient,temp_grad_z,record,Record-based (legacy),log_effort_record_z,0.90773330294859,0.776144209870463,1.06163228276801
(Intercept),-3.35883714159998,0.120050746921325,-27.9784776666253,2.96990329774949e-172,M3,province,temp_grad,Temperature gradient,temp_grad_z,record,Record-based (legacy),log_effort_record_z,0.0347756746266825,0.0274844028152589,0.0440012305841144
year_c,0.00690263129530168,0.0131379384710295,0.525396835319537,0.599307353047959,M3,province,temp_grad,Temperature gradient,temp_grad_z,record,Record-based (legacy),log_effort_record_z,1.00692650936358,0.981328779656516,1.03319194981117
temp_grad_z,-0.0648030476168891,0.0488803965948067,-1.32574717333153,0.184923456279575,M3,province,temp_grad,Temperature gradient,temp_grad_z,record,Record-based (legacy),log_effort_record_z,0.937252039223181,0.851625310796849,1.03148811324792
log_effort_record_z,-0.104530653413859,0.0800438960935059,-1.30591660970311,0.191580917496792,M3,province,temp_grad,Temperature gradient,temp_grad_z,record,Record-based (legacy),log_effort_record_z,0.900747186007418,0.769960018308549,1.0537501607975
(Intercept),-3.34357353481782,0.121249654707105,-27.5759427348034,2.16269650019503e-167,M4,province,temp_grad,Temperature gradient,temp_grad_z,record,Record-based (legacy),log_effort_record_z,0.0353105485177105,0.0278416310673231,0.0447831103575307
year_c,0.00318389850535877,0.0130876418777248,0.243275185484542,0.807792226153098,M4,province,temp_grad,Temperature gradient,temp_grad_z,record,Record-based (legacy),log_effort_record_z,1.0031889724938,0.977782643483026,1.0292554498086
temp_grad_z,-0.116952989324826,0.0497841267830504,-2.34920238401458,0.0188136777021155,M4,province,temp_grad,Temperature gradient,temp_grad_z,record,Record-based (legacy),log_effort_record_z,0.889627014146975,0.806920702340554,0.980810409256353
log_effort_record_z,-0.064148045704928,0.0802569770003996,-0.799283104129484,0.424126273616959,M4,province,temp_grad,Temperature gradient,temp_grad_z,record,Record-based (legacy),log_effort_record_z,0.937866142198217,0.801354610113172,1.09763254566857
temp_grad_z:log_effort_record_z,0.192555867701931,0.0447502431862075,4.30290103454183,1.68576161411112e-05,M4,province,temp_grad,Temperature gradient,temp_grad_z,record,Record-based (legacy),log_effort_record_z,1.21234423270172,1.11053889783671,1.32348226741829
(Intercept),-3.34853134107635,0.117445677271392,-28.5113204578709,8.48004316571244e-179,M0,province,temp_grad,Temperature gradient,temp_grad_z,visits,Observer visits,log_effort_visits_z,0.0351359189068634,0.027911266107413,0.0442306268973517
year_c,-0.0048853659093653,0.00758139207488204,-0.644389033189701,0.519323194245253,M0,province,temp_grad,Temperature gradient,temp_grad_z,visits,Observer visits,log_effort_visits_z,0.995126548081372,0.98044875939865,1.01002407030809
(Intercept),-3.34346050823978,0.118059827809614,-28.3200523859099,1.9575395340107e-176,M1,province,temp_grad,Temperature gradient,temp_grad_z,visits,Observer visits,log_effort_visits_z,0.0353145397737331,0.0280194106706904,0.044509027476981
year_c,-0.00683100802935959,0.00772940969528069,-0.883768398708424,0.37682124866533,M1,province,temp_grad,Temperature gradient,temp_grad_z,visits,Observer visits,log_effort_visits_z,0.993192270271077,0.978259163173226,1.00835333095832
temp_grad_z,-0.0598575553873736,0.0485778603757993,-1.23219826736531,0.217875030386754,M1,province,temp_grad,Temperature gradient,temp_grad_z,visits,Observer visits,log_effort_visits_z,0.941898692423296,0.856355092026227,1.03598747184368
(Intercept),-3.33935864367176,0.117793107944545,-28.3493550848822,8.52462079928458e-177,M2,province,temp_grad,Temperature gradient,temp_grad_z,visits,Observer visits,log_effort_visits_z,0.0354596927285279,0.0281492903236131,0.0446686148725692
year_c,-0.0289134429718703,0.0160378600079806,-1.80282425195648,0.0714158201483182,M2,province,temp_grad,Temperature gradient,temp_grad_z,visits,Observer visits,log_effort_visits_z,0.971500551027934,0.941437187378399,1.0025239424372
log_effort_visits_z,0.175220632893271,0.103305880667478,1.69613415771821,0.0898604761554485,M2,province,temp_grad,Temperature gradient,temp_grad_z,visits,Observer visits,log_effort_visits_z,1.19150907370812,0.973109277520469,1.45892543162905
(Intercept),-3.33488324960843,0.118464166568277,-28.1509873087772,2.33061286084492e-174,M3,province,temp_grad,Temperature gradient,temp_grad_z,visits,Observer visits,log_effort_visits_z,0.0356187444709921,0.0282383861378779,0.0449280263927
year_c,-0.0303195634260953,0.0160525255800379,-1.88877216079937,0.0589223646186132,M3,province,temp_grad,Temperature gradient,temp_grad_z,visits,Observer visits,log_effort_visits_z,0.97013546419502,0.940087320801369,1.00114404062657
temp_grad_z,-0.0577456667891831,0.0486043843949577,-1.18807526333311,0.234803759018198,M3,province,temp_grad,Temperature gradient,temp_grad_z,visits,Observer visits,log_effort_visits_z,0.943889979480584,0.858120917271158,1.03823164711685
log_effort_visits_z,0.171987677110675,0.103271190737392,1.6653984124965,0.0958332959345264,M3,province,temp_grad,Temperature gradient,temp_grad_z,visits,Observer visits,log_effort_visits_z,1.18766319768159,0.970034290833693,1.45411753425229
(Intercept),-3.32654926060938,0.11976993127113,-27.7744941931952,8.81981024740642e-170,M4,province,temp_grad,Temperature gradient,temp_grad_z,visits,Observer visits,log_effort_visits_z,0.0359168310955906,0.0284019258100546,0.0454201156842859
year_c,-0.0327204338820645,0.0158534637280443,-2.06392965243192,0.0390243867996097,M4,province,temp_grad,Temperature gradient,temp_grad_z,visits,Observer visits,log_effort_visits_z,0.967809088401672,0.938198977642843,0.998353711646705
temp_grad_z,-0.139323333177621,0.0495262083935029,-2.81312334816041,0.00490628268966881,M4,province,temp_grad,Temperature gradient,temp_grad_z,visits,Observer visits,log_effort_visits_z,0.869946700348362,0.789469007725964,0.958628209645566
log_effort_visits_z,0.199779652075654,0.101729997197634,1.96382244744916,0.049550685947391,M4,province,temp_grad,Temperature gradient,temp_grad_z,visits,Observer visits,log_effort_visits_z,1.22113365424695,1.0003889331832,1.49058766253009
temp_grad_z:log_effort_visits_z,0.255955465386821,0.0452367484662596,5.65813136586791,1.53029987790919e-08,M4,province,temp_grad,Temperature gradient,temp_grad_z,visits,Observer visits,log_effort_visits_z,1.29169520151261,1.18209872406412,1.41145274895009
(Intercept),-3.34853134107635,0.117445677271392,-28.5113204578709,8.48004316571244e-179,M0,province,temp_grad,Temperature gradient,temp_grad_z,pc1,PCA composite (PC1),effort_pc1_z,0.0351359189068634,0.027911266107413,0.0442306268973517
year_c,-0.0048853659093653,0.00758139207488204,-0.644389033189701,0.519323194245253,M0,province,temp_grad,Temperature gradient,temp_grad_z,pc1,PCA composite (PC1),effort_pc1_z,0.995126548081372,0.98044875939865,1.01002407030809
(Intercept),-3.34346050823978,0.118059827809614,-28.3200523859099,1.9575395340107e-176,M1,province,temp_grad,Temperature gradient,temp_grad_z,pc1,PCA composite (PC1),effort_pc1_z,0.0353145397737331,0.0280194106706904,0.044509027476981
year_c,-0.00683100802935959,0.00772940969528069,-0.883768398708424,0.37682124866533,M1,province,temp_grad,Temperature gradient,temp_grad_z,pc1,PCA composite (PC1),effort_pc1_z,0.993192270271077,0.978259163173226,1.00835333095832
temp_grad_z,-0.0598575553873736,0.0485778603757993,-1.23219826736531,0.217875030386754,M1,province,temp_grad,Temperature gradient,temp_grad_z,pc1,PCA composite (PC1),effort_pc1_z,0.941898692423296,0.856355092026227,1.03598747184368
(Intercept),-3.34314102221391,0.118490923245638,-28.2143216597561,3.90221588365806e-175,M2,province,temp_grad,Temperature gradient,temp_grad_z,pc1,PCA composite (PC1),effort_pc1_z,0.0353258240781937,0.0280046914298673,0.0445608854476639
year_c,-0.0151844562902286,0.0100281356616206,-1.51418536830751,0.129978831621013,M2,province,temp_grad,Temperature gradient,temp_grad_z,pc1,PCA composite (PC1),effort_pc1_z,0.984930246266978,0.965760309676501,1.00448069804865
effort_pc1_z,0.0777836759868674,0.04910310739427,1.58408866800035,0.113173542780643,M2,province,temp_grad,Temperature gradient,temp_grad_z,pc1,PCA composite (PC1),effort_pc1_z,1.0808888111722,0.981710898675724,1.19008622975792
(Intercept),-3.33865743561241,0.119100960575602,-28.0321621209187,6.59130982928884e-173,M3,province,temp_grad,Temperature gradient,temp_grad_z,pc1,PCA composite (PC1),effort_pc1_z,0.035484566070526,0.0280969199676949,0.0448146782872025
year_c,-0.0167146421973456,0.0100980351463136,-1.65523707881403,0.0978764166429411,M3,province,temp_grad,Temperature gradient,temp_grad_z,pc1,PCA composite (PC1),effort_pc1_z,0.983424272388499,0.964151546239836,1.00308224707475
temp_grad_z,-0.0569828334286614,0.0486030085409959,-1.1724137072831,0.241030998857877,M3,province,temp_grad,Temperature gradient,temp_grad_z,pc1,PCA composite (PC1),effort_pc1_z,0.944610284947184,0.85877808611553,1.03902114510635
effort_pc1_z,0.0753816724708911,0.0491404288735327,1.53400518064042,0.125028378280082,M3,province,temp_grad,Temperature gradient,temp_grad_z,pc1,PCA composite (PC1),effort_pc1_z,1.0782956281116,0.97928401808579,1.18731791812285
(Intercept),-3.31970594524088,0.11875119078784,-27.9551381608615,5.70928210441837e-172,M4,province,temp_grad,Temperature gradient,temp_grad_z,pc1,PCA composite (PC1),effort_pc1_z,0.0361634642294678,0.0286541131928622,0.0456407823991484
year_c,-0.0189413242423057,0.0103141382135383,-1.83644274006756,0.0662922033434615,M4,province,temp_grad,Temperature gradient,temp_grad_z,pc1,PCA composite (PC1),effort_pc1_z,0.981236935374377,0.961599692346085,1.00127519903196
temp_grad_z,-0.104186567631349,0.0493093412543495,-2.11291745095375,0.0346078339476992,M4,province,temp_grad,Temperature gradient,temp_grad_z,pc1,PCA composite (PC1),effort_pc1_z,0.901057173635869,0.818049135373289,0.992488097661977
effort_pc1_z,0.0939818496207755,0.0520144154693892,1.80684236807553,0.0707868605819919,M4,province,temp_grad,Temperature gradient,temp_grad_z,pc1,PCA composite (PC1),effort_pc1_z,1.09853980682214,0.992065243007447,1.21644187786927
temp_grad_z:effort_pc1_z,0.162605452594193,0.0404401638801524,4.02089005069532,5.79786630401298e-05,M4,province,temp_grad,Temperature gradient,temp_grad_z,pc1,PCA composite (PC1),effort_pc1_z,1.17657238451723,1.08691426435409,1.27362628443488
(Intercept),-3.34853134107635,0.117445677271392,-28.5113204578709,8.48004316571244e-179,M0,province,temp_grad,Temperature gradient,temp_grad_z,days,Birding days,log_effort_days_z,0.0351359189068634,0.027911266107413,0.0442306268973517
year_c,-0.0048853659093653,0.00758139207488204,-0.644389033189701,0.519323194245253,M0,province,temp_grad,Temperature gradient,temp_grad_z,days,Birding days,log_effort_days_z,0.995126548081372,0.98044875939865,1.01002407030809
(Intercept),-3.34346050823978,0.118059827809614,-28.3200523859099,1.9575395340107e-176,M1,province,temp_grad,Temperature gradient,temp_grad_z,days,Birding days,log_effort_days_z,0.0353145397737331,0.0280194106706904,0.044509027476981
year_c,-0.00683100802935959,0.00772940969528069,-0.883768398708424,0.37682124866533,M1,province,temp_grad,Temperature gradient,temp_grad_z,days,Birding days,log_effort_days_z,0.993192270271077,0.978259163173226,1.00835333095832
temp_grad_z,-0.0598575553873736,0.0485778603757993,-1.23219826736531,0.217875030386754,M1,province,temp_grad,Temperature gradient,temp_grad_z,days,Birding days,log_effort_days_z,0.941898692423296,0.856355092026227,1.03598747184368
(Intercept),-3.34433178372297,0.116809981412682,-28.6305309124884,2.80158494486823e-180,M2,province,temp_grad,Temperature gradient,temp_grad_z,days,Birding days,log_effort_days_z,0.0352837844811398,0.0280636720881228,0.0443614593059049
year_c,-0.0219471367712949,0.0147002253865176,-1.49297961046392,0.135442524208093,M2,province,temp_grad,Temperature gradient,temp_grad_z,days,Birding days,log_effort_days_z,0.978291949355365,0.950507165394815,1.00688892521498
log_effort_days_z,0.141209868312305,0.104670752524094,1.34908620514408,0.177309278624004,M2,province,temp_grad,Temperature gradient,temp_grad_z,days,Birding days,log_effort_days_z,1.15166632089122,0.938056772611868,1.41391795614049
(Intercept),-3.33937919845991,0.117519758914558,-28.4154701243712,1.3022981623117e-177,M3,province,temp_grad,Temperature gradient,temp_grad_z,days,Birding days,log_effort_days_z,0.0354589638695468,0.0281637968366998,0.0446437717894417
year_c,-0.0240646194206955,0.0147686700763618,-1.62943713254265,0.103220513409476,M3,province,temp_grad,Temperature gradient,temp_grad_z,days,Birding days,log_effort_days_z,0.976222624779191,0.948369378574618,1.00489391017995
temp_grad_z,-0.0606943216180255,0.0486025722129597,-1.24878826067238,0.211742528786775,M3,province,temp_grad,Temperature gradient,temp_grad_z,days,Birding days,log_effort_days_z,0.941110873061067,0.855597380685964,1.03517109260395
log_effort_days_z,0.142645127042935,0.10463749082677,1.36323153313268,0.17280955221755,M3,province,temp_grad,Temperature gradient,temp_grad_z,days,Birding days,log_effort_days_z,1.15332044679842,0.939465337928872,1.4158564444067
(Intercept),-3.34112681430139,0.119244221163164,-28.019192726578,9.48479270786781e-173,M4,province,temp_grad,Temperature gradient,temp_grad_z,days,Birding days,log_effort_days_z,0.0353970493397306,0.0280197548342568,0.0447167046739278
year_c,-0.0250758030084017,0.0145767424203001,-1.72026110398166,0.0853849903349407,M4,province,temp_grad,Temperature gradient,temp_grad_z,days,Birding days,log_effort_days_z,0.975235983404918,0.947767350081161,1.00350072541148
temp_grad_z,-0.140682546311037,0.0496181792809746,-2.8353024707817,0.00457823170088249,M4,province,temp_grad,Temperature gradient,temp_grad_z,days,Birding days,log_effort_days_z,0.868765060599929,0.788254574113898,0.957498700680093
log_effort_days_z,0.166584357250841,0.103918370489863,1.60303088342875,0.108927835868385,M4,province,temp_grad,Temperature gradient,temp_grad_z,days,Birding days,log_effort_days_z,1.18126317978184,0.963583965185856,1.44811739331835
temp_grad_z:log_effort_days_z,0.268271682917988,0.0478529776891516,5.60616487986716,2.06858914457279e-08,M4,province,temp_grad,Temperature gradient,temp_grad_z,days,Birding days,log_effort_days_z,1.30770237215383,1.1906267470224,1.43629017104936
(Intercept),-3.34853134107635,0.117445677271392,-28.5113204578709,8.48004316571244e-179,M0,province,clim_velocity,Climate velocity,climate_velocity_z,record,Record-based (legacy),log_effort_record_z,0.0351359189068634,0.027911266107413,0.0442306268973517
year_c,-0.0048853659093653,0.00758139207488204,-0.644389033189701,0.519323194245253,M0,province,clim_velocity,Climate velocity,climate_velocity_z,record,Record-based (legacy),log_effort_record_z,0.995126548081372,0.98044875939865,1.01002407030809
(Intercept),-3.34569683515499,0.116326447802981,-28.7612739694545,6.54708767576426e-182,M1,province,clim_velocity,Climate velocity,climate_velocity_z,record,Record-based (legacy),log_effort_record_z,0.0352356531589459,0.0280519628439905,0.0442589796814702
year_c,-0.00487796095667782,0.00758181668007749,-0.643376272799564,0.519979975572789,M1,province,clim_velocity,Climate velocity,climate_velocity_z,record,Record-based (legacy),log_effort_record_z,0.995133916973661,0.980455203641375,1.01003239009129
climate_velocity_z,-0.111669717450058,0.117838662508886,-0.947649227108609,0.343308056559906,M1,province,clim_velocity,Climate velocity,climate_velocity_z,record,Record-based (legacy),log_effort_record_z,0.894339593486962,0.709898344493352,1.12670118853322
(Intercept),-3.36322519478049,0.119348437754752,-28.1798845301315,1.03169699640129e-174,M2,province,clim_velocity,Climate velocity,climate_velocity_z,record,Record-based (legacy),log_effort_record_z,0.0346234114308519,0.0274017572952971,0.0437483116937099
year_c,0.00797296354347721,0.0131242114909734,0.607500385753525,0.543518886714414,M2,province,clim_velocity,Climate velocity,climate_velocity_z,record,Record-based (legacy),log_effort_record_z,1.00800483225704,0.982406120970753,1.03427057320196
log_effort_record_z,-0.0968046627443968,0.0799042223766465,-1.21150872713693,0.225700491977035,M2,province,clim_velocity,Climate velocity,climate_velocity_z,record,Record-based (legacy),log_effort_record_z,0.90773330294859,0.776144209870463,1.06163228276801
(Intercept),-3.36072754008181,0.117955573645372,-28.4914687472563,1.49425342023009e-178,M3,province,clim_velocity,Climate velocity,climate_velocity_z,record,Record-based (legacy),log_effort_record_z,0.0347099968423147,0.0275453796727248,0.0437381475626004
year_c,0.00879092047789028,0.0131286553021257,0.669597934867475,0.503114130888803,M3,province,clim_velocity,Climate velocity,climate_velocity_z,record,Record-based (legacy),log_effort_record_z,1.00882967409607,0.983201452006599,1.03512592384775
climate_velocity_z,-0.124043713518866,0.118933561456366,-1.04296644277633,0.296963834880367,M3,province,clim_velocity,Climate velocity,climate_velocity_z,record,Record-based (legacy),log_effort_record_z,0.883341226085411,0.699665095116536,1.11523602813445
log_effort_record_z,-0.102891199615663,0.0798827646340048,-1.28802752492449,0.19773638190539,M3,province,clim_velocity,Climate velocity,climate_velocity_z,record,Record-based (legacy),log_effort_record_z,0.90222513058262,0.771466971928379,1.05514586608952
(Intercept),-3.36292598547359,0.118103710723272,-28.4743465288168,2.43492737649181e-178,M4,province,clim_velocity,Climate velocity,climate_velocity_z,record,Record-based (legacy),log_effort_record_z,0.0346337726277948,0.027476910133925,0.0436547705177665
year_c,0.00905196048268867,0.013146495817079,0.688545495973842,0.491109330393746,M4,province,clim_velocity,Climate velocity,climate_velocity_z,record,Record-based (legacy),log_effort_record_z,1.0090930533738,0.983423752037769,1.03543237414928
climate_velocity_z,-0.125475786660312,0.119029357491688,-1.05415831274293,0.291810442278726,M4,province,clim_velocity,Climate velocity,climate_velocity_z,record,Record-based (legacy),log_effort_record_z,0.882077122201451,0.698532671663427,1.11384918855461
log_effort_record_z,-0.10635810418588,0.0802811724723444,-1.32482001583272,0.185230854433051,M4,province,clim_velocity,Climate velocity,climate_velocity_z,record,Record-based (legacy),log_effort_record_z,0.899102618008163,0.768196897122523,1.05231552058743
climate_velocity_z:log_effort_record_z,-0.0214437713501972,0.0533089615602559,-0.402254531369159,0.687496713546677,M4,province,clim_velocity,Climate velocity,climate_velocity_z,record,Record-based (legacy),log_effort_record_z,0.978784511653422,0.881677147408812,1.08658721967353
(Intercept),-3.34853134107635,0.117445677271392,-28.5113204578709,8.48004316571244e-179,M0,province,clim_velocity,Climate velocity,climate_velocity_z,visits,Observer visits,log_effort_visits_z,0.0351359189068634,0.027911266107413,0.0442306268973517
year_c,-0.0048853659093653,0.00758139207488204,-0.644389033189701,0.519323194245253,M0,province,clim_velocity,Climate velocity,climate_velocity_z,visits,Observer visits,log_effort_visits_z,0.995126548081372,0.98044875939865,1.01002407030809
(Intercept),-3.34569683515499,0.116326447802981,-28.7612739694545,6.54708767576426e-182,M1,province,clim_velocity,Climate velocity,climate_velocity_z,visits,Observer visits,log_effort_visits_z,0.0352356531589459,0.0280519628439905,0.0442589796814702
year_c,-0.00487796095667782,0.00758181668007749,-0.643376272799564,0.519979975572789,M1,province,clim_velocity,Climate velocity,climate_velocity_z,visits,Observer visits,log_effort_visits_z,0.995133916973661,0.980455203641375,1.01003239009129
climate_velocity_z,-0.111669717450058,0.117838662508886,-0.947649227108609,0.343308056559906,M1,province,clim_velocity,Climate velocity,climate_velocity_z,visits,Observer visits,log_effort_visits_z,0.894339593486962,0.709898344493352,1.12670118853322
(Intercept),-3.33935864367176,0.117793107944545,-28.3493550848822,8.52462079928458e-177,M2,province,clim_velocity,Climate velocity,climate_velocity_z,visits,Observer visits,log_effort_visits_z,0.0354596927285279,0.0281492903236131,0.0446686148725692
year_c,-0.0289134429718703,0.0160378600079806,-1.80282425195648,0.0714158201483182,M2,province,clim_velocity,Climate velocity,climate_velocity_z,visits,Observer visits,log_effort_visits_z,0.971500551027934,0.941437187378399,1.0025239424372
log_effort_visits_z,0.175220632893271,0.103305880667478,1.69613415771821,0.0898604761554485,M2,province,clim_velocity,Climate velocity,climate_velocity_z,visits,Observer visits,log_effort_visits_z,1.19150907370812,0.973109277520469,1.45892543162905
(Intercept),-3.33735939901636,0.116951616245349,-28.5362400808127,4.16219334441427e-179,M3,province,clim_velocity,Climate velocity,climate_velocity_z,visits,Observer visits,log_effort_visits_z,0.0355306562427743,0.0282521825248455,0.0446842480906385
year_c,-0.0280524998073934,0.0160625801614298,-1.74645041615134,0.080732715881618,M3,province,clim_velocity,Climate velocity,climate_velocity_z,visits,Observer visits,log_effort_visits_z,0.972337317939318,0.942202408070677,1.00343604703089
climate_velocity_z,-0.0982876208691284,0.118902913531959,-0.826620794642767,0.40845202725553,M3,province,clim_velocity,Climate velocity,climate_velocity_z,visits,Observer visits,log_effort_visits_z,0.906388170106245,0.717962936749897,1.14426451959697
log_effort_visits_z,0.168895010851225,0.103446083517668,1.63268637253317,0.102534974981083,M3,province,clim_velocity,Climate velocity,climate_velocity_z,visits,Observer visits,log_effort_visits_z,1.18399582568442,0.966707498400203,1.45012438359901
(Intercept),-3.34099860078423,0.116434712160127,-28.6941801014592,4.50964951608619e-181,M4,province,clim_velocity,Climate velocity,climate_velocity_z,visits,Observer visits,log_effort_visits_z,0.0354015880108767,0.02817808765437,0.0444768448826045
year_c,-0.0275181548261143,0.0160242721945823,-1.71727954268139,0.0859281080199386,M4,province,clim_velocity,Climate velocity,climate_velocity_z,visits,Observer visits,log_effort_visits_z,0.972857020343089,0.942776788165709,1.00389699227987
climate_velocity_z,-0.0873644826267896,0.118492145979357,-0.73730188532504,0.46093878596494,M4,province,clim_velocity,Climate velocity,climate_velocity_z,visits,Observer visits,log_effort_visits_z,0.91634304363919,0.726432952393357,1.15590099658813
log_effort_visits_z,0.158662258410673,0.103393699214331,1.53454475095018,0.124895692745286,M4,province,clim_velocity,Climate velocity,climate_velocity_z,visits,Observer visits,log_effort_visits_z,1.17194206625578,0.956964108847182,1.43521391655369
climate_velocity_z:log_effort_visits_z,-0.0700647603269388,0.0571546855211838,-1.22587955279659,0.220244004438523,M4,province,clim_velocity,Climate velocity,climate_velocity_z,visits,Observer visits,log_effort_visits_z,0.932333439732476,0.833528033445918,1.04285111953561
(Intercept),-3.34853134107635,0.117445677271392,-28.5113204578709,8.48004316571244e-179,M0,province,clim_velocity,Climate velocity,climate_velocity_z,pc1,PCA composite (PC1),effort_pc1_z,0.0351359189068634,0.027911266107413,0.0442306268973517
year_c,-0.0048853659093653,0.00758139207488204,-0.644389033189701,0.519323194245253,M0,province,clim_velocity,Climate velocity,climate_velocity_z,pc1,PCA composite (PC1),effort_pc1_z,0.995126548081372,0.98044875939865,1.01002407030809
(Intercept),-3.34569683515499,0.116326447802981,-28.7612739694545,6.54708767576426e-182,M1,province,clim_velocity,Climate velocity,climate_velocity_z,pc1,PCA composite (PC1),effort_pc1_z,0.0352356531589459,0.0280519628439905,0.0442589796814702
year_c,-0.00487796095667782,0.00758181668007749,-0.643376272799564,0.519979975572789,M1,province,clim_velocity,Climate velocity,climate_velocity_z,pc1,PCA composite (PC1),effort_pc1_z,0.995133916973661,0.980455203641375,1.01003239009129
climate_velocity_z,-0.111669717450058,0.117838662508886,-0.947649227108609,0.343308056559906,M1,province,clim_velocity,Climate velocity,climate_velocity_z,pc1,PCA composite (PC1),effort_pc1_z,0.894339593486962,0.709898344493352,1.12670118853322
(Intercept),-3.34314102221391,0.118490923245638,-28.2143216597561,3.90221588365806e-175,M2,province,clim_velocity,Climate velocity,climate_velocity_z,pc1,PCA composite (PC1),effort_pc1_z,0.0353258240781937,0.0280046914298673,0.0445608854476639
year_c,-0.0151844562902286,0.0100281356616206,-1.51418536830751,0.129978831621013,M2,province,clim_velocity,Climate velocity,climate_velocity_z,pc1,PCA composite (PC1),effort_pc1_z,0.984930246266978,0.965760309676501,1.00448069804865
effort_pc1_z,0.0777836759868674,0.04910310739427,1.58408866800035,0.113173542780643,M2,province,clim_velocity,Climate velocity,climate_velocity_z,pc1,PCA composite (PC1),effort_pc1_z,1.0808888111722,0.981710898675724,1.19008622975792
(Intercept),-3.34067033071182,0.117509342112662,-28.4289765447666,8.86720003738521e-178,M3,province,clim_velocity,Climate velocity,climate_velocity_z,pc1,PCA composite (PC1),effort_pc1_z,0.035413211200405,0.0281280313972432,0.0445852576674598
year_c,-0.0149430782415544,0.0100405242080007,-1.48827670069727,0.136677936854362,M3,province,clim_velocity,Climate velocity,climate_velocity_z,pc1,PCA composite (PC1),effort_pc1_z,0.985168015502885,0.965969995617634,1.00474758343744
climate_velocity_z,-0.105478955415102,0.119258655228645,-0.884455348023802,0.376450456296384,M3,province,clim_velocity,Climate velocity,climate_velocity_z,pc1,PCA composite (PC1),effort_pc1_z,0.899893410530792,0.712321503475298,1.13685764976323
effort_pc1_z,0.075939692743834,0.0492036001572356,1.54337675497647,0.122739390263883,M3,province,clim_velocity,Climate velocity,climate_velocity_z,pc1,PCA composite (PC1),effort_pc1_z,1.07889750684697,0.97970931999626,1.18812775026479
(Intercept),-3.34747683604333,0.11673735326001,-28.6752846673462,7.75926059203713e-181,M4,province,clim_velocity,Climate velocity,climate_velocity_z,pc1,PCA composite (PC1),effort_pc1_z,0.0351729894522937,0.0279795316554254,0.0442158647345076
year_c,-0.0134718268586842,0.0101155867996487,-1.33178896345905,0.182929545614212,M4,province,clim_velocity,Climate velocity,climate_velocity_z,pc1,PCA composite (PC1),effort_pc1_z,0.986618512068949,0.967249911414915,1.00637495736052
climate_velocity_z,-0.103761622969211,0.118255822066319,-0.87743352636812,0.380251209718536,M4,province,clim_velocity,Climate velocity,climate_velocity_z,pc1,PCA composite (PC1),effort_pc1_z,0.901440154439148,0.71494973874594,1.13657549334952
effort_pc1_z,0.0440368430181632,0.0530474778025453,0.830140184648896,0.406459529413807,M4,province,clim_velocity,Climate velocity,climate_velocity_z,pc1,PCA composite (PC1),effort_pc1_z,1.04502085590157,0.941824607387308,1.15952437503064
climate_velocity_z:effort_pc1_z,-0.127728847339104,0.0611216823520436,-2.0897469183427,0.0366405399266972,M4,province,clim_velocity,Climate velocity,climate_velocity_z,pc1,PCA composite (PC1),effort_pc1_z,0.880091986077587,0.780728871683915,0.99210101233656
(Intercept),-3.34853134107635,0.117445677271392,-28.5113204578709,8.48004316571244e-179,M0,province,clim_velocity,Climate velocity,climate_velocity_z,days,Birding days,log_effort_days_z,0.0351359189068634,0.027911266107413,0.0442306268973517
year_c,-0.0048853659093653,0.00758139207488204,-0.644389033189701,0.519323194245253,M0,province,clim_velocity,Climate velocity,climate_velocity_z,days,Birding days,log_effort_days_z,0.995126548081372,0.98044875939865,1.01002407030809
(Intercept),-3.34569683515499,0.116326447802981,-28.7612739694545,6.54708767576426e-182,M1,province,clim_velocity,Climate velocity,climate_velocity_z,days,Birding days,log_effort_days_z,0.0352356531589459,0.0280519628439905,0.0442589796814702
year_c,-0.00487796095667782,0.00758181668007749,-0.643376272799564,0.519979975572789,M1,province,clim_velocity,Climate velocity,climate_velocity_z,days,Birding days,log_effort_days_z,0.995133916973661,0.980455203641375,1.01003239009129
climate_velocity_z,-0.111669717450058,0.117838662508886,-0.947649227108609,0.343308056559906,M1,province,clim_velocity,Climate velocity,climate_velocity_z,days,Birding days,log_effort_days_z,0.894339593486962,0.709898344493352,1.12670118853322
(Intercept),-3.34433178372297,0.116809981412682,-28.6305309124884,2.80158494486823e-180,M2,province,clim_velocity,Climate velocity,climate_velocity_z,days,Birding days,log_effort_days_z,0.0352837844811398,0.0280636720881228,0.0443614593059049
year_c,-0.0219471367712949,0.0147002253865176,-1.49297961046392,0.135442524208093,M2,province,clim_velocity,Climate velocity,climate_velocity_z,days,Birding days,log_effort_days_z,0.978291949355365,0.950507165394815,1.00688892521498
log_effort_days_z,0.141209868312305,0.104670752524094,1.34908620514408,0.177309278624004,M2,province,clim_velocity,Climate velocity,climate_velocity_z,days,Birding days,log_effort_days_z,1.15166632089122,0.938056772611868,1.41391795614049
(Intercept),-3.34201094063461,0.115890341775407,-28.8377002728265,7.227691534904e-183,M3,province,clim_velocity,Climate velocity,climate_velocity_z,days,Birding days,log_effort_days_z,0.0353657677067864,0.0281796269555501,0.044384460002372
year_c,-0.0213354690270027,0.0146927644016816,-1.45210720349949,0.146471799300431,M3,province,clim_velocity,Climate velocity,climate_velocity_z,days,Birding days,log_effort_days_z,0.978890522030423,0.951102646191668,1.00749026191637
climate_velocity_z,-0.103268373263292,0.117659527410644,-0.877688152722853,0.380112975521292,M3,province,clim_velocity,Climate velocity,climate_velocity_z,days,Birding days,log_effort_days_z,0.901884899206324,0.716138964047465,1.13580800969027
log_effort_days_z,0.136217027560674,0.104583755073539,1.30246831799921,0.192756341520057,M3,province,clim_velocity,Climate velocity,climate_velocity_z,days,Birding days,log_effort_days_z,1.14593056512485,0.933544046945512,1.40663621002556
(Intercept),-3.34513712309097,0.115564713095943,-28.9460081150706,3.15046667780268e-184,M4,province,clim_velocity,Climate velocity,climate_velocity_z,days,Birding days,log_effort_days_z,0.0352553804994027,0.0281096045879756,0.0442176925779082
year_c,-0.0220585439731433,0.0147177761432871,-1.49876881931,0.1339336162493,M4,province,clim_velocity,Climate velocity,climate_velocity_z,days,Birding days,log_effort_days_z,0.978182966657537,0.950368585199054,1.00681138998143
climate_velocity_z,-0.0913522774688474,0.117591946442352,-0.776858281818064,0.437242386728901,M4,province,clim_velocity,Climate velocity,climate_velocity_z,days,Birding days,log_effort_days_z,0.912696131976887,0.724819592882657,1.14927112553983
log_effort_days_z,0.139420447197892,0.104708629824751,1.33150865818068,0.183021698008045,M4,province,clim_velocity,Climate velocity,climate_velocity_z,days,Birding days,log_effort_days_z,1.14960734759441,0.936310181174326,1.41149490864822
climate_velocity_z:log_effort_days_z,-0.0662740282197846,0.0586983792589857,-1.12906061558146,0.258872264032501,M4,province,clim_velocity,Climate velocity,climate_velocity_z,days,Birding days,log_effort_days_z,0.9358743731619,0.83416600341557,1.04998386263032
(Intercept),-3.34853134107635,0.117445677271392,-28.5113204578709,8.48004316571244e-179,M0,province,mahalanobis,Mahalanobis distance,mahalanobis_dist_z,record,Record-based (legacy),log_effort_record_z,0.0351359189068634,0.027911266107413,0.0442306268973517
year_c,-0.0048853659093653,0.00758139207488204,-0.644389033189701,0.519323194245253,M0,province,mahalanobis,Mahalanobis distance,mahalanobis_dist_z,record,Record-based (legacy),log_effort_record_z,0.995126548081372,0.98044875939865,1.01002407030809
(Intercept),-3.34799607703812,0.11840720503408,-28.275273249415,6.96161686405652e-176,M1,province,mahalanobis,Mahalanobis distance,mahalanobis_dist_z,record,Record-based (legacy),log_effort_record_z,0.0351547309349563,0.0278736299856953,0.0443377883592274
year_c,-0.00719691353170815,0.00816320388135499,-0.881628541478196,0.377977715381669,M1,province,mahalanobis,Mahalanobis distance,mahalanobis_dist_z,record,Record-based (legacy),log_effort_record_z,0.992828922234072,0.977070184143553,1.00884182612582
mahalanobis_dist_z,0.0471842830028107,0.063361710493418,0.744681332548815,0.456464386809331,M1,province,mahalanobis,Mahalanobis distance,mahalanobis_dist_z,record,Record-based (legacy),log_effort_record_z,1.04831517794912,0.925885530114394,1.18693367222482
(Intercept),-3.36322519478049,0.119348437754752,-28.1798845301315,1.03169699640129e-174,M2,province,mahalanobis,Mahalanobis distance,mahalanobis_dist_z,record,Record-based (legacy),log_effort_record_z,0.0346234114308519,0.0274017572952971,0.0437483116937099
year_c,0.00797296354347721,0.0131242114909734,0.607500385753525,0.543518886714414,M2,province,mahalanobis,Mahalanobis distance,mahalanobis_dist_z,record,Record-based (legacy),log_effort_record_z,1.00800483225704,0.982406120970753,1.03427057320196
log_effort_record_z,-0.0968046627443968,0.0799042223766465,-1.21150872713693,0.225700491977035,M2,province,mahalanobis,Mahalanobis distance,mahalanobis_dist_z,record,Record-based (legacy),log_effort_record_z,0.90773330294859,0.776144209870463,1.06163228276801
(Intercept),-3.36534353229701,0.121152924265514,-27.7776500460002,8.07869084878606e-170,M3,province,mahalanobis,Mahalanobis distance,mahalanobis_dist_z,record,Record-based (legacy),log_effort_record_z,0.0345501449883929,0.0272472341023015,0.0438104107828742
year_c,0.00693147643521628,0.0131678232725902,0.526395007870788,0.598613783503203,M3,province,mahalanobis,Mahalanobis distance,mahalanobis_dist_z,record,Record-based (legacy),log_effort_record_z,1.00695555471854,0.981299606097063,1.03328227472887
mahalanobis_dist_z,0.0649815557975273,0.0650705979191193,0.998631607447304,0.317973182827318,M3,province,mahalanobis,Mahalanobis distance,mahalanobis_dist_z,record,Record-based (legacy),log_effort_record_z,1.06713934166859,0.93935969052068,1.21230066185367
log_effort_record_z,-0.112765543252966,0.0817003034275871,-1.38023408141823,0.167514583603769,M3,province,mahalanobis,Mahalanobis distance,mahalanobis_dist_z,record,Record-based (legacy),log_effort_record_z,0.893360089864547,0.761170318033147,1.04850679441239
(Intercept),-3.39142816100272,0.11947740720451,-28.3855185708674,3.05207431225625e-177,M4,province,mahalanobis,Mahalanobis distance,mahalanobis_dist_z,record,Record-based (legacy),log_effort_record_z,0.0336605698422595,0.0266330093608975,0.0425424685116188
year_c,0.00746746448222423,0.0131583095369707,0.567509410022844,0.570368135195602,M4,province,mahalanobis,Mahalanobis distance,mahalanobis_dist_z,record,Record-based (legacy),log_effort_record_z,1.00749541552628,0.981844020135071,1.03381697244215
mahalanobis_dist_z,-0.0359839832273272,0.0769619497842703,-0.467555504092514,0.640102491171802,M4,province,mahalanobis,Mahalanobis distance,mahalanobis_dist_z,record,Record-based (legacy),log_effort_record_z,0.964655744031148,0.829585247571993,1.12171799970627
log_effort_record_z,-0.128779180498474,0.0818176611719617,-1.57397777758288,0.115492587057332,M4,province,mahalanobis,Mahalanobis distance,mahalanobis_dist_z,record,Record-based (legacy),log_effort_record_z,0.879168081570023,0.748906005701289,1.03208748463397
mahalanobis_dist_z:log_effort_record_z,0.115257387706797,0.0432569939985942,2.66447982285922,0.00771074919142467,M4,province,mahalanobis,Mahalanobis distance,mahalanobis_dist_z,record,Record-based (legacy),log_effort_record_z,1.12216223116772,1.03094275473151,1.22145295389098
(Intercept),-3.34853134107635,0.117445677271392,-28.5113204578709,8.48004316571244e-179,M0,province,mahalanobis,Mahalanobis distance,mahalanobis_dist_z,visits,Observer visits,log_effort_visits_z,0.0351359189068634,0.027911266107413,0.0442306268973517
year_c,-0.0048853659093653,0.00758139207488204,-0.644389033189701,0.519323194245253,M0,province,mahalanobis,Mahalanobis distance,mahalanobis_dist_z,visits,Observer visits,log_effort_visits_z,0.995126548081372,0.98044875939865,1.01002407030809
(Intercept),-3.34799607703812,0.11840720503408,-28.275273249415,6.96161686405652e-176,M1,province,mahalanobis,Mahalanobis distance,mahalanobis_dist_z,visits,Observer visits,log_effort_visits_z,0.0351547309349563,0.0278736299856953,0.0443377883592274
year_c,-0.00719691353170815,0.00816320388135499,-0.881628541478196,0.377977715381669,M1,province,mahalanobis,Mahalanobis distance,mahalanobis_dist_z,visits,Observer visits,log_effort_visits_z,0.992828922234072,0.977070184143553,1.00884182612582
mahalanobis_dist_z,0.0471842830028107,0.063361710493418,0.744681332548815,0.456464386809331,M1,province,mahalanobis,Mahalanobis distance,mahalanobis_dist_z,visits,Observer visits,log_effort_visits_z,1.04831517794912,0.925885530114394,1.18693367222482
(Intercept),-3.33935864367176,0.117793107944545,-28.3493550848822,8.52462079928458e-177,M2,province,mahalanobis,Mahalanobis distance,mahalanobis_dist_z,visits,Observer visits,log_effort_visits_z,0.0354596927285279,0.0281492903236131,0.0446686148725692
year_c,-0.0289134429718703,0.0160378600079806,-1.80282425195648,0.0714158201483182,M2,province,mahalanobis,Mahalanobis distance,mahalanobis_dist_z,visits,Observer visits,log_effort_visits_z,0.971500551027934,0.941437187378399,1.0025239424372
log_effort_visits_z,0.175220632893271,0.103305880667478,1.69613415771821,0.0898604761554485,M2,province,mahalanobis,Mahalanobis distance,mahalanobis_dist_z,visits,Observer visits,log_effort_visits_z,1.19150907370812,0.973109277520469,1.45892543162905
(Intercept),-3.33923897983784,0.11813870658949,-28.2654100102947,9.2036202975149e-176,M3,province,mahalanobis,Mahalanobis distance,mahalanobis_dist_z,visits,Observer visits,log_effort_visits_z,0.0354639362252008,0.0281335955736574,0.0447042316113599
year_c,-0.0289700304896229,0.0160064461691879,-1.80989772391761,0.0703116491798496,M3,province,mahalanobis,Mahalanobis distance,mahalanobis_dist_z,visits,Observer visits,log_effort_visits_z,0.971445577778671,0.94144187914237,1.00240549256788
mahalanobis_dist_z,0.0256552619584537,0.0645918331131232,0.397190491768862,0.691226993223434,M3,province,mahalanobis,Mahalanobis distance,mahalanobis_dist_z,visits,Observer visits,log_effort_visits_z,1.02598719068529,0.903982993792574,1.16445743191917
log_effort_visits_z,0.16632046887194,0.105428097225342,1.57757251860903,0.11466384992273,M3,province,mahalanobis,Mahalanobis distance,mahalanobis_dist_z,visits,Observer visits,log_effort_visits_z,1.18095149928251,0.960483378771801,1.4520255888665
(Intercept),-3.36516722995473,0.118160044347022,-28.4797390568986,2.08791253216211e-178,M4,province,mahalanobis,Mahalanobis distance,mahalanobis_dist_z,visits,Observer visits,log_effort_visits_z,0.0345562367968645,0.0274123697460666,0.0435618486334008
year_c,-0.0230306534962528,0.0162426760364259,-1.41791004417031,0.15621702956006,M4,province,mahalanobis,Mahalanobis distance,mahalanobis_dist_z,visits,Observer visits,log_effort_visits_z,0.977232527720524,0.946611702871426,1.00884386949604
mahalanobis_dist_z,-0.0704491496901138,0.0794520545392784,-0.886687576534426,0.375247128823184,M4,province,mahalanobis,Mahalanobis distance,mahalanobis_dist_z,visits,Observer visits,log_effort_visits_z,0.931975129545035,0.797578372370165,1.08901854937381
log_effort_visits_z,0.114080111596907,0.107525479386538,1.0609588745641,0.288708591323652,M4,province,mahalanobis,Mahalanobis distance,mahalanobis_dist_z,visits,Observer visits,log_effort_visits_z,1.12084191372313,0.907855705187682,1.38379545161179
mahalanobis_dist_z:log_effort_visits_z,0.103512701718109,0.0462180304635018,2.23966059739072,0.0251129654471874,M4,province,mahalanobis,Mahalanobis distance,mahalanobis_dist_z,visits,Observer visits,log_effort_visits_z,1.10905988024157,1.01300925556304,1.21421774895609
(Intercept),-3.34853134107635,0.117445677271392,-28.5113204578709,8.48004316571244e-179,M0,province,mahalanobis,Mahalanobis distance,mahalanobis_dist_z,pc1,PCA composite (PC1),effort_pc1_z,0.0351359189068634,0.027911266107413,0.0442306268973517
year_c,-0.0048853659093653,0.00758139207488204,-0.644389033189701,0.519323194245253,M0,province,mahalanobis,Mahalanobis distance,mahalanobis_dist_z,pc1,PCA composite (PC1),effort_pc1_z,0.995126548081372,0.98044875939865,1.01002407030809
(Intercept),-3.34799607703812,0.11840720503408,-28.275273249415,6.96161686405652e-176,M1,province,mahalanobis,Mahalanobis distance,mahalanobis_dist_z,pc1,PCA composite (PC1),effort_pc1_z,0.0351547309349563,0.0278736299856953,0.0443377883592274
year_c,-0.00719691353170815,0.00816320388135499,-0.881628541478196,0.377977715381669,M1,province,mahalanobis,Mahalanobis distance,mahalanobis_dist_z,pc1,PCA composite (PC1),effort_pc1_z,0.992828922234072,0.977070184143553,1.00884182612582
mahalanobis_dist_z,0.0471842830028107,0.063361710493418,0.744681332548815,0.456464386809331,M1,province,mahalanobis,Mahalanobis distance,mahalanobis_dist_z,pc1,PCA composite (PC1),effort_pc1_z,1.04831517794912,0.925885530114394,1.18693367222482
(Intercept),-3.34314102221391,0.118490923245638,-28.2143216597561,3.90221588365806e-175,M2,province,mahalanobis,Mahalanobis distance,mahalanobis_dist_z,pc1,PCA composite (PC1),effort_pc1_z,0.0353258240781937,0.0280046914298673,0.0445608854476639
year_c,-0.0151844562902286,0.0100281356616206,-1.51418536830751,0.129978831621013,M2,province,mahalanobis,Mahalanobis distance,mahalanobis_dist_z,pc1,PCA composite (PC1),effort_pc1_z,0.984930246266978,0.965760309676501,1.00448069804865
effort_pc1_z,0.0777836759868674,0.04910310739427,1.58408866800035,0.113173542780643,M2,province,mahalanobis,Mahalanobis distance,mahalanobis_dist_z,pc1,PCA composite (PC1),effort_pc1_z,1.0808888111722,0.981710898675724,1.19008622975792
(Intercept),-3.34297830998633,0.118843755133005,-28.1291878251827,4.30743833472185e-174,M3,province,mahalanobis,Mahalanobis distance,mahalanobis_dist_z,pc1,PCA composite (PC1),effort_pc1_z,0.0353315724893763,0.0279898853925978,0.0445989684152898
year_c,-0.015827676437059,0.0101581333527815,-1.5581284363357,0.11920280500567,M3,province,mahalanobis,Mahalanobis distance,mahalanobis_dist_z,pc1,PCA composite (PC1),effort_pc1_z,0.984296922994336,0.964893431125278,1.00409060872789
mahalanobis_dist_z,0.0257224915870767,0.0651051847399143,0.395091292495894,0.69277551481331,M3,province,mahalanobis,Mahalanobis distance,mahalanobis_dist_z,pc1,PCA composite (PC1),effort_pc1_z,1.02605616974179,0.903134606752642,1.16570803022449
effort_pc1_z,0.0731057953652027,0.0506904080853176,1.44220175229518,0.149245466412299,M3,province,mahalanobis,Mahalanobis distance,mahalanobis_dist_z,pc1,PCA composite (PC1),effort_pc1_z,1.07584435024007,0.974094064557159,1.18822309678036
(Intercept),-3.37761334151674,0.116858043120551,-28.9035589790972,1.07708859193343e-183,M4,province,mahalanobis,Mahalanobis distance,mahalanobis_dist_z,pc1,PCA composite (PC1),effort_pc1_z,0.0341288114279781,0.0271424839269016,0.0429133815690336
year_c,-0.00617100147227544,0.0108671255847245,-0.567859589379345,0.570130313487179,M4,province,mahalanobis,Mahalanobis distance,mahalanobis_dist_z,pc1,PCA composite (PC1),effort_pc1_z,0.993848000051075,0.972903316993811,1.01524358068542
mahalanobis_dist_z,-0.067936783354552,0.0724009115420726,-0.938341547192725,0.348068914798558,M4,province,mahalanobis,Mahalanobis distance,mahalanobis_dist_z,pc1,PCA composite (PC1),effort_pc1_z,0.93431953625718,0.810711866312035,1.07677342852145
effort_pc1_z,-0.0388220026270259,0.0652807472689571,-0.594692987613623,0.552048710068543,M4,province,mahalanobis,Mahalanobis distance,mahalanobis_dist_z,pc1,PCA composite (PC1),effort_pc1_z,0.96192191348256,0.846392340625815,1.09322086605107
mahalanobis_dist_z:effort_pc1_z,0.122758048227613,0.0398272976527977,3.0822590399625,0.0020543597805138,M4,province,mahalanobis,Mahalanobis distance,mahalanobis_dist_z,pc1,PCA composite (PC1),effort_pc1_z,1.13061083455617,1.0457104855016,1.2224041710767
(Intercept),-3.34853134107635,0.117445677271392,-28.5113204578709,8.48004316571244e-179,M0,province,mahalanobis,Mahalanobis distance,mahalanobis_dist_z,days,Birding days,log_effort_days_z,0.0351359189068634,0.027911266107413,0.0442306268973517
year_c,-0.0048853659093653,0.00758139207488204,-0.644389033189701,0.519323194245253,M0,province,mahalanobis,Mahalanobis distance,mahalanobis_dist_z,days,Birding days,log_effort_days_z,0.995126548081372,0.98044875939865,1.01002407030809
(Intercept),-3.34799607703812,0.11840720503408,-28.275273249415,6.96161686405652e-176,M1,province,mahalanobis,Mahalanobis distance,mahalanobis_dist_z,days,Birding days,log_effort_days_z,0.0351547309349563,0.0278736299856953,0.0443377883592274
year_c,-0.00719691353170815,0.00816320388135499,-0.881628541478196,0.377977715381669,M1,province,mahalanobis,Mahalanobis distance,mahalanobis_dist_z,days,Birding days,log_effort_days_z,0.992828922234072,0.977070184143553,1.00884182612582
mahalanobis_dist_z,0.0471842830028107,0.063361710493418,0.744681332548815,0.456464386809331,M1,province,mahalanobis,Mahalanobis distance,mahalanobis_dist_z,days,Birding days,log_effort_days_z,1.04831517794912,0.925885530114394,1.18693367222482
(Intercept),-3.34433178372297,0.116809981412682,-28.6305309124884,2.80158494486823e-180,M2,province,mahalanobis,Mahalanobis distance,mahalanobis_dist_z,days,Birding days,log_effort_days_z,0.0352837844811398,0.0280636720881228,0.0443614593059049
year_c,-0.0219471367712949,0.0147002253865176,-1.49297961046392,0.135442524208093,M2,province,mahalanobis,Mahalanobis distance,mahalanobis_dist_z,days,Birding days,log_effort_days_z,0.978291949355365,0.950507165394815,1.00688892521498
log_effort_days_z,0.141209868312305,0.104670752524094,1.34908620514408,0.177309278624004,M2,province,mahalanobis,Mahalanobis distance,mahalanobis_dist_z,days,Birding days,log_effort_days_z,1.15166632089122,0.938056772611868,1.41391795614049
(Intercept),-3.34377979580171,0.117600575822304,-28.4333624424952,7.82644977348615e-178,M3,province,mahalanobis,Mahalanobis distance,mahalanobis_dist_z,days,Birding days,log_effort_days_z,0.035303266080299,0.0280356903701812,0.0444547852926062
year_c,-0.0236422490711689,0.0148858469579969,-1.58823674177759,0.112232815737564,M3,province,mahalanobis,Mahalanobis distance,mahalanobis_dist_z,days,Birding days,log_effort_days_z,0.976635039360149,0.948552150436182,1.00554935189109
mahalanobis_dist_z,0.0429927955612826,0.0632545163562431,0.679679460659401,0.496707443988395,M3,province,mahalanobis,Mahalanobis distance,mahalanobis_dist_z,days,Birding days,log_effort_days_z,1.04393037389112,0.922206550144801,1.18172076023677
log_effort_days_z,0.137717067206579,0.104643778386834,1.3160559502877,0.188155264266659,M3,province,mahalanobis,Mahalanobis distance,mahalanobis_dist_z,days,Birding days,log_effort_days_z,1.1476507962889,0.934835465008394,1.40891354631131
(Intercept),-3.36824142867267,0.117866448472599,-28.5767618548013,1.30664993316229e-179,M4,province,mahalanobis,Mahalanobis distance,mahalanobis_dist_z,days,Birding days,log_effort_days_z,0.0344501671810812,0.0273439585719555,0.0434031530468182
year_c,-0.0231481729261459,0.0150103048507573,-1.54215208527081,0.123036640450741,M4,province,mahalanobis,Mahalanobis distance,mahalanobis_dist_z,days,Birding days,log_effort_days_z,0.977117690658918,0.948789449692086,1.00629173491386
mahalanobis_dist_z,-0.0604020821279263,0.0803286319468049,-0.751937144503166,0.452088859149702,M4,province,mahalanobis,Mahalanobis distance,mahalanobis_dist_z,days,Birding days,log_effort_days_z,0.941385943013931,0.804249125072453,1.10190669293472
log_effort_days_z,0.133840425733562,0.105606029934734,1.26735590587277,0.205028058811116,M4,province,mahalanobis,Mahalanobis distance,mahalanobis_dist_z,days,Birding days,log_effort_days_z,1.14321037813107,0.929463823524951,1.40611171256792
mahalanobis_dist_z:log_effort_days_z,0.125673595768123,0.0559060770401953,2.24794159099675,0.0245799146408042,M4,province,mahalanobis,Mahalanobis distance,mahalanobis_dist_z,days,Birding days,log_effort_days_z,1.13391199419964,1.01622795055062,1.26522441140606
(Intercept),-3.34853134107635,0.117445677271392,-28.5113204578709,8.48004316571244e-179,M0,province,exposure,Climate exposure,climate_exposure_z,record,Record-based (legacy),log_effort_record_z,0.0351359189068634,0.027911266107413,0.0442306268973517
year_c,-0.0048853659093653,0.00758139207488204,-0.644389033189701,0.519323194245253,M0,province,exposure,Climate exposure,climate_exposure_z,record,Record-based (legacy),log_effort_record_z,0.995126548081372,0.98044875939865,1.01002407030809
(Intercept),-3.34671541924859,0.112544507888186,-29.7368168562573,2.56783909903498e-194,M1,province,exposure,Climate exposure,climate_exposure_z,record,Record-based (legacy),log_effort_record_z,0.0351997809556399,0.0282319022581545,0.0438873926381332
year_c,-0.00495653214799445,0.00758122955143786,-0.653790010494325,0.51324710322349,M1,province,exposure,Climate exposure,climate_exposure_z,record,Record-based (legacy),log_effort_record_z,0.9950557311879,0.980379299326829,1.0099518715356
climate_exposure_z,-0.254185749902815,0.123763149243456,-2.0538080313616,0.0399942753164977,M1,province,exposure,Climate exposure,climate_exposure_z,record,Record-based (legacy),log_effort_record_z,0.77554773075066,0.608498079658913,0.988457158335895
(Intercept),-3.36322519478049,0.119348437754752,-28.1798845301315,1.03169699640129e-174,M2,province,exposure,Climate exposure,climate_exposure_z,record,Record-based (legacy),log_effort_record_z,0.0346234114308519,0.0274017572952971,0.0437483116937099
year_c,0.00797296354347721,0.0131242114909734,0.607500385753525,0.543518886714414,M2,province,exposure,Climate exposure,climate_exposure_z,record,Record-based (legacy),log_effort_record_z,1.00800483225704,0.982406120970753,1.03427057320196
log_effort_record_z,-0.0968046627443968,0.0799042223766465,-1.21150872713693,0.225700491977035,M2,province,exposure,Climate exposure,climate_exposure_z,record,Record-based (legacy),log_effort_record_z,0.90773330294859,0.776144209870463,1.06163228276801
(Intercept),-3.35897483246259,0.114904133890992,-29.2328458404222,7.41947604342569e-188,M3,province,exposure,Climate exposure,climate_exposure_z,record,Record-based (legacy),log_effort_record_z,0.0347708866636824,0.0277592285174201,0.0435536080773981
year_c,0.00538422677764953,0.0131653872796575,0.408968354920251,0.682562884476402,M3,province,exposure,Climate exposure,climate_exposure_z,record,Record-based (legacy),log_effort_record_z,1.0053987477764,0.979787142646303,1.03167983946004
climate_exposure_z,-0.241768637336893,0.125936725503203,-1.91976277270084,0.0548878711535734,M3,province,exposure,Climate exposure,climate_exposure_z,record,Record-based (legacy),log_effort_record_z,0.785237831252889,0.613481837913,1.00508020535431
log_effort_record_z,-0.0776768120871797,0.0802630267595453,-0.967778256355651,0.333155125295076,M3,province,exposure,Climate exposure,climate_exposure_z,record,Record-based (legacy),log_effort_record_z,0.925263412177656,0.790576901838669,1.0828957688032
(Intercept),-3.35991402706718,0.115374919567441,-29.1217020099692,1.9071550110654e-186,M4,province,exposure,Climate exposure,climate_exposure_z,record,Record-based (legacy),log_effort_record_z,0.0347382453651963,0.0277075907393047,0.0435528914226651
year_c,0.00531535956004762,0.0131856684214578,0.403116428394152,0.686862575527549,M4,province,exposure,Climate exposure,climate_exposure_z,record,Record-based (legacy),log_effort_record_z,1.00532951114615,0.979680725655596,1.03164980132177
climate_exposure_z,-0.242280693882362,0.126127727864476,-1.92091539255106,0.0547423748820547,M4,province,exposure,Climate exposure,climate_exposure_z,record,Record-based (legacy),log_effort_record_z,0.784835848009504,0.612938275570453,1.00494182346098
log_effort_record_z,-0.0763300858835563,0.0814729556275448,-0.936876357260202,0.348822162045212,M4,province,exposure,Climate exposure,climate_exposure_z,record,Record-based (legacy),log_effort_record_z,0.926510328098804,0.789767185452139,1.08692967229616
climate_exposure_z:log_effort_record_z,0.00540054901098277,0.055780015480529,0.0968187076403362,0.922870367180863,M4,province,exposure,Climate exposure,climate_exposure_z,record,Record-based (legacy),log_effort_record_z,1.00541515826328,0.901289934417948,1.121569876533
(Intercept),-3.34853134107635,0.117445677271392,-28.5113204578709,8.48004316571244e-179,M0,province,exposure,Climate exposure,climate_exposure_z,visits,Observer visits,log_effort_visits_z,0.0351359189068634,0.027911266107413,0.0442306268973517
year_c,-0.0048853659093653,0.00758139207488204,-0.644389033189701,0.519323194245253,M0,province,exposure,Climate exposure,climate_exposure_z,visits,Observer visits,log_effort_visits_z,0.995126548081372,0.98044875939865,1.01002407030809
(Intercept),-3.34671541924859,0.112544507888186,-29.7368168562573,2.56783909903498e-194,M1,province,exposure,Climate exposure,climate_exposure_z,visits,Observer visits,log_effort_visits_z,0.0351997809556399,0.0282319022581545,0.0438873926381332
year_c,-0.00495653214799445,0.00758122955143786,-0.653790010494325,0.51324710322349,M1,province,exposure,Climate exposure,climate_exposure_z,visits,Observer visits,log_effort_visits_z,0.9950557311879,0.980379299326829,1.0099518715356
climate_exposure_z,-0.254185749902815,0.123763149243456,-2.0538080313616,0.0399942753164977,M1,province,exposure,Climate exposure,climate_exposure_z,visits,Observer visits,log_effort_visits_z,0.77554773075066,0.608498079658913,0.988457158335895
(Intercept),-3.33935864367176,0.117793107944545,-28.3493550848822,8.52462079928458e-177,M2,province,exposure,Climate exposure,climate_exposure_z,visits,Observer visits,log_effort_visits_z,0.0354596927285279,0.0281492903236131,0.0446686148725692
year_c,-0.0289134429718703,0.0160378600079806,-1.80282425195648,0.0714158201483182,M2,province,exposure,Climate exposure,climate_exposure_z,visits,Observer visits,log_effort_visits_z,0.971500551027934,0.941437187378399,1.0025239424372
log_effort_visits_z,0.175220632893271,0.103305880667478,1.69613415771821,0.0898604761554485,M2,province,exposure,Climate exposure,climate_exposure_z,visits,Observer visits,log_effort_visits_z,1.19150907370812,0.973109277520469,1.45892543162905
(Intercept),-3.33677177514982,0.112140603177202,-29.755250824513,1.48306214212321e-194,M3,province,exposure,Climate exposure,climate_exposure_z,visits,Observer visits,log_effort_visits_z,0.035551541039978,0.0285366127757567,0.0442908932552429
year_c,-0.031283602360713,0.0159717949463326,-1.95867793606355,0.0501505159607284,M3,province,exposure,Climate exposure,climate_exposure_z,visits,Observer visits,log_effort_visits_z,0.969200666498768,0.939330097087681,1.00002111595704
climate_exposure_z,-0.274118056745783,0.124410403570604,-2.20333709142112,0.027570998535246,M3,province,exposure,Climate exposure,climate_exposure_z,visits,Observer visits,log_effort_visits_z,0.760242318228678,0.595733149603925,0.970179992182705
log_effort_visits_z,0.192031609511872,0.102852337982952,1.8670611993643,0.0618930420183673,M3,province,exposure,Climate exposure,climate_exposure_z,visits,Observer visits,log_effort_visits_z,1.21170881788383,0.990486568820749,1.48234040274314
(Intercept),-3.3349189783547,0.112219791069051,-29.7177436046255,4.52990418327595e-194,M4,province,exposure,Climate exposure,climate_exposure_z,visits,Observer visits,log_effort_visits_z,0.0356174718806426,0.0285850973439867,0.0443799189452554
year_c,-0.0314866785836015,0.0159735956872196,-1.97117037391862,0.048704391384071,M4,province,exposure,Climate exposure,climate_exposure_z,visits,Observer visits,log_effort_visits_z,0.969003864871736,0.939136046205596,0.99982158488122
climate_exposure_z,-0.269319426562893,0.125423901842318,-2.14727354680354,0.0317715105190866,M4,province,exposure,Climate exposure,climate_exposure_z,visits,Observer visits,log_effort_visits_z,0.763899206974379,0.597410812456154,0.976785130515048
log_effort_visits_z,0.192273244251235,0.102757683456914,1.8711325302682,0.061326713657487,M4,province,exposure,Climate exposure,climate_exposure_z,visits,Observer visits,log_effort_visits_z,1.2120016442053,0.990909753073368,1.48242358196629
climate_exposure_z:log_effort_visits_z,-0.0171057690139026,0.060329280173529,-0.2835400814447,0.776762861156685,M4,province,exposure,Climate exposure,climate_exposure_z,visits,Observer visits,log_effort_visits_z,0.983039703995923,0.873409153084893,1.10643111103103
(Intercept),-3.34853134107635,0.117445677271392,-28.5113204578709,8.48004316571244e-179,M0,province,exposure,Climate exposure,climate_exposure_z,pc1,PCA composite (PC1),effort_pc1_z,0.0351359189068634,0.027911266107413,0.0442306268973517
year_c,-0.0048853659093653,0.00758139207488204,-0.644389033189701,0.519323194245253,M0,province,exposure,Climate exposure,climate_exposure_z,pc1,PCA composite (PC1),effort_pc1_z,0.995126548081372,0.98044875939865,1.01002407030809
(Intercept),-3.34671541924859,0.112544507888186,-29.7368168562573,2.56783909903498e-194,M1,province,exposure,Climate exposure,climate_exposure_z,pc1,PCA composite (PC1),effort_pc1_z,0.0351997809556399,0.0282319022581545,0.0438873926381332
year_c,-0.00495653214799445,0.00758122955143786,-0.653790010494325,0.51324710322349,M1,province,exposure,Climate exposure,climate_exposure_z,pc1,PCA composite (PC1),effort_pc1_z,0.9950557311879,0.980379299326829,1.0099518715356
climate_exposure_z,-0.254185749902815,0.123763149243456,-2.0538080313616,0.0399942753164977,M1,province,exposure,Climate exposure,climate_exposure_z,pc1,PCA composite (PC1),effort_pc1_z,0.77554773075066,0.608498079658913,0.988457158335895
(Intercept),-3.34314102221391,0.118490923245638,-28.2143216597561,3.90221588365806e-175,M2,province,exposure,Climate exposure,climate_exposure_z,pc1,PCA composite (PC1),effort_pc1_z,0.0353258240781937,0.0280046914298673,0.0445608854476639
year_c,-0.0151844562902286,0.0100281356616206,-1.51418536830751,0.129978831621013,M2,province,exposure,Climate exposure,climate_exposure_z,pc1,PCA composite (PC1),effort_pc1_z,0.984930246266978,0.965760309676501,1.00448069804865
effort_pc1_z,0.0777836759868674,0.04910310739427,1.58408866800035,0.113173542780643,M2,province,exposure,Climate exposure,climate_exposure_z,pc1,PCA composite (PC1),effort_pc1_z,1.0808888111722,0.981710898675724,1.19008622975792
(Intercept),-3.34086948707719,0.113049451313023,-29.5522839631184,6.1380062726919e-192,M3,province,exposure,Climate exposure,climate_exposure_z,pc1,PCA composite (PC1),effort_pc1_z,0.0354061591362313,0.0283693366749024,0.044188417908592
year_c,-0.0159797685694638,0.00998615748953551,-1.6001919242921,0.109556013130576,M3,province,exposure,Climate exposure,climate_exposure_z,pc1,PCA composite (PC1),effort_pc1_z,0.984147230560208,0.965071934161368,1.00359956303255
climate_exposure_z,-0.268409525896483,0.124950003594293,-2.14813539956347,0.0317030007772998,M3,province,exposure,Climate exposure,climate_exposure_z,pc1,PCA composite (PC1),effort_pc1_z,0.764594595691226,0.598510306882871,0.976766630477824
effort_pc1_z,0.0834363013352514,0.0487021060376078,1.71319698722724,0.0866763057225769,M3,province,exposure,Climate exposure,climate_exposure_z,pc1,PCA composite (PC1),effort_pc1_z,1.08701597162158,0.988052123053837,1.19589209414211
(Intercept),-3.34271029385985,0.113304937738767,-29.5018942737229,2.72230350955439e-191,M4,province,exposure,Climate exposure,climate_exposure_z,pc1,PCA composite (PC1),effort_pc1_z,0.0353410431896707,0.0283029858784008,0.0441292427272605
year_c,-0.015580048739205,0.0101101523089574,-1.54103007186166,0.123309467269379,M4,province,exposure,Climate exposure,climate_exposure_z,pc1,PCA composite (PC1),effort_pc1_z,0.984540692356159,0.965223163115197,1.00424483367838
climate_exposure_z,-0.27024376548558,0.12517710173895,-2.15889137654871,0.0308585950458222,M4,province,exposure,Climate exposure,climate_exposure_z,pc1,PCA composite (PC1),effort_pc1_z,0.763193431442511,0.597147644829386,0.975410719342976
effort_pc1_z,0.0798571341656925,0.0506889232468008,1.57543559915198,0.115155932710921,M4,province,exposure,Climate exposure,climate_exposure_z,pc1,PCA composite (PC1),effort_pc1_z,1.08313231401901,0.980695607636775,1.19626885298204
climate_exposure_z:effort_pc1_z,0.0142571377141916,0.0539527868599434,0.264252109000446,0.791585660416748,M4,province,exposure,Climate exposure,climate_exposure_z,pc1,PCA composite (PC1),effort_pc1_z,1.01435925542706,0.912570145653179,1.12750203803136
(Intercept),-3.34853134107635,0.117445677271392,-28.5113204578709,8.48004316571244e-179,M0,province,exposure,Climate exposure,climate_exposure_z,days,Birding days,log_effort_days_z,0.0351359189068634,0.027911266107413,0.0442306268973517
year_c,-0.0048853659093653,0.00758139207488204,-0.644389033189701,0.519323194245253,M0,province,exposure,Climate exposure,climate_exposure_z,days,Birding days,log_effort_days_z,0.995126548081372,0.98044875939865,1.01002407030809
(Intercept),-3.34671541924859,0.112544507888186,-29.7368168562573,2.56783909903498e-194,M1,province,exposure,Climate exposure,climate_exposure_z,days,Birding days,log_effort_days_z,0.0351997809556399,0.0282319022581545,0.0438873926381332
year_c,-0.00495653214799445,0.00758122955143786,-0.653790010494325,0.51324710322349,M1,province,exposure,Climate exposure,climate_exposure_z,days,Birding days,log_effort_days_z,0.9950557311879,0.980379299326829,1.0099518715356
climate_exposure_z,-0.254185749902815,0.123763149243456,-2.0538080313616,0.0399942753164977,M1,province,exposure,Climate exposure,climate_exposure_z,days,Birding days,log_effort_days_z,0.77554773075066,0.608498079658913,0.988457158335895
(Intercept),-3.34433178372297,0.116809981412682,-28.6305309124884,2.80158494486823e-180,M2,province,exposure,Climate exposure,climate_exposure_z,days,Birding days,log_effort_days_z,0.0352837844811398,0.0280636720881228,0.0443614593059049
year_c,-0.0219471367712949,0.0147002253865176,-1.49297961046392,0.135442524208093,M2,province,exposure,Climate exposure,climate_exposure_z,days,Birding days,log_effort_days_z,0.978291949355365,0.950507165394815,1.00688892521498
log_effort_days_z,0.141209868312305,0.104670752524094,1.34908620514408,0.177309278624004,M2,province,exposure,Climate exposure,climate_exposure_z,days,Birding days,log_effort_days_z,1.15166632089122,0.938056772611868,1.41391795614049
(Intercept),-3.34182090302186,0.111130666576957,-30.0710956386433,1.15718849354337e-198,M3,province,exposure,Climate exposure,climate_exposure_z,days,Birding days,log_effort_days_z,0.0353724891714998,0.0284491496108321,0.0439806815776127
year_c,-0.0244914521696194,0.0147101066124838,-1.6649404939618,0.0959246283077325,M3,province,exposure,Climate exposure,climate_exposure_z,days,Birding days,log_effort_days_z,0.975806029907187,0.948073487634164,1.00434978978196
climate_exposure_z,-0.270108614881184,0.123002566220626,-2.1959591834588,0.0280948649888804,M3,province,exposure,Climate exposure,climate_exposure_z,days,Birding days,log_effort_days_z,0.763296584466482,0.59977922808226,0.971393553793247
log_effort_days_z,0.161663145859535,0.104879765281893,1.54141406995927,0.123216041844954,M3,province,exposure,Climate exposure,climate_exposure_z,days,Birding days,log_effort_days_z,1.17546421463546,0.957048514848133,1.44372630901352
(Intercept),-3.33552978818441,0.111098480553831,-30.0231809792236,4.89044296943334e-198,M4,province,exposure,Climate exposure,climate_exposure_z,days,Birding days,log_effort_days_z,0.035595723021593,0.0286304967291458,0.0442554493349082
year_c,-0.0252745458034271,0.0146663581459397,-1.72330073709705,0.0848341545488442,M4,province,exposure,Climate exposure,climate_exposure_z,days,Birding days,log_effort_days_z,0.975042181538767,0.947412582240537,1.00347754885369
climate_exposure_z,-0.251174154167482,0.124137253460774,-2.0233583969767,0.0430362101812161,M4,province,exposure,Climate exposure,climate_exposure_z,days,Birding days,log_effort_days_z,0.777886887518453,0.60988603267483,0.992165711877795
log_effort_days_z,0.162126116110585,0.104197265214257,1.55595365940948,0.119719112181977,M4,province,exposure,Climate exposure,climate_exposure_z,days,Birding days,log_effort_days_z,1.17600854559281,0.958773396269883,1.44246399064458
climate_exposure_z:log_effort_days_z,-0.0674713234772168,0.0669051696459205,-1.00846203416406,0.313232705142386,M4,province,exposure,Climate exposure,climate_exposure_z,days,Birding days,log_effort_days_z,0.934754525741141,0.819873305635791,1.06573298262951
(Intercept),-3.34853134107635,0.117445677271392,-28.5113204578709,8.48004316571244e-179,M0,province,warming,Warming rate,warming_rate_z,record,Record-based (legacy),log_effort_record_z,0.0351359189068634,0.027911266107413,0.0442306268973517
year_c,-0.0048853659093653,0.00758139207488204,-0.644389033189701,0.519323194245253,M0,province,warming,Warming rate,warming_rate_z,record,Record-based (legacy),log_effort_record_z,0.995126548081372,0.98044875939865,1.01002407030809
(Intercept),-3.34999492594562,0.109990197387592,-30.4572135109517,9.61421004373574e-204,M1,province,warming,Warming rate,warming_rate_z,record,Record-based (legacy),log_effort_record_z,0.0350845321212172,0.0282806992352772,0.0435252461024469
year_c,-0.00501719241774871,0.00758307773799028,-0.661630091514583,0.508208317591282,M1,province,warming,Warming rate,warming_rate_z,record,Record-based (legacy),log_effort_record_z,0.994995372669526,0.9803162799089,1.0098942677212
warming_rate_z,-0.282113143780186,0.116709526995271,-2.41722463489736,0.015639362190969,M1,province,warming,Warming rate,warming_rate_z,record,Record-based (legacy),log_effort_record_z,0.754188347984867,0.599977084682649,0.948036314648588
(Intercept),-3.36322519478049,0.119348437754752,-28.1798845301315,1.03169699640129e-174,M2,province,warming,Warming rate,warming_rate_z,record,Record-based (legacy),log_effort_record_z,0.0346234114308519,0.0274017572952971,0.0437483116937099
year_c,0.00797296354347721,0.0131242114909734,0.607500385753525,0.543518886714414,M2,province,warming,Warming rate,warming_rate_z,record,Record-based (legacy),log_effort_record_z,1.00800483225704,0.982406120970753,1.03427057320196
log_effort_record_z,-0.0968046627443968,0.0799042223766465,-1.21150872713693,0.225700491977035,M2,province,warming,Warming rate,warming_rate_z,record,Record-based (legacy),log_effort_record_z,0.90773330294859,0.776144209870463,1.06163228276801
(Intercept),-3.36228003418721,0.112302682821623,-29.9394453427949,6.03749313007764e-197,M3,province,warming,Warming rate,warming_rate_z,record,Record-based (legacy),log_effort_record_z,0.0346561515848557,0.0278090633254357,0.0431891153116959
year_c,0.00553667342108117,0.0131062922008943,0.422443917487463,0.672701027771507,M3,province,warming,Warming rate,warming_rate_z,record,Record-based (legacy),log_effort_record_z,1.00555202912412,0.980050028341264,1.03171762056575
warming_rate_z,-0.27395932159599,0.118450201415587,-2.31286497044267,0.0207300642998566,M3,province,warming,Warming rate,warming_rate_z,record,Record-based (legacy),log_effort_record_z,0.760363004985303,0.602828992881172,0.959064521079269
log_effort_record_z,-0.0792505906270595,0.0796607685347551,-0.994850942123203,0.31980876568532,M3,province,warming,Warming rate,warming_rate_z,record,Record-based (legacy),log_effort_record_z,0.923808397711418,0.790265987655127,1.07991735569236
(Intercept),-3.36283607100215,0.112479191337646,-29.897406186958,2.12665677034266e-196,M4,province,warming,Warming rate,warming_rate_z,record,Record-based (legacy),log_effort_record_z,0.034636886845159,0.0277839910401178,0.0431800430899959
year_c,0.00546940728336436,0.0131291030942152,0.416586513497196,0.676980875629405,M4,province,warming,Warming rate,warming_rate_z,record,Record-based (legacy),log_effort_record_z,1.00548439179773,0.979940292904417,1.03169434859381
warming_rate_z,-0.274424502299394,0.118575335117353,-2.31434726309479,0.0206486811968652,M4,province,warming,Warming rate,warming_rate_z,record,Record-based (legacy),log_effort_record_z,0.760009381043696,0.602400869484937,0.958853628097004
log_effort_record_z,-0.0777609126558061,0.0814563744264072,-0.954632626401268,0.339763511831723,M4,province,warming,Warming rate,warming_rate_z,record,Record-based (legacy),log_effort_record_z,0.925185600270621,0.788663603948983,1.08534030309262
warming_rate_z:log_effort_record_z,0.00436535835175918,0.0496535850692234,0.0879162772571872,0.929943219318847,M4,province,warming,Warming rate,warming_rate_z,record,Record-based (legacy),log_effort_record_z,1.00437490040831,0.911233895871965,1.10703623420955
(Intercept),-3.34853134107635,0.117445677271392,-28.5113204578709,8.48004316571244e-179,M0,province,warming,Warming rate,warming_rate_z,visits,Observer visits,log_effort_visits_z,0.0351359189068634,0.027911266107413,0.0442306268973517
year_c,-0.0048853659093653,0.00758139207488204,-0.644389033189701,0.519323194245253,M0,province,warming,Warming rate,warming_rate_z,visits,Observer visits,log_effort_visits_z,0.995126548081372,0.98044875939865,1.01002407030809
(Intercept),-3.34999492594562,0.109990197387592,-30.4572135109517,9.61421004373574e-204,M1,province,warming,Warming rate,warming_rate_z,visits,Observer visits,log_effort_visits_z,0.0350845321212172,0.0282806992352772,0.0435252461024469
year_c,-0.00501719241774871,0.00758307773799028,-0.661630091514583,0.508208317591282,M1,province,warming,Warming rate,warming_rate_z,visits,Observer visits,log_effort_visits_z,0.994995372669526,0.9803162799089,1.0098942677212
warming_rate_z,-0.282113143780186,0.116709526995271,-2.41722463489736,0.015639362190969,M1,province,warming,Warming rate,warming_rate_z,visits,Observer visits,log_effort_visits_z,0.754188347984867,0.599977084682649,0.948036314648588
(Intercept),-3.33935864367176,0.117793107944545,-28.3493550848822,8.52462079928458e-177,M2,province,warming,Warming rate,warming_rate_z,visits,Observer visits,log_effort_visits_z,0.0354596927285279,0.0281492903236131,0.0446686148725692
year_c,-0.0289134429718703,0.0160378600079806,-1.80282425195648,0.0714158201483182,M2,province,warming,Warming rate,warming_rate_z,visits,Observer visits,log_effort_visits_z,0.971500551027934,0.941437187378399,1.0025239424372
log_effort_visits_z,0.175220632893271,0.103305880667478,1.69613415771821,0.0898604761554485,M2,province,warming,Warming rate,warming_rate_z,visits,Observer visits,log_effort_visits_z,1.19150907370812,0.973109277520469,1.45892543162905
(Intercept),-3.34136973419777,0.110071972479914,-30.3562265571966,2.07937657076137e-202,M3,province,warming,Warming rate,warming_rate_z,visits,Observer visits,log_effort_visits_z,0.0353884517364795,0.0285211089697863,0.0439093205538327
year_c,-0.0298486106473006,0.0158781126910923,-1.8798588489705,0.0601273175439917,M3,province,warming,Warming rate,warming_rate_z,visits,Observer visits,log_effort_visits_z,0.970592459790916,0.940851736311715,1.00127330018645
warming_rate_z,-0.290801749035698,0.117490425756996,-2.47511018163438,0.0133195077196105,M3,province,warming,Warming rate,warming_rate_z,visits,Observer visits,log_effort_visits_z,0.747663888413031,0.593877040531663,0.941274458996516
log_effort_visits_z,0.181164172607843,0.102083521381939,1.77466617682621,0.0759530232416387,M3,province,warming,Warming rate,warming_rate_z,visits,Observer visits,log_effort_visits_z,1.19861194238958,0.981258321609083,1.46411047611096
(Intercept),-3.33772118154087,0.110145885316661,-30.3027314360874,1.055191395608e-201,M4,province,warming,Warming rate,warming_rate_z,visits,Observer visits,log_effort_visits_z,0.0355178041972243,0.0286212131729138,0.0440762034568898
year_c,-0.0306740887072934,0.0158600352645982,-1.9340492120949,0.0531070774599503,M4,province,warming,Warming rate,warming_rate_z,visits,Observer visits,log_effort_visits_z,0.96979158760685,0.94010871342466,1.00041166512216
warming_rate_z,-0.273096191530943,0.118741908903474,-2.29991410827784,0.0214530866401407,M4,province,warming,Warming rate,warming_rate_z,visits,Observer visits,log_effort_visits_z,0.761019580469513,0.603004672829844,0.960441648221553
log_effort_visits_z,0.179451026937423,0.101937243456399,1.7604069018619,0.078338839956421,M4,province,warming,Warming rate,warming_rate_z,visits,Observer visits,log_effort_visits_z,1.19656030340995,0.9798596123952,1.46118540001529
warming_rate_z:log_effort_visits_z,-0.0569654296306079,0.0557769583230686,-1.02130756755604,0.307108742185241,M4,province,warming,Warming rate,warming_rate_z,visits,Observer visits,log_effort_visits_z,0.944626724896881,0.846802093103863,1.05375229543742
(Intercept),-3.34853134107635,0.117445677271392,-28.5113204578709,8.48004316571244e-179,M0,province,warming,Warming rate,warming_rate_z,pc1,PCA composite (PC1),effort_pc1_z,0.0351359189068634,0.027911266107413,0.0442306268973517
year_c,-0.0048853659093653,0.00758139207488204,-0.644389033189701,0.519323194245253,M0,province,warming,Warming rate,warming_rate_z,pc1,PCA composite (PC1),effort_pc1_z,0.995126548081372,0.98044875939865,1.01002407030809
(Intercept),-3.34999492594562,0.109990197387592,-30.4572135109517,9.61421004373574e-204,M1,province,warming,Warming rate,warming_rate_z,pc1,PCA composite (PC1),effort_pc1_z,0.0350845321212172,0.0282806992352772,0.0435252461024469
year_c,-0.00501719241774871,0.00758307773799028,-0.661630091514583,0.508208317591282,M1,province,warming,Warming rate,warming_rate_z,pc1,PCA composite (PC1),effort_pc1_z,0.994995372669526,0.9803162799089,1.0098942677212
warming_rate_z,-0.282113143780186,0.116709526995271,-2.41722463489736,0.015639362190969,M1,province,warming,Warming rate,warming_rate_z,pc1,PCA composite (PC1),effort_pc1_z,0.754188347984867,0.599977084682649,0.948036314648588
(Intercept),-3.34314102221391,0.118490923245638,-28.2143216597561,3.90221588365806e-175,M2,province,warming,Warming rate,warming_rate_z,pc1,PCA composite (PC1),effort_pc1_z,0.0353258240781937,0.0280046914298673,0.0445608854476639
year_c,-0.0151844562902286,0.0100281356616206,-1.51418536830751,0.129978831621013,M2,province,warming,Warming rate,warming_rate_z,pc1,PCA composite (PC1),effort_pc1_z,0.984930246266978,0.965760309676501,1.00448069804865
effort_pc1_z,0.0777836759868674,0.04910310739427,1.58408866800035,0.113173542780643,M2,province,warming,Warming rate,warming_rate_z,pc1,PCA composite (PC1),effort_pc1_z,1.0808888111722,0.981710898675724,1.19008622975792
(Intercept),-3.34469734160341,0.110668577777123,-30.2226468324128,1.19405264965343e-200,M3,province,warming,Warming rate,warming_rate_z,pc1,PCA composite (PC1),effort_pc1_z,0.0352708885729152,0.0283931388143568,0.0438146549719948
year_c,-0.0157491267497992,0.00998302824960597,-1.57759012155664,0.114659803255637,M3,province,warming,Warming rate,warming_rate_z,pc1,PCA composite (PC1),effort_pc1_z,0.98437424224647,0.965300466248257,1.00382490496913
warming_rate_z,-0.291392597047463,0.117929509585597,-2.47090484876443,0.01347716728542,M3,province,warming,Warming rate,warming_rate_z,pc1,PCA composite (PC1),effort_pc1_z,0.747222263170639,0.593015681587805,0.94152840795523
effort_pc1_z,0.0811687364879538,0.048613429848524,1.66967722172391,0.0949832428057628,M3,province,warming,Warming rate,warming_rate_z,pc1,PCA composite (PC1),effort_pc1_z,1.08455388494146,0.985985543733224,1.19297603987982
(Intercept),-3.33921360626689,0.110808245320904,-30.1350643771719,1.68337728371064e-199,M4,province,warming,Warming rate,warming_rate_z,pc1,PCA composite (PC1),effort_pc1_z,0.0354648360833191,0.0285414527183359,0.0440676447281422
year_c,-0.0168317444878224,0.00999730579522854,-1.68362805265553,0.0922535737600374,M4,province,warming,Warming rate,warming_rate_z,pc1,PCA composite (PC1),effort_pc1_z,0.983309117896251,0.964228996980882,1.00276679540376
warming_rate_z,-0.280885192459323,0.118344429218205,-2.37345512851664,0.0176225341353916,M4,province,warming,Warming rate,warming_rate_z,pc1,PCA composite (PC1),effort_pc1_z,0.755115023402664,0.598792426850434,0.952247678828494
effort_pc1_z,0.0840661066701618,0.0485963468204474,1.72988531382343,0.0836507676940646,M4,province,warming,Warming rate,warming_rate_z,pc1,PCA composite (PC1),effort_pc1_z,1.08770079570994,0.988879561238644,1.19639748596495
warming_rate_z:effort_pc1_z,-0.0616752258531041,0.0514182102990656,-1.19948215805996,0.230340518301834,M4,province,warming,Warming rate,warming_rate_z,pc1,PCA composite (PC1),effort_pc1_z,0.940188186027795,0.850054411481188,1.03987911033363
(Intercept),-3.34853134107635,0.117445677271392,-28.5113204578709,8.48004316571244e-179,M0,province,warming,Warming rate,warming_rate_z,days,Birding days,log_effort_days_z,0.0351359189068634,0.027911266107413,0.0442306268973517
year_c,-0.0048853659093653,0.00758139207488204,-0.644389033189701,0.519323194245253,M0,province,warming,Warming rate,warming_rate_z,days,Birding days,log_effort_days_z,0.995126548081372,0.98044875939865,1.01002407030809
(Intercept),-3.34999492594562,0.109990197387592,-30.4572135109517,9.61421004373574e-204,M1,province,warming,Warming rate,warming_rate_z,days,Birding days,log_effort_days_z,0.0350845321212172,0.0282806992352772,0.0435252461024469
year_c,-0.00501719241774871,0.00758307773799028,-0.661630091514583,0.508208317591282,M1,province,warming,Warming rate,warming_rate_z,days,Birding days,log_effort_days_z,0.994995372669526,0.9803162799089,1.0098942677212
warming_rate_z,-0.282113143780186,0.116709526995271,-2.41722463489736,0.015639362190969,M1,province,warming,Warming rate,warming_rate_z,days,Birding days,log_effort_days_z,0.754188347984867,0.599977084682649,0.948036314648588
(Intercept),-3.34433178372297,0.116809981412682,-28.6305309124884,2.80158494486823e-180,M2,province,warming,Warming rate,warming_rate_z,days,Birding days,log_effort_days_z,0.0352837844811398,0.0280636720881228,0.0443614593059049
year_c,-0.0219471367712949,0.0147002253865176,-1.49297961046392,0.135442524208093,M2,province,warming,Warming rate,warming_rate_z,days,Birding days,log_effort_days_z,0.978291949355365,0.950507165394815,1.00688892521498
log_effort_days_z,0.141209868312305,0.104670752524094,1.34908620514408,0.177309278624004,M2,province,warming,Warming rate,warming_rate_z,days,Birding days,log_effort_days_z,1.15166632089122,0.938056772611868,1.41391795614049
(Intercept),-3.34598032489469,0.109003208644448,-30.6961635946772,6.40383491143283e-207,M3,province,warming,Warming rate,warming_rate_z,days,Birding days,log_effort_days_z,0.0352256656285517,0.0284494453604796,0.0436158773308897
year_c,-0.0233474676495116,0.0145845202664759,-1.60083891845097,0.109412601198362,M3,province,warming,Warming rate,warming_rate_z,days,Birding days,log_effort_days_z,0.976922975662543,0.94939235308196,1.00525193538711
warming_rate_z,-0.288892359524461,0.116051188654096,-2.48935286984038,0.0127975876021083,M3,province,warming,Warming rate,warming_rate_z,days,Birding days,log_effort_days_z,0.749092833772004,0.596692908362656,0.94041686392479
log_effort_days_z,0.151865757558848,0.103756492420621,1.46367474473979,0.14328283917937,M3,province,warming,Warming rate,warming_rate_z,days,Birding days,log_effort_days_z,1.1640039672093,0.949806530164862,1.42650654912196
(Intercept),-3.34126875742977,0.10928359986714,-30.5742925882004,2.68919694696952e-205,M4,province,warming,Warming rate,warming_rate_z,days,Birding days,log_effort_days_z,0.0353920253283824,0.0285680987174839,0.0438459510110228
year_c,-0.025058304948439,0.014563284533278,-1.72064927325833,0.085314486496367,M4,province,warming,Warming rate,warming_rate_z,days,Birding days,log_effort_days_z,0.975253048291935,0.947808934777356,1.0034918149681
warming_rate_z,-0.259214683942701,0.117758332030749,-2.20124282904258,0.0277188377801294,M4,province,warming,Warming rate,warming_rate_z,days,Birding days,log_effort_days_z,0.771657342819128,0.612613520145732,0.971991369999516
log_effort_days_z,0.153640882531304,0.103206605628049,1.4886729545686,0.136573510185245,M4,province,warming,Warming rate,warming_rate_z,days,Birding days,log_effort_days_z,1.16607205473338,0.952520105088416,1.42750166591382
warming_rate_z:log_effort_days_z,-0.0982251082818388,0.0631420846052907,-1.55562029501966,0.119798409812647,M4,province,warming,Warming rate,warming_rate_z,days,Birding days,log_effort_days_z,0.906444832546887,0.800928504173246,1.02586214645849
(Intercept),-3.34853134107635,0.117445677271392,-28.5113204578709,8.48004316571244e-179,M0,province,prec_velocity,Precipitation velocity,precip_velocity_z,record,Record-based (legacy),log_effort_record_z,0.0351359189068634,0.027911266107413,0.0442306268973517
year_c,-0.0048853659093653,0.00758139207488204,-0.644389033189701,0.519323194245253,M0,province,prec_velocity,Precipitation velocity,precip_velocity_z,record,Record-based (legacy),log_effort_record_z,0.995126548081372,0.98044875939865,1.01002407030809
(Intercept),-3.3538045895618,0.113407233636245,-29.5731099509858,3.31389668925635e-192,M1,province,prec_velocity,Precipitation velocity,precip_velocity_z,record,Record-based (legacy),log_effort_record_z,0.0349511261330233,0.0279851079985203,0.0436511168022326
year_c,-0.00488757318372037,0.00758068831450363,-0.644740026360047,0.519095672983243,M1,province,prec_velocity,Precipitation velocity,precip_velocity_z,record,Record-based (legacy),log_effort_record_z,0.995124351566486,0.980447947681523,1.01002044771712
precip_velocity_z,0.153719646615561,0.109822921989743,1.39970457742799,0.16160180250912,M1,province,prec_velocity,Precipitation velocity,precip_velocity_z,record,Record-based (legacy),log_effort_record_z,1.16616390294807,0.940321650858704,1.44624793792334
(Intercept),-3.36322519478049,0.119348437754752,-28.1798845301315,1.03169699640129e-174,M2,province,prec_velocity,Precipitation velocity,precip_velocity_z,record,Record-based (legacy),log_effort_record_z,0.0346234114308519,0.0274017572952971,0.0437483116937099
year_c,0.00797296354347721,0.0131242114909734,0.607500385753525,0.543518886714414,M2,province,prec_velocity,Precipitation velocity,precip_velocity_z,record,Record-based (legacy),log_effort_record_z,1.00800483225704,0.982406120970753,1.03427057320196
log_effort_record_z,-0.0968046627443968,0.0799042223766465,-1.21150872713693,0.225700491977035,M2,province,prec_velocity,Precipitation velocity,precip_velocity_z,record,Record-based (legacy),log_effort_record_z,0.90773330294859,0.776144209870463,1.06163228276801
(Intercept),-3.36782060169773,0.115489053171018,-29.1613837781718,5.99215580873508e-187,M3,province,prec_velocity,Precipitation velocity,precip_velocity_z,record,Record-based (legacy),log_effort_record_z,0.0344646677916322,0.0274832336440907,0.043219562201807
year_c,0.00741326813984043,0.0131098558387835,0.56547289543104,0.571752155087932,M3,province,prec_velocity,Precipitation velocity,precip_velocity_z,record,Record-based (legacy),log_effort_record_z,1.00744081443939,0.981884053585207,1.03366277402348
precip_velocity_z,0.150265018271778,0.111086699413179,1.35268235590363,0.176157129545729,M3,province,prec_velocity,Precipitation velocity,precip_velocity_z,record,Record-based (legacy),log_effort_record_z,1.16214219083552,0.934760518377357,1.44483474127087
log_effort_record_z,-0.09258195873805,0.0797824511647285,-1.16043011196653,0.245873732806074,M3,province,prec_velocity,Precipitation velocity,precip_velocity_z,record,Record-based (legacy),log_effort_record_z,0.911574496407384,0.779614616333379,1.06587029679936
(Intercept),-3.38895684247469,0.116546585570098,-29.0781306539124,6.78713705126399e-186,M4,province,prec_velocity,Precipitation velocity,precip_velocity_z,record,Record-based (legacy),log_effort_record_z,0.0337438587064413,0.0268527202531637,0.0424034507366576
year_c,0.0104299230312826,0.0132741745220664,0.785730443271207,0.432025424014478,M4,province,prec_velocity,Precipitation velocity,precip_velocity_z,record,Record-based (legacy),log_effort_record_z,1.01048450427284,0.984533396648424,1.03711965165581
precip_velocity_z,0.188569043443518,0.112665550081909,1.6737063219984,0.094188330704412,M4,province,prec_velocity,Precipitation velocity,precip_velocity_z,record,Record-based (legacy),log_effort_record_z,1.20752045147865,0.968259223467802,1.50590420973943
log_effort_record_z,-0.0904282013100252,0.0801394565060585,-1.12838550762057,0.259157145559134,M4,province,prec_velocity,Precipitation velocity,precip_velocity_z,record,Record-based (legacy),log_effort_record_z,0.913539922516013,0.780749021531179,1.06891608828899
precip_velocity_z:log_effort_record_z,-0.114144985245932,0.0498219309126548,-2.2910590407675,0.0219599991695741,M4,province,prec_velocity,Precipitation velocity,precip_velocity_z,record,Record-based (legacy),log_effort_record_z,0.89212860102074,0.809129767606499,0.983641280574276
(Intercept),-3.34853134107635,0.117445677271392,-28.5113204578709,8.48004316571244e-179,M0,province,prec_velocity,Precipitation velocity,precip_velocity_z,visits,Observer visits,log_effort_visits_z,0.0351359189068634,0.027911266107413,0.0442306268973517
year_c,-0.0048853659093653,0.00758139207488204,-0.644389033189701,0.519323194245253,M0,province,prec_velocity,Precipitation velocity,precip_velocity_z,visits,Observer visits,log_effort_visits_z,0.995126548081372,0.98044875939865,1.01002407030809
(Intercept),-3.3538045895618,0.113407233636245,-29.5731099509858,3.31389668925635e-192,M1,province,prec_velocity,Precipitation velocity,precip_velocity_z,visits,Observer visits,log_effort_visits_z,0.0349511261330233,0.0279851079985203,0.0436511168022326
year_c,-0.00488757318372037,0.00758068831450363,-0.644740026360047,0.519095672983243,M1,province,prec_velocity,Precipitation velocity,precip_velocity_z,visits,Observer visits,log_effort_visits_z,0.995124351566486,0.980447947681523,1.01002044771712
precip_velocity_z,0.153719646615561,0.109822921989743,1.39970457742799,0.16160180250912,M1,province,prec_velocity,Precipitation velocity,precip_velocity_z,visits,Observer visits,log_effort_visits_z,1.16616390294807,0.940321650858704,1.44624793792334
(Intercept),-3.33935864367176,0.117793107944545,-28.3493550848822,8.52462079928458e-177,M2,province,prec_velocity,Precipitation velocity,precip_velocity_z,visits,Observer visits,log_effort_visits_z,0.0354596927285279,0.0281492903236131,0.0446686148725692
year_c,-0.0289134429718703,0.0160378600079806,-1.80282425195648,0.0714158201483182,M2,province,prec_velocity,Precipitation velocity,precip_velocity_z,visits,Observer visits,log_effort_visits_z,0.971500551027934,0.941437187378399,1.0025239424372
log_effort_visits_z,0.175220632893271,0.103305880667478,1.69613415771821,0.0898604761554485,M2,province,prec_velocity,Precipitation velocity,precip_velocity_z,visits,Observer visits,log_effort_visits_z,1.19150907370812,0.973109277520469,1.45892543162905
(Intercept),-3.34533538781363,0.113853154803283,-29.3828958327394,9.08409324621222e-190,M3,province,prec_velocity,Precipitation velocity,precip_velocity_z,visits,Observer visits,log_effort_visits_z,0.0352483912940449,0.0281984696221693,0.0440608694537557
year_c,-0.0283321529455882,0.0158870415956677,-1.7833498310544,0.074529374454665,M3,province,prec_velocity,Precipitation velocity,precip_velocity_z,visits,Observer visits,log_effort_visits_z,0.972065438774675,0.942263090168828,1.00281039034533
precip_velocity_z,0.151762965871325,0.110436303449142,1.37421265590635,0.169375672837358,M3,province,prec_velocity,Precipitation velocity,precip_velocity_z,visits,Observer visits,log_effort_visits_z,1.16388432342652,0.937355947551433,1.44515722320489
log_effort_visits_z,0.171460492570455,0.102325469338975,1.67563846692417,0.0938090293046919,M3,province,prec_velocity,Precipitation velocity,precip_velocity_z,visits,Observer visits,log_effort_visits_z,1.18703724501557,0.971321826560566,1.45065969128233
(Intercept),-3.35691551505566,0.113668826976188,-29.5324197878711,1.10453033064481e-191,M4,province,prec_velocity,Precipitation velocity,precip_velocity_z,visits,Observer visits,log_effort_visits_z,0.0348425647344619,0.0278838833176664,0.0435378495686794
year_c,-0.0262941232522213,0.0152983824281779,-1.71875185992151,0.0856595645926811,M4,province,prec_velocity,Precipitation velocity,precip_velocity_z,visits,Observer visits,log_effort_visits_z,0.974048557143436,0.945275411875092,1.00369752534998
precip_velocity_z,0.212163408889834,0.112108071986185,1.89249003333123,0.0584257203357767,M4,province,prec_velocity,Precipitation velocity,precip_velocity_z,visits,Observer visits,log_effort_visits_z,1.23634989913707,0.992460156110858,1.5401737426782
log_effort_visits_z,0.166407683752033,0.0979935932237046,1.69814860622724,0.0894797176713182,M4,province,prec_velocity,Precipitation velocity,precip_velocity_z,visits,Observer visits,log_effort_visits_z,1.18105450031746,0.974666654789525,1.43114543404724
precip_velocity_z:log_effort_visits_z,-0.136822092823372,0.0524118277716124,-2.61051939305728,0.00904048459443954,M4,province,prec_velocity,Precipitation velocity,precip_velocity_z,visits,Observer visits,log_effort_visits_z,0.872125369693311,0.786982493622897,0.966479771311352
(Intercept),-3.34853134107635,0.117445677271392,-28.5113204578709,8.48004316571244e-179,M0,province,prec_velocity,Precipitation velocity,precip_velocity_z,pc1,PCA composite (PC1),effort_pc1_z,0.0351359189068634,0.027911266107413,0.0442306268973517
year_c,-0.0048853659093653,0.00758139207488204,-0.644389033189701,0.519323194245253,M0,province,prec_velocity,Precipitation velocity,precip_velocity_z,pc1,PCA composite (PC1),effort_pc1_z,0.995126548081372,0.98044875939865,1.01002407030809
(Intercept),-3.3538045895618,0.113407233636245,-29.5731099509858,3.31389668925635e-192,M1,province,prec_velocity,Precipitation velocity,precip_velocity_z,pc1,PCA composite (PC1),effort_pc1_z,0.0349511261330233,0.0279851079985203,0.0436511168022326
year_c,-0.00488757318372037,0.00758068831450363,-0.644740026360047,0.519095672983243,M1,province,prec_velocity,Precipitation velocity,precip_velocity_z,pc1,PCA composite (PC1),effort_pc1_z,0.995124351566486,0.980447947681523,1.01002044771712
precip_velocity_z,0.153719646615561,0.109822921989743,1.39970457742799,0.16160180250912,M1,province,prec_velocity,Precipitation velocity,precip_velocity_z,pc1,PCA composite (PC1),effort_pc1_z,1.16616390294807,0.940321650858704,1.44624793792334
(Intercept),-3.34314102221391,0.118490923245638,-28.2143216597561,3.90221588365806e-175,M2,province,prec_velocity,Precipitation velocity,precip_velocity_z,pc1,PCA composite (PC1),effort_pc1_z,0.0353258240781937,0.0280046914298673,0.0445608854476639
year_c,-0.0151844562902286,0.0100281356616206,-1.51418536830751,0.129978831621013,M2,province,prec_velocity,Precipitation velocity,precip_velocity_z,pc1,PCA composite (PC1),effort_pc1_z,0.984930246266978,0.965760309676501,1.00448069804865
effort_pc1_z,0.0777836759868674,0.04910310739427,1.58408866800035,0.113173542780643,M2,province,prec_velocity,Precipitation velocity,precip_velocity_z,pc1,PCA composite (PC1),effort_pc1_z,1.0808888111722,0.981710898675724,1.19008622975792
(Intercept),-3.34861542188151,0.113991694592014,-29.3759596597497,1.11399887855677e-189,M3,province,prec_velocity,Precipitation velocity,precip_velocity_z,pc1,PCA composite (PC1),effort_pc1_z,0.0351329647747062,0.0280984983581569,0.0439285116993602
year_c,-0.0156159835421175,0.0100005317209973,-1.56151532516315,0.118402210798096,M3,province,prec_velocity,Precipitation velocity,precip_velocity_z,pc1,PCA composite (PC1),effort_pc1_z,0.984505313716086,0.965395877789873,1.00399300953528
precip_velocity_z,0.164388663909102,0.110761871059066,1.48416293745561,0.137765699605009,M3,province,prec_velocity,Precipitation velocity,precip_velocity_z,pc1,PCA composite (PC1),effort_pc1_z,1.17867233347603,0.948660202126607,1.46445320103817
effort_pc1_z,0.081410913779717,0.0490069640956524,1.66121112135855,0.0966710527495413,M3,province,prec_velocity,Precipitation velocity,precip_velocity_z,pc1,PCA composite (PC1),effort_pc1_z,1.08481657107111,0.985463947661211,1.19418573927887
(Intercept),-3.37570260662902,0.114880328790213,-29.3845137995165,8.66184799638555e-190,M4,province,prec_velocity,Precipitation velocity,precip_velocity_z,pc1,PCA composite (PC1),effort_pc1_z,0.0341940848789211,0.0273000143525253,0.0428291145055278
year_c,-0.00624461770767388,0.0105129444869173,-0.59399321621501,0.552516650255012,M4,province,prec_velocity,Precipitation velocity,precip_velocity_z,pc1,PCA composite (PC1),effort_pc1_z,0.993774839395692,0.973507267465379,1.01446436449028
precip_velocity_z,0.196582863620837,0.111417221777409,1.76438489925348,0.0776671988134005,M4,province,prec_velocity,Precipitation velocity,precip_velocity_z,pc1,PCA composite (PC1),effort_pc1_z,1.2172361812967,0.978440901444596,1.51431110337907
effort_pc1_z,-0.00639997444964004,0.0591010782908677,-0.108288624077929,0.913766746221352,M4,province,prec_velocity,Precipitation velocity,precip_velocity_z,pc1,PCA composite (PC1),effort_pc1_z,0.993620461766509,0.884937650472313,1.11565105351112
precip_velocity_z:effort_pc1_z,-0.146802658916886,0.0559996895817389,-2.6214905834899,0.00875461808006432,M4,province,prec_velocity,Precipitation velocity,precip_velocity_z,pc1,PCA composite (PC1),effort_pc1_z,0.86346435759582,0.773706984166981,0.963634440551275
(Intercept),-3.34853134107635,0.117445677271392,-28.5113204578709,8.48004316571244e-179,M0,province,prec_velocity,Precipitation velocity,precip_velocity_z,days,Birding days,log_effort_days_z,0.0351359189068634,0.027911266107413,0.0442306268973517
year_c,-0.0048853659093653,0.00758139207488204,-0.644389033189701,0.519323194245253,M0,province,prec_velocity,Precipitation velocity,precip_velocity_z,days,Birding days,log_effort_days_z,0.995126548081372,0.98044875939865,1.01002407030809
(Intercept),-3.3538045895618,0.113407233636245,-29.5731099509858,3.31389668925635e-192,M1,province,prec_velocity,Precipitation velocity,precip_velocity_z,days,Birding days,log_effort_days_z,0.0349511261330233,0.0279851079985203,0.0436511168022326
year_c,-0.00488757318372037,0.00758068831450363,-0.644740026360047,0.519095672983243,M1,province,prec_velocity,Precipitation velocity,precip_velocity_z,days,Birding days,log_effort_days_z,0.995124351566486,0.980447947681523,1.01002044771712
precip_velocity_z,0.153719646615561,0.109822921989743,1.39970457742799,0.16160180250912,M1,province,prec_velocity,Precipitation velocity,precip_velocity_z,days,Birding days,log_effort_days_z,1.16616390294807,0.940321650858704,1.44624793792334
(Intercept),-3.34433178372297,0.116809981412682,-28.6305309124884,2.80158494486823e-180,M2,province,prec_velocity,Precipitation velocity,precip_velocity_z,days,Birding days,log_effort_days_z,0.0352837844811398,0.0280636720881228,0.0443614593059049
year_c,-0.0219471367712949,0.0147002253865176,-1.49297961046392,0.135442524208093,M2,province,prec_velocity,Precipitation velocity,precip_velocity_z,days,Birding days,log_effort_days_z,0.978291949355365,0.950507165394815,1.00688892521498
log_effort_days_z,0.141209868312305,0.104670752524094,1.34908620514408,0.177309278624004,M2,province,prec_velocity,Precipitation velocity,precip_velocity_z,days,Birding days,log_effort_days_z,1.15166632089122,0.938056772611868,1.41391795614049
(Intercept),-3.34999852867248,0.113075204925663,-29.6262874860568,6.85431472970324e-193,M3,province,prec_velocity,Precipitation velocity,precip_velocity_z,days,Birding days,log_effort_days_z,0.0350844057214586,0.0281101114208655,0.0437890660196472
year_c,-0.0211439650011687,0.0145837730740939,-1.44982816818016,0.147106442404938,M3,province,prec_velocity,Precipitation velocity,precip_velocity_z,days,Birding days,log_effort_days_z,0.979078001457202,0.951488041641739,1.00746797750966
precip_velocity_z,0.14772862872122,0.109653456976109,1.34723184106642,0.177905575996449,M3,province,prec_velocity,Precipitation velocity,precip_velocity_z,days,Birding days,log_effort_days_z,1.1591982805563,0.935015523692167,1.43713191877132
log_effort_days_z,0.134827831801829,0.103735815630785,1.29972306075759,0.193695903634293,M3,province,prec_velocity,Precipitation velocity,precip_velocity_z,days,Birding days,log_effort_days_z,1.14433974847755,0.933798720331433,1.40235088294069
(Intercept),-3.35416363585089,0.11237881334904,-29.8469394353999,9.61946199548401e-196,M4,province,prec_velocity,Precipitation velocity,precip_velocity_z,days,Birding days,log_effort_days_z,0.034938579313465,0.0280315081608178,0.0435475792968421
year_c,-0.0219069634192097,0.0142014708779019,-1.54258411734646,0.122931714086333,M4,province,prec_velocity,Precipitation velocity,precip_velocity_z,days,Birding days,log_effort_days_z,0.978331251411731,0.951475019557514,1.00594552438587
precip_velocity_z,0.196495233035296,0.111436845984759,1.76328781830536,0.0778519588070047,M4,province,prec_velocity,Precipitation velocity,precip_velocity_z,days,Birding days,log_effort_days_z,1.21712951885091,0.978317533664446,1.51423665086468
log_effort_days_z,0.154717693479017,0.101720875171502,1.52100238243293,0.128259239455332,M4,province,prec_velocity,Precipitation velocity,precip_velocity_z,days,Birding days,log_effort_days_z,1.16732837017345,0.95632714569666,1.42488428770799
precip_velocity_z:log_effort_days_z,-0.11062273015722,0.0580081270017856,-1.90702123779681,0.0565178373674325,M4,province,prec_velocity,Precipitation velocity,precip_velocity_z,days,Birding days,log_effort_days_z,0.895276446027598,0.799060465921804,1.00307792588282
(Intercept),3.33608595181997,1.28647419321541,2.59320083481953,0.00950872256914067,M0,grid100,temp_grad,Temperature gradient,temp_grad_z,record,Record-based (legacy),log_effort_record_z,28.1088915574568,2.2582643536406,349.874798012516
year_c,0.00338199929312409,0.202435415711734,0.0167065593796098,0.986670714263973,M0,grid100,temp_grad,Temperature gradient,temp_grad_z,record,Record-based (legacy),log_effort_record_z,1.00338772470536,0.67476458257263,1.49205656623365
(Intercept),3.33563658831093,1.31411602001787,2.53831209535484,0.0111388601105102,M1,grid100,temp_grad,Temperature gradient,temp_grad_z,record,Record-based (legacy),log_effort_record_z,28.0962632848662,2.13821033924541,369.187257251363
year_c,0.00435891228615794,0.214821985740765,0.0202908108829142,0.98381138613258,M1,grid100,temp_grad,Temperature gradient,temp_grad_z,record,Record-based (legacy),log_effort_record_z,1.00436842616268,0.659223811143486,1.53021768695326
temp_grad_z,-0.0118682003347039,1.1955796210759,-0.00992673354872323,0.992079742639562,M1,grid100,temp_grad,Temperature gradient,temp_grad_z,record,Record-based (legacy),log_effort_record_z,0.988201948965323,0.0948741257899984,10.2930391590687
(Intercept),3.33667778696917,1.30392728777809,2.55894467294638,0.0104990449375829,M2,grid100,temp_grad,Temperature gradient,temp_grad_z,record,Record-based (legacy),log_effort_record_z,28.1255323112913,2.18361181767222,362.264740184801
year_c,0.00248067408133216,0.281427716026683,0.00881460474595528,0.992967054037175,M2,grid100,temp_grad,Temperature gradient,temp_grad_z,record,Record-based (legacy),log_effort_record_z,1.0024837534991,0.577459107087777,1.7403373913313
log_effort_record_z,0.00859367317241576,1.82339590347645,0.00471300454061087,0.99623958036339,M2,grid100,temp_grad,Temperature gradient,temp_grad_z,record,Record-based (legacy),log_effort_record_z,1.00863070478489,0.0282895642249669,35.9615259727834
(Intercept),3.33626946280098,1.36660199525129,2.44128830075907,0.0146349660907287,M3,grid100,temp_grad,Temperature gradient,temp_grad_z,record,Record-based (legacy),log_effort_record_z,28.1140503210519,1.93040447231683,409.447779876938
year_c,0.00332827436527449,0.308990595423356,0.0107714422852072,0.991405798692266,M3,grid100,temp_grad,Temperature gradient,temp_grad_z,record,Record-based (legacy),log_effort_record_z,1.00333381922029,0.547554492444895,1.83849966840056
temp_grad_z,-0.0119162105358349,1.17678336374098,-0.0101260868423169,0.99192068971963,M3,grid100,temp_grad,Temperature gradient,temp_grad_z,record,Record-based (legacy),log_effort_record_z,0.98815450632987,0.0984298070648746,9.92026051352977
log_effort_record_z,0.00949864151212745,1.95673585227744,0.00485432998075442,0.996126820266923,M3,grid100,temp_grad,Temperature gradient,temp_grad_z,record,Record-based (legacy),log_effort_record_z,1.00954389678178,0.0218030888479416,46.7447014795598
(Intercept),3.33522563314453,1.33922853013989,2.49040814027173,0.0127596474956685,M4,grid100,temp_grad,Temperature gradient,temp_grad_z,record,Record-based (legacy),log_effort_record_z,28.0847193524945,2.03467828211597,387.654140726422
year_c,0.00310686529166801,0.29960772720039,0.0103697769102931,0.991726263386857,M4,grid100,temp_grad,Temperature gradient,temp_grad_z,record,Record-based (legacy),log_effort_record_z,1.00311169659975,0.557593944226296,1.80459828567804
temp_grad_z,-0.0103882283443809,1.22385809316593,-0.00848809874477206,0.99322755838435,M4,grid100,temp_grad,Temperature gradient,temp_grad_z,record,Record-based (legacy),log_effort_record_z,0.989665542942476,0.0898916618519927,10.8957590360302
log_effort_record_z,0.00764130935371621,1.92675256546665,0.00396590070290917,0.996835677354412,M4,grid100,temp_grad,Temperature gradient,temp_grad_z,record,Record-based (legacy),log_effort_record_z,1.00767057866249,0.0230798873325161,43.9950152473858
temp_grad_z:log_effort_record_z,0.00386344075517249,1.21144432126958,0.00318911953883579,0.997455455070618,M4,grid100,temp_grad,Temperature gradient,temp_grad_z,record,Record-based (legacy),log_effort_record_z,1.00387091346276,0.0934276976556812,10.7864887627923
(Intercept),3.33608595181997,1.28647419321541,2.59320083481953,0.00950872256914067,M0,grid100,temp_grad,Temperature gradient,temp_grad_z,visits,Observer visits,log_effort_visits_z,28.1088915574568,2.2582643536406,349.874798012516
year_c,0.00338199929312409,0.202435415711734,0.0167065593796098,0.986670714263973,M0,grid100,temp_grad,Temperature gradient,temp_grad_z,visits,Observer visits,log_effort_visits_z,1.00338772470536,0.67476458257263,1.49205656623365
(Intercept),3.33563658831093,1.31411602001787,2.53831209535484,0.0111388601105102,M1,grid100,temp_grad,Temperature gradient,temp_grad_z,visits,Observer visits,log_effort_visits_z,28.0962632848662,2.13821033924541,369.187257251363
year_c,0.00435891228615794,0.214821985740765,0.0202908108829142,0.98381138613258,M1,grid100,temp_grad,Temperature gradient,temp_grad_z,visits,Observer visits,log_effort_visits_z,1.00436842616268,0.659223811143486,1.53021768695326
temp_grad_z,-0.0118682003347039,1.1955796210759,-0.00992673354872323,0.992079742639562,M1,grid100,temp_grad,Temperature gradient,temp_grad_z,visits,Observer visits,log_effort_visits_z,0.988201948965323,0.0948741257899984,10.2930391590687
(Intercept),3.33595778753187,1.2865948377317,2.59285805422105,0.00951820459899707,M2,grid100,temp_grad,Temperature gradient,temp_grad_z,visits,Observer visits,log_effort_visits_z,28.1052892322307,2.25744107836811,349.91269114247
year_c,0.00270232653424718,0.317600638721749,0.00850856769408042,0.993211227115468,M2,grid100,temp_grad,Temperature gradient,temp_grad_z,visits,Observer visits,log_effort_visits_z,1.00270598110981,0.538054767668912,1.8686188562352
log_effort_visits_z,0.00590294774899932,2.11532827508785,0.00279055871304617,0.997773459176607,M2,grid100,temp_grad,Temperature gradient,temp_grad_z,visits,Observer visits,log_effort_visits_z,1.00592040447688,0.015920614955989,63.5575863708882
(Intercept),3.3354365710577,1.29465511462232,2.57631282137306,0.00998602561764119,M3,grid100,temp_grad,Temperature gradient,temp_grad_z,visits,Observer visits,log_effort_visits_z,28.0906441094428,2.22090006054823,355.299322333571
year_c,0.00348293734085568,0.322529145520912,0.0107988297777878,0.991383947905647,M3,grid100,temp_grad,Temperature gradient,temp_grad_z,visits,Observer visits,log_effort_visits_z,1.00348900981508,0.533298385967565,1.88823034030503
temp_grad_z,-0.0120396960320791,1.14989406748427,-0.0104702653683738,0.991646089550278,M3,grid100,temp_grad,Temperature gradient,temp_grad_z,visits,Observer visits,log_effort_visits_z,0.988032491113999,0.103743676793092,9.40980919197515
log_effort_visits_z,0.00761853964602837,2.11168451040229,0.00360780202179775,0.997121396713139,M3,grid100,temp_grad,Temperature gradient,temp_grad_z,visits,Observer visits,log_effort_visits_z,1.00764763455918,0.0160622561021737,63.213645018106
(Intercept),3.33341289713692,1.35757863716544,2.45541054188724,0.0140723773270105,M4,grid100,temp_grad,Temperature gradient,temp_grad_z,visits,Observer visits,log_effort_visits_z,28.0338552859516,1.95924416407268,401.122563795231
year_c,0.00312299844856606,0.322946796794842,0.00967031870128752,0.992284322265736,M4,grid100,temp_grad,Temperature gradient,temp_grad_z,visits,Observer visits,log_effort_visits_z,1.00312788008868,0.532670245162492,1.88909659015073
temp_grad_z,-0.00969275739945856,1.24605378411287,-0.00777876326290311,0.993793507482058,M4,grid100,temp_grad,Temperature gradient,temp_grad_z,visits,Observer visits,log_effort_visits_z,0.990354065968911,0.0861247739555569,11.3881422375318
log_effort_visits_z,0.00426502580243975,2.18463234321557,0.00195228538828737,0.998442302619911,M4,grid100,temp_grad,Temperature gradient,temp_grad_z,visits,Observer visits,log_effort_visits_z,1.00427413396924,0.0138757250216796,72.6856819794187
temp_grad_z:log_effort_visits_z,0.00836862812222058,1.33861092159043,0.00625172556658781,0.995011877184757,M4,grid100,temp_grad,Temperature gradient,temp_grad_z,visits,Observer visits,log_effort_visits_z,1.00840374297658,0.0731451995659495,13.9021851725531
(Intercept),3.33608595181997,1.28647419321541,2.59320083481953,0.00950872256914067,M0,grid100,temp_grad,Temperature gradient,temp_grad_z,pc1,PCA composite (PC1),effort_pc1_z,28.1088915574568,2.2582643536406,349.874798012516
year_c,0.00338199929312409,0.202435415711734,0.0167065593796098,0.986670714263973,M0,grid100,temp_grad,Temperature gradient,temp_grad_z,pc1,PCA composite (PC1),effort_pc1_z,1.00338772470536,0.67476458257263,1.49205656623365
(Intercept),3.33563658831093,1.31411602001787,2.53831209535484,0.0111388601105102,M1,grid100,temp_grad,Temperature gradient,temp_grad_z,pc1,PCA composite (PC1),effort_pc1_z,28.0962632848662,2.13821033924541,369.187257251363
year_c,0.00435891228615794,0.214821985740765,0.0202908108829142,0.98381138613258,M1,grid100,temp_grad,Temperature gradient,temp_grad_z,pc1,PCA composite (PC1),effort_pc1_z,1.00436842616268,0.659223811143486,1.53021768695326
temp_grad_z,-0.0118682003347039,1.1955796210759,-0.00992673354872323,0.992079742639562,M1,grid100,temp_grad,Temperature gradient,temp_grad_z,pc1,PCA composite (PC1),effort_pc1_z,0.988201948965323,0.0948741257899984,10.2930391590687
(Intercept),3.33650151040183,1.30117724701156,2.56421753305696,0.0103408711378922,M2,grid100,temp_grad,Temperature gradient,temp_grad_z,pc1,PCA composite (PC1),effort_pc1_z,28.1205748759536,2.19502647127143,360.25384736981
year_c,0.00284521779848245,0.269228087266247,0.0105680570975076,0.991568067356264,M2,grid100,temp_grad,Temperature gradient,temp_grad_z,pc1,PCA composite (PC1),effort_pc1_z,1.00284926927217,0.591648936159947,1.69983683805331
effort_pc1_z,0.00608112952854815,2.08457251004826,0.00291720700490643,0.997672408871457,M2,grid100,temp_grad,Temperature gradient,temp_grad_z,pc1,PCA composite (PC1),effort_pc1_z,1.00609965713394,0.0169128601609207,59.8501087606649
(Intercept),3.33619173628538,1.31155334047608,2.54369504718304,0.0109686799181978,M3,grid100,temp_grad,Temperature gradient,temp_grad_z,pc1,PCA composite (PC1),effort_pc1_z,28.1118651988033,2.15017060241557,367.5415169698
year_c,0.00363309510983986,0.271016372081641,0.0134054451468542,0.989304322633756,M3,grid100,temp_grad,Temperature gradient,temp_grad_z,pc1,PCA composite (PC1),effort_pc1_z,1.00363970279958,0.590043512872667,1.70714977973667
temp_grad_z,-0.0124729263416777,1.16347976899899,-0.0107203637519275,0.991446551112355,M3,grid100,temp_grad,Temperature gradient,temp_grad_z,pc1,PCA composite (PC1),effort_pc1_z,0.987604538199761,0.10097389371921,9.65955345433212
effort_pc1_z,0.00863217498944035,2.10900489927104,0.00409300850482803,0.9967342608251,M3,grid100,temp_grad,Temperature gradient,temp_grad_z,pc1,PCA composite (PC1),effort_pc1_z,1.00866953964734,0.0161632128999964,62.9462871340755
(Intercept),3.33352048225034,1.37921740020732,2.41696521646932,0.0156505126094758,M4,grid100,temp_grad,Temperature gradient,temp_grad_z,pc1,PCA composite (PC1),effort_pc1_z,28.0368714736975,1.87808826254879,418.54591059839
year_c,0.00376830315254723,0.274754744466061,0.0137151522528584,0.989057234834998,M4,grid100,temp_grad,Temperature gradient,temp_grad_z,pc1,PCA composite (PC1),effort_pc1_z,1.00377541213367,0.585815142298302,1.71993689690433
temp_grad_z,-0.010307735637272,1.22238706408794,-0.0084324645933348,0.993271946426234,M4,grid100,temp_grad,Temperature gradient,temp_grad_z,pc1,PCA composite (PC1),effort_pc1_z,0.989745207007305,0.0901584698175538,10.8652639821445
effort_pc1_z,-0.000562744681139685,2.73607688704083,-0.00020567575560653,0.999835894491227,M4,grid100,temp_grad,Temperature gradient,temp_grad_z,pc1,PCA composite (PC1),effort_pc1_z,0.999437413629951,0.00468554311672808,213.182360908641
temp_grad_z:effort_pc1_z,0.00882801589663446,1.77653707860399,0.00496922693196562,0.996035146869362,M4,grid100,temp_grad,Temperature gradient,temp_grad_z,pc1,PCA composite (PC1),effort_pc1_z,1.00886709774939,0.0310180911830568,32.8135221124515
(Intercept),3.33608595181997,1.28647419321541,2.59320083481953,0.00950872256914067,M0,grid100,temp_grad,Temperature gradient,temp_grad_z,days,Birding days,log_effort_days_z,28.1088915574568,2.2582643536406,349.874798012516
year_c,0.00338199929312409,0.202435415711734,0.0167065593796098,0.986670714263973,M0,grid100,temp_grad,Temperature gradient,temp_grad_z,days,Birding days,log_effort_days_z,1.00338772470536,0.67476458257263,1.49205656623365
(Intercept),3.33563658831093,1.31411602001787,2.53831209535484,0.0111388601105102,M1,grid100,temp_grad,Temperature gradient,temp_grad_z,days,Birding days,log_effort_days_z,28.0962632848662,2.13821033924541,369.187257251363
year_c,0.00435891228615794,0.214821985740765,0.0202908108829142,0.98381138613258,M1,grid100,temp_grad,Temperature gradient,temp_grad_z,days,Birding days,log_effort_days_z,1.00436842616268,0.659223811143486,1.53021768695326
temp_grad_z,-0.0118682003347039,1.1955796210759,-0.00992673354872323,0.992079742639562,M1,grid100,temp_grad,Temperature gradient,temp_grad_z,days,Birding days,log_effort_days_z,0.988201948965323,0.0948741257899984,10.2930391590687
(Intercept),3.33574438228679,1.28719796225779,2.59147736408452,0.00955648282173401,M2,grid100,temp_grad,Temperature gradient,temp_grad_z,days,Birding days,log_effort_days_z,28.0992920560311,2.25429295032702,350.251822388743
year_c,0.0026265665272322,0.299942420177233,0.00875690249375259,0.993013091996468,M2,grid100,temp_grad,Temperature gradient,temp_grad_z,days,Birding days,log_effort_days_z,1.00263001897513,0.556960711739006,1.8049153804966
log_effort_days_z,0.00687092889159263,1.98863525053571,0.00345509760512477,0.997243236449708,M2,grid100,temp_grad,Temperature gradient,temp_grad_z,days,Birding days,log_effort_days_z,1.00689458787888,0.0204278898533042,49.6300263208921
(Intercept),3.33523899308711,1.29516567123696,2.5751446839243,0.010019816313674,M3,grid100,temp_grad,Temperature gradient,temp_grad_z,days,Birding days,log_effort_days_z,28.0850945652388,2.21824041879858,355.584782449152
year_c,0.00353672743903523,0.310273292443984,0.0113987491839109,0.990905310961859,M3,grid100,temp_grad,Temperature gradient,temp_grad_z,days,Birding days,log_effort_days_z,1.00354298903921,0.546293486956967,1.84351187574945
temp_grad_z,-0.0117549464662586,1.14743146127575,-0.0102445739575495,0.991826155583445,M3,grid100,temp_grad,Temperature gradient,temp_grad_z,days,Birding days,log_effort_days_z,0.988313872996644,0.104275315779838,9.36716714068666
log_effort_days_z,0.00736269593252562,2.01122461824177,0.003660802411499,0.997079108799758,M3,grid100,temp_grad,Temperature gradient,temp_grad_z,days,Birding days,log_effort_days_z,1.00738986722194,0.019552784836387,51.9022918256053
(Intercept),3.333439841105,1.3439473687751,2.48033510727667,0.0131258958298105,M4,grid100,temp_grad,Temperature gradient,temp_grad_z,days,Birding days,log_effort_days_z,28.0346106394294,2.01234960746001,390.55807737922
year_c,0.00289842748627943,0.316648013440188,0.00915346808839815,0.992696691120421,M4,grid100,temp_grad,Temperature gradient,temp_grad_z,days,Birding days,log_effort_days_z,1.00290263198839,0.539166053321099,1.86549891829009
temp_grad_z,-0.00919264644328032,1.24077159712537,-0.00740881437371549,0.994088675476697,M4,grid100,temp_grad,Temperature gradient,temp_grad_z,days,Birding days,log_effort_days_z,0.990849476757653,0.0870645939334258,11.2764861263999
log_effort_days_z,0.00669058399556445,1.99943544713722,0.00334623656149739,0.99733009449341,M4,grid100,temp_grad,Temperature gradient,temp_grad_z,days,Birding days,log_effort_days_z,1.00671301595239,0.0199964025842688,50.6826711563237
temp_grad_z:log_effort_days_z,0.00847292079337085,1.29530999246611,0.00654123016316691,0.994780890663118,M4,grid100,temp_grad,Temperature gradient,temp_grad_z,days,Birding days,log_effort_days_z,1.00850891758091,0.0796323657048852,12.7723222566251
(Intercept),3.33608595181997,1.28647419321541,2.59320083481953,0.00950872256914067,M0,grid100,clim_velocity,Climate velocity,climate_velocity_z,record,Record-based (legacy),log_effort_record_z,28.1088915574568,2.2582643536406,349.874798012516
year_c,0.00338199929312409,0.202435415711734,0.0167065593796098,0.986670714263973,M0,grid100,clim_velocity,Climate velocity,climate_velocity_z,record,Record-based (legacy),log_effort_record_z,1.00338772470536,0.67476458257263,1.49205656623365
(Intercept),3.33617680964118,1.29541650988722,2.57536999426665,0.0100132908485818,M1,grid100,clim_velocity,Climate velocity,climate_velocity_z,record,Record-based (legacy),log_effort_record_z,28.1114455861253,2.21923035816192,356.093440248452
year_c,0.00338123450396234,0.20242805516031,0.0167033887732835,0.986673243688859,M1,grid100,clim_velocity,Climate velocity,climate_velocity_z,record,Record-based (legacy),log_effort_record_z,1.0033869573256,0.674773801196205,1.49203389987332
climate_velocity_z,-0.000793759721970787,1.32286318681315,-0.000600031605598611,0.999521244074628,M1,grid100,clim_velocity,Climate velocity,climate_velocity_z,record,Record-based (legacy),log_effort_record_z,0.999206555221942,0.0747500344474694,13.3566993965753
(Intercept),3.33667778696917,1.30392728777809,2.55894467294638,0.0104990449375829,M2,grid100,clim_velocity,Climate velocity,climate_velocity_z,record,Record-based (legacy),log_effort_record_z,28.1255323112913,2.18361181767222,362.264740184801
year_c,0.00248067408133216,0.281427716026683,0.00881460474595528,0.992967054037175,M2,grid100,clim_velocity,Climate velocity,climate_velocity_z,record,Record-based (legacy),log_effort_record_z,1.0024837534991,0.577459107087777,1.7403373913313
log_effort_record_z,0.00859367317241576,1.82339590347645,0.00471300454061087,0.99623958036339,M2,grid100,clim_velocity,Climate velocity,climate_velocity_z,record,Record-based (legacy),log_effort_record_z,1.00863070478489,0.0282895642249669,35.9615259727834
(Intercept),3.33668623391991,1.31000450860371,2.54707996194332,0.0108628538910696,M3,grid100,clim_velocity,Climate velocity,climate_velocity_z,record,Record-based (legacy),log_effort_record_z,28.1257698872807,2.157774565992,366.608701492683
year_c,0.00248234884585043,0.282098075871963,0.00879959509889428,0.992979029538379,M3,grid100,clim_velocity,Climate velocity,climate_velocity_z,record,Record-based (legacy),log_effort_record_z,1.00248543242473,0.5767018445765,1.74262845120912
climate_velocity_z,-4.62242858025524e-05,1.30419055157753,-3.54428927173566e-05,0.999971720663117,M3,grid100,clim_velocity,Climate velocity,climate_velocity_z,record,Record-based (legacy),log_effort_record_z,0.999953776782523,0.0775944243621372,12.8863325415627
log_effort_record_z,0.00857824595818149,1.83521170825058,0.00467425415804409,0.996270498354797,M3,grid100,clim_velocity,Climate velocity,climate_velocity_z,record,Record-based (legacy),log_effort_record_z,1.00861514454295,0.0276415085734856,36.8035090088109
(Intercept),3.33668249071184,1.31089389916204,2.5453490117276,0.010916856427681,M4,grid100,clim_velocity,Climate velocity,climate_velocity_z,record,Record-based (legacy),log_effort_record_z,28.1256646068688,2.1540083351777,367.246958453767
year_c,0.00248282309008896,0.282675008616784,0.00878331304291167,0.992992020237433,M4,grid100,clim_velocity,Climate velocity,climate_velocity_z,record,Record-based (legacy),log_effort_record_z,1.00248590784778,0.576050358706025,1.74460093678416
climate_velocity_z,-4.8509062841044e-05,1.48061189420181,-3.2762848273075e-05,0.9999738590292,M4,grid100,clim_velocity,Climate velocity,climate_velocity_z,record,Record-based (legacy),log_effort_record_z,0.999951492113705,0.0549106576057121,18.2096341617371
log_effort_record_z,0.00857342604744728,1.83522336070867,0.00467159814494549,0.996272617523504,M4,grid100,clim_velocity,Climate velocity,climate_velocity_z,record,Record-based (legacy),log_effort_record_z,1.00861028311971,0.027640744055075,36.8041721737963
climate_velocity_z:log_effort_record_z,9.89877300339049e-06,1.42948926057493,6.92469210955055e-06,0.999994474895077,M4,grid100,clim_velocity,Climate velocity,climate_velocity_z,record,Record-based (legacy),log_effort_record_z,1.000009898822,0.0607013675234476,16.4744195813331
(Intercept),3.33608595181997,1.28647419321541,2.59320083481953,0.00950872256914067,M0,grid100,clim_velocity,Climate velocity,climate_velocity_z,visits,Observer visits,log_effort_visits_z,28.1088915574568,2.2582643536406,349.874798012516
year_c,0.00338199929312409,0.202435415711734,0.0167065593796098,0.986670714263973,M0,grid100,clim_velocity,Climate velocity,climate_velocity_z,visits,Observer visits,log_effort_visits_z,1.00338772470536,0.67476458257263,1.49205656623365
(Intercept),3.33617680964118,1.29541650988722,2.57536999426665,0.0100132908485818,M1,grid100,clim_velocity,Climate velocity,climate_velocity_z,visits,Observer visits,log_effort_visits_z,28.1114455861253,2.21923035816192,356.093440248452
year_c,0.00338123450396234,0.20242805516031,0.0167033887732835,0.986673243688859,M1,grid100,clim_velocity,Climate velocity,climate_velocity_z,visits,Observer visits,log_effort_visits_z,1.0033869573256,0.674773801196205,1.49203389987332
climate_velocity_z,-0.000793759721970787,1.32286318681315,-0.000600031605598611,0.999521244074628,M1,grid100,clim_velocity,Climate velocity,climate_velocity_z,visits,Observer visits,log_effort_visits_z,0.999206555221942,0.0747500344474694,13.3566993965753
(Intercept),3.33595778753187,1.2865948377317,2.59285805422105,0.00951820459899707,M2,grid100,clim_velocity,Climate velocity,climate_velocity_z,visits,Observer visits,log_effort_visits_z,28.1052892322307,2.25744107836811,349.91269114247
year_c,0.00270232653424718,0.317600638721749,0.00850856769408042,0.993211227115468,M2,grid100,clim_velocity,Climate velocity,climate_velocity_z,visits,Observer visits,log_effort_visits_z,1.00270598110981,0.538054767668912,1.8686188562352
log_effort_visits_z,0.00590294774899932,2.11532827508785,0.00279055871304617,0.997773459176607,M2,grid100,clim_velocity,Climate velocity,climate_velocity_z,visits,Observer visits,log_effort_visits_z,1.00592040447688,0.015920614955989,63.5575863708882
(Intercept),3.33600388361281,1.29529572618453,2.57547663917604,0.0100102035059484,M3,grid100,clim_velocity,Climate velocity,climate_velocity_z,visits,Observer visits,log_effort_visits_z,28.1065848057783,2.21937197183338,355.947592143294
year_c,0.00270977479979223,0.318404370200457,0.00851048243491835,0.993209699428628,M3,grid100,clim_velocity,Climate velocity,climate_velocity_z,visits,Observer visits,log_effort_visits_z,1.00271344955803,0.537211831175943,1.87157877689271
climate_velocity_z,-0.000397630495168766,1.31351250171726,-0.000302723038150693,0.999758461965349,M3,grid100,clim_velocity,Climate velocity,climate_velocity_z,visits,Observer visits,log_effort_visits_z,0.999602448549359,0.0761627992846757,13.1193320693364
log_effort_visits_z,0.00582999390163908,2.12735861450365,0.00274048477858507,0.997813412243025,M3,grid100,clim_velocity,Climate velocity,climate_velocity_z,visits,Observer visits,log_effort_visits_z,1.00584702139005,0.0155484722849282,65.0693014657111
(Intercept),3.33601450645346,1.29632974360363,2.57343050478791,0.0100695867238566,M4,grid100,clim_velocity,Climate velocity,climate_velocity_z,visits,Observer visits,log_effort_visits_z,28.1068833791357,2.21490211133064,356.673502294749
year_c,0.00271774090163897,0.319813501117458,0.00849789296619101,0.993219744008129,M4,grid100,clim_velocity,Climate velocity,climate_velocity_z,visits,Observer visits,log_effort_visits_z,1.00272143730731,0.535734422405809,1.87676997927534
climate_velocity_z,-0.0002910075145565,1.39103781207455,-0.000209201728400539,0.999833081172033,M4,grid100,clim_velocity,Climate velocity,climate_velocity_z,visits,Observer visits,log_effort_visits_z,0.999709034824023,0.0654332251843693,15.2738635684356
log_effort_visits_z,0.00571860056252251,2.16816987557695,0.00263752422120558,0.997895562585088,M4,grid100,clim_velocity,Climate velocity,climate_velocity_z,visits,Observer visits,log_effort_visits_z,1.00573498297198,0.0143515926687142,70.4801814908447
climate_velocity_z:log_effort_visits_z,0.000319514987713638,1.29408492192603,0.000246904188666453,0.999802998961867,M4,grid100,clim_velocity,Climate velocity,climate_velocity_z,visits,Observer visits,log_effort_visits_z,1.00031956603806,0.0791756139704698,12.638225130427
(Intercept),3.33608595181997,1.28647419321541,2.59320083481953,0.00950872256914067,M0,grid100,clim_velocity,Climate velocity,climate_velocity_z,pc1,PCA composite (PC1),effort_pc1_z,28.1088915574568,2.2582643536406,349.874798012516
year_c,0.00338199929312409,0.202435415711734,0.0167065593796098,0.986670714263973,M0,grid100,clim_velocity,Climate velocity,climate_velocity_z,pc1,PCA composite (PC1),effort_pc1_z,1.00338772470536,0.67476458257263,1.49205656623365
(Intercept),3.33617680964118,1.29541650988722,2.57536999426665,0.0100132908485818,M1,grid100,clim_velocity,Climate velocity,climate_velocity_z,pc1,PCA composite (PC1),effort_pc1_z,28.1114455861253,2.21923035816192,356.093440248452
year_c,0.00338123450396234,0.20242805516031,0.0167033887732835,0.986673243688859,M1,grid100,clim_velocity,Climate velocity,climate_velocity_z,pc1,PCA composite (PC1),effort_pc1_z,1.0033869573256,0.674773801196205,1.49203389987332
climate_velocity_z,-0.000793759721970787,1.32286318681315,-0.000600031605598611,0.999521244074628,M1,grid100,clim_velocity,Climate velocity,climate_velocity_z,pc1,PCA composite (PC1),effort_pc1_z,0.999206555221942,0.0747500344474694,13.3566993965753
(Intercept),3.33650151040183,1.30117724701156,2.56421753305696,0.0103408711378922,M2,grid100,clim_velocity,Climate velocity,climate_velocity_z,pc1,PCA composite (PC1),effort_pc1_z,28.1205748759536,2.19502647127143,360.25384736981
year_c,0.00284521779848245,0.269228087266247,0.0105680570975076,0.991568067356264,M2,grid100,clim_velocity,Climate velocity,climate_velocity_z,pc1,PCA composite (PC1),effort_pc1_z,1.00284926927217,0.591648936159947,1.69983683805331
effort_pc1_z,0.00608112952854815,2.08457251004826,0.00291720700490643,0.997672408871457,M2,grid100,clim_velocity,Climate velocity,climate_velocity_z,pc1,PCA composite (PC1),effort_pc1_z,1.00609965713394,0.0169128601609207,59.8501087606649
(Intercept),3.33656608780409,1.30901121428009,2.54892093467594,0.0108056795250969,M3,grid100,clim_velocity,Climate velocity,climate_velocity_z,pc1,PCA composite (PC1),effort_pc1_z,28.1223908882653,2.16171979830816,365.851702839263
year_c,0.00284673929900191,0.269174677903447,0.0105758064658037,0.991561884600464,M3,grid100,clim_velocity,Climate velocity,climate_velocity_z,pc1,PCA composite (PC1),effort_pc1_z,1.00285079510902,0.591711774892566,1.69966149048393
climate_velocity_z,-0.000629790136977988,1.31563747131544,-0.000478695803904318,0.999618056023331,M3,grid100,clim_velocity,Climate velocity,climate_velocity_z,pc1,PCA composite (PC1),effort_pc1_z,0.999370408139204,0.075828639042221,13.1710291161658
effort_pc1_z,0.00605519970964359,2.08662389688469,0.00290191237562454,0.99768461216837,M3,grid100,clim_velocity,Climate velocity,climate_velocity_z,pc1,PCA composite (PC1),effort_pc1_z,1.00607356949025,0.0168445580593545,60.0896754702775
(Intercept),3.33660085546732,1.30979105121714,2.54742987621326,0.0108519660894464,M4,grid100,clim_velocity,Climate velocity,climate_velocity_z,pc1,PCA composite (PC1),effort_pc1_z,28.123368655078,2.15849322030963,366.424067060989
year_c,0.00282366139808648,0.269881513972784,0.0104625965540242,0.99165220804371,M4,grid100,clim_velocity,Climate velocity,climate_velocity_z,pc1,PCA composite (PC1),effort_pc1_z,1.00282765168479,0.590878949350892,1.70197855260945
climate_velocity_z,-0.00013699435932166,1.42499743223971,-9.61365657384672e-05,0.999923294118587,M4,grid100,clim_velocity,Climate velocity,climate_velocity_z,pc1,PCA composite (PC1),effort_pc1_z,0.999863015023977,0.0612291459664329,16.3276170691799
effort_pc1_z,0.00626936439188308,2.08426774095604,0.00300794579731266,0.997600010107673,M4,grid100,clim_velocity,Climate velocity,climate_velocity_z,pc1,PCA composite (PC1),effort_pc1_z,1.00628905799076,0.0169261518244003,59.8256283375747
climate_velocity_z:effort_pc1_z,0.00190926311248365,2.11192176670916,0.000904040643256734,0.999278680026662,M4,grid100,clim_velocity,Climate velocity,climate_velocity_z,pc1,PCA composite (PC1),effort_pc1_z,1.00191108691582,0.0159633884653265,62.8830043361543
(Intercept),3.33608595181997,1.28647419321541,2.59320083481953,0.00950872256914067,M0,grid100,clim_velocity,Climate velocity,climate_velocity_z,days,Birding days,log_effort_days_z,28.1088915574568,2.2582643536406,349.874798012516
year_c,0.00338199929312409,0.202435415711734,0.0167065593796098,0.986670714263973,M0,grid100,clim_velocity,Climate velocity,climate_velocity_z,days,Birding days,log_effort_days_z,1.00338772470536,0.67476458257263,1.49205656623365
(Intercept),3.33617680964118,1.29541650988722,2.57536999426665,0.0100132908485818,M1,grid100,clim_velocity,Climate velocity,climate_velocity_z,days,Birding days,log_effort_days_z,28.1114455861253,2.21923035816192,356.093440248452
year_c,0.00338123450396234,0.20242805516031,0.0167033887732835,0.986673243688859,M1,grid100,clim_velocity,Climate velocity,climate_velocity_z,days,Birding days,log_effort_days_z,1.0033869573256,0.674773801196205,1.49203389987332
climate_velocity_z,-0.000793759721970787,1.32286318681315,-0.000600031605598611,0.999521244074628,M1,grid100,clim_velocity,Climate velocity,climate_velocity_z,days,Birding days,log_effort_days_z,0.999206555221942,0.0747500344474694,13.3566993965753
(Intercept),3.33574438228679,1.28719796225779,2.59147736408452,0.00955648282173401,M2,grid100,clim_velocity,Climate velocity,climate_velocity_z,days,Birding days,log_effort_days_z,28.0992920560311,2.25429295032702,350.251822388743
year_c,0.0026265665272322,0.299942420177233,0.00875690249375259,0.993013091996468,M2,grid100,clim_velocity,Climate velocity,climate_velocity_z,days,Birding days,log_effort_days_z,1.00263001897513,0.556960711739006,1.8049153804966
log_effort_days_z,0.00687092889159263,1.98863525053571,0.00345509760512477,0.997243236449708,M2,grid100,clim_velocity,Climate velocity,climate_velocity_z,days,Birding days,log_effort_days_z,1.00689458787888,0.0204278898533042,49.6300263208921
(Intercept),3.33577560823391,1.29650695997928,2.5728944858786,0.0100851949101648,M3,grid100,clim_velocity,Climate velocity,climate_velocity_z,days,Birding days,log_effort_days_z,28.1001694967385,2.21360402252204,356.712184162817
year_c,0.00263217168557591,0.300871699993615,0.00874848543625661,0.993019807579447,M3,grid100,clim_velocity,Climate velocity,climate_velocity_z,days,Birding days,log_effort_days_z,1.00263563889089,0.555950309403478,1.80821596349643
climate_velocity_z,-0.000268978737949775,1.30613461273359,-0.000205934928396724,0.999835687701264,M3,grid100,clim_velocity,Climate velocity,climate_velocity_z,days,Birding days,log_effort_days_z,0.999731057433588,0.0772821074065813,12.9326466466437
log_effort_days_z,0.00681354456104646,2.0041368720147,0.00339974013561111,0.997287405060522,M3,grid100,clim_velocity,Climate velocity,climate_velocity_z,days,Birding days,log_effort_days_z,1.00683680956482,0.0198154226139122,51.1581499343316
(Intercept),3.33576123159101,1.29784388734671,2.57023303350496,0.0101630124984989,M4,grid100,clim_velocity,Climate velocity,climate_velocity_z,days,Birding days,log_effort_days_z,28.09976551354,2.20777939644145,357.642988782587
year_c,0.00262531604597215,0.303283717055038,0.008656303976569,0.993093354957912,M4,grid100,clim_velocity,Climate velocity,climate_velocity_z,days,Birding days,log_effort_days_z,1.00262876520586,0.553324434099389,1.81677218439564
climate_velocity_z,-0.000353721107619845,1.39180223303849,-0.000254146098650542,0.999797220753881,M4,grid100,clim_velocity,Climate velocity,climate_velocity_z,days,Birding days,log_effort_days_z,0.999646341444316,0.0653311649923518,15.2958057319197
log_effort_days_z,0.00691706604769509,2.08326250293772,0.00332030458856767,0.997350785099297,M4,grid100,clim_velocity,Climate velocity,climate_velocity_z,days,Birding days,log_effort_days_z,1.00694104420333,0.0169705220056656,59.7465573635735
climate_velocity_z:log_effort_days_z,-0.000213980109038822,1.21505473497792,-0.00017610738255566,0.999859486639142,M4,grid100,clim_velocity,Climate velocity,climate_velocity_z,days,Birding days,log_effort_days_z,0.999786042783072,0.0923914108646225,10.8188858898201
(Intercept),3.33608595181997,1.28647419321541,2.59320083481953,0.00950872256914067,M0,grid100,mahalanobis,Mahalanobis distance,mahalanobis_dist_z,record,Record-based (legacy),log_effort_record_z,28.1088915574568,2.2582643536406,349.874798012516
year_c,0.00338199929312409,0.202435415711734,0.0167065593796098,0.986670714263973,M0,grid100,mahalanobis,Mahalanobis distance,mahalanobis_dist_z,record,Record-based (legacy),log_effort_record_z,1.00338772470536,0.67476458257263,1.49205656623365
(Intercept),3.33639608821544,1.30516174130497,2.55630852684935,0.0105789274257993,M1,grid100,mahalanobis,Mahalanobis distance,mahalanobis_dist_z,record,Record-based (legacy),log_effort_record_z,28.1176104997258,2.17772134435409,363.040029094624
year_c,0.0032874097043269,0.21198132175259,0.01550801588153,0.987626889513965,M1,grid100,mahalanobis,Mahalanobis distance,mahalanobis_dist_z,record,Record-based (legacy),log_effort_record_z,1.00329281916169,0.662194485842662,1.52009191031013
mahalanobis_dist_z,0.00207970724238995,1.28103248702308,0.00162346174937598,0.998704665504122,M1,grid100,mahalanobis,Mahalanobis distance,mahalanobis_dist_z,record,Record-based (legacy),log_effort_record_z,1.00208187133346,0.081370378936963,12.3407078838
(Intercept),3.33667778696917,1.30392728777809,2.55894467294638,0.0104990449375829,M2,grid100,mahalanobis,Mahalanobis distance,mahalanobis_dist_z,record,Record-based (legacy),log_effort_record_z,28.1255323112913,2.18361181767222,362.264740184801
year_c,0.00248067408133216,0.281427716026683,0.00881460474595528,0.992967054037175,M2,grid100,mahalanobis,Mahalanobis distance,mahalanobis_dist_z,record,Record-based (legacy),log_effort_record_z,1.0024837534991,0.577459107087777,1.7403373913313
log_effort_record_z,0.00859367317241576,1.82339590347645,0.00471300454061087,0.99623958036339,M2,grid100,mahalanobis,Mahalanobis distance,mahalanobis_dist_z,record,Record-based (legacy),log_effort_record_z,1.00863070478489,0.0282895642249669,35.9615259727834
(Intercept),3.33690768630585,1.31909573330517,2.52969333616506,0.0114162258383613,M3,grid100,mahalanobis,Mahalanobis distance,mahalanobis_dist_z,record,Record-based (legacy),log_effort_record_z,28.1319990958398,2.12013560026533,373.282432043162
year_c,0.00242806763535972,0.284476007942584,0.0085352281653565,0.993189955909454,M3,grid100,mahalanobis,Mahalanobis distance,mahalanobis_dist_z,record,Record-based (legacy),log_effort_record_z,1.00243101777881,0.57398907959917,1.75067432660355
mahalanobis_dist_z,0.00164077361167301,1.26189741208745,0.00130024326538464,0.998962556265584,M3,grid100,mahalanobis,Mahalanobis distance,mahalanobis_dist_z,record,Record-based (legacy),log_effort_record_z,1.0016421204172,0.0844430316127373,11.8812283054333
log_effort_record_z,0.00842525575493252,1.8291180360956,0.00460618483261852,0.996324809233903,M3,grid100,mahalanobis,Mahalanobis distance,mahalanobis_dist_z,record,Record-based (legacy),log_effort_record_z,1.00846084811021,0.0279693476570275,36.3609939939247
(Intercept),3.33691885050027,1.33567229313186,2.49830655892092,0.0124788227554598,M4,grid100,mahalanobis,Mahalanobis distance,mahalanobis_dist_z,record,Record-based (legacy),log_effort_record_z,28.1323131687002,2.0523821767816,385.613875025402
year_c,0.002430356629448,0.28623440489809,0.00849079142080527,0.993225410017134,M4,grid100,mahalanobis,Mahalanobis distance,mahalanobis_dist_z,record,Record-based (legacy),log_effort_record_z,1.00243331234011,0.572015564692998,1.75672238259546
mahalanobis_dist_z,0.00163616731589012,1.26435962069326,0.00129406799229557,0.998967483416496,M4,grid100,mahalanobis,Mahalanobis distance,mahalanobis_dist_z,record,Record-based (legacy),log_effort_record_z,1.00163750656795,0.0840361101946175,11.9386498523097
log_effort_record_z,0.00843011934261988,1.83579203893926,0.00459208840860367,0.996336056434036,M4,grid100,mahalanobis,Mahalanobis distance,mahalanobis_dist_z,record,Record-based (legacy),log_effort_record_z,1.0084657528599,0.0276059961793966,36.8399375295981
mahalanobis_dist_z:log_effort_record_z,-7.51893019090673e-05,1.17798412408646,-6.38287905343184e-05,0.999949071993533,M4,grid100,mahalanobis,Mahalanobis distance,mahalanobis_dist_z,record,Record-based (legacy),log_effort_record_z,0.999924813524736,0.0993681069427679,10.0620778986798
(Intercept),3.33608595181997,1.28647419321541,2.59320083481953,0.00950872256914067,M0,grid100,mahalanobis,Mahalanobis distance,mahalanobis_dist_z,visits,Observer visits,log_effort_visits_z,28.1088915574568,2.2582643536406,349.874798012516
year_c,0.00338199929312409,0.202435415711734,0.0167065593796098,0.986670714263973,M0,grid100,mahalanobis,Mahalanobis distance,mahalanobis_dist_z,visits,Observer visits,log_effort_visits_z,1.00338772470536,0.67476458257263,1.49205656623365
(Intercept),3.33639608821544,1.30516174130497,2.55630852684935,0.0105789274257993,M1,grid100,mahalanobis,Mahalanobis distance,mahalanobis_dist_z,visits,Observer visits,log_effort_visits_z,28.1176104997258,2.17772134435409,363.040029094624
year_c,0.0032874097043269,0.21198132175259,0.01550801588153,0.987626889513965,M1,grid100,mahalanobis,Mahalanobis distance,mahalanobis_dist_z,visits,Observer visits,log_effort_visits_z,1.00329281916169,0.662194485842662,1.52009191031013
mahalanobis_dist_z,0.00207970724238995,1.28103248702308,0.00162346174937598,0.998704665504122,M1,grid100,mahalanobis,Mahalanobis distance,mahalanobis_dist_z,visits,Observer visits,log_effort_visits_z,1.00208187133346,0.081370378936963,12.3407078838
(Intercept),3.33595778753187,1.2865948377317,2.59285805422105,0.00951820459899707,M2,grid100,mahalanobis,Mahalanobis distance,mahalanobis_dist_z,visits,Observer visits,log_effort_visits_z,28.1052892322307,2.25744107836811,349.91269114247
year_c,0.00270232653424718,0.317600638721749,0.00850856769408042,0.993211227115468,M2,grid100,mahalanobis,Mahalanobis distance,mahalanobis_dist_z,visits,Observer visits,log_effort_visits_z,1.00270598110981,0.538054767668912,1.8686188562352
log_effort_visits_z,0.00590294774899932,2.11532827508785,0.00279055871304617,0.997773459176607,M2,grid100,mahalanobis,Mahalanobis distance,mahalanobis_dist_z,visits,Observer visits,log_effort_visits_z,1.00592040447688,0.015920614955989,63.5575863708882
(Intercept),3.33624233502548,1.3052963310145,2.55592715290365,0.0105905287570415,M3,grid100,mahalanobis,Mahalanobis distance,mahalanobis_dist_z,visits,Observer visits,log_effort_visits_z,28.1132876597511,2.17681222875289,363.079981176289
year_c,0.00263890314916057,0.320916474491038,0.00822302174840286,0.99343905184368,M3,grid100,mahalanobis,Mahalanobis distance,mahalanobis_dist_z,visits,Observer visits,log_effort_visits_z,1.0026423881189,0.534535364579159,1.88068334682447
mahalanobis_dist_z,0.00187372453612837,1.27941190695025,0.00146452016426422,0.998831482389659,M3,grid100,mahalanobis,Mahalanobis distance,mahalanobis_dist_z,visits,Observer visits,log_effort_visits_z,1.00187548105485,0.081612437108047,12.2990381749049
log_effort_visits_z,0.00571380013744465,2.11947502247087,0.00269585632143168,0.997849020468412,M3,grid100,mahalanobis,Mahalanobis distance,mahalanobis_dist_z,visits,Observer visits,log_effort_visits_z,1.00573015502814,0.0157887559045298,64.0641448160411
(Intercept),3.33555750159001,1.30564760020769,2.55471499435179,0.0106274775901892,M4,grid100,mahalanobis,Mahalanobis distance,mahalanobis_dist_z,visits,Observer visits,log_effort_visits_z,28.0940413313976,2.17382481849452,363.081307939472
year_c,0.00251134371905246,0.320330452223566,0.00783985319416255,0.993744766255365,M4,grid100,mahalanobis,Mahalanobis distance,mahalanobis_dist_z,visits,Observer visits,log_effort_visits_z,1.00251449978413,0.535081427550192,1.87828481896457
mahalanobis_dist_z,0.0014709167619561,1.24551616198657,0.00118096963078345,0.999057722783851,M4,grid100,mahalanobis,Mahalanobis distance,mahalanobis_dist_z,visits,Observer visits,log_effort_visits_z,1.00147199909062,0.0871834499064126,11.503859574715
log_effort_visits_z,0.00590594351394895,2.13300441594476,0.00276883792166603,0.997790789793742,M4,grid100,mahalanobis,Mahalanobis distance,mahalanobis_dist_z,visits,Observer visits,log_effort_visits_z,1.00592341798248,0.0153785328666874,65.7983392575422
mahalanobis_dist_z:log_effort_visits_z,0.00478244782665371,1.23583325907443,0.00386981641053705,0.996912340939422,M4,grid100,mahalanobis,Mahalanobis distance,mahalanobis_dist_z,visits,Observer visits,log_effort_visits_z,1.00479390198262,0.0891485909698668,11.3250335701067
(Intercept),3.33608595181997,1.28647419321541,2.59320083481953,0.00950872256914067,M0,grid100,mahalanobis,Mahalanobis distance,mahalanobis_dist_z,pc1,PCA composite (PC1),effort_pc1_z,28.1088915574568,2.2582643536406,349.874798012516
year_c,0.00338199929312409,0.202435415711734,0.0167065593796098,0.986670714263973,M0,grid100,mahalanobis,Mahalanobis distance,mahalanobis_dist_z,pc1,PCA composite (PC1),effort_pc1_z,1.00338772470536,0.67476458257263,1.49205656623365
(Intercept),3.33639608821544,1.30516174130497,2.55630852684935,0.0105789274257993,M1,grid100,mahalanobis,Mahalanobis distance,mahalanobis_dist_z,pc1,PCA composite (PC1),effort_pc1_z,28.1176104997258,2.17772134435409,363.040029094624
year_c,0.0032874097043269,0.21198132175259,0.01550801588153,0.987626889513965,M1,grid100,mahalanobis,Mahalanobis distance,mahalanobis_dist_z,pc1,PCA composite (PC1),effort_pc1_z,1.00329281916169,0.662194485842662,1.52009191031013
mahalanobis_dist_z,0.00207970724238995,1.28103248702308,0.00162346174937598,0.998704665504122,M1,grid100,mahalanobis,Mahalanobis distance,mahalanobis_dist_z,pc1,PCA composite (PC1),effort_pc1_z,1.00208187133346,0.081370378936963,12.3407078838
(Intercept),3.33650151040183,1.30117724701156,2.56421753305696,0.0103408711378922,M2,grid100,mahalanobis,Mahalanobis distance,mahalanobis_dist_z,pc1,PCA composite (PC1),effort_pc1_z,28.1205748759536,2.19502647127143,360.25384736981
year_c,0.00284521779848245,0.269228087266247,0.0105680570975076,0.991568067356264,M2,grid100,mahalanobis,Mahalanobis distance,mahalanobis_dist_z,pc1,PCA composite (PC1),effort_pc1_z,1.00284926927217,0.591648936159947,1.69983683805331
effort_pc1_z,0.00608112952854815,2.08457251004826,0.00291720700490643,0.997672408871457,M2,grid100,mahalanobis,Mahalanobis distance,mahalanobis_dist_z,pc1,PCA composite (PC1),effort_pc1_z,1.00609965713394,0.0169128601609207,59.8501087606649
(Intercept),3.33672119466222,1.31634754849216,2.53483299185261,0.0112500946765097,M3,grid100,mahalanobis,Mahalanobis distance,mahalanobis_dist_z,pc1,PCA composite (PC1),effort_pc1_z,28.1267532022626,2.13118891406703,371.207939605539
year_c,0.00279655552802902,0.272577364779982,0.0102596762951551,0.991814106294681,M3,grid100,mahalanobis,Mahalanobis distance,mahalanobis_dist_z,pc1,PCA composite (PC1),effort_pc1_z,1.00280046953717,0.587749125499899,1.71094900540884
mahalanobis_dist_z,0.00163874713832644,1.28539613363035,0.00127489658281305,0.998982779975511,M3,grid100,mahalanobis,Mahalanobis distance,mahalanobis_dist_z,pc1,PCA composite (PC1),effort_pc1_z,1.00164009061819,0.0806418386034384,12.4412201967186
effort_pc1_z,0.00579709540893259,2.09748876518095,0.00276382667939223,0.997794788171284,M3,grid100,mahalanobis,Mahalanobis distance,mahalanobis_dist_z,pc1,PCA composite (PC1),effort_pc1_z,1.00581393108347,0.0164853877006469,61.3671745143055
(Intercept),3.33603851685567,1.33777653299506,2.49371881967973,0.0126412639738071,M4,grid100,mahalanobis,Mahalanobis distance,mahalanobis_dist_z,pc1,PCA composite (PC1),effort_pc1_z,28.1075582448124,2.04213639472339,386.866828546256
year_c,0.00287017223514903,0.274430860490773,0.0104586351185731,0.991655368638967,M4,grid100,mahalanobis,Mahalanobis distance,mahalanobis_dist_z,pc1,PCA composite (PC1),effort_pc1_z,1.002874295123,0.585660906743199,1.71730235062362
mahalanobis_dist_z,0.0015286079929649,1.27081985145973,0.00120285183711056,0.999040263321669,M4,grid100,mahalanobis,Mahalanobis distance,mahalanobis_dist_z,pc1,PCA composite (PC1),effort_pc1_z,1.00152977690969,0.082969824223084,12.0894783546824
effort_pc1_z,0.00392450772110962,2.24003812446426,0.00175198255701484,0.99860212088208,M4,grid100,mahalanobis,Mahalanobis distance,mahalanobis_dist_z,pc1,PCA composite (PC1),effort_pc1_z,1.00393221868548,0.012443582930375,80.9959563378245
mahalanobis_dist_z:effort_pc1_z,0.00351249560461391,1.51991563735396,0.00231098063490475,0.998156105872355,M4,grid100,mahalanobis,Mahalanobis distance,mahalanobis_dist_z,pc1,PCA composite (PC1),effort_pc1_z,1.00351867164629,0.0510207863599384,19.7380282859276
(Intercept),3.33608595181997,1.28647419321541,2.59320083481953,0.00950872256914067,M0,grid100,mahalanobis,Mahalanobis distance,mahalanobis_dist_z,days,Birding days,log_effort_days_z,28.1088915574568,2.2582643536406,349.874798012516
year_c,0.00338199929312409,0.202435415711734,0.0167065593796098,0.986670714263973,M0,grid100,mahalanobis,Mahalanobis distance,mahalanobis_dist_z,days,Birding days,log_effort_days_z,1.00338772470536,0.67476458257263,1.49205656623365
(Intercept),3.33639608821544,1.30516174130497,2.55630852684935,0.0105789274257993,M1,grid100,mahalanobis,Mahalanobis distance,mahalanobis_dist_z,days,Birding days,log_effort_days_z,28.1176104997258,2.17772134435409,363.040029094624
year_c,0.0032874097043269,0.21198132175259,0.01550801588153,0.987626889513965,M1,grid100,mahalanobis,Mahalanobis distance,mahalanobis_dist_z,days,Birding days,log_effort_days_z,1.00329281916169,0.662194485842662,1.52009191031013
mahalanobis_dist_z,0.00207970724238995,1.28103248702308,0.00162346174937598,0.998704665504122,M1,grid100,mahalanobis,Mahalanobis distance,mahalanobis_dist_z,days,Birding days,log_effort_days_z,1.00208187133346,0.081370378936963,12.3407078838
(Intercept),3.33574438228679,1.28719796225779,2.59147736408452,0.00955648282173401,M2,grid100,mahalanobis,Mahalanobis distance,mahalanobis_dist_z,days,Birding days,log_effort_days_z,28.0992920560311,2.25429295032702,350.251822388743
year_c,0.0026265665272322,0.299942420177233,0.00875690249375259,0.993013091996468,M2,grid100,mahalanobis,Mahalanobis distance,mahalanobis_dist_z,days,Birding days,log_effort_days_z,1.00263001897513,0.556960711739006,1.8049153804966
log_effort_days_z,0.00687092889159263,1.98863525053571,0.00345509760512477,0.997243236449708,M2,grid100,mahalanobis,Mahalanobis distance,mahalanobis_dist_z,days,Birding days,log_effort_days_z,1.00689458787888,0.0204278898533042,49.6300263208921
(Intercept),3.33605060049605,1.30584348433645,2.5547093817229,0.0106276489397973,M3,grid100,mahalanobis,Mahalanobis distance,mahalanobis_dist_z,days,Birding days,log_effort_days_z,28.1078978884902,2.17406213923781,363.399881471084
year_c,0.00253215146845977,0.305686529092936,0.0082834905285929,0.993390806380741,M3,grid100,mahalanobis,Mahalanobis distance,mahalanobis_dist_z,days,Birding days,log_effort_days_z,1.00253536007164,0.550673367228039,1.82517842337881
mahalanobis_dist_z,0.00208486004107395,1.27614680476206,0.00163371489337598,0.998696484689674,M3,grid100,mahalanobis,Mahalanobis distance,mahalanobis_dist_z,days,Birding days,log_effort_days_z,1.00208703487291,0.0821537426097481,12.223161033947
log_effort_days_z,0.00686384107288128,1.98326461836928,0.00346088011115986,0.997238622705004,M3,grid100,mahalanobis,Mahalanobis distance,mahalanobis_dist_z,days,Birding days,log_effort_days_z,1.00688745121787,0.0206439122170423,49.1099908176836
(Intercept),3.33548685266072,1.3032505440126,2.55935964729471,0.0104865190751077,M4,grid100,mahalanobis,Mahalanobis distance,mahalanobis_dist_z,days,Birding days,log_effort_days_z,28.0920565875691,2.18390768102444,361.353939168801
year_c,0.00228884251547787,0.308371595726562,0.0074223519519853,0.994077874348991,M4,grid100,mahalanobis,Mahalanobis distance,mahalanobis_dist_z,days,Birding days,log_effort_days_z,1.00229146391512,0.547649669823994,1.83436279430236
mahalanobis_dist_z,0.00185115376525061,1.24133707805805,0.001491257933056,0.998810148760048,M4,grid100,mahalanobis,Mahalanobis distance,mahalanobis_dist_z,days,Birding days,log_effort_days_z,1.00185286820812,0.0879339319976845,11.4143556046517
log_effort_days_z,0.0081289706047986,2.00276836984331,0.00405886707978846,0.996761501514742,M4,grid100,mahalanobis,Mahalanobis distance,mahalanobis_dist_z,days,Birding days,log_effort_days_z,1.00816210039587,0.0198947970882525,51.0882727863943
mahalanobis_dist_z:log_effort_days_z,0.00515493532498147,1.22736268905958,0.00420000980226249,0.996648886875876,M4,grid100,mahalanobis,Mahalanobis distance,mahalanobis_dist_z,days,Birding days,log_effort_days_z,1.00516824486419,0.0906747876921154,11.1427137156806
(Intercept),3.33608595181997,1.28647419321541,2.59320083481953,0.00950872256914067,M0,grid100,exposure,Climate exposure,climate_exposure_z,record,Record-based (legacy),log_effort_record_z,28.1088915574568,2.2582643536406,349.874798012516
year_c,0.00338199929312409,0.202435415711734,0.0167065593796098,0.986670714263973,M0,grid100,exposure,Climate exposure,climate_exposure_z,record,Record-based (legacy),log_effort_record_z,1.00338772470536,0.67476458257263,1.49205656623365
(Intercept),3.328896642259,1.30257328694398,2.55563097725509,0.0105995461750247,M1,grid100,exposure,Climate exposure,climate_exposure_z,record,Record-based (legacy),log_effort_record_z,27.9075327174397,2.17244443183524,358.504167453905
year_c,0.00342004618941509,0.213489112077497,0.0160197686717326,0.987218620598794,M1,grid100,exposure,Climate exposure,climate_exposure_z,record,Record-based (legacy),log_effort_record_z,1.00342590122031,0.660327989587129,1.52479306513923
climate_exposure_z,0.022105616795096,1.1932665365079,0.0185252968375265,0.985219797068537,M1,grid100,exposure,Climate exposure,climate_exposure_z,record,Record-based (legacy),log_effort_record_z,1.02235175628448,0.0985987401577065,10.6005727041358
(Intercept),3.33667778696917,1.30392728777809,2.55894467294638,0.0104990449375829,M2,grid100,exposure,Climate exposure,climate_exposure_z,record,Record-based (legacy),log_effort_record_z,28.1255323112913,2.18361181767222,362.264740184801
year_c,0.00248067408133216,0.281427716026683,0.00881460474595528,0.992967054037175,M2,grid100,exposure,Climate exposure,climate_exposure_z,record,Record-based (legacy),log_effort_record_z,1.0024837534991,0.577459107087777,1.7403373913313
log_effort_record_z,0.00859367317241576,1.82339590347645,0.00471300454061087,0.99623958036339,M2,grid100,exposure,Climate exposure,climate_exposure_z,record,Record-based (legacy),log_effort_record_z,1.00863070478489,0.0282895642249669,35.9615259727834
(Intercept),3.32810025256295,1.32050403032242,2.52032570604903,0.0117246287807408,M3,grid100,exposure,Climate exposure,climate_exposure_z,record,Record-based (legacy),log_effort_record_z,27.885316293581,2.09575182035912,371.031940537601
year_c,0.00400247181013389,0.308030240584837,0.0129937625686837,0.989632769190717,M3,grid100,exposure,Climate exposure,climate_exposure_z,record,Record-based (legacy),log_effort_record_z,1.00401049239758,0.548956102472413,1.83627992166295
climate_exposure_z,0.0235617439682467,1.33160521552256,0.0176942412763083,0.985882774725699,M3,grid100,exposure,Climate exposure,climate_exposure_z,record,Record-based (legacy),log_effort_record_z,1.02384151483305,0.075291767578791,13.9225240847037
log_effort_record_z,-0.00510547464700158,2.00089563662782,-0.00255159467267668,0.997964124214386,M3,grid100,exposure,Climate exposure,climate_exposure_z,record,Record-based (legacy),log_effort_record_z,0.99490753613719,0.0197054324486581,50.2318844329642
(Intercept),3.32686377252786,1.34875690559722,2.46661482044813,0.0136396990742516,M4,grid100,exposure,Climate exposure,climate_exposure_z,record,Record-based (legacy),log_effort_record_z,27.8508579646198,1.98040275880246,391.6729998066
year_c,0.00403968644880602,0.307106812525729,0.0131540111910333,0.989504920216048,M4,grid100,exposure,Climate exposure,climate_exposure_z,record,Record-based (legacy),log_effort_record_z,1.00404785698053,0.549971034822436,1.83302762377782
climate_exposure_z,0.0242487075887748,1.32796620298827,0.0182600336772193,0.985431410651655,M4,grid100,exposure,Climate exposure,climate_exposure_z,record,Record-based (legacy),log_effort_record_z,1.02454509834739,0.0758828139593173,13.8330750242135
log_effort_record_z,-0.00504006300230804,1.97791783683661,-0.00254816600995362,0.997966859882543,M4,grid100,exposure,Climate exposure,climate_exposure_z,record,Record-based (legacy),log_effort_record_z,0.994972616803941,0.0206145318308575,48.0229440237791
climate_exposure_z:log_effort_record_z,0.00479168600803131,1.3194738797649,0.00363151259112842,0.997102478539875,M4,grid100,exposure,Climate exposure,climate_exposure_z,record,Record-based (legacy),log_effort_record_z,1.00480318449381,0.0756697260708982,13.3425808707558
(Intercept),3.33608595181997,1.28647419321541,2.59320083481953,0.00950872256914067,M0,grid100,exposure,Climate exposure,climate_exposure_z,visits,Observer visits,log_effort_visits_z,28.1088915574568,2.2582643536406,349.874798012516
year_c,0.00338199929312409,0.202435415711734,0.0167065593796098,0.986670714263973,M0,grid100,exposure,Climate exposure,climate_exposure_z,visits,Observer visits,log_effort_visits_z,1.00338772470536,0.67476458257263,1.49205656623365
(Intercept),3.328896642259,1.30257328694398,2.55563097725509,0.0105995461750247,M1,grid100,exposure,Climate exposure,climate_exposure_z,visits,Observer visits,log_effort_visits_z,27.9075327174397,2.17244443183524,358.504167453905
year_c,0.00342004618941509,0.213489112077497,0.0160197686717326,0.987218620598794,M1,grid100,exposure,Climate exposure,climate_exposure_z,visits,Observer visits,log_effort_visits_z,1.00342590122031,0.660327989587129,1.52479306513923
climate_exposure_z,0.022105616795096,1.1932665365079,0.0185252968375265,0.985219797068537,M1,grid100,exposure,Climate exposure,climate_exposure_z,visits,Observer visits,log_effort_visits_z,1.02235175628448,0.0985987401577065,10.6005727041358
(Intercept),3.33595778753187,1.2865948377317,2.59285805422105,0.00951820459899707,M2,grid100,exposure,Climate exposure,climate_exposure_z,visits,Observer visits,log_effort_visits_z,28.1052892322307,2.25744107836811,349.91269114247
year_c,0.00270232653424718,0.317600638721749,0.00850856769408042,0.993211227115468,M2,grid100,exposure,Climate exposure,climate_exposure_z,visits,Observer visits,log_effort_visits_z,1.00270598110981,0.538054767668912,1.8686188562352
log_effort_visits_z,0.00590294774899932,2.11532827508785,0.00279055871304617,0.997773459176607,M2,grid100,exposure,Climate exposure,climate_exposure_z,visits,Observer visits,log_effort_visits_z,1.00592040447688,0.015920614955989,63.5575863708882
(Intercept),3.32856582650172,1.29334716977433,2.57360583785289,0.0100644859199348,M3,grid100,exposure,Climate exposure,climate_exposure_z,visits,Observer visits,log_effort_visits_z,27.8983019927885,2.21135483177126,351.963078425279
year_c,0.00439554351635714,0.345808404558252,0.0127109215924701,0.989858425000061,M3,grid100,exposure,Climate exposure,climate_exposure_z,visits,Observer visits,log_effort_visits_z,1.00440521808757,0.509977368663583,1.97818551196734
climate_exposure_z,0.0237194420381093,1.28509372980173,0.0184573634498776,0.98527399080369,M3,grid100,exposure,Climate exposure,climate_exposure_z,visits,Observer visits,log_effort_visits_z,1.02400298539524,0.082491149649382,12.7114498774139
log_effort_visits_z,-0.00818803584949302,2.33261353303693,-0.00351024108088436,0.997199238588601,M3,grid100,exposure,Climate exposure,climate_exposure_z,visits,Observer visits,log_effort_visits_z,0.991845394810005,0.0102537625715712,95.941102628347
(Intercept),3.32773584874604,1.30316646898845,2.55357694349602,0.0106622717806674,M4,grid100,exposure,Climate exposure,climate_exposure_z,visits,Observer visits,log_effort_visits_z,27.8751566291105,2.16740276781906,358.504828283171
year_c,0.00442002683947167,0.345532074694626,0.0127919436809969,0.989793783982056,M4,grid100,exposure,Climate exposure,climate_exposure_z,visits,Observer visits,log_effort_visits_z,1.0044298095661,0.510266143407197,1.97716281078028
climate_exposure_z,0.023702905233036,1.27753881806363,0.0185535694868063,0.985197242634617,M4,grid100,exposure,Climate exposure,climate_exposure_z,visits,Observer visits,log_effort_visits_z,1.02398605179749,0.0837203518953774,12.5244030936009
log_effort_visits_z,-0.00853748190276033,2.32573867754523,-0.0036708689523844,0.997071076916173,M4,grid100,exposure,Climate exposure,climate_exposure_z,visits,Observer visits,log_effort_visits_z,0.991498858902667,0.0103892330798539,94.6239226369459
climate_exposure_z:log_effort_visits_z,0.00513667113940789,1.37265983236479,0.00374212970926566,0.997014219449037,M4,grid100,exposure,Climate exposure,climate_exposure_z,visits,Observer visits,log_effort_visits_z,1.00514988645249,0.0682023266033777,14.8136631776637
(Intercept),3.33608595181997,1.28647419321541,2.59320083481953,0.00950872256914067,M0,grid100,exposure,Climate exposure,climate_exposure_z,pc1,PCA composite (PC1),effort_pc1_z,28.1088915574568,2.2582643536406,349.874798012516
year_c,0.00338199929312409,0.202435415711734,0.0167065593796098,0.986670714263973,M0,grid100,exposure,Climate exposure,climate_exposure_z,pc1,PCA composite (PC1),effort_pc1_z,1.00338772470536,0.67476458257263,1.49205656623365
(Intercept),3.328896642259,1.30257328694398,2.55563097725509,0.0105995461750247,M1,grid100,exposure,Climate exposure,climate_exposure_z,pc1,PCA composite (PC1),effort_pc1_z,27.9075327174397,2.17244443183524,358.504167453905
year_c,0.00342004618941509,0.213489112077497,0.0160197686717326,0.987218620598794,M1,grid100,exposure,Climate exposure,climate_exposure_z,pc1,PCA composite (PC1),effort_pc1_z,1.00342590122031,0.660327989587129,1.52479306513923
climate_exposure_z,0.022105616795096,1.1932665365079,0.0185252968375265,0.985219797068537,M1,grid100,exposure,Climate exposure,climate_exposure_z,pc1,PCA composite (PC1),effort_pc1_z,1.02235175628448,0.0985987401577065,10.6005727041358
(Intercept),3.33650151040183,1.30117724701156,2.56421753305696,0.0103408711378922,M2,grid100,exposure,Climate exposure,climate_exposure_z,pc1,PCA composite (PC1),effort_pc1_z,28.1205748759536,2.19502647127143,360.25384736981
year_c,0.00284521779848245,0.269228087266247,0.0105680570975076,0.991568067356264,M2,grid100,exposure,Climate exposure,climate_exposure_z,pc1,PCA composite (PC1),effort_pc1_z,1.00284926927217,0.591648936159947,1.69983683805331
effort_pc1_z,0.00608112952854815,2.08457251004826,0.00291720700490643,0.997672408871457,M2,grid100,exposure,Climate exposure,climate_exposure_z,pc1,PCA composite (PC1),effort_pc1_z,1.00609965713394,0.0169128601609207,59.8501087606649
(Intercept),3.32855699915377,1.30813248527729,2.54451061847013,0.0109430984543582,M3,grid100,exposure,Climate exposure,climate_exposure_z,pc1,PCA composite (PC1),effort_pc1_z,27.8980557258566,2.14817217202899,362.308721534122
year_c,0.00368161582097519,0.272009058394541,0.0135349015312392,0.989201040753874,M3,grid100,exposure,Climate exposure,climate_exposure_z,pc1,PCA composite (PC1),effort_pc1_z,1.00368840129311,0.588925176248284,1.71055755046482
climate_exposure_z,0.0225659819936738,1.23415572132778,0.0182845499994085,0.985411852721933,M3,grid100,exposure,Climate exposure,climate_exposure_z,pc1,PCA composite (PC1),effort_pc1_z,1.02282251980703,0.091047017341882,11.4903918609003
effort_pc1_z,-0.00283819952631711,1.85950239004445,-0.00152632206417829,0.998782171663034,M3,grid100,exposure,Climate exposure,climate_exposure_z,pc1,PCA composite (PC1),effort_pc1_z,0.9971658243542,0.0260571550097746,38.1599480406435
(Intercept),3.32753198626745,1.34375222245686,2.47629877789786,0.0132752433129366,M4,grid100,exposure,Climate exposure,climate_exposure_z,pc1,PCA composite (PC1),effort_pc1_z,27.8694745097943,2.00126129693449,388.109044352092
year_c,0.0038571488172196,0.279916435430144,0.0137796439544265,0.989005782764244,M4,grid100,exposure,Climate exposure,climate_exposure_z,pc1,PCA composite (PC1),effort_pc1_z,1.00386459718913,0.579969905053977,1.73758003770197
climate_exposure_z,0.0234013944630245,1.26947860462954,0.0184338628297351,0.985292738396053,M4,grid100,exposure,Climate exposure,climate_exposure_z,pc1,PCA composite (PC1),effort_pc1_z,1.0236773555145,0.0850278294646459,12.3243805562375
effort_pc1_z,-0.00578201165200936,2.11984267127469,-0.00272756640403533,0.997823719576105,M4,grid100,exposure,Climate exposure,climate_exposure_z,pc1,PCA composite (PC1),effort_pc1_z,0.994234672006839,0.0155970474705096,63.3775453264201
climate_exposure_z:effort_pc1_z,0.00503142238974105,1.77864007583275,0.00282880300410714,0.997742944767677,M4,grid100,exposure,Climate exposure,climate_exposure_z,pc1,PCA composite (PC1),effort_pc1_z,1.00504410125069,0.0307734453068649,32.8241974659065
(Intercept),3.33608595181997,1.28647419321541,2.59320083481953,0.00950872256914067,M0,grid100,exposure,Climate exposure,climate_exposure_z,days,Birding days,log_effort_days_z,28.1088915574568,2.2582643536406,349.874798012516
year_c,0.00338199929312409,0.202435415711734,0.0167065593796098,0.986670714263973,M0,grid100,exposure,Climate exposure,climate_exposure_z,days,Birding days,log_effort_days_z,1.00338772470536,0.67476458257263,1.49205656623365
(Intercept),3.328896642259,1.30257328694398,2.55563097725509,0.0105995461750247,M1,grid100,exposure,Climate exposure,climate_exposure_z,days,Birding days,log_effort_days_z,27.9075327174397,2.17244443183524,358.504167453905
year_c,0.00342004618941509,0.213489112077497,0.0160197686717326,0.987218620598794,M1,grid100,exposure,Climate exposure,climate_exposure_z,days,Birding days,log_effort_days_z,1.00342590122031,0.660327989587129,1.52479306513923
climate_exposure_z,0.022105616795096,1.1932665365079,0.0185252968375265,0.985219797068537,M1,grid100,exposure,Climate exposure,climate_exposure_z,days,Birding days,log_effort_days_z,1.02235175628448,0.0985987401577065,10.6005727041358
(Intercept),3.33574438228679,1.28719796225779,2.59147736408452,0.00955648282173401,M2,grid100,exposure,Climate exposure,climate_exposure_z,days,Birding days,log_effort_days_z,28.0992920560311,2.25429295032702,350.251822388743
year_c,0.0026265665272322,0.299942420177233,0.00875690249375259,0.993013091996468,M2,grid100,exposure,Climate exposure,climate_exposure_z,days,Birding days,log_effort_days_z,1.00263001897513,0.556960711739006,1.8049153804966
log_effort_days_z,0.00687092889159263,1.98863525053571,0.00345509760512477,0.997243236449708,M2,grid100,exposure,Climate exposure,climate_exposure_z,days,Birding days,log_effort_days_z,1.00689458787888,0.0204278898533042,49.6300263208921
(Intercept),3.32877430093609,1.29305291736804,2.57435272464463,0.0100427831970539,M3,grid100,exposure,Climate exposure,climate_exposure_z,days,Birding days,log_effort_days_z,27.904118681811,2.21309188970826,351.833488265703
year_c,0.00420380908170905,0.325421912625051,0.0129180270861251,0.989693192291562,M3,grid100,exposure,Climate exposure,climate_exposure_z,days,Birding days,log_effort_days_z,1.00421265748176,0.530665638014125,1.90033608586454
climate_exposure_z,0.0235941912458568,1.29161351624306,0.0182672223146795,0.985425675905333,M3,grid100,exposure,Climate exposure,climate_exposure_z,days,Birding days,log_effort_days_z,1.02387473624188,0.0814335197178351,12.8733165304259
log_effort_days_z,-0.00691660620709894,2.23740851971249,-0.00309134704107935,0.997533465852382,M3,grid100,exposure,Climate exposure,climate_exposure_z,days,Birding days,log_effort_days_z,0.993107258461077,0.0123730160218912,79.7107208996668
(Intercept),3.32776671021389,1.30421658570952,2.55154454150997,0.0107246614709239,M4,grid100,exposure,Climate exposure,climate_exposure_z,days,Birding days,log_effort_days_z,27.8760169106355,2.1630130975504,359.254560077358
year_c,0.00420804665542046,0.32541955050296,0.0129311427322563,0.989682728394016,M4,grid100,exposure,Climate exposure,climate_exposure_z,days,Birding days,log_effort_days_z,1.00421691291593,0.530670343623917,1.90033534058027
climate_exposure_z,0.0233876573209068,1.27910371449655,0.0182844104476017,0.985411964049554,M4,grid100,exposure,Climate exposure,climate_exposure_z,days,Birding days,log_effort_days_z,1.02366329320977,0.0834376507963325,12.5589170819649
log_effort_days_z,-0.00691525030817018,2.21611958323415,-0.00312043192997656,0.997510259580509,M4,grid100,exposure,Climate exposure,climate_exposure_z,days,Birding days,log_effort_days_z,0.993108605015058,0.0129002365129277,76.4532262929124
climate_exposure_z:log_effort_days_z,0.00570708840537216,1.37199378969263,0.0041597042554039,0.996681045768498,M4,grid100,exposure,Climate exposure,climate_exposure_z,days,Birding days,log_effort_days_z,1.00572340485945,0.0683303847534602,14.8027787452327
(Intercept),3.33608595181997,1.28647419321541,2.59320083481953,0.00950872256914067,M0,grid100,warming,Warming rate,warming_rate_z,record,Record-based (legacy),log_effort_record_z,28.1088915574568,2.2582643536406,349.874798012516
year_c,0.00338199929312409,0.202435415711734,0.0167065593796098,0.986670714263973,M0,grid100,warming,Warming rate,warming_rate_z,record,Record-based (legacy),log_effort_record_z,1.00338772470536,0.67476458257263,1.49205656623365
(Intercept),3.33010499071558,1.29220541608504,2.57707091245966,0.00996415067436146,M1,grid100,warming,Warming rate,warming_rate_z,record,Record-based (legacy),log_effort_record_z,27.9412751237124,2.21972291534979,351.717257203682
year_c,0.00367584234589126,0.209346611045916,0.0175586427099364,0.985990949922331,M1,grid100,warming,Warming rate,warming_rate_z,record,Record-based (legacy),log_effort_record_z,1.00368260653986,0.66588152456878,1.51284986518139
warming_rate_z,0.0207227998093705,1.200230619809,0.017265681667635,0.986224663582329,M1,grid100,warming,Warming rate,warming_rate_z,record,Record-based (legacy),log_effort_record_z,1.02093900792184,0.0971276472049557,10.7314084906943
(Intercept),3.33667778696917,1.30392728777809,2.55894467294638,0.0104990449375829,M2,grid100,warming,Warming rate,warming_rate_z,record,Record-based (legacy),log_effort_record_z,28.1255323112913,2.18361181767222,362.264740184801
year_c,0.00248067408133216,0.281427716026683,0.00881460474595528,0.992967054037175,M2,grid100,warming,Warming rate,warming_rate_z,record,Record-based (legacy),log_effort_record_z,1.0024837534991,0.577459107087777,1.7403373913313
log_effort_record_z,0.00859367317241576,1.82339590347645,0.00471300454061087,0.99623958036339,M2,grid100,warming,Warming rate,warming_rate_z,record,Record-based (legacy),log_effort_record_z,1.00863070478489,0.0282895642249669,35.9615259727834
(Intercept),3.32971822420073,1.31730057629613,2.52768296326336,0.0114817981274042,M3,grid100,warming,Warming rate,warming_rate_z,record,Record-based (legacy),log_effort_record_z,27.9304704636872,2.11236694713374,369.306659234292
year_c,0.00398410244604099,0.303309017544057,0.0131354566319884,0.989519723333316,M3,grid100,warming,Warming rate,warming_rate_z,record,Record-based (legacy),log_effort_record_z,1.00399204953269,0.554049319438359,1.81933268422143
warming_rate_z,0.0214952930589219,1.32830432640743,0.0161825062461844,0.987088791630772,M3,grid100,warming,Warming rate,warming_rate_z,record,Record-based (legacy),log_effort_record_z,1.02172798111266,0.0756240301860381,13.8041845273314
log_effort_record_z,-0.0027221490494405,1.94904076703622,-0.00139666090903778,0.998885626186296,M3,grid100,warming,Warming rate,warming_rate_z,record,Record-based (legacy),log_effort_record_z,0.997281552638673,0.0218655694086778,45.4856892424985
(Intercept),3.32930237883732,1.33726028153497,2.48964425610233,0.0127871014360954,M4,grid100,warming,Warming rate,warming_rate_z,record,Record-based (legacy),log_effort_record_z,27.9188581216837,2.03048001771343,383.880970026226
year_c,0.003962771386074,0.303235421462759,0.0130682997618096,0.989573302164326,M4,grid100,warming,Warming rate,warming_rate_z,record,Record-based (legacy),log_effort_record_z,1.00397063354649,0.554117425847905,1.81903146518334
warming_rate_z,0.0217737671318609,1.33076080784359,0.0163618938907164,0.986945679947124,M4,grid100,warming,Warming rate,warming_rate_z,record,Record-based (legacy),log_effort_record_z,1.02201254548506,0.0752817591232,13.8746710397599
log_effort_record_z,-0.00258176557627348,1.93868236261193,-0.00133171148923805,0.998937448277358,M4,grid100,warming,Warming rate,warming_rate_z,record,Record-based (legacy),log_effort_record_z,0.99742156431419,0.022317164316417,44.5777860866998
warming_rate_z:log_effort_record_z,0.00217809079711351,1.37247203378163,0.00158698373701074,0.998733770709497,M4,grid100,warming,Warming rate,warming_rate_z,record,Record-based (legacy),log_effort_record_z,1.00218046455998,0.0680258774531912,14.764464952867
(Intercept),3.33608595181997,1.28647419321541,2.59320083481953,0.00950872256914067,M0,grid100,warming,Warming rate,warming_rate_z,visits,Observer visits,log_effort_visits_z,28.1088915574568,2.2582643536406,349.874798012516
year_c,0.00338199929312409,0.202435415711734,0.0167065593796098,0.986670714263973,M0,grid100,warming,Warming rate,warming_rate_z,visits,Observer visits,log_effort_visits_z,1.00338772470536,0.67476458257263,1.49205656623365
(Intercept),3.33010499071558,1.29220541608504,2.57707091245966,0.00996415067436146,M1,grid100,warming,Warming rate,warming_rate_z,visits,Observer visits,log_effort_visits_z,27.9412751237124,2.21972291534979,351.717257203682
year_c,0.00367584234589126,0.209346611045916,0.0175586427099364,0.985990949922331,M1,grid100,warming,Warming rate,warming_rate_z,visits,Observer visits,log_effort_visits_z,1.00368260653986,0.66588152456878,1.51284986518139
warming_rate_z,0.0207227998093705,1.200230619809,0.017265681667635,0.986224663582329,M1,grid100,warming,Warming rate,warming_rate_z,visits,Observer visits,log_effort_visits_z,1.02093900792184,0.0971276472049557,10.7314084906943
(Intercept),3.33595778753187,1.2865948377317,2.59285805422105,0.00951820459899707,M2,grid100,warming,Warming rate,warming_rate_z,visits,Observer visits,log_effort_visits_z,28.1052892322307,2.25744107836811,349.91269114247
year_c,0.00270232653424718,0.317600638721749,0.00850856769408042,0.993211227115468,M2,grid100,warming,Warming rate,warming_rate_z,visits,Observer visits,log_effort_visits_z,1.00270598110981,0.538054767668912,1.8686188562352
log_effort_visits_z,0.00590294774899932,2.11532827508785,0.00279055871304617,0.997773459176607,M2,grid100,warming,Warming rate,warming_rate_z,visits,Observer visits,log_effort_visits_z,1.00592040447688,0.015920614955989,63.5575863708882
(Intercept),3.33005132223432,1.2924510664522,2.57653957559521,0.00997947807774718,M3,grid100,warming,Warming rate,warming_rate_z,visits,Observer visits,log_effort_visits_z,27.9397755981509,2.21853536350725,351.867756230373
year_c,0.00401335559433584,0.342335494850855,0.0117234574115206,0.990646248595022,M3,grid100,warming,Warming rate,warming_rate_z,visits,Observer visits,log_effort_visits_z,1.00402141989059,0.513264375702398,1.96401515343742
warming_rate_z,0.021112813308,1.24250116532123,0.0169921879329117,0.986442848000014,M3,grid100,warming,Warming rate,warming_rate_z,visits,Observer visits,log_effort_visits_z,1.02133726557409,0.0894398031296954,11.6629260524839
log_effort_visits_z,-0.00282767320948911,2.285453643245,-0.00123724811389052,0.999012819083904,M3,grid100,warming,Warming rate,warming_rate_z,visits,Observer visits,log_effort_visits_z,0.997176320892842,0.011307186138037,87.9405895339769
(Intercept),3.33003797095431,1.29464061466621,2.57217171563313,0.0101062751665192,M4,grid100,warming,Warming rate,warming_rate_z,visits,Observer visits,log_effort_visits_z,27.9394025688738,2.20900539387775,353.376328581655
year_c,0.00401399546462011,0.342486602172065,0.0117201532531876,0.990648884750832,M4,grid100,warming,Warming rate,warming_rate_z,visits,Observer visits,log_effort_visits_z,1.00402206233426,0.513112712847048,1.96459817972672
warming_rate_z,0.0210774504670036,1.25800612052635,0.0167546485848454,0.986632349999284,M4,grid100,warming,Warming rate,warming_rate_z,visits,Observer visits,log_effort_visits_z,1.02130114882536,0.0867595703012395,12.0223743959356
log_effort_visits_z,-0.00287687608957472,2.30399415777888,-0.00124864730227793,0.99900372385451,M4,grid100,warming,Warming rate,warming_rate_z,visits,Observer visits,log_effort_visits_z,0.997127258152925,0.0109031294512338,91.1905864640592
warming_rate_z:log_effort_visits_z,0.00030015566437019,1.57905210160742,0.000190085978837963,0.999848333333173,M4,grid100,warming,Warming rate,warming_rate_z,visits,Observer visits,log_effort_visits_z,1.00030020071559,0.0452912254701313,22.0925903674548
(Intercept),3.33608595181997,1.28647419321541,2.59320083481953,0.00950872256914067,M0,grid100,warming,Warming rate,warming_rate_z,pc1,PCA composite (PC1),effort_pc1_z,28.1088915574568,2.2582643536406,349.874798012516
year_c,0.00338199929312409,0.202435415711734,0.0167065593796098,0.986670714263973,M0,grid100,warming,Warming rate,warming_rate_z,pc1,PCA composite (PC1),effort_pc1_z,1.00338772470536,0.67476458257263,1.49205656623365
(Intercept),3.33010499071558,1.29220541608504,2.57707091245966,0.00996415067436146,M1,grid100,warming,Warming rate,warming_rate_z,pc1,PCA composite (PC1),effort_pc1_z,27.9412751237124,2.21972291534979,351.717257203682
year_c,0.00367584234589126,0.209346611045916,0.0175586427099364,0.985990949922331,M1,grid100,warming,Warming rate,warming_rate_z,pc1,PCA composite (PC1),effort_pc1_z,1.00368260653986,0.66588152456878,1.51284986518139
warming_rate_z,0.0207227998093705,1.200230619809,0.017265681667635,0.986224663582329,M1,grid100,warming,Warming rate,warming_rate_z,pc1,PCA composite (PC1),effort_pc1_z,1.02093900792184,0.0971276472049557,10.7314084906943
(Intercept),3.33650151040183,1.30117724701156,2.56421753305696,0.0103408711378922,M2,grid100,warming,Warming rate,warming_rate_z,pc1,PCA composite (PC1),effort_pc1_z,28.1205748759536,2.19502647127143,360.25384736981
year_c,0.00284521779848245,0.269228087266247,0.0105680570975076,0.991568067356264,M2,grid100,warming,Warming rate,warming_rate_z,pc1,PCA composite (PC1),effort_pc1_z,1.00284926927217,0.591648936159947,1.69983683805331
effort_pc1_z,0.00608112952854815,2.08457251004826,0.00291720700490643,0.997672408871457,M2,grid100,warming,Warming rate,warming_rate_z,pc1,PCA composite (PC1),effort_pc1_z,1.00609965713394,0.0169128601609207,59.8501087606649
(Intercept),3.33000223408123,1.3074160815441,2.54701030612107,0.0108650224339989,M3,grid100,warming,Warming rate,warming_rate_z,pc1,PCA composite (PC1),effort_pc1_z,27.9384041198311,2.15430187306246,362.323606790255
year_c,0.00376484996233356,0.273983037319307,0.0137411790130128,0.989036470441651,M3,grid100,warming,Warming rate,warming_rate_z,pc1,PCA composite (PC1),effort_pc1_z,1.00377194591222,0.586699859113877,1.71733144937545
warming_rate_z,0.0208651677225359,1.23505441120647,0.0168941283341141,0.986521077010471,M3,grid100,warming,Warming rate,warming_rate_z,pc1,PCA composite (PC1),effort_pc1_z,1.02108436722487,0.0907323351987293,11.4910884053342
effort_pc1_z,-0.000947406344493471,1.8799611780091,-0.000503949951507395,0.999597906131294,M3,grid100,warming,Warming rate,warming_rate_z,pc1,PCA composite (PC1),effort_pc1_z,0.999053042303202,0.0250803322614162,39.7964018551213
(Intercept),3.32995714133773,1.28553815770899,2.59032150960978,0.00958863319863586,M4,grid100,warming,Warming rate,warming_rate_z,pc1,PCA composite (PC1),effort_pc1_z,27.9371443289441,2.24858774942353,347.099655531052
year_c,0.00376932931720973,0.274543784374428,0.0137294287168019,0.989045844937251,M4,grid100,warming,Warming rate,warming_rate_z,pc1,PCA composite (PC1),effort_pc1_z,1.00377644217305,0.586058017662062,1.71922764555127
warming_rate_z,0.0208963794376534,1.24227966533049,0.0168209945158317,0.986579421064319,M4,grid100,warming,Warming rate,warming_rate_z,pc1,PCA composite (PC1),effort_pc1_z,1.02111623751661,0.0894592768411442,11.6553409253643
effort_pc1_z,-0.00109060806532329,1.96767322472839,-0.000554262797103334,0.999557762294207,M4,grid100,warming,Warming rate,warming_rate_z,pc1,PCA composite (PC1),effort_pc1_z,0.998909986431512,0.0211158754896155,47.2545484312652
warming_rate_z:effort_pc1_z,0.000416586362511826,1.76669771786344,0.000235799456975371,0.999811859255577,M4,grid100,warming,Warming rate,warming_rate_z,pc1,PCA composite (PC1),effort_pc1_z,1.00041667314666,0.0313572135635785,31.9171701235694
(Intercept),3.33608595181997,1.28647419321541,2.59320083481953,0.00950872256914067,M0,grid100,warming,Warming rate,warming_rate_z,days,Birding days,log_effort_days_z,28.1088915574568,2.2582643536406,349.874798012516
year_c,0.00338199929312409,0.202435415711734,0.0167065593796098,0.986670714263973,M0,grid100,warming,Warming rate,warming_rate_z,days,Birding days,log_effort_days_z,1.00338772470536,0.67476458257263,1.49205656623365
(Intercept),3.33010499071558,1.29220541608504,2.57707091245966,0.00996415067436146,M1,grid100,warming,Warming rate,warming_rate_z,days,Birding days,log_effort_days_z,27.9412751237124,2.21972291534979,351.717257203682
year_c,0.00367584234589126,0.209346611045916,0.0175586427099364,0.985990949922331,M1,grid100,warming,Warming rate,warming_rate_z,days,Birding days,log_effort_days_z,1.00368260653986,0.66588152456878,1.51284986518139
warming_rate_z,0.0207227998093705,1.200230619809,0.017265681667635,0.986224663582329,M1,grid100,warming,Warming rate,warming_rate_z,days,Birding days,log_effort_days_z,1.02093900792184,0.0971276472049557,10.7314084906943
(Intercept),3.33574438228679,1.28719796225779,2.59147736408452,0.00955648282173401,M2,grid100,warming,Warming rate,warming_rate_z,days,Birding days,log_effort_days_z,28.0992920560311,2.25429295032702,350.251822388743
year_c,0.0026265665272322,0.299942420177233,0.00875690249375259,0.993013091996468,M2,grid100,warming,Warming rate,warming_rate_z,days,Birding days,log_effort_days_z,1.00263001897513,0.556960711739006,1.8049153804966
log_effort_days_z,0.00687092889159263,1.98863525053571,0.00345509760512477,0.997243236449708,M2,grid100,warming,Warming rate,warming_rate_z,days,Birding days,log_effort_days_z,1.00689458787888,0.0204278898533042,49.6300263208921
(Intercept),3.33011422316403,1.30326186047804,2.55521497570912,0.0106122233657063,M3,grid100,warming,Warming rate,warming_rate_z,days,Birding days,log_effort_days_z,27.9415330912853,2.17215763765445,359.425696347915
year_c,0.00376908199710101,0.324362707149002,0.0116199609697104,0.99072882118343,M3,grid100,warming,Warming rate,warming_rate_z,days,Birding days,log_effort_days_z,1.00377619391898,0.531537343005721,1.89557076419302
warming_rate_z,0.0208300284200358,1.2358925995732,0.016854238327205,0.986552900100167,M3,grid100,warming,Warming rate,warming_rate_z,days,Birding days,log_effort_days_z,1.02104848766281,0.0905802150471956,11.5095776005312
log_effort_days_z,-0.000820477631969721,2.16279038400766,-0.00037936068055258,0.999697313977272,M3,grid100,warming,Warming rate,warming_rate_z,days,Birding days,log_effort_days_z,0.999179858867766,0.0144091820926455,69.2864025138924
(Intercept),3.33010142202312,1.29426221674549,2.57297275539487,0.0100829144593522,M4,grid100,warming,Warming rate,warming_rate_z,days,Birding days,log_effort_days_z,27.9411754100724,2.21078460453981,353.136746878579
year_c,0.00377143253361419,0.321743277698765,0.0117218689403209,0.990647515924586,M4,grid100,warming,Warming rate,warming_rate_z,days,Birding days,log_effort_days_z,1.00377855333435,0.534274572339703,1.88586812155711
warming_rate_z,0.02077431067474,1.26658544433514,0.0164018233176878,0.986913825148472,M4,grid100,warming,Warming rate,warming_rate_z,days,Birding days,log_effort_days_z,1.02099159872811,0.0852870067512741,12.2225399199839
log_effort_days_z,-0.000879800380378435,2.18297011477723,-0.000403029054050159,0.999678429348924,M4,grid100,warming,Warming rate,warming_rate_z,days,Birding days,log_effort_days_z,0.9991205865305,0.0138495681776516,72.0774780573928
warming_rate_z:log_effort_days_z,0.000320731098191535,1.65175655085328,0.000194175768835818,0.999845070152938,M4,grid100,warming,Warming rate,warming_rate_z,days,Birding days,log_effort_days_z,1.00032078253791,0.039276766875348,25.4766811930569
(Intercept),3.33608595181997,1.28647419321541,2.59320083481953,0.00950872256914067,M0,grid100,prec_velocity,Precipitation velocity,precip_velocity_z,record,Record-based (legacy),log_effort_record_z,28.1088915574568,2.2582643536406,349.874798012516
year_c,0.00338199929312409,0.202435415711734,0.0167065593796098,0.986670714263973,M0,grid100,prec_velocity,Precipitation velocity,precip_velocity_z,record,Record-based (legacy),log_effort_record_z,1.00338772470536,0.67476458257263,1.49205656623365
(Intercept),3.33562152960105,1.29535255630807,2.57506847333363,0.0100220243909837,M1,grid100,prec_velocity,Precipitation velocity,precip_velocity_z,record,Record-based (legacy),log_effort_record_z,28.0958401945742,2.21827644725196,355.851155169115
year_c,0.00327039501823745,0.206857610152116,0.0158098849533866,0.987386062370607,M1,grid100,prec_velocity,Precipitation velocity,precip_velocity_z,record,Record-based (legacy),log_effort_record_z,1.00327574859454,0.668866680230497,1.50487721614577
precip_velocity_z,-0.00556623063811741,1.02379468455791,-0.00543686221668652,0.995662032949439,M1,grid100,prec_velocity,Precipitation velocity,precip_velocity_z,record,Record-based (legacy),log_effort_record_z,0.994449232120578,0.133693713908378,7.39697661434501
(Intercept),3.33667778696917,1.30392728777809,2.55894467294638,0.0104990449375829,M2,grid100,prec_velocity,Precipitation velocity,precip_velocity_z,record,Record-based (legacy),log_effort_record_z,28.1255323112913,2.18361181767222,362.264740184801
year_c,0.00248067408133216,0.281427716026683,0.00881460474595528,0.992967054037175,M2,grid100,prec_velocity,Precipitation velocity,precip_velocity_z,record,Record-based (legacy),log_effort_record_z,1.0024837534991,0.577459107087777,1.7403373913313
log_effort_record_z,0.00859367317241576,1.82339590347645,0.00471300454061087,0.99623958036339,M2,grid100,prec_velocity,Precipitation velocity,precip_velocity_z,record,Record-based (legacy),log_effort_record_z,1.00863070478489,0.0282895642249669,35.9615259727834
(Intercept),3.33620885958235,1.30428332023927,2.55788662464098,0.0105310420243039,M3,grid100,prec_velocity,Precipitation velocity,precip_velocity_z,record,Record-based (legacy),log_effort_record_z,28.1123465707407,2.18106557208308,362.347670711542
year_c,0.00235017534696177,0.283744242823212,0.00828272434209726,0.993391417688145,M3,grid100,prec_velocity,Precipitation velocity,precip_velocity_z,record,Record-based (legacy),log_effort_record_z,1.00235293917378,0.574768147875397,1.7480290415956
precip_velocity_z,-0.00568366878937283,1.04415250587642,-0.00544333203951101,0.995656870854082,M3,grid100,prec_velocity,Precipitation velocity,precip_velocity_z,record,Record-based (legacy),log_effort_record_z,0.994332452698554,0.128449097657216,7.69718934988546
log_effort_record_z,0.00868897247824896,1.84008296717588,0.00472205472973026,0.996232359437571,M3,grid100,prec_velocity,Precipitation velocity,precip_velocity_z,record,Record-based (legacy),log_effort_record_z,1.00872683117122,0.0273818842451423,37.1606939396525
(Intercept),3.33623141783195,1.27152914146662,2.62379469650523,0.00869561829437614,M4,grid100,prec_velocity,Precipitation velocity,precip_velocity_z,record,Record-based (legacy),log_effort_record_z,28.1129807432244,2.32573077285038,339.824237394546
year_c,0.0023467978235695,0.285728964169928,0.00821337042391619,0.993446752226438,M4,grid100,prec_velocity,Precipitation velocity,precip_velocity_z,record,Record-based (legacy),log_effort_record_z,1.002349553709,0.572534678293684,1.75483628487785
precip_velocity_z,-0.00569926475069369,1.05120806047947,-0.00542163341869181,0.995674183593156,M4,grid100,prec_velocity,Precipitation velocity,precip_velocity_z,record,Record-based (legacy),log_effort_record_z,0.994316945249009,0.126683039599077,7.80425059848753
log_effort_record_z,0.00871516411076736,1.8488362996079,0.00471386466861111,0.996238894088161,M4,grid100,prec_velocity,Precipitation velocity,precip_velocity_z,record,Record-based (legacy),log_effort_record_z,1.00875325171969,0.0269168180040794,37.8047331858032
precip_velocity_z:log_effort_record_z,4.90251551014982e-05,1.1107621687926,4.41365005749058e-05,0.999964784167635,M4,grid100,prec_velocity,Precipitation velocity,precip_velocity_z,record,Record-based (legacy),log_effort_record_z,1.00004902635685,0.113376082154624,8.82106733723027
(Intercept),3.33608595181997,1.28647419321541,2.59320083481953,0.00950872256914067,M0,grid100,prec_velocity,Precipitation velocity,precip_velocity_z,visits,Observer visits,log_effort_visits_z,28.1088915574568,2.2582643536406,349.874798012516
year_c,0.00338199929312409,0.202435415711734,0.0167065593796098,0.986670714263973,M0,grid100,prec_velocity,Precipitation velocity,precip_velocity_z,visits,Observer visits,log_effort_visits_z,1.00338772470536,0.67476458257263,1.49205656623365
(Intercept),3.33562152960105,1.29535255630807,2.57506847333363,0.0100220243909837,M1,grid100,prec_velocity,Precipitation velocity,precip_velocity_z,visits,Observer visits,log_effort_visits_z,28.0958401945742,2.21827644725196,355.851155169115
year_c,0.00327039501823745,0.206857610152116,0.0158098849533866,0.987386062370607,M1,grid100,prec_velocity,Precipitation velocity,precip_velocity_z,visits,Observer visits,log_effort_visits_z,1.00327574859454,0.668866680230497,1.50487721614577
precip_velocity_z,-0.00556623063811741,1.02379468455791,-0.00543686221668652,0.995662032949439,M1,grid100,prec_velocity,Precipitation velocity,precip_velocity_z,visits,Observer visits,log_effort_visits_z,0.994449232120578,0.133693713908378,7.39697661434501
(Intercept),3.33595778753187,1.2865948377317,2.59285805422105,0.00951820459899707,M2,grid100,prec_velocity,Precipitation velocity,precip_velocity_z,visits,Observer visits,log_effort_visits_z,28.1052892322307,2.25744107836811,349.91269114247
year_c,0.00270232653424718,0.317600638721749,0.00850856769408042,0.993211227115468,M2,grid100,prec_velocity,Precipitation velocity,precip_velocity_z,visits,Observer visits,log_effort_visits_z,1.00270598110981,0.538054767668912,1.8686188562352
log_effort_visits_z,0.00590294774899932,2.11532827508785,0.00279055871304617,0.997773459176607,M2,grid100,prec_velocity,Precipitation velocity,precip_velocity_z,visits,Observer visits,log_effort_visits_z,1.00592040447688,0.015920614955989,63.5575863708882
(Intercept),3.3353807287004,1.29561127569384,2.57436840144371,0.010042328114142,M3,grid100,prec_velocity,Precipitation velocity,precip_velocity_z,visits,Observer visits,log_effort_visits_z,28.0890755054552,2.21661803872221,355.945927069143
year_c,0.00239415371606041,0.318180069259855,0.00752452446700905,0.99399635475331,M3,grid100,prec_velocity,Precipitation velocity,precip_velocity_z,visits,Observer visits,log_effort_visits_z,1.00239702199064,0.537278454279742,1.87016579892955
precip_velocity_z,-0.00619098558685968,1.05091306357134,-0.00589105398102175,0.995299646168954,M3,grid100,prec_velocity,Precipitation velocity,precip_velocity_z,visits,Observer visits,log_effort_visits_z,0.993828139077216,0.126693994748363,7.79590518069477
log_effort_visits_z,0.00773527744318479,2.13222241971928,0.00362780044504137,0.997105440384415,M3,grid100,prec_velocity,Precipitation velocity,precip_velocity_z,visits,Observer visits,log_effort_visits_z,1.00776527199058,0.0154303232217745,65.8178593431603
(Intercept),3.33534346119585,1.28809750942931,2.58935634668959,0.00961555329133559,M4,grid100,prec_velocity,Precipitation velocity,precip_velocity_z,visits,Observer visits,log_effort_visits_z,28.0880287152118,2.2494198594253,350.729257502032
year_c,0.00237503380915398,0.314727901895679,0.00754630839797998,0.993978974184578,M4,grid100,prec_velocity,Precipitation velocity,precip_velocity_z,visits,Observer visits,log_effort_visits_z,1.00237785643612,0.5409157978634,1.85751899101902
precip_velocity_z,-0.00637543601801464,1.08864431788023,-0.00585630762343817,0.995327369272983,M4,grid100,prec_velocity,Precipitation velocity,precip_velocity_z,visits,Observer visits,log_effort_visits_z,0.993644843953421,0.117640925387299,8.39274319429838
log_effort_visits_z,0.00802052746689093,2.16662942816129,0.00370184553142415,0.997046361349945,M4,grid100,prec_velocity,Precipitation velocity,precip_velocity_z,visits,Observer visits,log_effort_visits_z,1.00805277806192,0.0144281639637768,70.4296406604149
precip_velocity_z:log_effort_visits_z,0.00077966706393004,1.21726728424367,0.000640506053207926,0.999488950143988,M4,grid100,prec_velocity,Precipitation velocity,precip_velocity_z,visits,Observer visits,log_effort_visits_z,1.0007799710833,0.0920830667307957,10.8767071523535
(Intercept),3.33608595181997,1.28647419321541,2.59320083481953,0.00950872256914067,M0,grid100,prec_velocity,Precipitation velocity,precip_velocity_z,pc1,PCA composite (PC1),effort_pc1_z,28.1088915574568,2.2582643536406,349.874798012516
year_c,0.00338199929312409,0.202435415711734,0.0167065593796098,0.986670714263973,M0,grid100,prec_velocity,Precipitation velocity,precip_velocity_z,pc1,PCA composite (PC1),effort_pc1_z,1.00338772470536,0.67476458257263,1.49205656623365
(Intercept),3.33562152960105,1.29535255630807,2.57506847333363,0.0100220243909837,M1,grid100,prec_velocity,Precipitation velocity,precip_velocity_z,pc1,PCA composite (PC1),effort_pc1_z,28.0958401945742,2.21827644725196,355.851155169115
year_c,0.00327039501823745,0.206857610152116,0.0158098849533866,0.987386062370607,M1,grid100,prec_velocity,Precipitation velocity,precip_velocity_z,pc1,PCA composite (PC1),effort_pc1_z,1.00327574859454,0.668866680230497,1.50487721614577
precip_velocity_z,-0.00556623063811741,1.02379468455791,-0.00543686221668652,0.995662032949439,M1,grid100,prec_velocity,Precipitation velocity,precip_velocity_z,pc1,PCA composite (PC1),effort_pc1_z,0.994449232120578,0.133693713908378,7.39697661434501
(Intercept),3.33650151040183,1.30117724701156,2.56421753305696,0.0103408711378922,M2,grid100,prec_velocity,Precipitation velocity,precip_velocity_z,pc1,PCA composite (PC1),effort_pc1_z,28.1205748759536,2.19502647127143,360.25384736981
year_c,0.00284521779848245,0.269228087266247,0.0105680570975076,0.991568067356264,M2,grid100,prec_velocity,Precipitation velocity,precip_velocity_z,pc1,PCA composite (PC1),effort_pc1_z,1.00284926927217,0.591648936159947,1.69983683805331
effort_pc1_z,0.00608112952854815,2.08457251004826,0.00291720700490643,0.997672408871457,M2,grid100,prec_velocity,Precipitation velocity,precip_velocity_z,pc1,PCA composite (PC1),effort_pc1_z,1.00609965713394,0.0169128601609207,59.8501087606649
(Intercept),3.33605169313733,1.3019221753169,2.56240484752885,0.0103950067385745,M3,grid100,prec_velocity,Precipitation velocity,precip_velocity_z,pc1,PCA composite (PC1),effort_pc1_z,28.1079286003565,2.19083824203765,360.617974911705
year_c,0.0027050235732296,0.268977935913791,0.0100566745894599,0.991976069864587,M3,grid100,prec_velocity,Precipitation velocity,precip_velocity_z,pc1,PCA composite (PC1),effort_pc1_z,1.00270868545057,0.59185611015152,1.69876544422363
precip_velocity_z,-0.00572619595062761,1.0366246115516,-0.005523885779691,0.995592599234825,M3,grid100,prec_velocity,Precipitation velocity,precip_velocity_z,pc1,PCA composite (PC1),effort_pc1_z,0.994290167461139,0.130352829148517,7.58413103549543
effort_pc1_z,0.00664359279918004,2.1711502674985,0.00305994149674148,0.997558523732813,M3,grid100,prec_velocity,Precipitation velocity,precip_velocity_z,pc1,PCA composite (PC1),effort_pc1_z,1.00666571041484,0.0142812051482306,70.958707056355
(Intercept),3.33625502381088,1.30979965439537,2.54714910987739,0.0108607015403549,M4,grid100,prec_velocity,Precipitation velocity,precip_velocity_z,pc1,PCA composite (PC1),effort_pc1_z,28.1136443854883,2.15771048997049,366.303544570759
year_c,0.00259050602882736,0.274419418019597,0.00943995161684354,0.992468120214701,M4,grid100,prec_velocity,Precipitation velocity,precip_velocity_z,pc1,PCA composite (PC1),effort_pc1_z,1.00259386428881,0.585510271314468,1.71678364318513
precip_velocity_z,-0.00598039999846353,1.05231575973671,-0.00568308508461359,0.99546557856165,M4,grid100,prec_velocity,Precipitation velocity,precip_velocity_z,pc1,PCA composite (PC1),effort_pc1_z,0.99403744699849,0.126372764769421,7.8190142301482
effort_pc1_z,0.00861883075099178,2.42649608387272,0.00355196565462245,0.997165947402961,M4,grid100,prec_velocity,Precipitation velocity,precip_velocity_z,pc1,PCA composite (PC1),effort_pc1_z,1.00865607981029,0.00867496928630076,117.278465636171
precip_velocity_z:effort_pc1_z,0.00259625927195097,1.52789229130765,0.00169924233973912,0.998644201424521,M4,grid100,prec_velocity,Precipitation velocity,precip_velocity_z,pc1,PCA composite (PC1),effort_pc1_z,1.00259963247166,0.0501833173264316,20.0306810427389
(Intercept),3.33608595181997,1.28647419321541,2.59320083481953,0.00950872256914067,M0,grid100,prec_velocity,Precipitation velocity,precip_velocity_z,days,Birding days,log_effort_days_z,28.1088915574568,2.2582643536406,349.874798012516
year_c,0.00338199929312409,0.202435415711734,0.0167065593796098,0.986670714263973,M0,grid100,prec_velocity,Precipitation velocity,precip_velocity_z,days,Birding days,log_effort_days_z,1.00338772470536,0.67476458257263,1.49205656623365
(Intercept),3.33562152960105,1.29535255630807,2.57506847333363,0.0100220243909837,M1,grid100,prec_velocity,Precipitation velocity,precip_velocity_z,days,Birding days,log_effort_days_z,28.0958401945742,2.21827644725196,355.851155169115
year_c,0.00327039501823745,0.206857610152116,0.0158098849533866,0.987386062370607,M1,grid100,prec_velocity,Precipitation velocity,precip_velocity_z,days,Birding days,log_effort_days_z,1.00327574859454,0.668866680230497,1.50487721614577
precip_velocity_z,-0.00556623063811741,1.02379468455791,-0.00543686221668652,0.995662032949439,M1,grid100,prec_velocity,Precipitation velocity,precip_velocity_z,days,Birding days,log_effort_days_z,0.994449232120578,0.133693713908378,7.39697661434501
(Intercept),3.33574438228679,1.28719796225779,2.59147736408452,0.00955648282173401,M2,grid100,prec_velocity,Precipitation velocity,precip_velocity_z,days,Birding days,log_effort_days_z,28.0992920560311,2.25429295032702,350.251822388743
year_c,0.0026265665272322,0.299942420177233,0.00875690249375259,0.993013091996468,M2,grid100,prec_velocity,Precipitation velocity,precip_velocity_z,days,Birding days,log_effort_days_z,1.00263001897513,0.556960711739006,1.8049153804966
log_effort_days_z,0.00687092889159263,1.98863525053571,0.00345509760512477,0.997243236449708,M2,grid100,prec_velocity,Precipitation velocity,precip_velocity_z,days,Birding days,log_effort_days_z,1.00689458787888,0.0204278898533042,49.6300263208921
(Intercept),3.33505184856488,1.29688535276571,2.57158571607938,0.010123395172006,M3,grid100,prec_velocity,Precipitation velocity,precip_velocity_z,days,Birding days,log_effort_days_z,28.0798390854171,2.21036256170466,356.7185658695
year_c,0.00225658595875738,0.300522247925443,0.00750888153650848,0.994008835653446,M3,grid100,prec_velocity,Precipitation velocity,precip_velocity_z,days,Birding days,log_effort_days_z,1.00225913396509,0.556122313856459,1.80629934564311
precip_velocity_z,-0.00660529231962343,1.06274965391028,-0.0062152853170264,0.995040951732397,M3,grid100,prec_velocity,Precipitation velocity,precip_velocity_z,days,Birding days,log_effort_days_z,0.993416474671542,0.123737287017314,7.97557725676291
log_effort_days_z,0.00927365759794718,1.99974175354787,0.00463742759858577,0.996299881379547,M3,grid100,prec_velocity,Precipitation velocity,precip_velocity_z,days,Birding days,log_effort_days_z,1.00931679119286,0.0200360890428045,50.8442731916138
(Intercept),3.33491845359115,1.29053533475277,2.5841357177795,0.00976233709007806,M4,grid100,prec_velocity,Precipitation velocity,precip_velocity_z,days,Birding days,log_effort_days_z,28.0760936258382,2.2377461974099,352.259355506545
year_c,0.00224425635988567,0.296213891393451,0.00757647235694528,0.993954907515439,M4,grid100,prec_velocity,Precipitation velocity,precip_velocity_z,days,Birding days,log_effort_days_z,1.00224677658818,0.560831390251148,1.79108840668062
precip_velocity_z,-0.00698368194295423,1.10518254479215,-0.00631903025962795,0.994958176870072,M4,grid100,prec_velocity,Precipitation velocity,precip_velocity_z,days,Birding days,log_effort_days_z,0.993040647294954,0.113819494193192,8.66397917307707
log_effort_days_z,0.00956650811235276,1.99296873002437,0.00480012955960216,0.996170065442288,M4,grid100,prec_velocity,Precipitation velocity,precip_velocity_z,days,Birding days,log_effort_days_z,1.00961241341881,0.0203097908213686,50.1884649770441
precip_velocity_z:log_effort_days_z,0.00146574853105136,1.19334874333188,0.00122826503085672,0.999019986541719,M4,grid100,prec_velocity,Precipitation velocity,precip_velocity_z,days,Birding days,log_effort_days_z,1.00146682326546,0.096568972172706,10.3856940333562
