province,year,climate_velocity,precip_velocity,climate_exposure,warming_rate,spatial_temp_grad,spatial_prec_grad,mahalanobis_dist,temp_anom,prec_anom,temp_grad_prov,prec_grad_prov,climate_velocity_z,precip_velocity_z,climate_exposure_z,warming_rate_z,mahalanobis_dist_z,temp_anom_z,prec_anom_z,temp_grad_prov_z,prec_grad_prov_z
Anhui,2002,0.0441725398814915,0.00837904939982559,0.0682618595424368,0.22778909196967,0.515680313110352,379.330078125,8.44217804824337,0.912541611290677,68.3418423160092,0.912541611290677,68.3418423160092,0.0247144110167908,-0.141860160278138,0.625999995756326,0.674578267823628,-0.173800833975381,0.186329847406554,0.383476273184039,0.186329847406554,0.383476273184039
Anhui,2003,0.0441725398814915,0.00837904939982559,0.0682618595424368,0.22778909196967,0.515680313110352,379.330078125,8.44217804824337,0.912541611290677,68.3418423160092,0.912541611290677,68.3418423160092,0.0247144110167908,-0.141860160278138,0.625999995756326,0.674578267823628,-0.173800833975381,0.186329847406554,0.383476273184039,0.186329847406554,0.383476273184039
Anhui,2004,0.0441725398814915,0.00837904939982559,0.0682618595424368,0.22778909196967,0.515680313110352,379.330078125,8.44217804824337,0.912541611290677,68.3418423160092,0.912541611290677,68.3418423160092,0.0247144110167908,-0.141860160278138,0.625999995756326,0.674578267823628,-0.173800833975381,0.186329847406554,0.383476273184039,0.186329847406554,0.383476273184039
Anhui,2005,0.0441725398814915,0.00837904939982559,0.0682618595424368,0.22778909196967,0.515680313110352,379.330078125,8.44217804824337,0.912541611290677,68.3418423160092,0.912541611290677,68.3418423160092,0.0247144110167908,-0.141860160278138,0.625999995756326,0.674578267823628,-0.173800833975381,0.186329847406554,0.383476273184039,0.186329847406554,0.383476273184039
Anhui,2006,0.0441725398814915,0.00837904939982559,0.0682618595424368,0.22778909196967,0.515680313110352,379.330078125,8.44217804824337,0.912541611290677,68.3418423160092,0.912541611290677,68.3418423160092,0.0247144110167908,-0.141860160278138,0.625999995756326,0.674578267823628,-0.173800833975381,0.186329847406554,0.383476273184039,0.186329847406554,0.383476273184039
Anhui,2007,0.0441725398814915,0.00837904939982559,0.0682618595424368,0.22778909196967,0.515680313110352,379.330078125,8.44217804824337,0.912541611290677,68.3418423160092,0.912541611290677,68.3418423160092,0.0247144110167908,-0.141860160278138,0.625999995756326,0.674578267823628,-0.173800833975381,0.186329847406554,0.383476273184039,0.186329847406554,0.383476273184039
Anhui,2008,0.0441725398814915,0.00837904939982559,0.0682618595424368,0.22778909196967,0.515680313110352,379.330078125,8.44217804824337,0.912541611290677,68.3418423160092,0.912541611290677,68.3418423160092,0.0247144110167908,-0.141860160278138,0.625999995756326,0.674578267823628,-0.173800833975381,0.186329847406554,0.383476273184039,0.186329847406554,0.383476273184039
Anhui,2009,0.0441725398814915,0.00837904939982559,0.0682618595424368,0.22778909196967,0.515680313110352,379.330078125,8.44217804824337,0.912541611290677,68.3418423160092,0.912541611290677,68.3418423160092,0.0247144110167908,-0.141860160278138,0.625999995756326,0.674578267823628,-0.173800833975381,0.186329847406554,0.383476273184039,0.186329847406554,0.383476273184039
Anhui,2010,0.0441725398814915,0.00837904939982559,0.0682618595424368,0.22778909196967,0.515680313110352,379.330078125,1.62990758610307,0.435285908835275,276.182155064174,0.435285908835275,276.182155064174,0.0247144110167908,-0.141860160278138,0.625999995756326,0.674578267823628,-1.04892123515388,-0.923229450257354,2.30827796300379,-0.923229450257354,2.30827796300379
Anhui,2011,0.0441725398814915,0.00837904939982559,0.0682618595424368,0.22778909196967,0.515680313110352,379.330078125,4.21343666087207,0.302499771118164,-170.049987792969,0.302499771118164,-170.049987792969,0.0247144110167908,-0.141860160278138,0.625999995756326,0.674578267823628,-0.717034970077754,-1.23194046816011,-1.82426192430881,-1.23194046816011,-1.82426192430881
Anhui,2012,0.0441725398814915,0.00837904939982559,0.0682618595424368,0.22778909196967,0.515680313110352,379.330078125,2.23885943060513,0.10724925994873,-112.724975585938,0.10724925994873,-112.724975585938,0.0247144110167908,-0.141860160278138,0.625999995756326,0.674578267823628,-0.970693838660936,-1.68587327383867,-1.29337704011059,-1.68587327383867,-1.29337704011059
Anhui,2013,0.0441725398814915,0.00837904939982559,0.0682618595424368,0.22778909196967,0.515680313110352,379.330078125,11.7185676809707,0.898853778839111,-131.343765258789,0.898853778839111,-131.343765258789,0.0247144110167908,-0.141860160278138,0.625999995756326,0.674578267823628,0.247091939695944,0.154507363812617,-1.46580498419344,0.154507363812617,-1.46580498419344
Anhui,2014,0.0441725398814915,0.00837904939982559,0.0682618595424368,0.22778909196967,0.515680313110352,379.330078125,6.98121119976163,0.775083541870117,31.875,0.775083541870117,31.875,0.0247144110167908,-0.141860160278138,0.625999995756326,0.674578267823628,-0.361480096220958,-0.133242822296151,0.0457581530362214,-0.133242822296151,0.0457581530362214
Anhui,2015,0.0441725398814915,0.00837904939982559,0.0682618595424368,0.22778909196967,0.515680313110352,379.330078125,8.44217804824337,0.912541611290677,68.3418423160092,0.912541611290677,68.3418423160092,0.0247144110167908,-0.141860160278138,0.625999995756326,0.674578267823628,-0.173800833975381,0.186329847406554,0.383476273184039,0.186329847406554,0.383476273184039
Anhui,2016,0.0441725398814915,0.00837904939982559,0.0682618595424368,0.22778909196967,0.515680313110352,379.330078125,4.39480980962047,0.846749305725098,337.75,0.846749305725098,337.75,0.0247144110167908,-0.141860160278138,0.625999995756326,0.674578267823628,-0.693735345734031,0.0333710373190942,2.87845556909038,0.0333710373190942,2.87845556909038
Anhui,2017,0.0441725398814915,0.00837904939982559,0.0682618595424368,0.22778909196967,0.515680313110352,379.330078125,11.4710155841263,1.07052771250407,45.9888509114583,1.07052771250407,45.9888509114583,0.0247144110167908,-0.141860160278138,0.625999995756326,0.674578267823628,0.215290810908254,0.553627601212589,0.176466020653587,0.553627601212589,0.176466020653587
Anhui,2018,0.0441725398814915,0.00837904939982559,0.0682618595424368,0.22778909196967,0.515680313110352,379.330078125,9.09597149911294,0.807582855224609,-72.6500244140625,0.807582855224609,-72.6500244140625,0.0247144110167908,-0.141860160278138,0.625999995756326,0.674578267823628,-0.0898129785030216,-0.0576860188579789,-0.922244353120584,-0.0576860188579789,-0.922244353120584
Anhui,2019,0.0441725398814915,0.00837904939982559,0.0682618595424368,0.22778909196967,0.515680313110352,379.330078125,8.44217804824337,0.912541611290677,68.3418423160092,0.912541611290677,68.3418423160092,0.0247144110167908,-0.141860160278138,0.625999995756326,0.674578267823628,-0.173800833975381,0.186329847406554,0.383476273184039,0.186329847406554,0.383476273184039
Anhui,2020,0.0441725398814915,0.00837904939982559,0.0682618595424368,0.22778909196967,0.515680313110352,379.330078125,7.58378335438598,0.980500221252441,198.525024414063,0.980500221252441,198.525024414063,0.0247144110167908,-0.141860160278138,0.625999995756326,0.674578267823628,-0.284072249802573,0.34432504191434,1.58909805836708,0.34432504191434,1.58909805836708
Anhui,2021,0.0441725398814915,0.00837904939982559,0.0682618595424368,0.22778909196967,0.515680313110352,379.330078125,16.4121613798919,1.45216655731201,189.112487792969,1.45216655731201,189.112487792969,0.0247144110167908,-0.141860160278138,0.625999995756326,0.674578267823628,0.850042104930328,1.440889767862,1.50192889395323,1.440889767862,1.50192889395323
Anhui,2022,0.0441725398814915,0.00837904939982559,0.0682618595424368,0.22778909196967,0.515680313110352,379.330078125,16.6330248752005,1.12929248809814,-145.6875,1.12929248809814,-145.6875,0.0247144110167908,-0.141860160278138,0.625999995756326,0.674578267823628,0.878414752741987,0.690248290708976,-1.59864179772182,0.690248290708976,-1.59864179772182
Anhui,2023,0.0441725398814915,0.00837904939982559,0.0682618595424368,0.22778909196967,0.515680313110352,379.330078125,15.4326968032393,1.3870415687561,167.287506103516,1.3870415687561,167.287506103516,0.0247144110167908,-0.141860160278138,0.625999995756326,0.674578267823628,0.724217765156377,1.28948238563336,1.29980852047667,1.28948238563336,1.29980852047667
Anhui,2024,0.0441725398814915,0.00837904939982559,0.0682618595424368,0.22778909196967,0.515680313110352,379.330078125,19.697461885488,1.67020797729492,274.179178873698,1.67020797729492,274.179178873698,0.0247144110167908,-0.141860160278138,0.625999995756326,0.674578267823628,1.27207959043936,1.94780856123249,2.28972847226679,1.94780856123249,2.28972847226679
Beijing,2002,0.0434172833091068,0.00611343022609904,0.0512745911076958,0.157096469842086,0.361829340457916,185.958602905273,14.061448046208,0.749542295138041,14.7648370361328,0.749542295138041,14.7648370361328,-0.00411646714599997,-0.474329229977815,-0.0508727568349319,-0.0384777123276985,0.548063901472025,-0.192622998666388,-0.112698453146082,-0.192622998666388,-0.112698453146082
Beijing,2003,0.0434172833091068,0.00611343022609904,0.0512745911076958,0.157096469842086,0.361829340457916,185.958602905273,6.26795033076758,0.0517494678497315,-49.0499877929688,0.0517494678497315,-49.0499877929688,-0.00411646714599997,-0.474329229977815,-0.0508727568349319,-0.0384777123276985,-0.453107277098167,-1.81490328861909,-0.703685259519094,-1.81490328861909,-0.703685259519094
Beijing,2004,0.0434172833091068,0.00611343022609904,0.0512745911076958,0.157096469842086,0.361829340457916,185.958602905273,15.5186050912446,0.839249610900879,24.2750244140625,0.839249610900879,24.2750244140625,-0.00411646714599997,-0.474329229977815,-0.0508727568349319,-0.0384777123276985,0.735253747341988,0.0159351930137422,-0.0246249485718207,0.0159351930137422,-0.0246249485718207
Beijing,2005,0.0434172833091068,0.00611343022609904,0.0512745911076958,0.157096469842086,0.361829340457916,185.958602905273,14.061448046208,0.749542295138041,14.7648370361328,0.749542295138041,14.7648370361328,-0.00411646714599997,-0.474329229977815,-0.0508727568349319,-0.0384777123276985,0.548063901472025,-0.192622998666388,-0.112698453146082,-0.192622998666388,-0.112698453146082
Beijing,2006,0.0434172833091068,0.00611343022609904,0.0512745911076958,0.157096469842086,0.361829340457916,185.958602905273,14.061448046208,0.749542295138041,14.7648370361328,0.749542295138041,14.7648370361328,-0.00411646714599997,-0.474329229977815,-0.0508727568349319,-0.0384777123276985,0.548063901472025,-0.192622998666388,-0.112698453146082,-0.192622998666388,-0.112698453146082
Beijing,2007,0.0434172833091068,0.00611343022609904,0.0512745911076958,0.157096469842086,0.361829340457916,185.958602905273,14.061448046208,0.749542295138041,14.7648370361328,0.749542295138041,14.7648370361328,-0.00411646714599997,-0.474329229977815,-0.0508727568349319,-0.0384777123276985,0.548063901472025,-0.192622998666388,-0.112698453146082,-0.192622998666388,-0.112698453146082
Beijing,2008,0.0434172833091068,0.00611343022609904,0.0512745911076958,0.157096469842086,0.361829340457916,185.958602905273,11.8978916256453,0.608917236328125,8.45001220703125,0.608917236328125,8.45001220703125,-0.00411646714599997,-0.474329229977815,-0.0508727568349319,-0.0384777123276985,0.270128318429979,-0.519558519152195,-0.171179819639685,-0.519558519152195,-0.171179819639685
Beijing,2009,0.0434172833091068,0.00611343022609904,0.0512745911076958,0.157096469842086,0.361829340457916,185.958602905273,12.0257679981903,0.618083000183106,9.2750244140625,0.618083000183106,9.2750244140625,-0.00411646714599997,-0.474329229977815,-0.0508727568349319,-0.0384777123276985,0.286555620173898,-0.49824927454147,-0.163539411149058,-0.49824927454147,-0.163539411149058
Beijing,2010,0.0434172833091068,0.00611343022609904,0.0512745911076958,0.157096469842086,0.361829340457916,185.958602905273,14.061448046208,0.749542295138041,14.7648370361328,0.749542295138041,14.7648370361328,-0.00411646714599997,-0.474329229977815,-0.0508727568349319,-0.0384777123276985,0.548063901472025,-0.192622998666388,-0.112698453146082,-0.192622998666388,-0.112698453146082
Beijing,2011,0.0434172833091068,0.00611343022609904,0.0512745911076958,0.157096469842086,0.361829340457916,185.958602905273,7.1839957525156,0.183283519744873,-26.4350036621094,0.183283519744873,-26.4350036621094,-0.00411646714599997,-0.474329229977815,-0.0508727568349319,-0.0384777123276985,-0.335429912197127,-1.50910321228936,-0.494248701737022,-1.50910321228936,-0.494248701737022
Beijing,2012,0.0434172833091068,0.00611343022609904,0.0512745911076958,0.157096469842086,0.361829340457916,185.958602905273,14.061448046208,0.749542295138041,14.7648370361328,0.749542295138041,14.7648370361328,-0.00411646714599997,-0.474329229977815,-0.0508727568349319,-0.0384777123276985,0.548063901472025,-0.192622998666388,-0.112698453146082,-0.192622998666388,-0.112698453146082
Beijing,2013,0.0434172833091068,0.00611343022609904,0.0512745911076958,0.157096469842086,0.361829340457916,185.958602905273,7.98052554901701,0.306722323099772,36.433349609375,0.306722323099772,36.433349609375,-0.00411646714599997,-0.474329229977815,-0.0508727568349319,-0.0384777123276985,-0.233105807636261,-1.22212356751972,0.0879728654512539,-1.22212356751972,0.0879728654512539
Beijing,2014,0.0434172833091068,0.00611343022609904,0.0512745911076958,0.157096469842086,0.361829340457916,185.958602905273,26.6824428722751,1.24658298492432,-93,1.24658298492432,-93,-0.00411646714599997,-0.474329229977815,-0.0508727568349319,-0.0384777123276985,2.16938679474857,0.962933898469231,-1.11070474791928,0.962933898469231,-1.11070474791928
Beijing,2015,0.0434172833091068,0.00611343022609904,0.0512745911076958,0.157096469842086,0.361829340457916,185.958602905273,14.061448046208,0.749542295138041,14.7648370361328,0.749542295138041,14.7648370361328,-0.00411646714599997,-0.474329229977815,-0.0508727568349319,-0.0384777123276985,0.548063901472025,-0.192622998666388,-0.112698453146082,-0.192622998666388,-0.112698453146082
Beijing,2016,0.0434172833091068,0.00611343022609904,0.0512745911076958,0.157096469842086,0.361829340457916,185.958602905273,17.0911273357915,1.06741714477539,234.049987792969,1.06741714477539,234.049987792969,-0.00411646714599997,-0.474329229977815,-0.0508727568349319,-0.0384777123276985,0.93726368003007,0.546395923672412,1.9180934714242,0.546395923672412,1.9180934714242
Beijing,2017,0.0434172833091068,0.00611343022609904,0.0512745911076958,0.157096469842086,0.361829340457916,185.958602905273,31.9406556974729,1.50025081634521,-14.2000122070313,1.50025081634521,-14.2000122070313,-0.00411646714599997,-0.474329229977815,-0.0508727568349319,-0.0384777123276985,2.84486927047272,1.55267960380756,-0.380940884229071,1.55267960380756,-0.380940884229071
Beijing,2018,0.0434172833091068,0.00611343022609904,0.0512745911076958,0.157096469842086,0.361829340457916,185.958602905273,14.061448046208,0.749542295138041,14.7648370361328,0.749542295138041,14.7648370361328,-0.00411646714599997,-0.474329229977815,-0.0508727568349319,-0.0384777123276985,0.548063901472025,-0.192622998666388,-0.112698453146082,-0.192622998666388,-0.112698453146082
Beijing,2019,0.0434172833091068,0.00611343022609904,0.0512745911076958,0.157096469842086,0.361829340457916,185.958602905273,14.061448046208,0.749542295138041,14.7648370361328,0.749542295138041,14.7648370361328,-0.00411646714599997,-0.474329229977815,-0.0508727568349319,-0.0384777123276985,0.548063901472025,-0.192622998666388,-0.112698453146082,-0.192622998666388,-0.112698453146082
Beijing,2020,0.0434172833091068,0.00611343022609904,0.0512745911076958,0.157096469842086,0.361829340457916,185.958602905273,14.061448046208,0.749542295138041,14.7648370361328,0.749542295138041,14.7648370361328,-0.00411646714599997,-0.474329229977815,-0.0508727568349319,-0.0384777123276985,0.548063901472025,-0.192622998666388,-0.112698453146082,-0.192622998666388,-0.112698453146082
Beijing,2021,0.0434172833091068,0.00611343022609904,0.0512745911076958,0.157096469842086,0.361829340457916,185.958602905273,14.061448046208,0.749542295138041,14.7648370361328,0.749542295138041,14.7648370361328,-0.00411646714599997,-0.474329229977815,-0.0508727568349319,-0.0384777123276985,0.548063901472025,-0.192622998666388,-0.112698453146082,-0.192622998666388,-0.112698453146082
Beijing,2022,0.0434172833091068,0.00611343022609904,0.0512745911076958,0.157096469842086,0.361829340457916,185.958602905273,20.3285275061212,1.073166847229,17.8499755859375,1.073166847229,17.8499755859375,-0.00411646714599997,-0.474329229977815,-0.0508727568349319,-0.0384777123276985,1.35314777499951,0.559763256495017,-0.0841270955712535,0.559763256495017,-0.0841270955712535
Beijing,2023,0.0434172833091068,0.00611343022609904,0.0512745911076958,0.157096469842086,0.361829340457916,185.958602905273,14.061448046208,0.749542295138041,14.7648370361328,0.749542295138041,14.7648370361328,-0.00411646714599997,-0.474329229977815,-0.0508727568349319,-0.0384777123276985,0.548063901472025,-0.192622998666388,-0.112698453146082,-0.192622998666388,-0.112698453146082
Beijing,2024,0.0434172833091068,0.00611343022609904,0.0512745911076958,0.157096469842086,0.361829340457916,185.958602905273,14.061448046208,0.749542295138041,14.7648370361328,0.749542295138041,14.7648370361328,-0.00411646714599997,-0.474329229977815,-0.0508727568349319,-0.0384777123276985,0.548063901472025,-0.192622998666388,-0.112698453146082,-0.192622998666388,-0.112698453146082
Chongqing,2002,0.0019952400259006,0.00490603655803741,0.00710953190322487,0.0101790158016724,0.510164976119995,407.420196533203,1.44784026794722,0.188204606374105,-60.8395843505859,0.188204606374105,-60.8395843505859,-1.58534584907805,-0.651508631634036,-1.81066864791234,-1.52039146851934,-1.07231003414411,-1.49766230672033,-0.81286829083935,-1.49766230672033,-0.81286829083935
Chongqing,2003,0.0019952400259006,0.00490603655803741,0.00710953190322487,0.0101790158016724,0.510164976119995,407.420196533203,1.44784026794722,0.188204606374105,-60.8395843505859,0.188204606374105,-60.8395843505859,-1.58534584907805,-0.651508631634036,-1.81066864791234,-1.52039146851934,-1.07231003414411,-1.49766230672033,-0.81286829083935,-1.49766230672033,-0.81286829083935
Chongqing,2004,0.0019952400259006,0.00490603655803741,0.00710953190322487,0.0101790158016724,0.510164976119995,407.420196533203,1.44784026794722,0.188204606374105,-60.8395843505859,0.188204606374105,-60.8395843505859,-1.58534584907805,-0.651508631634036,-1.81066864791234,-1.52039146851934,-1.07231003414411,-1.49766230672033,-0.81286829083935,-1.49766230672033,-0.81286829083935
Chongqing,2005,0.0019952400259006,0.00490603655803741,0.00710953190322487,0.0101790158016724,0.510164976119995,407.420196533203,1.44784026794722,0.188204606374105,-60.8395843505859,0.188204606374105,-60.8395843505859,-1.58534584907805,-0.651508631634036,-1.81066864791234,-1.52039146851934,-1.07231003414411,-1.49766230672033,-0.81286829083935,-1.49766230672033,-0.81286829083935
Chongqing,2006,0.0019952400259006,0.00490603655803741,0.00710953190322487,0.0101790158016724,0.510164976119995,407.420196533203,3.24719484479156,0.258749008178711,-232.525024414063,0.258749008178711,-232.525024414063,-1.58534584907805,-0.651508631634036,-1.81066864791234,-1.52039146851934,-0.841160682705164,-1.33365547240125,-2.40284100008964,-1.33365547240125,-2.40284100008964
Chongqing,2007,0.0019952400259006,0.00490603655803741,0.00710953190322487,0.0101790158016724,0.510164976119995,407.420196533203,0.750757686604721,0.0918331146240234,71.75,0.0918331146240234,71.75,-1.58534584907805,-0.651508631634036,-1.81066864791234,-1.52039146851934,-1.16185891386479,-1.72171386681884,0.415039099387377,-1.72171386681884,0.415039099387377
Chongqing,2008,0.0019952400259006,0.00490603655803741,0.00710953190322487,0.0101790158016724,0.510164976119995,407.420196533203,1.44784026794722,0.188204606374105,-60.8395843505859,0.188204606374105,-60.8395843505859,-1.58534584907805,-0.651508631634036,-1.81066864791234,-1.52039146851934,-1.07231003414411,-1.49766230672033,-0.81286829083935,-1.49766230672033,-0.81286829083935
Chongqing,2009,0.0019952400259006,0.00490603655803741,0.00710953190322487,0.0101790158016724,0.510164976119995,407.420196533203,6.15917611323316,0.612895965576172,-168.187530517578,0.612895965576172,-168.187530517578,-1.58534584907805,-0.651508631634036,-1.81066864791234,-1.52039146851934,-0.467080670758273,-0.51030847560668,-1.80701377420988,-0.51030847560668,-1.80701377420988
Chongqing,2010,0.0019952400259006,0.00490603655803741,0.00710953190322487,0.0101790158016724,0.510164976119995,407.420196533203,0.801830712876392,0.00516700744628906,-23.262451171875,0.00516700744628906,-23.262451171875,-1.58534584907805,-0.651508631634036,-1.81066864791234,-1.52039146851934,-1.15529795192286,-1.92320163221726,-0.464867806791757,-1.92320163221726,-0.464867806791757
Chongqing,2011,0.0019952400259006,0.00490603655803741,0.00710953190322487,0.0101790158016724,0.510164976119995,407.420196533203,0.984085622480841,-0.235584259033203,-141.674987792969,-0.235584259033203,-141.674987792969,-1.58534584907805,-0.651508631634036,-1.81066864791234,-1.52039146851934,-1.13188505449076,-2.48291795361971,-1.56148206593353,-2.48291795361971,-1.56148206593353
Chongqing,2012,0.0019952400259006,0.00490603655803741,0.00710953190322487,0.0101790158016724,0.510164976119995,407.420196533203,1.44784026794722,0.188204606374105,-60.8395843505859,0.188204606374105,-60.8395843505859,-1.58534584907805,-0.651508631634036,-1.81066864791234,-1.52039146851934,-1.07231003414411,-1.49766230672033,-0.81286829083935,-1.49766230672033,-0.81286829083935
Chongqing,2013,0.0019952400259006,0.00490603655803741,0.00710953190322487,0.0101790158016724,0.510164976119995,407.420196533203,1.44784026794722,0.188204606374105,-60.8395843505859,0.188204606374105,-60.8395843505859,-1.58534584907805,-0.651508631634036,-1.81066864791234,-1.52039146851934,-1.07231003414411,-1.49766230672033,-0.81286829083935,-1.49766230672033,-0.81286829083935
Chongqing,2014,0.0019952400259006,0.00490603655803741,0.00710953190322487,0.0101790158016724,0.510164976119995,407.420196533203,1.44784026794722,0.188204606374105,-60.8395843505859,0.188204606374105,-60.8395843505859,-1.58534584907805,-0.651508631634036,-1.81066864791234,-1.52039146851934,-1.07231003414411,-1.49766230672033,-0.81286829083935,-1.49766230672033,-0.81286829083935
Chongqing,2015,0.0019952400259006,0.00490603655803741,0.00710953190322487,0.0101790158016724,0.510164976119995,407.420196533203,1.44784026794722,0.188204606374105,-60.8395843505859,0.188204606374105,-60.8395843505859,-1.58534584907805,-0.651508631634036,-1.81066864791234,-1.52039146851934,-1.07231003414411,-1.49766230672033,-0.81286829083935,-1.49766230672033,-0.81286829083935
Chongqing,2016,0.0019952400259006,0.00490603655803741,0.00710953190322487,0.0101790158016724,0.510164976119995,407.420196533203,1.44784026794722,0.188204606374105,-60.8395843505859,0.188204606374105,-60.8395843505859,-1.58534584907805,-0.651508631634036,-1.81066864791234,-1.52039146851934,-1.07231003414411,-1.49766230672033,-0.81286829083935,-1.49766230672033,-0.81286829083935
Chongqing,2017,0.0019952400259006,0.00490603655803741,0.00710953190322487,0.0101790158016724,0.510164976119995,407.420196533203,1.44784026794722,0.188204606374105,-60.8395843505859,0.188204606374105,-60.8395843505859,-1.58534584907805,-0.651508631634036,-1.81066864791234,-1.52039146851934,-1.07231003414411,-1.49766230672033,-0.81286829083935,-1.49766230672033,-0.81286829083935
Chongqing,2018,0.0019952400259006,0.00490603655803741,0.00710953190322487,0.0101790158016724,0.510164976119995,407.420196533203,1.44784026794722,0.188204606374105,-60.8395843505859,0.188204606374105,-60.8395843505859,-1.58534584907805,-0.651508631634036,-1.81066864791234,-1.52039146851934,-1.07231003414411,-1.49766230672033,-0.81286829083935,-1.49766230672033,-0.81286829083935
Chongqing,2019,0.0019952400259006,0.00490603655803741,0.00710953190322487,0.0101790158016724,0.510164976119995,407.420196533203,1.52868427833799,0.396166801452637,128.862487792969,0.396166801452637,128.862487792969,-1.58534584907805,-0.651508631634036,-1.81066864791234,-1.52039146851934,-1.06192462105764,-1.01417643965823,0.943955802601328,-1.01417643965823,0.943955802601328
Chongqing,2020,0.0019952400259006,0.00490603655803741,0.00710953190322487,0.0101790158016724,0.510164976119995,407.420196533203,1.44784026794722,0.188204606374105,-60.8395843505859,0.188204606374105,-60.8395843505859,-1.58534584907805,-0.651508631634036,-1.81066864791234,-1.52039146851934,-1.07231003414411,-1.49766230672033,-0.81286829083935,-1.49766230672033,-0.81286829083935
Chongqing,2021,0.0019952400259006,0.00490603655803741,0.00710953190322487,0.0101790158016724,0.510164976119995,407.420196533203,1.44784026794722,0.188204606374105,-60.8395843505859,0.188204606374105,-60.8395843505859,-1.58534584907805,-0.651508631634036,-1.81066864791234,-1.52039146851934,-1.07231003414411,-1.49766230672033,-0.81286829083935,-1.49766230672033,-0.81286829083935
Chongqing,2022,0.0019952400259006,0.00490603655803741,0.00710953190322487,0.0101790158016724,0.510164976119995,407.420196533203,1.44784026794722,0.188204606374105,-60.8395843505859,0.188204606374105,-60.8395843505859,-1.58534584907805,-0.651508631634036,-1.81066864791234,-1.52039146851934,-1.07231003414411,-1.49766230672033,-0.81286829083935,-1.49766230672033,-0.81286829083935
Chongqing,2023,0.0019952400259006,0.00490603655803741,0.00710953190322487,0.0101790158016724,0.510164976119995,407.420196533203,1.44784026794722,0.188204606374105,-60.8395843505859,0.188204606374105,-60.8395843505859,-1.58534584907805,-0.651508631634036,-1.81066864791234,-1.52039146851934,-1.07231003414411,-1.49766230672033,-0.81286829083935,-1.49766230672033,-0.81286829083935
Chongqing,2024,0.0019952400259006,0.00490603655803741,0.00710953190322487,0.0101790158016724,0.510164976119995,407.420196533203,1.44784026794722,0.188204606374105,-60.8395843505859,0.188204606374105,-60.8395843505859,-1.58534584907805,-0.651508631634036,-1.81066864791234,-1.52039146851934,-1.07231003414411,-1.49766230672033,-0.81286829083935,-1.49766230672033,-0.81286829083935
Fujian,2002,0.0363119075403054,0.000591234616477401,0.0768936195034331,0.21065370838633,0.580122947692871,508.344940185547,4.19755358569101,0.692801475524902,72.854150390625,0.692801475524902,72.854150390625,-0.275354388908587,-1.28468573574958,0.969940114613681,0.501738622489264,-0.719075347540986,-0.324538245849237,0.425264596595251,-0.324538245849237,0.425264596595251
Fujian,2003,0.0363119075403054,0.000591234616477401,0.0768936195034331,0.21065370838633,0.580122947692871,508.344940185547,4.19755358569101,0.692801475524902,72.854150390625,0.692801475524902,72.854150390625,-0.275354388908587,-1.28468573574958,0.969940114613681,0.501738622489264,-0.719075347540986,-0.324538245849237,0.425264596595251,-0.324538245849237,0.425264596595251
Fujian,2004,0.0363119075403054,0.000591234616477401,0.0768936195034331,0.21065370838633,0.580122947692871,508.344940185547,4.19755358569101,0.692801475524902,72.854150390625,0.692801475524902,72.854150390625,-0.275354388908587,-1.28468573574958,0.969940114613681,0.501738622489264,-0.719075347540986,-0.324538245849237,0.425264596595251,-0.324538245849237,0.425264596595251
Fujian,2005,0.0363119075403054,0.000591234616477401,0.0768936195034331,0.21065370838633,0.580122947692871,508.344940185547,1.639558206318,-0.0291671752929688,99.75,-0.0291671752929688,99.75,-0.275354388908587,-1.28468573574958,0.969940114613681,0.501738622489264,-1.04768149361968,-2.00302427548802,0.67434609619822,-2.00302427548802,0.67434609619822
Fujian,2006,0.0363119075403054,0.000591234616477401,0.0768936195034331,0.21065370838633,0.580122947692871,508.344940185547,2.41991389395166,0.488268534342448,286.379150390625,0.488268534342448,286.379150390625,-0.275354388908587,-1.28468573574958,0.969940114613681,0.501738622489264,-0.947435153398872,-0.800051530237378,2.40271197138222,-0.800051530237378,2.40271197138222
Fujian,2007,0.0363119075403054,0.000591234616477401,0.0768936195034331,0.21065370838633,0.580122947692871,508.344940185547,4.19755358569101,0.692801475524902,72.854150390625,0.692801475524902,72.854150390625,-0.275354388908587,-1.28468573574958,0.969940114613681,0.501738622489264,-0.719075347540986,-0.324538245849237,0.425264596595251,-0.324538245849237,0.425264596595251
Fujian,2008,0.0363119075403054,0.000591234616477401,0.0768936195034331,0.21065370838633,0.580122947692871,508.344940185547,4.19755358569101,0.692801475524902,72.854150390625,0.692801475524902,72.854150390625,-0.275354388908587,-1.28468573574958,0.969940114613681,0.501738622489264,-0.719075347540986,-0.324538245849237,0.425264596595251,-0.324538245849237,0.425264596595251
Fujian,2009,0.0363119075403054,0.000591234616477401,0.0768936195034331,0.21065370838633,0.580122947692871,508.344940185547,2.93784597947671,0.279760360717773,-253.599975585938,0.279760360717773,-253.599975585938,-0.275354388908587,-1.28468573574958,0.969940114613681,0.501738622489264,-0.880900370761148,-1.28480672853864,-2.59801536781514,-1.28480672853864,-2.59801536781514
Fujian,2010,0.0363119075403054,0.000591234616477401,0.0768936195034331,0.21065370838633,0.580122947692871,508.344940185547,4.19755358569101,0.692801475524902,72.854150390625,0.692801475524902,72.854150390625,-0.275354388908587,-1.28468573574958,0.969940114613681,0.501738622489264,-0.719075347540986,-0.324538245849237,0.425264596595251,-0.324538245849237,0.425264596595251
Fujian,2011,0.0363119075403054,0.000591234616477401,0.0768936195034331,0.21065370838633,0.580122947692871,508.344940185547,4.19755358569101,0.692801475524902,72.854150390625,0.692801475524902,72.854150390625,-0.275354388908587,-1.28468573574958,0.969940114613681,0.501738622489264,-0.719075347540986,-0.324538245849237,0.425264596595251,-0.324538245849237,0.425264596595251
Fujian,2012,0.0363119075403054,0.000591234616477401,0.0768936195034331,0.21065370838633,0.580122947692871,508.344940185547,4.19755358569101,0.692801475524902,72.854150390625,0.692801475524902,72.854150390625,-0.275354388908587,-1.28468573574958,0.969940114613681,0.501738622489264,-0.719075347540986,-0.324538245849237,0.425264596595251,-0.324538245849237,0.425264596595251
Fujian,2013,0.0363119075403054,0.000591234616477401,0.0768936195034331,0.21065370838633,0.580122947692871,508.344940185547,4.19755358569101,0.692801475524902,72.854150390625,0.692801475524902,72.854150390625,-0.275354388908587,-1.28468573574958,0.969940114613681,0.501738622489264,-0.719075347540986,-0.324538245849237,0.425264596595251,-0.324538245849237,0.425264596595251
Fujian,2014,0.0363119075403054,0.000591234616477401,0.0768936195034331,0.21065370838633,0.580122947692871,508.344940185547,4.19755358569101,0.692801475524902,72.854150390625,0.692801475524902,72.854150390625,-0.275354388908587,-1.28468573574958,0.969940114613681,0.501738622489264,-0.719075347540986,-0.324538245849237,0.425264596595251,-0.324538245849237,0.425264596595251
Fujian,2015,0.0363119075403054,0.000591234616477401,0.0768936195034331,0.21065370838633,0.580122947692871,508.344940185547,4.19755358569101,0.692801475524902,72.854150390625,0.692801475524902,72.854150390625,-0.275354388908587,-1.28468573574958,0.969940114613681,0.501738622489264,-0.719075347540986,-0.324538245849237,0.425264596595251,-0.324538245849237,0.425264596595251
Fujian,2016,0.0363119075403054,0.000591234616477401,0.0768936195034331,0.21065370838633,0.580122947692871,508.344940185547,4.19755358569101,0.692801475524902,72.854150390625,0.692801475524902,72.854150390625,-0.275354388908587,-1.28468573574958,0.969940114613681,0.501738622489264,-0.719075347540986,-0.324538245849237,0.425264596595251,-0.324538245849237,0.425264596595251
Fujian,2017,0.0363119075403054,0.000591234616477401,0.0768936195034331,0.21065370838633,0.580122947692871,508.344940185547,4.19755358569101,0.692801475524902,72.854150390625,0.692801475524902,72.854150390625,-0.275354388908587,-1.28468573574958,0.969940114613681,0.501738622489264,-0.719075347540986,-0.324538245849237,0.425264596595251,-0.324538245849237,0.425264596595251
Fujian,2018,0.0363119075403054,0.000591234616477401,0.0768936195034331,0.21065370838633,0.580122947692871,508.344940185547,4.19755358569101,0.692801475524902,72.854150390625,0.692801475524902,72.854150390625,-0.275354388908587,-1.28468573574958,0.969940114613681,0.501738622489264,-0.719075347540986,-0.324538245849237,0.425264596595251,-0.324538245849237,0.425264596595251
Fujian,2019,0.0363119075403054,0.000591234616477401,0.0768936195034331,0.21065370838633,0.580122947692871,508.344940185547,4.19755358569101,0.692801475524902,72.854150390625,0.692801475524902,72.854150390625,-0.275354388908587,-1.28468573574958,0.969940114613681,0.501738622489264,-0.719075347540986,-0.324538245849237,0.425264596595251,-0.324538245849237,0.425264596595251
Fujian,2020,0.0363119075403054,0.000591234616477401,0.0768936195034331,0.21065370838633,0.580122947692871,508.344940185547,11.3094951978049,1.2619161605835,132.39990234375,1.2619161605835,132.39990234375,-0.275354388908587,-1.28468573574958,0.969940114613681,0.501738622489264,0.194541519455179,0.998581597444491,0.976715672016973,0.998581597444491,0.976715672016973
Fujian,2021,0.0363119075403054,0.000591234616477401,0.0768936195034331,0.21065370838633,0.580122947692871,508.344940185547,4.19755358569101,0.692801475524902,72.854150390625,0.692801475524902,72.854150390625,-0.275354388908587,-1.28468573574958,0.969940114613681,0.501738622489264,-0.719075347540986,-0.324538245849237,0.425264596595251,-0.324538245849237,0.425264596595251
Fujian,2022,0.0363119075403054,0.000591234616477401,0.0768936195034331,0.21065370838633,0.580122947692871,508.344940185547,4.19755358569101,0.692801475524902,72.854150390625,0.692801475524902,72.854150390625,-0.275354388908587,-1.28468573574958,0.969940114613681,0.501738622489264,-0.719075347540986,-0.324538245849237,0.425264596595251,-0.324538245849237,0.425264596595251
Fujian,2023,0.0363119075403054,0.000591234616477401,0.0768936195034331,0.21065370838633,0.580122947692871,508.344940185547,4.19755358569101,0.692801475524902,72.854150390625,0.692801475524902,72.854150390625,-0.275354388908587,-1.28468573574958,0.969940114613681,0.501738622489264,-0.719075347540986,-0.324538245849237,0.425264596595251,-0.324538245849237,0.425264596595251
Fujian,2024,0.0363119075403054,0.000591234616477401,0.0768936195034331,0.21065370838633,0.580122947692871,508.344940185547,15.7126585567237,1.46322949727376,99.3416748046875,1.46322949727376,99.3416748046875,-0.275354388908587,-1.28468573574958,0.969940114613681,0.501738622489264,0.760182315211391,1.46660970757337,0.670564611193981,1.46660970757337,0.670564611193981
Gansu,2002,0.0823993028940886,0.0165490259941173,0.0604800763272079,0.170586572735392,0.207024291157722,101.736473083496,6.0775915703302,0.817510258687867,9.6021646033393,0.817510258687867,9.6021646033393,1.48396837486406,1.05704588239298,0.315927952967609,0.0975930437346187,-0.477561214405503,-0.0346060582464078,-0.160509777577004,-0.0346060582464078,-0.160509777577004
Gansu,2003,0.0823993028940886,0.0165490259941173,0.0604800763272079,0.170586572735392,0.207024291157722,101.736473083496,6.0775915703302,0.817510258687867,9.6021646033393,0.817510258687867,9.6021646033393,1.48396837486406,1.05704588239298,0.315927952967609,0.0975930437346187,-0.477561214405503,-0.0346060582464078,-0.160509777577004,-0.0346060582464078,-0.160509777577004
Gansu,2004,0.0823993028940886,0.0165490259941173,0.0604800763272079,0.170586572735392,0.207024291157722,101.736473083496,6.0775915703302,0.817510258687867,9.6021646033393,0.817510258687867,9.6021646033393,1.48396837486406,1.05704588239298,0.315927952967609,0.0975930437346187,-0.477561214405503,-0.0346060582464078,-0.160509777577004,-0.0346060582464078,-0.160509777577004
Gansu,2005,0.0823993028940886,0.0165490259941173,0.0604800763272079,0.170586572735392,0.207024291157722,101.736473083496,6.0775915703302,0.817510258687867,9.6021646033393,0.817510258687867,9.6021646033393,1.48396837486406,1.05704588239298,0.315927952967609,0.0975930437346187,-0.477561214405503,-0.0346060582464078,-0.160509777577004,-0.0346060582464078,-0.160509777577004
Gansu,2006,0.0823993028940886,0.0165490259941173,0.0604800763272079,0.170586572735392,0.207024291157722,101.736473083496,6.0775915703302,0.817510258687867,9.6021646033393,0.817510258687867,9.6021646033393,1.48396837486406,1.05704588239298,0.315927952967609,0.0975930437346187,-0.477561214405503,-0.0346060582464078,-0.160509777577004,-0.0346060582464078,-0.160509777577004
Gansu,2007,0.0823993028940886,0.0165490259941173,0.0604800763272079,0.170586572735392,0.207024291157722,101.736473083496,7.48905455618185,0.915416717529297,-1,0.915416717529297,-1,1.48396837486406,1.05704588239298,0.315927952967609,0.0975930437346187,-0.296241335623266,0.193014106688151,-0.258696044112223,0.193014106688151,-0.258696044112223
Gansu,2008,0.0823993028940886,0.0165490259941173,0.0604800763272079,0.170586572735392,0.207024291157722,101.736473083496,2.00429030371138,0.147611141204834,-20.7833455403646,0.147611141204834,-20.7833455403646,1.48396837486406,1.05704588239298,0.315927952967609,0.0975930437346187,-1.00082714437335,-1.59203699197025,-0.441908898360192,-1.59203699197025,-0.441908898360192
Gansu,2009,0.0823993028940886,0.0165490259941173,0.0604800763272079,0.170586572735392,0.207024291157722,101.736473083496,8.70856746804249,0.994667053222656,-6.57500076293945,0.994667053222656,-6.57500076293945,1.48396837486406,1.05704588239298,0.315927952967609,0.0975930437346187,-0.139579818057132,0.377261138958593,-0.310325926435652,0.377261138958593,-0.310325926435652
Gansu,2010,0.0823993028940886,0.0165490259941173,0.0604800763272079,0.170586572735392,0.207024291157722,101.736473083496,6.0775915703302,0.817510258687867,9.6021646033393,0.817510258687867,9.6021646033393,1.48396837486406,1.05704588239298,0.315927952967609,0.0975930437346187,-0.477561214405503,-0.0346060582464078,-0.160509777577004,-0.0346060582464078,-0.160509777577004
Gansu,2011,0.0823993028940886,0.0165490259941173,0.0604800763272079,0.170586572735392,0.207024291157722,101.736473083496,3.19396471097484,0.371082305908203,-61.7249755859375,0.371082305908203,-61.7249755859375,1.48396837486406,1.05704588239298,0.315927952967609,0.0975930437346187,-0.847998751792314,-1.07249472714089,-0.821067867347981,-1.07249472714089,-0.821067867347981
Gansu,2012,0.0823993028940886,0.0165490259941173,0.0604800763272079,0.170586572735392,0.207024291157722,101.736473083496,6.0775915703302,0.817510258687867,9.6021646033393,0.817510258687867,9.6021646033393,1.48396837486406,1.05704588239298,0.315927952967609,0.0975930437346187,-0.477561214405503,-0.0346060582464078,-0.160509777577004,-0.0346060582464078,-0.160509777577004
Gansu,2013,0.0823993028940886,0.0165490259941173,0.0604800763272079,0.170586572735392,0.207024291157722,101.736473083496,6.0775915703302,0.817510258687867,9.6021646033393,0.817510258687867,9.6021646033393,1.48396837486406,1.05704588239298,0.315927952967609,0.0975930437346187,-0.477561214405503,-0.0346060582464078,-0.160509777577004,-0.0346060582464078,-0.160509777577004
Gansu,2014,0.0823993028940886,0.0165490259941173,0.0604800763272079,0.170586572735392,0.207024291157722,101.736473083496,2.69839406329463,0.419583320617676,7.34999847412109,0.419583320617676,7.34999847412109,1.48396837486406,1.05704588239298,0.315927952967609,0.0975930437346187,-0.911660931152401,-0.959735986825878,-0.181367007408671,-0.959735986825878,-0.181367007408671
Gansu,2015,0.0823993028940886,0.0165490259941173,0.0604800763272079,0.170586572735392,0.207024291157722,101.736473083496,5.24025274586377,0.721229314804077,-4.69374084472656,0.721229314804077,-4.69374084472656,1.48396837486406,1.05704588239298,0.315927952967609,0.0975930437346187,-0.585127743371409,-0.258447105979303,-0.292903645735209,-0.258447105979303,-0.292903645735209
Gansu,2016,0.0823993028940886,0.0165490259941173,0.0604800763272079,0.170586572735392,0.207024291157722,101.736473083496,9.08272981094812,0.857750177383423,-126.868759155273,0.857750177383423,-126.868759155273,1.48396837486406,1.05704588239298,0.315927952967609,0.0975930437346187,-0.0915140371329574,0.0589466760555276,-1.42436211300012,0.0589466760555276,-1.42436211300012
Gansu,2017,0.0823993028940886,0.0165490259941173,0.0604800763272079,0.170586572735392,0.207024291157722,101.736473083496,4.38775248188686,0.695457935333252,36.1625061035156,0.695457935333252,36.1625061035156,1.48396837486406,1.05704588239298,0.315927952967609,0.0975930437346187,-0.69464194677282,-0.318362311933602,0.0854645934473212,-0.318362311933602,0.0854645934473212
Gansu,2018,0.0823993028940886,0.0165490259941173,0.0604800763272079,0.170586572735392,0.207024291157722,101.736473083496,3.62327483113145,0.569333076477051,12.5499877929688,0.569333076477051,12.5499877929688,1.48396837486406,1.05704588239298,0.315927952967609,0.0975930437346187,-0.792848556762712,-0.611586696871199,-0.133210092632998,-0.611586696871199,-0.133210092632998
Gansu,2019,0.0823993028940886,0.0165490259941173,0.0604800763272079,0.170586572735392,0.207024291157722,101.736473083496,4.27714513841111,0.774625346064568,98.8124961853027,0.774625346064568,98.8124961853027,1.48396837486406,1.05704588239298,0.315927952967609,0.0975930437346187,-0.708850828133848,-0.134308069738104,0.665663906959367,-0.134308069738104,0.665663906959367
Gansu,2020,0.0823993028940886,0.0165490259941173,0.0604800763272079,0.170586572735392,0.207024291157722,101.736473083496,6.75000294095048,0.886350059509277,19.5149978637695,0.886350059509277,19.5149978637695,1.48396837486406,1.05704588239298,0.315927952967609,0.0975930437346187,-0.391181656857912,0.125437793839079,-0.0687073839109759,0.125437793839079,-0.0687073839109759
Gansu,2021,0.0823993028940886,0.0165490259941173,0.0604800763272079,0.170586572735392,0.207024291157722,101.736473083496,5.87763169435058,1.10575008392334,246.833302815755,1.10575008392334,246.833302815755,1.48396837486406,1.05704588239298,0.315927952967609,0.0975930437346187,-0.503248533759514,0.635515171110564,2.03647929384726,0.635515171110564,2.03647929384726
Gansu,2022,0.0823993028940886,0.0165490259941173,0.0604800763272079,0.170586572735392,0.207024291157722,101.736473083496,8.69141079883121,1.00159712632497,-0.374995549519856,1.00159712632497,-0.374995549519856,1.48396837486406,1.05704588239298,0.315927952967609,0.0975930437346187,-0.141783804426508,0.393372684623954,-0.252907900289101,0.393372684623954,-0.252907900289101
Gansu,2023,0.0823993028940886,0.0165490259941173,0.0604800763272079,0.170586572735392,0.207024291157722,101.736473083496,14.2469020021376,1.32781667709351,3.9750015258789,1.32781667709351,3.9750015258789,1.48396837486406,1.05704588239298,0.315927952967609,0.0975930437346187,0.571887755973295,1.15179198432587,-0.21262273322633,1.15179198432587,-0.21262273322633
Gansu,2024,0.0823993028940886,0.0165490259941173,0.0604800763272079,0.170586572735392,0.207024291157722,101.736473083496,19.0145370507671,1.47438354492188,-59.1450042724609,1.47438354492188,-59.1450042724609,1.48396837486406,1.05704588239298,0.315927952967609,0.0975930437346187,1.18434944838802,1.49254146116138,-0.797174845449561,1.49254146116138,-0.797174845449561
Guangdong,2002,0.0242739372407283,0.00357122120546872,0.0586741474778168,0.162594727376706,0.669832527637482,558.830200195313,5.91692193593073,0.646928405761719,71.2033365885417,0.646928405761719,71.2033365885417,-0.734887304906337,-0.847386572479414,0.243969118857975,0.0169816170546122,-0.498201216251334,-0.431187345705476,0.409976469119819,-0.431187345705476,0.409976469119819
Guangdong,2003,0.0242739372407283,0.00357122120546872,0.0586741474778168,0.162594727376706,0.669832527637482,558.830200195313,5.91692193593073,0.646928405761719,71.2033365885417,0.646928405761719,71.2033365885417,-0.734887304906337,-0.847386572479414,0.243969118857975,0.0169816170546122,-0.498201216251334,-0.431187345705476,0.409976469119819,-0.431187345705476,0.409976469119819
Guangdong,2004,0.0242739372407283,0.00357122120546872,0.0586741474778168,0.162594727376706,0.669832527637482,558.830200195313,5.91692193593073,0.646928405761719,71.2033365885417,0.646928405761719,71.2033365885417,-0.734887304906337,-0.847386572479414,0.243969118857975,0.0169816170546122,-0.498201216251334,-0.431187345705476,0.409976469119819,-0.431187345705476,0.409976469119819
Guangdong,2005,0.0242739372407283,0.00357122120546872,0.0586741474778168,0.162594727376706,0.669832527637482,558.830200195313,5.91692193593073,0.646928405761719,71.2033365885417,0.646928405761719,71.2033365885417,-0.734887304906337,-0.847386572479414,0.243969118857975,0.0169816170546122,-0.498201216251334,-0.431187345705476,0.409976469119819,-0.431187345705476,0.409976469119819
Guangdong,2006,0.0242739372407283,0.00357122120546872,0.0586741474778168,0.162594727376706,0.669832527637482,558.830200195313,5.91692193593073,0.646928405761719,71.2033365885417,0.646928405761719,71.2033365885417,-0.734887304906337,-0.847386572479414,0.243969118857975,0.0169816170546122,-0.498201216251334,-0.431187345705476,0.409976469119819,-0.431187345705476,0.409976469119819
Guangdong,2007,0.0242739372407283,0.00357122120546872,0.0586741474778168,0.162594727376706,0.669832527637482,558.830200195313,5.91692193593073,0.646928405761719,71.2033365885417,0.646928405761719,71.2033365885417,-0.734887304906337,-0.847386572479414,0.243969118857975,0.0169816170546122,-0.498201216251334,-0.431187345705476,0.409976469119819,-0.431187345705476,0.409976469119819
Guangdong,2008,0.0242739372407283,0.00357122120546872,0.0586741474778168,0.162594727376706,0.669832527637482,558.830200195313,1.60384958197042,-0.300664901733398,-36.8499755859375,-0.300664901733398,-36.8499755859375,-0.734887304906337,-0.847386572479414,0.243969118857975,0.0169816170546122,-1.05226870809366,-2.63422223732849,-0.590701383574062,-2.63422223732849,-0.590701383574062
Guangdong,2009,0.0242739372407283,0.00357122120546872,0.0586741474778168,0.162594727376706,0.669832527637482,558.830200195313,5.91692193593073,0.646928405761719,71.2033365885417,0.646928405761719,71.2033365885417,-0.734887304906337,-0.847386572479414,0.243969118857975,0.0169816170546122,-0.498201216251334,-0.431187345705476,0.409976469119819,-0.431187345705476,0.409976469119819
Guangdong,2010,0.0242739372407283,0.00357122120546872,0.0586741474778168,0.162594727376706,0.669832527637482,558.830200195313,5.91692193593073,0.646928405761719,71.2033365885417,0.646928405761719,71.2033365885417,-0.734887304906337,-0.847386572479414,0.243969118857975,0.0169816170546122,-0.498201216251334,-0.431187345705476,0.409976469119819,-0.431187345705476,0.409976469119819
Guangdong,2011,0.0242739372407283,0.00357122120546872,0.0586741474778168,0.162594727376706,0.669832527637482,558.830200195313,5.91692193593073,0.646928405761719,71.2033365885417,0.646928405761719,71.2033365885417,-0.734887304906337,-0.847386572479414,0.243969118857975,0.0169816170546122,-0.498201216251334,-0.431187345705476,0.409976469119819,-0.431187345705476,0.409976469119819
Guangdong,2012,0.0242739372407283,0.00357122120546872,0.0586741474778168,0.162594727376706,0.669832527637482,558.830200195313,5.91692193593073,0.646928405761719,71.2033365885417,0.646928405761719,71.2033365885417,-0.734887304906337,-0.847386572479414,0.243969118857975,0.0169816170546122,-0.498201216251334,-0.431187345705476,0.409976469119819,-0.431187345705476,0.409976469119819
Guangdong,2013,0.0242739372407283,0.00357122120546872,0.0586741474778168,0.162594727376706,0.669832527637482,558.830200195313,5.91692193593073,0.646928405761719,71.2033365885417,0.646928405761719,71.2033365885417,-0.734887304906337,-0.847386572479414,0.243969118857975,0.0169816170546122,-0.498201216251334,-0.431187345705476,0.409976469119819,-0.431187345705476,0.409976469119819
Guangdong,2014,0.0242739372407283,0.00357122120546872,0.0586741474778168,0.162594727376706,0.669832527637482,558.830200195313,4.27033598817614,0.469083786010742,37.8499755859375,0.469083786010742,37.8499755859375,-0.734887304906337,-0.847386572479414,0.243969118857975,0.0169816170546122,-0.709725547703252,-0.844653649762132,0.101092187865063,-0.844653649762132,0.101092187865063
Guangdong,2015,0.0242739372407283,0.00357122120546872,0.0586741474778168,0.162594727376706,0.669832527637482,558.830200195313,5.91692193593073,0.646928405761719,71.2033365885417,0.646928405761719,71.2033365885417,-0.734887304906337,-0.847386572479414,0.243969118857975,0.0169816170546122,-0.498201216251334,-0.431187345705476,0.409976469119819,-0.431187345705476,0.409976469119819
Guangdong,2016,0.0242739372407283,0.00357122120546872,0.0586741474778168,0.162594727376706,0.669832527637482,558.830200195313,5.91692193593073,0.646928405761719,71.2033365885417,0.646928405761719,71.2033365885417,-0.734887304906337,-0.847386572479414,0.243969118857975,0.0169816170546122,-0.498201216251334,-0.431187345705476,0.409976469119819,-0.431187345705476,0.409976469119819
Guangdong,2017,0.0242739372407283,0.00357122120546872,0.0586741474778168,0.162594727376706,0.669832527637482,558.830200195313,5.91692193593073,0.646928405761719,71.2033365885417,0.646928405761719,71.2033365885417,-0.734887304906337,-0.847386572479414,0.243969118857975,0.0169816170546122,-0.498201216251334,-0.431187345705476,0.409976469119819,-0.431187345705476,0.409976469119819
Guangdong,2018,0.0242739372407283,0.00357122120546872,0.0586741474778168,0.162594727376706,0.669832527637482,558.830200195313,5.91692193593073,0.646928405761719,71.2033365885417,0.646928405761719,71.2033365885417,-0.734887304906337,-0.847386572479414,0.243969118857975,0.0169816170546122,-0.498201216251334,-0.431187345705476,0.409976469119819,-0.431187345705476,0.409976469119819
Guangdong,2019,0.0242739372407283,0.00357122120546872,0.0586741474778168,0.162594727376706,0.669832527637482,558.830200195313,5.91692193593073,0.646928405761719,71.2033365885417,0.646928405761719,71.2033365885417,-0.734887304906337,-0.847386572479414,0.243969118857975,0.0169816170546122,-0.498201216251334,-0.431187345705476,0.409976469119819,-0.431187345705476,0.409976469119819
Guangdong,2020,0.0242739372407283,0.00357122120546872,0.0586741474778168,0.162594727376706,0.669832527637482,558.830200195313,5.91692193593073,0.646928405761719,71.2033365885417,0.646928405761719,71.2033365885417,-0.734887304906337,-0.847386572479414,0.243969118857975,0.0169816170546122,-0.498201216251334,-0.431187345705476,0.409976469119819,-0.431187345705476,0.409976469119819
Guangdong,2021,0.0242739372407283,0.00357122120546872,0.0586741474778168,0.162594727376706,0.669832527637482,558.830200195313,5.91692193593073,0.646928405761719,71.2033365885417,0.646928405761719,71.2033365885417,-0.734887304906337,-0.847386572479414,0.243969118857975,0.0169816170546122,-0.498201216251334,-0.431187345705476,0.409976469119819,-0.431187345705476,0.409976469119819
Guangdong,2022,0.0242739372407283,0.00357122120546872,0.0586741474778168,0.162594727376706,0.669832527637482,558.830200195313,4.86477564392231,0.553249359130859,91.10009765625,0.553249359130859,91.10009765625,-0.734887304906337,-0.847386572479414,0.243969118857975,0.0169816170546122,-0.633362421355864,-0.648979310580477,0.594239660503045,-0.648979310580477,0.594239660503045
Guangdong,2023,0.0242739372407283,0.00357122120546872,0.0586741474778168,0.162594727376706,0.669832527637482,558.830200195313,17.0046426286126,1.31963920593262,74.1416829427083,1.31963920593262,74.1416829427083,-0.734887304906337,-0.847386572479414,0.243969118857975,0.0169816170546122,0.926153649671945,1.13278039554597,0.437188389430142,1.13278039554597,0.437188389430142
Guangdong,2024,0.0242739372407283,0.00357122120546872,0.0586741474778168,0.162594727376706,0.669832527637482,558.830200195313,13.0238905603336,1.19333457946777,189.77490234375,1.19333457946777,189.77490234375,-0.734887304906337,-0.847386572479414,0.243969118857975,0.0169816170546122,0.414776808962954,0.839138073597749,1.50806349137491,0.839138073597749,1.50806349137491
Guangxi,2002,0.0366689971097029,0.0184285914879468,0.0800731827586212,0.233121858022171,0.635746479034424,495.694396972656,3.26891034321184,0.421333312988281,316.300048828125,0.421333312988281,316.300048828125,-0.261722987018242,1.33286337123656,1.09663262794182,0.728368332614555,-0.838371058336172,-0.955667475343131,2.67980833980045,-0.955667475343131,2.67980833980045
Guangxi,2003,0.0366689971097029,0.0184285914879468,0.0800731827586212,0.233121858022171,0.635746479034424,495.694396972656,7.84832676394165,0.55133867263794,-230.174987792969,0.55133867263794,-230.174987792969,-0.261722987018242,1.33286337123656,1.09663262794182,0.728368332614555,-0.250088376733219,-0.653421415624446,-2.38107739513923,-0.653421415624446,-2.38107739513923
Guangxi,2004,0.0366689971097029,0.0184285914879468,0.0800731827586212,0.233121858022171,0.635746479034424,495.694396972656,9.05158413127919,0.314748764038086,-560.174987792969,0.314748764038086,-560.174987792969,-0.261722987018242,1.33286337123656,1.09663262794182,0.728368332614555,-0.0955150849243401,-1.20346310495335,-5.43719557183845,-1.20346310495335,-5.43719557183845
Guangxi,2005,0.0366689971097029,0.0184285914879468,0.0800731827586212,0.233121858022171,0.635746479034424,495.694396972656,1.40762365282313,0.0475559234619141,-27.2833658854167,0.0475559234619141,-27.2833658854167,-0.261722987018242,1.33286337123656,1.09663262794182,0.728368332614555,-1.07747635579223,-1.82465275026351,-0.502105353891793,-1.82465275026351,-0.502105353891793
Guangxi,2006,0.0366689971097029,0.0184285914879468,0.0800731827586212,0.233121858022171,0.635746479034424,495.694396972656,6.17824163041287,0.51730579800076,-128.700032552083,0.51730579800076,-128.700032552083,-0.261722987018242,1.33286337123656,1.09663262794182,0.728368332614555,-0.464631469256995,-0.732543555570887,-1.44132147031678,-0.732543555570887,-1.44132147031678
Guangxi,2007,0.0366689971097029,0.0184285914879468,0.0800731827586212,0.233121858022171,0.635746479034424,495.694396972656,4.56246216940262,0.489415357983302,25.6715741838728,0.489415357983302,25.6715741838728,-0.261722987018242,1.33286337123656,1.09663262794182,0.728368332614555,-0.672198326444139,-0.797385309955581,-0.0116915511894501,-0.797385309955581,-0.0116915511894501
Guangxi,2008,0.0366689971097029,0.0184285914879468,0.0800731827586212,0.233121858022171,0.635746479034424,495.694396972656,1.77711703777104,0.0891110102335612,194.758341471354,0.0891110102335612,194.758341471354,-0.261722987018242,1.33286337123656,1.09663262794182,0.728368332614555,-1.03001036026762,-1.72804241610617,1.55421494258807,-1.72804241610617,1.55421494258807
Guangxi,2009,0.0366689971097029,0.0184285914879468,0.0800731827586212,0.233121858022171,0.635746479034424,495.694396972656,4.56246216940262,0.489415357983302,25.6715741838728,0.489415357983302,25.6715741838728,-0.261722987018242,1.33286337123656,1.09663262794182,0.728368332614555,-0.672198326444139,-0.797385309955581,-0.0116915511894501,-0.797385309955581,-0.0116915511894501
Guangxi,2010,0.0366689971097029,0.0184285914879468,0.0800731827586212,0.233121858022171,0.635746479034424,495.694396972656,1.36787024055687,0.0270833969116211,-65.2249755859375,0.0270833969116211,-65.2249755859375,-0.261722987018242,1.33286337123656,1.09663262794182,0.728368332614555,-1.08258317330395,-1.87224879168047,-0.853481241949336,-1.87224879168047,-0.853481241949336
Guangxi,2011,0.0366689971097029,0.0184285914879468,0.0800731827586212,0.233121858022171,0.635746479034424,495.694396972656,4.56246216940262,0.489415357983302,25.6715741838728,0.489415357983302,25.6715741838728,-0.261722987018242,1.33286337123656,1.09663262794182,0.728368332614555,-0.672198326444139,-0.797385309955581,-0.0116915511894501,-0.797385309955581,-0.0116915511894501
Guangxi,2012,0.0366689971097029,0.0184285914879468,0.0800731827586212,0.233121858022171,0.635746479034424,495.694396972656,4.56246216940262,0.489415357983302,25.6715741838728,0.489415357983302,25.6715741838728,-0.261722987018242,1.33286337123656,1.09663262794182,0.728368332614555,-0.672198326444139,-0.797385309955581,-0.0116915511894501,-0.797385309955581,-0.0116915511894501
Guangxi,2013,0.0366689971097029,0.0184285914879468,0.0800731827586212,0.233121858022171,0.635746479034424,495.694396972656,2.2721224579572,0.238020579020182,71.2250162760417,0.238020579020182,71.2250162760417,-0.261722987018242,1.33286337123656,1.09663262794182,0.728368332614555,-0.966420791370384,-1.3818464550977,0.410177243929012,-1.3818464550977,0.410177243929012
Guangxi,2014,0.0366689971097029,0.0184285914879468,0.0800731827586212,0.233121858022171,0.635746479034424,495.694396972656,3.20685691164559,0.343389511108398,16.7250162760417,0.343389511108398,16.7250162760417,-0.261722987018242,1.33286337123656,1.09663262794182,0.728368332614555,-0.846342589153769,-1.13687698132945,-0.0945453034349494,-1.13687698132945,-0.0945453034349494
Guangxi,2015,0.0366689971097029,0.0184285914879468,0.0800731827586212,0.233121858022171,0.635746479034424,495.694396972656,6.72028379020424,0.750917434692383,163.824951171875,0.750917434692383,163.824951171875,-0.261722987018242,1.33286337123656,1.09663262794182,0.728368332614555,-0.394999449364577,-0.18942597269005,1.2677419233118,-0.18942597269005,1.2677419233118
Guangxi,2016,0.0366689971097029,0.0184285914879468,0.0800731827586212,0.233121858022171,0.635746479034424,495.694396972656,4.56246216940262,0.489415357983302,25.6715741838728,0.489415357983302,25.6715741838728,-0.261722987018242,1.33286337123656,1.09663262794182,0.728368332614555,-0.672198326444139,-0.797385309955581,-0.0116915511894501,-0.797385309955581,-0.0116915511894501
Guangxi,2017,0.0366689971097029,0.0184285914879468,0.0800731827586212,0.233121858022171,0.635746479034424,495.694396972656,3.19352940111244,0.340240478515625,407.449951171875,0.340240478515625,407.449951171875,-0.261722987018242,1.33286337123656,1.09663262794182,0.728368332614555,-0.848054672728446,-1.14419808482593,3.52394431967043,-1.14419808482593,3.52394431967043
Guangxi,2018,0.0366689971097029,0.0184285914879468,0.0800731827586212,0.233121858022171,0.635746479034424,495.694396972656,4.56246216940262,0.489415357983302,25.6715741838728,0.489415357983302,25.6715741838728,-0.261722987018242,1.33286337123656,1.09663262794182,0.728368332614555,-0.672198326444139,-0.797385309955581,-0.0116915511894501,-0.797385309955581,-0.0116915511894501
Guangxi,2019,0.0366689971097029,0.0184285914879468,0.0800731827586212,0.233121858022171,0.635746479034424,495.694396972656,11.4787469618337,0.960227966308594,16.5999755859375,0.960227966308594,16.5999755859375,-0.261722987018242,1.33286337123656,1.09663262794182,0.728368332614555,0.216284002003435,0.297194606716112,-0.0957033007860232,0.297194606716112,-0.0957033007860232
Guangxi,2020,0.0366689971097029,0.0184285914879468,0.0800731827586212,0.233121858022171,0.635746479034424,495.694396972656,4.56246216940262,0.489415357983302,25.6715741838728,0.489415357983302,25.6715741838728,-0.261722987018242,1.33286337123656,1.09663262794182,0.728368332614555,-0.672198326444139,-0.797385309955581,-0.0116915511894501,-0.797385309955581,-0.0116915511894501
Guangxi,2021,0.0366689971097029,0.0184285914879468,0.0800731827586212,0.233121858022171,0.635746479034424,495.694396972656,13.8795048738119,0.966707706451416,-133.922912597656,0.966707706451416,-133.922912597656,-0.261722987018242,1.33286337123656,1.09663262794182,0.728368332614555,0.524691050540192,0.312259185064626,-1.48969037529252,0.312259185064626,-1.48969037529252
Guangxi,2022,0.0366689971097029,0.0184285914879468,0.0800731827586212,0.233121858022171,0.635746479034424,495.694396972656,4.56246216940262,0.489415357983302,25.6715741838728,0.489415357983302,25.6715741838728,-0.261722987018242,1.33286337123656,1.09663262794182,0.728368332614555,-0.672198326444139,-0.797385309955581,-0.0116915511894501,-0.797385309955581,-0.0116915511894501
Guangxi,2023,0.0366689971097029,0.0184285914879468,0.0800731827586212,0.233121858022171,0.635746479034424,495.694396972656,4.56246216940262,0.489415357983302,25.6715741838728,0.489415357983302,25.6715741838728,-0.261722987018242,1.33286337123656,1.09663262794182,0.728368332614555,-0.672198326444139,-0.797385309955581,-0.0116915511894501,-0.797385309955581,-0.0116915511894501
Guangxi,2024,0.0366689971097029,0.0184285914879468,0.0800731827586212,0.233121858022171,0.635746479034424,495.694396972656,13.8168962250196,1.28383445739746,318,1.28383445739746,318,-0.261722987018242,1.33286337123656,1.09663262794182,0.728368332614555,0.516648195202486,1.04953887232622,2.69555152669702,1.04953887232622,2.69555152669702
Guizhou,2002,0.0298168180438408,0.00441322620023696,0.0560273132062786,0.144323990786465,0.484035521745682,380.364501953125,2.84767306088447,0.56220513735062,68.7006332201836,0.56220513735062,68.7006332201836,-0.523295473800748,-0.72382625813381,0.138503663601794,-0.167310004833855,-0.892484197494457,-0.628158256079865,0.386799022892771,-0.628158256079865,0.386799022892771
Guizhou,2003,0.0298168180438408,0.00441322620023696,0.0560273132062786,0.144323990786465,0.484035521745682,380.364501953125,2.84767306088447,0.56220513735062,68.7006332201836,0.56220513735062,68.7006332201836,-0.523295473800748,-0.72382625813381,0.138503663601794,-0.167310004833855,-0.892484197494457,-0.628158256079865,0.386799022892771,-0.628158256079865,0.386799022892771
Guizhou,2004,0.0298168180438408,0.00441322620023696,0.0560273132062786,0.144323990786465,0.484035521745682,380.364501953125,2.84767306088447,0.56220513735062,68.7006332201836,0.56220513735062,68.7006332201836,-0.523295473800748,-0.72382625813381,0.138503663601794,-0.167310004833855,-0.892484197494457,-0.628158256079865,0.386799022892771,-0.628158256079865,0.386799022892771
Guizhou,2005,0.0298168180438408,0.00441322620023696,0.0560273132062786,0.144323990786465,0.484035521745682,380.364501953125,2.84767306088447,0.56220513735062,68.7006332201836,0.56220513735062,68.7006332201836,-0.523295473800748,-0.72382625813381,0.138503663601794,-0.167310004833855,-0.892484197494457,-0.628158256079865,0.386799022892771,-0.628158256079865,0.386799022892771
Guizhou,2006,0.0298168180438408,0.00441322620023696,0.0560273132062786,0.144323990786465,0.484035521745682,380.364501953125,2.84767306088447,0.56220513735062,68.7006332201836,0.56220513735062,68.7006332201836,-0.523295473800748,-0.72382625813381,0.138503663601794,-0.167310004833855,-0.892484197494457,-0.628158256079865,0.386799022892771,-0.628158256079865,0.386799022892771
Guizhou,2007,0.0298168180438408,0.00441322620023696,0.0560273132062786,0.144323990786465,0.484035521745682,380.364501953125,2.84767306088447,0.56220513735062,68.7006332201836,0.56220513735062,68.7006332201836,-0.523295473800748,-0.72382625813381,0.138503663601794,-0.167310004833855,-0.892484197494457,-0.628158256079865,0.386799022892771,-0.628158256079865,0.386799022892771
Guizhou,2008,0.0298168180438408,0.00441322620023696,0.0560273132062786,0.144323990786465,0.484035521745682,380.364501953125,0.482897097272772,0.142416000366211,143.099975585938,0.142416000366211,143.099975585938,-0.523295473800748,-0.72382625813381,0.138503663601794,-0.167310004833855,-1.19626891970629,-1.60411503900146,1.07580866694868,-1.60411503900146,1.07580866694868
Guizhou,2009,0.0298168180438408,0.00441322620023696,0.0560273132062786,0.144323990786465,0.484035521745682,380.364501953125,4.54552603483562,0.465000152587891,-190.75,0.465000152587891,-190.75,-0.523295473800748,-0.72382625813381,0.138503663601794,-0.167310004833855,-0.674373982410686,-0.854147582279365,-2.01596399571427,-0.854147582279365,-2.01596399571427
Guizhou,2010,0.0298168180438408,0.00441322620023696,0.0560273132062786,0.144323990786465,0.484035521745682,380.364501953125,3.60570853196956,0.531139055887858,-46.6417236328125,0.531139055887858,-46.6417236328125,-0.523295473800748,-0.72382625813381,0.138503663601794,-0.167310004833855,-0.795105165165917,-0.700382976186197,-0.681382411415619,-0.700382976186197,-0.681382411415619
Guizhou,2011,0.0298168180438408,0.00441322620023696,0.0560273132062786,0.144323990786465,0.484035521745682,380.364501953125,2.84767306088447,0.56220513735062,68.7006332201836,0.56220513735062,68.7006332201836,-0.523295473800748,-0.72382625813381,0.138503663601794,-0.167310004833855,-0.892484197494457,-0.628158256079865,0.386799022892771,-0.628158256079865,0.386799022892771
Guizhou,2012,0.0298168180438408,0.00441322620023696,0.0560273132062786,0.144323990786465,0.484035521745682,380.364501953125,0.458845500618186,-0.0855836868286133,31.6500244140625,-0.0855836868286133,31.6500244140625,-0.523295473800748,-0.72382625813381,0.138503663601794,-0.167310004833855,-1.19935864478845,-2.13418554730538,0.0436746621953209,-2.13418554730538,0.0436746621953209
Guizhou,2013,0.0298168180438408,0.00441322620023696,0.0560273132062786,0.144323990786465,0.484035521745682,380.364501953125,2.84767306088447,0.56220513735062,68.7006332201836,0.56220513735062,68.7006332201836,-0.523295473800748,-0.72382625813381,0.138503663601794,-0.167310004833855,-0.892484197494457,-0.628158256079865,0.386799022892771,-0.628158256079865,0.386799022892771
Guizhou,2014,0.0298168180438408,0.00441322620023696,0.0560273132062786,0.144323990786465,0.484035521745682,380.364501953125,1.23144203974424,0.444541931152344,219.712524414063,0.444541931152344,219.712524414063,-0.523295473800748,-0.72382625813381,0.138503663601794,-0.167310004833855,-1.1001090631656,-0.901710366109275,1.78531473675743,-0.901710366109275,1.78531473675743
Guizhou,2015,0.0298168180438408,0.00441322620023696,0.0560273132062786,0.144323990786465,0.484035521745682,380.364501953125,1.30503618628481,0.46583366394043,229.550048828125,0.46583366394043,229.550048828125,-0.523295473800748,-0.72382625813381,0.138503663601794,-0.167310004833855,-1.09065498476356,-0.852209773540444,1.87641969789543,-0.852209773540444,1.87641969789543
Guizhou,2016,0.0298168180438408,0.00441322620023696,0.0560273132062786,0.144323990786465,0.484035521745682,380.364501953125,5.69365131326857,0.805041313171387,47.4124755859375,0.805041313171387,47.4124755859375,-0.523295473800748,-0.72382625813381,0.138503663601794,-0.167310004833855,-0.526883089345094,-0.0635947834909599,0.189650157758051,-0.0635947834909599,0.189650157758051
Guizhou,2017,0.0298168180438408,0.00441322620023696,0.0560273132062786,0.144323990786465,0.484035521745682,380.364501953125,5.12421976595052,0.76533317565918,53.4749755859375,0.76533317565918,53.4749755859375,-0.523295473800748,-0.72382625813381,0.138503663601794,-0.167310004833855,-0.600033614842008,-0.155911193631085,0.245794753049685,-0.155911193631085,0.245794753049685
Guizhou,2018,0.0298168180438408,0.00441322620023696,0.0560273132062786,0.144323990786465,0.484035521745682,380.364501953125,1.81695714866518,0.431055704752604,71.5749918619792,0.431055704752604,71.5749918619792,-0.523295473800748,-0.72382625813381,0.138503663601794,-0.167310004833855,-1.02489240524477,-0.933064141067322,0.41341835529139,-0.933064141067322,0.41341835529139
Guizhou,2019,0.0298168180438408,0.00441322620023696,0.0560273132062786,0.144323990786465,0.484035521745682,380.364501953125,5.1822394379359,0.773458003997803,57.137451171875,0.773458003997803,57.137451171875,-0.523295473800748,-0.72382625813381,0.138503663601794,-0.167310004833855,-0.592580270335757,-0.137021992771542,0.279712808231202,-0.137021992771542,0.279712808231202
Guizhou,2020,0.0298168180438408,0.00441322620023696,0.0560273132062786,0.144323990786465,0.484035521745682,380.364501953125,1.88079236228961,0.467083930969238,101.400024414063,0.467083930969238,101.400024414063,-0.523295473800748,-0.72382625813381,0.138503663601794,-0.167310004833855,-1.01669198248311,-0.849303060432061,0.689626913179474,-0.849303060432061,0.689626913179474
Guizhou,2021,0.0298168180438408,0.00441322620023696,0.0560273132062786,0.144323990786465,0.484035521745682,380.364501953125,3.85493033750029,0.751542091369629,165.662475585938,0.751542091369629,165.662475585938,-0.523295473800748,-0.72382625813381,0.138503663601794,-0.167310004833855,-0.763089541645009,-0.187973724722094,1.28475917107527,-0.187973724722094,1.28475917107527
Guizhou,2022,0.0298168180438408,0.00441322620023696,0.0560273132062786,0.144323990786465,0.484035521745682,380.364501953125,2.84767306088447,0.56220513735062,68.7006332201836,0.56220513735062,68.7006332201836,-0.523295473800748,-0.72382625813381,0.138503663601794,-0.167310004833855,-0.892484197494457,-0.628158256079865,0.386799022892771,-0.628158256079865,0.386799022892771
Guizhou,2023,0.0298168180438408,0.00441322620023696,0.0560273132062786,0.144323990786465,0.484035521745682,380.364501953125,2.84767306088447,0.56220513735062,68.7006332201836,0.56220513735062,68.7006332201836,-0.523295473800748,-0.72382625813381,0.138503663601794,-0.167310004833855,-0.892484197494457,-0.628158256079865,0.386799022892771,-0.628158256079865,0.386799022892771
Guizhou,2024,0.0298168180438408,0.00441322620023696,0.0560273132062786,0.144323990786465,0.484035521745682,380.364501953125,15.8905676180888,1.3518054485321,9.8249880472819,1.3518054485321,9.8249880472819,-0.523295473800748,-0.72382625813381,0.138503663601794,-0.167310004833855,0.783036934683759,1.20756285149894,-0.158446217646011,1.20756285149894,-0.158446217646011
Hainan,2002,0.0227746414362233,0.0152593020365477,0.0529328433991583,0.172162696920853,0.755940318107605,494.578582763672,11.2343332108603,0.603916529453162,128.022930386966,0.603916529453162,128.022930386966,-0.792120854735878,0.867784893911295,0.0152017740600709,0.113490951353264,0.184886032560782,-0.531184531747666,0.936180691544156,-0.531184531747666,0.936180691544156
Hainan,2003,0.0227746414362233,0.0152593020365477,0.0529328433991583,0.172162696920853,0.755940318107605,494.578582763672,11.2343332108603,0.603916529453162,128.022930386966,0.603916529453162,128.022930386966,-0.792120854735878,0.867784893911295,0.0152017740600709,0.113490951353264,0.184886032560782,-0.531184531747666,0.936180691544156,-0.531184531747666,0.936180691544156
Hainan,2004,0.0227746414362233,0.0152593020365477,0.0529328433991583,0.172162696920853,0.755940318107605,494.578582763672,11.2343332108603,0.603916529453162,128.022930386966,0.603916529453162,128.022930386966,-0.792120854735878,0.867784893911295,0.0152017740600709,0.113490951353264,0.184886032560782,-0.531184531747666,0.936180691544156,-0.531184531747666,0.936180691544156
Hainan,2005,0.0227746414362233,0.0152593020365477,0.0529328433991583,0.172162696920853,0.755940318107605,494.578582763672,11.2343332108603,0.603916529453162,128.022930386966,0.603916529453162,128.022930386966,-0.792120854735878,0.867784893911295,0.0152017740600709,0.113490951353264,0.184886032560782,-0.531184531747666,0.936180691544156,-0.531184531747666,0.936180691544156
Hainan,2006,0.0227746414362233,0.0152593020365477,0.0529328433991583,0.172162696920853,0.755940318107605,494.578582763672,19.9104749229376,0.752265930175781,-223.115156693892,0.752265930175781,-223.115156693892,-0.792120854735878,0.867784893911295,0.0152017740600709,0.113490951353264,1.29944374983749,-0.186290890817241,-2.31569655227161,-0.186290890817241,-2.31569655227161
Hainan,2007,0.0227746414362233,0.0152593020365477,0.0529328433991583,0.172162696920853,0.755940318107605,494.578582763672,11.9536427388738,0.427082061767578,-178.275024414063,0.427082061767578,-178.275024414063,-0.792120854735878,0.867784893911295,0.0152017740600709,0.113490951353264,0.277290238504322,-0.942302359692996,-1.90043369376863,-0.942302359692996,-1.90043369376863
Hainan,2008,0.0227746414362233,0.0152593020365477,0.0529328433991583,0.172162696920853,0.755940318107605,494.578582763672,11.2343332108603,0.603916529453162,128.022930386966,0.603916529453162,128.022930386966,-0.792120854735878,0.867784893911295,0.0152017740600709,0.113490951353264,0.184886032560782,-0.531184531747666,0.936180691544156,-0.531184531747666,0.936180691544156
Hainan,2009,0.0227746414362233,0.0152593020365477,0.0529328433991583,0.172162696920853,0.755940318107605,494.578582763672,6.06488640710457,0.310898780822754,283.487487792969,0.310898780822754,283.487487792969,-0.792120854735878,0.867784893911295,0.0152017740600709,0.113490951353264,-0.479193349770775,-1.21241383021539,2.37593238766835,-1.21241383021539,2.37593238766835
Hainan,2010,0.0227746414362233,0.0152593020365477,0.0529328433991583,0.172162696920853,0.755940318107605,494.578582763672,11.2343332108603,0.603916529453162,128.022930386966,0.603916529453162,128.022930386966,-0.792120854735878,0.867784893911295,0.0152017740600709,0.113490951353264,0.184886032560782,-0.531184531747666,0.936180691544156,-0.531184531747666,0.936180691544156
Hainan,2011,0.0227746414362233,0.0152593020365477,0.0529328433991583,0.172162696920853,0.755940318107605,494.578582763672,1.76102003909687,-0.527000427246094,152.200073242188,-0.527000427246094,152.200073242188,-0.792120854735878,0.867784893911295,0.0152017740600709,0.113490951353264,-1.03207821884954,-3.16042377967198,1.16008434530323,-3.16042377967198,1.16008434530323
Hainan,2012,0.0227746414362233,0.0152593020365477,0.0529328433991583,0.172162696920853,0.755940318107605,494.578582763672,11.2343332108603,0.603916529453162,128.022930386966,0.603916529453162,128.022930386966,-0.792120854735878,0.867784893911295,0.0152017740600709,0.113490951353264,0.184886032560782,-0.531184531747666,0.936180691544156,-0.531184531747666,0.936180691544156
Hainan,2013,0.0227746414362233,0.0152593020365477,0.0529328433991583,0.172162696920853,0.755940318107605,494.578582763672,11.2343332108603,0.603916529453162,128.022930386966,0.603916529453162,128.022930386966,-0.792120854735878,0.867784893911295,0.0152017740600709,0.113490951353264,0.184886032560782,-0.531184531747666,0.936180691544156,-0.531184531747666,0.936180691544156
Hainan,2014,0.0227746414362233,0.0152593020365477,0.0529328433991583,0.172162696920853,0.755940318107605,494.578582763672,9.123969751562,0.443084716796875,73.2750244140625,0.443084716796875,73.2750244140625,-0.792120854735878,0.867784893911295,0.0152017740600709,0.113490951353264,-0.0862162566682544,-0.905098205643682,0.429162295847154,-0.905098205643682,0.429162295847154
Hainan,2015,0.0227746414362233,0.0152593020365477,0.0529328433991583,0.172162696920853,0.755940318107605,494.578582763672,11.2343332108603,0.603916529453162,128.022930386966,0.603916529453162,128.022930386966,-0.792120854735878,0.867784893911295,0.0152017740600709,0.113490951353264,0.184886032560782,-0.531184531747666,0.936180691544156,-0.531184531747666,0.936180691544156
Hainan,2016,0.0227746414362233,0.0152593020365477,0.0529328433991583,0.172162696920853,0.755940318107605,494.578582763672,11.2343332108603,0.603916529453162,128.022930386966,0.603916529453162,128.022930386966,-0.792120854735878,0.867784893911295,0.0152017740600709,0.113490951353264,0.184886032560782,-0.531184531747666,0.936180691544156,-0.531184531747666,0.936180691544156
Hainan,2017,0.0227746414362233,0.0152593020365477,0.0529328433991583,0.172162696920853,0.755940318107605,494.578582763672,7.76930151994908,0.51188850402832,500.13330078125,0.51188850402832,500.13330078125,-0.792120854735878,0.867784893911295,0.0152017740600709,0.113490951353264,-0.260240146779688,-0.745138080611392,4.38228149972673,-0.745138080611392,4.38228149972673
Hainan,2018,0.0227746414362233,0.0152593020365477,0.0529328433991583,0.172162696920853,0.755940318107605,494.578582763672,11.2343332108603,0.603916529453162,128.022930386966,0.603916529453162,128.022930386966,-0.792120854735878,0.867784893911295,0.0152017740600709,0.113490951353264,0.184886032560782,-0.531184531747666,0.936180691544156,-0.531184531747666,0.936180691544156
Hainan,2019,0.0227746414362233,0.0152593020365477,0.0529328433991583,0.172162696920853,0.755940318107605,494.578582763672,26.8475349342799,1.16701936721802,-30.2312622070313,1.16701936721802,-30.2312622070313,-0.792120854735878,0.867784893911295,0.0152017740600709,0.113490951353264,2.19059491212088,0.777958525042341,-0.529405716108493,0.777958525042341,-0.529405716108493
Hainan,2020,0.0227746414362233,0.0152593020365477,0.0529328433991583,0.172162696920853,0.755940318107605,494.578582763672,16.6228026159867,0.895416259765625,153.599975585938,0.895416259765625,153.599975585938,-0.792120854735878,0.867784893911295,0.0152017740600709,0.113490951353264,0.877101577107842,0.146515565643919,1.17304879075274,0.146515565643919,1.17304879075274
Hainan,2021,0.0227746414362233,0.0152593020365477,0.0529328433991583,0.172162696920853,0.755940318107605,494.578582763672,11.2343332108603,0.603916529453162,128.022930386966,0.603916529453162,128.022930386966,-0.792120854735878,0.867784893911295,0.0152017740600709,0.113490951353264,0.184886032560782,-0.531184531747666,0.936180691544156,-0.531184531747666,0.936180691544156
Hainan,2022,0.0227746414362233,0.0152593020365477,0.0529328433991583,0.172162696920853,0.755940318107605,494.578582763672,8.86847738010952,0.495176951090495,194.902791341146,0.495176951090495,194.902791341146,-0.792120854735878,0.867784893911295,0.0152017740600709,0.113490951353264,-0.119037411941837,-0.783990332863526,1.55555268765684,-0.783990332863526,1.55555268765684
Hainan,2023,0.0227746414362233,0.0152593020365477,0.0529328433991583,0.172162696920853,0.755940318107605,494.578582763672,27.2993800661263,1.10261535644531,-130.275024414063,1.10261535644531,-130.275024414063,-0.792120854735878,0.867784893911295,0.0152017740600709,0.113490951353264,2.24864000813543,0.628227325201142,-1.45590741352147,0.628227325201142,-1.45590741352147
Hainan,2024,0.0227746414362233,0.0152593020365477,0.0529328433991583,0.172162696920853,0.755940318107605,494.578582763672,15.193080189062,1.06463432312012,612.550048828125,1.06463432312012,612.550048828125,-0.792120854735878,0.867784893911295,0.0152017740600709,0.113490951353264,0.6934360472705,0.53992621440448,5.42336897570088,0.53992621440448,5.42336897570088
Hebei,2002,0.0981936742313489,0.0225664837587183,0.0923150000809967,0.325590305177595,0.331579715013504,171.668746948242,14.578765231185,1.02304582595825,51.1012573242188,1.02304582595825,51.1012573242188,2.08689672045214,1.94007980449002,1.58441867898047,1.66107074532863,0.614519692528718,0.443238205304937,0.223811833273923,0.443238205304937,0.223811833273923
Hebei,2003,0.0981936742313489,0.0225664837587183,0.0923150000809967,0.325590305177595,0.331579715013504,171.668746948242,4.24354699117371,0.206500053405762,-16.3249816894531,0.206500053405762,-16.3249816894531,2.08689672045214,1.94007980449002,1.58441867898047,1.66107074532863,-0.713166925718735,-1.455127700524,-0.400620150471982,-1.455127700524,-0.400620150471982
Hebei,2004,0.0981936742313489,0.0225664837587183,0.0923150000809967,0.325590305177595,0.331579715013504,171.668746948242,14.578765231185,1.02304582595825,51.1012573242188,1.02304582595825,51.1012573242188,2.08689672045214,1.94007980449002,1.58441867898047,1.66107074532863,0.614519692528718,0.443238205304937,0.223811833273923,0.443238205304937,0.223811833273923
Hebei,2005,0.0981936742313489,0.0225664837587183,0.0923150000809967,0.325590305177595,0.331579715013504,171.668746948242,4.46573129743349,0.253417015075684,6.0999755859375,0.253417015075684,6.0999755859375,2.08689672045214,1.94007980449002,1.58441867898047,1.66107074532863,-0.684624603403403,-1.34605168368192,-0.192943424590089,-1.34605168368192,-0.192943424590089
Hebei,2006,0.0981936742313489,0.0225664837587183,0.0923150000809967,0.325590305177595,0.331579715013504,171.668746948242,14.578765231185,1.02304582595825,51.1012573242188,1.02304582595825,51.1012573242188,2.08689672045214,1.94007980449002,1.58441867898047,1.66107074532863,0.614519692528718,0.443238205304937,0.223811833273923,0.443238205304937,0.223811833273923
Hebei,2007,0.0981936742313489,0.0225664837587183,0.0923150000809967,0.325590305177595,0.331579715013504,171.668746948242,14.578765231185,1.02304582595825,51.1012573242188,1.02304582595825,51.1012573242188,2.08689672045214,1.94007980449002,1.58441867898047,1.66107074532863,0.614519692528718,0.443238205304937,0.223811833273923,0.443238205304937,0.223811833273923
Hebei,2008,0.0981936742313489,0.0225664837587183,0.0923150000809967,0.325590305177595,0.331579715013504,171.668746948242,11.3308355198476,0.775249481201172,-28.7999877929688,0.775249481201172,-28.7999877929688,2.08689672045214,1.94007980449002,1.58441867898047,1.66107074532863,0.197282947777951,-0.132857034286343,-0.516150735039824,-0.132857034286343,-0.516150735039824
Hebei,2009,0.0981936742313489,0.0225664837587183,0.0923150000809967,0.325590305177595,0.331579715013504,171.668746948242,14.578765231185,1.02304582595825,51.1012573242188,1.02304582595825,51.1012573242188,2.08689672045214,1.94007980449002,1.58441867898047,1.66107074532863,0.614519692528718,0.443238205304937,0.223811833273923,0.443238205304937,0.223811833273923
Hebei,2010,0.0981936742313489,0.0225664837587183,0.0923150000809967,0.325590305177595,0.331579715013504,171.668746948242,14.578765231185,1.02304582595825,51.1012573242188,1.02304582595825,51.1012573242188,2.08689672045214,1.94007980449002,1.58441867898047,1.66107074532863,0.614519692528718,0.443238205304937,0.223811833273923,0.443238205304937,0.223811833273923
Hebei,2011,0.0981936742313489,0.0225664837587183,0.0923150000809967,0.325590305177595,0.331579715013504,171.668746948242,14.578765231185,1.02304582595825,51.1012573242188,1.02304582595825,51.1012573242188,2.08689672045214,1.94007980449002,1.58441867898047,1.66107074532863,0.614519692528718,0.443238205304937,0.223811833273923,0.443238205304937,0.223811833273923
Hebei,2012,0.0981936742313489,0.0225664837587183,0.0923150000809967,0.325590305177595,0.331579715013504,171.668746948242,14.578765231185,1.02304582595825,51.1012573242188,1.02304582595825,51.1012573242188,2.08689672045214,1.94007980449002,1.58441867898047,1.66107074532863,0.614519692528718,0.443238205304937,0.223811833273923,0.443238205304937,0.223811833273923
Hebei,2013,0.0981936742313489,0.0225664837587183,0.0923150000809967,0.325590305177595,0.331579715013504,171.668746948242,14.578765231185,1.02304582595825,51.1012573242188,1.02304582595825,51.1012573242188,2.08689672045214,1.94007980449002,1.58441867898047,1.66107074532863,0.614519692528718,0.443238205304937,0.223811833273923,0.443238205304937,0.223811833273923
Hebei,2014,0.0981936742313489,0.0225664837587183,0.0923150000809967,0.325590305177595,0.331579715013504,171.668746948242,23.1012954397628,1.29125022888184,-71.6749877929688,1.29125022888184,-71.6749877929688,2.08689672045214,1.94007980449002,1.58441867898047,1.66107074532863,1.70934411217503,1.0667796054542,-0.913214573906427,1.0667796054542,-0.913214573906427
Hebei,2015,0.0981936742313489,0.0225664837587183,0.0923150000809967,0.325590305177595,0.331579715013504,171.668746948242,14.578765231185,1.02304582595825,51.1012573242188,1.02304582595825,51.1012573242188,2.08689672045214,1.94007980449002,1.58441867898047,1.66107074532863,0.614519692528718,0.443238205304937,0.223811833273923,0.443238205304937,0.223811833273923
Hebei,2016,0.0981936742313489,0.0225664837587183,0.0923150000809967,0.325590305177595,0.331579715013504,171.668746948242,13.5011977245696,1.0404167175293,140.150024414063,1.0404167175293,140.150024414063,2.08689672045214,1.94007980449002,1.58441867898047,1.66107074532863,0.476092817975362,0.483623336697192,1.04848927483734,0.483623336697192,1.04848927483734
Hebei,2017,0.0981936742313489,0.0225664837587183,0.0923150000809967,0.325590305177595,0.331579715013504,171.668746948242,14.578765231185,1.02304582595825,51.1012573242188,1.02304582595825,51.1012573242188,2.08689672045214,1.94007980449002,1.58441867898047,1.66107074532863,0.614519692528718,0.443238205304937,0.223811833273923,0.443238205304937,0.223811833273923
Hebei,2018,0.0981936742313489,0.0225664837587183,0.0923150000809967,0.325590305177595,0.331579715013504,171.668746948242,9.72848044976221,0.701833724975586,1.5250244140625,0.701833724975586,1.5250244140625,2.08689672045214,1.94007980449002,1.58441867898047,1.66107074532863,-0.00855938034989259,-0.303539405384335,-0.23531188348063,-0.303539405384335,-0.23531188348063
Hebei,2019,0.0981936742313489,0.0225664837587183,0.0923150000809967,0.325590305177595,0.331579715013504,171.668746948242,14.578765231185,1.02304582595825,51.1012573242188,1.02304582595825,51.1012573242188,2.08689672045214,1.94007980449002,1.58441867898047,1.66107074532863,0.614519692528718,0.443238205304937,0.223811833273923,0.443238205304937,0.223811833273923
Hebei,2020,0.0981936742313489,0.0225664837587183,0.0923150000809967,0.325590305177595,0.331579715013504,171.668746948242,13.7620837496118,1.03008270263672,110.275024414063,1.03008270263672,110.275024414063,2.08689672045214,1.94007980449002,1.58441867898047,1.66107074532863,0.509606854766131,0.45959805581052,0.771817970204339,0.45959805581052,0.771817970204339
Hebei,2021,0.0981936742313489,0.0225664837587183,0.0923150000809967,0.325590305177595,0.331579715013504,171.668746948242,22.3202240926963,1.43441677093506,127.174987792969,1.43441677093506,127.174987792969,2.08689672045214,1.94007980449002,1.58441867898047,1.66107074532863,1.60900583664815,1.39962375384735,0.928327925561389,1.39962375384735,0.928327925561389
Hebei,2022,0.0981936742313489,0.0225664837587183,0.0923150000809967,0.325590305177595,0.331579715013504,171.668746948242,14.578765231185,1.02304582595825,51.1012573242188,1.02304582595825,51.1012573242188,2.08689672045214,1.94007980449002,1.58441867898047,1.66107074532863,0.614519692528718,0.443238205304937,0.223811833273923,0.443238205304937,0.223811833273923
Hebei,2023,0.0981936742313489,0.0225664837587183,0.0923150000809967,0.325590305177595,0.331579715013504,171.668746948242,30.6513147297018,1.65245819091797,27.9624938964844,1.65245819091797,27.9624938964844,2.08689672045214,1.94007980449002,1.58441867898047,1.66107074532863,2.67923747542839,1.90654254721784,0.0095245741895525,1.90654254721784,0.0095245741895525
Hebei,2024,0.0981936742313489,0.0225664837587183,0.0923150000809967,0.325590305177595,0.331579715013504,171.668746948242,31.6537381131887,1.84483337402344,214.625,1.84483337402344,214.625,2.08689672045214,1.94007980449002,1.58441867898047,1.66107074532863,2.80801115791548,2.35379057789887,1.73819935543556,2.35379057789887,1.73819935543556
Heilongjiang,2002,0.12331782628698,0.00460321392267238,0.0238698217419419,0.11804982044742,0.0957281067967415,211.720581054688,0.752909231276324,0.669404466119078,18.1081609725952,0.669404466119078,18.1081609725952,3.04597657933004,-0.69594644405695,-1.14284005846363,-0.43232994213309,-1.16158252133948,-0.378933340952766,-0.08173604995573,-0.378933340952766,-0.08173604995573
Heilongjiang,2003,0.12331782628698,0.00460321392267238,0.0238698217419419,0.11804982044742,0.0957281067967415,211.720581054688,1.43659015163026,1.10533326864243,161.875,1.10533326864243,161.875,3.04597657933004,-0.69594644405695,-1.14284005846363,-0.43232994213309,-1.07375525073662,0.634546128167824,1.24968349537228,0.634546128167824,1.24968349537228
Heilongjiang,2004,0.12331782628698,0.00460321392267238,0.0238698217419419,0.11804982044742,0.0957281067967415,211.720581054688,0.752909231276324,0.669404466119078,18.1081609725952,0.669404466119078,18.1081609725952,3.04597657933004,-0.69594644405695,-1.14284005846363,-0.43232994213309,-1.16158252133948,-0.378933340952766,-0.08173604995573,-0.378933340952766,-0.08173604995573
Heilongjiang,2005,0.12331782628698,0.00460321392267238,0.0238698217419419,0.11804982044742,0.0957281067967415,211.720581054688,0.752909231276324,0.669404466119078,18.1081609725952,0.669404466119078,18.1081609725952,3.04597657933004,-0.69594644405695,-1.14284005846363,-0.43232994213309,-1.16158252133948,-0.378933340952766,-0.08173604995573,-0.378933340952766,-0.08173604995573
Heilongjiang,2006,0.12331782628698,0.00460321392267238,0.0238698217419419,0.11804982044742,0.0957281067967415,211.720581054688,0.831266341193357,0.566249986489614,-2.60833358764648,0.566249986489614,-2.60833358764648,3.04597657933004,-0.69594644405695,-1.14284005846363,-0.43232994213309,-1.1515165813791,-0.61875449212958,-0.273590763843746,-0.61875449212958,-0.273590763843746
Heilongjiang,2007,0.12331782628698,0.00460321392267238,0.0238698217419419,0.11804982044742,0.0957281067967415,211.720581054688,0.752909231276324,0.669404466119078,18.1081609725952,0.669404466119078,18.1081609725952,3.04597657933004,-0.69594644405695,-1.14284005846363,-0.43232994213309,-1.16158252133948,-0.378933340952766,-0.08173604995573,-0.378933340952766,-0.08173604995573
Heilongjiang,2008,0.12331782628698,0.00460321392267238,0.0238698217419419,0.11804982044742,0.0957281067967415,211.720581054688,6.31711545311995,1.45941615104675,-27.5500183105469,1.45941615104675,-27.5500183105469,3.04597657933004,-0.69594644405695,-1.14284005846363,-0.43232994213309,-0.446791409013346,1.45774415868705,-0.504574812447252,1.45774415868705,-0.504574812447252
Heilongjiang,2009,0.12331782628698,0.00460321392267238,0.0238698217419419,0.11804982044742,0.0957281067967415,211.720581054688,0.752909231276324,0.669404466119078,18.1081609725952,0.669404466119078,18.1081609725952,3.04597657933004,-0.69594644405695,-1.14284005846363,-0.43232994213309,-1.16158252133948,-0.378933340952766,-0.08173604995573,-0.378933340952766,-0.08173604995573
Heilongjiang,2010,0.12331782628698,0.00460321392267238,0.0238698217419419,0.11804982044742,0.0957281067967415,211.720581054688,8.25488069154663,-0.349728882312775,-35.2062377929688,-0.349728882312775,-35.2062377929688,3.04597657933004,-0.69594644405695,-1.14284005846363,-0.43232994213309,-0.197861496106024,-2.7482898022673,-0.575478786765519,-2.7482898022673,-0.575478786765519
Heilongjiang,2011,0.12331782628698,0.00460321392267238,0.0238698217419419,0.11804982044742,0.0957281067967415,211.720581054688,1.30756285108661,0.373166680335999,-32.6625061035156,0.373166680335999,-32.6625061035156,3.04597657933004,-0.69594644405695,-1.14284005846363,-0.43232994213309,-1.0903304034177,-1.0676488195608,-0.551921378726781,-1.0676488195608,-0.551921378726781
Heilongjiang,2012,0.12331782628698,0.00460321392267238,0.0238698217419419,0.11804982044742,0.0957281067967415,211.720581054688,7.46985747354762,-0.236666679382324,37.8500366210938,-0.236666679382324,37.8500366210938,3.04597657933004,-0.69594644405695,-1.14284005846363,-0.43232994213309,-0.298707438334497,-2.48543444437335,0.101092753109458,-2.48543444437335,0.101092753109458
Heilongjiang,2013,0.12331782628698,0.00460321392267238,0.0238698217419419,0.11804982044742,0.0957281067967415,211.720581054688,6.51127853382654,-0.0310001373291016,190.724975585938,-0.0310001373291016,190.724975585938,3.04597657933004,-0.69594644405695,-1.14284005846363,-0.43232994213309,-0.421848759712159,-2.00728568097567,1.5168620856314,-2.00728568097567,1.5168620856314
Heilongjiang,2014,0.12331782628698,0.00460321392267238,0.0238698217419419,0.11804982044742,0.0957281067967415,211.720581054688,1.07232160818771,0.829916626214981,-11.1624908447266,0.829916626214981,-11.1624908447266,3.04597657933004,-0.69594644405695,-1.14284005846363,-0.43232994213309,-1.12055005074431,-0.00576281893229736,-0.352810507721642,-0.00576281893229736,-0.352810507721642
Heilongjiang,2015,0.12331782628698,0.00460321392267238,0.0238698217419419,0.11804982044742,0.0957281067967415,211.720581054688,3.69172235780693,1.19908326864243,-54.7749938964844,1.19908326864243,-54.7749938964844,3.04597657933004,-0.69594644405695,-1.14284005846363,-0.43232994213309,-0.784055625340387,0.852503050674605,-0.756704335927179,0.852503050674605,-0.756704335927179
Heilongjiang,2016,0.12331782628698,0.00460321392267238,0.0238698217419419,0.11804982044742,0.0957281067967415,211.720581054688,2.84717939801878,0.0740832686424255,-93.3999938964844,0.0740832686424255,-93.3999938964844,3.04597657933004,-0.69594644405695,-1.14284005846363,-0.43232994213309,-0.892547614595623,-1.76298001940677,-1.11440907706356,-1.76298001940677,-1.11440907706356
Heilongjiang,2017,0.12331782628698,0.00460321392267238,0.0238698217419419,0.11804982044742,0.0957281067967415,211.720581054688,0.752909231276324,0.669404466119078,18.1081609725952,0.669404466119078,18.1081609725952,3.04597657933004,-0.69594644405695,-1.14284005846363,-0.43232994213309,-1.16158252133948,-0.378933340952766,-0.08173604995573,-0.378933340952766,-0.08173604995573
Heilongjiang,2018,0.12331782628698,0.00460321392267238,0.0238698217419419,0.11804982044742,0.0957281067967415,211.720581054688,0.752909231276324,0.669404466119078,18.1081609725952,0.669404466119078,18.1081609725952,3.04597657933004,-0.69594644405695,-1.14284005846363,-0.43232994213309,-1.16158252133948,-0.378933340952766,-0.08173604995573,-0.378933340952766,-0.08173604995573
Heilongjiang,2019,0.12331782628698,0.00460321392267238,0.0238698217419419,0.11804982044742,0.0957281067967415,211.720581054688,0.752909231276324,0.669404466119078,18.1081609725952,0.669404466119078,18.1081609725952,3.04597657933004,-0.69594644405695,-1.14284005846363,-0.43232994213309,-1.16158252133948,-0.378933340952766,-0.08173604995573,-0.378933340952766,-0.08173604995573
Heilongjiang,2020,0.12331782628698,0.00460321392267238,0.0238698217419419,0.11804982044742,0.0957281067967415,211.720581054688,5.29775179201986,1.4699165225029,63.625,1.4699165225029,63.625,3.04597657933004,-0.69594644405695,-1.14284005846363,-0.43232994213309,-0.577741279692501,1.48215619759649,0.339793765491373,1.48215619759649,0.339793765491373
Heilongjiang,2021,0.12331782628698,0.00460321392267238,0.0238698217419419,0.11804982044742,0.0957281067967415,211.720581054688,0.752909231276324,0.669404466119078,18.1081609725952,0.669404466119078,18.1081609725952,3.04597657933004,-0.69594644405695,-1.14284005846363,-0.43232994213309,-1.16158252133948,-0.378933340952766,-0.08173604995573,-0.378933340952766,-0.08173604995573
Heilongjiang,2022,0.12331782628698,0.00460321392267238,0.0238698217419419,0.11804982044742,0.0957281067967415,211.720581054688,0.752909231276324,0.669404466119078,18.1081609725952,0.669404466119078,18.1081609725952,3.04597657933004,-0.69594644405695,-1.14284005846363,-0.43232994213309,-1.16158252133948,-0.378933340952766,-0.08173604995573,-0.378933340952766,-0.08173604995573
Heilongjiang,2023,0.12331782628698,0.00460321392267238,0.0238698217419419,0.11804982044742,0.0957281067967415,211.720581054688,0.752909231276324,0.669404466119078,18.1081609725952,0.669404466119078,18.1081609725952,3.04597657933004,-0.69594644405695,-1.14284005846363,-0.43232994213309,-1.16158252133948,-0.378933340952766,-0.08173604995573,-0.378933340952766,-0.08173604995573
Heilongjiang,2024,0.12331782628698,0.00460321392267238,0.0238698217419419,0.11804982044742,0.0957281067967415,211.720581054688,7.213382124324,1.57308351993561,20.5874938964844,1.57308351993561,20.5874938964844,3.04597657933004,-0.69594644405695,-1.14284005846363,-0.43232994213309,-0.331654869261139,1.7220064510866,-0.0587750365775891,1.7220064510866,-0.0587750365775891
Henan,2002,0.0439882479651097,0.0104666539549818,0.0594135815288783,0.213808908135841,0.486059159040451,260.203979492188,16.5468238127777,1.0449720621109,12.5869738260905,1.0449720621109,12.5869738260905,0.0176793212448282,0.164486092614837,0.273432523373215,0.533564207426546,0.867341160061151,0.494213938147479,-0.1328675663054,0.494213938147479,-0.1328675663054
Henan,2003,0.0439882479651097,0.0104666539549818,0.0594135815288783,0.213808908135841,0.486059159040451,260.203979492188,16.5468238127777,1.0449720621109,12.5869738260905,1.0449720621109,12.5869738260905,0.0176793212448282,0.164486092614837,0.273432523373215,0.533564207426546,0.867341160061151,0.494213938147479,-0.1328675663054,0.494213938147479,-0.1328675663054
Henan,2004,0.0439882479651097,0.0104666539549818,0.0594135815288783,0.213808908135841,0.486059159040451,260.203979492188,16.5468238127777,1.0449720621109,12.5869738260905,1.0449720621109,12.5869738260905,0.0176793212448282,0.164486092614837,0.273432523373215,0.533564207426546,0.867341160061151,0.494213938147479,-0.1328675663054,0.494213938147479,-0.1328675663054
Henan,2005,0.0439882479651097,0.0104666539549818,0.0594135815288783,0.213808908135841,0.486059159040451,260.203979492188,16.5468238127777,1.0449720621109,12.5869738260905,1.0449720621109,12.5869738260905,0.0176793212448282,0.164486092614837,0.273432523373215,0.533564207426546,0.867341160061151,0.494213938147479,-0.1328675663054,0.494213938147479,-0.1328675663054
Henan,2006,0.0439882479651097,0.0104666539549818,0.0594135815288783,0.213808908135841,0.486059159040451,260.203979492188,16.5468238127777,1.0449720621109,12.5869738260905,1.0449720621109,12.5869738260905,0.0176793212448282,0.164486092614837,0.273432523373215,0.533564207426546,0.867341160061151,0.494213938147479,-0.1328675663054,0.494213938147479,-0.1328675663054
Henan,2007,0.0439882479651097,0.0104666539549818,0.0594135815288783,0.213808908135841,0.486059159040451,260.203979492188,19.5316289345607,1.32924938201904,170.449951171875,1.32924938201904,170.449951171875,0.0176793212448282,0.164486092614837,0.273432523373215,0.533564207426546,1.25077629672096,1.15512284252779,1.32909581095008,1.15512284252779,1.32909581095008
Henan,2008,0.0439882479651097,0.0104666539549818,0.0594135815288783,0.213808908135841,0.486059159040451,260.203979492188,8.9790767247661,0.670805295308431,25.7416788736979,0.670805295308431,25.7416788736979,0.0176793212448282,0.164486092614837,0.273432523373215,0.533564207426546,-0.104829558128067,-0.375676589816028,-0.0110423141687033,-0.375676589816028,-0.0110423141687033
Henan,2009,0.0439882479651097,0.0104666539549818,0.0594135815288783,0.213808908135841,0.486059159040451,260.203979492188,16.5468238127777,1.0449720621109,12.5869738260905,1.0449720621109,12.5869738260905,0.0176793212448282,0.164486092614837,0.273432523373215,0.533564207426546,0.867341160061151,0.494213938147479,-0.1328675663054,0.494213938147479,-0.1328675663054
Henan,2010,0.0439882479651097,0.0104666539549818,0.0594135815288783,0.213808908135841,0.486059159040451,260.203979492188,16.5468238127777,1.0449720621109,12.5869738260905,1.0449720621109,12.5869738260905,0.0176793212448282,0.164486092614837,0.273432523373215,0.533564207426546,0.867341160061151,0.494213938147479,-0.1328675663054,0.494213938147479,-0.1328675663054
Henan,2011,0.0439882479651097,0.0104666539549818,0.0594135815288783,0.213808908135841,0.486059159040451,260.203979492188,8.52013612692067,0.246999740600586,-305.725036621094,0.246999740600586,-305.725036621094,0.0176793212448282,0.164486092614837,0.273432523373215,0.533564207426546,-0.163786154513322,-1.36097103723364,-3.08074369051543,-1.36097103723364,-3.08074369051543
Henan,2012,0.0439882479651097,0.0104666539549818,0.0594135815288783,0.213808908135841,0.486059159040451,260.203979492188,5.79452896722154,0.211416244506836,-176.087509155273,0.211416244506836,-176.087509155273,0.0176793212448282,0.164486092614837,0.273432523373215,0.533564207426546,-0.513924106948859,-1.44369817644032,-1.88017519333168,-1.44369817644032,-1.88017519333168
Henan,2013,0.0439882479651097,0.0104666539549818,0.0594135815288783,0.213808908135841,0.486059159040451,260.203979492188,21.5160111082139,1.16216659545898,-72.3250122070313,1.16216659545898,-72.3250122070313,0.0176793212448282,0.164486092614837,0.273432523373215,0.533564207426546,1.50569473155852,0.766676442927923,-0.919234426715865,0.766676442927923,-0.919234426715865
Henan,2014,0.0439882479651097,0.0104666539549818,0.0594135815288783,0.213808908135841,0.486059159040451,260.203979492188,13.6923486547101,0.850791454315186,-45.0875244140625,0.850791454315186,-45.0875244140625,0.0176793212448282,0.164486092614837,0.273432523373215,0.533564207426546,0.500648519279336,0.0427685228338748,-0.666989028134911,0.0427685228338748,-0.666989028134911
Henan,2015,0.0439882479651097,0.0104666539549818,0.0594135815288783,0.213808908135841,0.486059159040451,260.203979492188,6.35429991269516,0.600416660308838,122.1875,0.600416660308838,122.1875,0.0176793212448282,0.164486092614837,0.273432523373215,0.533564207426546,-0.442014605249915,-0.539321285964982,0.882138979803337,-0.539321285964982,0.882138979803337
Henan,2016,0.0439882479651097,0.0104666539549818,0.0594135815288783,0.213808908135841,0.486059159040451,260.203979492188,15.6822549265524,1.12063852945964,125.058349609375,1.12063852945964,125.058349609375,0.0176793212448282,0.164486092614837,0.273432523373215,0.533564207426546,0.756276592856311,0.670128928657239,0.90872581517843,0.670128928657239,0.90872581517843
Henan,2017,0.0439882479651097,0.0104666539549818,0.0594135815288783,0.213808908135841,0.486059159040451,260.203979492188,17.6791684392388,1.0973539352417,15.53125,1.0973539352417,15.53125,0.0176793212448282,0.164486092614837,0.273432523373215,0.533564207426546,1.01280483319159,0.61599518468326,-0.105600730146893,0.61599518468326,-0.105600730146893
Henan,2018,0.0439882479651097,0.0104666539549818,0.0594135815288783,0.213808908135841,0.486059159040451,260.203979492188,20.9136025674578,1.18733406066895,-25.75,1.18733406066895,-25.75,0.0176793212448282,0.164486092614837,0.273432523373215,0.533564207426546,1.42830790336523,0.825187624415491,-0.487904907364665,0.825187624415491,-0.487904907364665
Henan,2019,0.0439882479651097,0.0104666539549818,0.0594135815288783,0.213808908135841,0.486059159040451,260.203979492188,22.0934439190232,1.20737457275391,-50.5499877929688,1.20737457275391,-50.5499877929688,0.0176793212448282,0.164486092614837,0.273432523373215,0.533564207426546,1.57987311831774,0.87177928670347,-0.717576705776818,0.87177928670347,-0.717576705776818
Henan,2020,0.0439882479651097,0.0104666539549818,0.0594135815288783,0.213808908135841,0.486059159040451,260.203979492188,12.9393401707438,1.04999995231628,185.131240844727,1.04999995231628,185.131240844727,0.0176793212448282,0.164486092614837,0.273432523373215,0.533564207426546,0.403915265624531,0.50590314855673,1.46505870860641,0.50590314855673,1.46505870860641
Henan,2021,0.0439882479651097,0.0104666539549818,0.0594135815288783,0.213808908135841,0.486059159040451,260.203979492188,21.8866076915127,1.36302757263184,110.466674804688,1.36302757263184,110.466674804688,0.0176793212448282,0.164486092614837,0.273432523373215,0.533564207426546,1.55330244655666,1.23365287424845,0.773592837605432,1.23365287424845,0.773592837605432
Henan,2022,0.0439882479651097,0.0104666539549818,0.0594135815288783,0.213808908135841,0.486059159040451,260.203979492188,23.3123522415407,1.24966621398926,-54.25,1.24966621398926,-54.25,0.0176793212448282,0.164486092614837,0.273432523373215,0.533564207426546,1.73645696890464,0.970102017065263,-0.751842386261416,0.970102017065263,-0.751842386261416
Henan,2023,0.0439882479651097,0.0104666539549818,0.0594135815288783,0.213808908135841,0.486059159040451,260.203979492188,28.9965302867021,1.56958341598511,64,1.56958341598511,64,0.0176793212448282,0.164486092614837,0.273432523373215,0.533564207426546,2.46665994585585,1.71386915097455,0.343266627055804,1.71386915097455,0.343266627055804
Henan,2024,0.0439882479651097,0.0104666539549818,0.0594135815288783,0.213808908135841,0.486059159040451,260.203979492188,34.8619141233915,1.80272936820984,112.600006103516,1.80272936820984,112.600006103516,0.0176793212448282,0.164486092614837,0.273432523373215,0.533564207426546,3.22014104804581,2.25590407622058,0.793349542330492,2.25590407622058,0.793349542330492
Hong Kong,2002,3.06488556198214e-18,5.66501014474096e-18,2.15945252975974e-12,-2.15945252975974e-17,0.704578518867493,647.156982421875,3.37452628395983,-0.152778625488281,-100.099975585938,-0.152778625488281,-100.099975585938,-1.66151138565939,-1.37144666415008,-2.09395424182619,-1.62306424922817,-0.824803384393704,-2.29040530238051,-1.17645736744141,-2.29040530238051,-1.17645736744141
Hong Kong,2003,3.06488556198214e-18,5.66501014474096e-18,2.15945252975974e-12,-2.15945252975974e-17,0.704578518867493,647.156982421875,3.37452628395983,-0.152778625488281,-100.099975585938,-0.152778625488281,-100.099975585938,-1.66151138565939,-1.37144666415008,-2.09395424182619,-1.62306424922817,-0.824803384393704,-2.29040530238051,-1.17645736744141,-2.29040530238051,-1.17645736744141
Hong Kong,2004,3.06488556198214e-18,5.66501014474096e-18,2.15945252975974e-12,-2.15945252975974e-17,0.704578518867493,647.156982421875,3.37452628395983,-0.152778625488281,-100.099975585938,-0.152778625488281,-100.099975585938,-1.66151138565939,-1.37144666415008,-2.09395424182619,-1.62306424922817,-0.824803384393704,-2.29040530238051,-1.17645736744141,-2.29040530238051,-1.17645736744141
Hong Kong,2005,3.06488556198214e-18,5.66501014474096e-18,2.15945252975974e-12,-2.15945252975974e-17,0.704578518867493,647.156982421875,3.37452628395983,-0.152778625488281,-100.099975585938,-0.152778625488281,-100.099975585938,-1.66151138565939,-1.37144666415008,-2.09395424182619,-1.62306424922817,-0.824803384393704,-2.29040530238051,-1.17645736744141,-2.29040530238051,-1.17645736744141
Hong Kong,2006,3.06488556198214e-18,5.66501014474096e-18,2.15945252975974e-12,-2.15945252975974e-17,0.704578518867493,647.156982421875,3.37452628395983,-0.152778625488281,-100.099975585938,-0.152778625488281,-100.099975585938,-1.66151138565939,-1.37144666415008,-2.09395424182619,-1.62306424922817,-0.824803384393704,-2.29040530238051,-1.17645736744141,-2.29040530238051,-1.17645736744141
Hong Kong,2007,3.06488556198214e-18,5.66501014474096e-18,2.15945252975974e-12,-2.15945252975974e-17,0.704578518867493,647.156982421875,3.37452628395983,-0.152778625488281,-100.099975585938,-0.152778625488281,-100.099975585938,-1.66151138565939,-1.37144666415008,-2.09395424182619,-1.62306424922817,-0.824803384393704,-2.29040530238051,-1.17645736744141,-2.29040530238051,-1.17645736744141
Hong Kong,2008,3.06488556198214e-18,5.66501014474096e-18,2.15945252975974e-12,-2.15945252975974e-17,0.704578518867493,647.156982421875,3.37452628395983,-0.152778625488281,-100.099975585938,-0.152778625488281,-100.099975585938,-1.66151138565939,-1.37144666415008,-2.09395424182619,-1.62306424922817,-0.824803384393704,-2.29040530238051,-1.17645736744141,-2.29040530238051,-1.17645736744141
Hong Kong,2009,3.06488556198214e-18,5.66501014474096e-18,2.15945252975974e-12,-2.15945252975974e-17,0.704578518867493,647.156982421875,3.37452628395983,-0.152778625488281,-100.099975585938,-0.152778625488281,-100.099975585938,-1.66151138565939,-1.37144666415008,-2.09395424182619,-1.62306424922817,-0.824803384393704,-2.29040530238051,-1.17645736744141,-2.29040530238051,-1.17645736744141
Hong Kong,2010,3.06488556198214e-18,5.66501014474096e-18,2.15945252975974e-12,-2.15945252975974e-17,0.704578518867493,647.156982421875,3.37452628395983,-0.152778625488281,-100.099975585938,-0.152778625488281,-100.099975585938,-1.66151138565939,-1.37144666415008,-2.09395424182619,-1.62306424922817,-0.824803384393704,-2.29040530238051,-1.17645736744141,-2.29040530238051,-1.17645736744141
Hong Kong,2011,3.06488556198214e-18,5.66501014474096e-18,2.15945252975974e-12,-2.15945252975974e-17,0.704578518867493,647.156982421875,3.37452628395983,-0.152778625488281,-100.099975585938,-0.152778625488281,-100.099975585938,-1.66151138565939,-1.37144666415008,-2.09395424182619,-1.62306424922817,-0.824803384393704,-2.29040530238051,-1.17645736744141,-2.29040530238051,-1.17645736744141
Hong Kong,2012,3.06488556198214e-18,5.66501014474096e-18,2.15945252975974e-12,-2.15945252975974e-17,0.704578518867493,647.156982421875,3.37452628395983,-0.152778625488281,-100.099975585938,-0.152778625488281,-100.099975585938,-1.66151138565939,-1.37144666415008,-2.09395424182619,-1.62306424922817,-0.824803384393704,-2.29040530238051,-1.17645736744141,-2.29040530238051,-1.17645736744141
Hong Kong,2013,3.06488556198214e-18,5.66501014474096e-18,2.15945252975974e-12,-2.15945252975974e-17,0.704578518867493,647.156982421875,3.37452628395983,-0.152778625488281,-100.099975585938,-0.152778625488281,-100.099975585938,-1.66151138565939,-1.37144666415008,-2.09395424182619,-1.62306424922817,-0.824803384393704,-2.29040530238051,-1.17645736744141,-2.29040530238051,-1.17645736744141
Hong Kong,2014,3.06488556198214e-18,5.66501014474096e-18,2.15945252975974e-12,-2.15945252975974e-17,0.704578518867493,647.156982421875,3.37452628395983,-0.152778625488281,-100.099975585938,-0.152778625488281,-100.099975585938,-1.66151138565939,-1.37144666415008,-2.09395424182619,-1.62306424922817,-0.824803384393704,-2.29040530238051,-1.17645736744141,-2.29040530238051,-1.17645736744141
Hong Kong,2015,3.06488556198214e-18,5.66501014474096e-18,2.15945252975974e-12,-2.15945252975974e-17,0.704578518867493,647.156982421875,3.37452628395983,-0.152778625488281,-100.099975585938,-0.152778625488281,-100.099975585938,-1.66151138565939,-1.37144666415008,-2.09395424182619,-1.62306424922817,-0.824803384393704,-2.29040530238051,-1.17645736744141,-2.29040530238051,-1.17645736744141
Hong Kong,2016,3.06488556198214e-18,5.66501014474096e-18,2.15945252975974e-12,-2.15945252975974e-17,0.704578518867493,647.156982421875,3.37452628395983,-0.152778625488281,-100.099975585938,-0.152778625488281,-100.099975585938,-1.66151138565939,-1.37144666415008,-2.09395424182619,-1.62306424922817,-0.824803384393704,-2.29040530238051,-1.17645736744141,-2.29040530238051,-1.17645736744141
Hong Kong,2017,3.06488556198214e-18,5.66501014474096e-18,2.15945252975974e-12,-2.15945252975974e-17,0.704578518867493,647.156982421875,3.37452628395983,-0.152778625488281,-100.099975585938,-0.152778625488281,-100.099975585938,-1.66151138565939,-1.37144666415008,-2.09395424182619,-1.62306424922817,-0.824803384393704,-2.29040530238051,-1.17645736744141,-2.29040530238051,-1.17645736744141
Hong Kong,2018,3.06488556198214e-18,5.66501014474096e-18,2.15945252975974e-12,-2.15945252975974e-17,0.704578518867493,647.156982421875,3.37452628395983,-0.152778625488281,-100.099975585938,-0.152778625488281,-100.099975585938,-1.66151138565939,-1.37144666415008,-2.09395424182619,-1.62306424922817,-0.824803384393704,-2.29040530238051,-1.17645736744141,-2.29040530238051,-1.17645736744141
Hong Kong,2019,3.06488556198214e-18,5.66501014474096e-18,2.15945252975974e-12,-2.15945252975974e-17,0.704578518867493,647.156982421875,3.37452628395983,-0.152778625488281,-100.099975585938,-0.152778625488281,-100.099975585938,-1.66151138565939,-1.37144666415008,-2.09395424182619,-1.62306424922817,-0.824803384393704,-2.29040530238051,-1.17645736744141,-2.29040530238051,-1.17645736744141
Hong Kong,2020,3.06488556198214e-18,5.66501014474096e-18,2.15945252975974e-12,-2.15945252975974e-17,0.704578518867493,647.156982421875,3.37452628395983,-0.152778625488281,-100.099975585938,-0.152778625488281,-100.099975585938,-1.66151138565939,-1.37144666415008,-2.09395424182619,-1.62306424922817,-0.824803384393704,-2.29040530238051,-1.17645736744141,-2.29040530238051,-1.17645736744141
Hong Kong,2021,3.06488556198214e-18,5.66501014474096e-18,2.15945252975974e-12,-2.15945252975974e-17,0.704578518867493,647.156982421875,3.37452628395983,-0.152778625488281,-100.099975585938,-0.152778625488281,-100.099975585938,-1.66151138565939,-1.37144666415008,-2.09395424182619,-1.62306424922817,-0.824803384393704,-2.29040530238051,-1.17645736744141,-2.29040530238051,-1.17645736744141
Hong Kong,2022,3.06488556198214e-18,5.66501014474096e-18,2.15945252975974e-12,-2.15945252975974e-17,0.704578518867493,647.156982421875,3.37452628395983,-0.152778625488281,-100.099975585938,-0.152778625488281,-100.099975585938,-1.66151138565939,-1.37144666415008,-2.09395424182619,-1.62306424922817,-0.824803384393704,-2.29040530238051,-1.17645736744141,-2.29040530238051,-1.17645736744141
Hong Kong,2023,3.06488556198214e-18,5.66501014474096e-18,2.15945252975974e-12,-2.15945252975974e-17,0.704578518867493,647.156982421875,3.37452628395983,-0.152778625488281,-100.099975585938,-0.152778625488281,-100.099975585938,-1.66151138565939,-1.37144666415008,-2.09395424182619,-1.62306424922817,-0.824803384393704,-2.29040530238051,-1.17645736744141,-2.29040530238051,-1.17645736744141
Hong Kong,2024,3.06488556198214e-18,5.66501014474096e-18,2.15945252975974e-12,-2.15945252975974e-17,0.704578518867493,647.156982421875,3.37452628395983,-0.152778625488281,-100.099975585938,-0.152778625488281,-100.099975585938,-1.66151138565939,-1.37144666415008,-2.09395424182619,-1.62306424922817,-0.824803384393704,-2.29040530238051,-1.17645736744141,-2.29040530238051,-1.17645736744141
Hubei,2002,0.0431056373179286,0.00252064524958792,0.0631284864935155,0.217144813451741,0.503750383853912,393.34716796875,7.25977635173703,0.795891121758355,-20.9543536376953,0.795891121758355,-20.9543536376953,-0.0160131231038711,-1.00155370469256,0.421456201146296,0.5672125170115,-0.325694956904209,-0.0848678241387719,-0.443492598222662,-0.0848678241387719,-0.443492598222662
Hubei,2003,0.0431056373179286,0.00252064524958792,0.0631284864935155,0.217144813451741,0.503750383853912,393.34716796875,7.25977635173703,0.795891121758355,-20.9543536376953,0.795891121758355,-20.9543536376953,-0.0160131231038711,-1.00155370469256,0.421456201146296,0.5672125170115,-0.325694956904209,-0.0848678241387719,-0.443492598222662,-0.0848678241387719,-0.443492598222662
Hubei,2004,0.0431056373179286,0.00252064524958792,0.0631284864935155,0.217144813451741,0.503750383853912,393.34716796875,8.22863865943267,0.820666313171387,-61.5,0.820666313171387,-61.5,-0.0160131231038711,-1.00155370469256,0.421456201146296,0.5672125170115,-0.201232609716227,-0.0272686297398298,-0.81898437650708,-0.0272686297398298,-0.81898437650708
Hubei,2005,0.0431056373179286,0.00252064524958792,0.0631284864935155,0.217144813451741,0.503750383853912,393.34716796875,7.25977635173703,0.795891121758355,-20.9543536376953,0.795891121758355,-20.9543536376953,-0.0160131231038711,-1.00155370469256,0.421456201146296,0.5672125170115,-0.325694956904209,-0.0848678241387719,-0.443492598222662,-0.0848678241387719,-0.443492598222662
Hubei,2006,0.0431056373179286,0.00252064524958792,0.0631284864935155,0.217144813451741,0.503750383853912,393.34716796875,7.25977635173703,0.795891121758355,-20.9543536376953,0.795891121758355,-20.9543536376953,-0.0160131231038711,-1.00155370469256,0.421456201146296,0.5672125170115,-0.325694956904209,-0.0848678241387719,-0.443492598222662,-0.0848678241387719,-0.443492598222662
Hubei,2007,0.0431056373179286,0.00252064524958792,0.0631284864935155,0.217144813451741,0.503750383853912,393.34716796875,7.25977635173703,0.795891121758355,-20.9543536376953,0.795891121758355,-20.9543536376953,-0.0160131231038711,-1.00155370469256,0.421456201146296,0.5672125170115,-0.325694956904209,-0.0848678241387719,-0.443492598222662,-0.0848678241387719,-0.443492598222662
Hubei,2008,0.0431056373179286,0.00252064524958792,0.0631284864935155,0.217144813451741,0.503750383853912,393.34716796875,7.25977635173703,0.795891121758355,-20.9543536376953,0.795891121758355,-20.9543536376953,-0.0160131231038711,-1.00155370469256,0.421456201146296,0.5672125170115,-0.325694956904209,-0.0848678241387719,-0.443492598222662,-0.0848678241387719,-0.443492598222662
Hubei,2009,0.0431056373179286,0.00252064524958792,0.0631284864935155,0.217144813451741,0.503750383853912,393.34716796875,7.25977635173703,0.795891121758355,-20.9543536376953,0.795891121758355,-20.9543536376953,-0.0160131231038711,-1.00155370469256,0.421456201146296,0.5672125170115,-0.325694956904209,-0.0848678241387719,-0.443492598222662,-0.0848678241387719,-0.443492598222662
Hubei,2010,0.0431056373179286,0.00252064524958792,0.0631284864935155,0.217144813451741,0.503750383853912,393.34716796875,2.05053689155042,0.426582336425781,152.275024414063,0.426582336425781,152.275024414063,-0.0160131231038711,-1.00155370469256,0.421456201146296,0.5672125170115,-0.994886198145843,-0.943464158067361,1.1607784654206,-0.943464158067361,1.1607784654206
Hubei,2011,0.0431056373179286,0.00252064524958792,0.0631284864935155,0.217144813451741,0.503750383853912,393.34716796875,3.78766824377603,0.239749908447266,-207.899963378906,0.239749908447266,-207.899963378906,-0.0160131231038711,-1.00155370469256,0.421456201146296,0.5672125170115,-0.771730189542243,-1.37782598235181,-2.17478919211428,-1.37782598235181,-2.17478919211428
Hubei,2012,0.0431056373179286,0.00252064524958792,0.0631284864935155,0.217144813451741,0.503750383853912,393.34716796875,1.86473884359109,0.0285835266113281,-102,0.0285835266113281,-102,-0.0160131231038711,-1.00155370469256,0.421456201146296,0.5672125170115,-1.01875425552436,-1.86876117938491,-1.19405342546562,-1.86876117938491,-1.19405342546562
Hubei,2013,0.0431056373179286,0.00252064524958792,0.0631284864935155,0.217144813451741,0.503750383853912,393.34716796875,7.02671703790491,0.655583381652832,-130.324951171875,0.655583381652832,-130.324951171875,-0.0160131231038711,-1.00155370469256,0.421456201146296,0.5672125170115,-0.355634308454129,-0.41106561866977,-1.45636978343679,-0.41106561866977,-1.45636978343679
Hubei,2014,0.0431056373179286,0.00252064524958792,0.0631284864935155,0.217144813451741,0.503750383853912,393.34716796875,4.49131863069298,0.587708473205566,4.074951171875,0.587708473205566,4.074951171875,-0.0160131231038711,-1.00155370469256,0.421456201146296,0.5672125170115,-0.681337593958964,-0.568866217716122,-0.211697103135774,-0.568866217716122,-0.211697103135774
Hubei,2015,0.0431056373179286,0.00252064524958792,0.0631284864935155,0.217144813451741,0.503750383853912,393.34716796875,2.31066416566456,0.419000625610351,101.224975585938,0.419000625610351,101.224975585938,-0.0160131231038711,-1.00155370469256,0.421456201146296,0.5672125170115,-0.961469632296707,-0.961090679205147,0.68800579225389,-0.961090679205147,0.68800579225389
Hubei,2016,0.0431056373179286,0.00252064524958792,0.0631284864935155,0.217144813451741,0.503750383853912,393.34716796875,7.92589695283949,0.898444652557373,31.11669921875,0.898444652557373,31.11669921875,-0.0160131231038711,-1.00155370469256,0.421456201146296,0.5672125170115,-0.240123526511103,0.153556196822917,0.0387355566696052,0.153556196822917,0.0387355566696052
Hubei,2017,0.0431056373179286,0.00252064524958792,0.0631284864935155,0.217144813451741,0.503750383853912,393.34716796875,11.1756795280994,1.08550024032593,16.0250244140625,1.08550024032593,16.0250244140625,-0.0160131231038711,-1.00155370469256,0.421456201146296,0.5672125170115,0.177351241528394,0.588436839465384,-0.101027902989301,0.588436839465384,-0.101027902989301
Hubei,2018,0.0431056373179286,0.00252064524958792,0.0631284864935155,0.217144813451741,0.503750383853912,393.34716796875,8.5236963434086,0.845748901367188,-56.875,0.845748901367188,-56.875,-0.0160131231038711,-1.00155370469256,0.421456201146296,0.5672125170115,-0.163328800669473,0.0310452233978945,-0.776152417212432,0.0310452233978945,-0.776152417212432
Hubei,2019,0.0431056373179286,0.00252064524958792,0.0631284864935155,0.217144813451741,0.503750383853912,393.34716796875,11.806650866654,0.867792367935181,-217.824981689453,0.867792367935181,-217.824981689453,-0.0160131231038711,-1.00155370469256,0.421456201146296,0.5672125170115,0.258407314389386,0.0822935021663309,-2.26670443109287,0.0822935021663309,-2.26670443109287
Hubei,2020,0.0431056373179286,0.00252064524958792,0.0631284864935155,0.217144813451741,0.503750383853912,393.34716796875,4.10868702676447,0.793860753377279,248.816650390625,0.793860753377279,248.816650390625,-0.0160131231038711,-1.00155370469256,0.421456201146296,0.5672125170115,-0.730491356217,-0.0895881744736462,2.05484700467839,-0.0895881744736462,2.05484700467839
Hubei,2021,0.0431056373179286,0.00252064524958792,0.0631284864935155,0.217144813451741,0.503750383853912,393.34716796875,17.0103475417714,1.3810001373291,19.0699951171875,1.3810001373291,19.0699951171875,-0.0160131231038711,-1.00155370469256,0.421456201146296,0.5672125170115,0.92688651633071,1.27543681975213,-0.0728285384034317,1.27543681975213,-0.0728285384034317
Hubei,2022,0.0431056373179286,0.00252064524958792,0.0631284864935155,0.217144813451741,0.503750383853912,393.34716796875,15.3742770778227,1.2463743686676,-39.1437377929688,1.2463743686676,-39.1437377929688,-0.0160131231038711,-1.00155370469256,0.421456201146296,0.5672125170115,0.716713028838656,0.962448891991382,-0.611943833192044,0.962448891991382,-0.611943833192044
Hubei,2023,0.0431056373179286,0.00252064524958792,0.0631284864935155,0.217144813451741,0.503750383853912,393.34716796875,7.25977635173703,0.795891121758355,-20.9543536376953,0.795891121758355,-20.9543536376953,-0.0160131231038711,-1.00155370469256,0.421456201146296,0.5672125170115,-0.325694956904209,-0.0848678241387719,-0.443492598222662,-0.0848678241387719,-0.443492598222662
Hubei,2024,0.0431056373179286,0.00252064524958792,0.0631284864935155,0.217144813451741,0.503750383853912,393.34716796875,25.7998851375217,1.64177083969116,-71.3499908447266,1.64177083969116,-71.3499908447266,-0.0160131231038711,-1.00155370469256,0.421456201146296,0.5672125170115,2.05601133744797,1.88169580393097,-0.910204788812807,1.88169580393097,-0.910204788812807
Hunan,2002,0.0189702283469961,0.00756605205339091,0.0347710350255269,0.103357874200594,0.544842541217804,460.582000732422,7.86075839658088,0.876700382762485,-13.5700719197591,0.876700382762485,-13.5700719197591,-0.937349078185972,-0.261163737230505,-0.708471562422549,-0.580523343595186,-0.248491379755044,0.103003512805307,-0.375107029798261,0.103003512805307,-0.375107029798261
Hunan,2003,0.0189702283469961,0.00756605205339091,0.0347710350255269,0.103357874200594,0.544842541217804,460.582000732422,7.86075839658088,0.876700382762485,-13.5700719197591,0.876700382762485,-13.5700719197591,-0.937349078185972,-0.261163737230505,-0.708471562422549,-0.580523343595186,-0.248491379755044,0.103003512805307,-0.375107029798261,0.103003512805307,-0.375107029798261
Hunan,2004,0.0189702283469961,0.00756605205339091,0.0347710350255269,0.103357874200594,0.544842541217804,460.582000732422,7.86075839658088,0.876700382762485,-13.5700719197591,0.876700382762485,-13.5700719197591,-0.937349078185972,-0.261163737230505,-0.708471562422549,-0.580523343595186,-0.248491379755044,0.103003512805307,-0.375107029798261,0.103003512805307,-0.375107029798261
Hunan,2005,0.0189702283469961,0.00756605205339091,0.0347710350255269,0.103357874200594,0.544842541217804,460.582000732422,7.86075839658088,0.876700382762485,-13.5700719197591,0.876700382762485,-13.5700719197591,-0.937349078185972,-0.261163737230505,-0.708471562422549,-0.580523343595186,-0.248491379755044,0.103003512805307,-0.375107029798261,0.103003512805307,-0.375107029798261
Hunan,2006,0.0189702283469961,0.00756605205339091,0.0347710350255269,0.103357874200594,0.544842541217804,460.582000732422,12.2892360401326,1.13875007629395,-31.699951171875,1.13875007629395,-31.699951171875,-0.937349078185972,-0.261163737230505,-0.708471562422549,-0.580523343595186,0.320401348972195,0.71223599009557,-0.543007191991453,0.71223599009557,-0.543007191991453
Hunan,2007,0.0189702283469961,0.00756605205339091,0.0347710350255269,0.103357874200594,0.544842541217804,460.582000732422,22.956378005078,1.31349945068359,-337.650024414063,1.31349945068359,-337.650024414063,-0.937349078185972,-0.261163737230505,-0.708471562422549,-0.580523343595186,1.69072767521999,1.11850623918307,-3.37639985865177,1.11850623918307,-3.37639985865177
Hunan,2008,0.0189702283469961,0.00756605205339091,0.0347710350255269,0.103357874200594,0.544842541217804,460.582000732422,7.86075839658088,0.876700382762485,-13.5700719197591,0.876700382762485,-13.5700719197591,-0.937349078185972,-0.261163737230505,-0.708471562422549,-0.580523343595186,-0.248491379755044,0.103003512805307,-0.375107029798261,0.103003512805307,-0.375107029798261
Hunan,2009,0.0189702283469961,0.00756605205339091,0.0347710350255269,0.103357874200594,0.544842541217804,460.582000732422,7.86075839658088,0.876700382762485,-13.5700719197591,0.876700382762485,-13.5700719197591,-0.937349078185972,-0.261163737230505,-0.708471562422549,-0.580523343595186,-0.248491379755044,0.103003512805307,-0.375107029798261,0.103003512805307,-0.375107029798261
Hunan,2010,0.0189702283469961,0.00756605205339091,0.0347710350255269,0.103357874200594,0.544842541217804,460.582000732422,2.34897830096501,0.374979257583618,131.243713378906,0.374979257583618,131.243713378906,-0.937349078185972,-0.261163737230505,-0.708471562422549,-0.580523343595186,-0.956547707713517,-1.0634348061347,0.966008247437707,-1.0634348061347,0.966008247437707
Hunan,2011,0.0189702283469961,0.00756605205339091,0.0347710350255269,0.103357874200594,0.544842541217804,460.582000732422,4.79867625278343,0.275437116622925,-293.668731689453,0.275437116622925,-293.668731689453,-0.937349078185972,-0.261163737230505,-0.708471562422549,-0.580523343595186,-0.64185370572465,-1.294857725639,-2.96909068249902,-1.294857725639,-2.96909068249902
Hunan,2012,0.0189702283469961,0.00756605205339091,0.0347710350255269,0.103357874200594,0.544842541217804,460.582000732422,7.86075839658088,0.876700382762485,-13.5700719197591,0.876700382762485,-13.5700719197591,-0.937349078185972,-0.261163737230505,-0.708471562422549,-0.580523343595186,-0.248491379755044,0.103003512805307,-0.375107029798261,0.103003512805307,-0.375107029798261
Hunan,2013,0.0189702283469961,0.00756605205339091,0.0347710350255269,0.103357874200594,0.544842541217804,460.582000732422,7.86075839658088,0.876700382762485,-13.5700719197591,0.876700382762485,-13.5700719197591,-0.937349078185972,-0.261163737230505,-0.708471562422549,-0.580523343595186,-0.248491379755044,0.103003512805307,-0.375107029798261,0.103003512805307,-0.375107029798261
Hunan,2014,0.0189702283469961,0.00756605205339091,0.0347710350255269,0.103357874200594,0.544842541217804,460.582000732422,3.92770260134482,0.569999694824219,46.0062255859375,0.569999694824219,46.0062255859375,-0.937349078185972,-0.261163737230505,-0.708471562422549,-0.580523343595186,-0.753741044241064,-0.610036893314556,0.176626926891435,-0.610036893314556,0.176626926891435
Hunan,2015,0.0189702283469961,0.00756605205339091,0.0347710350255269,0.103357874200594,0.544842541217804,460.582000732422,2.68399286645077,0.461000442504883,138.375,0.461000442504883,138.375,-0.937349078185972,-0.261163737230505,-0.708471562422549,-0.580523343595186,-0.91351094301401,-0.863446403619223,1.03205083733461,-0.863446403619223,1.03205083733461
Hunan,2016,0.0189702283469961,0.00756605205339091,0.0347710350255269,0.103357874200594,0.544842541217804,460.582000732422,4.2155372821859,0.843500137329102,336.506225585938,0.843500137329102,336.506225585938,-0.937349078185972,-0.261163737230505,-0.708471562422549,-0.580523343595186,-0.716765119287609,0.0258171307132531,2.86693701880393,0.0258171307132531,2.86693701880393
Hunan,2017,0.0189702283469961,0.00756605205339091,0.0347710350255269,0.103357874200594,0.544842541217804,460.582000732422,5.1232678397045,0.713582992553711,56.25,0.713582992553711,56.25,-0.937349078185972,-0.261163737230505,-0.708471562422549,-0.580523343595186,-0.600155901542593,-0.276223840551942,0.271494154724232,-0.276223840551942,0.271494154724232
Hunan,2018,0.0189702283469961,0.00756605205339091,0.0347710350255269,0.103357874200594,0.544842541217804,460.582000732422,6.26905536503783,0.735916455586751,-27.8249918619792,0.735916455586751,-27.8249918619792,-0.937349078185972,-0.261163737230505,-0.708471562422549,-0.580523343595186,-0.452965321778092,-0.224301356588204,-0.507121332655263,-0.224301356588204,-0.507121332655263
Hunan,2019,0.0189702283469961,0.00756605205339091,0.0347710350255269,0.103357874200594,0.544842541217804,460.582000732422,10.1527815924762,0.710041999816895,-311.837524414063,0.710041999816895,-311.837524414063,-0.937349078185972,-0.261163737230505,-0.708471562422549,-0.580523343595186,0.0459473495716486,-0.284456201933653,-3.13735122096678,-0.284456201933653,-3.13735122096678
Hunan,2020,0.0189702283469961,0.00756605205339091,0.0347710350255269,0.103357874200594,0.544842541217804,460.582000732422,5.94096615332305,0.865583419799805,137.425048828125,0.865583419799805,137.425048828125,-0.937349078185972,-0.261163737230505,-0.708471562422549,-0.580523343595186,-0.495112439126683,0.0771579764323187,1.0232533735669,0.0771579764323187,1.0232533735669
Hunan,2021,0.0189702283469961,0.00756605205339091,0.0347710350255269,0.103357874200594,0.544842541217804,460.582000732422,15.7448725761601,1.30619462331136,-42.3249918619792,1.30619462331136,-42.3249918619792,-0.937349078185972,-0.261163737230505,-0.708471562422549,-0.580523343595186,0.764320604460093,1.10152343711912,-0.641405313146593,1.10152343711912,-0.641405313146593
Hunan,2022,0.0189702283469961,0.00756605205339091,0.0347710350255269,0.103357874200594,0.544842541217804,460.582000732422,13.4760201759267,1.0988195737203,-134.737508138021,1.0988195737203,-134.737508138021,-0.937349078185972,-0.261163737230505,-0.708471562422549,-0.580523343595186,0.472858450433513,0.619402609241153,-1.49723431540636,0.619402609241153,-1.49723431540636
Hunan,2023,0.0189702283469961,0.00756605205339091,0.0347710350255269,0.103357874200594,0.544842541217804,460.582000732422,16.0297754009028,1.32039535045624,-41.7218856811523,1.32039535045624,-41.7218856811523,-0.937349078185972,-0.261163737230505,-0.708471562422549,-0.580523343595186,0.800919896233858,1.13453833616825,-0.635819968414155,1.13453833616825,-0.635819968414155
Hunan,2024,0.0189702283469961,0.00756605205339091,0.0347710350255269,0.103357874200594,0.544842541217804,460.582000732422,14.0531116163237,1.42280515034993,172.108317057292,1.42280515034993,172.108317057292,-0.937349078185972,-0.261163737230505,-0.708471562422549,-0.580523343595186,0.546992983940895,1.37262820090815,1.34445387799869,1.37262820090815,1.34445387799869
Inner Mongolia,2002,0.025231014378407,0.0182168161740964,0.0107402151845823,0.0422685521945524,0.167526170611382,111.579971313477,13.3017621676269,1.38312374341367,-9.33346070183648,1.38312374341367,-9.33346070183648,-0.698352204971115,1.30178632951758,-1.66600085768578,-1.19671362015872,0.450472853886893,1.28037393598477,-0.335871925099166,1.28037393598477,-0.335871925099166
Inner Mongolia,2003,0.025231014378407,0.0182168161740964,0.0107402151845823,0.0422685521945524,0.167526170611382,111.579971313477,13.3017621676269,1.38312374341367,-9.33346070183648,1.38312374341367,-9.33346070183648,-0.698352204971115,1.30178632951758,-1.66600085768578,-1.19671362015872,0.450472853886893,1.28037393598477,-0.335871925099166,1.28037393598477,-0.335871925099166
Inner Mongolia,2004,0.025231014378407,0.0182168161740964,0.0107402151845823,0.0422685521945524,0.167526170611382,111.579971313477,13.3017621676269,1.38312374341367,-9.33346070183648,1.38312374341367,-9.33346070183648,-0.698352204971115,1.30178632951758,-1.66600085768578,-1.19671362015872,0.450472853886893,1.28037393598477,-0.335871925099166,1.28037393598477,-0.335871925099166
Inner Mongolia,2005,0.025231014378407,0.0182168161740964,0.0107402151845823,0.0422685521945524,0.167526170611382,111.579971313477,13.3017621676269,1.38312374341367,-9.33346070183648,1.38312374341367,-9.33346070183648,-0.698352204971115,1.30178632951758,-1.66600085768578,-1.19671362015872,0.450472853886893,1.28037393598477,-0.335871925099166,1.28037393598477,-0.335871925099166
Inner Mongolia,2006,0.025231014378407,0.0182168161740964,0.0107402151845823,0.0422685521945524,0.167526170611382,111.579971313477,14.0093758253756,1.3788332939148,-47.6500091552734,1.3788332939148,-47.6500091552734,-0.698352204971115,1.30178632951758,-1.66600085768578,-1.19671362015872,0.54137458062983,1.27039918218268,-0.69072010751409,1.27039918218268,-0.69072010751409
Inner Mongolia,2007,0.025231014378407,0.0182168161740964,0.0107402151845823,0.0422685521945524,0.167526170611382,111.579971313477,43.9693012934217,2.46366691589355,-27.1000061035156,2.46366691589355,-27.1000061035156,-0.698352204971115,1.30178632951758,-1.66600085768578,-1.19671362015872,4.39009757843004,3.79250049075201,-0.500407265521056,3.79250049075201,-0.500407265521056
Inner Mongolia,2008,0.025231014378407,0.0182168161740964,0.0107402151845823,0.0422685521945524,0.167526170611382,111.579971313477,13.3017621676269,1.38312374341367,-9.33346070183648,1.38312374341367,-9.33346070183648,-0.698352204971115,1.30178632951758,-1.66600085768578,-1.19671362015872,0.450472853886893,1.28037393598477,-0.335871925099166,1.28037393598477,-0.335871925099166
Inner Mongolia,2009,0.025231014378407,0.0182168161740964,0.0107402151845823,0.0422685521945524,0.167526170611382,111.579971313477,2.03382443196703,0.206000089645386,-101.524993896484,0.206000089645386,-101.524993896484,-0.698352204971115,1.30178632951758,-1.66600085768578,-1.19671362015872,-0.99703312029413,-1.45629005319148,-1.18965441095957,-1.45629005319148,-1.18965441095957
Inner Mongolia,2010,0.025231014378407,0.0182168161740964,0.0107402151845823,0.0422685521945524,0.167526170611382,111.579971313477,13.3017621676269,1.38312374341367,-9.33346070183648,1.38312374341367,-9.33346070183648,-0.698352204971115,1.30178632951758,-1.66600085768578,-1.19671362015872,0.450472853886893,1.28037393598477,-0.335871925099166,1.28037393598477,-0.335871925099166
Inner Mongolia,2011,0.025231014378407,0.0182168161740964,0.0107402151845823,0.0422685521945524,0.167526170611382,111.579971313477,13.3017621676269,1.38312374341367,-9.33346070183648,1.38312374341367,-9.33346070183648,-0.698352204971115,1.30178632951758,-1.66600085768578,-1.19671362015872,0.450472853886893,1.28037393598477,-0.335871925099166,1.28037393598477,-0.335871925099166
Inner Mongolia,2012,0.025231014378407,0.0182168161740964,0.0107402151845823,0.0422685521945524,0.167526170611382,111.579971313477,13.3017621676269,1.38312374341367,-9.33346070183648,1.38312374341367,-9.33346070183648,-0.698352204971115,1.30178632951758,-1.66600085768578,-1.19671362015872,0.450472853886893,1.28037393598477,-0.335871925099166,1.28037393598477,-0.335871925099166
Inner Mongolia,2013,0.025231014378407,0.0182168161740964,0.0107402151845823,0.0422685521945524,0.167526170611382,111.579971313477,13.3017621676269,1.38312374341367,-9.33346070183648,1.38312374341367,-9.33346070183648,-0.698352204971115,1.30178632951758,-1.66600085768578,-1.19671362015872,0.450472853886893,1.28037393598477,-0.335871925099166,1.28037393598477,-0.335871925099166
Inner Mongolia,2014,0.025231014378407,0.0182168161740964,0.0107402151845823,0.0422685521945524,0.167526170611382,111.579971313477,8.46111126672222,1.08938880761464,-17.0583292643229,1.08938880761464,-17.0583292643229,-0.698352204971115,1.30178632951758,-1.66600085768578,-1.19671362015872,-0.171368627878617,0.597477267830282,-0.407411656088339,0.597477267830282,-0.407411656088339
Inner Mongolia,2015,0.025231014378407,0.0182168161740964,0.0107402151845823,0.0422685521945524,0.167526170611382,111.579971313477,8.7185161879022,1.09880550702413,-24.2833353678385,1.09880550702413,-24.2833353678385,-0.698352204971115,1.30178632951758,-1.66600085768578,-1.19671362015872,-0.138301781936396,0.619369905947218,-0.474322178754148,0.619369905947218,-0.474322178754148
Inner Mongolia,2016,0.025231014378407,0.0182168161740964,0.0107402151845823,0.0422685521945524,0.167526170611382,111.579971313477,13.3017621676269,1.38312374341367,-9.33346070183648,1.38312374341367,-9.33346070183648,-0.698352204971115,1.30178632951758,-1.66600085768578,-1.19671362015872,0.450472853886893,1.28037393598477,-0.335871925099166,1.28037393598477,-0.335871925099166
Inner Mongolia,2017,0.025231014378407,0.0182168161740964,0.0107402151845823,0.0422685521945524,0.167526170611382,111.579971313477,23.3282592307876,1.82094462712606,-12.6833330790202,1.82094462712606,-12.6833330790202,-0.698352204971115,1.30178632951758,-1.66600085768578,-1.19671362015872,1.73850041842541,2.29825225516504,-0.36689497316442,2.29825225516504,-0.36689497316442
Inner Mongolia,2018,0.025231014378407,0.0182168161740964,0.0107402151845823,0.0422685521945524,0.167526170611382,111.579971313477,5.22997408264762,0.867208123207092,11.3500061035156,0.867208123207092,11.3500061035156,-0.698352204971115,1.30178632951758,-1.66600085768578,-1.19671362015872,-0.586448164797318,0.080935206881798,-0.144323080065859,0.080935206881798,-0.144323080065859
Inner Mongolia,2019,0.025231014378407,0.0182168161740964,0.0107402151845823,0.0422685521945524,0.167526170611382,111.579971313477,12.3587097853099,1.43441677093506,88.7749938964844,1.43441677093506,88.7749938964844,-0.698352204971115,1.30178632951758,-1.66600085768578,-1.19671362015872,0.329326110854281,1.39962375384735,0.572706957888102,1.39962375384735,0.572706957888102
Inner Mongolia,2020,0.025231014378407,0.0182168161740964,0.0107402151845823,0.0422685521945524,0.167526170611382,111.579971313477,13.3017621676269,1.38312374341367,-9.33346070183648,1.38312374341367,-9.33346070183648,-0.698352204971115,1.30178632951758,-1.66600085768578,-1.19671362015872,0.450472853886893,1.28037393598477,-0.335871925099166,1.28037393598477,-0.335871925099166
Inner Mongolia,2021,0.025231014378407,0.0182168161740964,0.0107402151845823,0.0422685521945524,0.167526170611382,111.579971313477,13.3017621676269,1.38312374341367,-9.33346070183648,1.38312374341367,-9.33346070183648,-0.698352204971115,1.30178632951758,-1.66600085768578,-1.19671362015872,0.450472853886893,1.28037393598477,-0.335871925099166,1.28037393598477,-0.335871925099166
Inner Mongolia,2022,0.025231014378407,0.0182168161740964,0.0107402151845823,0.0422685521945524,0.167526170611382,111.579971313477,14.9988925242956,1.44837486743927,-28.4250030517578,1.44837486743927,-28.4250030517578,-0.698352204971115,1.30178632951758,-1.66600085768578,-1.19671362015872,0.668490239842753,1.4320745672672,-0.512678014786492,1.4320745672672,-0.512678014786492
Inner Mongolia,2023,0.025231014378407,0.0182168161740964,0.0107402151845823,0.0422685521945524,0.167526170611382,111.579971313477,18.6435806033937,1.61038886176215,-32.9680516984728,1.61038886176215,-32.9680516984728,-0.698352204971115,1.30178632951758,-1.66600085768578,-1.19671362015872,1.13669550439837,1.80873666439409,-0.554751025534535,1.80873666439409,-0.554751025534535
Inner Mongolia,2024,0.025231014378407,0.0182168161740964,0.0107402151845823,0.0422685521945524,0.167526170611382,111.579971313477,20.1327281244764,1.79633331298828,88.8999938964844,1.79633331298828,88.8999938964844,-0.698352204971115,1.30178632951758,-1.66600085768578,-1.19671362015872,1.32799492260357,2.24103405475632,0.573864578409579,2.24103405475632,0.573864578409579
Jiangsu,2002,0.0217271318036011,0.00581270806452776,0.0534683116468678,0.108386098725391,0.498851388692856,306.400817871094,11.2701595140428,1.01666283683899,147.681652499468,1.01666283683899,147.681652499468,-0.832108090460451,-0.518458807646966,0.0365379805340354,-0.529805100884092,0.189488364336658,0.428398560880101,1.11823941269172,0.428398560880101,1.11823941269172
Jiangsu,2003,0.0217271318036011,0.00581270806452776,0.0534683116468678,0.108386098725391,0.498851388692856,306.400817871094,11.2701595140428,1.01666283683899,147.681652499468,1.01666283683899,147.681652499468,-0.832108090460451,-0.518458807646966,0.0365379805340354,-0.529805100884092,0.189488364336658,0.428398560880101,1.11823941269172,0.428398560880101,1.11823941269172
Jiangsu,2004,0.0217271318036011,0.00581270806452776,0.0534683116468678,0.108386098725391,0.498851388692856,306.400817871094,11.2701595140428,1.01666283683899,147.681652499468,1.01666283683899,147.681652499468,-0.832108090460451,-0.518458807646966,0.0365379805340354,-0.529805100884092,0.189488364336658,0.428398560880101,1.11823941269172,0.428398560880101,1.11823941269172
Jiangsu,2005,0.0217271318036011,0.00581270806452776,0.0534683116468678,0.108386098725391,0.498851388692856,306.400817871094,11.2701595140428,1.01666283683899,147.681652499468,1.01666283683899,147.681652499468,-0.832108090460451,-0.518458807646966,0.0365379805340354,-0.529805100884092,0.189488364336658,0.428398560880101,1.11823941269172,0.428398560880101,1.11823941269172
Jiangsu,2006,0.0217271318036011,0.00581270806452776,0.0534683116468678,0.108386098725391,0.498851388692856,306.400817871094,11.2701595140428,1.01666283683899,147.681652499468,1.01666283683899,147.681652499468,-0.832108090460451,-0.518458807646966,0.0365379805340354,-0.529805100884092,0.189488364336658,0.428398560880101,1.11823941269172,0.428398560880101,1.11823941269172
Jiangsu,2007,0.0217271318036011,0.00581270806452776,0.0534683116468678,0.108386098725391,0.498851388692856,306.400817871094,11.2701595140428,1.01666283683899,147.681652499468,1.01666283683899,147.681652499468,-0.832108090460451,-0.518458807646966,0.0365379805340354,-0.529805100884092,0.189488364336658,0.428398560880101,1.11823941269172,0.428398560880101,1.11823941269172
Jiangsu,2008,0.0217271318036011,0.00581270806452776,0.0534683116468678,0.108386098725391,0.498851388692856,306.400817871094,11.2701595140428,1.01666283683899,147.681652499468,1.01666283683899,147.681652499468,-0.832108090460451,-0.518458807646966,0.0365379805340354,-0.529805100884092,0.189488364336658,0.428398560880101,1.11823941269172,0.428398560880101,1.11823941269172
Jiangsu,2009,0.0217271318036011,0.00581270806452776,0.0534683116468678,0.108386098725391,0.498851388692856,306.400817871094,7.64014766817128,0.756853580474854,101.868713378906,0.756853580474854,101.868713378906,-0.832108090460451,-0.518458807646966,0.0365379805340354,-0.529805100884092,-0.276831556532088,-0.175625182649528,0.693967424890617,-0.175625182649528,0.693967424890617
Jiangsu,2010,0.0217271318036011,0.00581270806452776,0.0534683116468678,0.108386098725391,0.498851388692856,306.400817871094,4.83298616417057,0.578332424163818,129.587524414063,0.578332424163818,129.587524414063,-0.832108090460451,-0.518458807646966,0.0365379805340354,-0.529805100884092,-0.637446173230986,-0.590664348856517,0.950670340772532,-0.590664348856517,0.950670340772532
Jiangsu,2011,0.0217271318036011,0.00581270806452776,0.0534683116468678,0.108386098725391,0.498851388692856,306.400817871094,11.2701595140428,1.01666283683899,147.681652499468,1.01666283683899,147.681652499468,-0.832108090460451,-0.518458807646966,0.0365379805340354,-0.529805100884092,0.189488364336658,0.428398560880101,1.11823941269172,0.428398560880101,1.11823941269172
Jiangsu,2012,0.0217271318036011,0.00581270806452776,0.0534683116468678,0.108386098725391,0.498851388692856,306.400817871094,11.2701595140428,1.01666283683899,147.681652499468,1.01666283683899,147.681652499468,-0.832108090460451,-0.518458807646966,0.0365379805340354,-0.529805100884092,0.189488364336658,0.428398560880101,1.11823941269172,0.428398560880101,1.11823941269172
Jiangsu,2013,0.0217271318036011,0.00581270806452776,0.0534683116468678,0.108386098725391,0.498851388692856,306.400817871094,11.2701595140428,1.01666283683899,147.681652499468,1.01666283683899,147.681652499468,-0.832108090460451,-0.518458807646966,0.0365379805340354,-0.529805100884092,0.189488364336658,0.428398560880101,1.11823941269172,0.428398560880101,1.11823941269172
Jiangsu,2014,0.0217271318036011,0.00581270806452776,0.0534683116468678,0.108386098725391,0.498851388692856,306.400817871094,11.2701595140428,1.01666283683899,147.681652499468,1.01666283683899,147.681652499468,-0.832108090460451,-0.518458807646966,0.0365379805340354,-0.529805100884092,0.189488364336658,0.428398560880101,1.11823941269172,0.428398560880101,1.11823941269172
Jiangsu,2015,0.0217271318036011,0.00581270806452776,0.0534683116468678,0.108386098725391,0.498851388692856,306.400817871094,11.2701595140428,1.01666283683899,147.681652499468,1.01666283683899,147.681652499468,-0.832108090460451,-0.518458807646966,0.0365379805340354,-0.529805100884092,0.189488364336658,0.428398560880101,1.11823941269172,0.428398560880101,1.11823941269172
Jiangsu,2016,0.0217271318036011,0.00581270806452776,0.0534683116468678,0.108386098725391,0.498851388692856,306.400817871094,11.2701595140428,1.01666283683899,147.681652499468,1.01666283683899,147.681652499468,-0.832108090460451,-0.518458807646966,0.0365379805340354,-0.529805100884092,0.189488364336658,0.428398560880101,1.11823941269172,0.428398560880101,1.11823941269172
Jiangsu,2017,0.0217271318036011,0.00581270806452776,0.0534683116468678,0.108386098725391,0.498851388692856,306.400817871094,10.1246652695508,0.913624286651611,107.149963378906,0.913624286651611,107.149963378906,-0.832108090460451,-0.518458807646966,0.0365379805340354,-0.529805100884092,0.0423354601237908,0.188846931030482,0.742876891923019,0.188846931030482,0.742876891923019
Jiangsu,2018,0.0217271318036011,0.00581270806452776,0.0534683116468678,0.108386098725391,0.498851388692856,306.400817871094,8.92833257296357,0.796666145324707,61.050048828125,0.796666145324707,61.050048828125,-0.832108090460451,-0.518458807646966,0.0365379805340354,-0.529805100884092,-0.111348272076624,-0.0830659921239205,0.315947234944464,-0.0830659921239205,0.315947234944464
Jiangsu,2019,0.0217271318036011,0.00581270806452776,0.0534683116468678,0.108386098725391,0.498851388692856,306.400817871094,15.5813874766845,1.01331520080566,-65.8700073242188,1.01331520080566,-65.8700073242188,-0.832108090460451,-0.518458807646966,0.0365379805340354,-0.529805100884092,0.743318921301021,0.420615729440136,-0.859454857767243,0.420615729440136,-0.859454857767243
Jiangsu,2020,0.0217271318036011,0.00581270806452776,0.0534683116468678,0.108386098725391,0.498851388692856,306.400817871094,7.84977862937774,0.98272164662679,327.024983723958,0.98272164662679,327.024983723958,-0.832108090460451,-0.518458807646966,0.0365379805340354,-0.529805100884092,-0.24990186665997,0.349489575654837,2.77913157761582,0.349489575654837,2.77913157761582
Jiangsu,2021,0.0217271318036011,0.00581270806452776,0.0534683116468678,0.108386098725391,0.498851388692856,306.400817871094,18.2443391954561,1.43627762794495,245.020843505859,1.43627762794495,245.020843505859,-0.832108090460451,-0.518458807646966,0.0365379805340354,-0.529805100884092,1.08540800737031,1.40395001162975,2.01969417311544,1.40395001162975,2.01969417311544
Jiangsu,2022,0.0217271318036011,0.00581270806452776,0.0534683116468678,0.108386098725391,0.498851388692856,306.400817871094,11.2701595140428,1.01666283683899,147.681652499468,1.01666283683899,147.681652499468,-0.832108090460451,-0.518458807646966,0.0365379805340354,-0.529805100884092,0.189488364336658,0.428398560880101,1.11823941269172,0.428398560880101,1.11823941269172
Jiangsu,2023,0.0217271318036011,0.00581270806452776,0.0534683116468678,0.108386098725391,0.498851388692856,306.400817871094,11.2701595140428,1.01666283683899,147.681652499468,1.01666283683899,147.681652499468,-0.832108090460451,-0.518458807646966,0.0365379805340354,-0.529805100884092,0.189488364336658,0.428398560880101,1.11823941269172,0.428398560880101,1.11823941269172
Jiangsu,2024,0.0217271318036011,0.00581270806452776,0.0534683116468678,0.108386098725391,0.498851388692856,306.400817871094,23.103404007283,1.65551178271954,275.621150090144,1.65551178271954,275.621150090144,-0.832108090460451,-0.518458807646966,0.0365379805340354,-0.529805100884092,1.70961498375367,1.91364176291557,2.30308251603909,1.91364176291557,2.30308251603909
Jiangxi,2002,0.0555181677950237,0.00309992464135601,0.0727307499262645,0.316090936826047,0.569346845149994,527.761657714844,4.1455732628301,0.720732806279109,25.383596880008,0.720732806279109,25.383596880008,0.457818111157508,-0.916547149879311,0.804066890192624,1.56525337136694,-0.725752862952072,-0.259601425660374,-0.0143584986828378,-0.259601425660374,-0.0143584986828378
Jiangxi,2003,0.0555181677950237,0.00309992464135601,0.0727307499262645,0.316090936826047,0.569346845149994,527.761657714844,4.1455732628301,0.720732806279109,25.383596880008,0.720732806279109,25.383596880008,0.457818111157508,-0.916547149879311,0.804066890192624,1.56525337136694,-0.725752862952072,-0.259601425660374,-0.0143584986828378,-0.259601425660374,-0.0143584986828378
Jiangxi,2004,0.0555181677950237,0.00309992464135601,0.0727307499262645,0.316090936826047,0.569346845149994,527.761657714844,4.1455732628301,0.720732806279109,25.383596880008,0.720732806279109,25.383596880008,0.457818111157508,-0.916547149879311,0.804066890192624,1.56525337136694,-0.725752862952072,-0.259601425660374,-0.0143584986828378,-0.259601425660374,-0.0143584986828378
Jiangxi,2005,0.0555181677950237,0.00309992464135601,0.0727307499262645,0.316090936826047,0.569346845149994,527.761657714844,4.1455732628301,0.720732806279109,25.383596880008,0.720732806279109,25.383596880008,0.457818111157508,-0.916547149879311,0.804066890192624,1.56525337136694,-0.725752862952072,-0.259601425660374,-0.0143584986828378,-0.259601425660374,-0.0143584986828378
Jiangxi,2006,0.0555181677950237,0.00309992464135601,0.0727307499262645,0.316090936826047,0.569346845149994,527.761657714844,4.1455732628301,0.720732806279109,25.383596880008,0.720732806279109,25.383596880008,0.457818111157508,-0.916547149879311,0.804066890192624,1.56525337136694,-0.725752862952072,-0.259601425660374,-0.0143584986828378,-0.259601425660374,-0.0143584986828378
Jiangxi,2007,0.0555181677950237,0.00309992464135601,0.0727307499262645,0.316090936826047,0.569346845149994,527.761657714844,4.1455732628301,0.720732806279109,25.383596880008,0.720732806279109,25.383596880008,0.457818111157508,-0.916547149879311,0.804066890192624,1.56525337136694,-0.725752862952072,-0.259601425660374,-0.0143584986828378,-0.259601425660374,-0.0143584986828378
Jiangxi,2008,0.0555181677950237,0.00309992464135601,0.0727307499262645,0.316090936826047,0.569346845149994,527.761657714844,4.1455732628301,0.720732806279109,25.383596880008,0.720732806279109,25.383596880008,0.457818111157508,-0.916547149879311,0.804066890192624,1.56525337136694,-0.725752862952072,-0.259601425660374,-0.0143584986828378,-0.259601425660374,-0.0143584986828378
Jiangxi,2009,0.0555181677950237,0.00309992464135601,0.0727307499262645,0.316090936826047,0.569346845149994,527.761657714844,2.85864656318364,0.280834197998047,-292.550008138021,0.280834197998047,-292.550008138021,0.457818111157508,-0.916547149879311,0.804066890192624,1.56525337136694,-0.891074515393936,-1.28231019233724,-2.95873022377104,-1.28231019233724,-2.95873022377104
Jiangxi,2010,0.0555181677950237,0.00309992464135601,0.0727307499262645,0.316090936826047,0.569346845149994,527.761657714844,9.66621416611829,0.0546665191650391,731.925048828125,0.0546665191650391,731.925048828125,0.457818111157508,-0.916547149879311,0.804066890192624,1.56525337136694,-0.0165582546496137,-1.80812151232598,6.5288965737114,-1.80812151232598,6.5288965737114
Jiangxi,2011,0.0555181677950237,0.00309992464135601,0.0727307499262645,0.316090936826047,0.569346845149994,527.761657714844,1.81125250059632,-0.357500076293945,-322.949951171875,-0.357500076293945,-322.949951171875,0.457818111157508,-0.916547149879311,0.804066890192624,1.56525337136694,-1.02562523784946,-2.76635684786025,-3.24026300703281,-2.76635684786025,-3.24026300703281
Jiangxi,2012,0.0555181677950237,0.00309992464135601,0.0727307499262645,0.316090936826047,0.569346845149994,527.761657714844,5.96799461766703,-0.0536384582519531,444.091674804688,-0.0536384582519531,444.091674804688,0.457818111157508,-0.916547149879311,0.804066890192624,1.56525337136694,-0.491640298569229,-2.05991692107237,3.86328200942748,-2.05991692107237,3.86328200942748
Jiangxi,2013,0.0555181677950237,0.00309992464135601,0.0727307499262645,0.316090936826047,0.569346845149994,527.761657714844,9.33906047129901,0.887998580932617,-263.375,0.887998580932617,-263.375,0.457818111157508,-0.916547149879311,0.804066890192624,1.56525337136694,-0.0585851932816606,0.129270398171001,-2.6885415186924,0.129270398171001,-2.6885415186924
Jiangxi,2014,0.0555181677950237,0.00309992464135601,0.0727307499262645,0.316090936826047,0.569346845149994,527.761657714844,4.1455732628301,0.720732806279109,25.383596880008,0.720732806279109,25.383596880008,0.457818111157508,-0.916547149879311,0.804066890192624,1.56525337136694,-0.725752862952072,-0.259601425660374,-0.0143584986828378,-0.259601425660374,-0.0143584986828378
Jiangxi,2015,0.0555181677950237,0.00309992464135601,0.0727307499262645,0.316090936826047,0.569346845149994,527.761657714844,2.21684789473482,0.465666770935059,146,0.465666770935059,146,0.457818111157508,-0.916547149879311,0.804066890192624,1.56525337136694,-0.973521492702043,-0.852597778722722,1.1026656891447,-0.852597778722722,1.1026656891447
Jiangxi,2016,0.0555181677950237,0.00309992464135601,0.0727307499262645,0.316090936826047,0.569346845149994,527.761657714844,4.1455732628301,0.720732806279109,25.383596880008,0.720732806279109,25.383596880008,0.457818111157508,-0.916547149879311,0.804066890192624,1.56525337136694,-0.725752862952072,-0.259601425660374,-0.0143584986828378,-0.259601425660374,-0.0143584986828378
Jiangxi,2017,0.0555181677950237,0.00309992464135601,0.0727307499262645,0.316090936826047,0.569346845149994,527.761657714844,9.48040759387607,1.11916732788086,-14.4000244140625,1.11916732788086,-14.4000244140625,0.457818111157508,-0.916547149879311,0.804066890192624,1.56525337136694,-0.0404274070777046,0.666708570593269,-0.382793190112313,0.666708570593269,-0.382793190112313
Jiangxi,2018,0.0555181677950237,0.00309992464135601,0.0727307499262645,0.316090936826047,0.569346845149994,527.761657714844,6.69609937181514,0.90858325958252,-34.6550048828125,0.90858325958252,-34.6550048828125,0.457818111157508,-0.916547149879311,0.804066890192624,1.56525337136694,-0.398106237041397,0.177127179070454,-0.570373838534236,0.177127179070454,-0.570373838534236
Jiangxi,2019,0.0555181677950237,0.00309992464135601,0.0727307499262645,0.316090936826047,0.569346845149994,527.761657714844,6.07770722782071,0.870248794555664,-20.375,0.870248794555664,-20.375,0.457818111157508,-0.916547149879311,0.804066890192624,1.56525337136694,-0.477546356770291,0.08800438415635,-0.438127224941155,0.08800438415635,-0.438127224941155
Jiangxi,2020,0.0555181677950237,0.00309992464135601,0.0727307499262645,0.316090936826047,0.569346845149994,527.761657714844,4.1455732628301,0.720732806279109,25.383596880008,0.720732806279109,25.383596880008,0.457818111157508,-0.916547149879311,0.804066890192624,1.56525337136694,-0.725752862952072,-0.259601425660374,-0.0143584986828378,-0.259601425660374,-0.0143584986828378
Jiangxi,2021,0.0555181677950237,0.00309992464135601,0.0727307499262645,0.316090936826047,0.569346845149994,527.761657714844,18.4496705925732,1.31183242797852,-308.375,1.31183242797852,-308.375,0.457818111157508,-0.916547149879311,0.804066890192624,1.56525337136694,1.11178536505425,1.11463062170523,-3.10528490642411,1.11463062170523,-3.10528490642411
Jiangxi,2022,0.0555181677950237,0.00309992464135601,0.0727307499262645,0.316090936826047,0.569346845149994,527.761657714844,8.16346590293967,1.03033351898193,-16.9749755859375,1.03033351898193,-16.9749755859375,0.457818111157508,-0.916547149879311,0.804066890192624,1.56525337136694,-0.209604856403295,0.460181172170172,-0.406639720659223,0.460181172170172,-0.406639720659223
Jiangxi,2023,0.0555181677950237,0.00309992464135601,0.0727307499262645,0.316090936826047,0.569346845149994,527.761657714844,12.0167180666609,1.36466598510742,106.599975585938,1.36466598510742,106.599975585938,0.457818111157508,-0.916547149879311,0.804066890192624,1.56525337136694,0.285393044531215,1.23746197655219,0.7377834746774,1.23746197655219,0.7377834746774
Jiangxi,2024,0.0555181677950237,0.00309992464135601,0.0727307499262645,0.316090936826047,0.569346845149994,527.761657714844,13.3184961857505,1.48666763305664,175.025024414063,1.48666763305664,175.025024414063,0.457818111157508,-0.916547149879311,0.804066890192624,1.56525337136694,0.452622545496329,1.52110041631504,1.37146540032941,1.52110041631504,1.37146540032941
Jilin,2002,0.073517564422611,0.0130584389103411,0.022873542755,0.114589651661273,0.155867040157318,227.166778564453,3.9267341043216,0.988916873931885,-38.0249938964844,0.988916873931885,-38.0249938964844,1.14492025650553,0.54481847281472,-1.18253767687891,-0.467231661308846,-0.753865459662942,0.363892697549752,-0.601583186049264,0.363892697549752,-0.601583186049264
Jilin,2003,0.073517564422611,0.0130584389103411,0.022873542755,0.114589651661273,0.155867040157318,227.166778564453,2.34868360429813,0.85612080792586,28.9272944132487,0.85612080792586,28.9272944132487,1.14492025650553,0.54481847281472,-1.18253767687891,-0.467231661308846,-0.956585565145453,0.0551585976278271,0.0184595572082563,0.0551585976278271,0.0184595572082563
Jilin,2004,0.073517564422611,0.0130584389103411,0.022873542755,0.114589651661273,0.155867040157318,227.166778564453,2.34868360429813,0.85612080792586,28.9272944132487,0.85612080792586,28.9272944132487,1.14492025650553,0.54481847281472,-1.18253767687891,-0.467231661308846,-0.956585565145453,0.0551585976278271,0.0184595572082563,0.0551585976278271,0.0184595572082563
Jilin,2005,0.073517564422611,0.0130584389103411,0.022873542755,0.114589651661273,0.155867040157318,227.166778564453,2.34868360429813,0.85612080792586,28.9272944132487,0.85612080792586,28.9272944132487,1.14492025650553,0.54481847281472,-1.18253767687891,-0.467231661308846,-0.956585565145453,0.0551585976278271,0.0184595572082563,0.0551585976278271,0.0184595572082563
Jilin,2006,0.073517564422611,0.0130584389103411,0.022873542755,0.114589651661273,0.155867040157318,227.166778564453,2.34868360429813,0.85612080792586,28.9272944132487,0.85612080792586,28.9272944132487,1.14492025650553,0.54481847281472,-1.18253767687891,-0.467231661308846,-0.956585565145453,0.0551585976278271,0.0184595572082563,0.0551585976278271,0.0184595572082563
Jilin,2007,0.073517564422611,0.0130584389103411,0.022873542755,0.114589651661273,0.155867040157318,227.166778564453,20.9649162877975,1.89674997329712,-113.450012207031,1.89674997329712,-113.450012207031,1.14492025650553,0.54481847281472,-1.18253767687891,-0.467231661308846,1.43489978543733,2.47449012141577,-1.30009157828179,2.47449012141577,-1.30009157828179
Jilin,2008,0.073517564422611,0.0130584389103411,0.022873542755,0.114589651661273,0.155867040157318,227.166778564453,2.34868360429813,0.85612080792586,28.9272944132487,0.85612080792586,28.9272944132487,1.14492025650553,0.54481847281472,-1.18253767687891,-0.467231661308846,-0.956585565145453,0.0551585976278271,0.0184595572082563,0.0551585976278271,0.0184595572082563
Jilin,2009,0.073517564422611,0.0130584389103411,0.022873542755,0.114589651661273,0.155867040157318,227.166778564453,2.34868360429813,0.85612080792586,28.9272944132487,0.85612080792586,28.9272944132487,1.14492025650553,0.54481847281472,-1.18253767687891,-0.467231661308846,-0.956585565145453,0.0551585976278271,0.0184595572082563,0.0551585976278271,0.0184595572082563
Jilin,2010,0.073517564422611,0.0130584389103411,0.022873542755,0.114589651661273,0.155867040157318,227.166778564453,5.24436885331674,-0.357500076293945,-42.75,-0.357500076293945,-42.75,1.14492025650553,0.54481847281472,-1.18253767687891,-0.467231661308846,-0.58459897845734,-2.76635684786025,-0.645341298285534,-2.76635684786025,-0.645341298285534
Jilin,2011,0.073517564422611,0.0130584389103411,0.022873542755,0.114589651661273,0.155867040157318,227.166778564453,0.996679670146367,0.357222239176432,-14.066660563151,0.357222239176432,-14.066660563151,1.14492025650553,0.54481847281472,-1.18253767687891,-0.467231661308846,-1.13026719329356,-1.10471763370725,-0.379705919432844,-1.10471763370725,-0.379705919432844
Jilin,2012,0.073517564422611,0.0130584389103411,0.022873542755,0.114589651661273,0.155867040157318,227.166778564453,8.36980780720771,-0.403291791677475,154.281265258789,-0.403291791677475,154.281265258789,1.14492025650553,0.54481847281472,-1.18253767687891,-0.467231661308846,-0.183097686576945,-2.87281680904746,1.17935819000365,-2.87281680904746,1.17935819000365
Jilin,2013,0.073517564422611,0.0130584389103411,0.022873542755,0.114589651661273,0.155867040157318,227.166778564453,2.34868360429813,0.85612080792586,28.9272944132487,0.85612080792586,28.9272944132487,1.14492025650553,0.54481847281472,-1.18253767687891,-0.467231661308846,-0.956585565145453,0.0551585976278271,0.0184595572082563,0.0551585976278271,0.0184595572082563
Jilin,2014,0.073517564422611,0.0130584389103411,0.022873542755,0.114589651661273,0.155867040157318,227.166778564453,2.34868360429813,0.85612080792586,28.9272944132487,0.85612080792586,28.9272944132487,1.14492025650553,0.54481847281472,-1.18253767687891,-0.467231661308846,-0.956585565145453,0.0551585976278271,0.0184595572082563,0.0551585976278271,0.0184595572082563
Jilin,2015,0.073517564422611,0.0130584389103411,0.022873542755,0.114589651661273,0.155867040157318,227.166778564453,2.34868360429813,0.85612080792586,28.9272944132487,0.85612080792586,28.9272944132487,1.14492025650553,0.54481847281472,-1.18253767687891,-0.467231661308846,-0.956585565145453,0.0551585976278271,0.0184595572082563,0.0551585976278271,0.0184595572082563
Jilin,2016,0.073517564422611,0.0130584389103411,0.022873542755,0.114589651661273,0.155867040157318,227.166778564453,2.34868360429813,0.85612080792586,28.9272944132487,0.85612080792586,28.9272944132487,1.14492025650553,0.54481847281472,-1.18253767687891,-0.467231661308846,-0.956585565145453,0.0551585976278271,0.0184595572082563,0.0551585976278271,0.0184595572082563
Jilin,2017,0.073517564422611,0.0130584389103411,0.022873542755,0.114589651661273,0.155867040157318,227.166778564453,2.34868360429813,0.85612080792586,28.9272944132487,0.85612080792586,28.9272944132487,1.14492025650553,0.54481847281472,-1.18253767687891,-0.467231661308846,-0.956585565145453,0.0551585976278271,0.0184595572082563,0.0551585976278271,0.0184595572082563
Jilin,2018,0.073517564422611,0.0130584389103411,0.022873542755,0.114589651661273,0.155867040157318,227.166778564453,2.51945120504336,0.97599983215332,147.950012207031,0.97599983215332,147.950012207031,1.14492025650553,0.54481847281472,-1.18253767687891,-0.467231661308846,-0.934648354621738,0.333862205027647,1.12072468232862,0.333862205027647,1.12072468232862
Jilin,2019,0.073517564422611,0.0130584389103411,0.022873542755,0.114589651661273,0.155867040157318,227.166778564453,11.7084355310367,1.63224983215332,59.9750061035156,1.63224983215332,59.9750061035156,1.14492025650553,0.54481847281472,-1.18253767687891,-0.467231661308846,0.245790339713333,1.85956066257511,0.305991302788685,1.85956066257511,0.305991302788685
Jilin,2020,0.073517564422611,0.0130584389103411,0.022873542755,0.114589651661273,0.155867040157318,227.166778564453,5.35035060848312,1.16097211837769,4.01666259765625,1.16097211837769,4.01666259765625,1.14492025650553,0.54481847281472,-1.18253767687891,-0.467231661308846,-0.570984311128105,0.763899434409045,-0.21223691153324,0.763899434409045,-0.21223691153324
Jilin,2021,0.073517564422611,0.0130584389103411,0.022873542755,0.114589651661273,0.155867040157318,227.166778564453,2.34868360429813,0.85612080792586,28.9272944132487,0.85612080792586,28.9272944132487,1.14492025650553,0.54481847281472,-1.18253767687891,-0.467231661308846,-0.956585565145453,0.0551585976278271,0.0184595572082563,0.0551585976278271,0.0184595572082563
Jilin,2022,0.073517564422611,0.0130584389103411,0.022873542755,0.114589651661273,0.155867040157318,227.166778564453,1.69198587665748,0.819791793823242,135.1875,0.819791793823242,135.1875,1.14492025650553,0.54481847281472,-1.18253767687891,-0.467231661308846,-1.04094651089178,-0.0293017768949681,1.00253151403694,-0.0293017768949681,1.00253151403694
Jilin,2023,0.073517564422611,0.0130584389103411,0.022873542755,0.114589651661273,0.155867040157318,227.166778564453,10.2039317047829,1.49009728431702,-3.84583536783854,1.49009728431702,-3.84583536783854,1.14492025650553,0.54481847281472,-1.18253767687891,-0.467231661308846,0.0525182141682453,1.52907392281086,-0.285051223492662,1.52907392281086,-0.285051223492662
Jilin,2024,0.073517564422611,0.0130584389103411,0.022873542755,0.114589651661273,0.155867040157318,227.166778564453,2.34868360429813,0.85612080792586,28.9272944132487,0.85612080792586,28.9272944132487,1.14492025650553,0.54481847281472,-1.18253767687891,-0.467231661308846,-0.956585565145453,0.0551585976278271,0.0184595572082563,0.0551585976278271,0.0184595572082563
Liaoning,2002,0.0863163654593768,0.0160916042924581,0.0709852748416341,0.241593679938866,0.2798932492733,239.773971557617,7.32950304827588,0.990385721524556,20.8242018054781,0.990385721524556,20.8242018054781,1.63349683672077,0.98992137648543,0.734516889870206,0.813821143652947,-0.316737700291006,0.367307582893008,-0.0565828931132132,0.367307582893008,-0.0565828931132132
Liaoning,2003,0.0863163654593768,0.0160916042924581,0.0709852748416341,0.241593679938866,0.2798932492733,239.773971557617,2.93210771756523,0.549893061319987,-11.2666829427083,0.549893061319987,-11.2666829427083,1.63349683672077,0.98992137648543,0.734516889870206,0.813821143652947,-0.881637521479685,-0.656782279560466,-0.353775427008038,-0.656782279560466,-0.353775427008038
Liaoning,2004,0.0863163654593768,0.0160916042924581,0.0709852748416341,0.241593679938866,0.2798932492733,239.773971557617,7.32950304827588,0.990385721524556,20.8242018054781,0.990385721524556,20.8242018054781,1.63349683672077,0.98992137648543,0.734516889870206,0.813821143652947,-0.316737700291006,0.367307582893008,-0.0565828931132132,0.367307582893008,-0.0565828931132132
Liaoning,2005,0.0863163654593768,0.0160916042924581,0.0709852748416341,0.241593679938866,0.2798932492733,239.773971557617,7.32950304827588,0.990385721524556,20.8242018054781,0.990385721524556,20.8242018054781,1.63349683672077,0.98992137648543,0.734516889870206,0.813821143652947,-0.316737700291006,0.367307582893008,-0.0565828931132132,0.367307582893008,-0.0565828931132132
Liaoning,2006,0.0863163654593768,0.0160916042924581,0.0709852748416341,0.241593679938866,0.2798932492733,239.773971557617,3.20296061644808,0.575107574462891,-23.5124969482422,0.575107574462891,-23.5124969482422,1.63349683672077,0.98992137648543,0.734516889870206,0.813821143652947,-0.846843116464789,-0.598161717564369,-0.467183471768007,-0.598161717564369,-0.467183471768007
Liaoning,2007,0.0863163654593768,0.0160916042924581,0.0709852748416341,0.241593679938866,0.2798932492733,239.773971557617,7.32950304827588,0.990385721524556,20.8242018054781,0.990385721524556,20.8242018054781,1.63349683672077,0.98992137648543,0.734516889870206,0.813821143652947,-0.316737700291006,0.367307582893008,-0.0565828931132132,0.367307582893008,-0.0565828931132132
Liaoning,2008,0.0863163654593768,0.0160916042924581,0.0709852748416341,0.241593679938866,0.2798932492733,239.773971557617,7.32950304827588,0.990385721524556,20.8242018054781,0.990385721524556,20.8242018054781,1.63349683672077,0.98992137648543,0.734516889870206,0.813821143652947,-0.316737700291006,0.367307582893008,-0.0565828931132132,0.367307582893008,-0.0565828931132132
Liaoning,2009,0.0863163654593768,0.0160916042924581,0.0709852748416341,0.241593679938866,0.2798932492733,239.773971557617,7.32950304827588,0.990385721524556,20.8242018054781,0.990385721524556,20.8242018054781,1.63349683672077,0.98992137648543,0.734516889870206,0.813821143652947,-0.316737700291006,0.367307582893008,-0.0565828931132132,0.367307582893008,-0.0565828931132132
Liaoning,2010,0.0863163654593768,0.0160916042924581,0.0709852748416341,0.241593679938866,0.2798932492733,239.773971557617,7.32950304827588,0.990385721524556,20.8242018054781,0.990385721524556,20.8242018054781,1.63349683672077,0.98992137648543,0.734516889870206,0.813821143652947,-0.316737700291006,0.367307582893008,-0.0565828931132132,0.367307582893008,-0.0565828931132132
Liaoning,2011,0.0863163654593768,0.0160916042924581,0.0709852748416341,0.241593679938866,0.2798932492733,239.773971557617,7.32950304827588,0.990385721524556,20.8242018054781,0.990385721524556,20.8242018054781,1.63349683672077,0.98992137648543,0.734516889870206,0.813821143652947,-0.316737700291006,0.367307582893008,-0.0565828931132132,0.367307582893008,-0.0565828931132132
Liaoning,2012,0.0863163654593768,0.0160916042924581,0.0709852748416341,0.241593679938866,0.2798932492733,239.773971557617,7.32950304827588,0.990385721524556,20.8242018054781,0.990385721524556,20.8242018054781,1.63349683672077,0.98992137648543,0.734516889870206,0.813821143652947,-0.316737700291006,0.367307582893008,-0.0565828931132132,0.367307582893008,-0.0565828931132132
Liaoning,2013,0.0863163654593768,0.0160916042924581,0.0709852748416341,0.241593679938866,0.2798932492733,239.773971557617,1.60611251966921,-0.069666862487793,44.7250366210938,-0.069666862487793,44.7250366210938,1.63349683672077,0.98992137648543,0.734516889870206,0.813821143652947,-1.05197800575619,-2.09718093877838,0.164761881790692,-2.09718093877838,0.164761881790692
Liaoning,2014,0.0863163654593768,0.0160916042924581,0.0709852748416341,0.241593679938866,0.2798932492733,239.773971557617,13.485964868297,1.12603918711344,-229.700012207031,1.12603918711344,-229.700012207031,1.63349683672077,0.98992137648543,0.734516889870206,0.813821143652947,0.474135969173413,0.682684776355765,-2.37667866325538,0.682684776355765,-2.37667866325538
Liaoning,2015,0.0863163654593768,0.0160916042924581,0.0709852748416341,0.241593679938866,0.2798932492733,239.773971557617,7.32950304827588,0.990385721524556,20.8242018054781,0.990385721524556,20.8242018054781,1.63349683672077,0.98992137648543,0.734516889870206,0.813821143652947,-0.316737700291006,0.367307582893008,-0.0565828931132132,0.367307582893008,-0.0565828931132132
Liaoning,2016,0.0863163654593768,0.0160916042924581,0.0709852748416341,0.241593679938866,0.2798932492733,239.773971557617,7.32950304827588,0.990385721524556,20.8242018054781,0.990385721524556,20.8242018054781,1.63349683672077,0.98992137648543,0.734516889870206,0.813821143652947,-0.316737700291006,0.367307582893008,-0.0565828931132132,0.367307582893008,-0.0565828931132132
Liaoning,2017,0.0863163654593768,0.0160916042924581,0.0709852748416341,0.241593679938866,0.2798932492733,239.773971557617,7.32950304827588,0.990385721524556,20.8242018054781,0.990385721524556,20.8242018054781,1.63349683672077,0.98992137648543,0.734516889870206,0.813821143652947,-0.316737700291006,0.367307582893008,-0.0565828931132132,0.367307582893008,-0.0565828931132132
Liaoning,2018,0.0863163654593768,0.0160916042924581,0.0709852748416341,0.241593679938866,0.2798932492733,239.773971557617,6.31538868128316,0.859832763671875,-42.3624572753906,0.859832763671875,-42.3624572753906,1.63349683672077,0.98992137648543,0.734516889870206,0.813821143652947,-0.447013234214056,0.0637884264372433,-0.641752278997878,0.0637884264372433,-0.641752278997878
Liaoning,2019,0.0863163654593768,0.0160916042924581,0.0709852748416341,0.241593679938866,0.2798932492733,239.773971557617,15.3021154078152,1.3395893573761,-98.5312347412109,1.3395893573761,-98.5312347412109,1.63349683672077,0.98992137648543,0.734516889870206,0.813821143652947,0.707442969765464,1.1791619807424,-1.16192931468354,1.1791619807424,-1.16192931468354
Liaoning,2020,0.0863163654593768,0.0160916042924581,0.0709852748416341,0.241593679938866,0.2798932492733,239.773971557617,7.32950304827588,0.990385721524556,20.8242018054781,0.990385721524556,20.8242018054781,1.63349683672077,0.98992137648543,0.734516889870206,0.813821143652947,-0.316737700291006,0.367307582893008,-0.0565828931132132,0.367307582893008,-0.0565828931132132
Liaoning,2021,0.0863163654593768,0.0160916042924581,0.0709852748416341,0.241593679938866,0.2798932492733,239.773971557617,12.3416977555422,1.38952198028564,131.391674804688,1.38952198028564,131.391674804688,1.63349683672077,0.98992137648543,0.734516889870206,0.813821143652947,0.327140705210458,1.295249029511,0.967378512900678,1.295249029511,0.967378512900678
Liaoning,2022,0.0863163654593768,0.0160916042924581,0.0709852748416341,0.241593679938866,0.2798932492733,239.773971557617,4.78580926669926,0.955832004547119,268.36070905413,0.955832004547119,268.36070905413,1.63349683672077,0.98992137648543,0.734516889870206,0.813821143652947,-0.643506629237671,0.286974550214901,2.23584383173297,0.286974550214901,2.23584383173297
Liaoning,2023,0.0863163654593768,0.0160916042924581,0.0709852748416341,0.241593679938866,0.2798932492733,239.773971557617,16.8080874385185,1.47949981689453,-20.4000244140625,1.47949981689453,-20.4000244140625,1.63349683672077,0.98992137648543,0.734516889870206,0.813821143652947,0.90090370433216,1.50443614802931,-0.438358975143208,1.50443614802931,-0.438358975143208
Liaoning,2024,0.0863163654593768,0.0160916042924581,0.0709852748416341,0.241593679938866,0.2798932492733,239.773971557617,17.749286874083,1.69820833206177,189.537506103516,1.69820833206177,189.537506103516,1.63349683672077,0.98992137648543,0.734516889870206,0.813821143652947,1.02181241343549,2.01290585354268,1.50586497329957,2.01290585354268,1.50586497329957
Macao,2002,0.0492432590616138,0.00640189982508906,0.0983383581054161,0.354595652993036,0.720089733600617,639.05908203125,8.74782140043137,0.722983407974243,54.6962692260743,0.722983407974243,54.6962692260743,0.218282123268844,-0.431997658844834,1.82442471299906,1.95363927785304,-0.134537164913675,-0.254369060654934,0.257105109694258,-0.254369060654934,0.257105109694258
Macao,2003,0.0492432590616138,0.00640189982508906,0.0983383581054161,0.354595652993036,0.720089733600617,639.05908203125,6.13343821454966,0.464469091759788,-15.4277733696832,0.464469091759788,-15.4277733696832,0.218282123268844,-0.431997658844834,1.82442471299906,1.95363927785304,-0.470387022193756,-0.855382231706109,-0.392311136367937,-0.855382231706109,-0.392311136367937
Macao,2004,0.0492432590616138,0.00640189982508906,0.0983383581054161,0.354595652993036,0.720089733600617,639.05908203125,7.7373249549217,0.612034360567729,-64.2750027974447,0.612034360567729,-64.2750027974447,0.218282123268844,-0.431997658844834,1.82442471299906,1.95363927785304,-0.264347932072506,-0.512311598551285,-0.844683577990904,-0.512311598551285,-0.844683577990904
Macao,2005,0.0492432590616138,0.00640189982508906,0.0983383581054161,0.354595652993036,0.720089733600617,639.05908203125,5.41980757091164,0.369494438171387,14.7433268229167,0.369494438171387,14.7433268229167,0.218282123268844,-0.431997658844834,1.82442471299906,1.95363927785304,-0.56206170519769,-1.07618631930371,-0.112897658460005,-1.07618631930371,-0.112897658460005
Macao,2006,0.0492432590616138,0.00640189982508906,0.0983383581054161,0.354595652993036,0.720089733600617,639.05908203125,10.0641326419564,0.787216372401626,-64.5631418786868,0.787216372401626,-64.5631418786868,0.218282123268844,-0.431997658844834,1.82442471299906,1.95363927785304,0.0345592953870528,-0.105035521987415,-0.847352023698787,-0.105035521987415,-0.847352023698787
Macao,2007,0.0492432590616138,0.00640189982508906,0.0983383581054161,0.354595652993036,0.720089733600617,639.05908203125,15.3351551094006,1.1180932834895,-19.6049346153182,1.1180932834895,-19.6049346153182,0.218282123268844,-0.431997658844834,1.82442471299906,1.95363927785304,0.711687328098986,0.664211552884715,-0.430995677003661,0.664211552884715,-0.430995677003661
Macao,2008,0.0492432590616138,0.00640189982508906,0.0983383581054161,0.354595652993036,0.720089733600617,639.05908203125,5.96212241548916,0.439081723873432,32.5176290732164,0.439081723873432,32.5176290732164,0.218282123268844,-0.431997658844834,1.82442471299906,1.95363927785304,-0.492394655571679,-0.91440465917339,0.0517095178590453,-0.91440465917339,0.0517095178590453
Macao,2009,0.0492432590616138,0.00640189982508906,0.0983383581054161,0.354595652993036,0.720089733600617,639.05908203125,7.74350317385415,0.613818903764089,-59.4505266613431,0.613818903764089,-59.4505266613431,0.218282123268844,-0.431997658844834,1.82442471299906,1.95363927785304,-0.263554263432838,-0.508162760757588,-0.800004277346686,-0.508162760757588,-0.800004277346686
Macao,2010,0.0492432590616138,0.00640189982508906,0.0983383581054161,0.354595652993036,0.720089733600617,639.05908203125,5.62939739394921,0.345967319660953,115.885285760675,0.345967319660953,115.885285760675,0.218282123268844,-0.431997658844834,1.82442471299906,1.95363927785304,-0.535137300032199,-1.1308839016609,0.823774399529842,-1.1308839016609,0.823774399529842
Macao,2011,0.0492432590616138,0.00640189982508906,0.0983383581054161,0.354595652993036,0.720089733600617,639.05908203125,4.20816285745869,0.217071279386679,-96.2709220488866,0.217071279386679,-96.2709220488866,0.218282123268844,-0.431997658844834,1.82442471299906,1.95363927785304,-0.717712455357368,-1.43055093378347,-1.14099663982282,-1.43055093378347,-1.14099663982282
Macao,2012,0.0492432590616138,0.00640189982508906,0.0983383581054161,0.354595652993036,0.720089733600617,639.05908203125,4.14062014066818,0.125619892369617,2.5128884748979,0.125619892369617,2.5128884748979,0.218282123268844,-0.431997658844834,1.82442471299906,1.95363927785304,-0.726389152758461,-1.64316387109777,-0.226163309806609,-1.64316387109777,-0.226163309806609
Macao,2013,0.0492432590616138,0.00640189982508906,0.0983383581054161,0.354595652993036,0.720089733600617,639.05908203125,8.70498820358941,0.701130747971711,-25.7745263558847,0.701130747971711,-25.7745263558847,0.218282123268844,-0.431997658844834,1.82442471299906,1.95363927785304,-0.140039618847707,-0.305173738230816,-0.488132045067778,-0.305173738230816,-0.488132045067778
Macao,2014,0.0492432590616138,0.00640189982508906,0.0983383581054161,0.354595652993036,0.720089733600617,639.05908203125,8.82847805672075,0.718999620633466,4.87891324361166,0.718999620633466,4.87891324361166,0.218282123268844,-0.431997658844834,1.82442471299906,1.95363927785304,-0.124175819778899,-0.263630863627919,-0.204251639193922,-0.263630863627919,-0.204251639193922
Macao,2015,0.0492432590616138,0.00640189982508906,0.0983383581054161,0.354595652993036,0.720089733600617,639.05908203125,9.28160840729591,0.770514065670032,74.7819304821538,0.770514065670032,74.7819304821538,0.218282123268844,-0.431997658844834,1.82442471299906,1.95363927785304,-0.065965621521899,-0.143866277976562,0.443117698954039,-0.143866277976562,0.443117698954039
Macao,2016,0.0492432590616138,0.00640189982508906,0.0983383581054161,0.354595652993036,0.720089733600617,639.05908203125,11.2207089281801,0.911373483362021,66.2828719527633,0.911373483362021,66.2828719527633,0.218282123268844,-0.431997658844834,1.82442471299906,1.95363927785304,0.183135824933073,0.183614097343365,0.364408222419189,0.183614097343365,0.364408222419189
Macao,2017,0.0492432590616138,0.00640189982508906,0.0983383581054161,0.354595652993036,0.720089733600617,639.05908203125,12.4083708067844,0.990844695547135,72.266104968497,0.990844695547135,72.266104968497,0.218282123268844,-0.431997658844834,1.82442471299906,1.95363927785304,0.335705683315061,0.368374639591374,0.419818729009524,0.368374639591374,0.419818729009524
Macao,2018,0.0492432590616138,0.00640189982508906,0.0983383581054161,0.354595652993036,0.720089733600617,639.05908203125,10.2741436420326,0.827472954130534,7.44582821817109,0.827472954130534,7.44582821817109,0.218282123268844,-0.431997658844834,1.82442471299906,1.95363927785304,0.0615378059526566,-0.0114440482351434,-0.18047953158243,-0.0114440482351434,-0.18047953158243
Macao,2019,0.0492432590616138,0.00640189982508906,0.0983383581054161,0.354595652993036,0.720089733600617,639.05908203125,13.0943732802931,1.00233466784611,-4.11683233365145,1.00233466784611,-4.11683233365145,0.218282123268844,-0.431997658844834,1.82442471299906,1.95363927785304,0.423831186135723,0.395087375612414,-0.287560916683727,0.395087375612414,-0.287560916683727
Macao,2020,0.0492432590616138,0.00640189982508906,0.0983383581054161,0.354595652993036,0.720089733600617,639.05908203125,11.8910656744486,0.958063287536303,73.1096273916739,0.958063287536303,73.1096273916739,0.218282123268844,-0.431997658844834,1.82442471299906,1.95363927785304,0.269251440569224,0.292162001666253,0.427630559948688,0.292162001666253,0.427630559948688
Macao,2021,0.0492432590616138,0.00640189982508906,0.0983383581054161,0.354595652993036,0.720089733600617,639.05908203125,16.6701985685128,1.24276967227459,100.328066457113,1.24276967227459,100.328066457113,0.218282123268844,-0.431997658844834,1.82442471299906,1.95363927785304,0.883190173445784,0.954068427645864,0.679699548946468,0.954068427645864,0.679699548946468
Macao,2022,0.0492432590616138,0.00640189982508906,0.0983383581054161,0.354595652993036,0.720089733600617,639.05908203125,12.2655998749032,0.961801213026047,17.796866343362,0.961801213026047,17.796866343362,0.218282123268844,-0.431997658844834,1.82442471299906,1.95363927785304,0.317364991195038,0.300852206853498,-0.0846189383639375,0.300852206853498,-0.0846189383639375
Macao,2023,0.0492432590616138,0.00640189982508906,0.0983383581054161,0.354595652993036,0.720089733600617,639.05908203125,21.9486870054424,1.44630305320813,21.0800759673749,1.44630305320813,21.0800759673749,0.218282123268844,-0.431997658844834,1.82442471299906,1.95363927785304,1.56127730228397,1.42725786055973,-0.0542132516673929,1.42725786055973,-0.0542132516673929
Macao,2024,0.0492432590616138,0.00640189982508906,0.0983383581054161,0.354595652993036,0.720089733600617,639.05908203125,22.0732475650865,1.50341223534034,118.157477429525,1.50341223534034,118.157477429525,0.218282123268844,-0.431997658844834,1.82442471299906,1.95363927785304,1.57727864684782,1.56002950412683,0.84481708516656,1.56002950412683,0.84481708516656
Ningxia,2002,0.0390005142637616,0.00382240331042391,0.0480386607642616,0.106306392115411,0.272576898336411,104.000061035156,17.4395614490867,1.23587674001853,22.2059872627258,1.23587674001853,22.2059872627258,-0.172720534790808,-0.810526767562466,-0.179811266705914,-0.550782498391436,0.982024351630802,0.938043229762353,-0.0437862275005054,0.938043229762353,-0.0437862275005054
Ningxia,2003,0.0390005142637616,0.00382240331042391,0.0480386607642616,0.106306392115411,0.272576898336411,104.000061035156,17.4395614490867,1.23587674001853,22.2059872627258,1.23587674001853,22.2059872627258,-0.172720534790808,-0.810526767562466,-0.179811266705914,-0.550782498391436,0.982024351630802,0.938043229762353,-0.0437862275005054,0.938043229762353,-0.0437862275005054
Ningxia,2004,0.0390005142637616,0.00382240331042391,0.0480386607642616,0.106306392115411,0.272576898336411,104.000061035156,17.4395614490867,1.23587674001853,22.2059872627258,1.23587674001853,22.2059872627258,-0.172720534790808,-0.810526767562466,-0.179811266705914,-0.550782498391436,0.982024351630802,0.938043229762353,-0.0437862275005054,0.938043229762353,-0.0437862275005054
Ningxia,2005,0.0390005142637616,0.00382240331042391,0.0480386607642616,0.106306392115411,0.272576898336411,104.000061035156,17.4395614490867,1.23587674001853,22.2059872627258,1.23587674001853,22.2059872627258,-0.172720534790808,-0.810526767562466,-0.179811266705914,-0.550782498391436,0.982024351630802,0.938043229762353,-0.0437862275005054,0.938043229762353,-0.0437862275005054
Ningxia,2006,0.0390005142637616,0.00382240331042391,0.0480386607642616,0.106306392115411,0.272576898336411,104.000061035156,17.4395614490867,1.23587674001853,22.2059872627258,1.23587674001853,22.2059872627258,-0.172720534790808,-0.810526767562466,-0.179811266705914,-0.550782498391436,0.982024351630802,0.938043229762353,-0.0437862275005054,0.938043229762353,-0.0437862275005054
Ningxia,2007,0.0390005142637616,0.00382240331042391,0.0480386607642616,0.106306392115411,0.272576898336411,104.000061035156,17.4395614490867,1.23587674001853,22.2059872627258,1.23587674001853,22.2059872627258,-0.172720534790808,-0.810526767562466,-0.179811266705914,-0.550782498391436,0.982024351630802,0.938043229762353,-0.0437862275005054,0.938043229762353,-0.0437862275005054
Ningxia,2008,0.0390005142637616,0.00382240331042391,0.0480386607642616,0.106306392115411,0.272576898336411,104.000061035156,17.4395614490867,1.23587674001853,22.2059872627258,1.23587674001853,22.2059872627258,-0.172720534790808,-0.810526767562466,-0.179811266705914,-0.550782498391436,0.982024351630802,0.938043229762353,-0.0437862275005054,0.938043229762353,-0.0437862275005054
Ningxia,2009,0.0390005142637616,0.00382240331042391,0.0480386607642616,0.106306392115411,0.272576898336411,104.000061035156,17.4395614490867,1.23587674001853,22.2059872627258,1.23587674001853,22.2059872627258,-0.172720534790808,-0.810526767562466,-0.179811266705914,-0.550782498391436,0.982024351630802,0.938043229762353,-0.0437862275005054,0.938043229762353,-0.0437862275005054
Ningxia,2010,0.0390005142637616,0.00382240331042391,0.0480386607642616,0.106306392115411,0.272576898336411,104.000061035156,17.4395614490867,1.23587674001853,22.2059872627258,1.23587674001853,22.2059872627258,-0.172720534790808,-0.810526767562466,-0.179811266705914,-0.550782498391436,0.982024351630802,0.938043229762353,-0.0437862275005054,0.938043229762353,-0.0437862275005054
Ningxia,2011,0.0390005142637616,0.00382240331042391,0.0480386607642616,0.106306392115411,0.272576898336411,104.000061035156,7.30597534464366,0.618395805358887,-22.9562492370606,0.618395805358887,-22.9562492370606,-0.172720534790808,-0.810526767562466,-0.179811266705914,-0.550782498391436,-0.319760124834463,-0.497522041971257,-0.462032081644099,-0.497522041971257,-0.462032081644099
Ningxia,2012,0.0390005142637616,0.00382240331042391,0.0480386607642616,0.106306392115411,0.272576898336411,104.000061035156,17.4395614490867,1.23587674001853,22.2059872627258,1.23587674001853,22.2059872627258,-0.172720534790808,-0.810526767562466,-0.179811266705914,-0.550782498391436,0.982024351630802,0.938043229762353,-0.0437862275005054,0.938043229762353,-0.0437862275005054
Ningxia,2013,0.0390005142637616,0.00382240331042391,0.0480386607642616,0.106306392115411,0.272576898336411,104.000061035156,17.4395614490867,1.23587674001853,22.2059872627258,1.23587674001853,22.2059872627258,-0.172720534790808,-0.810526767562466,-0.179811266705914,-0.550782498391436,0.982024351630802,0.938043229762353,-0.0437862275005054,0.938043229762353,-0.0437862275005054
Ningxia,2014,0.0390005142637616,0.00382240331042391,0.0480386607642616,0.106306392115411,0.272576898336411,104.000061035156,17.4395614490867,1.23587674001853,22.2059872627258,1.23587674001853,22.2059872627258,-0.172720534790808,-0.810526767562466,-0.179811266705914,-0.550782498391436,0.982024351630802,0.938043229762353,-0.0437862275005054,0.938043229762353,-0.0437862275005054
Ningxia,2015,0.0390005142637616,0.00382240331042391,0.0480386607642616,0.106306392115411,0.272576898336411,104.000061035156,17.4395614490867,1.23587674001853,22.2059872627258,1.23587674001853,22.2059872627258,-0.172720534790808,-0.810526767562466,-0.179811266705914,-0.550782498391436,0.982024351630802,0.938043229762353,-0.0437862275005054,0.938043229762353,-0.0437862275005054
Ningxia,2016,0.0390005142637616,0.00382240331042391,0.0480386607642616,0.106306392115411,0.272576898336411,104.000061035156,15.2149451096735,1.12124967575073,11.5,1.12124967575073,11.5,-0.172720534790808,-0.810526767562466,-0.179811266705914,-0.550782498391436,0.696244866768147,0.671549766681868,-0.142933991964526,0.671549766681868,-0.142933991964526
Ningxia,2017,0.0390005142637616,0.00382240331042391,0.0480386607642616,0.106306392115411,0.272576898336411,104.000061035156,17.4395614490867,1.23587674001853,22.2059872627258,1.23587674001853,22.2059872627258,-0.172720534790808,-0.810526767562466,-0.179811266705914,-0.550782498391436,0.982024351630802,0.938043229762353,-0.0437862275005054,0.938043229762353,-0.0437862275005054
Ningxia,2018,0.0390005142637616,0.00382240331042391,0.0480386607642616,0.106306392115411,0.272576898336411,104.000061035156,9.24493242001774,0.855041742324829,61.2624816894531,0.855041742324829,61.2624816894531,-0.172720534790808,-0.810526767562466,-0.179811266705914,-0.550782498391436,-0.070677105729531,0.0526499062402682,0.31791456806214,0.0526499062402682,0.31791456806214
Ningxia,2019,0.0390005142637616,0.00382240331042391,0.0480386607642616,0.106306392115411,0.272576898336411,104.000061035156,13.0450569671984,1.04235422611237,36.875,1.04235422611237,36.875,-0.172720534790808,-0.810526767562466,-0.179811266705914,-0.550782498391436,0.417495895729978,0.488127799716884,0.0920629738953004,0.488127799716884,0.0920629738953004
Ningxia,2020,0.0390005142637616,0.00382240331042391,0.0480386607642616,0.106306392115411,0.272576898336411,104.000061035156,17.4395614490867,1.23587674001853,22.2059872627258,1.23587674001853,22.2059872627258,-0.172720534790808,-0.810526767562466,-0.179811266705914,-0.550782498391436,0.982024351630802,0.938043229762353,-0.0437862275005054,0.938043229762353,-0.0437862275005054
Ningxia,2021,0.0390005142637616,0.00382240331042391,0.0480386607642616,0.106306392115411,0.272576898336411,104.000061035156,21.6354534662367,1.37658341725667,-9.0249989827474,1.37658341725667,-9.0249989827474,-0.172720534790808,-0.810526767562466,-0.179811266705914,-0.550782498391436,1.52103857981755,1.26516850279682,-0.333015272170305,1.26516850279682,-0.333015272170305
Ningxia,2022,0.0390005142637616,0.00382240331042391,0.0480386607642616,0.106306392115411,0.272576898336411,104.000061035156,22.2608408867839,1.49738883972168,78.8416646321615,1.49738883972168,78.8416646321615,-0.172720534790808,-0.810526767562466,-0.179811266705914,-0.550782498391436,1.60137732934355,1.5460258692246,0.480714751464357,1.5460258692246,0.480714751464357
Ningxia,2023,0.0390005142637616,0.00382240331042391,0.0480386607642616,0.106306392115411,0.272576898336411,104.000061035156,32.3783909771348,1.729416847229,-34.6000061035156,1.729416847229,-34.6000061035156,-0.172720534790808,-0.810526767562466,-0.179811266705914,-0.550782498391436,2.90110178145077,2.08546171404248,-0.569864496809674,2.08546171404248,-0.569864496809674
Ningxia,2024,0.0390005142637616,0.00382240331042391,0.0480386607642616,0.106306392115411,0.272576898336411,104.000061035156,26.9958536438163,1.64658336639404,55.7500061035156,1.64658336639404,55.7500061035156,-0.172720534790808,-0.810526767562466,-0.179811266705914,-0.550782498391436,2.20964828490065,1.89288432136715,0.266863729162763,1.89288432136715,0.266863729162763
Qinghai,2002,0.0199916177277117,0.0135156883655631,0.019640334825541,0.025943770905657,0.129773244261742,109.420608520508,1.40917340126426,0.644821104115595,42.8071263227513,0.644821104115595,42.8071263227513,-0.898358947058478,0.611917702359246,-1.31136770975442,-1.36137695520521,-1.07727727143628,-0.436086556175691,0.147000183232986,-0.436086556175691,0.147000183232986
Qinghai,2003,0.0199916177277117,0.0135156883655631,0.019640334825541,0.025943770905657,0.129773244261742,109.420608520508,1.40917340126426,0.644821104115595,42.8071263227513,0.644821104115595,42.8071263227513,-0.898358947058478,0.611917702359246,-1.31136770975442,-1.36137695520521,-1.07727727143628,-0.436086556175691,0.147000183232986,-0.436086556175691,0.147000183232986
Qinghai,2004,0.0199916177277117,0.0135156883655631,0.019640334825541,0.025943770905657,0.129773244261742,109.420608520508,1.40917340126426,0.644821104115595,42.8071263227513,0.644821104115595,42.8071263227513,-0.898358947058478,0.611917702359246,-1.31136770975442,-1.36137695520521,-1.07727727143628,-0.436086556175691,0.147000183232986,-0.436086556175691,0.147000183232986
Qinghai,2005,0.0199916177277117,0.0135156883655631,0.019640334825541,0.025943770905657,0.129773244261742,109.420608520508,1.40917340126426,0.644821104115595,42.8071263227513,0.644821104115595,42.8071263227513,-0.898358947058478,0.611917702359246,-1.31136770975442,-1.36137695520521,-1.07727727143628,-0.436086556175691,0.147000183232986,-0.436086556175691,0.147000183232986
Qinghai,2006,0.0199916177277117,0.0135156883655631,0.019640334825541,0.025943770905657,0.129773244261742,109.420608520508,1.3619034840045,0.696666717529297,-4.70001220703125,0.696666717529297,-4.70001220703125,-0.898358947058478,0.611917702359246,-1.31136770975442,-1.36137695520521,-1.08334967698534,-0.315552045827672,-0.292961724596821,-0.315552045827672,-0.292961724596821
Qinghai,2007,0.0199916177277117,0.0135156883655631,0.019640334825541,0.025943770905657,0.129773244261742,109.420608520508,1.40917340126426,0.644821104115595,42.8071263227513,0.644821104115595,42.8071263227513,-0.898358947058478,0.611917702359246,-1.31136770975442,-1.36137695520521,-1.07727727143628,-0.436086556175691,0.147000183232986,-0.436086556175691,0.147000183232986
Qinghai,2008,0.0199916177277117,0.0135156883655631,0.019640334825541,0.025943770905657,0.129773244261742,109.420608520508,1.40917340126426,0.644821104115595,42.8071263227513,0.644821104115595,42.8071263227513,-0.898358947058478,0.611917702359246,-1.31136770975442,-1.36137695520521,-1.07727727143628,-0.436086556175691,0.147000183232986,-0.436086556175691,0.147000183232986
Qinghai,2009,0.0199916177277117,0.0135156883655631,0.019640334825541,0.025943770905657,0.129773244261742,109.420608520508,1.40917340126426,0.644821104115595,42.8071263227513,0.644821104115595,42.8071263227513,-0.898358947058478,0.611917702359246,-1.31136770975442,-1.36137695520521,-1.07727727143628,-0.436086556175691,0.147000183232986,-0.436086556175691,0.147000183232986
Qinghai,2010,0.0199916177277117,0.0135156883655631,0.019640334825541,0.025943770905657,0.129773244261742,109.420608520508,1.40917340126426,0.644821104115595,42.8071263227513,0.644821104115595,42.8071263227513,-0.898358947058478,0.611917702359246,-1.31136770975442,-1.36137695520521,-1.07727727143628,-0.436086556175691,0.147000183232986,-0.436086556175691,0.147000183232986
Qinghai,2011,0.0199916177277117,0.0135156883655631,0.019640334825541,0.025943770905657,0.129773244261742,109.420608520508,1.40917340126426,0.644821104115595,42.8071263227513,0.644821104115595,42.8071263227513,-0.898358947058478,0.611917702359246,-1.31136770975442,-1.36137695520521,-1.07727727143628,-0.436086556175691,0.147000183232986,-0.436086556175691,0.147000183232986
Qinghai,2012,0.0199916177277117,0.0135156883655631,0.019640334825541,0.025943770905657,0.129773244261742,109.420608520508,1.40917340126426,0.644821104115595,42.8071263227513,0.644821104115595,42.8071263227513,-0.898358947058478,0.611917702359246,-1.31136770975442,-1.36137695520521,-1.07727727143628,-0.436086556175691,0.147000183232986,-0.436086556175691,0.147000183232986
Qinghai,2013,0.0199916177277117,0.0135156883655631,0.019640334825541,0.025943770905657,0.129773244261742,109.420608520508,1.74721136278445,0.550833225250244,-19.8500061035156,0.550833225250244,-19.8500061035156,-0.898358947058478,0.611917702359246,-1.31136770975442,-1.36137695520521,-1.03385211412005,-0.654596517033632,-0.433265275275391,-0.654596517033632,-0.433265275275391
Qinghai,2014,0.0199916177277117,0.0135156883655631,0.019640334825541,0.025943770905657,0.129773244261742,109.420608520508,2.62783507727798,0.398249864578247,45.4249979654948,0.398249864578247,45.4249979654948,-0.898358947058478,0.611917702359246,-1.31136770975442,-1.36137695520521,-0.920725105643535,-1.00933358069028,0.171244198722846,-1.00933358069028,0.171244198722846
Qinghai,2015,0.0199916177277117,0.0135156883655631,0.019640334825541,0.025943770905657,0.129773244261742,109.420608520508,1.71329309768974,0.569187507033348,-45.4500045776367,0.569187507033348,-45.4500045776367,-0.898358947058478,0.611917702359246,-1.31136770975442,-1.36137695520521,-1.03820933480322,-0.611925127462777,-0.670345943942766,-0.611925127462777,-0.670345943942766
Qinghai,2016,0.0199916177277117,0.0135156883655631,0.019640334825541,0.025943770905657,0.129773244261742,109.420608520508,1.40917340126426,0.644821104115595,42.8071263227513,0.644821104115595,42.8071263227513,-0.898358947058478,0.611917702359246,-1.31136770975442,-1.36137695520521,-1.07727727143628,-0.436086556175691,0.147000183232986,-0.436086556175691,0.147000183232986
Qinghai,2017,0.0199916177277117,0.0135156883655631,0.019640334825541,0.025943770905657,0.129773244261742,109.420608520508,1.10709196114658,0.921595306800944,64.0714285714286,0.921595306800944,64.0714285714286,-0.898358947058478,0.611917702359246,-1.31136770975442,-1.36137695520521,-1.1160833688356,0.207378547254356,0.343928124496648,0.207378547254356,0.343928124496648
Qinghai,2018,0.0199916177277117,0.0135156883655631,0.019640334825541,0.025943770905657,0.129773244261742,109.420608520508,1.40917340126426,0.644821104115595,42.8071263227513,0.644821104115595,42.8071263227513,-0.898358947058478,0.611917702359246,-1.31136770975442,-1.36137695520521,-1.07727727143628,-0.436086556175691,0.147000183232986,-0.436086556175691,0.147000183232986
Qinghai,2019,0.0199916177277117,0.0135156883655631,0.019640334825541,0.025943770905657,0.129773244261742,109.420608520508,4.31155328185183,0.262885261327028,142.984390258789,0.262885261327028,142.984390258789,-0.898358947058478,0.611917702359246,-1.31136770975442,-1.36137695520521,-0.704430676517878,-1.32403920566081,1.07473823537517,-1.32403920566081,1.07473823537517
Qinghai,2020,0.0199916177277117,0.0135156883655631,0.019640334825541,0.025943770905657,0.129773244261742,109.420608520508,1.40917340126426,0.644821104115595,42.8071263227513,0.644821104115595,42.8071263227513,-0.898358947058478,0.611917702359246,-1.31136770975442,-1.36137695520521,-1.07727727143628,-0.436086556175691,0.147000183232986,-0.436086556175691,0.147000183232986
Qinghai,2021,0.0199916177277117,0.0135156883655631,0.019640334825541,0.025943770905657,0.129773244261742,109.420608520508,1.04188153748821,0.772749960422516,130.200012207031,0.772749960422516,130.200012207031,-0.898358947058478,0.611917702359246,-1.31136770975442,-1.36137695520521,-1.12446045433596,-0.138668104757358,0.95634256827889,-0.138668104757358,0.95634256827889
Qinghai,2022,0.0199916177277117,0.0135156883655631,0.019640334825541,0.025943770905657,0.129773244261742,109.420608520508,1.30896725155977,0.749833106994629,-5.22500610351563,0.749833106994629,-5.22500610351563,-0.898358947058478,0.611917702359246,-1.31136770975442,-1.36137695520521,-1.09014999080602,-0.191946897788624,-0.297823674262585,-0.191946897788624,-0.297823674262585
Qinghai,2023,0.0199916177277117,0.0135156883655631,0.019640334825541,0.025943770905657,0.129773244261742,109.420608520508,1.40917340126426,0.644821104115595,42.8071263227513,0.644821104115595,42.8071263227513,-0.898358947058478,0.611917702359246,-1.31136770975442,-1.36137695520521,-1.07727727143628,-0.436086556175691,0.147000183232986,-0.436086556175691,0.147000183232986
Qinghai,2024,0.0199916177277117,0.0135156883655631,0.019640334825541,0.025943770905657,0.129773244261742,109.420608520508,1.02974665186167,0.881388987104098,77.8083368937174,0.881388987104098,77.8083368937174,-0.898358947058478,0.611917702359246,-1.31136770975442,-1.36137695520521,-1.12601933048992,0.113903926385573,0.471145140300884,0.113903926385573,0.471145140300884
Shaanxi,2002,0.0548750555002221,0.00836032547982516,0.0571667460837103,0.192968737556714,0.351651102304459,217.534225463867,9.17068658106928,0.959637747845201,34.6264584676691,0.959637747845201,34.6264584676691,0.433268186146097,-0.144607808398291,0.183905375542888,0.323355449969504,-0.0802149020820847,0.295822423250642,0.0712393113255441,0.295822423250642,0.0712393113255441
Shaanxi,2003,0.0548750555002221,0.00836032547982516,0.0571667460837103,0.192968737556714,0.351651102304459,217.534225463867,9.17068658106928,0.959637747845201,34.6264584676691,0.959637747845201,34.6264584676691,0.433268186146097,-0.144607808398291,0.183905375542888,0.323355449969504,-0.0802149020820847,0.295822423250642,0.0712393113255441,0.295822423250642,0.0712393113255441
Shaanxi,2004,0.0548750555002221,0.00836032547982516,0.0571667460837103,0.192968737556714,0.351651102304459,217.534225463867,9.17068658106928,0.959637747845201,34.6264584676691,0.959637747845201,34.6264584676691,0.433268186146097,-0.144607808398291,0.183905375542888,0.323355449969504,-0.0802149020820847,0.295822423250642,0.0712393113255441,0.295822423250642,0.0712393113255441
Shaanxi,2005,0.0548750555002221,0.00836032547982516,0.0571667460837103,0.192968737556714,0.351651102304459,217.534225463867,6.17641762842602,0.760749816894531,35.8250122070313,0.760749816894531,35.8250122070313,0.433268186146097,-0.144607808398291,0.183905375542888,0.323355449969504,-0.464865784873111,-0.166566924522682,0.0823390745637729,-0.166566924522682,0.0823390745637729
Shaanxi,2006,0.0548750555002221,0.00836032547982516,0.0571667460837103,0.192968737556714,0.351651102304459,217.534225463867,9.17068658106928,0.959637747845201,34.6264584676691,0.959637747845201,34.6264584676691,0.433268186146097,-0.144607808398291,0.183905375542888,0.323355449969504,-0.0802149020820847,0.295822423250642,0.0712393113255441,0.295822423250642,0.0712393113255441
Shaanxi,2007,0.0548750555002221,0.00836032547982516,0.0571667460837103,0.192968737556714,0.351651102304459,217.534225463867,10.650601329685,1.03441665389321,24.4159046519886,1.03441665389321,24.4159046519886,0.433268186146097,-0.144607808398291,0.183905375542888,0.323355449969504,0.109898452300457,0.469673945710886,-0.0233202617358698,0.469673945710886,-0.0233202617358698
Shaanxi,2008,0.0548750555002221,0.00836032547982516,0.0571667460837103,0.192968737556714,0.351651102304459,217.534225463867,4.25264984608304,0.592083930969238,27.7000122070313,0.592083930969238,27.7000122070313,0.433268186146097,-0.144607808398291,0.183905375542888,0.323355449969504,-0.711997551413297,-0.55869383042302,0.00709374066776943,-0.55869383042302,0.00709374066776943
Shaanxi,2009,0.0548750555002221,0.00836032547982516,0.0571667460837103,0.192968737556714,0.351651102304459,217.534225463867,14.2892903125099,1.20333385467529,6.70001220703125,1.20333385467529,6.70001220703125,0.433268186146097,-0.144607808398291,0.183905375542888,0.323355449969504,0.57733305873754,0.862385126947395,-0.187386506940363,0.862385126947395,-0.187386506940363
Shaanxi,2010,0.0548750555002221,0.00836032547982516,0.0571667460837103,0.192968737556714,0.351651102304459,217.534225463867,5.02019219004866,0.68055534362793,45.3916524251302,0.68055534362793,45.3916524251302,0.433268186146097,-0.144607808398291,0.183905375542888,0.323355449969504,-0.613397243673659,-0.353008957538584,0.17093538686824,-0.353008957538584,0.17093538686824
Shaanxi,2011,0.0548750555002221,0.00836032547982516,0.0571667460837103,0.192968737556714,0.351651102304459,217.534225463867,1.2042298910374,0.342999935150147,128.712524414063,0.342999935150147,128.712524414063,0.433268186146097,-0.144607808398291,0.183905375542888,0.323355449969504,-1.10360480025144,-1.13778269628351,0.942566997122193,-1.13778269628351,0.942566997122193
Shaanxi,2012,0.0548750555002221,0.00836032547982516,0.0571667460837103,0.192968737556714,0.351651102304459,217.534225463867,2.99415137514923,0.313708305358887,-82.3999938964844,0.313708305358887,-82.3999938964844,0.433268186146097,-0.144607808398291,0.183905375542888,0.323355449969504,-0.873667246251002,-1.2058820401183,-1.01253847117359,-1.2058820401183,-1.01253847117359
Shaanxi,2013,0.0548750555002221,0.00836032547982516,0.0571667460837103,0.192968737556714,0.351651102304459,217.534225463867,19.9472363193012,1.46341705322266,17.75,1.46341705322266,17.75,0.433268186146097,-0.144607808398291,0.183905375542888,0.323355449969504,1.30416620589855,1.4670457514925,-0.0850529658906769,1.4670457514925,-0.0850529658906769
Shaanxi,2014,0.0548750555002221,0.00836032547982516,0.0571667460837103,0.192968737556714,0.351651102304459,217.534225463867,9.06053761491033,0.955250024795532,36.7000122070313,0.955250024795532,36.7000122070313,0.433268186146097,-0.144607808398291,0.183905375542888,0.323355449969504,-0.0943648992071452,0.285621520714985,0.0904424182141117,0.285621520714985,0.0904424182141117
Shaanxi,2015,0.0548750555002221,0.00836032547982516,0.0571667460837103,0.192968737556714,0.351651102304459,217.534225463867,8.63139093174209,0.86604118347168,-18.9249877929688,0.86604118347168,-18.9249877929688,0.433268186146097,-0.144607808398291,0.183905375542888,0.323355449969504,-0.149494098734056,0.0782222192179963,-0.424698713843143,0.0782222192179963,-0.424698713843143
Shaanxi,2016,0.0548750555002221,0.00836032547982516,0.0571667460837103,0.192968737556714,0.351651102304459,217.534225463867,12.2895770319377,0.956180572509766,-123.929158528646,0.956180572509766,-123.929158528646,0.433268186146097,-0.144607808398291,0.183905375542888,0.323355449969504,0.320445153587255,0.287784926752745,-1.39713857691748,0.287784926752745,-1.39713857691748
Shaanxi,2017,0.0548750555002221,0.00836032547982516,0.0571667460837103,0.192968737556714,0.351651102304459,217.534225463867,7.42882732420124,0.865116882324219,49.52001953125,0.865116882324219,49.52001953125,0.433268186146097,-0.144607808398291,0.183905375542888,0.323355449969504,-0.303978268516001,0.0760733356599157,0.209168046726118,0.0760733356599157,0.209168046726118
Shaanxi,2018,0.0548750555002221,0.00836032547982516,0.0571667460837103,0.192968737556714,0.351651102304459,217.534225463867,11.3984137687642,0.964458346366883,-74.9749908447266,0.964458346366883,-74.9749908447266,0.433268186146097,-0.144607808398291,0.183905375542888,0.323355449969504,0.205964209720139,0.307029706647191,-0.943775783935639,0.307029706647191,-0.943775783935639
Shaanxi,2019,0.0548750555002221,0.00836032547982516,0.0571667460837103,0.192968737556714,0.351651102304459,217.534225463867,9.35874793409083,1.04311084747314,101.191650390625,1.04311084747314,101.191650390625,0.433268186146097,-0.144607808398291,0.183905375542888,0.323355449969504,-0.0560560951737218,0.489886848925399,0.687697168814082,0.489886848925399,0.687697168814082
Shaanxi,2020,0.0548750555002221,0.00836032547982516,0.0571667460837103,0.192968737556714,0.351651102304459,217.534225463867,6.79246317830392,0.791360934575399,23.3375142415365,0.791360934575399,23.3375142415365,0.433268186146097,-0.144607808398291,0.183905375542888,0.323355449969504,-0.385727114183281,-0.0953999378110577,-0.0333071966902972,-0.0953999378110577,-0.0333071966902972
Shaanxi,2021,0.0548750555002221,0.00836032547982516,0.0571667460837103,0.192968737556714,0.351651102304459,217.534225463867,8.21447178969201,1.22249984741211,350.575012207031,1.22249984741211,350.575012207031,0.433268186146097,-0.144607808398291,0.183905375542888,0.323355449969504,-0.203052519363062,0.906943642080236,2.9972275476428,0.906943642080236,2.9972275476428
Shaanxi,2022,0.0548750555002221,0.00836032547982516,0.0571667460837103,0.192968737556714,0.351651102304459,217.534225463867,8.32964142320471,0.946416974067688,69.8750152587891,0.946416974067688,69.8750152587891,0.433268186146097,-0.144607808398291,0.183905375542888,0.323355449969504,-0.188257555416262,0.265085792149788,0.397674932876321,0.265085792149788,0.397674932876321
Shaanxi,2023,0.0548750555002221,0.00836032547982516,0.0571667460837103,0.192968737556714,0.351651102304459,217.534225463867,15.7746726022889,1.33749961853027,67.8125,1.33749961853027,67.8125,0.433268186146097,-0.144607808398291,0.183905375542888,0.323355449969504,0.768148786409983,1.17430360156716,0.378574052960852,1.17430360156716,0.378574052960852
Shaanxi,2024,0.0548750555002221,0.00836032547982516,0.0571667460837103,0.192968737556714,0.351651102304459,217.534225463867,33.5513755218024,1.89391708374023,-27.375,1.89391708374023,-27.375,0.433268186146097,-0.144607808398291,0.183905375542888,0.323355449969504,3.05178615474606,2.46790401059316,-0.502953974143865,2.46790401059316,-0.502953974143865
Shandong,2002,0.0517345386028746,0.00674055193394728,0.0617252986181039,0.231115717790218,0.446733891963959,232.187072753906,17.9640332323253,1.11532376029275,81.4679831764915,1.11532376029275,81.4679831764915,0.313383284317672,-0.382302037934842,0.365544937762115,0.708132977829806,1.04939923932872,0.657772760855117,0.505036993407173,0.657772760855117,0.505036993407173
Shandong,2003,0.0517345386028746,0.00674055193394728,0.0617252986181039,0.231115717790218,0.446733891963959,232.187072753906,17.9640332323253,1.11532376029275,81.4679831764915,1.11532376029275,81.4679831764915,0.313383284317672,-0.382302037934842,0.365544937762115,0.708132977829806,1.04939923932872,0.657772760855117,0.505036993407173,0.657772760855117,0.505036993407173
Shandong,2004,0.0517345386028746,0.00674055193394728,0.0617252986181039,0.231115717790218,0.446733891963959,232.187072753906,17.9640332323253,1.11532376029275,81.4679831764915,1.11532376029275,81.4679831764915,0.313383284317672,-0.382302037934842,0.365544937762115,0.708132977829806,1.04939923932872,0.657772760855117,0.505036993407173,0.657772760855117,0.505036993407173
Shandong,2005,0.0517345386028746,0.00674055193394728,0.0617252986181039,0.231115717790218,0.446733891963959,232.187072753906,17.9640332323253,1.11532376029275,81.4679831764915,1.11532376029275,81.4679831764915,0.313383284317672,-0.382302037934842,0.365544937762115,0.708132977829806,1.04939923932872,0.657772760855117,0.505036993407173,0.657772760855117,0.505036993407173
Shandong,2006,0.0517345386028746,0.00674055193394728,0.0617252986181039,0.231115717790218,0.446733891963959,232.187072753906,17.9640332323253,1.11532376029275,81.4679831764915,1.11532376029275,81.4679831764915,0.313383284317672,-0.382302037934842,0.365544937762115,0.708132977829806,1.04939923932872,0.657772760855117,0.505036993407173,0.657772760855117,0.505036993407173
Shandong,2007,0.0517345386028746,0.00674055193394728,0.0617252986181039,0.231115717790218,0.446733891963959,232.187072753906,17.9640332323253,1.11532376029275,81.4679831764915,1.11532376029275,81.4679831764915,0.313383284317672,-0.382302037934842,0.365544937762115,0.708132977829806,1.04939923932872,0.657772760855117,0.505036993407173,0.657772760855117,0.505036993407173
Shandong,2008,0.0517345386028746,0.00674055193394728,0.0617252986181039,0.231115717790218,0.446733891963959,232.187072753906,7.69289623345433,0.647312164306641,186.474975585938,0.647312164306641,186.474975585938,0.313383284317672,-0.382302037934842,0.365544937762115,0.708132977829806,-0.270055350879562,-0.430295155503483,1.47750298790119,-0.430295155503483,1.47750298790119
Shandong,2009,0.0517345386028746,0.00674055193394728,0.0617252986181039,0.231115717790218,0.446733891963959,232.187072753906,17.9640332323253,1.11532376029275,81.4679831764915,1.11532376029275,81.4679831764915,0.313383284317672,-0.382302037934842,0.365544937762115,0.708132977829806,1.04939923932872,0.657772760855117,0.505036993407173,0.657772760855117,0.505036993407173
Shandong,2010,0.0517345386028746,0.00674055193394728,0.0617252986181039,0.231115717790218,0.446733891963959,232.187072753906,1.40983095412578,-0.19849967956543,35.3250122070313,-0.19849967956543,35.3250122070313,0.313383284317672,-0.382302037934842,0.365544937762115,0.708132977829806,-1.07719280063801,-2.396700984945,0.077708592477865,-2.396700984945,0.077708592477865
Shandong,2011,0.0517345386028746,0.00674055193394728,0.0617252986181039,0.231115717790218,0.446733891963959,232.187072753906,17.9640332323253,1.11532376029275,81.4679831764915,1.11532376029275,81.4679831764915,0.313383284317672,-0.382302037934842,0.365544937762115,0.708132977829806,1.04939923932872,0.657772760855117,0.505036993407173,0.657772760855117,0.505036993407173
Shandong,2012,0.0517345386028746,0.00674055193394728,0.0617252986181039,0.231115717790218,0.446733891963959,232.187072753906,17.9640332323253,1.11532376029275,81.4679831764915,1.11532376029275,81.4679831764915,0.313383284317672,-0.382302037934842,0.365544937762115,0.708132977829806,1.04939923932872,0.657772760855117,0.505036993407173,0.657772760855117,0.505036993407173
Shandong,2013,0.0517345386028746,0.00674055193394728,0.0617252986181039,0.231115717790218,0.446733891963959,232.187072753906,17.9640332323253,1.11532376029275,81.4679831764915,1.11532376029275,81.4679831764915,0.313383284317672,-0.382302037934842,0.365544937762115,0.708132977829806,1.04939923932872,0.657772760855117,0.505036993407173,0.657772760855117,0.505036993407173
Shandong,2014,0.0517345386028746,0.00674055193394728,0.0617252986181039,0.231115717790218,0.446733891963959,232.187072753906,18.7059611403612,1.01424980163574,-69.3250122070313,1.01424980163574,-69.3250122070313,0.313383284317672,-0.382302037934842,0.365544937762115,0.708132977829806,1.1447090559507,0.422788558460894,-0.891451534200418,0.422788558460894,-0.891451534200418
Shandong,2015,0.0517345386028746,0.00674055193394728,0.0617252986181039,0.231115717790218,0.446733891963959,232.187072753906,17.9640332323253,1.11532376029275,81.4679831764915,1.11532376029275,81.4679831764915,0.313383284317672,-0.382302037934842,0.365544937762115,0.708132977829806,1.04939923932872,0.657772760855117,0.505036993407173,0.657772760855117,0.505036993407173
Shandong,2016,0.0517345386028746,0.00674055193394728,0.0617252986181039,0.231115717790218,0.446733891963959,232.187072753906,22.3117307510933,1.23266696929932,11.9500122070313,1.23266696929932,11.9500122070313,0.313383284317672,-0.382302037934842,0.365544937762115,0.708132977829806,1.60791476186593,0.93058091778463,-0.13876644503833,0.93058091778463,-0.13876644503833
Shandong,2017,0.0517345386028746,0.00674055193394728,0.0617252986181039,0.231115717790218,0.446733891963959,232.187072753906,23.469594013116,1.26927057902018,3.48333740234375,1.26927057902018,3.48333740234375,0.313383284317672,-0.382302037934842,0.365544937762115,0.708132977829806,1.7566566193718,1.01567969247689,-0.217176017058956,1.01567969247689,-0.217176017058956
Shandong,2018,0.0517345386028746,0.00674055193394728,0.0617252986181039,0.231115717790218,0.446733891963959,232.187072753906,14.9179468565082,0.975832939147949,80.6500244140625,0.975832939147949,80.6500244140625,0.313383284317672,-0.382302037934842,0.365544937762115,0.708132977829806,0.658091767606297,0.333474199845368,0.497461906614296,0.333474199845368,0.497461906614296
Shandong,2019,0.0517345386028746,0.00674055193394728,0.0617252986181039,0.231115717790218,0.446733891963959,232.187072753906,27.9289122950254,1.34137535095215,-93.6749877929688,1.34137535095215,-93.6749877929688,0.313383284317672,-0.382302037934842,0.365544937762115,0.708132977829806,2.32951120956097,1.1833141904859,-1.11695578568637,1.1833141904859,-1.11695578568637
Shandong,2020,0.0517345386028746,0.00674055193394728,0.0617252986181039,0.231115717790218,0.446733891963959,232.187072753906,17.9640332323253,1.11532376029275,81.4679831764915,1.11532376029275,81.4679831764915,0.313383284317672,-0.382302037934842,0.365544937762115,0.708132977829806,1.04939923932872,0.657772760855117,0.505036993407173,0.657772760855117,0.505036993407173
Shandong,2021,0.0517345386028746,0.00674055193394728,0.0617252986181039,0.231115717790218,0.446733891963959,232.187072753906,19.2563961738336,1.36863931020101,328.466634114583,1.36863931020101,328.466634114583,0.313383284317672,-0.382302037934842,0.365544937762115,0.708132977829806,1.21541924427809,1.24669945612037,2.79248265023168,1.24669945612037,2.79248265023168
Shandong,2022,0.0517345386028746,0.00674055193394728,0.0617252986181039,0.231115717790218,0.446733891963959,232.187072753906,14.3842086903735,1.01494852701823,159.516682942708,1.01494852701823,159.516682942708,0.313383284317672,-0.382302037934842,0.365544937762115,0.708132977829806,0.589526498410386,0.424413006824033,1.22784320559892,0.424413006824033,1.22784320559892
Shandong,2023,0.0517345386028746,0.00674055193394728,0.0617252986181039,0.231115717790218,0.446733891963959,232.187072753906,36.4911296007526,1.74998378753662,57.0033447265625,1.74998378753662,57.0033447265625,0.313383284317672,-0.382302037934842,0.365544937762115,0.708132977829806,3.429433927722,2.13327725553399,0.278470853245954,2.13327725553399,0.278470853245954
Shandong,2024,0.0517345386028746,0.00674055193394728,0.0617252986181039,0.231115717790218,0.446733891963959,232.187072753906,35.9413589779956,1.85278161366781,196.277791341146,1.85278161366781,196.277791341146,0.313383284317672,-0.382302037934842,0.365544937762115,0.708132977829806,3.35880909116903,2.37226923232269,1.56828651339308,2.37226923232269,1.56828651339308
Shanghai,2002,0.0101659534813005,0.0055760852175742,0.0342461633537944,0.0536895101930057,0.52813059091568,331.867309570313,15.2380829531926,0.978233867221408,23.9972178141276,0.978233867221408,23.9972178141276,-1.27344013021497,-0.553182109210017,-0.729385538943707,-1.08151372864591,0.699217208957923,0.339056054715249,-0.0271977055405118,0.339056054715249,-0.0271977055405118
Shanghai,2003,0.0101659534813005,0.0055760852175742,0.0342461633537944,0.0536895101930057,0.52813059091568,331.867309570313,15.2380829531926,0.978233867221408,23.9972178141276,0.978233867221408,23.9972178141276,-1.27344013021497,-0.553182109210017,-0.729385538943707,-1.08151372864591,0.699217208957923,0.339056054715249,-0.0271977055405118,0.339056054715249,-0.0271977055405118
Shanghai,2004,0.0101659534813005,0.0055760852175742,0.0342461633537944,0.0536895101930057,0.52813059091568,331.867309570313,15.2380829531926,0.978233867221408,23.9972178141276,0.978233867221408,23.9972178141276,-1.27344013021497,-0.553182109210017,-0.729385538943707,-1.08151372864591,0.699217208957923,0.339056054715249,-0.0271977055405118,0.339056054715249,-0.0271977055405118
Shanghai,2005,0.0101659534813005,0.0055760852175742,0.0342461633537944,0.0536895101930057,0.52813059091568,331.867309570313,15.2380829531926,0.978233867221408,23.9972178141276,0.978233867221408,23.9972178141276,-1.27344013021497,-0.553182109210017,-0.729385538943707,-1.08151372864591,0.699217208957923,0.339056054715249,-0.0271977055405118,0.339056054715249,-0.0271977055405118
Shanghai,2006,0.0101659534813005,0.0055760852175742,0.0342461633537944,0.0536895101930057,0.52813059091568,331.867309570313,19.3744089186543,1.0500914255778,-84.7777709960938,1.0500914255778,-84.7777709960938,-1.27344013021497,-0.553182109210017,-0.729385538943707,-1.08151372864591,1.23057944103857,0.506115812349494,-1.03455897970164,0.506115812349494,-1.03455897970164
Shanghai,2007,0.0101659534813005,0.0055760852175742,0.0342461633537944,0.0536895101930057,0.52813059091568,331.867309570313,15.2380829531926,0.978233867221408,23.9972178141276,0.978233867221408,23.9972178141276,-1.27344013021497,-0.553182109210017,-0.729385538943707,-1.08151372864591,0.699217208957923,0.339056054715249,-0.0271977055405118,0.339056054715249,-0.0271977055405118
Shanghai,2008,0.0101659534813005,0.0055760852175742,0.0342461633537944,0.0536895101930057,0.52813059091568,331.867309570313,15.2380829531926,0.978233867221408,23.9972178141276,0.978233867221408,23.9972178141276,-1.27344013021497,-0.553182109210017,-0.729385538943707,-1.08151372864591,0.699217208957923,0.339056054715249,-0.0271977055405118,0.339056054715249,-0.0271977055405118
Shanghai,2009,0.0101659534813005,0.0055760852175742,0.0342461633537944,0.0536895101930057,0.52813059091568,331.867309570313,8.97695585849921,0.690250396728516,99.4749755859375,0.690250396728516,99.4749755859375,-1.27344013021497,-0.553182109210017,-0.729385538943707,-1.08151372864591,-0.10510200963284,-0.33046918220692,0.671799104953212,-0.33046918220692,0.671799104953212
Shanghai,2010,0.0101659534813005,0.0055760852175742,0.0342461633537944,0.0536895101930057,0.52813059091568,331.867309570313,15.2380829531926,0.978233867221408,23.9972178141276,0.978233867221408,23.9972178141276,-1.27344013021497,-0.553182109210017,-0.729385538943707,-1.08151372864591,0.699217208957923,0.339056054715249,-0.0271977055405118,0.339056054715249,-0.0271977055405118
Shanghai,2011,0.0101659534813005,0.0055760852175742,0.0342461633537944,0.0536895101930057,0.52813059091568,331.867309570313,15.2380829531926,0.978233867221408,23.9972178141276,0.978233867221408,23.9972178141276,-1.27344013021497,-0.553182109210017,-0.729385538943707,-1.08151372864591,0.699217208957923,0.339056054715249,-0.0271977055405118,0.339056054715249,-0.0271977055405118
Shanghai,2012,0.0101659534813005,0.0055760852175742,0.0342461633537944,0.0536895101930057,0.52813059091568,331.867309570313,15.2380829531926,0.978233867221408,23.9972178141276,0.978233867221408,23.9972178141276,-1.27344013021497,-0.553182109210017,-0.729385538943707,-1.08151372864591,0.699217208957923,0.339056054715249,-0.0271977055405118,0.339056054715249,-0.0271977055405118
Shanghai,2013,0.0101659534813005,0.0055760852175742,0.0342461633537944,0.0536895101930057,0.52813059091568,331.867309570313,11.4744567366098,0.576237678527832,-126.19585164388,0.576237678527832,-126.19585164388,-1.27344013021497,-0.553182109210017,-0.729385538943707,-1.08151372864591,0.215732869508048,-0.595534368187228,-1.41813034064617,-0.595534368187228,-1.41813034064617
Shanghai,2014,0.0101659534813005,0.0055760852175742,0.0342461633537944,0.0536895101930057,0.52813059091568,331.867309570313,15.2380829531926,0.978233867221408,23.9972178141276,0.978233867221408,23.9972178141276,-1.27344013021497,-0.553182109210017,-0.729385538943707,-1.08151372864591,0.699217208957923,0.339056054715249,-0.0271977055405118,0.339056054715249,-0.0271977055405118
Shanghai,2015,0.0101659534813005,0.0055760852175742,0.0342461633537944,0.0536895101930057,0.52813059091568,331.867309570313,15.2380829531926,0.978233867221408,23.9972178141276,0.978233867221408,23.9972178141276,-1.27344013021497,-0.553182109210017,-0.729385538943707,-1.08151372864591,0.699217208957923,0.339056054715249,-0.0271977055405118,0.339056054715249,-0.0271977055405118
Shanghai,2016,0.0101659534813005,0.0055760852175742,0.0342461633537944,0.0536895101930057,0.52813059091568,331.867309570313,15.2380829531926,0.978233867221408,23.9972178141276,0.978233867221408,23.9972178141276,-1.27344013021497,-0.553182109210017,-0.729385538943707,-1.08151372864591,0.699217208957923,0.339056054715249,-0.0271977055405118,0.339056054715249,-0.0271977055405118
Shanghai,2017,0.0101659534813005,0.0055760852175742,0.0342461633537944,0.0536895101930057,0.52813059091568,331.867309570313,15.2380829531926,0.978233867221408,23.9972178141276,0.978233867221408,23.9972178141276,-1.27344013021497,-0.553182109210017,-0.729385538943707,-1.08151372864591,0.699217208957923,0.339056054715249,-0.0271977055405118,0.339056054715249,-0.0271977055405118
Shanghai,2018,0.0101659534813005,0.0055760852175742,0.0342461633537944,0.0536895101930057,0.52813059091568,331.867309570313,14.980931202188,0.957163492838542,17.3319295247396,0.957163492838542,17.3319295247396,-1.27344013021497,-0.553182109210017,-0.729385538943707,-1.08151372864591,0.66618288585617,0.290070092511992,-0.0889247015833577,0.290070092511992,-0.0889247015833577
Shanghai,2019,0.0101659534813005,0.0055760852175742,0.0342461633537944,0.0536895101930057,0.52813059091568,331.867309570313,16.6240842360146,1.09010410308838,61.3499755859375,1.09010410308838,61.3499755859375,-1.27344013021497,-0.553182109210017,-0.729385538943707,-1.08151372864591,0.877266217052656,0.59914023956509,0.318724845902734,0.59914023956509,0.318724845902734
Shanghai,2020,0.0101659534813005,0.0055760852175742,0.0342461633537944,0.0536895101930057,0.52813059091568,331.867309570313,15.2380829531926,0.978233867221408,23.9972178141276,0.978233867221408,23.9972178141276,-1.27344013021497,-0.553182109210017,-0.729385538943707,-1.08151372864591,0.699217208957923,0.339056054715249,-0.0271977055405118,0.339056054715249,-0.0271977055405118
Shanghai,2021,0.0101659534813005,0.0055760852175742,0.0342461633537944,0.0536895101930057,0.52813059091568,331.867309570313,23.3396014328687,1.50555610656738,176.800048828125,1.50555610656738,176.800048828125,-1.27344013021497,-0.553182109210017,-0.729385538943707,-1.08151372864591,1.73995746457333,1.56501373425907,1.38790383783214,1.56501373425907,1.38790383783214
Shanghai,2022,0.0101659534813005,0.0055760852175742,0.0342461633537944,0.0536895101930057,0.52813059091568,331.867309570313,15.2380829531926,0.978233867221408,23.9972178141276,0.978233867221408,23.9972178141276,-1.27344013021497,-0.553182109210017,-0.729385538943707,-1.08151372864591,0.699217208957923,0.339056054715249,-0.0271977055405118,0.339056054715249,-0.0271977055405118
Shanghai,2023,0.0101659534813005,0.0055760852175742,0.0342461633537944,0.0536895101930057,0.52813059091568,331.867309570313,15.2380829531926,0.978233867221408,23.9972178141276,0.978233867221408,23.9972178141276,-1.27344013021497,-0.553182109210017,-0.729385538943707,-1.08151372864591,0.699217208957923,0.339056054715249,-0.0271977055405118,0.339056054715249,-0.0271977055405118
Shanghai,2024,0.0101659534813005,0.0055760852175742,0.0342461633537944,0.0536895101930057,0.52813059091568,331.867309570313,15.2380829531926,0.978233867221408,23.9972178141276,0.978233867221408,23.9972178141276,-1.27344013021497,-0.553182109210017,-0.729385538943707,-1.08151372864591,0.699217208957923,0.339056054715249,-0.0271977055405118,0.339056054715249,-0.0271977055405118
Shanxi,2002,0.0200895135714721,0.0021273014297621,0.0300524363560955,0.0564238582203988,0.280862241983414,172.029251098633,16.4594578365755,1.40183356404305,69.8562405904134,1.40183356404305,69.8562405904134,-0.89462190821989,-1.05927507965537,-0.896488304609281,-1.05393315299222,0.856117919796637,1.32387190851844,0.397501061345156,1.32387190851844,0.397501061345156
Shanxi,2003,0.0200895135714721,0.0021273014297621,0.0300524363560955,0.0564238582203988,0.280862241983414,172.029251098633,16.4594578365755,1.40183356404305,69.8562405904134,1.40183356404305,69.8562405904134,-0.89462190821989,-1.05927507965537,-0.896488304609281,-1.05393315299222,0.856117919796637,1.32387190851844,0.397501061345156,1.32387190851844,0.397501061345156
Shanxi,2004,0.0200895135714721,0.0021273014297621,0.0300524363560955,0.0564238582203988,0.280862241983414,172.029251098633,16.4594578365755,1.40183356404305,69.8562405904134,1.40183356404305,69.8562405904134,-0.89462190821989,-1.05927507965537,-0.896488304609281,-1.05393315299222,0.856117919796637,1.32387190851844,0.397501061345156,1.32387190851844,0.397501061345156
Shanxi,2005,0.0200895135714721,0.0021273014297621,0.0300524363560955,0.0564238582203988,0.280862241983414,172.029251098633,16.4594578365755,1.40183356404305,69.8562405904134,1.40183356404305,69.8562405904134,-0.89462190821989,-1.05927507965537,-0.896488304609281,-1.05393315299222,0.856117919796637,1.32387190851844,0.397501061345156,1.32387190851844,0.397501061345156
Shanxi,2006,0.0200895135714721,0.0021273014297621,0.0300524363560955,0.0564238582203988,0.280862241983414,172.029251098633,16.4594578365755,1.40183356404305,69.8562405904134,1.40183356404305,69.8562405904134,-0.89462190821989,-1.05927507965537,-0.896488304609281,-1.05393315299222,0.856117919796637,1.32387190851844,0.397501061345156,1.32387190851844,0.397501061345156
Shanxi,2007,0.0200895135714721,0.0021273014297621,0.0300524363560955,0.0564238582203988,0.280862241983414,172.029251098633,15.1369405268083,1.32283306121826,50.9000244140625,1.32283306121826,50.9000244140625,-0.89462190821989,-1.05927507965537,-0.896488304609281,-1.05393315299222,0.686224213267943,1.14020570614854,0.221948222502775,1.14020570614854,0.221948222502775
Shanxi,2008,0.0200895135714721,0.0021273014297621,0.0300524363560955,0.0564238582203988,0.280862241983414,172.029251098633,16.4594578365755,1.40183356404305,69.8562405904134,1.40183356404305,69.8562405904134,-0.89462190821989,-1.05927507965537,-0.896488304609281,-1.05393315299222,0.856117919796637,1.32387190851844,0.397501061345156,1.32387190851844,0.397501061345156
Shanxi,2009,0.0200895135714721,0.0021273014297621,0.0300524363560955,0.0564238582203988,0.280862241983414,172.029251098633,16.4594578365755,1.40183356404305,69.8562405904134,1.40183356404305,69.8562405904134,-0.89462190821989,-1.05927507965537,-0.896488304609281,-1.05393315299222,0.856117919796637,1.32387190851844,0.397501061345156,1.32387190851844,0.397501061345156
Shanxi,2010,0.0200895135714721,0.0021273014297621,0.0300524363560955,0.0564238582203988,0.280862241983414,172.029251098633,16.4594578365755,1.40183356404305,69.8562405904134,1.40183356404305,69.8562405904134,-0.89462190821989,-1.05927507965537,-0.896488304609281,-1.05393315299222,0.856117919796637,1.32387190851844,0.397501061345156,1.32387190851844,0.397501061345156
Shanxi,2011,0.0200895135714721,0.0021273014297621,0.0300524363560955,0.0564238582203988,0.280862241983414,172.029251098633,16.4594578365755,1.40183356404305,69.8562405904134,1.40183356404305,69.8562405904134,-0.89462190821989,-1.05927507965537,-0.896488304609281,-1.05393315299222,0.856117919796637,1.32387190851844,0.397501061345156,1.32387190851844,0.397501061345156
Shanxi,2012,0.0200895135714721,0.0021273014297621,0.0300524363560955,0.0564238582203988,0.280862241983414,172.029251098633,16.4594578365755,1.40183356404305,69.8562405904134,1.40183356404305,69.8562405904134,-0.89462190821989,-1.05927507965537,-0.896488304609281,-1.05393315299222,0.856117919796637,1.32387190851844,0.397501061345156,1.32387190851844,0.397501061345156
Shanxi,2013,0.0200895135714721,0.0021273014297621,0.0300524363560955,0.0564238582203988,0.280862241983414,172.029251098633,16.4594578365755,1.40183356404305,69.8562405904134,1.40183356404305,69.8562405904134,-0.89462190821989,-1.05927507965537,-0.896488304609281,-1.05393315299222,0.856117919796637,1.32387190851844,0.397501061345156,1.32387190851844,0.397501061345156
Shanxi,2014,0.0200895135714721,0.0021273014297621,0.0300524363560955,0.0564238582203988,0.280862241983414,172.029251098633,16.4594578365755,1.40183356404305,69.8562405904134,1.40183356404305,69.8562405904134,-0.89462190821989,-1.05927507965537,-0.896488304609281,-1.05393315299222,0.856117919796637,1.32387190851844,0.397501061345156,1.32387190851844,0.397501061345156
Shanxi,2015,0.0200895135714721,0.0021273014297621,0.0300524363560955,0.0564238582203988,0.280862241983414,172.029251098633,16.4594578365755,1.40183356404305,69.8562405904134,1.40183356404305,69.8562405904134,-0.89462190821989,-1.05927507965537,-0.896488304609281,-1.05393315299222,0.856117919796637,1.32387190851844,0.397501061345156,1.32387190851844,0.397501061345156
Shanxi,2016,0.0200895135714721,0.0021273014297621,0.0300524363560955,0.0564238582203988,0.280862241983414,172.029251098633,11.6351830404276,1.20258331298828,106.899963378906,1.20258331298828,106.899963378906,-0.89462190821989,-1.05927507965537,-0.896488304609281,-1.05393315299222,0.236380151241596,0.860640212213378,0.740561650880065,0.860640212213378,0.740561650880065
Shanxi,2017,0.0200895135714721,0.0021273014297621,0.0300524363560955,0.0564238582203988,0.280862241983414,172.029251098633,18.4919396832455,1.5,80.2249755859375,1.5,80.2249755859375,-0.89462190821989,-1.05927507965537,-0.896488304609281,-1.05393315299222,1.11721535257341,1.5520964874479,0.493525544645758,1.5520964874479,0.493525544645758
Shanxi,2018,0.0200895135714721,0.0021273014297621,0.0300524363560955,0.0564238582203988,0.280862241983414,172.029251098633,10.1832555463115,1.00516700744629,-9.85000610351562,1.00516700744629,-9.85000610351562,-0.89462190821989,-1.05927507965537,-0.896488304609281,-1.05393315299222,0.0498621058711894,0.401672207855074,-0.340655633557233,0.401672207855074,-0.340655633557233
Shanxi,2019,0.0200895135714721,0.0021273014297621,0.0300524363560955,0.0564238582203988,0.280862241983414,172.029251098633,16.4381038038153,1.37500047683716,43.4000244140625,1.37500047683716,43.4000244140625,-0.89462190821989,-1.05927507965537,-0.896488304609281,-1.05393315299222,0.853374730162626,1.2614883660251,0.152490991214157,1.2614883660251,0.152490991214157
Shanxi,2020,0.0200895135714721,0.0021273014297621,0.0300524363560955,0.0564238582203988,0.280862241983414,172.029251098633,9.19866660748627,1.07208323478699,115.324991861979,1.07208323478699,115.324991861979,-0.89462190821989,-1.05927507965537,-0.896488304609281,-1.05393315299222,-0.0766205216065726,0.557243994275796,0.818585537808331,0.557243994275796,0.818585537808331
Shanxi,2021,0.0200895135714721,0.0021273014297621,0.0300524363560955,0.0564238582203988,0.280862241983414,172.029251098633,16.4594578365755,1.40183356404305,69.8562405904134,1.40183356404305,69.8562405904134,-0.89462190821989,-1.05927507965537,-0.896488304609281,-1.05393315299222,0.856117919796637,1.32387190851844,0.397501061345156,1.32387190851844,0.397501061345156
Shanxi,2022,0.0200895135714721,0.0021273014297621,0.0300524363560955,0.0564238582203988,0.280862241983414,172.029251098633,16.4594578365755,1.40183356404305,69.8562405904134,1.40183356404305,69.8562405904134,-0.89462190821989,-1.05927507965537,-0.896488304609281,-1.05393315299222,0.856117919796637,1.32387190851844,0.397501061345156,1.32387190851844,0.397501061345156
Shanxi,2023,0.0200895135714721,0.0021273014297621,0.0300524363560955,0.0564238582203988,0.280862241983414,172.029251098633,25.5861464277437,1.77475070953369,81.4749755859375,1.77475070953369,81.4749755859375,-0.89462190821989,-1.05927507965537,-0.896488304609281,-1.05393315299222,2.02855395646349,2.19085722458409,0.505101749860527,2.19085722458409,0.505101749860527
Shanxi,2024,0.0200895135714721,0.0021273014297621,0.0300524363560955,0.0564238582203988,0.280862241983414,172.029251098633,30.8681290225477,1.96225070953369,90.4749755859375,1.96225070953369,90.4749755859375,-0.89462190821989,-1.05927507965537,-0.896488304609281,-1.05393315299222,2.70708995309954,2.62677106959766,0.58845042740687,2.62677106959766,0.58845042740687
Sichuan,2002,0.0614651285579834,0.00483292830482234,0.0502349422385811,0.172594181637433,0.28080016374588,283.352813720703,0.941610075728947,0.676125736348331,29.4191929101944,0.676125736348331,29.4191929101944,0.684835137509787,-0.662236927552279,-0.0922984866083476,0.117843212568675,-1.13734156384698,-0.363307235624717,0.0230150115646404,-0.363307235624717,0.0230150115646404
Sichuan,2003,0.0614651285579834,0.00483292830482234,0.0502349422385811,0.172594181637433,0.28080016374588,283.352813720703,0.941610075728947,0.676125736348331,29.4191929101944,0.676125736348331,29.4191929101944,0.684835137509787,-0.662236927552279,-0.0922984866083476,0.117843212568675,-1.13734156384698,-0.363307235624717,0.0230150115646404,-0.363307235624717,0.0230150115646404
Sichuan,2004,0.0614651285579834,0.00483292830482234,0.0502349422385811,0.172594181637433,0.28080016374588,283.352813720703,1.61253182169629,-0.0594997406005859,82.8499755859375,-0.0594997406005859,82.8499755859375,0.684835137509787,-0.662236927552279,-0.0922984866083476,0.117843212568675,-1.05115336701109,-2.07354366307399,0.517835575596774,-2.07354366307399,0.517835575596774
Sichuan,2005,0.0614651285579834,0.00483292830482234,0.0502349422385811,0.172594181637433,0.28080016374588,283.352813720703,0.941610075728947,0.676125736348331,29.4191929101944,0.676125736348331,29.4191929101944,0.684835137509787,-0.662236927552279,-0.0922984866083476,0.117843212568675,-1.13734156384698,-0.363307235624717,0.0230150115646404,-0.363307235624717,0.0230150115646404
Sichuan,2006,0.0614651285579834,0.00483292830482234,0.0502349422385811,0.172594181637433,0.28080016374588,283.352813720703,4.28035248340659,0.800167083740234,-226.274963378906,0.800167083740234,-226.274963378906,0.684835137509787,-0.662236927552279,-0.0922984866083476,0.117843212568675,-0.708438804997838,-0.0749267519859567,-2.34495940877139,-0.0749267519859567,-2.34495940877139
Sichuan,2007,0.0614651285579834,0.00483292830482234,0.0502349422385811,0.172594181637433,0.28080016374588,283.352813720703,2.76239962663639,0.902499914169311,6.29166666666667,0.902499914169311,6.29166666666667,0.684835137509787,-0.662236927552279,-0.0922984866083476,0.117843212568675,-0.90343862486251,0.162984168459162,-0.1911681803594,0.162984168459162,-0.1911681803594
Sichuan,2008,0.0614651285579834,0.00483292830482234,0.0502349422385811,0.172594181637433,0.28080016374588,283.352813720703,0.941610075728947,0.676125736348331,29.4191929101944,0.676125736348331,29.4191929101944,0.684835137509787,-0.662236927552279,-0.0922984866083476,0.117843212568675,-1.13734156384698,-0.363307235624717,0.0230150115646404,-0.363307235624717,0.0230150115646404
Sichuan,2009,0.0614651285579834,0.00483292830482234,0.0502349422385811,0.172594181637433,0.28080016374588,283.352813720703,0.941610075728947,0.676125736348331,29.4191929101944,0.676125736348331,29.4191929101944,0.684835137509787,-0.662236927552279,-0.0922984866083476,0.117843212568675,-1.13734156384698,-0.363307235624717,0.0230150115646404,-0.363307235624717,0.0230150115646404
Sichuan,2010,0.0614651285579834,0.00483292830482234,0.0502349422385811,0.172594181637433,0.28080016374588,283.352813720703,0.941610075728947,0.676125736348331,29.4191929101944,0.676125736348331,29.4191929101944,0.684835137509787,-0.662236927552279,-0.0922984866083476,0.117843212568675,-1.13734156384698,-0.363307235624717,0.0230150115646404,-0.363307235624717,0.0230150115646404
Sichuan,2011,0.0614651285579834,0.00483292830482234,0.0502349422385811,0.172594181637433,0.28080016374588,283.352813720703,0.221982969884653,0.371082305908203,-61.7249755859375,0.371082305908203,-61.7249755859375,0.684835137509787,-0.662236927552279,-0.0922984866083476,0.117843212568675,-1.22978656659098,-1.07249472714089,-0.821067867347981,-1.07249472714089,-0.821067867347981
Sichuan,2012,0.0614651285579834,0.00483292830482234,0.0502349422385811,0.172594181637433,0.28080016374588,283.352813720703,0.0428250393018675,0.319291532039642,45.2937622070313,0.319291532039642,45.2937622070313,0.684835137509787,-0.662236927552279,-0.0922984866083476,0.117843212568675,-1.25280161876151,-1.19290174246501,0.170028829065654,-1.19290174246501,0.170028829065654
Sichuan,2013,0.0614651285579834,0.00483292830482234,0.0502349422385811,0.172594181637433,0.28080016374588,283.352813720703,4.96821676051958,1.21608352661133,126.825012207031,1.21608352661133,126.825012207031,0.684835137509787,-0.662236927552279,-0.0922984866083476,0.117843212568675,-0.620074130475747,0.892026505700987,0.925086814199012,0.892026505700987,0.925086814199012
Sichuan,2014,0.0614651285579834,0.00483292830482234,0.0502349422385811,0.172594181637433,0.28080016374588,283.352813720703,1.42067496365064,0.0975837707519531,209.599975585938,0.0975837707519531,209.599975585938,0.684835137509787,-0.662236927552279,-0.0922984866083476,0.117843212568675,-1.07579975348603,-1.70834431682376,1.69166278437443,-1.70834431682376,1.69166278437443
Sichuan,2015,0.0614651285579834,0.00483292830482234,0.0502349422385811,0.172594181637433,0.28080016374588,283.352813720703,0.0563212092809467,0.451749801635742,92.3499755859375,0.451749801635742,92.3499755859375,0.684835137509787,-0.662236927552279,-0.0922984866083476,0.117843212568675,-1.25106786879487,-0.884952976579792,0.605814735229024,-0.884952976579792,0.605814735229024
Sichuan,2016,0.0614651285579834,0.00483292830482234,0.0502349422385811,0.172594181637433,0.28080016374588,283.352813720703,2.50663243548476,0.810417652130127,-56.3125,0.810417652130127,-56.3125,0.684835137509787,-0.662236927552279,-0.0922984866083476,0.117843212568675,-0.936295084125666,-0.051095473690423,-0.770943124865786,-0.051095473690423,-0.770943124865786
Sichuan,2017,0.0614651285579834,0.00483292830482234,0.0502349422385811,0.172594181637433,0.28080016374588,283.352813720703,0.535880453717773,0.643283462524414,86.5549926757813,0.643283462524414,86.5549926757813,0.684835137509787,-0.662236927552279,-0.0922984866083476,0.117843212568675,-1.1894625522249,-0.439661378886434,0.552147606121783,-0.439661378886434,0.552147606121783
Sichuan,2018,0.0614651285579834,0.00483292830482234,0.0502349422385811,0.172594181637433,0.28080016374588,283.352813720703,1.78118522279769,0.844645962119103,68.7000064849854,0.844645962119103,68.7000064849854,0.684835137509787,-0.662236927552279,-0.0922984866083476,0.117843212568675,-1.02948775158195,0.0284810287928326,0.386793218720556,0.0284810287928326,0.386793218720556
Sichuan,2019,0.0614651285579834,0.00483292830482234,0.0502349422385811,0.172594181637433,0.28080016374588,283.352813720703,0.236285272511062,0.18833327293396,39.199951171875,0.18833327293396,39.199951171875,0.684835137509787,-0.662236927552279,-0.0922984866083476,0.117843212568675,-1.22794925891481,-1.49736317320123,0.113594263399256,-1.49736317320123,0.113594263399256
Sichuan,2020,0.0614651285579834,0.00483292830482234,0.0502349422385811,0.172594181637433,0.28080016374588,283.352813720703,0.941610075728947,0.676125736348331,29.4191929101944,0.676125736348331,29.4191929101944,0.684835137509787,-0.662236927552279,-0.0922984866083476,0.117843212568675,-1.13734156384698,-0.363307235624717,0.0230150115646404,-0.363307235624717,0.0230150115646404
Sichuan,2021,0.0614651285579834,0.00483292830482234,0.0502349422385811,0.172594181637433,0.28080016374588,283.352813720703,4.30653770532412,1.13458251953125,96.6667073567709,1.13458251953125,96.6667073567709,0.684835137509787,-0.662236927552279,-0.0922984866083476,0.117843212568675,-0.705074989360045,0.702546946400964,0.645791833498051,0.702546946400964,0.645791833498051
Sichuan,2022,0.0614651285579834,0.00483292830482234,0.0502349422385811,0.172594181637433,0.28080016374588,283.352813720703,1.34840409624263,0.654166221618652,-57.7875061035156,0.654166221618652,-57.7875061035156,0.684835137509787,-0.662236927552279,-0.0922984866083476,0.117843212568675,-1.08508384031598,-0.41436033696043,-0.784603103543653,-0.41436033696043,-0.784603103543653
Sichuan,2023,0.0614651285579834,0.00483292830482234,0.0502349422385811,0.172594181637433,0.28080016374588,283.352813720703,5.14500269948458,1.20579147338867,99.3249816894531,1.20579147338867,99.3249816894531,0.684835137509787,-0.662236927552279,-0.0922984866083476,0.117843212568675,-0.597363789967457,0.868098780403002,0.670410016851879,0.868098780403002,0.670410016851879
Sichuan,2024,0.0614651285579834,0.00483292830482234,0.0502349422385811,0.172594181637433,0.28080016374588,283.352813720703,8.06285249533401,1.23783302307129,-80.8499755859375,1.23783302307129,-80.8499755859375,0.684835137509787,-0.662236927552279,-0.0922984866083476,0.117843212568675,-0.222529893087781,0.942591341055497,-0.998183807133958,0.942591341055497,-0.998183807133958
Taiwan,2002,0.0579751360610383,0.00503729028144927,0.0983383581054161,0.354595652993036,0.611634016036987,812.18115234375,9.47605317671105,0.722983407974243,54.6962692260743,0.722983407974243,54.6962692260743,0.55160948658857,-0.632247758569663,1.82442471299906,1.95363927785304,-0.0409867858219176,-0.254369060654934,0.257105109694258,-0.254369060654934,0.257105109694258
Taiwan,2003,0.0579751360610383,0.00503729028144927,0.0983383581054161,0.354595652993036,0.611634016036987,812.18115234375,9.17710823906208,0.464469091759788,-15.4277733696832,0.464469091759788,-15.4277733696832,0.55160948658857,-0.632247758569663,1.82442471299906,1.95363927785304,-0.0793899606840401,-0.855382231706109,-0.392311136367937,-0.855382231706109,-0.392311136367937
Taiwan,2004,0.0579751360610383,0.00503729028144927,0.0983383581054161,0.354595652993036,0.611634016036987,812.18115234375,7.99025783461814,0.612034360567729,-64.2750027974447,0.612034360567729,-64.2750027974447,0.55160948658857,-0.632247758569663,1.82442471299906,1.95363927785304,-0.231855575173093,-0.512311598551285,-0.844683577990904,-0.512311598551285,-0.844683577990904
Taiwan,2005,0.0579751360610383,0.00503729028144927,0.0983383581054161,0.354595652993036,0.611634016036987,812.18115234375,10.2386760826915,0.369494438171387,14.7433268229167,0.369494438171387,14.7433268229167,0.55160948658857,-0.632247758569663,1.82442471299906,1.95363927785304,0.0569815592604766,-1.07618631930371,-0.112897658460005,-1.07618631930371,-0.112897658460005
Taiwan,2006,0.0579751360610383,0.00503729028144927,0.0983383581054161,0.354595652993036,0.611634016036987,812.18115234375,7.95779024125339,0.787216372401626,-64.5631418786868,0.787216372401626,-64.5631418786868,0.55160948658857,-0.632247758569663,1.82442471299906,1.95363927785304,-0.236026439129328,-0.105035521987415,-0.847352023698787,-0.105035521987415,-0.847352023698787
Taiwan,2007,0.0579751360610383,0.00503729028144927,0.0983383581054161,0.354595652993036,0.611634016036987,812.18115234375,9.52482346802475,1.1180932834895,-19.6049346153182,1.1180932834895,-19.6049346153182,0.55160948658857,-0.632247758569663,1.82442471299906,1.95363927785304,-0.0347216386676415,0.664211552884715,-0.430995677003661,0.664211552884715,-0.430995677003661
Taiwan,2008,0.0579751360610383,0.00503729028144927,0.0983383581054161,0.354595652993036,0.611634016036987,812.18115234375,10.1395058776601,0.439081723873432,32.5176290732164,0.439081723873432,32.5176290732164,0.55160948658857,-0.632247758569663,1.82442471299906,1.95363927785304,0.0442419197974824,-0.91440465917339,0.0517095178590453,-0.91440465917339,0.0517095178590453
Taiwan,2009,0.0579751360610383,0.00503729028144927,0.0983383581054161,0.354595652993036,0.611634016036987,812.18115234375,8.05219569245117,0.613818903764089,-59.4505266613431,0.613818903764089,-59.4505266613431,0.55160948658857,-0.632247758569663,1.82442471299906,1.95363927785304,-0.223898891231049,-0.508162760757588,-0.800004277346686,-0.508162760757588,-0.800004277346686
Taiwan,2010,0.0579751360610383,0.00503729028144927,0.0983383581054161,0.354595652993036,0.611634016036987,812.18115234375,12.4362716923688,0.345967319660953,115.885285760675,0.345967319660953,115.885285760675,0.55160948658857,-0.632247758569663,1.82442471299906,1.95363927785304,0.339289897171749,-1.1308839016609,0.823774399529842,-1.1308839016609,0.823774399529842
Taiwan,2011,0.0579751360610383,0.00503729028144927,0.0983383581054161,0.354595652993036,0.611634016036987,812.18115234375,9.24068320631821,0.217071279386679,-96.2709220488866,0.217071279386679,-96.2709220488866,0.55160948658857,-0.632247758569663,1.82442471299906,1.95363927785304,-0.0712229697873503,-1.43055093378347,-1.14099663982282,-1.43055093378347,-1.14099663982282
Taiwan,2012,0.0579751360610383,0.00503729028144927,0.0983383581054161,0.354595652993036,0.611634016036987,812.18115234375,12.0350959374242,0.125619892369617,2.5128884748979,0.125619892369617,2.5128884748979,0.55160948658857,-0.632247758569663,1.82442471299906,1.95363927785304,0.287753909344872,-1.64316387109777,-0.226163309806609,-1.64316387109777,-0.226163309806609
Taiwan,2013,0.0579751360610383,0.00503729028144927,0.0983383581054161,0.354595652993036,0.611634016036987,812.18115234375,8.39681272827948,0.701130747971711,-25.7745263558847,0.701130747971711,-25.7745263558847,0.55160948658857,-0.632247758569663,1.82442471299906,1.95363927785304,-0.179628570444011,-0.305173738230816,-0.488132045067778,-0.305173738230816,-0.488132045067778
Taiwan,2014,0.0579751360610383,0.00503729028144927,0.0983383581054161,0.354595652993036,0.611634016036987,812.18115234375,8.78681401052951,0.718999620633466,4.87891324361166,0.718999620633466,4.87891324361166,0.55160948658857,-0.632247758569663,1.82442471299906,1.95363927785304,-0.129528081850734,-0.263630863627919,-0.204251639193922,-0.263630863627919,-0.204251639193922
Taiwan,2015,0.0579751360610383,0.00503729028144927,0.0983383581054161,0.354595652993036,0.611634016036987,812.18115234375,9.70300940800218,0.770514065670032,74.7819304821538,0.770514065670032,74.7819304821538,0.55160948658857,-0.632247758569663,1.82442471299906,1.95363927785304,-0.0118314507128274,-0.143866277976562,0.443117698954039,-0.143866277976562,0.443117698954039
Taiwan,2016,0.0579751360610383,0.00503729028144927,0.0983383581054161,0.354595652993036,0.611634016036987,812.18115234375,9.60842364706784,0.911373483362021,66.2828719527633,0.911373483362021,66.2828719527633,0.55160948658857,-0.632247758569663,1.82442471299906,1.95363927785304,-0.0239821616270018,0.183614097343365,0.364408222419189,0.183614097343365,0.364408222419189
Taiwan,2017,0.0579751360610383,0.00503729028144927,0.0983383581054161,0.354595652993036,0.611634016036987,812.18115234375,9.82686019992724,0.990844695547135,72.266104968497,0.990844695547135,72.266104968497,0.55160948658857,-0.632247758569663,1.82442471299906,1.95363927785304,0.00407871540845128,0.368374639591374,0.419818729009524,0.368374639591374,0.419818729009524
Taiwan,2018,0.0579751360610383,0.00503729028144927,0.0983383581054161,0.354595652993036,0.611634016036987,812.18115234375,8.81698588251231,0.827472954130534,7.44582821817109,0.827472954130534,7.44582821817109,0.55160948658857,-0.632247758569663,1.82442471299906,1.95363927785304,-0.125652131701568,-0.0114440482351434,-0.18047953158243,-0.0114440482351434,-0.18047953158243
Taiwan,2019,0.0579751360610383,0.00503729028144927,0.0983383581054161,0.354595652993036,0.611634016036987,812.18115234375,9.09588671189465,1.00233466784611,-4.11683233365145,1.00233466784611,-4.11683233365145,0.55160948658857,-0.632247758569663,1.82442471299906,1.95363927785304,-0.089823870469936,0.395087375612414,-0.287560916683727,0.395087375612414,-0.287560916683727
Taiwan,2020,0.0579751360610383,0.00503729028144927,0.0983383581054161,0.354595652993036,0.611634016036987,812.18115234375,9.76409232932953,0.958063287536303,73.1096273916739,0.958063287536303,73.1096273916739,0.55160948658857,-0.632247758569663,1.82442471299906,1.95363927785304,-0.00398459393956532,0.292162001666253,0.427630559948688,0.292162001666253,0.427630559948688
Taiwan,2021,0.0579751360610383,0.00503729028144927,0.0983383581054161,0.354595652993036,0.611634016036987,812.18115234375,11.1665617377539,1.24276967227459,100.328066457113,1.24276967227459,100.328066457113,0.55160948658857,-0.632247758569663,1.82442471299906,1.95363927785304,0.176179948581442,0.954068427645864,0.679699548946468,0.954068427645864,0.679699548946468
Taiwan,2022,0.0579751360610383,0.00503729028144927,0.0983383581054161,0.354595652993036,0.611634016036987,812.18115234375,9.17411349053699,0.961801213026047,17.796866343362,0.961801213026047,17.796866343362,0.55160948658857,-0.632247758569663,1.82442471299906,1.95363927785304,-0.0797746731738444,0.300852206853498,-0.0846189383639375,0.300852206853498,-0.0846189383639375
Taiwan,2023,0.0579751360610383,0.00503729028144927,0.0983383581054161,0.354595652993036,0.611634016036987,812.18115234375,12.3995811287662,1.44630305320813,21.0800759673749,1.44630305320813,21.0800759673749,0.55160948658857,-0.632247758569663,1.82442471299906,1.95363927785304,0.334576540454946,1.42725786055973,-0.0542132516673929,1.42725786055973,-0.0542132516673929
Taiwan,2024,0.0579751360610383,0.00503729028144927,0.0983383581054161,0.354595652993036,0.611634016036987,812.18115234375,13.3611813048431,1.50341223534034,118.157477429525,1.50341223534034,118.157477429525,0.55160948658857,-0.632247758569663,1.82442471299906,1.95363927785304,0.458105977011893,1.56002950412683,0.84481708516656,1.56002950412683,0.84481708516656
Tianjin,2002,0.0236811882055906,0.0217304700401648,0.0626627916789563,0.101836937794206,0.430033057928085,191.666809082031,30.4108665725743,1.06176681518555,-196.140002441406,1.06176681518555,-196.140002441406,-0.757514681930291,1.81739868204592,0.402900178898862,-0.595864588089514,2.6483489355653,0.533259620221198,-2.06588061521014,0.533259620221198,-2.06588061521014
Tianjin,2003,0.0236811882055906,0.0217304700401648,0.0626627916789563,0.101836937794206,0.430033057928085,191.666809082031,31.4748789051367,1.22545006010267,-41.3433377866392,1.22545006010267,-41.3433377866392,-0.757514681930291,1.81739868204592,0.402900178898862,-0.595864588089514,2.7850344803489,0.913802514387181,-0.632314249925752,0.913802514387181,-0.632314249925752
Tianjin,2004,0.0236811882055906,0.0217304700401648,0.0626627916789563,0.101836937794206,0.430033057928085,191.666809082031,31.4748789051367,1.22545006010267,-41.3433377866392,1.22545006010267,-41.3433377866392,-0.757514681930291,1.81739868204592,0.402900178898862,-0.595864588089514,2.7850344803489,0.913802514387181,-0.632314249925752,0.913802514387181,-0.632314249925752
Tianjin,2005,0.0236811882055906,0.0217304700401648,0.0626627916789563,0.101836937794206,0.430033057928085,191.666809082031,31.4748789051367,1.22545006010267,-41.3433377866392,1.22545006010267,-41.3433377866392,-0.757514681930291,1.81739868204592,0.402900178898862,-0.595864588089514,2.7850344803489,0.913802514387181,-0.632314249925752,0.913802514387181,-0.632314249925752
Tianjin,2006,0.0236811882055906,0.0217304700401648,0.0626627916789563,0.101836937794206,0.430033057928085,191.666809082031,22.7577673161695,0.807666778564453,-143.612503051758,0.807666778564453,-143.612503051758,-0.757514681930291,1.81739868204592,0.402900178898862,-0.595864588089514,1.66521367563322,-0.0574909076806046,-1.57942532532753,-0.0574909076806046,-1.57942532532753
Tianjin,2007,0.0236811882055906,0.0217304700401648,0.0626627916789563,0.101836937794206,0.430033057928085,191.666809082031,31.2156138576506,1.22199789683024,-34.1416829427083,1.22199789683024,-34.1416829427083,-0.757514681930291,1.81739868204592,0.402900178898862,-0.595864588089514,2.75172867817494,0.905776670303441,-0.565619982438324,0.905776670303441,-0.565619982438324
Tianjin,2008,0.0236811882055906,0.0217304700401648,0.0626627916789563,0.101836937794206,0.430033057928085,191.666809082031,31.4748789051367,1.22545006010267,-41.3433377866392,1.22545006010267,-41.3433377866392,-0.757514681930291,1.81739868204592,0.402900178898862,-0.595864588089514,2.7850344803489,0.913802514387181,-0.632314249925752,0.913802514387181,-0.632314249925752
Tianjin,2009,0.0236811882055906,0.0217304700401648,0.0626627916789563,0.101836937794206,0.430033057928085,191.666809082031,31.4748789051367,1.22545006010267,-41.3433377866392,1.22545006010267,-41.3433377866392,-0.757514681930291,1.81739868204592,0.402900178898862,-0.595864588089514,2.7850344803489,0.913802514387181,-0.632314249925752,0.913802514387181,-0.632314249925752
Tianjin,2010,0.0236811882055906,0.0217304700401648,0.0626627916789563,0.101836937794206,0.430033057928085,191.666809082031,31.4748789051367,1.22545006010267,-41.3433377866392,1.22545006010267,-41.3433377866392,-0.757514681930291,1.81739868204592,0.402900178898862,-0.595864588089514,2.7850344803489,0.913802514387181,-0.632314249925752,0.913802514387181,-0.632314249925752
Tianjin,2011,0.0236811882055906,0.0217304700401648,0.0626627916789563,0.101836937794206,0.430033057928085,191.666809082031,31.4748789051367,1.22545006010267,-41.3433377866392,1.22545006010267,-41.3433377866392,-0.757514681930291,1.81739868204592,0.402900178898862,-0.595864588089514,2.7850344803489,0.913802514387181,-0.632314249925752,0.913802514387181,-0.632314249925752
Tianjin,2012,0.0236811882055906,0.0217304700401648,0.0626627916789563,0.101836937794206,0.430033057928085,191.666809082031,31.4748789051367,1.22545006010267,-41.3433377866392,1.22545006010267,-41.3433377866392,-0.757514681930291,1.81739868204592,0.402900178898862,-0.595864588089514,2.7850344803489,0.913802514387181,-0.632314249925752,0.913802514387181,-0.632314249925752
Tianjin,2013,0.0236811882055906,0.0217304700401648,0.0626627916789563,0.101836937794206,0.430033057928085,191.666809082031,31.4748789051367,1.22545006010267,-41.3433377866392,1.22545006010267,-41.3433377866392,-0.757514681930291,1.81739868204592,0.402900178898862,-0.595864588089514,2.7850344803489,0.913802514387181,-0.632314249925752,0.913802514387181,-0.632314249925752
Tianjin,2014,0.0236811882055906,0.0217304700401648,0.0626627916789563,0.101836937794206,0.430033057928085,191.666809082031,31.4748789051367,1.22545006010267,-41.3433377866392,1.22545006010267,-41.3433377866392,-0.757514681930291,1.81739868204592,0.402900178898862,-0.595864588089514,2.7850344803489,0.913802514387181,-0.632314249925752,0.913802514387181,-0.632314249925752
Tianjin,2015,0.0236811882055906,0.0217304700401648,0.0626627916789563,0.101836937794206,0.430033057928085,191.666809082031,32.0564438741385,1.23541641235352,-54.375,1.23541641235352,-54.375,-0.757514681930291,1.81739868204592,0.402900178898862,-0.595864588089514,2.85974369393822,0.936973026016106,-0.753000006782892,0.936973026016106,-0.753000006782892
Tianjin,2016,0.0236811882055906,0.0217304700401648,0.0626627916789563,0.101836937794206,0.430033057928085,191.666809082031,31.4748789051367,1.22545006010267,-41.3433377866392,1.22545006010267,-41.3433377866392,-0.757514681930291,1.81739868204592,0.402900178898862,-0.595864588089514,2.7850344803489,0.913802514387181,-0.632314249925752,0.913802514387181,-0.632314249925752
Tianjin,2017,0.0236811882055906,0.0217304700401648,0.0626627916789563,0.101836937794206,0.430033057928085,191.666809082031,35.322239255039,1.36858304341634,-25.2749837239583,1.36858304341634,-25.2749837239583,-0.757514681930291,1.81739868204592,0.402900178898862,-0.595864588089514,3.2792755049231,1.24656864294463,-0.483505798651214,1.24656864294463,-0.483505798651214
Tianjin,2018,0.0236811882055906,0.0217304700401648,0.0626627916789563,0.101836937794206,0.430033057928085,191.666809082031,23.2279678908791,0.984875202178955,62.5625,0.984875202178955,62.5625,-0.757514681930291,1.81739868204592,0.402900178898862,-0.595864588089514,1.72561675532026,0.354496320621207,0.329953991058819,0.354496320621207,0.329953991058819
Tianjin,2019,0.0236811882055906,0.0217304700401648,0.0626627916789563,0.101836937794206,0.430033057928085,191.666809082031,35.2937689287813,1.35874938964844,-36.4750061035156,1.35874938964844,-36.4750061035156,-0.757514681930291,1.81739868204592,0.402900178898862,-0.595864588089514,3.27561813936857,1.22370663854731,-0.587228804631829,1.22370663854731,-0.587228804631829
Tianjin,2020,0.0236811882055906,0.0217304700401648,0.0626627916789563,0.101836937794206,0.430033057928085,191.666809082031,30.7238363498524,1.2321662902832,1.29998779296875,1.2321662902832,1.29998779296875,-0.757514681930291,1.81739868204592,0.402900178898862,-0.595864588089514,2.68855377454967,0.929416902237795,-0.237395939565926,0.929416902237795,-0.237395939565926
Tianjin,2021,0.0236811882055906,0.0217304700401648,0.0626627916789563,0.101836937794206,0.430033057928085,191.666809082031,31.4748789051367,1.22545006010267,-41.3433377866392,1.22545006010267,-41.3433377866392,-0.757514681930291,1.81739868204592,0.402900178898862,-0.595864588089514,2.7850344803489,0.913802514387181,-0.632314249925752,0.913802514387181,-0.632314249925752
Tianjin,2022,0.0236811882055906,0.0217304700401648,0.0626627916789563,0.101836937794206,0.430033057928085,191.666809082031,31.4748789051367,1.22545006010267,-41.3433377866392,1.22545006010267,-41.3433377866392,-0.757514681930291,1.81739868204592,0.402900178898862,-0.595864588089514,2.7850344803489,0.913802514387181,-0.632314249925752,0.913802514387181,-0.632314249925752
Tianjin,2023,0.0236811882055906,0.0217304700401648,0.0626627916789563,0.101836937794206,0.430033057928085,191.666809082031,46.1054376776345,1.75782871246338,54.066650390625,1.75782871246338,54.066650390625,-0.757514681930291,1.81739868204592,0.402900178898862,-0.595864588089514,4.66451071864718,2.15151571627354,0.251274232217262,2.15151571627354,0.251274232217262
Tianjin,2024,0.0236811882055906,0.0217304700401648,0.0626627916789563,0.101836937794206,0.430033057928085,191.666809082031,31.4748789051367,1.22545006010267,-41.3433377866392,1.22545006010267,-41.3433377866392,-0.757514681930291,1.81739868204592,0.402900178898862,-0.595864588089514,2.7850344803489,0.913802514387181,-0.632314249925752,0.913802514387181,-0.632314249925752
Tibet,2002,0.042174245586323,0.0182189183365156,0.0244374209082694,-0.0559222994950152,0.132598221302032,123.939453125,1.08894349290515,0.831685631526209,-0.503635848302902,0.831685631526209,-0.503635848302902,-0.0515677180820601,1.30209481206928,-1.12022356708619,-2.18713626804178,-1.11841476405787,-0.00165010476127404,-0.254099233487183,-0.00165010476127404,-0.254099233487183
Tibet,2003,0.042174245586323,0.0182189183365156,0.0244374209082694,-0.0559222994950152,0.132598221302032,123.939453125,1.08894349290515,0.831685631526209,-0.503635848302902,0.831685631526209,-0.503635848302902,-0.0515677180820601,1.30209481206928,-1.12022356708619,-2.18713626804178,-1.11841476405787,-0.00165010476127404,-0.254099233487183,-0.00165010476127404,-0.254099233487183
Tibet,2004,0.042174245586323,0.0182189183365156,0.0244374209082694,-0.0559222994950152,0.132598221302032,123.939453125,1.08894349290515,0.831685631526209,-0.503635848302902,0.831685631526209,-0.503635848302902,-0.0515677180820601,1.30209481206928,-1.12022356708619,-2.18713626804178,-1.11841476405787,-0.00165010476127404,-0.254099233487183,-0.00165010476127404,-0.254099233487183
Tibet,2005,0.042174245586323,0.0182189183365156,0.0244374209082694,-0.0559222994950152,0.132598221302032,123.939453125,1.08894349290515,0.831685631526209,-0.503635848302902,0.831685631526209,-0.503635848302902,-0.0515677180820601,1.30209481206928,-1.12022356708619,-2.18713626804178,-1.11841476405787,-0.00165010476127404,-0.254099233487183,-0.00165010476127404,-0.254099233487183
Tibet,2006,0.042174245586323,0.0182189183365156,0.0244374209082694,-0.0559222994950152,0.132598221302032,123.939453125,1.44993617398208,0.99858283996582,-8.7249755859375,0.99858283996582,-8.7249755859375,-0.0515677180820601,1.30209481206928,-1.12022356708619,-2.18713626804178,-1.07204078908987,0.386364849121077,-0.330236766241742,0.386364849121077,-0.330236766241742
Tibet,2007,0.042174245586323,0.0182189183365156,0.0244374209082694,-0.0559222994950152,0.132598221302032,123.939453125,1.08894349290515,0.831685631526209,-0.503635848302902,0.831685631526209,-0.503635848302902,-0.0515677180820601,1.30209481206928,-1.12022356708619,-2.18713626804178,-1.11841476405787,-0.00165010476127404,-0.254099233487183,-0.00165010476127404,-0.254099233487183
Tibet,2008,0.042174245586323,0.0182189183365156,0.0244374209082694,-0.0559222994950152,0.132598221302032,123.939453125,1.08894349290515,0.831685631526209,-0.503635848302902,0.831685631526209,-0.503635848302902,-0.0515677180820601,1.30209481206928,-1.12022356708619,-2.18713626804178,-1.11841476405787,-0.00165010476127404,-0.254099233487183,-0.00165010476127404,-0.254099233487183
Tibet,2009,0.042174245586323,0.0182189183365156,0.0244374209082694,-0.0559222994950152,0.132598221302032,123.939453125,1.08894349290515,0.831685631526209,-0.503635848302902,0.831685631526209,-0.503635848302902,-0.0515677180820601,1.30209481206928,-1.12022356708619,-2.18713626804178,-1.11841476405787,-0.00165010476127404,-0.254099233487183,-0.00165010476127404,-0.254099233487183
Tibet,2010,0.042174245586323,0.0182189183365156,0.0244374209082694,-0.0559222994950152,0.132598221302032,123.939453125,1.54161544998071,1.43591690063477,293.525024414063,1.43591690063477,293.525024414063,-0.0515677180820601,1.30209481206928,-1.12022356708619,-2.18713626804178,-1.06026345211572,1.40311136614291,2.46888965468959,1.40311136614291,2.46888965468959
Tibet,2011,0.042174245586323,0.0182189183365156,0.0244374209082694,-0.0559222994950152,0.132598221302032,123.939453125,1.08894349290515,0.831685631526209,-0.503635848302902,0.831685631526209,-0.503635848302902,-0.0515677180820601,1.30209481206928,-1.12022356708619,-2.18713626804178,-1.11841476405787,-0.00165010476127404,-0.254099233487183,-0.00165010476127404,-0.254099233487183
Tibet,2012,0.042174245586323,0.0182189183365156,0.0244374209082694,-0.0559222994950152,0.132598221302032,123.939453125,1.08894349290515,0.831685631526209,-0.503635848302902,0.831685631526209,-0.503635848302902,-0.0515677180820601,1.30209481206928,-1.12022356708619,-2.18713626804178,-1.11841476405787,-0.00165010476127404,-0.254099233487183,-0.00165010476127404,-0.254099233487183
Tibet,2013,0.042174245586323,0.0182189183365156,0.0244374209082694,-0.0559222994950152,0.132598221302032,123.939453125,1.08894349290515,0.831685631526209,-0.503635848302902,0.831685631526209,-0.503635848302902,-0.0515677180820601,1.30209481206928,-1.12022356708619,-2.18713626804178,-1.11841476405787,-0.00165010476127404,-0.254099233487183,-0.00165010476127404,-0.254099233487183
Tibet,2014,0.042174245586323,0.0182189183365156,0.0244374209082694,-0.0559222994950152,0.132598221302032,123.939453125,1.45083138066064,0.683547633034842,-93.43212890625,0.683547633034842,-93.43212890625,-0.0515677180820601,1.30209481206928,-1.12022356708619,-2.18713626804178,-1.07192578871928,-0.346052262174527,-1.11470667823767,-0.346052262174527,-1.11470667823767
Tibet,2015,0.042174245586323,0.0182189183365156,0.0244374209082694,-0.0559222994950152,0.132598221302032,123.939453125,1.88426585986635,0.473516547679901,-58.0049926757813,0.473516547679901,-58.0049926757813,-0.0515677180820601,1.30209481206928,-1.12022356708619,-2.18713626804178,-1.01624576875602,-0.834348038118229,-0.786617238897256,-0.834348038118229,-0.786617238897256
Tibet,2016,0.042174245586323,0.0182189183365156,0.0244374209082694,-0.0559222994950152,0.132598221302032,123.939453125,2.03143067597409,1.03524985909462,-66.9041493733724,1.03524985909462,-66.9041493733724,-0.0515677180820601,1.30209481206928,-1.12022356708619,-2.18713626804178,-0.99734062785956,0.471611042687055,-0.869032010233023,0.471611042687055,-0.869032010233023
Tibet,2017,0.042174245586323,0.0182189183365156,0.0244374209082694,-0.0559222994950152,0.132598221302032,123.939453125,1.13188853744597,0.972322810441256,32.8843841552734,0.972322810441256,32.8843841552734,-0.0515677180820601,1.30209481206928,-1.12022356708619,-2.18713626804178,-1.11289794190349,0.325313593439889,0.0551060235338073,0.325313593439889,0.0551060235338073
Tibet,2018,0.042174245586323,0.0182189183365156,0.0244374209082694,-0.0559222994950152,0.132598221302032,123.939453125,1.25117063534356,0.642249981562297,24.2749938964844,0.642249981562297,24.2749938964844,-0.0515677180820601,1.30209481206928,-1.12022356708619,-2.18713626804178,-1.09757468103977,-0.442064091739474,-0.0246252311940183,-0.442064091739474,-0.0246252311940183
Tibet,2019,0.042174245586323,0.0182189183365156,0.0244374209082694,-0.0559222994950152,0.132598221302032,123.939453125,1.23296428297032,0.666227237744765,-8.7954795143821,0.666227237744765,-8.7954795143821,-0.0515677180820601,1.30209481206928,-1.12022356708619,-2.18713626804178,-1.09991351219473,-0.38631999608414,-0.33088970059704,-0.38631999608414,-0.33088970059704
Tibet,2020,0.042174245586323,0.0182189183365156,0.0244374209082694,-0.0559222994950152,0.132598221302032,123.939453125,3.71423797191762,0.251374930143356,51.3562393188477,0.251374930143356,51.3562393188477,-0.0515677180820601,1.30209481206928,-1.12022356708619,-2.18713626804178,-0.781163216214408,-1.3507992735203,0.226173212390639,-1.3507992735203,0.226173212390639
Tibet,2021,0.042174245586323,0.0182189183365156,0.0244374209082694,-0.0559222994950152,0.132598221302032,123.939453125,2.75169979994099,1.12444460391998,-90.7249755859375,1.12444460391998,-90.7249755859375,-0.0515677180820601,1.30209481206928,-1.12022356708619,-2.18713626804178,-0.904813149946659,0.678977571603468,-1.08963582833064,0.678977571603468,-1.08963582833064
Tibet,2022,0.042174245586323,0.0182189183365156,0.0244374209082694,-0.0559222994950152,0.132598221302032,123.939453125,1.23918823768494,0.646944522857666,22.691660563151,0.646944522857666,22.691660563151,-0.0515677180820601,1.30209481206928,-1.12022356708619,-2.18713626804178,-1.09911396822814,-0.43114987549073,-0.03928842446606,-0.43114987549073,-0.03928842446606
Tibet,2023,0.042174245586323,0.0182189183365156,0.0244374209082694,-0.0559222994950152,0.132598221302032,123.939453125,1.30829189070583,0.89591646194458,-29.875,0.89591646194458,-29.875,-0.0515677180820601,1.30209481206928,-1.12022356708619,-2.18713626804178,-1.09023674926119,0.147678472604519,-0.526106384573405,0.147678472604519,-0.526106384573405
Tibet,2024,0.042174245586323,0.0182189183365156,0.0244374209082694,-0.0559222994950152,0.132598221302032,123.939453125,1.87873001737357,0.985618880816869,-74.817866734096,0.985618880816869,-74.817866734096,-0.0515677180820601,1.30209481206928,-1.12022356708619,-2.18713626804178,-1.01695691619652,0.356225279631912,-0.942320663176561,0.356225279631912,-0.942320663176561
Xinjiang,2002,0.0491553825225537,0.0112249258649716,0.0365092249655955,0.138596983544164,0.281956881284714,41.6846771240234,14.2200133627943,1.06903212233023,14.6977085489215,1.06903212233023,14.6977085489215,0.214927557570712,0.27575896645754,-0.639211845136013,-0.225076666185347,0.56843357766665,0.550150542741967,-0.113320127661054,0.550150542741967,-0.113320127661054
Xinjiang,2003,0.0491553825225537,0.0112249258649716,0.0365092249655955,0.138596983544164,0.281956881284714,41.6846771240234,14.2200133627943,1.06903212233023,14.6977085489215,1.06903212233023,14.6977085489215,0.214927557570712,0.27575896645754,-0.639211845136013,-0.225076666185347,0.56843357766665,0.550150542741967,-0.113320127661054,0.550150542741967,-0.113320127661054
Xinjiang,2004,0.0491553825225537,0.0112249258649716,0.0365092249655955,0.138596983544164,0.281956881284714,41.6846771240234,22.4589995789833,1.46900010108948,20.9000015258789,1.46900010108948,20.9000015258789,0.214927557570712,0.27575896645754,-0.639211845136013,-0.225076666185347,1.62683326436232,1.48002563342594,-0.0558809146183473,1.48002563342594,-0.0558809146183473
Xinjiang,2005,0.0491553825225537,0.0112249258649716,0.0365092249655955,0.138596983544164,0.281956881284714,41.6846771240234,14.2200133627943,1.06903212233023,14.6977085489215,1.06903212233023,14.6977085489215,0.214927557570712,0.27575896645754,-0.639211845136013,-0.225076666185347,0.56843357766665,0.550150542741967,-0.113320127661054,0.550150542741967,-0.113320127661054
Xinjiang,2006,0.0491553825225537,0.0112249258649716,0.0365092249655955,0.138596983544164,0.281956881284714,41.6846771240234,14.2200133627943,1.06903212233023,14.6977085489215,1.06903212233023,14.6977085489215,0.214927557570712,0.27575896645754,-0.639211845136013,-0.225076666185347,0.56843357766665,0.550150542741967,-0.113320127661054,0.550150542741967,-0.113320127661054
Xinjiang,2007,0.0491553825225537,0.0112249258649716,0.0365092249655955,0.138596983544164,0.281956881284714,41.6846771240234,14.2200133627943,1.06903212233023,14.6977085489215,1.06903212233023,14.6977085489215,0.214927557570712,0.27575896645754,-0.639211845136013,-0.225076666185347,0.56843357766665,0.550150542741967,-0.113320127661054,0.550150542741967,-0.113320127661054
Xinjiang,2008,0.0491553825225537,0.0112249258649716,0.0365092249655955,0.138596983544164,0.281956881284714,41.6846771240234,13.9886574153263,1.02091693878174,-10.0875029563904,1.02091693878174,-10.0875029563904,0.214927557570712,0.27575896645754,-0.639211845136013,-0.225076666185347,0.538713044594979,0.438288811199796,-0.342855083402625,0.438288811199796,-0.342855083402625
Xinjiang,2009,0.0491553825225537,0.0112249258649716,0.0365092249655955,0.138596983544164,0.281956881284714,41.6846771240234,14.2200133627943,1.06903212233023,14.6977085489215,1.06903212233023,14.6977085489215,0.214927557570712,0.27575896645754,-0.639211845136013,-0.225076666185347,0.56843357766665,0.550150542741967,-0.113320127661054,0.550150542741967,-0.113320127661054
Xinjiang,2010,0.0491553825225537,0.0112249258649716,0.0365092249655955,0.138596983544164,0.281956881284714,41.6846771240234,6.41176485768111,0.484874874353409,17.678126335144,0.484874874353409,17.678126335144,0.214927557570712,0.27575896645754,-0.639211845136013,-0.225076666185347,-0.434632522288106,-0.807941361567995,-0.0857185853258051,-0.807941361567995,-0.0857185853258051
Xinjiang,2011,0.0491553825225537,0.0112249258649716,0.0365092249655955,0.138596983544164,0.281956881284714,41.6846771240234,5.48142999441756,0.342472394307454,8.42499987284343,0.342472394307454,8.42499987284343,0.214927557570712,0.27575896645754,-0.639211845136013,-0.225076666185347,-0.554145542696539,-1.13900916218826,-0.171411457970452,-1.13900916218826,-0.171411457970452
Xinjiang,2012,0.0491553825225537,0.0112249258649716,0.0365092249655955,0.138596983544164,0.281956881284714,41.6846771240234,4.58692374673115,0.129000380635262,-2.61249923706055,0.129000380635262,-2.61249923706055,0.214927557570712,0.27575896645754,-0.639211845136013,-0.225076666185347,-0.669055934273398,-1.6353046623623,-0.273629341773721,-1.6353046623623,-0.273629341773721
Xinjiang,2013,0.0491553825225537,0.0112249258649716,0.0365092249655955,0.138596983544164,0.281956881284714,41.6846771240234,17.2685010472877,1.25086650848389,31.754997253418,1.25086650848389,31.754997253418,0.214927557570712,0.27575896645754,-0.639211845136013,-0.225076666185347,0.960049527190095,0.972892550336209,0.0446468118996057,0.972892550336209,0.0446468118996057
Xinjiang,2014,0.0491553825225537,0.0112249258649716,0.0365092249655955,0.138596983544164,0.281956881284714,41.6846771240234,14.2200133627943,1.06903212233023,14.6977085489215,1.06903212233023,14.6977085489215,0.214927557570712,0.27575896645754,-0.639211845136013,-0.225076666185347,0.56843357766665,0.550150542741967,-0.113320127661054,0.550150542741967,-0.113320127661054
Xinjiang,2015,0.0491553825225537,0.0112249258649716,0.0365092249655955,0.138596983544164,0.281956881284714,41.6846771240234,27.3300322804539,1.65783333778381,20.0875015258789,1.65783333778381,20.0875015258789,0.214927557570712,0.27575896645754,-0.639211845136013,-0.225076666185347,2.2525776642001,1.91903908555279,-0.0634054480079476,1.91903908555279,-0.0634054480079476
Xinjiang,2016,0.0491553825225537,0.0112249258649716,0.0365092249655955,0.138596983544164,0.281956881284714,41.6846771240234,9.36208333741616,0.730916500091553,0.375,0.730916500091553,0.375,0.214927557570712,0.27575896645754,-0.639211845136013,-0.225076666185347,-0.055627621361301,-0.235925622320517,-0.245962218375977,-0.235925622320517,-0.245962218375977
Xinjiang,2017,0.0491553825225537,0.0112249258649716,0.0365092249655955,0.138596983544164,0.281956881284714,41.6846771240234,14.2200133627943,1.06903212233023,14.6977085489215,1.06903212233023,14.6977085489215,0.214927557570712,0.27575896645754,-0.639211845136013,-0.225076666185347,0.56843357766665,0.550150542741967,-0.113320127661054,0.550150542741967,-0.113320127661054
Xinjiang,2018,0.0491553825225537,0.0112249258649716,0.0365092249655955,0.138596983544164,0.281956881284714,41.6846771240234,14.2200133627943,1.06903212233023,14.6977085489215,1.06903212233023,14.6977085489215,0.214927557570712,0.27575896645754,-0.639211845136013,-0.225076666185347,0.56843357766665,0.550150542741967,-0.113320127661054,0.550150542741967,-0.113320127661054
Xinjiang,2019,0.0491553825225537,0.0112249258649716,0.0365092249655955,0.138596983544164,0.281956881284714,41.6846771240234,25.1417280668292,1.55158337950706,1.20000457763672,1.55158337950706,1.20000457763672,0.214927557570712,0.27575896645754,-0.639211845136013,-0.225076666185347,1.97146292103616,1.6720213370464,-0.238321880540899,1.6720213370464,-0.238321880540899
Xinjiang,2020,0.0491553825225537,0.0112249258649716,0.0365092249655955,0.138596983544164,0.281956881284714,41.6846771240234,14.2200133627943,1.06903212233023,14.6977085489215,1.06903212233023,14.6977085489215,0.214927557570712,0.27575896645754,-0.639211845136013,-0.225076666185347,0.56843357766665,0.550150542741967,-0.113320127661054,0.550150542741967,-0.113320127661054
Xinjiang,2021,0.0491553825225537,0.0112249258649716,0.0365092249655955,0.138596983544164,0.281956881284714,41.6846771240234,14.2200133627943,1.06903212233023,14.6977085489215,1.06903212233023,14.6977085489215,0.214927557570712,0.27575896645754,-0.639211845136013,-0.225076666185347,0.56843357766665,0.550150542741967,-0.113320127661054,0.550150542741967,-0.113320127661054
Xinjiang,2022,0.0491553825225537,0.0112249258649716,0.0365092249655955,0.138596983544164,0.281956881284714,41.6846771240234,14.2200133627943,1.06903212233023,14.6977085489215,1.06903212233023,14.6977085489215,0.214927557570712,0.27575896645754,-0.639211845136013,-0.225076666185347,0.56843357766665,0.550150542741967,-0.113320127661054,0.550150542741967,-0.113320127661054
Xinjiang,2023,0.0491553825225537,0.0112249258649716,0.0365092249655955,0.138596983544164,0.281956881284714,41.6846771240234,29.2169048064974,1.71013909081618,7.16666666666667,1.71013909081618,7.16666666666667,0.214927557570712,0.27575896645754,-0.639211845136013,-0.225076666185347,2.49496977871475,2.04064336246302,-0.183064836709061,2.04064336246302,-0.183064836709061
Xinjiang,2024,0.0491553825225537,0.0112249258649716,0.0365092249655955,0.138596983544164,0.281956881284714,41.6846771240234,19.7525099972441,1.41174983978271,66.7874984741211,1.41174983978271,66.7874984741211,0.214927557570712,0.27575896645754,-0.639211845136013,-0.225076666185347,1.27915120127922,1.34692599857654,0.369081550553631,1.34692599857654,0.369081550553631
Yunnan,2002,0.0414938965274204,0.0255717391345999,0.0642392426901583,0.203671072863646,0.490845859050751,353.563262939453,2.01440218386478,0.41991662979126,136.650024414063,0.41991662979126,136.650024414063,-0.07753910521406,2.38108704463704,0.465715265348858,0.431306802777149,-0.999528148294778,-0.958961085047557,1.01607590023598,-0.958961085047557,1.01607590023598
Yunnan,2003,0.0414938965274204,0.0255717391345999,0.0642392426901583,0.203671072863646,0.490845859050751,353.563262939453,7.71660559859955,0.746821647461015,-59.1396992693044,0.746821647461015,-59.1396992693044,-0.07753910521406,2.38108704463704,0.465715265348858,0.431306802777149,-0.267009589667807,-0.19894816127876,-0.797125716005397,-0.19894816127876,-0.797125716005397
Yunnan,2004,0.0414938965274204,0.0255717391345999,0.0642392426901583,0.203671072863646,0.490845859050751,353.563262939453,1.2516026529759,0.288041114807129,107.999969482422,0.288041114807129,107.999969482422,-0.07753910521406,2.38108704463704,0.465715265348858,0.431306802777149,-1.09751918303131,-1.26555501998023,0.750748767993502,-1.26555501998023,0.750748767993502
Yunnan,2005,0.0414938965274204,0.0255717391345999,0.0642392426901583,0.203671072863646,0.490845859050751,353.563262939453,8.53809537226522,0.814916610717773,-40.6749877929688,0.814916610717773,-40.6749877929688,-0.07753910521406,2.38108704463704,0.465715265348858,0.431306802777149,-0.16147906731264,-0.040635962562435,-0.626124684580137,-0.040635962562435,-0.626124684580137
Yunnan,2006,0.0414938965274204,0.0255717391345999,0.0642392426901583,0.203671072863646,0.490845859050751,353.563262939453,8.59681819687033,0.829541683197022,-28.425048828125,0.829541683197022,-28.425048828125,-0.07753910521406,2.38108704463704,0.465715265348858,0.431306802777149,-0.153935394155157,-0.0066345141462694,-0.512678438719788,-0.0066345141462694,-0.512678438719788
Yunnan,2007,0.0414938965274204,0.0255717391345999,0.0642392426901583,0.203671072863646,0.490845859050751,353.563262939453,2.68134591555359,0.497874259948731,132.549987792969,0.497874259948731,132.549987792969,-0.07753910521406,2.38108704463704,0.465715265348858,0.431306802777149,-0.913850976596633,-0.777719430060419,0.978105607984899,-0.777719430060419,0.978105607984899
Yunnan,2008,0.0414938965274204,0.0255717391345999,0.0642392426901583,0.203671072863646,0.490845859050751,353.563262939453,0.229201469016852,0.00766658782958984,60.6749877929688,0.00766658782958984,60.6749877929688,-0.07753910521406,2.38108704463704,0.465715265348858,0.431306802777149,-1.22885926109253,-1.91739042317296,0.312473808135638,-1.91739042317296,0.312473808135638
Yunnan,2009,0.0414938965274204,0.0255717391345999,0.0642392426901583,0.203671072863646,0.490845859050751,353.563262939453,13.8359301184743,0.947249412536621,-201.025024414063,0.947249412536621,-201.025024414063,-0.07753910521406,2.38108704463704,0.465715265348858,0.431306802777149,0.519093334245132,0.26702110656968,-2.11112062867744,0.26702110656968,-2.11112062867744
Yunnan,2010,0.0414938965274204,0.0255717391345999,0.0642392426901583,0.203671072863646,0.490845859050751,353.563262939453,13.9182437012709,1.12275012334188,-18.2583211263021,1.12275012334188,-18.2583211263021,-0.07753910521406,2.38108704463704,0.465715265348858,0.431306802777149,0.529667532084128,0.675038118034922,-0.418524737728599,0.675038118034922,-0.418524737728599
Yunnan,2011,0.0414938965274204,0.0255717391345999,0.0642392426901583,0.203671072863646,0.490845859050751,353.563262939453,6.6019438064618,0.568833510080973,-168.133321126302,0.568833510080973,-168.133321126302,-0.07753910521406,2.38108704463704,0.465715265348858,0.431306802777149,-0.410201684012144,-0.612748125716819,-1.80651174297949,-0.612748125716819,-1.80651174297949
Yunnan,2012,0.0414938965274204,0.0255717391345999,0.0642392426901583,0.203671072863646,0.490845859050751,353.563262939453,16.2921228399197,1.05175018310547,-209.700012207031,1.05175018310547,-209.700012207031,-0.07753910521406,2.38108704463704,0.465715265348858,0.431306802777149,0.834621669725763,0.509972214332595,-2.19145937981906,0.509972214332595,-2.19145937981906
Yunnan,2013,0.0414938965274204,0.0255717391345999,0.0642392426901583,0.203671072863646,0.490845859050751,353.563262939453,6.62146788496415,0.64306468433804,-92.4916720920139,0.64306468433804,-92.4916720920139,-0.07753910521406,2.38108704463704,0.465715265348858,0.431306802777149,-0.407693574637072,-0.440170010568714,-1.10599714137588,-0.440170010568714,-1.10599714137588
Yunnan,2014,0.0414938965274204,0.0255717391345999,0.0642392426901583,0.203671072863646,0.490845859050751,353.563262939453,6.88508252822349,0.744667053222656,-0.574951171875,0.744667053222656,-0.574951171875,-0.07753910521406,2.38108704463704,0.465715265348858,0.431306802777149,-0.373829013086303,-0.20395732105949,-0.254759682143686,-0.20395732105949,-0.254759682143686
Yunnan,2015,0.0414938965274204,0.0255717391345999,0.0642392426901583,0.203671072863646,0.490845859050751,353.563262939453,10.1294045438018,0.970290660858154,29.8749694824219,0.970290660858154,29.8749694824219,-0.07753910521406,2.38108704463704,0.465715265348858,0.431306802777149,0.0429442785209607,0.320589102035023,0.0272359420703921,0.320589102035023,0.0272359420703921
Yunnan,2016,0.0414938965274204,0.0255717391345999,0.0642392426901583,0.203671072863646,0.490845859050751,353.563262939453,7.44081213147932,0.746833324432373,-39.5625305175781,0.746833324432373,-39.5625305175781,-0.07753910521406,2.38108704463704,0.465715265348858,0.431306802777149,-0.302438671782205,-0.198921013793518,-0.615822257610068,-0.198921013793518,-0.615822257610068
Yunnan,2017,0.0414938965274204,0.0255717391345999,0.0642392426901583,0.203671072863646,0.490845859050751,353.563262939453,3.44958510822794,0.540916601816813,83.5083211263021,0.540916601816813,83.5083211263021,-0.07753910521406,2.38108704463704,0.465715265348858,0.431306802777149,-0.815161150021105,-0.677651415435864,0.523932490058765,-0.677651415435864,0.523932490058765
Yunnan,2018,0.0414938965274204,0.0255717391345999,0.0642392426901583,0.203671072863646,0.490845859050751,353.563262939453,3.093561618683,0.437500476837158,0.899993896484375,0.437500476837158,0.899993896484375,-0.07753910521406,2.38108704463704,0.465715265348858,0.431306802777149,-0.860896770873371,-0.918080859042714,-0.241100268710213,-0.918080859042714,-0.241100268710213
Yunnan,2019,0.0414938965274204,0.0255717391345999,0.0642392426901583,0.203671072863646,0.490845859050751,353.563262939453,12.2727110426344,0.897167523701986,-173.224975585938,0.897167523701986,-173.224975585938,-0.07753910521406,2.38108704463704,0.465715265348858,0.431306802777149,0.318278508647454,0.150587033356626,-1.85366537250544,0.150587033356626,-1.85366537250544
Yunnan,2020,0.0414938965274204,0.0255717391345999,0.0642392426901583,0.203671072863646,0.490845859050751,353.563262939453,16.8957379165704,0.788833618164063,-489.099975585938,0.788833618164063,-489.099975585938,-0.07753910521406,2.38108704463704,0.465715265348858,0.431306802777149,0.912163492378241,-0.101275629621359,-4.77897243027776,-0.101275629621359,-4.77897243027776
Yunnan,2021,0.0414938965274204,0.0255717391345999,0.0642392426901583,0.203671072863646,0.490845859050751,353.563262939453,11.0150841163796,1.00215015411377,10.860009765625,1.00215015411377,10.860009765625,-0.07753910521406,2.38108704463704,0.465715265348858,0.431306802777149,0.156720774503822,0.394658404462964,-0.148860918595385,0.394658404462964,-0.148860918595385
Yunnan,2022,0.0414938965274204,0.0255717391345999,0.0642392426901583,0.203671072863646,0.490845859050751,353.563262939453,5.55891156583874,0.51400089263916,-146.987518310547,0.51400089263916,-146.987518310547,-0.07753910521406,2.38108704463704,0.465715265348858,0.431306802777149,-0.544192076485402,-0.740227043589984,-1.6106812207185,-0.740227043589984,-1.6106812207185
Yunnan,2023,0.0414938965274204,0.0255717391345999,0.0642392426901583,0.203671072863646,0.490845859050751,353.563262939453,23.0633090780871,1.39263900121053,-138.791666666667,1.39263900121053,-138.791666666667,-0.07753910521406,2.38108704463704,0.465715265348858,0.431306802777149,1.70446429416814,1.30249570991823,-1.53477973228701,1.30249570991823,-1.53477973228701
Yunnan,2024,0.0414938965274204,0.0255717391345999,0.0642392426901583,0.203671072863646,0.490845859050751,353.563262939453,17.7521198657824,1.20347213745117,-117.141642252604,1.20347213745117,-117.141642252604,-0.07753910521406,2.38108704463704,0.465715265348858,0.431306802777149,1.02217634626029,0.862706616955569,-1.33427963186944,0.862706616955569,-1.33427963186944
Zhejiang,2002,0.0470920804650966,0.00238162562647969,0.0850920271159029,0.24517462933645,0.520628154277802,485.56640625,6.19540890086609,0.977024992307027,101.558200799851,0.977024992307027,101.558200799851,0.136163846791271,-1.02195418739538,1.29661292542113,0.849941141832641,-0.462426121026966,0.336245573050884,0.69109177902109,0.336245573050884,0.69109177902109
Zhejiang,2003,0.0470920804650966,0.00238162562647969,0.0850920271159029,0.24517462933645,0.520628154277802,485.56640625,2.37826521545747,0.322000026702881,52.375,0.322000026702881,52.375,0.136163846791271,-1.02195418739538,1.29661292542113,0.849941141832641,-0.95278544129994,-1.18660483407647,0.235607918558446,-1.18660483407647,0.235607918558446
Zhejiang,2004,0.0470920804650966,0.00238162562647969,0.0850920271159029,0.24517462933645,0.520628154277802,485.56640625,6.19540890086609,0.977024992307027,101.558200799851,0.977024992307027,101.558200799851,0.136163846791271,-1.02195418739538,1.29661292542113,0.849941141832641,-0.462426121026966,0.336245573050884,0.69109177902109,0.336245573050884,0.69109177902109
Zhejiang,2005,0.0470920804650966,0.00238162562647969,0.0850920271159029,0.24517462933645,0.520628154277802,485.56640625,6.19540890086609,0.977024992307027,101.558200799851,0.977024992307027,101.558200799851,0.136163846791271,-1.02195418739538,1.29661292542113,0.849941141832641,-0.462426121026966,0.336245573050884,0.69109177902109,0.336245573050884,0.69109177902109
Zhejiang,2006,0.0470920804650966,0.00238162562647969,0.0850920271159029,0.24517462933645,0.520628154277802,485.56640625,7.86171683515347,0.94999885559082,-68.5,0.94999885559082,-68.5,0.136163846791271,-1.02195418739538,1.29661292542113,0.849941141832641,-0.24836825646556,0.273413214801157,-0.883811125709791,0.273413214801157,-0.883811125709791
Zhejiang,2007,0.0470920804650966,0.00238162562647969,0.0850920271159029,0.24517462933645,0.520628154277802,485.56640625,6.19540890086609,0.977024992307027,101.558200799851,0.977024992307027,101.558200799851,0.136163846791271,-1.02195418739538,1.29661292542113,0.849941141832641,-0.462426121026966,0.336245573050884,0.69109177902109,0.336245573050884,0.69109177902109
Zhejiang,2008,0.0470920804650966,0.00238162562647969,0.0850920271159029,0.24517462933645,0.520628154277802,485.56640625,6.19540890086609,0.977024992307027,101.558200799851,0.977024992307027,101.558200799851,0.136163846791271,-1.02195418739538,1.29661292542113,0.849941141832641,-0.462426121026966,0.336245573050884,0.69109177902109,0.336245573050884,0.69109177902109
Zhejiang,2009,0.0470920804650966,0.00238162562647969,0.0850920271159029,0.24517462933645,0.520628154277802,485.56640625,6.19540890086609,0.977024992307027,101.558200799851,0.977024992307027,101.558200799851,0.136163846791271,-1.02195418739538,1.29661292542113,0.849941141832641,-0.462426121026966,0.336245573050884,0.69109177902109,0.336245573050884,0.69109177902109
Zhejiang,2010,0.0470920804650966,0.00238162562647969,0.0850920271159029,0.24517462933645,0.520628154277802,485.56640625,2.64634209621824,0.283872604370117,272.375,0.283872604370117,272.375,0.136163846791271,-1.02195418739538,1.29661292542113,0.849941141832641,-0.918347650149126,-1.27524628084731,2.27302003635792,-1.27524628084731,2.27302003635792
Zhejiang,2011,0.0470920804650966,0.00238162562647969,0.0850920271159029,0.24517462933645,0.520628154277802,485.56640625,6.19540890086609,0.977024992307027,101.558200799851,0.977024992307027,101.558200799851,0.136163846791271,-1.02195418739538,1.29661292542113,0.849941141832641,-0.462426121026966,0.336245573050884,0.69109177902109,0.336245573050884,0.69109177902109
Zhejiang,2012,0.0470920804650966,0.00238162562647969,0.0850920271159029,0.24517462933645,0.520628154277802,485.56640625,6.19540890086609,0.977024992307027,101.558200799851,0.977024992307027,101.558200799851,0.136163846791271,-1.02195418739538,1.29661292542113,0.849941141832641,-0.462426121026966,0.336245573050884,0.69109177902109,0.336245573050884,0.69109177902109
Zhejiang,2013,0.0470920804650966,0.00238162562647969,0.0850920271159029,0.24517462933645,0.520628154277802,485.56640625,5.75011099783808,0.767780303955078,-70.1500244140625,0.767780303955078,-70.1500244140625,0.136163846791271,-1.02195418739538,1.29661292542113,0.849941141832641,-0.519630144517746,-0.15022192907265,-0.899091942691045,-0.15022192907265,-0.899091942691045
Zhejiang,2014,0.0470920804650966,0.00238162562647969,0.0850920271159029,0.24517462933645,0.520628154277802,485.56640625,6.19540890086609,0.977024992307027,101.558200799851,0.977024992307027,101.558200799851,0.136163846791271,-1.02195418739538,1.29661292542113,0.849941141832641,-0.462426121026966,0.336245573050884,0.69109177902109,0.336245573050884,0.69109177902109
Zhejiang,2015,0.0470920804650966,0.00238162562647969,0.0850920271159029,0.24517462933645,0.520628154277802,485.56640625,3.09905307498804,0.692749977111816,488.324951171875,0.692749977111816,488.324951171875,0.136163846791271,-1.02195418739538,1.29661292542113,0.849941141832641,-0.860191325387694,-0.324657973162626,4.27292479706603,-0.324657973162626,4.27292479706603
Zhejiang,2016,0.0470920804650966,0.00238162562647969,0.0850920271159029,0.24517462933645,0.520628154277802,485.56640625,4.87619327693348,1.01458358764648,317.300048828125,1.01458358764648,317.300048828125,0.136163846791271,-1.02195418739538,1.29661292542113,0.849941141832641,-0.631895685171978,0.423564568825451,2.68906930397227,0.423564568825451,2.68906930397227
Zhejiang,2017,0.0470920804650966,0.00238162562647969,0.0850920271159029,0.24517462933645,0.520628154277802,485.56640625,9.67926108070696,1.09277788798014,-54.2667236328125,1.09277788798014,-54.2667236328125,0.136163846791271,-1.02195418739538,1.29661292542113,0.849941141832641,-0.01488221709467,0.605356452113934,-0.751997263225715,0.605356452113934,-0.751997263225715
Zhejiang,2018,0.0470920804650966,0.00238162562647969,0.0850920271159029,0.24517462933645,0.520628154277802,485.56640625,7.18823005615716,0.850374937057495,-112.931304931641,0.850374937057495,-112.931304931641,0.136163846791271,-1.02195418739538,1.29661292542113,0.849941141832641,-0.334885963520676,0.0418001727575317,-1.29528784878874,0.0418001727575317,-1.29528784878874
Zhejiang,2019,0.0470920804650966,0.00238162562647969,0.0850920271159029,0.24517462933645,0.520628154277802,485.56640625,7.31138105815899,1.09494924545288,128.106231689453,1.09494924545288,128.106231689453,0.136163846791271,-1.02195418739538,1.29661292542113,0.849941141832641,-0.31906569407067,0.610404584299747,0.936952141921953,0.610404584299747,0.936952141921953
Zhejiang,2020,0.0470920804650966,0.00238162562647969,0.0850920271159029,0.24517462933645,0.520628154277802,485.56640625,12.7730572068846,1.26491641998291,-68,1.26491641998291,-68,0.136163846791271,-1.02195418739538,1.29661292542113,0.849941141832641,0.382554162178864,1.00555682203562,-0.879180643623883,1.00555682203562,-0.879180643623883
Zhejiang,2021,0.0470920804650966,0.00238162562647969,0.0850920271159029,0.24517462933645,0.520628154277802,485.56640625,10.7923090351331,1.44974994659424,262.633341471354,1.44974994659424,262.633341471354,0.136163846791271,-1.02195418739538,1.29661292542113,0.849941141832641,0.128102559834205,1.43527145282261,2.18280288575007,1.43527145282261,2.18280288575007
Zhejiang,2022,0.0470920804650966,0.00238162562647969,0.0850920271159029,0.24517462933645,0.520628154277802,485.56640625,9.93047066082002,1.11065006256104,-52.79501953125,1.11065006256104,-52.79501953125,0.136163846791271,-1.02195418739538,1.29661292542113,0.849941141832641,0.0173887606579297,0.646907003262255,-0.73836786426963,0.646907003262255,-0.73836786426963
Zhejiang,2023,0.0470920804650966,0.00238162562647969,0.0850920271159029,0.24517462933645,0.520628154277802,485.56640625,9.48341959770983,1.19419670104981,64.343310546875,1.19419670104981,64.343310546875,0.136163846791271,-1.02195418739538,1.29661292542113,0.849941141832641,-0.0400404779300736,0.841142397510776,0.34644601373022,0.841142397510776,0.34644601373022
Zhejiang,2024,0.0470920804650966,0.00238162562647969,0.0850920271159029,0.24517462933645,0.520628154277802,485.56640625,13.2174738413152,1.58974933624268,263,1.58974933624268,263,0.136163846791271,-1.02195418739538,1.29661292542113,0.849941141832641,0.439644975817978,1.76075237144236,2.18619849724715,1.76075237144236,2.18619849724715
