species,province,longitude,latitude,discovery_year,centroid_lon,centroid_lat,delta_lon,delta_lat,bearing,direction_8,dist_to_centroid_km,dist_to_edge_km,outside_range
Abroscopus albogularis,Hebei,118.28,39.26,2024,103.691990288287,30.6484070804526,14.5880097117134,8.61159291954739,50.2036919776882,Northeast,1634.97261088972,125.948834753018,TRUE
Abroscopus albogularis,Jiangsu,118.55,32.06,2017,103.691990288287,30.6484070804526,14.8580097117134,1.4115929195474,79.8056525549063,East,1418.42946377454,0,FALSE
Abroscopus albogularis,Ningxia,106.18,35.67,2021,103.691990288287,30.6484070804526,2.48800971171345,5.0215929195474,21.8561273144243,North,604.435288416233,20.3142774960826,TRUE
Abroscopus albogularis,Shanghai,121.97,30.88,2013,103.691990288287,30.6484070804526,18.2780097117134,0.231592919547392,84.4582578745041,East,1744.65485682078,0.622228554735413,TRUE
Abroscopus albogularis,Tibet,95.39,29.41,2016,103.691990288287,30.6484070804526,-8.30199028828656,-1.23840708045261,262.32122118085,West,810.799403656571,0,FALSE
Acanthis flammea,Qinghai,101.32,34.15,2014,86.5807966956308,40.7282787191326,14.7392033043692,-6.57827871913256,114.688769749489,Southeast,1489.91454322728,408.356354463202,TRUE
Acanthis flammea,Qinghai,101.63,36.9,2013,86.5807966956308,40.7282787191326,15.0492033043692,-3.82827871913256,103.244575809013,East,1369.52576974736,238.814584723438,TRUE
Accipiter badius,Hunan,111.63,25.19,2024,95.4954667438299,34.9109515670697,16.1345332561701,-9.72095156706971,120.555208126903,Southeast,1887.94255289138,22.3230295026541,TRUE
Accipiter gularis,Xinjiang,88.36,36.47,2012,,,,,,,,,
Accipiter soloensis,Gansu,116.22,33.7,2012,110.617564154199,30.082204069779,5.60243584580054,3.61779593022097,51.290029456566,Northeast,664.328129470207,0,FALSE
Accipiter soloensis,Heilongjiang,125.25,49.09,2018,110.617564154199,30.082204069779,14.6324358458005,19.007795930221,26.1904997773088,Northeast,2447.79569378204,924.108580925601,TRUE
Accipiter soloensis,Inner Mongolia,105.66,38.11,2020,110.617564154199,30.082204069779,-4.95756415419946,8.02779593022096,334.275218090954,Northwest,1002.17759088493,153.775284352718,TRUE
Accipiter trivirgatus,Anhui,117.82,30.23,2007,103.059862866445,30.1183148055148,14.7601371335553,0.11168519448518,85.7764580242068,East,1417.92329102084,0,FALSE
Accipiter trivirgatus,Beijing,116.17,39.99,2013,103.059862866445,30.1183148055148,13.1101371335553,9.87168519448518,43.7615012455943,Northeast,1618.08397514091,0,FALSE
Accipiter trivirgatus,Gansu,105.4,32.6,2020,103.059862866445,30.1183148055148,2.3401371335553,2.48168519448518,38.2385699860823,Northeast,354.264872981721,0,FALSE
Accipiter trivirgatus,Henan,114.25,31.95,2008,103.059862866445,30.1183148055148,11.1901371335553,1.83168519448518,76.3273815464838,East,1084.92253127462,0,FALSE
Accipiter trivirgatus,Liaoning,121.14,38.73,2017,103.059862866445,30.1183148055148,18.0801371335553,8.61168519448518,55.0725964334575,Northeast,1909.77057323829,356.535301545034,TRUE
Accipiter trivirgatus,Shaanxi,107.67,33.55,1997,103.059862866445,30.1183148055148,4.6101371335553,3.43168519448518,47.5787301676263,Northeast,578.903840812726,0,FALSE
Accipiter virgatus,Anhui,117.12,31.77,2012,110.358343106803,17.7878288549739,6.76165689319717,13.9821711450261,22.3527483888331,North,1696.86070597469,1417.20741810378,TRUE
Acridotheres cristatellus,Jilin,125.55,43.8,2017,,,,,,,,,
Acridotheres tristis,Chongqing,106.53,29.45,2010,96.7400555089436,35.4436219726596,9.7899444910564,-5.99362197265959,123.246860773358,Southeast,1133.92864712939,0,FALSE
Acridotheres tristis,Guizhou,106.52,26.68,2017,96.7400555089436,35.4436219726596,9.7799444910564,-8.76362197265959,133.657595398115,Southeast,1346.57807035228,124.420897584063,TRUE
Acridotheres tristis,Jiangxi,115.35,26.3,2019,96.7400555089436,35.4436219726596,18.6099444910564,-9.14362197265958,114.723201734876,Southeast,2041.35893281616,91.4365766858577,TRUE
Acridotheres tristis,Shandong,121.01,121.01,2022,96.7400555089436,35.4436219726596,24.2699444910564,85.5663780273404,347.692386773465,North,9277.10787269522,,
Acrocephalus agricola,Inner Mongolia,101.12,42.06,2020,,,,,,,,,
Acrocephalus bistrigiceps,Guizhou,108.81,26.39,2015,112.796047529775,30.2106506331141,-3.98604752977505,-3.82065063311412,223.532796372003,Southwest,576.769562988698,69.6347006683849,TRUE
Acrocephalus bistrigiceps,Tibet,95.33,29.33,2023,112.796047529775,30.2106506331141,-17.4660475297751,-0.880650633114122,271.063100298631,West,1687.00942645744,1035.19608974195,TRUE
Acrocephalus concinens,Shanghai,121.4,31.62,2005,109.280331710268,29.6475395271511,12.1196682897323,1.97246047284895,76.232069239379,East,1179.46196783702,7.52508530478906,TRUE
Acrocephalus dumetorum,Sichuan,104.06,30.68,2017,89.0612412638023,39.3636588975095,14.9987587361977,-8.68365889750955,120.745793934283,Southeast,1668.95074234093,350.452645175848,TRUE
Acrocephalus orientalis,Tibet,95.33,29.33,2023,85.9447572596377,40.7887555254391,9.38524274036229,-11.4587555254391,143.343949684435,Southeast,1531.86709100767,855.98066336871,TRUE
Acrocephalus tangorum,Hubei,114.41,30.44,2020,120.007279583341,38.5927433611734,-5.59727958334057,-8.15274336117345,211.127562652139,Southwest,1040.99499239568,398.667587966715,TRUE
Acrocephalus tangorum,Zhejiang,119.75,30.24,2023,120.007279583341,38.5927433611734,-0.257279583340562,-8.35274336117345,181.529766134914,South,929.081199793685,86.9281621270885,TRUE
Aegithalos bonvaloti,Shaanxi,107.75,34.16,2006,95.4040876249329,30.0984353311246,12.3459123750671,4.0615646688754,65.5548842799109,Northeast,1246.10964778734,175.252854267389,TRUE
Aegithalos caudatus,Shandong,117.87,38.26,2023,99.358292154929,43.6063635988447,18.511707845071,-5.3463635988447,104.64668160433,East,1660.38693007059,2.79470544730181,TRUE
Aegithalos caudatus,Tianjin,117.59,39.3,2016,99.358292154929,43.6063635988447,18.231707845071,-4.3063635988447,101.281606675951,East,1589.26772414184,18.7102858489055,TRUE
Aegithalos concinnus,Gansu,107.67,35.73,2017,108.857998071773,37.4238939912452,-1.18799807177258,-1.69389399124525,209.744749161392,Southwest,216.166589729675,0,FALSE
Aegithalos concinnus,Hebei,115.66,37.74,2022,108.857998071773,37.4238939912452,6.80200192822741,0.316106008754758,84.5720644602812,East,600.288951911493,132.381594649947,TRUE
Aegithalos fuliginosus,Hunan,110.6,30.05,2012,104.747564674528,33.742918161213,5.85243532547223,-3.692918161213,125.044279703362,Southeast,688.166075147956,1.06098434085696,TRUE
Aegithalos fuliginosus,Shanxi,111.75,35.27,2016,104.747564674528,33.742918161213,7.00243532547223,1.527081838787,73.2098962523378,East,663.563718145097,109.242794403972,TRUE
Aethopyga christinae,Anhui,117.48,30,2017,108.618115371316,27.552267698526,8.86188462868354,2.447732301474,70.4063228298566,East,905.266986979493,17.775278813134,TRUE
Aethopyga christinae,Hubei,110.54,30.07,2003,108.618115371316,27.552267698526,1.92188462868354,2.517732301474,33.3178755605767,Northeast,336.790941367955,1.02738814471473,TRUE
Aethopyga gouldiae,Henan,111.32,33.96,2016,105.089424246549,29.8151539095426,6.23057575345084,4.14484609045741,50.3075571827029,Northeast,747.018829533648,84.9579907030192,TRUE
Agropsar philippensis,Shandong,122.59,37.19,2021,,,,,,,,,
Agropsar sturninus,Tibet,94.81,29.96,2020,,,,,,,,,
Aix galericulata,Tibet,91.18,29.65,2021,90.9801283319071,35.1756468078951,0.199871668092953,-5.52564680789505,178.196628835812,South,614.709800161718,0,FALSE
Aix galericulata,Xinjiang,82.94,37.26,2015,90.9801283319071,35.1756468078951,-8.04012833190706,2.08435319210495,290.16381317296,West,757.302754485762,0,FALSE
Alauda gulgula,Inner Mongolia,38.99,38.99,2020,,,,,,,,,
Alaudala cheleensis,Fujian,117.2,23.66,2019,93.0366064257266,36.1098689988502,24.1633935742734,-12.4498689988502,114.17303905722,Southeast,2698.22465802485,233.038253590657,TRUE
Alaudala heinei,Yunnan,99.22,25.11,2020,,,,,,,,,
Alcedo hercules,Fujian,117.3,26.51,2006,92.382915387529,29.8534304410039,24.917084612471,-3.34343044100393,92.5602996057566,East,2465.39380611307,873.780436922135,TRUE
Alcippe morrisonia,Henan,111.82,33.25,2015,105.089424246549,29.8151539095426,6.73057575345084,3.43484609045741,57.3597972321313,Northeast,743.238164980202,58.7429943120532,TRUE
Amaurornis cinerea,Yunnan,100.19,26.6,2016,105.605050998318,28.2827921990085,-5.41505099831787,-1.68279219900846,251.964277696975,West,566.117591301667,105.614108276309,TRUE
Amaurornis phoenicurus,Heilongjiang,123.37,45.8,2008,105.826167403891,32.2407841721546,17.5438325961091,13.5592158278455,39.8537409876353,Northeast,2128.65426646412,0,FALSE
Amaurornis phoenicurus,Inner Mongolia,105.81,38.66,2018,105.826167403891,32.2407841721546,-0.0161674038908757,6.41921582784545,359.887081224543,North,713.785731444179,3.90490545161438,TRUE
Amaurornis phoenicurus,Jilin,123.42,46.39,2000,105.826167403891,32.2407841721546,17.5938325961091,14.1492158278455,38.547403346432,Northeast,2173.42001093384,15.8127553451801,TRUE
Amaurornis phoenicurus,Qinghai,101.07,32.68,2013,105.826167403891,32.2407841721546,-4.75616740389089,0.439215827845452,277.519257616458,West,448.85928090366,0,FALSE
Anas carolinensis,Shandong,119.43,35.37,2023,,,,,,,,,
Anastomus oscitans,Hebei,114.16,38.24,2021,106.317834091094,30.5457559056026,7.84216590890588,7.6942440943974,37.9085363112819,Northeast,1116.97344485884,0,FALSE
Anastomus oscitans,Hunan,113.24,28.23,2025,106.317834091094,30.5457559056026,6.92216590890588,-2.3157559056026,109.279303906159,East,718.221471617057,59.7809710266148,TRUE
Anastomus oscitans,Qinghai,96.57,32.58,2023,106.317834091094,30.5457559056026,-9.74783409109412,2.0342440943974,286.285299830539,West,950.461920685182,78.713959515231,TRUE
Anastomus oscitans,Shaanxi,107.53,33.23,2020,106.317834091094,30.5457559056026,1.21216590890589,2.6842440943974,20.6607154445459,North,319.654974484122,0,FALSE
Anastomus oscitans,Sichuan,103.09,28.41,2017,106.317834091094,30.5457559056026,-3.22783409109411,-2.1357559056026,233.566312767752,Southwest,392.427184933551,0,FALSE
Anhinga melanogaster,Yunnan,97.84,24,2021,,,,,,,,,
Anous stolidus,Anhui,118.73,30.6,2023,116.817470268908,26.4221061308868,1.91252973109206,4.17789386911325,21.4622603298032,North,500.707591588196,33.4454307884333,TRUE
Anous stolidus,Jiangsu,120.62,31.76,2019,116.817470268908,26.4221061308868,3.80252973109207,5.33789386911325,30.9953039325195,Northeast,699.008184437999,0,FALSE
Anser albifrons,Gansu,105.76,33,2019,114.537796467178,32.9120371169596,-8.77779646717831,0.0879628830403831,273.073732801223,West,818.810087112649,337.84013659254,TRUE
Anser anser,Hainan,110.58,19.9,2007,,,,,,,,,
Anser caerulescens,Guizhou,104.22,26.86,2023,116.815221581547,34.6660395614672,-12.5952215815467,-7.80603956146715,237.567981511076,Southwest,1481.7419461736,451.226541751615,TRUE
Anser caerulescens,Jilin,122.07,44.9,2001,116.815221581547,34.6660395614672,5.25477841845328,10.2339604385329,19.8845141028405,North,1222.64965709706,0,FALSE
Anser caerulescens,Liaoning,122.27,40.7,2018,116.815221581547,34.6660395614672,5.45477841845329,6.03396043853286,33.9441431538901,Northeast,824.578261567171,0,FALSE
Anser caerulescens,Shandong,118.98,37.77,1997,116.815221581547,34.6660395614672,2.1647784184533,3.10396043853286,28.7309928032026,Northeast,395.996304973886,0,FALSE
Anser erythropus,Yunnan,100.08,26.73,2004,113.47382777924,27.6208006930459,-13.3938277792396,-0.890800693045883,268.813669727555,West,1327.96627788522,860.635786126819,TRUE
Anser fabalis,Tibet,95.83,29.27,2016,91.2366525867244,38.9305563963654,4.59334741327555,-9.6605563963654,157.183135081077,Southeast,1154.01592385199,263.767847499584,TRUE
Anser indicus,Chongqing,106.43,29.84,2006,94.397547678229,35.6578125382228,12.032452321771,-5.8178125382228,116.525165485641,Southeast,1296.51172622101,35.797526959367,TRUE
Anser indicus,Henan,111.13,34.77,2019,94.397547678229,35.6578125382228,16.732452321771,-0.887812538222796,88.8420207662145,East,1521.45228483614,69.7862195738017,TRUE
Anthreptes malacensis,Yunnan,101.23,21.95,2009,,,,,,,,,
Anthropoides virgo,Anhui,117.27,31.67,2020,99.0985049469097,36.9716555277682,18.1714950530903,-5.30165552776818,104.141053460713,East,1766.38823719978,128.189497084461,TRUE
Anthropoides virgo,Beijing,116.38,40,2009,99.0985049469097,36.9716555277682,17.2814950530903,3.02834447223182,72.0712233461633,East,1538.73700028355,0,FALSE
Anthropoides virgo,Tianjin,117.41,39.3,1999,99.0985049469097,36.9716555277682,18.3114950530903,2.32834447223181,75.2097099715763,East,1619.42831443064,0,FALSE
Anthus godlewskii,Shaanxi,107.98,33.53,2005,94.3693968510723,36.5832290176491,13.6106031489277,-3.05322901764908,101.332153654674,East,1283.26726069728,123.3096267751,TRUE
Anthus gustavi,Anhui,117.26,31.66,2020,123.469870990261,41.6826198388699,-6.20987099026088,-10.0226198388699,208.339410287733,Southwest,1243.61285116214,315.053561343523,TRUE
Anthus gustavi,Hubei,112.72,30.44,2014,123.469870990261,41.6826198388699,-10.7498709902609,-11.2426198388699,221.013858468164,Southwest,1577.27348416716,518.064785755743,TRUE
Anthus gustavi,Xinjiang,93.48,41.22,2010,123.469870990261,41.6826198388699,-29.9898709902609,-0.46261983886987,278.902981666524,West,2487.26624407276,1929.14771779083,TRUE
Anthus pratensis,Jiangsu,120.62,31.76,2021,,,,,,,,,
Anthus richardi,Tibet,95.49,29.66,2016,,,,,,,,,
Anthus roseatus,Zhejiang,119.9,30.25,2020,100.61455651776,32.9390507489254,19.2854434822401,-2.68905074892537,94.1213978496795,East,1848.19107297139,187.996899963797,TRUE
Anthus trivialis,Jiangsu,120.96,32.76,2023,121.469264939024,31.2045240127431,-0.509264939024448,1.55547598725693,344.614048117916,North,179.505735699234,105.310666188934,TRUE
Aquila fasciata,Liaoning,121.14,38.73,2019,117.683248517012,35.9766250134939,3.45675148298768,2.75337498650607,43.904265135876,Northeast,432.470553286563,174.754281203547,TRUE
Aquila fasciata,Shaanxi,110.01,32.85,2020,117.683248517012,35.9766250134939,-7.67324851701231,-3.12662501349393,245.92271569354,Southwest,784.73448189018,518.655702940327,TRUE
Aquila heliaca,Hunan,110.87,29.98,2023,102.441079849356,35.3614976980126,8.42892015064385,-5.38149769801261,124.838273466029,Southeast,989.543000876831,11.0612323019512,TRUE
Aquila heliaca,Ningxia,106.51,38.55,2019,102.441079849356,35.3614976980126,4.06892015064385,3.18850230198739,44.3520597485808,Northeast,506.26872085495,122.610075153244,TRUE
Ardea intermedia,Jilin,125.37,43.96,2020,104.527936174004,31.2038213408215,20.8420638259957,12.7561786591785,46.2459553213051,Northeast,2309.17077956334,579.495563448272,TRUE
Ardea intermedia,Liaoning,124.19,39.97,2005,104.527936174004,31.2038213408215,19.6620638259957,8.76617865917855,55.7532479596285,Northeast,2021.17414046954,316.134930203167,TRUE
Ardenna pacifica,Shanghai,121.32,31.35,2012,117.039887277328,24.3121966114169,4.28011272267223,7.03780338858312,27.2967241603278,Northeast,888.325099927151,0,FALSE
Ardenna pacifica,Zhejiang,119.12,28.05,2018,117.039887277328,24.3121966114169,2.08011272267224,3.73780338858312,26.0854725493122,Northeast,464.543890568639,32.9555256859488,TRUE
Ardenna tenuirostris,Fujian,120.26,26.72,2024,117.055982326721,32.3979808311756,3.20401767327924,-5.67798083117559,153.049498954072,Southeast,703.204807157031,53.3421096511715,TRUE
Ardenna tenuirostris,Hebei,118.75,39.17,2013,117.055982326721,32.3979808311756,1.69401767327923,6.77201916882441,10.9823131681028,North,768.316582634767,0,FALSE
Ardeola bacchus,Xinjiang,83.67,39.17,2001,108.160557518131,32.3432660681124,-24.4905575181312,6.82673393188761,295.918402424371,Northwest,2327.98390760732,554.779221520605,TRUE
Ardeola grayii,Guangdong,110.89,21.73,2022,89.0332506591,35.6257723765613,21.8567493409,-13.8957723765613,120.197770336521,Southeast,2622.69370121728,532.219651697576,TRUE
Ardeola grayii,Yunnan,102.65,25.01,2015,89.0332506591,35.6257723765613,13.6167493409,-10.6157723765613,128.446896786978,Southeast,1757.77191998402,0,FALSE
Ardeola speciosa,Guangxi,110.22,22.67,2025,119.741378045336,28.9323700346686,-9.52137804533622,-6.26237003466857,236.005715269895,Southwest,1179.62584626543,951.186122684172,TRUE
Arenaria interpres,Xinjiang,83.82,42.89,1999,,,,,,,,,
Arenaria interpres,Yunnan,103.38,23.42,2013,,,,,,,,,
Artamus fuscus,Guizhou,108.02,25.23,2014,98.4901426874439,28.7422463651889,9.52985731255608,-3.51224636518892,110.252184541374,East,1021.41523785479,0,FALSE
Artamus fuscus,Hunan,111.56,25.57,2022,98.4901426874439,28.7422463651889,13.0698573125561,-3.17224636518892,102.199111287881,East,1339.49506073791,23.0248621259904,TRUE
Artamus fuscus,Jiangxi,114.78,24.94,2020,98.4901426874439,28.7422463651889,16.2898573125561,-3.80224636518891,100.863150308285,East,1668.9943968944,0,FALSE
Asarcornis scutulata,Yunnan,97.57,24.72,2019,,,,,,,,,
Asio flammeus,Guangxi,107.08,22.14,2004,,,,,,,,,
Athene noctua,Yunnan,99.26,28.35,2000,96.4114364812737,31.7768251851671,2.84856351872628,-3.42682518516713,143.544161228047,Southeast,469.357672387865,0,FALSE
Athene noctua,Zhejiang,119.69,30.63,2022,96.4114364812737,31.7768251851671,23.2785635187263,-1.14682518516713,87.159394767784,East,2213.45843329077,21.6257052289774,TRUE
Aviceda jerdoni,Guangdong,111.44,21.83,2014,106.1040322922,27.6172083049529,5.33596770779974,-5.78720830495294,138.903111548344,Southeast,839.120855301037,84.8324937755329,TRUE
Aviceda jerdoni,Hunan,110.88,29.98,2017,106.1040322922,27.6172083049529,4.77596770779974,2.36279169504706,59.4179348109688,Northeast,534.339557281654,0,FALSE
Aviceda leuphotes,Gansu,105.63,33.55,2018,104.027534446149,30.9305874200139,1.60246555385055,2.61941257998608,26.9349464697262,Northeast,327.934192318706,0,FALSE
Aviceda leuphotes,Jiangsu,119.07,32.25,2008,104.027534446149,30.9305874200139,15.0424655538505,1.31941257998609,80.1979207465382,East,1431.13034284821,0,FALSE
Aviceda leuphotes,Ningxia,106.31,35.35,2002,104.027534446149,30.9305874200139,2.28246555385056,4.41941257998609,22.7697139389585,Northeast,535.349829416803,4.41138753770257,TRUE
Aviceda leuphotes,Shanxi,111.38,35.01,2018,104.027534446149,30.9305874200139,7.35246555385055,4.07941257998608,54.5595445570075,Northeast,821.929536052329,20.178653346313,TRUE
Aythya collaris,Shandong,120.08,36.25,2014,,,,,,,,,
Aythya fuligula,Hainan,109.17,18.75,2005,,,,,,,,,
Aythya nyroca,Fujian,119.52,25.96,2004,97.2093699310782,34.5047130288728,22.3106300689218,-8.54471302887281,107.931756374148,East,2337.70077313391,152.191302653403,TRUE
Aythya nyroca,Jilin,123.88,46.01,2010,97.2093699310782,34.5047130288728,26.6706300689218,11.5052869711272,52.2571744688405,Northeast,2581.76245956813,889.469664936171,TRUE
Bombycilla japonica,Gansu,104.16,35.94,2019,106.499792166522,34.0068903314021,-2.33979216652206,1.93310966859791,315.901139949542,Northwest,302.723945063316,101.019178754391,TRUE
Bombycilla japonica,Ningxia,106.27,38.48,2019,106.499792166522,34.0068903314021,-0.22979216652206,4.47310966859791,357.694849446079,North,497.813263557981,130.73424190577,TRUE
Bombycilla japonica,Qinghai,101.75,36.66,2014,106.499792166522,34.0068903314021,-4.74979216652206,2.65310966859791,305.755915457203,Northwest,522.072771877921,0,FALSE
Brachyramphus perdix,Jiangsu,119.62,34.87,2016,123.952123127554,42.0389438747044,-4.33212312755349,-7.16894387470435,206.69961839392,Southwest,881.581572744774,28.6939106792148,TRUE
Branta bernicla,Anhui,117.09,30.75,2017,117.560868831817,35.7662163816721,-0.470868831817015,-5.01621638167209,184.618883452748,South,559.490998757609,176.308806846016,TRUE
Branta bernicla,Henan,112.66,34.84,2018,117.560868831817,35.7662163816721,-4.90086883181702,-0.926216381672084,258.386077313321,West,456.451894335923,193.409589947898,TRUE
Branta canadensis,Heilongjiang,124.39,47.03,2023,118.977476315303,33.0438160070797,5.41252368469668,13.9861839929203,14.7998800441997,North,1620.98356971283,398.824267580703,TRUE
Branta canadensis,Liaoning,123.8,39.83,2020,118.977476315303,33.0438160070797,4.82252368469668,6.78618399292034,28.3511481064535,Northeast,868.854434130824,0,FALSE
Branta canadensis,Tianjin,117.43,39.26,2014,118.977476315303,33.0438160070797,-1.54747631530331,6.21618399292034,349.085440388373,North,704.998816433286,0,FALSE
Branta canadensis,Zhejiang,120.71,30.2,2016,118.977476315303,33.0438160070797,1.73252368469667,-2.84381600707966,152.122470564927,Southeast,356.21913725136,0,FALSE
Branta hutchinsii,Hebei,118.33,39.24,2025,115.537759942068,32.8639495037472,2.79224005793165,6.3760504962528,18.6866734110486,North,751.995566279877,403.310965559777,TRUE
Branta hutchinsii,Hubei,114.15,30.75,2015,115.537759942068,32.8639495037472,-1.38775994206834,-2.11394950374721,209.525215303922,Southwest,269.158546964136,0,FALSE
Branta leucopsis,Jilin,122.3,45,2018,112.895345772038,32.3492506899504,9.40465422796223,12.6507493100496,27.2762686830415,Northeast,1623.83165288353,1127.28911040396,TRUE
Branta ruficollis,Hebei,115.61,37.67,2020,100.512634529996,36.2876300674896,15.0973654700039,1.38236993251041,78.9412713286404,East,1348.37573611375,49.7835073957166,TRUE
Branta ruficollis,Henan,112.78,35,2008,100.512634529996,36.2876300674896,12.2673654700039,-1.28763006748959,93.7480522505924,East,1116.95211416681,0,FALSE
Branta ruficollis,Sichuan,104.22,31.01,2011,100.512634529996,36.2876300674896,3.70736547000385,-5.27763006748959,148.636218672729,Southeast,679.666294841977,0,FALSE
Branta ruficollis,Xinjiang,83.57,45.95,2021,100.512634529996,36.2876300674896,-16.9426345299962,9.66236993251042,312.5059545421,Northwest,1773.85354695575,0,FALSE
Bubo nipalensis,Chongqing,107.33,28.83,2018,104.277702413699,26.9303333479648,3.05229758630149,1.89966665203523,54.1443753011261,Northeast,366.882393200416,0.314199557207168,TRUE
Bubo nipalensis,Guangxi,106.88,22.35,2013,104.277702413699,26.9303333479648,2.60229758630149,-4.58033334796476,152.134368321296,Southeast,573.158580252976,0,FALSE
Bubulcus ibis,Heilongjiang,125.13,46.81,2007,116.40866614672,40.1838492440431,8.72133385328004,6.62615075595691,40.7366779322156,Northeast,1017.47484397049,919.130865837951,TRUE
Bubulcus ibis,Shanxi,111.43,36.06,2015,116.40866614672,40.1838492440431,-4.97866614671995,-4.12384924404309,225.086828519964,Southwest,632.191946745707,532.17279157148,TRUE
Bubulcus ibis,Tianjin,117.4,39.24,2002,116.40866614672,40.1838492440431,0.991333853280054,-0.943849244043093,140.745170582488,Southeast,134.925038843248,64.3628717662657,TRUE
Bucanetes mongolicus,Heilongjiang,128.27,46.43,2002,95.3846302246352,38.9822432071572,32.8853697753649,7.44775679284282,61.9857805825224,Northeast,2788.8690813449,0,FALSE
Bucanetes mongolicus,Sichuan,102.75,30.06,2014,95.3846302246352,38.9822432071572,7.36536977536484,-8.92224320715718,143.619465536465,Southeast,1198.82344486902,327.739100184345,TRUE
Bucanetes mongolicus,Tibet,79.71,31.71,2012,95.3846302246352,38.9822432071572,-15.6746302246352,-7.27224320715718,245.1015181923,Southwest,1632.16875654739,0,FALSE
Bulweria bulwerii,Yunnan,103.23,22.9,2005,116.234114055663,24.9332720410979,-13.0041140556626,-2.03327204109791,262.981216387407,West,1340.45893369261,691.028428704847,TRUE
Burhinus indicus,Tibet,95.3,29.33,2024,,,,,,,,,
Butastur indicus,Anhui,116.82,31.47,2013,95.6898827433522,34.3143379249755,21.1301172566478,-2.84433792497548,93.2194548088298,East,1994.3652346733,93.0655626028809,TRUE
Butastur indicus,Gansu,105.5,32.98,2022,95.6898827433522,34.3143379249755,9.81011725664776,-1.33433792497548,96.5344934740427,East,919.740050310331,0,FALSE
Cacomantis merulinus,Shaanxi,107.5,33.65,2015,101.594915832523,28.9746442087247,5.90508416747652,4.67535579127529,45.6742472008558,Northeast,764.540813202747,113.375031786071,TRUE
Calandrella brachydactyla,Hunan,113.25,28.23,2023,97.2004706568679,37.4459716841954,16.0495293431321,-9.21597168419538,119.7600986225,Southeast,1811.97266182947,392.06763235483,TRUE
Calidris acuminata,Shaanxi,109.39,34.79,2015,100.62165161429,39.9613362534928,8.76834838571031,-5.17133625349278,123.851048052534,Southeast,964.064379637442,93.266672812934,TRUE
Calidris acuminata,Xinjiang,84.92,44.48,2009,100.62165161429,39.9613362534928,-15.7016516142897,4.51866374650722,296.407742636787,Northwest,1384.38071936738,0,FALSE
Calidris alba,Yunnan,102.71,24.93,2016,120.973371588975,23.7519935426755,-18.2633715889751,1.17800645732452,277.80576937274,West,1853.51390111632,1712.3989327145,TRUE
Calidris alpina,Chongqing,106.5,29.78,2009,97.1696001845122,37.5115360188936,9.33039981548781,-7.73153601889355,132.187773497624,Southeast,1217.33851952533,35.9646391261163,TRUE
Calidris alpina,Shaanxi,109.03,32.71,2016,97.1696001845122,37.5115360188936,11.8603998154878,-4.80153601889355,112.820108508305,Southeast,1202.453830706,0,FALSE
Calidris alpina,Tibet,91.16,29.9,2019,97.1696001845122,37.5115360188936,-6.0096001845122,-7.61153601889355,215.013195570112,Southwest,1012.03424946674,667.224158189362,TRUE
Calidris alpina,Yunnan,102.83,24.82,2010,97.1696001845122,37.5115360188936,5.66039981548781,-12.6915360188936,157.582505764164,South,1509.6622984558,155.232222724808,TRUE
Calidris bairdii,Zhejiang,120.64,27.54,2022,,,,,,,,,
Calidris canutus,Jilin,123.91,45.79,2009,,,,,,,,,
Calidris falcinellus,Jilin,122.58,45.82,2010,100.792831423459,40.3985147029781,21.7871685765413,5.42148529702186,63.8954706216864,Northeast,1861.54188775673,66.1356480335842,TRUE
Calidris falcinellus,Shaanxi,109.4,34.8,2019,100.792831423459,40.3985147029781,8.60716857654131,-5.59851470297814,126.688684800667,Southeast,980.236184502414,415.672107736938,TRUE
Calidris melanotos,Hainan,110.58,19.9,2013,100.792474092392,35.9961455100276,9.78752590760783,-16.0961455100276,149.299810835697,Southeast,2028.77904500587,0,FALSE
Calidris melanotos,Hunan,112.82,28.5,2022,100.792474092392,35.9961455100276,12.0275259076078,-7.49614551002755,123.042967751684,Southeast,1403.14435704522,106.119398793216,TRUE
Calidris melanotos,Liaoning,121.61,40.86,2010,100.792474092392,35.9961455100276,20.8175259076078,4.86385448997245,67.0517422559237,Northeast,1887.09244535122,0,FALSE
Calidris melanotos,Tianjin,117.68,39.11,2006,100.792474092392,35.9961455100276,16.8875259076078,3.11385448997245,71.8282412669455,East,1525.98430035158,0,FALSE
Calidris melanotos,Yunnan,102.77,24.89,2015,100.792474092392,35.9961455100276,1.97752590760783,-11.1061455100276,170.755015242428,South,1249.32078847307,0,FALSE
Calidris melanotos,Zhejiang,121.28,28.15,2021,100.792474092392,35.9961455100276,20.4875259076078,-7.84614551002755,108.579857453914,East,2112.73035184341,0,FALSE
Calidris minuta,Hainan,108.7,18.52,2019,101.044331360854,35.8314808839813,7.65566863914604,-17.3114808839813,156.650645574225,Southeast,2066.61651739771,0,FALSE
Calidris minuta,Hubei,114.1,30.45,2019,101.044331360854,35.8314808839813,13.055668639146,-5.38148088398128,112.519499765544,Southeast,1353.2537991396,0,FALSE
Calidris minuta,Hunan,112.91,27.77,2022,101.044331360854,35.8314808839813,11.865668639146,-8.06148088398128,125.373328714597,Southeast,1433.59898477988,165.265724592829,TRUE
Calidris minuta,Jilin,122.57,45.83,2010,101.044331360854,35.8314808839813,21.525668639146,9.99851911601872,51.6778101913561,Northeast,2114.80487887948,5.56263527189978,TRUE
Calidris minuta,Liaoning,124.08,39.82,2010,101.044331360854,35.8314808839813,23.035668639146,3.98851911601872,70.6728946152125,East,2065.09756253983,0.589400554990976,TRUE
Calidris minuta,Shaanxi,107.51,34.26,2017,101.044331360854,35.8314808839813,6.46566863914605,-1.57148088398128,104.659885116439,East,613.847459172986,0,FALSE
Calidris minuta,Sichuan,104.55,28.81,2020,101.044331360854,35.8314808839813,3.50566863914604,-7.02148088398128,156.165572365809,Southeast,847.220686364118,0,FALSE
Calidris minuta,Tianjin,117.7,39.11,2006,101.044331360854,35.8314808839813,16.655668639146,3.27851911601872,71.0761557998835,East,1512.01237426985,0,FALSE
Calidris minuta,Yunnan,102.7,24.93,2013,101.044331360854,35.8314808839813,1.65566863914604,-10.9014808839813,172.103338443784,South,1222.48604182447,0,FALSE
Calidris pugnax,Guizhou,106.8,26.54,2019,98.677197903998,35.1374751259908,8.12280209600201,-8.59747512599083,138.786982627109,Southeast,1229.93613246006,183.872682568644,TRUE
Calidris pugnax,Henan,112.17,32.95,2018,98.677197903998,35.1374751259908,13.492802096002,-2.18747512599083,97.2302282680999,East,1265.69921855221,52.7305646912807,TRUE
Calidris pugnax,Liaoning,124.12,39.83,2016,98.677197903998,35.1374751259908,25.442802096002,4.69252487400917,69.2986460160901,East,2296.38555437956,170.846184947652,TRUE
Calidris pugnax,Shaanxi,108.07,34.24,2011,98.677197903998,35.1374751259908,9.392802096002,-0.89747512599083,93.936531051309,East,864.237976893694,0,FALSE
Calidris pugnax,Tianjin,117.49,38.46,2006,98.677197903998,35.1374751259908,18.812802096002,3.32252487400917,72.0028511550012,East,1712.05736730643,0,FALSE
Calidris pygmaea,Shandong,117.87,38.26,2017,,,,,,,,,
Calidris subminuta,Jilin,128.24,42.57,2019,101.226927242505,34.1460984811193,27.0130727574948,8.4239015188807,60.1963351226172,Northeast,2521.16437955275,1793.87955677342,TRUE
Calidris subminuta,Xinjiang,84.92,44.48,2009,101.226927242505,34.1460984811193,-16.3069272425052,10.3339015188807,314.299216723615,Northwest,1807.50026737126,783.939414282204,TRUE
Calidris tenuirostris,Jilin,122.57,45.83,2010,115.996047538215,31.9334232570082,6.57395246178507,13.8965767429918,18.2024952190658,North,1645.20261763709,5.56263527189978,TRUE
Calidris tenuirostris,Sichuan,104.54,28.81,2020,115.996047538215,31.9334232570082,-11.4560475382149,-3.12342325700818,255.424151354958,West,1151.89494267003,110.09709255983,TRUE
Calidris tenuirostris,Yunnan,102.72,24.77,2015,115.996047538215,31.9334232570082,-13.2760475382149,-7.16342325700818,241.787230922621,Southwest,1521.98425137557,175.409649866593,TRUE
Callacanthis burtoni,Tibet,85.97,27.93,2015,,,,,,,,,
Calliope obscura,Hubei,110.36,31.46,2021,102.683386430459,31.9021742440669,7.67661356954145,-0.442174244066877,91.8484141136206,East,727.909321143358,78.6932385703135,TRUE
Calonectris leucomelas,Anhui,117.2,31.89,2011,116.870869184316,28.8072326652212,0.32913081568428,3.08276733477884,5.18152096800441,North,344.239225429984,0,FALSE
Calonectris leucomelas,Tianjin,117.42,38.79,2017,116.870869184316,28.8072326652212,0.549130815684279,9.98276733477884,2.46726259769042,North,1111.18531779519,66.5352588224587,TRUE
Caprimulgus macrurus,Guizhou,106.8,26.54,2018,102.391560305846,24.3360217071678,4.4084396941537,2.20397829283219,60.09642063639,Northeast,505.924766346578,183.872682568644,TRUE
Carduelis caniceps,Inner Mongolia,101.06,41.97,2019,88.3835993151076,40.5396218293743,12.6764006848924,1.4303781706257,77.3091129993524,East,1070.52682539008,145.642941082794,TRUE
Carduelis caniceps,Qinghai,100.49,36.58,2016,88.3835993151076,40.5396218293743,12.1064006848924,-3.9596218293743,108.833994852071,East,1139.75281238364,155.907653176597,TRUE
Carpodacus roborowskii,Xinjiang,90.55,36.65,2015,88.5581841305189,31.5582032448636,1.99181586948109,5.09179675513644,17.395678867095,North,595.096759932927,96.361397045566,TRUE
Carpodacus vinaceus,Shandong,117.1,36.26,2020,,,,,,,,,
Cecropis daurica,Xinjiang,88.16,39.03,2012,,,,,,,,,
Cecropis striolata,Chongqing,108.79,30.69,2021,105.224693902605,24.6190239753568,3.56530609739549,6.07097602464322,26.6724294897472,Northeast,760.788522959244,453.32467278303,TRUE
Centropus bengalensis,Hebei,117.3,38.38,2002,111.185361802007,28.1803772837218,6.11463819799322,10.1996227162782,24.9857013991311,Northeast,1267.80279602414,277.256955765064,TRUE
Centropus bengalensis,Liaoning,124.02,41.87,2012,111.185361802007,28.1803772837218,12.8346381979932,13.6896227162782,33.9776044670252,Northeast,1914.40865037473,837.40713245957,TRUE
Centropus bengalensis,Tibet,95.34,29.34,2022,111.185361802007,28.1803772837218,-15.8453618020068,1.15962271627825,278.572619739017,West,1548.75585542575,297.823801801341,TRUE
Centropus bengalensis,Zhejiang,120.27,30.19,2002,111.185361802007,28.1803772837218,9.08463819799321,2.00962271627825,73.5921687421785,East,909.494593389969,0,FALSE
Cephalopyrus flammiceps,Guangxi,106.72,22.8,2012,97.7731071678229,30.1889422546343,8.94689283217711,-7.3889422546343,130.619231446428,Southeast,1210.60348887081,4.79243742380513,TRUE
Cephalopyrus flammiceps,Hubei,110.45,31.52,2019,97.7731071678229,30.1889422546343,12.6768928321771,1.3310577453657,79.7944509047685,East,1218.42344930748,83.138862106914,TRUE
Certhia familiaris,Jiangsu,120.69,33.37,2024,88.0157743292953,40.9701428243263,32.6742256707047,-7.60014282432633,95.7762849993607,East,2996.31805648249,198.369606751658,TRUE
Certhia himalayana,Qinghai,101.05,32.7,2013,93.0345825388191,35.191414918882,8.01541746118087,-2.49141491888195,108.267135846522,East,789.262644688512,2.50539844686736,TRUE
Certhia tianquanensis,Shaanxi,107.8,34.02,2005,,,,,,,,,
Ceryle rudis,Beijing,116.23,40.27,2006,111.020502715836,28.1665699385923,5.20949728416427,12.1034300614077,18.1636980466531,North,1427.80701674208,82.6606170658327,TRUE
Ceryle rudis,Liaoning,123.52,41.98,2022,111.020502715836,28.1665699385923,12.4994972841643,13.8134300614077,33.0710088164142,Northeast,1906.79423809321,523.265450027789,TRUE
Ceryle rudis,Shaanxi,109.01,34.42,2019,111.020502715836,28.1665699385923,-2.01050271583573,6.25343006140772,345.152246965519,North,721.060278702317,0,FALSE
Cettia brunnifrons,Shaanxi,107.8,33.99,2018,94.3919563319863,30.3222992692073,13.4080436680137,3.66770073079267,68.5917022139527,East,1325.22581518047,159.45533431734,TRUE
Cettia castaneocoronata,Hubei,110.29,31.46,2020,96.7593751479926,29.576361460397,13.5306248520074,1.88363853960303,77.4149018665534,East,1312.03736793296,166.128059935293,TRUE
Chalcophaps indica,Anhui,117.91,31.64,2023,108.654373591216,26.9093070211582,9.25562640878424,4.73069297884185,57.4246766920456,Northeast,1039.87007528544,169.829635883247,TRUE
Chalcophaps indica,Hunan,111.59,25.95,2017,108.654373591216,26.9093070211582,2.93562640878424,-0.95930702115815,109.39043380254,East,311.152622809383,0,FALSE
Chalcophaps indica,Jiangxi,114.38,24.49,2004,108.654373591216,26.9093070211582,5.72562640878424,-2.41930702115815,113.860571301533,Southeast,633.518261814591,0,FALSE
Chalcophaps indica,Zhejiang,120.14,27.52,2018,108.654373591216,26.9093070211582,11.4856264087842,0.610692978841851,83.9565325933114,East,1137.38321545481,0,FALSE
Charadrius asiaticus,Hubei,94.33,39.95,2000,,,,,,,,,
Charadrius atrifrons,Guizhou,106.63,26.63,2024,94.5715601006362,34.9091683040137,12.0584398993638,-8.27916830401368,125.39871166704,Southeast,1472.6703752501,126.124240653803,TRUE
Charadrius atrifrons,Yunnan,103.32,27.44,2024,94.5715601006362,34.9091683040137,8.74843989936379,-7.46916830401368,132.590541079682,Southeast,1174.77580301108,0,FALSE
Charadrius dealbatus,Jiangxi,115.82,29.69,2024,112.750289553773,23.8153930542495,3.06971044622733,5.87460694575048,24.3369303689526,Northeast,720.735152444738,246.872300575292,TRUE
Charadrius hiaticula,Jiangsu,120.81,31.9,2016,94.3706466364977,38.5398505950396,26.4393533635023,-6.6398505950396,99.0638748391629,East,2502.5834766336,0,FALSE
Charadrius hiaticula,Xinjiang,86.75,47.75,2010,94.3706466364977,38.5398505950396,-7.6206466364977,9.2101494049604,331.431765688606,Northwest,1194.91466104373,0,FALSE
Charadrius hiaticula,Yunnan,103.3,23.57,2019,94.3706466364977,38.5398505950396,8.9293533635023,-14.9698505950396,150.493476427745,Southeast,1866.89160839328,691.674446729119,TRUE
Charadrius hiaticula,Zhejiang,121.27,30.39,2019,94.3706466364977,38.5398505950396,26.8993533635023,-8.1498505950396,102.092516258521,East,2615.64814550887,34.1874187663666,TRUE
Charadrius mongolus,Shaanxi,107.53,33.61,2019,100.906638252399,36.3916238409171,6.6233617476006,-2.78162384091711,115.214302489505,Southeast,677.726026524461,86.4034749778403,TRUE
Charadrius mongolus,Shaanxi,109.25,34.62,2019,100.906638252399,36.3916238409171,8.3433617476006,-1.77162384091712,102.168064371749,East,780.210293484622,88.6013848148103,TRUE
Charadrius mongolus,Yunnan,103.3,23.59,2012,100.906638252399,36.3916238409171,2.39336174760059,-12.8016238409171,170.180069271383,South,1441.86216958212,0,FALSE
Charadrius placidus,Hainan,108.94,18.09,2004,,,,,,,,,
Charadrius veredus,Hainan,110.79,19.54,1996,126.503982168551,46.1836274966835,-15.7139821685511,-26.6436274966835,211.105209633728,Southwest,3292.24334510511,2358.24625771635,TRUE
Charadrius veredus,Jilin,122.96,46.05,2007,126.503982168551,46.1836274966835,-3.54398216855113,-0.133627496683545,268.164874538943,West,273.54844738828,27.6253267172994,TRUE
Charadrius veredus,Xinjiang,90.8,43.9,2010,126.503982168551,46.1836274966835,-35.7039821685511,-2.28362749668354,277.836625216779,West,2792.93980276699,2288.65864865085,TRUE
Charadrius veredus,Yunnan,101.82,24.03,2016,126.503982168551,46.1836274966835,-24.6839821685511,-22.1536274966835,230.281139277517,Southwest,3305.52252812412,2441.51697094983,TRUE
Chlidonias leucopterus,Yunnan,102.69,24.81,2007,91.5852641060002,42.1187795447849,11.1047358939998,-17.3087795447849,148.574272554949,Southeast,2178.44237432451,1673.73790475316,TRUE
Chlidonias niger,Gansu,100.47,39.99,2021,97.7920631861007,38.3734853629608,2.67793681389928,1.61651463703918,51.2503279384375,Northeast,292.526394252935,425.074191491028,TRUE
Chlidonias niger,Hubei,114.41,30.45,2020,97.7920631861007,38.3734853629608,16.6179368138993,-7.92348536296082,115.101823914463,Southeast,1756.71654716917,0,FALSE
Chloris ambigua,Guangxi,105.2,24.97,2004,95.5451481361918,31.4236657858828,9.65485186380823,-6.45366578588278,124.809482917006,Southeast,1186.57880481871,2.78184464966993,TRUE
Chloris chloris,Xinjiang,82.27,43.33,1998,,,,,,,,,
Chloris sinica,Hainan,109.7,19.9,1996,,,,,,,,,
Chrysolophus pictus,Shanxi,111.32,34.97,2006,103.826614251193,31.8319225161071,7.49338574880711,3.13807748389286,61.3305663574837,Northeast,777.909154105845,15.8773552297063,TRUE
Chrysolophus pictus,Shanxi,111.32,34.97,2006,103.826614251193,31.8319225161071,7.49338574880711,3.13807748389286,61.3305663574837,Northeast,777.909154105845,15.8773552297063,TRUE
Chrysolophus pictus,Shanxi,111.32,34.97,2006,103.826614251193,31.8319225161071,7.49338574880711,3.13807748389286,61.3305663574837,Northeast,777.909154105845,15.8773552297063,TRUE
Chrysolophus pictus,Shanxi,111.32,34.97,2006,103.826614251193,31.8319225161071,7.49338574880711,3.13807748389286,61.3305663574837,Northeast,777.909154105845,15.8773552297063,TRUE
Ciconia boyciana,Gansu,105.02,33.35,2023,118.197743999711,37.0894634154541,-13.1777439997106,-3.73946341545406,254.739685628974,West,1265.89766086625,62.8103023180987,TRUE
Ciconia boyciana,Ningxia,105.72,37.25,2017,118.197743999711,37.0894634154541,-12.4777439997106,0.160536584545937,274.700226363481,West,1104.94131683465,133.535086198616,TRUE
Ciconia boyciana,Tianjin,117.48,38.75,1999,118.197743999711,37.0894634154541,-0.717743999710606,1.66053658454594,341.391420320631,North,195.08004864934,60.1312929569338,TRUE
Ciconia episcopus,Yunnan,99.62,27.89,2011,,,,,,,,,
Ciconia nigra,Tibet,98.87,29.55,2020,108.303741095238,38.1754050492318,-9.43374109523836,-8.62540504923177,224.976847403776,Southwest,1294.10093070035,40.0217981492688,TRUE
Circaetus gallicus,Guangxi,109.05,21.45,2015,99.5714093352385,35.1896614010944,9.47859066476147,-13.7396614010944,146.341918670795,Southeast,1785.15695466229,0,FALSE
Circaetus gallicus,Hunan,110.87,29.97,2022,99.5714093352385,35.1896614010944,11.2985906647615,-5.21966140109441,115.594661634089,Southeast,1206.1598648664,0,FALSE
Circaetus gallicus,Jiangsu,118.95,32.5,2024,99.5714093352385,35.1896614010944,19.3785906647615,-2.68966140109441,93.9637639329322,East,1811.47422084028,164.242126588505,TRUE
Circus aeruginosus,Gansu,103.47,37.89,2025,,,,,,,,,
Circus aeruginosus,Ningxia,106.26,37,2024,,,,,,,,,
Circus macrourus,Zhejiang,120.63,27.86,2021,113.696736706079,30.1401757747978,6.93326329392055,-2.28017577479777,108.900448686782,East,720.204730150512,216.112439762612,TRUE
Circus spilonotus,Xinjiang,86.82,47.78,2015,,,,,,,,,
Cisticola exilis,Hainan,109.11,19.01,2007,,,,,,,,,
Cisticola juncidis,Liaoning,123.62,39.93,2006,108.459958400917,24.4002639857161,15.1600415990826,15.5297360142839,35.7307277469853,Northeast,2233.26328916756,1382.53390712761,TRUE
Clamator coromandus,Beijing,115.43,39.97,2000,97.7328331067305,32.6703765373133,17.6971668932695,7.29962346268673,57.8128190362727,Northeast,1776.7204263463,0,FALSE
Clamator coromandus,Heilongjiang,128.85,45.97,2012,97.7328331067305,32.6703765373133,31.1171668932695,13.2996234626867,51.6647650907262,Northeast,3030.36281615244,1068.74061237302,TRUE
Clamator coromandus,Liaoning,123.63,39.85,2015,97.7328331067305,32.6703765373133,25.8971668932695,7.17962346268673,63.579730758116,Northeast,2444.97453448786,282.907549743827,TRUE
Clamator jacobinus,Yunnan,98.9,25.03,2019,,,,,,,,,
Clanga clanga,Gansu,104.08,35.82,2014,93.8985219134204,37.2380139757355,10.1814780865796,-1.41801397573546,96.7717568329308,East,922.812413548271,0,FALSE
Clangula hyemalis,Gansu,40.15,40.15,2007,103.758098659213,37.0495139270953,-63.6080986592127,3.10048607290474,294.352589664241,Northwest,5418.08463009556,2797.2446238558,TRUE
Clangula hyemalis,Hubei,112.17,31.95,2024,103.758098659213,37.0495139270953,8.41190134078731,-5.09951392709526,123.892341025198,Southeast,956.276207968182,44.7610959968508,TRUE
Clangula hyemalis,Jiangsu,119.35,35.07,2009,103.758098659213,37.0495139270953,15.5919013407873,-1.97951392709525,94.2623831045213,East,1417.07482964392,2.55255832758861,TRUE
Clangula hyemalis,Jiangxi,117.09,28.03,2013,103.758098659213,37.0495139270953,13.3319013407873,-9.01951392709525,124.984051749115,Southeast,1599.51318607991,0,FALSE
Clangula hyemalis,Ningxia,106.78,37.75,2020,103.758098659213,37.0495139270953,3.02190134078731,0.700486072904745,72.8190828760971,East,278.056526117113,0,FALSE
Clangula hyemalis,Shandong,117.64,37.23,2013,103.758098659213,37.0495139270953,13.8819013407873,0.180486072904742,84.8664354970347,East,1229.56325829397,0,FALSE
Clangula hyemalis,Yunnan,100.13,25.88,2018,103.758098659213,37.0495139270953,-3.6280986592127,-11.1695139270953,196.465872300537,South,1288.46738323974,0,FALSE
Columba oenas,Gansu,98.44,39.91,2021,,,,,,,,,
Columba oenas,Inner Mongolia,101.15,42.05,2017,,,,,,,,,
Copsychus saularis,Guangxi,108.3,22.85,2005,103.160657880221,25.5841272184024,5.13934211977937,-2.73412721840238,119.182422602215,Southeast,603.276220506274,236.495818722275,TRUE
Coracias garrulus,Qinghai,97.29,37.19,2021,88.5581841305189,31.5582032448636,8.7318158694811,5.63179675513644,49.5884383440924,Northeast,1016.23181085075,519.754452512414,TRUE
Coracina javensis,Zhejiang,119.74,27.37,2016,111.449932889651,26.6455215826802,8.29006711034886,0.724478417319805,82.5226817534313,East,825.069555588054,0.0862648742211862,TRUE
Coturnicops exquisitus,Yunnan,100.35,25.3,2003,110.866888469277,31.4536391356319,-10.5168884692769,-6.15363913563186,238.97013400003,Southwest,1234.61335208007,164.280576151422,TRUE
Crex crex,Yunnan,100.33,24.9,2011,86.6170262806194,37.0301081755345,13.7129737193806,-12.1301081755345,132.140201616337,Southeast,1874.39022791401,400.546441895253,TRUE
Crossoptilon mantchuricum,Henan,112.2,35.22,2023,110.552837083709,36.3788781710745,1.64716291629092,-1.15887817107451,130.455680510608,Southeast,196.6484620916,1.63371301176028,TRUE
Curruca communis,Tibet,89.01,27.32,2024,88.4678502182582,39.5326360678478,0.542149781741784,-12.2126360678477,177.723962102921,South,1358.90673679776,671.254706008959,TRUE
Curruca crassirostris,Tibet,81.21,30.21,2015,,,,,,,,,
Curruca curruca,Guizhou,105.29,27.29,2024,96.4031163656075,34.994304100223,8.88688363439255,-7.70430410022295,132.98158604688,Southeast,1202.73706352636,13.7869711548343,TRUE
Curruca curruca,Hainan,110.33,20.07,2021,96.4031163656075,34.994304100223,13.9268836343925,-14.9243041002229,136.914966955115,Southeast,2149.01696250395,0,FALSE
Cutia nipalensis,Hubei,110.28,31.3,1999,,,,,,,,,
Cyanistes cyanus,Jilin,125.35,43.83,2019,105.496186999914,40.3892391901323,19.8538130000863,3.44076080986775,70.2840020200442,East,1677.42667647808,157.088110420151,TRUE
Cyanoderma pyrrhops,Tibet,85.98,28,2010,,,,,,,,,
Cyanoderma rufifrons,Guangxi,106.85,22.34,2005,,,,,,,,,
Cygnus columbianus,Yunnan,100.2,26.58,2010,,,,,,,,,
Cygnus cygnus,Guangxi,108.16,21.58,2016,95.9233929131041,41.2389256061768,12.2366070868959,-19.6589256061768,148.568712059525,Southeast,2469.29098187976,1182.12809702091,TRUE
Cygnus olor,Jilin,122.55,44.96,2009,92.3638997591095,39.1982773329948,30.1861002408905,5.76172266700522,65.6478969627958,Northeast,2556.12659146524,750.862501906136,TRUE
Cygnus olor,Shaanxi,107.66,34.31,2015,92.3638997591095,39.1982773329948,15.2961002408905,-4.88827733299478,107.024018631933,East,1464.76108384731,69.0522410549422,TRUE
Cyornis glaucicomans,Henan,114.24,31.04,2019,108.185692790533,29.1123796518729,6.05430720946697,1.92762034812712,68.2999467703023,East,620.63145594789,0,FALSE
Cyornis glaucicomans,Jiangsu,120.24,31.51,2023,108.185692790533,29.1123796518729,12.054307209467,2.39762034812713,74.0218603706948,East,1186.76116280714,73.3346784317257,TRUE
Cyornis glaucicomans,Shanxi,111.9,35.38,2019,108.185692790533,29.1123796518729,3.71430720946698,6.26762034812713,25.6475688103446,Northeast,779.388591413169,0,FALSE
Cyornis hainanus,Sichuan,104.87,28.99,2023,106.61063938387,24.5523227762617,-1.74063938387026,4.43767722373831,341.08634919717,North,522.804551666432,59.2946693763351,TRUE
Cyornis poliogenys,Guangxi,106.86,22.73,2014,91.8659774985578,30.1121524046297,14.9940225014422,-7.38215240462969,115.287128759858,Southeast,1701.55123522626,117.378860251845,TRUE
Cyornis rubeculoides,Hunan,110.67,30.07,2012,98.8191872801987,30.1687691126507,11.8508127198013,-0.0987691126507038,87.568734074791,East,1139.36930631909,0.219189591608714,TRUE
Delichon dasypus,Henan,111.88,33.48,2016,104.099640438847,33.2418956859783,7.78035956115275,0.238104314021669,85.7632433209353,East,722.897514383755,0,FALSE
Dendrocitta formosae,Shanghai,121.97,30.93,2017,,,,,,,,,
Dendrocopos hyperythrus,Qinghai,101.03,32.68,2013,102.146058447215,28.1456231634784,-1.11605844721461,4.53437683652162,348.295297411564,North,515.421385837361,1.72902784980985,TRUE
Dendrocygna javanica,Guizhou,106.65,26.51,2020,114.01494348869,25.6286747115874,-7.36494348868986,0.881325288412594,279.197896259708,West,742.016791246498,112.983942851929,TRUE
Dicaeum cruentatum,Jiangxi,114.38,24.49,2008,,,,,,,,,
Dicaeum ignipectus,Henan,111.64,33.76,2013,108.263337544317,30.4852773599737,3.37666245568283,3.27472264002634,40.24370833514,Northeast,483.363802531171,61.8461852865566,TRUE
Dicaeum minullum,Jiangxi,114.38,24.49,2003,,,,,,,,,
Dicrurus annectens,Tibet,94.85,30.35,2014,109.023256309757,22.967289178171,-14.173256309757,7.38271082182901,303.290373097521,Northwest,1628.12500345287,1135.831354048,TRUE
Dicrurus hottentottus,Hainan,110.33,20,2004,102.107304191545,35.1291819333781,8.22269580845482,-15.1291819333781,152.249360991269,Southeast,1865.43812485683,587.374547741304,TRUE
Dicrurus hottentottus,Heilongjiang,126.66,45.74,2009,102.107304191545,35.1291819333781,24.5526958084548,10.6108180666219,52.7594316160299,Northeast,2375.4959583291,0,FALSE
Dicrurus hottentottus,Qinghai,100.81,36.63,2013,102.107304191545,35.1291819333781,-1.29730419154518,1.50081806662192,325.371699928757,Northwest,203.737945403583,139.265985005765,TRUE
Dicrurus remifer,Tibet,95.34,29.3,2019,,,,,,,,,
Egretta eulophotes,Tianjin,117.81,39.26,2004,,,,,,,,,
Egretta garzetta,Tibet,97.82,30.17,2014,99.5634764889043,31.5473507618899,-1.74347648890429,-1.37735076188994,227.82727158553,Southwest,226.161336877395,109.705421973878,TRUE
Egretta picata,Jiangsu,121.45,32.27,2021,120.973371588975,23.7519935426755,0.476628411024933,8.51800645732453,2.71853460121298,North,948.310196807938,741.648942160943,TRUE
Elachura formosa,Hubei,113.85,29.32,2018,106.648928160389,28.7420152596875,7.20107183961142,0.577984740312491,83.0129252243387,East,702.947418967836,0,FALSE
Elachura formosa,Tibet,95.28,29.32,2019,106.648928160389,28.7420152596875,-11.3689281603886,0.577984740312491,276.082312859211,West,1106.76394141763,302.44098227092,TRUE
Elanus caeruleus,Beijing,116.17,39.99,2013,110.989529409804,30.2426800413865,5.18047059019651,9.74731995861354,22.0400012186869,North,1181.26116364508,0,FALSE
Elanus caeruleus,Gansu,106.71,35.55,2024,110.989529409804,30.2426800413865,-4.2795294098035,5.30731995861354,327.041890992868,Northwest,712.489994708034,50.6363213255536,TRUE
Elanus caeruleus,Henan,113.74,33.54,2013,110.989529409804,30.2426800413865,2.7504705901965,3.29731995861354,34.5895905769726,Northeast,449.237934793446,0,FALSE
Elanus caeruleus,Inner Mongolia,113.83,41.44,2023,110.989529409804,30.2426800413865,2.8404705901965,11.1973199586135,10.8048673139157,North,1270.92542390666,3.6563109304445,TRUE
Elanus caeruleus,Liaoning,121.14,38.73,2019,110.989529409804,30.2426800413865,10.1504705901965,8.48731995861354,41.804337758579,Northeast,1323.48478286481,0,FALSE
Elanus caeruleus,Shaanxi,109.06,34.44,2016,110.989529409804,30.2426800413865,-1.92952940980349,4.19731995861354,339.284478126868,North,500.653836252357,0,FALSE
Elanus caeruleus,Sichuan,101.89,26.47,2015,110.989529409804,30.2426800413865,-9.09952940980349,-3.77268004138646,246.989429637824,Southwest,983.82197427229,0,FALSE
Elanus caeruleus,Tianjin,117.11,39.17,2004,110.989529409804,30.2426800413865,6.1204705901965,8.92731995861354,27.7053343186979,Northeast,1138.75954561607,0,FALSE
Emberiza buchanani,Qinghai,90.85,35.25,2014,,,,,,,,,
Emberiza chrysophrys,Gansu,102.57,34.57,2020,,,,,,,,,
Emberiza chrysophrys,Gansu,105.76,33,2020,,,,,,,,,
Emberiza citrinella,Qinghai,90.86,35.26,2014,95.6243360420301,43.3593599512445,-4.76433604203012,-8.09935995124449,206.015961285824,Southwest,989.0553112524,85.9999147232588,TRUE
Emberiza elegans,Heilongjiang,128.57,46.13,2021,115.45838051481,37.2074748282482,13.1116194851895,8.92252517175183,43.4383523633721,Northeast,1469.71205158906,0,FALSE
Emberiza elegans,Qinghai,102.67,35.8,2016,115.45838051481,37.2074748282482,-12.7883805148105,-1.40747482824818,266.049983166578,West,1152.78654063074,168.718153614642,TRUE
Emberiza elegans,Tibet,98.29,28.56,2024,115.45838051481,37.2074748282482,-17.1683805148105,-8.64747482824818,243.957546468674,Southwest,1864.9359742317,82.7789695383585,TRUE
Emberiza godlewskii,Heilongjiang,125.25,49.09,2015,99.7985749976619,34.2033549422612,25.4514250023381,14.8866450577388,43.8817683914624,Northeast,2663.54911803743,634.106910641923,TRUE
Emberiza godlewskii,Hunan,110.72,30.03,2012,99.7985749976619,34.2033549422612,10.9214250023381,-4.17335494226119,111.302178053893,East,1127.54632927698,1.32332376794209,TRUE
Emberiza hortulana,Inner Mongolia,108.57,38.98,2010,,,,,,,,,
Emberiza leucocephalos,Anhui,115.6,33.25,2012,,,,,,,,,
Emberiza leucocephalos,Xinjiang,75.08,39.33,2013,,,,,,,,,
Emberiza melanocephala,Guangxi,109.07,21.46,2018,87.6986131507783,40.3048864729128,21.3713868492217,-18.8448864729128,129.704540188191,Southeast,2908.47385957761,798.016431264915,TRUE
Emberiza pallasi,Guizhou,104.25,26.85,2014,,,,,,,,,
Emberiza pusilla,Tibet,97.83,29.69,2013,,,,,,,,,
Emberiza rustica,Guizhou,106.63,26.64,2023,110.086369821349,31.753421020585,-3.45636982134896,-5.11342102058503,211.403255648181,Southwest,660.075002950919,127.161024301493,TRUE
Emberiza siemsseni,Jiangsu,118.83,31.64,2023,109.569345518807,31.189348178011,9.2606544811926,0.45065182198897,84.3262400026724,East,879.958876644822,0.398109435076365,TRUE
Emberiza siemsseni,Jiangxi,116.25,28.75,2011,109.569345518807,31.189348178011,6.68065448119261,-2.43934817801103,111.159916634109,East,698.182328458299,0,FALSE
Emberiza siemsseni,Qinghai,101.78,36.6,2014,109.569345518807,31.189348178011,-7.78934551880739,5.41065182198897,312.046302482122,Northwest,936.856897630071,71.7870059854844,TRUE
Emberiza sulphurata,Zhejiang,122.07,30.57,2005,119.046073744627,28.5485705352273,3.02392625537323,2.02142946477269,51.7193670218724,Northeast,368.844033266238,35.677759199484,TRUE
Emberiza yessoensis,Anhui,117.44,32.29,2016,120.688913113298,36.7870991015576,-3.24891311329839,-4.49709910155757,211.692459463557,Southwest,581.803783447672,91.0272719827866,TRUE
Emberiza yessoensis,Hubei,112.36,30.37,2014,120.688913113298,36.7870991015576,-8.32891311329838,-6.41709910155756,229.612954666232,Southwest,1050.11035708657,0,FALSE
Emberiza yessoensis,Hunan,112.9,28.32,2015,120.688913113298,36.7870991015576,-7.78891311329838,-8.46709910155757,219.960788754693,Southwest,1190.35525847851,114.446642693316,TRUE
Enicurus leschenaulti,Inner Mongolia,108.85,38.2,2015,,,,,,,,,
Enicurus maculatus,Guizhou,105.93,28.33,2020,101.826483977569,29.2684200209982,4.10351602243146,-0.938420020998201,103.631060062447,East,413.216976325907,0,FALSE
Enicurus maculatus,Zhejiang,119.67,27.71,2018,101.826483977569,29.2684200209982,17.8435160224315,-1.5584200209982,91.3463585796197,East,1750.72738546397,0,FALSE
Enicurus schistaceus,Anhui,118.2,29.87,2020,108.904482794319,28.3091737487902,9.29551720568058,1.56082625120985,76.8832193886467,East,919.474736805148,37.1815318629871,TRUE
Eremophila alpestris,Shandong,117.96,38.2,2021,,,,,,,,,
Erithacus rubecula,Gansu,100.34,39.67,2024,91.6049670462552,40.1714781759893,8.73503295374485,-0.50147817598932,91.4667281670495,East,746.695483987054,132.235070409138,TRUE
Erithacus rubecula,Jilin,125.36,43.88,2019,91.6049670462552,40.1714781759893,33.7550329537448,3.70852182401068,70.3426914292519,East,2798.66086567172,0,FALSE
Erithacus rubecula,Ningxia,106.93,38.87,2020,91.6049670462552,40.1714781759893,15.3250329537449,-1.30147817598932,91.3514572684845,East,1320.77998168072,4.46497948671776,TRUE
Erithacus rubecula,Xinjiang,88.21,39.33,2011,91.6049670462552,40.1714781759893,-3.39496704625516,-0.841478175989323,253.222169739851,West,304.922631541375,0,FALSE
Erpornis zantholeuca,Tibet,95.34,29.3,2019,112.934954901096,25.4969896808566,-17.5949549010961,3.80301031914342,287.652296165057,West,1785.76570126328,841.829989758201,TRUE
Eudynamys scolopaceus,Liaoning,120.38,40.55,2017,105.203044020299,31.7273748455161,15.1769559797006,8.82262515448385,49.9335544914567,Northeast,1675.27484048088,0,FALSE
Eudynamys scolopaceus,Qinghai,90.86,38.25,2023,105.203044020299,31.7273748455161,-14.3430440202994,6.52262515448386,303.026872078759,Northwest,1491.9120182827,157.501671442522,TRUE
Eudynamys scolopaceus,Shanxi,111.92,35.42,2019,105.203044020299,31.7273748455161,6.71695597970064,3.69262515448386,54.7573487395261,Northeast,745.246914322297,0,FALSE
Eudynamys scolopaceus,Tibet,86.6,30.53,2015,105.203044020299,31.7273748455161,-18.6030440202994,-1.19737484551614,270.577668208995,West,1773.55105327401,0,FALSE
Eumyias thalassinus,Gansu,105.38,32.87,2019,101.704914661404,30.0147260809935,3.67508533859593,2.85527391900654,46.7313845742563,Northeast,471.477443590123,0,FALSE
Eumyias thalassinus,Hainan,109.68,18.86,2018,101.704914661404,30.0147260809935,7.97508533859595,-11.1547260809935,145.196347707886,Southeast,1478.76659871533,149.747579334975,TRUE
Eumyias thalassinus,Inner Mongolia,105.81,38.66,2019,101.704914661404,30.0147260809935,4.10508533859594,8.64527391900654,20.2748857884981,North,1032.23898157493,173.888630769374,TRUE
Eumyias thalassinus,Jiangsu,120.4,31.99,2016,101.704914661404,30.0147260809935,18.6950853385959,1.97527391900654,78.1880081729731,East,1793.04029486664,331.403419012966,TRUE
Eumyias thalassinus,Qinghai,102.68,35.81,2017,101.704914661404,30.0147260809935,0.975085338595946,5.79527391900655,7.77820500775891,North,650.789521172897,169.738537457982,TRUE
Eumyias thalassinus,Tianjin,117.47,38.71,2018,101.704914661404,30.0147260809935,15.7650853385959,8.69527391900655,51.9625928793364,Northeast,1736.36186504408,0,FALSE
Falco cherrug,Yunnan,99.92,26.47,2017,91.3194229068475,36.3611757808119,8.60057709315252,-9.89117578081188,141.083916310536,Southeast,1368.1792725748,136.060265784736,TRUE
Falco severus,Tibet,95.28,29.32,2013,104.68979212019,24.1996594492477,-9.40979212019022,5.12034055075233,303.417431251142,Northwest,1093.42948896602,302.44098227092,TRUE
Ficedula albicilla,Tibet,95.16,29.25,2016,,,,,,,,,
Ficedula elisae,Hunan,113,28.21,2019,112.437152687571,31.3596991853872,0.56284731242863,-3.14969918538718,171.043103183161,South,354.415598658423,79.0258095874181,TRUE
Ficedula elisae,Jiangxi,114.16,26.57,2010,112.437152687571,31.3596991853872,1.72284731242863,-4.78969918538719,162.107316910363,South,558.313003766882,0,FALSE
Ficedula elisae,Shanghai,121.48,31.72,2016,112.437152687571,31.3596991853872,9.04284731242863,0.360300814612813,84.9602377392623,East,857.669486398439,0,FALSE
Ficedula erithacus,Guizhou,104.91,39.42,2021,98.070329342936,32.8953307406577,6.83967065706401,6.5246692593423,38.2700709370493,Northeast,949.847802418367,69.6867063516242,TRUE
Ficedula erithacus,Hebei,113.83,38.75,2015,98.070329342936,32.8953307406577,15.759670657064,5.8546692593423,60.8936980742499,Northeast,1560.08986441593,0.789156622792804,TRUE
Ficedula hyperythra,Chongqing,108.89,29.32,2007,98.6266536191536,29.5589500307112,10.2633463808464,-0.238950030711226,88.9999096345489,East,993.902951838572,0,FALSE
Ficedula hyperythra,Hunan,110.57,30.05,2017,98.6266536191536,29.5589500307112,11.9433463808464,0.491049969288774,84.3207303777452,East,1153.14465781984,1.26325389179825,TRUE
Ficedula hyperythra,Shaanxi,107.98,33.53,2006,98.6266536191536,29.5589500307112,9.35334638084638,3.97104996928877,61.1221276215119,Northeast,989.678813623392,123.3096267751,TRUE
Ficedula hypoleuca,Xinjiang,81.48,36.19,2008,,,,,,,,,
Ficedula mugimaki,Guizhou,106.68,26.54,2017,105.409556849436,37.2132647121877,1.27044315056426,-10.6732647121877,173.882739391663,South,1192.82248340219,114.993389597225,TRUE
Ficedula narcissina,Anhui,117.19,31.85,2015,,,,,,,,,
Ficedula narcissina,Jiangxi,114.38,24.49,2005,,,,,,,,,
Ficedula narcissina,Liaoning,124.15,39.87,2020,,,,,,,,,
Ficedula owstoni,Jiangsu,120.87,32,2014,116.513970126,25.8077404992959,4.35602987400034,6.19225950070408,30.5963281287659,Northeast,808.421527095204,36.1031564892592,TRUE
Ficedula parva,Hebei,118.91,39.43,2007,96.4312564664961,37.730423944669,22.4787435335039,1.69957605533098,77.48140116426,East,1957.98303815178,0,FALSE
Ficedula parva,Hong Kong,114.26,22.17,2007,96.4312564664961,37.730423944669,17.8287435335039,-15.560423944669,130.368350275107,Southeast,2429.3935147122,12.7433517225224,TRUE
Ficedula parva,Hunan,112.17,29.37,2021,96.4312564664961,37.730423944669,15.7387435335039,-8.36042394466902,117.946342566845,Southeast,1725.86215137457,17.8730323036763,TRUE
Ficedula parva,Shanghai,121.52,31.34,2010,96.4312564664961,37.730423944669,25.0887435335039,-6.39042394466902,99.7133017614744,East,2396.99907912263,0,FALSE
Ficedula ruficauda,Sichuan,104.09,30.63,2016,,,,,,,,,
Ficedula strophiata,Beijing,116.4,39.95,2015,88.5581841305189,31.5582032448636,27.8418158694811,8.39179675513644,61.7487908491405,Northeast,2666.64141878781,1818.56475512645,TRUE
Ficedula superciliaris,Hubei,110.45,31.72,2019,103.619780413441,27.2614179166144,6.8302195865586,4.45858208338563,51.487912479198,Northeast,825.99207694996,179.048798422492,TRUE
Ficedula tricolor,Hunan,110.65,30.07,2013,97.5104815262523,31.7411247612821,13.1395184737478,-1.67112476128213,95.0091072866472,East,1266.48734744102,98.798123974388,TRUE
Ficedula tricolor,Inner Mongolia,118.72,44.22,2007,97.5104815262523,31.7411247612821,21.2095184737478,12.4788752387179,47.0189546433485,Northeast,2308.07221841189,811.112861559402,TRUE
Ficedula tricolor,Qinghai,102.68,35.8,2017,97.5104815262523,31.7411247612821,5.16951847374776,4.05887523871786,45.221170464726,Northeast,657.076459286523,0.675386343865628,TRUE
Fregata andrewsi,Fujian,119.23,25.89,2006,110.775313125676,23.643223390544,8.45468687432368,2.24677660945605,71.9423626288117,East,889.238011327901,279.634250652901,TRUE
Fregata andrewsi,Liaoning,121.68,38.87,2018,110.775313125676,23.643223390544,10.9046868743237,15.226776609456,28.7671499650111,Northeast,1981.64328243222,1647.06785530646,TRUE
Fregata ariel,Beijing,116.3,40.13,2007,115.960175222176,29.3794653532126,0.339824777823708,10.7505346467875,1.39258169010725,North,1195.80508723598,0,FALSE
Fregata ariel,Jiangxi,116.61,27.67,2011,115.960175222176,29.3794653532126,0.64982477782371,-1.70946535321255,161.375229467342,South,200.404033404377,0,FALSE
Fregata ariel,Liaoning,119.76,41.1,2018,115.960175222176,29.3794653532126,3.79982477782372,11.7205346467874,13.7586959443282,North,1347.7876229778,193.5617659963,TRUE
Fregata ariel,Shaanxi,107.88,33.36,2017,115.960175222176,29.3794653532126,-8.08017522217629,3.98053464678745,302.044343463863,Northwest,885.23877960679,253.31148439905,TRUE
Fringilla coelebs,Gansu,98.17,39.07,2020,101.417512069318,38.1374674959712,-3.24751206931835,0.932532504028764,291.183875243893,West,300.623270079548,0,FALSE
Fringilla coelebs,Hubei,110.49,29.9,2021,101.417512069318,38.1374674959712,9.07248793068165,-8.23746749597124,134.975473787997,Southeast,1238.88801810884,0,FALSE
Fringilla coelebs,Hunan,111.18,29.5,2017,101.417512069318,38.1374674959712,9.76248793068166,-8.63746749597124,133.97608842697,Southeast,1315.89752526128,0,FALSE
Fringilla coelebs,Jiangsu,120.24,31.51,2023,101.417512069318,38.1374674959712,18.8224879306816,-6.62746749597124,107.600481718505,East,1865.01935994442,396.476844862166,TRUE
Fringilla coelebs,Qinghai,102.23,37.16,2015,101.417512069318,38.1374674959712,0.812487930681655,-0.97746749597124,146.400841910143,Southeast,130.114792148192,0,FALSE
Fringilla coelebs,Yunnan,98.74,25.27,2016,101.417512069318,38.1374674959712,-2.67751206931835,-12.8674674959712,190.769818377199,South,1452.8445234846,0,FALSE
Fringilla montifringilla,Ningxia,106.63,38.55,2011,,,,,,,,,
Galerida cristata,Heilongjiang,124.65,47.02,2008,93.781865688307,36.4726743395057,30.868134311693,10.5473256604943,55.4937461593841,Northeast,2792.78686639705,400.637753123498,TRUE
Gallicrex cinerea,Gansu,108.53,36.08,2017,110.525555262605,31.9926958151423,-1.99555526260453,4.08730418485772,338.524871171546,North,490.240833252484,0,FALSE
Garrulax canorus,Liaoning,121.63,38.87,1999,103.508690146223,37.0386635419122,18.1213098537766,1.83133645808778,77.1547082692093,East,1599.13580874063,883.739769401871,TRUE
Garrulax maesi,Guangdong,113.23,24.37,2007,104.296285427378,24.5982032845435,8.93371457262239,-0.228203284543493,89.750136560662,East,904.252527417271,119.252052293255,TRUE
Garrulax monileger,Hubei,110.48,31.32,2015,102.80480854789,29.376440389482,7.67519145210994,1.94355961051801,71.7289368916388,East,767.344962977757,0,FALSE
Garrulax monileger,Jiangsu,118.84,32.07,2007,102.80480854789,29.376440389482,16.0351914521099,2.69355961051801,74.8978796230973,East,1560.18913187095,0,FALSE
Garrulax monileger,Shaanxi,108.71,32.67,2020,102.80480854789,29.376440389482,5.90519145210993,3.29355961051801,55.4459207089308,Northeast,671.192896736065,79.3319610968076,TRUE
Gavia adamsii,Jiangsu,119.82,34,2009,108.780145574058,32.2752009763089,11.0398544259418,1.72479902369112,76.4393231841298,East,1045.10661201971,546.441587399817,TRUE
Gavia adamsii,Jilin,127.66,42.05,2011,108.780145574058,32.2752009763089,18.8798544259418,9.77479902369112,51.5028269536742,Northeast,1988.09717619263,177.963250345257,TRUE
Gavia adamsii,Sichuan,104.28,30.98,2005,108.780145574058,32.2752009763089,-4.50014557405824,-1.29520097630888,252.513605811594,West,449.707644839806,0,FALSE
Gavia arctica,Liaoning,123.33,41.83,2022,101.1636910628,38.4328455486682,22.1663089371996,3.39715445133177,71.6059315877783,East,1916.30396756515,0,FALSE
Gavia arctica,Shaanxi,109.15,34.43,2017,101.1636910628,38.4328455486682,7.98630893719961,-4.00284554866823,119.499035383017,Southeast,841.286110540166,0,FALSE
Gavia arctica,Yunnan,99.76,27.59,2021,101.1636910628,38.4328455486682,-1.40369106280039,-10.8428455486682,186.589267661571,South,1212.70500004711,53.5729182607276,TRUE
Gavia pacifica,Zhejiang,122.37,29.9,2023,122.442960324564,42.2833264809443,-0.0729603245640078,-12.3833264809442,180.294932654785,South,1376.97852767728,187.368340509596,TRUE
Gavia stellata,Anhui,116.2,30.92,2019,,,,,,,,,
Gavia stellata,Xinjiang,86.62,41.77,2021,,,,,,,,,
Gelochelidon nilotica,Hubei,114.36,30.65,2018,101.495304366617,35.3234567681927,12.8646956333829,-4.67345676819272,109.808092069194,East,1306.20766802665,100.881549037598,TRUE
Gelochelidon nilotica,Hunan,113.24,28.18,2020,101.495304366617,35.3234567681927,11.7446956333829,-7.14345676819272,122.358597669729,Southeast,1363.63687803969,287.41762286089,TRUE
Geokichla citrina,Chongqing,109,30.67,2008,112.05586272455,26.9418365556327,-3.05586272455029,3.72816344436727,325.038054834216,Northwest,510.337118531111,3.07612905755951,TRUE
Geokichla citrina,Jiangxi,117.66,27.84,2017,112.05586272455,26.9418365556327,5.6041372754497,0.898163444367263,78.4861463565292,East,562.174374697211,89.541108781557,TRUE
Geokichla wardii,Tibet,85.37,28.28,2024,,,,,,,,,
Geopelia striata,Yunnan,101.26,21.92,2021,120.973371588975,23.7519935426755,-19.7133715889751,-1.83199354267548,268.156988370767,West,2028.81955022372,1884.89062493639,TRUE
Glareola lactea,Guangxi,108.28,22.85,2025,94.5951579598284,29.3928454117568,13.6848420401716,-6.54284541175678,114.879974189373,Southeast,1546.20686397243,201.498098833474,TRUE
Glareola lactea,Hainan,110.17,20.06,2019,94.5951579598284,29.3928454117568,15.5748420401716,-9.33284541175679,119.936682381086,Southeast,1881.44014593946,0.0151144026361186,TRUE
Glaucidium cuculoides,Beijing,116.37,39.91,2008,103.505854725214,30.6551164949847,12.8641452747857,9.25488350501531,45.0224611309532,Northeast,1553.43518114529,429.767406894212,TRUE
Gorsachius goisagi,Hainan,110.76,19.6,2024,113.935090825943,29.0630584175644,-3.17509082594277,-9.46305841756437,197.678359600068,South,1100.1456755318,229.064480250455,TRUE
Gorsachius melanolophus,Jiangsu,119.37,34.75,2019,107.15759806143,24.1001032801751,12.2124019385698,10.6498967198249,42.0937235204283,Northeast,1670.97488690784,1054.22412893731,TRUE
Gorsachius melanolophus,Shandong,118.45,36.68,2018,107.15759806143,24.1001032801751,11.2924019385698,12.5798967198249,35.0165538879289,Northeast,1766.15270757741,1286.29281673073,TRUE
Gracupica nigricollis,Anhui,117.22,30.37,2009,109.561113071865,28.3596888720677,7.65888692813519,2.01031112793229,71.3829922279681,East,774.940644560752,0,FALSE
Gracupica nigricollis,Chongqing,106.5,29.51,2006,109.561113071865,28.3596888720677,-3.06111307186481,1.15031112793229,293.973177034533,Northwest,324.174157532741,0,FALSE
Gracupica nigricollis,Hainan,110.59,19.97,2005,109.561113071865,28.3596888720677,1.02888692813519,-8.38968887206771,173.3987019809,South,938.695664977224,0.897917127547937,TRUE
Gracupica nigricollis,Shandong,122.69,37.4,2021,109.561113071865,28.3596888720677,13.1288869281352,9.04031112793229,47.2173360253058,Northeast,1582.59834931569,353.755530953597,TRUE
Grandala coelicolor,Chongqing,107.57,29.27,2007,,,,,,,,,
Grus canadensis,Anhui,117.09,30.94,2015,121.926031172961,40.7013765659621,-4.83603117296067,-9.76137656596209,203.34276841929,Southwest,1169.20033858597,104.646769488551,TRUE
Grus canadensis,Jilin,123.58,45.94,2010,121.926031172961,40.7013765659621,1.65396882703932,5.23862343403791,12.3735863687539,North,597.639023279238,0,FALSE
Grus canadensis,Liaoning,122.94,42.37,2013,121.926031172961,40.7013765659621,1.01396882703932,1.6686234340379,24.1242584606907,Northeast,203.83096557778,0,FALSE
Grus canadensis,Yunnan,103.27,31.05,2024,121.926031172961,40.7013765659621,-18.6560311729607,-9.65137656596209,243.222663224677,Southwest,1987.8020614823,1039.8077514232,TRUE
Grus japonensis,Fujian,120.17,26.97,2024,110.172847510256,28.850182122904,9.99715248974354,-1.88018212290397,99.639974072496,East,1003.98511802675,219.201266242433,TRUE
Grus japonensis,Sichuan,105.48,32.67,2023,110.172847510256,28.850182122904,-4.69284751025646,3.81981787709604,314.627443094909,Northwest,617.491279348371,463.550763298613,TRUE
Grus monacha,Ningxia,105.91,37.76,2021,127.382193934577,46.5438823268767,-21.4721939345768,-8.78388232687672,248.691734023047,West,2012.29938901535,1537.21634268445,TRUE
Grus nigricollis,Inner Mongolia,110.34,40.49,2023,92.8017882291022,35.2249024156133,17.5382117708978,5.26509758438666,63.9237513461303,Northeast,1643.72136949121,464.314029814935,TRUE
Grus vipio,Gansu,101.03,38.35,2021,105.210896861436,39.4316770118868,-4.18089686143557,-1.08167701188675,252.934100013824,West,381.268790351623,0,FALSE
Grus vipio,Shanxi,111.73,38.02,2018,105.210896861436,39.4316770118868,6.51910313856443,-1.41167701188675,103.456022776067,East,586.748148074518,0,FALSE
Grus vipio,Sichuan,105.51,32.7,2023,105.210896861436,39.4316770118868,0.299103138564433,-6.73167701188675,177.853645621529,South,749.009531376019,6.84071790954884,TRUE
Gygis alba,Fujian,119.74,25.61,2005,112.815080342145,22.3340139116534,6.92491965785547,3.27598608834662,61.2509787020092,Northeast,792.104618756588,314.209521932787,TRUE
Gypaetus barbatus,Chongqing,107.86,28.98,2007,95.5333665250675,36.7111614935999,12.3266334749325,-7.73116149359989,123.256105801898,Southeast,1434.9301198922,0,FALSE
Gypaetus barbatus,Shaanxi,109.94,36.87,2023,95.5333665250675,36.7111614935999,14.4066334749325,0.158838506400109,84.8867618247331,East,1281.78885931734,37.9453808227287,TRUE
Gyps himalayensis,Guangxi,109.08,21.44,2013,92.378713668353,35.5235410655364,16.701286331647,-14.0835410655364,129.502017566231,Southeast,2255.48868756119,384.688797790601,TRUE
Gyps himalayensis,Liaoning,121.02,42.05,2002,92.378713668353,35.5235410655364,28.641286331647,6.52645893446362,64.9360118508162,Northeast,2572.69133994882,1217.41973841748,TRUE
Gyps tenuirostris,Yunnan,100.63,23.79,2020,,,,,,,,,
Halcyon coromanda,Shandong,119.55,35.47,2007,109.273284305742,31.3202094581847,10.2767156942577,4.14979054181531,61.418631165036,Northeast,1058.9977297033,802.442710675682,TRUE
Halcyon pileata,Tibet,97.49,28.82,2017,,,,,,,,,
Halcyon smyrnensis,Jiangsu,118.62,32.12,2008,110.431213995394,26.5878740894106,8.18878600460576,5.53212591058939,50.2671683003912,Northeast,1003.52432514359,0,FALSE
Halcyon smyrnensis,Shandong,119.71,35.62,2022,110.431213995394,26.5878740894106,9.27878600460575,9.03212591058939,39.0189818958396,Northeast,1336.13643603621,56.8781762488784,TRUE
Halcyon smyrnensis,Shanghai,121,31.07,2009,110.431213995394,26.5878740894106,10.5687860046058,4.4821259105894,61.6828563305263,Northeast,1143.07610223169,6.50405603104429,TRUE
Halcyon smyrnensis,Tibet,95.32,29.33,2013,110.431213995394,26.5878740894106,-15.1112139953943,2.74212591058939,285.102229686577,West,1513.9825976452,299.224879125133,TRUE
Haliaeetus leucoryphus,Yunnan,99.95,27.91,2009,,,,,,,,,
Haliaeetus pelagicus,Jiangsu,120.96,32.76,2024,121.469264939024,31.2045240127431,-0.509264939024448,1.55547598725693,344.614048117916,North,179.505735699234,105.310666188934,TRUE
Haliastur indus,Hunan,110.76,27.25,2022,102.288511316231,29.8435872046141,8.47148868376864,-2.59358720461414,107.15327717978,East,875.994129197605,98.1573717129908,TRUE
Harpactes wardi,Tibet,89.01,27.31,2019,,,,,,,,,
Helopsaltes certhiola,Tibet,95.33,29.33,2023,96.0325273766957,35.6801724804942,-0.70252737669567,-6.35017248049418,185.522106073408,South,709.166642398698,267.015761284552,TRUE
Helopsaltes ochotensis,Anhui,117.27,31.84,2009,117.973352930441,31.497476573835,-0.703352930440673,0.342523426164966,299.961893195631,Northwest,76.6896129833307,102.272656790772,TRUE
Helopsaltes pleskei,Guangxi,106.77,22.09,2005,116.234691877332,26.6629167495884,-9.46469187733194,-4.5729167495884,244.07532389695,Southwest,1084.59021577178,314.460343899621,TRUE
Helopsaltes pleskei,Shanghai,121.91,31.52,2004,116.234691877332,26.6629167495884,5.67530812266806,4.8570832504116,44.2470349796674,Northeast,771.608758616184,12.9894193163794,TRUE
Helopsaltes pryeri,Shanghai,121.4,31.62,2005,115.707928146737,27.6052429949483,5.69207185326287,4.0147570050517,49.5686619739645,Northeast,708.359134850449,389.824301044052,TRUE
Hemiprocne coronata,Inner Mongolia,120.72,51.28,2015,106.846087408568,28.2861182640655,13.8739125914319,22.9938817359345,20.5886939756064,North,2807.34980332486,1437.71199817404,TRUE
Hemitesia pallidipes,Hunan,111.48,24.84,2023,107.92362258791,24.9987376830454,3.55637741208953,-0.15873768304543,92.0673034334076,East,359.058964956854,2.28219687625787,TRUE
Hemixos castanonotus,Anhui,117.45,30,2007,116.02207480322,30.748582091515,1.42792519677998,-0.748582091515008,120.922439121719,Southeast,160.288963507929,16.9955240690988,TRUE
Hemixos castanonotus,Shandong,119.39,35.68,2020,116.02207480322,30.748582091515,3.36792519677998,4.93141790848499,28.833920727876,Northeast,631.430725432533,296.279835481485,TRUE
Heterophasia desgodinsi,Hubei,110.13,30.45,2011,97.9571583596853,29.4925501507148,12.1728416403147,0.957449849285194,81.7821872483653,East,1176.80122810938,57.3246596547243,TRUE
Heterophasia desgodinsi,Shaanxi,109.26,32.09,2011,97.9571583596853,29.4925501507148,11.3028416403147,2.5974498492852,72.1701783731568,East,1116.99042378566,70.6009027434113,TRUE
Heteroxenicus stellatus,Sichuan,101.99,29.57,2016,94.3919563319863,30.3222992692073,7.5980436680137,-0.752299269207335,94.610705124587,East,736.690756362504,0,FALSE
Hieraaetus pennatus,Gansu,94.12,39.88,2013,98.7329457199565,38.0378408550013,-4.6129457199565,1.84215914499874,298.620685874393,Northwest,448.298704599508,0,FALSE
Hieraaetus pennatus,Hainan,110.35,18.67,2022,98.7329457199565,38.0378408550013,11.6170542800435,-19.3678408550013,149.172329055709,Southeast,2430.24661901973,1087.07319005531,TRUE
Hieraaetus pennatus,Henan,112.38,34.6,2011,98.7329457199565,38.0378408550013,13.6470542800435,-3.43784085500126,103.226374042539,East,1279.62038045727,0,FALSE
Hieraaetus pennatus,Hunan,110.87,29.97,2020,98.7329457199565,38.0378408550013,12.1370542800435,-8.06784085500127,125.185295703478,Southeast,1431.83081219665,12.0671763291135,TRUE
Hieraaetus pennatus,Qinghai,96.37,37.43,2016,98.7329457199565,38.0378408550013,-2.3629457199565,-0.607840855001264,252.707764672009,West,218.504867196224,0,FALSE
Hieraaetus pennatus,Shaanxi,109.06,34.31,2020,98.7329457199565,38.0378408550013,10.3270542800435,-3.72784085500126,110.976993638744,East,1014.62638170059,119.39703945834,TRUE
Hieraaetus pennatus,Tibet,85.35,28.35,2013,98.7329457199565,38.0378408550013,-13.3829457199565,-9.68784085500126,232.989764631119,Southwest,1643.35299937542,0,FALSE
Hierococcyx nisicolor,Shaanxi,107.5,33.65,2014,109.239911902221,27.6383895191864,-1.73991190222119,6.01161048081356,346.454189971466,North,688.834375400422,113.375031786071,TRUE
Hirundapus caudacutus,Hunan,110.65,30.07,2013,103.031709247497,35.2046414862726,7.61829075250306,-5.13464148627259,126.563441516893,Southeast,913.169744413723,219.980418515132,TRUE
Hirundo rustica,Hainan,112.34,16.84,2021,,,,,,,,,
Hirundo smithii,Guangdong,110.34,20.83,2024,,,,,,,,,
Histrionicus histrionicus,Beijing,116.4,39.98,2017,119.436165071957,40.257531325644,-3.03616507195694,-0.277531325643999,264.163513678088,West,259.995558878948,0,FALSE
Histrionicus histrionicus,Inner Mongolia,118.72,44.22,2014,119.436165071957,40.257531325644,-0.716165071956951,3.962468674356,352.617854925068,North,444.527954413878,195.393760861699,TRUE
Histrionicus histrionicus,Jiangsu,120.85,33.12,2022,119.436165071957,40.257531325644,1.41383492804304,-7.137531325644,170.545005261048,South,803.572978177171,229.976612920584,TRUE
Hydrocoloeus minutus,Zhejiang,119.95,28.48,2017,98.4167144640521,39.7069389052881,21.5332855359479,-11.2269389052881,115.733693327633,Southeast,2333.56287113665,261.887853745537,TRUE
Hydrophasianus chirurgus,Gansu,107.92,35.5,2022,114.669555189586,35.7081037825284,-6.74955518958646,-0.20810378252844,269.79706068027,West,610.53260770007,216.496438942529,TRUE
Hydrophasianus chirurgus,Liaoning,122.92,41.74,2011,114.669555189586,35.7081037825284,8.25044481041354,6.03189621747156,44.3353907909825,Northeast,979.99947963568,307.160291253686,TRUE
Hydrophasianus chirurgus,Tianjin,117.32,39.12,2014,114.669555189586,35.7081037825284,2.65044481041353,3.41189621747156,30.8775322725015,Northeast,445.735258748078,0,FALSE
Hydrophasianus chirurgus,Yunnan,98.53,24.4,2024,114.669555189586,35.7081037825284,-16.1395551895865,-11.3081037825284,235.323451815925,Southwest,1993.5392712866,1193.39448863819,TRUE
Hydroprogne caspia,Hubei,114.47,30.71,2020,103.908547786846,35.0966936363978,10.5614522131541,-4.3866936363978,113.375331160667,Southeast,1099.194397863,90.54410609165,TRUE
Hydroprogne caspia,Ningxia,105.12,37.58,2020,103.908547786846,35.0966936363978,1.21145221315415,2.4833063636022,21.0965432472153,North,296.678321879595,0,FALSE
Hydroprogne caspia,Yunnan,102.64,25,2005,103.908547786846,35.0966936363978,-1.26854778684586,-10.0966936363978,186.533844005293,South,1129.28661624266,0,FALSE
Hypothymis azurea,Jiangsu,120.85,33.07,2019,109.132582024981,25.1477789413389,11.7174179750187,7.92222105866109,49.5200539394107,Northeast,1437.63420434019,473.943824232032,TRUE
Hypsipetes leucocephalus,Gansu,105.75,32.99,2020,108.157576427917,28.7368121881086,-2.40757642791739,4.25318781189142,334.694182879052,Northwest,525.75806118914,20.1193531346248,TRUE
Ianthocincla lunulata,Ningxia,106.33,35.38,2018,104.696991039151,33.6104548389267,1.63300896084942,1.7695451610733,36.7964029728653,Northeast,247.200663870764,7.62380724730721,TRUE
Ibidorhyncha struthersii,Anhui,116.49,30.66,2021,,,,,,,,,
Ictinaetus malaiensis,Anhui,117.45,30,2007,100.295800047307,31.0337509238331,17.1541999526935,-1.03375092383312,89.5917064576785,East,1645.6191580038,0,FALSE
Ictinaetus malaiensis,Shandong,118.62,36.2,2021,100.295800047307,31.0337509238331,18.3241999526935,5.16624907616688,66.3429137665082,Northeast,1788.01559278882,130.88214348691,TRUE
Iduna caligata,Zhejiang,121.53,28.62,2021,93.0428674688222,37.9805305228454,28.4871325311778,-9.36053052284543,103.075335547591,East,2830.65131013356,178.963782917135,TRUE
Indicator xanthonotus,Sichuan,103.02,29.17,2022,91.8659774985578,30.1121524046297,11.1540225014422,-0.942152404629688,92.7684839904379,East,1082.60894356185,97.2177495048872,TRUE
Ixobrychus cinnamomeus,Qinghai,101.89,36.56,2018,111.021761246577,30.5304875581667,-9.13176124657669,6.02951244183327,310.84545272534,Northwest,1078.75527724058,268.278492864193,TRUE
Ixobrychus eurhythmus,Shaanxi,108.73,34.42,2014,91.5523453375791,38.6680957412245,17.177654662421,-4.24809574122451,101.842412637087,East,1602.75487548311,100.173965141097,TRUE
Ixobrychus minutus,Gansu,98.55,39.73,2019,88.6676494334673,38.1772185464338,9.88235056653271,1.55278145356618,75.4935778134628,East,871.321684845966,323.593467874358,TRUE
Ixos mcclellandii,Gansu,105.57,32.94,2016,108.610971682245,29.8913583585007,-3.04097168224469,3.04864164149927,320.376522974059,Northwest,445.133028527878,0,FALSE
Ixos mcclellandii,Ningxia,106.33,35.37,2021,108.610971682245,29.8913583585007,-2.28097168224468,5.47864164149927,341.284584980373,North,645.49737603591,7.2151382035678,TRUE
Ketupa flavipes,Shanxi,111.86,35.59,2024,109.759994250365,28.8092806428821,2.10000574963492,6.78071935711786,14.1344428851197,North,779.37863514665,39.0906824601449,TRUE
Lalage melaschistos,Liaoning,124.21,39.88,2012,93.0434326558193,29.8006965500648,31.1665673441808,10.0793034499352,59.9172680277077,Northeast,3037.89639453412,1566.13943291942,TRUE
Lanius borealis,Tibet,97.84,29.67,2020,101.421962155504,37.8116332431497,-3.58196215550373,-8.14163324314967,201.114121850976,South,963.762272072418,538.877823509043,TRUE
Lanius collurioides,Sichuan,101.53,26.65,2014,105.68494527166,25.1300996051982,-4.15494527165963,1.51990039480182,293.025603309406,Northwest,448.649688553993,5.33584287569908,TRUE
Lanius isabellinus,Zhejiang,121.54,28.34,2022,95.3015702925478,41.0554577097911,26.2384297074523,-12.7154577097911,112.420485379734,East,2768.0673931109,1438.88358566709,TRUE
Lanius schach,Beijing,115.91,40.52,2009,113.151633391339,26.0254304502214,2.75836660866142,14.4945695497786,8.30299217038532,North,1631.74714479672,926.578282046082,TRUE
Lanius schach,Jiangxi,114.4,26.25,2008,113.151633391339,26.0254304502214,1.24836660866143,0.224569549778618,78.3944737363688,East,127.093453596226,93.2424372905429,TRUE
Lanius schach,Tianjin,117,39.14,2001,113.151633391339,26.0254304502214,3.84836660866142,13.1145695497786,12.8792322480483,North,1501.76303403379,812.944222418135,TRUE
Lanius sphenocercus,Yunnan,103.22,24.6,2019,112.928881034762,24.229229165747,-9.70888103476169,0.370770834253037,274.406297888405,West,983.700688919956,124.431185276887,TRUE
Lanius tephronotus,Hubei,110.13,31.45,2012,94.321784368713,35.0438056875098,15.808215631287,-3.5938056875098,100.758015755664,East,1521.52355060375,60.7394829239083,TRUE
Lanius tephronotus,Xinjiang,75.4,37.37,2004,94.321784368713,35.0438056875098,-18.921784368713,2.32619431249019,284.20763494999,West,1714.31135899409,0,FALSE
Larus argentatus,Tibet,91.11,29.68,2020,,,,,,,,,
Larus brunnicephalus,Fujian,118.59,24.57,2019,96.8031294159964,32.0197171009299,21.7868705840036,-7.44971710092986,105.752240538715,East,2282.98205548802,322.859500631571,TRUE
Larus canus,Tibet,91.16,29.9,2020,,,,,,,,,
Larus crassirostris,Hainan,109.69,19.91,2006,,,,,,,,,
Larus fuscus,Hubei,114.12,30.33,2022,95.7600045074015,34.345151222624,18.3599954925985,-4.01515122262402,99.4458687820571,East,1778.94839192569,109.284134361873,TRUE
Larus fuscus,Inner Mongolia,100.69,42.42,2019,95.7600045074015,34.345151222624,4.92999549259848,8.07484877737598,24.0726031563736,Northeast,994.948784575317,350.403681128643,TRUE
Larus fuscus,Tibet,91.08,29.92,2017,95.7600045074015,34.345151222624,-4.68000450740152,-4.42515122262402,223.116238995654,Southwest,660.358914197194,0,FALSE
Larus genei,Fujian,118.57,24.4,2019,97.5778781882593,35.2218925356609,20.9921218117407,-10.8218925356609,115.110581495254,Southeast,2348.24374506794,11.2790646573904,TRUE
Larus genei,Jiangxi,116.3,29.3,2022,97.5778781882593,35.2218925356609,18.7221218117407,-5.92189253566085,105.296737845726,East,1875.82803245122,57.56534922746,TRUE
Larus glaucescens,Inner Mongolia,112.69,40.55,2016,121.005477874547,36.6985187013734,-8.31547787454673,3.85148129862664,303.212384386991,Northwest,839.233927338622,360.360906473741,TRUE
Larus glaucescens,Shanghai,121.49,31.24,2015,121.005477874547,36.6985187013734,0.484522125453267,-5.45851870137336,175.652599913025,South,608.59906673513,0,FALSE
Larus hyperboreus,Gansu,103.88,36.08,2023,101.812625418596,35.8975581367998,2.06737458140377,0.182441863200204,83.1688372704393,East,187.10389620292,72.9478527777982,TRUE
Larus hyperboreus,Shanxi,111.5,37.8,2019,101.812625418596,35.8975581367998,9.68737458140377,1.9024418632002,73.334047372038,East,887.103075158798,183.56341575793,TRUE
Larus hyperboreus,Tibet,91.84,30.03,2015,101.812625418596,35.8975581367998,-9.97262541859622,-5.86755813679979,237.7609390728,Southwest,1135.31594522684,0,FALSE
Larus ichthyaetus,Anhui,117.02,30.85,2021,95.0738246664799,35.6753381434723,21.9461753335201,-4.82533814347229,98.4798710242616,East,2104.85483187649,165.956421333632,TRUE
Larus ichthyaetus,Liaoning,121.67,39.11,2010,95.0738246664799,35.6753381434723,26.5961753335201,3.43466185652771,72.7608730867453,East,2371.70005992268,102.935895535241,TRUE
Larus relictus,Ningxia,106.77,37.72,2016,99.9880770454011,37.817726847497,6.78192295459895,-0.0977268474970145,88.9647119137312,East,596.087377810994,48.7263576034279,TRUE
Larvivora akahige,Hubei,114.23,31.2,2022,115.224052871288,29.1745181636951,-0.994052871287892,2.02548183630489,337.260838234038,Northwest,244.64705247258,189.639511008766,TRUE
Larvivora akahige,Zhejiang,121.46,29.48,2009,115.224052871288,29.1745181636951,6.2359471287121,0.305481836304896,85.2588587660024,East,605.416908785786,1.20112243452063,TRUE
Larvivora brunnea,Jiangsu,120.85,33.07,2019,95.6250281343972,30.8291744782063,25.2249718656028,2.24082552179371,77.3658752039886,East,2387.24163266316,901.305826139234,TRUE
Larvivora cyane,Hainan,110.31,20.03,2006,104.100780002891,33.2458525488027,6.20921999710882,-13.2158525488027,155.751607756805,Southeast,1592.91015011158,25.217586106565,TRUE
Larvivora cyane,Hunan,113.21,28.2,2006,104.100780002891,33.2458525488027,9.10921999710881,-5.04585254880269,120.400155877972,Southeast,1035.16072732696,298.534511035849,TRUE
Leptopoecile elegans,Yunnan,98.82,28.4,2010,94.640574750026,33.5156560029079,4.17942524997403,-5.11565600290786,143.887477629662,Southeast,694.377279427627,8.7842208976941,TRUE
Leptoptilos javanicus,Yunnan,103.38,23.42,2013,106.268732973994,25.997864841374,-2.88873297399387,-2.577864841374,226.123362815854,Southwest,409.008689328518,0,FALSE
Leucogeranus leucogeranus,Shaanxi,102.72,36.59,2021,118.918245927385,37.4889359030159,-16.1982459273845,-0.898935903015882,270.948979339804,West,1439.41480998027,671.603245782325,TRUE
Leucogeranus leucogeranus,Yunnan,103.3,26.69,2012,118.918245927385,37.4889359030159,-15.6182459273845,-10.7989359030159,235.183010778426,Southwest,1894.44525063043,543.645690031918,TRUE
Limnodromus scolopaceus,Guangxi,108.83,21.62,2009,100.458244389844,38.3501077710032,8.37175561015629,-16.7301077710032,154.337830436263,Southeast,2025.16294071209,95.3321544327148,TRUE
Limnodromus scolopaceus,Heilongjiang,122.05,51.38,2012,100.458244389844,38.3501077710032,21.5917556101563,13.0298922289969,42.2755605452477,Northeast,2219.93193339579,57.8722313471827,TRUE
Limnodromus scolopaceus,Hubei,114.41,30.43,2014,100.458244389844,38.3501077710032,13.9517556101563,-7.92010777100315,120.40812569745,Southeast,1551.00969135664,0,FALSE
Limnodromus scolopaceus,Liaoning,123.93,39.82,2010,100.458244389844,38.3501077710032,23.4717556101563,1.46989222899685,77.9894334596479,East,2026.61598961916,343.834145127543,TRUE
Limnodromus scolopaceus,Shaanxi,110.2,34.95,2018,100.458244389844,38.3501077710032,9.74175561015629,-3.40010777100315,110.543601968557,East,947.096413189698,0,FALSE
Limnodromus scolopaceus,Sichuan,104.3,30.98,2012,100.458244389844,38.3501077710032,3.84175561015628,-7.37010777100315,155.676393856411,Southeast,891.420852383789,0,FALSE
Limnodromus semipalmatus,Shaanxi,109.42,34.8,2019,103.278786390228,38.7126971070547,6.14121360977187,-3.91269710705472,126.620604902241,Southeast,698.714144465149,172.785014130877,TRUE
Limnodromus semipalmatus,Xinjiang,84.92,44.48,2010,103.278786390228,38.7126971070547,-18.3587863902281,5.76730289294528,298.732551995609,Northwest,1651.19734551622,0,FALSE
Limosa lapponica,Yunnan,102.59,24.65,2013,103.125158043513,38.0242976398462,-0.53515804351342,-13.3742976398462,182.10199860189,South,1488.01397669851,165.332545688046,TRUE
Limosa limosa,Ningxia,106.46,38.87,2011,120.973371588975,23.7519935426755,-14.5133715889751,15.1180064573245,324.228280974175,Northwest,2168.13347815263,2059.62020234285,TRUE
Linaria cannabina,Inner Mongolia,105.88,38.98,2019,,,,,,,,,
Locustella davidi,Guangxi,106.4,22.73,2023,110.994155736811,36.8566735445956,-4.59415573681088,-14.1266735445956,196.957038136509,South,1631.55992720571,89.6384348291447,TRUE
Locustella davidi,Liaoning,121.63,38.87,1999,110.994155736811,36.8566735445956,10.6358442631891,2.01332645540442,73.2841007482226,East,959.517186915874,0,FALSE
Locustella mandelli,Guizhou,107.13,28.18,2009,108.091619855477,28.3166262861054,-0.961619855476599,-0.136626286105439,261.065567526378,West,95.4097175714011,0,FALSE
Locustella mandelli,Hunan,110.63,30.02,2013,108.091619855477,28.3166262861054,2.5383801445234,1.70337371389456,51.8445643899742,Northeast,310.817775852263,214.37718442429,TRUE
Lonchura striata,Gansu,104.69,32.95,2010,106.411737089355,26.9908421329877,-1.72173708935513,5.95915786701233,346.371722964056,North,683.031265980473,73.8962903283666,TRUE
Lonchura striata,Tibet,95.15,29.23,2003,106.411737089355,26.9908421329877,-11.2617370893551,2.23915786701232,285.323127053359,West,1131.73576937476,311.035365248318,TRUE
Lophotriorchis kienerii,Tibet,95.35,29.45,2019,103.194005491059,25.0088414547876,-7.8440054910586,4.44115854521237,304.237915493002,Northwest,919.033257456059,301.555471551934,TRUE
Lophura nycthemera,Guangdong,114.23,22.9,2022,114.895168004105,28.7255175046209,-0.665168004105126,-5.82551750462088,186.016344033349,South,651.176017440598,0,FALSE
Lophura nycthemera,Jiangsu,119.58,31.23,2016,114.895168004105,28.7255175046209,4.68483199589487,2.50448249537912,57.1639949681761,Northeast,530.167976748832,0,FALSE
Loxia curvirostra,Hubei,110.58,32.1,2019,93.1552010078826,36.3394724882796,17.4247989921174,-4.23947248827955,101.343620553708,East,1667.3238291226,68.0858049311372,TRUE
Machlolophus xanthogenys,Tibet,85.97,27.98,2010,,,,,,,,,
Macropygia unchall,Jiangsu,120.73,31.65,2022,107.644555837383,27.9013884310448,13.0854441626171,3.74861156895519,68.5504240882073,East,1328.87412182478,343.981353763695,TRUE
Macropygia unchall,Tibet,93.8,29.38,2016,107.644555837383,27.9013884310448,-13.8445558373829,1.47861156895519,280.235306605274,West,1360.22578207104,440.561066002425,TRUE
Macropygia unchall,Zhejiang,119.19,27.91,2014,107.644555837383,27.9013884310448,11.5454441626171,0.00861156895518889,87.2429096851399,East,1134.09270475185,35.6858750683952,TRUE
Mareca americana,Jilin,122.35,45.05,2006,,,,,,,,,
Mareca falcata,Gansu,101.65,37.98,2018,98.1880198185964,36.5743013289442,3.46198018140365,1.40569867105583,61.9245557701964,Northeast,343.855744436992,0,FALSE
Mareca falcata,Xinjiang,87.63,44.18,2022,98.1880198185964,36.5743013289442,-10.5580198185964,7.60569867105583,316.729960725306,Northwest,1228.98913572694,591.709525122932,TRUE
Megaceryle lugubris,Inner Mongolia,117.23,42.95,2014,98.2970930305829,43.588367554417,18.9329069694171,-0.638367554417002,86.1070338533969,East,1531.23860625752,182.255674685374,TRUE
Megaceryle lugubris,Qinghai,102.66,36.41,2017,98.2970930305829,43.588367554417,4.36290696941708,-7.17836755441701,153.603204831889,Southeast,880.138931775259,838.613262795438,TRUE
Megaceryle lugubris,Tibet,95.2,29.25,2019,98.2970930305829,43.588367554417,-3.09709303058291,-14.338367554417,190.814695860053,South,1617.92908613426,858.71795231754,TRUE
Melanitta fusca,Guangdong,113.75,22.53,2023,90.4259505576905,39.257484332787,23.3240494423095,-16.727484332787,123.280876848445,Southeast,2884.61717579728,8.17868195118763,TRUE
Melanitta fusca,Henan,112.53,34.88,2025,90.4259505576905,39.257484332787,22.1040494423095,-4.37748433278696,97.04942323023,East,2015.07285852494,776.483711699213,TRUE
Melanitta fusca,Shanghai,121.94,30.91,2020,90.4259505576905,39.257484332787,31.5140494423095,-8.34748433278696,98.2594034166359,East,2996.40166118533,0,FALSE
Melanitta stejnegeri,Guizhou,105.7,28.52,2023,105.265708865592,37.1795405886176,0.434291134408269,-8.65954058861759,177.466993302587,South,963.747570460623,4.09402450586043,TRUE
Melanitta stejnegeri,Shaanxi,109.04,32.71,2016,105.265708865592,37.1795405886176,3.77429113440827,-4.46954058861758,144.210608821695,Southeast,604.304372358543,0,FALSE
Melanochlora sultanea,Tibet,95.26,29.29,2019,108.091514096946,25.6285104769296,-12.8315140969457,3.66148952307043,290.723794795857,West,1328.99897568081,303.117740326653,TRUE
Melanochlora sultanea,Zhejiang,119.15,27.9,2017,108.091514096946,25.6285104769296,11.0584859030543,2.27148952307043,74.587448226001,East,1126.1288282847,31.7060397213412,TRUE
Mergus serrator,Guizhou,106.48,26.44,2023,101.020261411734,38.1040981808854,5.45973858826649,-11.6640981808854,156.89298141095,Southeast,1394.13375578959,149.606845477519,TRUE
Mergus serrator,Hunan,114.13,28.17,2020,101.020261411734,38.1040981808854,13.1097385882665,-9.9340981808854,128.375084836222,Southeast,1643.08286717754,4.43839243273353,TRUE
Mergus serrator,Shaanxi,109.17,33.42,2016,101.020261411734,38.1040981808854,8.14973858826649,-4.6840981808854,122.870910289684,Southeast,900.517920071984,37.0543492659409,TRUE
Mergus serrator,Yunnan,103.3,23.59,2016,101.020261411734,38.1040981808854,2.27973858826648,-14.5140981808854,171.70934754786,South,1628.34016625832,0,FALSE
Merops philippinus,Henan,111.24,33.06,2022,108.459958400917,24.4002639857161,2.78004159908258,8.65973601428392,15.0694234295684,North,1000.21114799417,748.478553150446,TRUE
Mixornis gularis,Guangxi,106.96,22.47,2005,,,,,,,,,
Monticola gularis,Sichuan,104.76,32.58,2011,113.338267928402,34.8345132487141,-8.57826792840204,-2.25451324871408,254.88274142675,West,831.827176992325,6.85188440627312,TRUE
Monticola rufiventris,Shaanxi,107.76,33.6,2005,100.509554063132,29.2477410104179,7.25044593686808,4.35225898958208,53.0248775958141,Northeast,840.745427652825,119.21013178393,TRUE
Monticola solitarius,Qinghai,102.66,35.83,2017,,,,,,,,,
Motacilla citreola,Hunan,111.35,28.7,2010,104.27120336406,35.2306562638727,7.07879663594014,-6.53065626387265,135.468784328048,Southeast,985.92372656139,379.876848547668,TRUE
Moupinia poecilotis,Tibet,98.43,28.37,2019,,,,,,,,,
Muscicapa dauurica,Xinjiang,89,45,2010,113.857012378096,37.959501554768,-24.8570123780961,7.04049844523196,298.719622159038,Northwest,2202.96482293407,590.437336460518,TRUE
Muscicapa ferruginea,Hunan,112.93,28.18,2020,101.363082715076,30.4825326551108,11.5669172849236,-2.30253265511077,99.9779828832224,East,1149.56519496396,84.0759811740281,TRUE
Muscicapa ferruginea,Zhejiang,121.93,29.2,2013,101.363082715076,30.4825326551108,20.5669172849236,-1.28253265511077,88.9087725152148,East,1986.08806644007,0,FALSE
Muscicapa muttui,Henan,111.84,34.26,2019,106.661905775289,29.2458675180867,5.17809422471117,5.01413248191332,39.9512960981593,Northeast,741.74801118503,137.502081003456,TRUE
Muscicapa muttui,Hunan,111.07,29.88,2014,106.661905775289,29.2458675180867,4.40809422471116,0.634132481913316,79.5257479950093,East,432.10829097783,0,FALSE
Muscicapa muttui,Jiangsu,120.83,33.19,2023,106.661905775289,29.2458675180867,14.1680942247112,3.94413248191331,68.3709832156131,East,1415.47266407306,484.11977855839,TRUE
Muscicapa muttui,Shanghai,121.97,30.88,2013,106.661905775289,29.2458675180867,15.3080942247112,1.63413248191332,79.1583757112978,East,1483.1647505152,395.92723699724,TRUE
Mycerobas affinis,Shaanxi,107.78,33.93,2014,96.6598062357499,32.0260126285616,11.1201937642501,1.90398737143836,75.4663437622822,East,1058.08790157619,106.423997752548,TRUE
Mycerobas affinis,Shandong,119.22,37.27,2009,96.6598062357499,32.0260126285616,22.5601937642501,5.24398737143837,67.9454606053809,East,2138.62387750422,5.83441366129758,TRUE
Mycerobas carnipes,Henan,110.38,34.38,2019,,,,,,,,,
Mycteria leucocephala,Guizhou,106.71,26.6,2008,106.997958507306,28.7825642273763,-0.287958507306215,-2.18256422737633,186.730680682315,South,244.340205560734,138.440684487541,TRUE
Myiomela leucura,Jiangxi,113.99,29.01,2016,113.961413829356,22.5746993883716,0.0285861706438482,6.43530061162836,0.223047898131995,North,715.578492488541,395.048880851257,TRUE
Napothera malacoptila,Yunnan,98.34,27.88,1990,,,,,,,,,
Neophron percnopterus,Xinjiang,75.25,39.92,2012,,,,,,,,,
Netta rufina,Anhui,117.93,33.22,2016,97.6805371839738,34.6272030854704,20.2494628160263,-1.4072030854704,89.0457882180052,East,1871.75686976022,0,FALSE
Netta rufina,Jilin,125.35,43.88,2020,97.6805371839738,34.6272030854704,27.6694628160262,9.2527969145296,58.1879087269287,Northeast,2579.31629963596,718.245876990663,TRUE
Netta rufina,Liaoning,123.02,39.66,2012,97.6805371839738,34.6272030854704,25.3394628160262,5.0327969145296,68.495629289657,East,2306.19670632358,228.782194961458,TRUE
Netta rufina,Shanghai,121.9,31.05,2016,97.6805371839738,34.6272030854704,24.2194628160263,-3.5772030854704,93.1829227429176,East,2291.67064916492,65.5575133021915,TRUE
Niltava davidi,Zhejiang,119.15,27.9,2017,107.420816442843,27.9711859357751,11.7291835571565,-0.0711859357751052,87.6372709781913,East,1151.83459902963,80.9964411813573,TRUE
Niltava grandis,Guangxi,106.35,24.52,2002,91.8659774985578,30.1121524046297,14.4840225014422,-5.59215240462969,110.025893581038,East,1558.54192272163,55.8194958648297,TRUE
Niltava macgrigoriae,Shandong,122.43,36.88,2023,,,,,,,,,
Niltava sundara,Hunan,110.38,29.3,2014,97.5711773919322,30.6771152508498,12.8088226080678,-1.37711525084976,93.8352620047555,East,1242.37096229697,37.7784028916751,TRUE
Ninox japonica,Hunan,111.63,29.53,2018,120.262000599953,38.7176947364623,-8.63200059995327,-9.18769473646227,220.3888003134,Southwest,1292.85416153696,40.6533212485091,TRUE
Nipponia nippon,Gansu,106.37,34.32,2021,108.844485995849,35.1538808912007,-2.47448599584858,-0.833880891200685,248.410996702081,West,244.375791413576,13.2986266718387,TRUE
Nisaetus nipalensis,Gansu,104.71,32.93,2006,108.396086849793,29.9348804967107,-3.68608684979345,2.9951195032893,314.548672732992,Northwest,482.862063482437,0,FALSE
Nisaetus nipalensis,Guizhou,105.83,28.12,2017,108.396086849793,29.9348804967107,-2.56608684979345,-1.8148804967107,231.66060837048,Southwest,320.874254924219,0,FALSE
Numenius madagascariensis,Shaanxi,107.52,33.19,2000,116.580517741968,39.9772369085206,-9.06051774196816,-6.78723690852056,229.773211595132,Southwest,1105.23330400024,96.4820018223974,TRUE
Numenius minutus,Gansu,101.01,38.81,2025,95.2942548396781,38.3215953978633,5.71574516032187,0.488404602136697,81.9857900038431,East,499.815929619075,68.216641235936,TRUE
Numenius phaeopus,Yunnan,102.67,24.97,2012,101.49400402436,24.9754203509886,1.17599597563957,-0.00542035098857241,90.0430564683282,East,118.540613790059,0,FALSE
Nycticorax nycticorax,Tibet,91.09,29.28,2014,,,,,,,,,
Oceanites oceanicus,Zhejiang,120.15,30.25,2019,118.690181332233,35.006705447258,1.45981866776708,-4.75670544725796,165.109583166027,South,546.280714892263,67.0447899217353,TRUE
Oenanthe deserti,Shanghai,121.75,31.38,2017,92.5549343763774,36.3076354786003,29.1950656236226,-4.92763547860025,92.9800571219129,East,2740.44563058346,0,FALSE
Oenanthe deserti,Sichuan,100.78,30.17,2012,92.5549343763774,36.3076354786003,8.22506562362256,-6.13763547860025,129.41593215597,Southeast,1024.37296129285,0,FALSE
Oenanthe deserti,Zhejiang,120.89,27.86,2021,92.5549343763774,36.3076354786003,28.3350656236226,-8.44763547860025,101.344311570997,East,2817.58401963858,274.350434288379,TRUE
Oenanthe oenanthe,Jiangsu,120.83,31.79,2023,120.388804978606,27.9529358031499,0.441195021394165,3.83706419685009,5.58509250654674,North,428.776058328486,31.0400460330078,TRUE
Onychoprion aleuticus,Fujian,117.67,23.78,2009,116.505804895559,28.2170925259696,1.16419510444074,-4.43709252596963,166.471573826282,South,506.904554879977,3.26971863631116,TRUE
Onychoprion aleuticus,Jiangsu,120.85,31.82,2021,116.505804895559,28.2170925259696,4.34419510444073,3.60290747403037,45.1643681483642,Northeast,579.053844243754,369.915141718502,TRUE
Onychoprion aleuticus,Shandong,120.81,36.2,2018,116.505804895559,28.2170925259696,4.30419510444074,7.98290747403037,23.4001288413494,Northeast,975.357476983078,10.8282933515692,TRUE
Onychoprion aleuticus,Zhejiang,120.7,27.14,2020,116.505804895559,28.2170925259696,4.19419510444074,-1.07709252596963,105.190039040698,East,429.990374004436,26.4187562487828,TRUE
Onychoprion anaethetus,Guangxi,109.2,20.92,2013,113.761292401642,24.6284212636411,-4.56129240164195,-3.70842126364111,229.498974849068,Southwest,623.379335255882,13.4567342103743,TRUE
Onychoprion anaethetus,Jiangsu,120.82,31.87,2021,113.761292401642,24.6284212636411,7.05870759835804,7.24157873635889,39.0303587103214,Northeast,1060.71351094829,95.7564596425216,TRUE
Onychoprion anaethetus,Shandong,120.68,36.01,2018,113.761292401642,24.6284212636411,6.91870759835805,11.3815787363589,25.998877946885,Northeast,1428.15501476608,549.80451016831,TRUE
Onychoprion anaethetus,Yunnan,103.16,23.35,2024,113.761292401642,24.6284212636411,-10.601292401642,-1.27842126364111,264.662570791477,West,1086.04003067283,186.575615245068,TRUE
Onychoprion fuscatus,Yunnan,102,23.6,2022,115.816294087627,34.156957132397,-13.8162940876272,-10.5569571323969,232.432905502597,Southwest,1782.0879515365,839.209069689397,TRUE
Oriolus oriolus,Qinghai,93.9,35.62,2016,86.6170262806194,37.0301081755345,7.28297371938064,-1.41010817553445,101.335973558244,East,670.839110122667,253.047762266858,TRUE
Oroanassa magnifica,Guangdong,114.15,24.9,1999,109.068316200507,27.5585110388173,5.08168379949275,-2.65851103881733,119.108581524511,Southeast,586.682844484918,0,FALSE
Oroanassa magnifica,Guizhou,108.28,26.43,2008,109.068316200507,27.5585110388173,-0.788316200507254,-1.12851103881733,212.079539460521,Southwest,147.806299457431,0,FALSE
Oroanassa magnifica,Hunan,113.64,28.16,2006,109.068316200507,27.5585110388173,4.57168379949275,0.601488961182675,80.471395123225,East,454.34941416702,0,FALSE
Oroanassa magnifica,Shaanxi,108.35,33,2017,109.068316200507,27.5585110388173,-0.71831620050726,5.44148896118267,353.675227177594,North,608.978942838078,81.9856268052627,TRUE
Oroanassa magnifica,Sichuan,105.76,32.66,2016,109.068316200507,27.5585110388173,-3.30831620050725,5.10148896118267,331.523583062507,Northwest,650.317942630206,0,FALSE
Oroanassa magnifica,Yunnan,101.55,24.03,2006,109.068316200507,27.5585110388173,-7.51831620050726,-3.52851103881732,244.144687809331,Southwest,848.552635180604,0,FALSE
Otocichla mupinensis,Anhui,116.85,32.35,2013,105.918195109447,32.51038112854,10.9318048905526,-0.160381128540038,88.0552237326997,East,1025.69461066453,0,FALSE
Otocichla mupinensis,Guangxi,104.96,24.61,2004,105.918195109447,32.51038112854,-0.958195109447402,-7.90038112854004,186.3150914535,South,883.437799186847,0,FALSE
Otocichla mupinensis,Jiangsu,119.33,32.09,2015,105.918195109447,32.51038112854,13.4118048905526,-0.420381128540036,88.5188949997444,East,1260.59308637786,47.1772439405033,TRUE
Otocichla mupinensis,Jiangxi,114.57,28.57,2015,105.918195109447,32.51038112854,8.6518048905526,-3.94038112854004,115.61758040214,Southeast,936.815642826021,36.3126208755882,TRUE
Otocichla mupinensis,Liaoning,123.9,39.82,2016,105.918195109447,32.51038112854,17.9818048905526,7.30961887145996,58.1339198126209,Northeast,1802.67673320307,290.99673603452,TRUE
Otocichla mupinensis,Shanghai,121.65,31.2,2017,105.918195109447,32.51038112854,15.7318048905526,-1.31038112854004,91.3950891319198,East,1491.58307743877,61.5529313531723,TRUE
Otus lettia,Gansu,105.16,32.64,2023,109.918652873283,28.6792372892645,-4.75865287328288,3.96076271073553,315.248562014798,Northwest,633.203644641139,3.40717307569933,TRUE
Otus semitorques,Henan,114.25,31.95,2011,115.45429947539,40.5116162866163,-1.2042994753904,-8.5616162866163,186.836460798178,South,958.087167520273,0,FALSE
Otus semitorques,Inner Mongolia,110.82,40.85,2022,115.45429947539,40.5116162866163,-4.63429947539041,0.338383713383706,277.007626358201,West,392.547538657616,139.88449996853,TRUE
Otus semitorques,Zhejiang,119.12,30.3,2014,115.45429947539,40.5116162866163,3.66570052460961,-10.2116162866163,162.599055189897,South,1182.76842042255,185.981812884175,TRUE
Otus spilocephalus,Anhui,118.15,30.09,2022,100.948789546604,29.0516705043268,17.2012104533959,1.03832949567316,81.790821778998,East,1665.98180553431,58.7887844672903,TRUE
Otus spilocephalus,Jiangxi,114.38,24.49,2004,100.948789546604,29.0516705043268,13.4312104533959,-4.56167050432684,107.696422513723,East,1425.45985234056,0,FALSE
Oxyura leucocephala,Shaanxi,109.54,34.81,2018,90.493600014847,39.9367486496736,19.046399985153,-5.12674864967362,102.724995266788,East,1772.79322789517,0,FALSE
Oxyura leucocephala,Sichuan,104.81,31.37,2020,90.493600014847,39.9367486496736,14.316399985153,-8.56674864967362,122.002186528349,Southeast,1603.02521125661,166.47830871153,TRUE
Panurus biarmicus,Henan,112.97,34.72,2021,98.5436086959465,41.0162307005215,14.4263913040535,-6.29623070052147,114.34651509501,Southeast,1444.31583698493,167.998983146171,TRUE
Panurus biarmicus,Shaanxi,109.89,39.07,2018,98.5436086959465,41.0162307005215,11.3463913040535,-1.94623070052147,98.9308818887576,East,989.04498764521,235.647920214654,TRUE
Paradoxornis gularis,Shaanxi,109.5,31.89,2011,110.911452043283,30.7162538982822,-1.41145204328335,1.17374610171781,314.588537244493,Northwest,187.123550842424,7.61103546712442,TRUE
Paradoxornis guttaticollis,Hunan,110.77,29.97,2012,107.922732585063,29.8442836213686,2.84726741493728,0.125716378631445,86.3747569075249,East,274.789969921716,227.893795924196,TRUE
Paradoxornis heudei,Anhui,117.17,33.17,2008,120.014448404695,38.3795119256702,-2.84444840469533,-5.20951192567015,204.736941711529,Southwest,633.46977593494,70.1654678821227,TRUE
Paradoxornis heudei,Henan,112.64,34.85,2006,120.014448404695,38.3795119256702,-7.37444840469533,-3.52951192567015,241.43413085525,Southwest,765.936616408107,195.07443562944,TRUE
Paradoxornis heudei,Jilin,123.58,45.93,2021,120.014448404695,38.3795119256702,3.56555159530467,7.55048807432985,18.113488156685,North,889.286292783,29.0912639488101,TRUE
Paradoxornis heudei,Tianjin,117.61,39.29,1998,120.014448404695,38.3795119256702,-2.40444840469533,0.910488074329848,296.675821243797,Northwest,231.556901753823,0,FALSE
Parayuhina diademata,Tibet,98.47,28.84,2013,,,,,,,,,
Pardaliparus venustulus,Jilin,123.57,45.93,2010,111.53192392812,33.879550070555,12.0380760718802,12.050449929445,33.7258503220145,Northeast,1684.09576236205,29.8629522353862,TRUE
Pardaliparus venustulus,Qinghai,102.67,35.8,2013,111.53192392812,33.879550070555,-8.86192392811982,1.92044992944503,287.296813057808,West,836.142719353657,1.54573312613393,TRUE
Parus major,Liaoning,120.54,41.61,2023,84.999146142582,41.0398271437856,35.540853857418,0.570172856214427,76.866225535262,East,2947.31560363363,1967.75640489055,TRUE
Parus monticolus,Guangxi,106.09,23.36,2004,104.903685170479,31.163184067691,1.18631482952097,-7.80318406769102,172.025027237809,South,875.540168622368,13.7611197180927,TRUE
Passer cinnamomeus,Beijing,115.48,39.77,2004,103.751757417858,32.100179751856,11.7282425821425,7.66982024814404,47.7348056788044,Northeast,1355.24201700109,0,FALSE
Passer cinnamomeus,Inner Mongolia,118.47,41.41,2017,103.751757417858,32.100179751856,14.7182425821425,9.30982024814403,47.4599468727213,Northeast,1666.57385750817,7.62173828160466,TRUE
Passer domesticus,Hainan,112.34,16.84,2017,97.9844642399294,35.5021122377294,14.3555357600707,-18.6621122377294,141.898509395955,Southeast,2514.95214900838,0,FALSE
Passer domesticus,Hubei,111.26,30.69,2023,97.9844642399294,35.5021122377294,13.2755357600707,-4.81211223772938,109.658313005997,East,1345.94899715637,108.277664057722,TRUE
Passer domesticus,Jiangxi,116.08,29.06,2019,97.9844642399294,35.5021122377294,18.0955357600706,-6.44211223772938,107.785203245352,East,1842.10978808676,0,FALSE
Passer domesticus,Shaanxi,108.76,34.35,2009,97.9844642399294,35.5021122377294,10.7755357600707,-1.15211223772938,94.3171498629262,East,990.187586566748,0,FALSE
Passer domesticus,Yunnan,100.98,22.79,2014,97.9844642399294,35.5021122377294,2.99553576007065,-12.7121122377294,167.610572781787,South,1442.91326459716,0,FALSE
Passer domesticus,Zhejiang,120.72,27.73,2021,97.9844642399294,35.5021122377294,22.7355357600707,-7.77211223772938,105.565568358721,East,2312.91185882586,0,FALSE
Passer hispaniolensis,Inner Mongolia,107.8,38.4,2015,87.4712687205392,40.961651612229,20.3287312794608,-2.56165161222896,92.6697036702208,East,1758.70283522744,233.742944068244,TRUE
Passer hispaniolensis,Sichuan,102.98,30.9,2016,87.4712687205392,40.961651612229,15.5087312794608,-10.061651612229,123.909207619957,Southeast,1784.5195324216,790.789975416537,TRUE
Passerculus sandwichensis,Qinghai,100.25,34.45,2017,,,,,,,,,
Pastor roseus,Jiangxi,114.78,24.94,2021,,,,,,,,,
Pavo cristatus,Tibet,89.02,27.23,2025,,,,,,,,,
Pelecanus crispus,Guizhou,104.25,29.32,2023,102.346574147145,36.157016427893,1.90342585285512,-6.83701642789303,166.29586088143,South,780.753930134324,373.239607870581,TRUE
Pelecanus onocrotalus,Anhui,117.4,30.48,2019,94.6991673258575,37.4714874259784,22.7008326741425,-6.99148742597844,103.704869475938,East,2226.0293463848,0,FALSE
Pelecanus onocrotalus,Anhui,117.46,33.77,2005,94.6991673258575,37.4714874259784,22.7608326741425,-3.70148742597844,94.4761955572386,East,2092.66273645119,0,FALSE
Pelecanus onocrotalus,Jiangsu,120.16,33.35,2016,94.6991673258575,37.4714874259784,25.4608326741425,-4.12148742597844,93.5878249390452,East,2344.92135587651,107.386499453163,TRUE
Pelecanus onocrotalus,Liaoning,122.87,41.7,2022,94.6991673258575,37.4714874259784,28.1708326741425,4.22851257402157,70.1084251470605,East,2447.9877756168,855.32140606123,TRUE
Pelecanus onocrotalus,Shandong,119.05,35.43,2020,94.6991673258575,37.4714874259784,24.3508326741425,-2.04148742597844,88.554745916106,East,2183.6546321117,202.683136689068,TRUE
Pelecanus onocrotalus,Sichuan,106.09,30.82,2003,94.6991673258575,37.4714874259784,11.3908326741425,-6.65148742597844,121.891758985983,Southeast,1281.32086137403,0,FALSE
Pellorneum albiventre,Guangdong,111.41,22.26,2022,94.1946022690239,29.4496209225316,17.2153977309761,-7.18962092253155,110.931577611357,East,1896.2375511605,57.0732017927622,TRUE
Pellorneum tickelli,Guangxi,106.88,22.35,2005,,,,,,,,,
Perdix hodgsoniae,Yunnan,99.95,28.04,2011,91.3194229068475,36.3611757808119,8.63057709315253,-8.32117578081188,136.340649415055,Southeast,1229.91244435087,12.1517894489795,TRUE
Pericrocotus cantonensis,Tianjin,118,39.24,2020,,,,,,,,,
Pericrocotus divaricatus,Hainan,108.82,18.7,2017,124.619953497361,42.6342828983726,-15.7999534973605,-23.9342828983726,214.063458414548,Southwest,3048.57390872523,2525.55457165977,TRUE
Pericrocotus ethologus,Hunan,110.54,30.06,2012,101.077690093491,31.5454786563278,9.46230990650902,-1.48547865632779,97.9073683629013,East,918.39219121265,208.831001733219,TRUE
Pericrocotus ethologus,Inner Mongolia,111.28,40.55,2013,101.077690093491,31.5454786563278,10.202309906509,9.00452134367221,39.5807412028345,Northeast,1355.9364042297,89.6521490832974,TRUE
Pericrocotus ethologus,Jiangsu,120.82,31.85,2022,101.077690093491,31.5454786563278,19.742309906509,0.30452134367221,83.7475810420849,East,1865.51468271977,365.986496002789,TRUE
Pericrocotus solaris,Anhui,117.72,29.85,2007,117.37528389728,28.2313292118784,0.344716102719957,1.61867078812165,10.4637074912586,North,183.080729940717,27.0846268933008,TRUE
Pericrocotus solaris,Chongqing,109.08,31.12,2008,117.37528389728,28.2313292118784,-8.29528389728004,2.88867078812165,293.860981888856,Northwest,863.072101731826,515.986930624922,TRUE
Pernis ptilorhynchus,Tianjin,117.82,39.33,2000,,,,,,,,,
Phalaropus fulicarius,Beijing,116.31,40.13,2010,97.6881980503185,39.5434198048299,18.6218019496815,0.586580195170086,81.6758932293866,East,1588.42664956231,0,FALSE
Phalaropus fulicarius,Hainan,110.37,20.02,2022,97.6881980503185,39.5434198048299,12.6818019496815,-19.5234198048299,147.161629564285,Southeast,2486.02774888335,953.392867875938,TRUE
Phalaropus fulicarius,Henan,112.51,32.95,2013,97.6881980503185,39.5434198048299,14.8218019496815,-6.59341980482991,114.326931503885,Southeast,1515.13633933949,230.793135688882,TRUE
Phalaropus fulicarius,Sichuan,100.77,30.05,2011,97.6881980503185,39.5434198048299,3.08180194968151,-9.49341980482992,164.17114326972,South,1092.2779263578,0,FALSE
Phalaropus lobatus,Guizhou,104.94,25.09,2022,101.62391971963,35.5727902200889,3.31608028037026,-10.4827902200889,163.86306082485,South,1208.05974601587,15.6757371516616,TRUE
Phalaropus lobatus,Henan,112.51,32.95,2014,101.62391971963,35.5727902200889,10.8860802803703,-2.62279022008886,103.133127295447,East,1041.4147568953,0,FALSE
Phalaropus lobatus,Jiangxi,113,25,2007,101.62391971963,35.5727902200889,11.3760802803703,-10.5727902200889,134.08157856196,Southeast,1602.31574410105,0,FALSE
Phalaropus lobatus,Shaanxi,109.39,34.79,2014,101.62391971963,35.5727902200889,7.76608028037026,-0.782790220088863,94.7800694326127,East,710.961159256346,0,FALSE
Phalaropus lobatus,Sichuan,104.07,30.58,2011,101.62391971963,35.5727902200889,2.44608028037025,-4.99279022008886,157.002888379487,Southeast,600.070479010668,0,FALSE
Phoebastria immutabilis,Fujian,119.3,26.1,2005,,,,,,,,,
Phoenicopterus roseus,Anhui,117.02,30.33,2022,100.076959371616,36.4838270325027,16.9430406283837,-6.15382703250266,108.655506714698,East,1711.92019687669,92.2101065645232,TRUE
Phoenicopterus roseus,Beijing,116.63,39.71,2015,100.076959371616,36.4838270325027,16.5530406283837,3.22617296749735,71.0543684120062,East,1489.8659420908,0,FALSE
Phoenicopterus roseus,Inner Mongolia,101.29,42.3,2015,100.076959371616,36.4838270325027,1.21304062838369,5.81617296749734,8.77511788575424,North,655.054345359191,400.530762120229,TRUE
Phoenicopterus roseus,Liaoning,121.27,40.27,2019,100.076959371616,36.4838270325027,21.1930406283837,3.78617296749735,70.6777441277133,East,1889.83716865371,122.299025502461,TRUE
Phoenicopterus roseus,Ningxia,106.26,36.1,2015,100.076959371616,36.4838270325027,6.18304062838369,-0.383827032502651,92.5688101399218,East,555.695888736259,0,FALSE
Phoenicopterus roseus,Qinghai,97.42,36.67,2013,100.076959371616,36.4838270325027,-2.65695937161631,0.186172967497349,275.77749654462,West,238.1493089933,0,FALSE
Phoenicopterus roseus,Shaanxi,109.01,34.38,2009,100.076959371616,36.4838270325027,8.93304062838369,-2.10382703250265,103.496220205588,East,842.107944036571,0,FALSE
Phoenicopterus roseus,Shandong,118.52,35.42,2016,100.076959371616,36.4838270325027,18.4430406283837,-1.06382703250265,88.5955061609448,East,1661.78864988594,0,FALSE
Phoenicopterus roseus,Shanghai,121.86,31.6,2019,100.076959371616,36.4838270325027,21.7830406283837,-4.88382703250265,98.8077829470972,East,2074.15740359383,0,FALSE
Phoenicopterus roseus,Sichuan,30.98,30.98,2015,100.076959371616,36.4838270325027,-69.0969593716163,-5.50382703250265,286.153299330448,West,6281.99123841101,3886.36011681916,TRUE
Phoenicopterus roseus,Tianjin,117.33,38.76,2016,100.076959371616,36.4838270325027,17.2530406283837,2.27617296749735,75.3220968414413,East,1538.05906700919,0,FALSE
Phoenicopterus roseus,Xinjiang,87.93,43.98,1998,100.076959371616,36.4838270325027,-12.1469593716163,7.49617296749734,312.764944096222,Northwest,1323.49053061416,0,FALSE
Phoenicopterus roseus,Yunnan,103.27,26.7,2021,100.076959371616,36.4838270325027,3.19304062838368,-9.78382703250265,163.603059020894,South,1128.95336160428,24.8866366191483,TRUE
Phoenicurus erythronotus,Gansu,98.53,39.75,2019,,,,,,,,,
Phoenicurus frontalis,Jiangxi,115.56,29.02,2019,100.484345771197,32.091656401361,15.0756542288027,-3.07165640136098,99.386107716395,East,1482.00969758275,67.3791508420234,TRUE
Phoenicurus frontalis,Shandong,117,35.8,2017,100.484345771197,32.091656401361,16.5156542288027,3.70834359863902,70.3218908696721,East,1576.07710199438,0,FALSE
Phoenicurus leucocephalus,Xinjiang,75.21,37.8,2009,97.5885573688777,32.7717906591773,-22.3785573688777,5.02820934082274,291.723358066319,West,2100.98881529985,509.833210259978,TRUE
Phoenicurus ochruros,Hunan,110.44,29.1,2021,97.9312577572526,34.7750290140592,12.5087422427474,-5.67502901405921,114.70290116668,Southeast,1336.94897116344,0,FALSE
Phoenicurus ochruros,Jiangsu,121.04,32.56,2014,97.9312577572526,34.7750290140592,23.1087422427474,-2.21502901405921,90.0135758949712,East,2147.93024898244,81.5985136584767,TRUE
Phoenicurus ochruros,Shanghai,121.97,30.88,2011,97.9312577572526,34.7750290140592,24.0387422427474,-3.89502901405922,94.1674652835401,East,2281.73306715687,0.622228554735413,TRUE
Phoenicurus ochruros,Zhejiang,122.19,29.43,2019,97.9312577572526,34.7750290140592,24.2587422427474,-5.34502901405921,97.8426517988237,East,2354.55521387358,0.266015848558142,TRUE
Phoenicurus schisticeps,Shandong,117.12,36.25,2019,104.54876519955,33.9638684428899,12.5712348004499,2.28613155711007,73.891487432014,East,1170.54612461131,530.374187938984,TRUE
Phyllergates cucullatus,Guizhou,104.91,25.09,2021,104.296285427378,24.5982032845435,0.613714572622385,0.491796715456506,48.4247208920813,Northeast,82.615508477728,13.2849925050167,TRUE
Phylloscopus affinis,Guangxi,110.42,25.86,2009,93.7904980009261,35.2195874512647,16.6295019990739,-9.35958745126469,118.688748875332,Southeast,1898.24353712839,95.8003394587895,TRUE
Phylloscopus affinis,Heilongjiang,125.25,49.09,2010,93.7904980009261,35.2195874512647,31.4595019990739,13.8704125487353,49.1780470466093,Northeast,2985.45942558959,1540.22536490953,TRUE
Phylloscopus borealoides,Hunan,112.89,28.17,2022,115.159888488105,28.7492297040718,-2.26988848810541,-0.579229704071796,254.357272029238,West,231.051809016939,0,FALSE
Phylloscopus borealoides,Jiangsu,120.24,31.51,2023,115.159888488105,28.7492297040718,5.08011151189459,2.7607702959282,56.6006013396368,Northeast,576.888203315633,48.8053814863148,TRUE
Phylloscopus borealoides,Zhejiang,122.07,30.57,2005,115.159888488105,28.7492297040718,6.91011151189458,1.8207702959282,71.4400227636722,East,697.570310426324,0.610260005243537,TRUE
Phylloscopus burkii,Tianjin,117.21,38.96,2002,104.635223177122,30.5374135148211,12.5747768228783,8.42258648517891,47.3488302549796,Northeast,1479.70291691664,508.119702698873,TRUE
Phylloscopus cantator,Guangxi,105.79,23.02,2014,91.8659774985578,30.1121524046297,13.9240225014422,-7.09215240462969,116.391168358965,Southeast,1591.67300715656,31.7131157009933,TRUE
Phylloscopus cantator,Tibet,95.14,29.23,2016,91.8659774985578,30.1121524046297,3.27402250144219,-0.882152404629689,106.413534818957,East,331.164363866746,0,FALSE
Phylloscopus castaniceps,Anhui,118.76,30.1,2016,104.204056068447,32.3663101462451,14.5559439315531,-2.2663101462451,96.4753254376999,East,1405.54215535492,8.89104477117765,TRUE
Phylloscopus castaniceps,Heilongjiang,125.25,49.09,2002,104.204056068447,32.3663101462451,21.0459439315531,16.7236898537549,37.0836550287849,Northeast,2552.57530862064,0,FALSE
Phylloscopus castaniceps,Shanghai,121.15,31.08,2012,104.204056068447,32.3663101462451,16.9459439315531,-1.28631014624511,90.5832577092425,East,1607.46432768866,17.0548271047659,TRUE
Phylloscopus claudiae,Shanghai,121.97,30.91,2013,104.510415598397,30.4511424425805,17.4595844016026,0.458857557419517,83.7831671338782,East,1668.7459659179,838.495327948456,TRUE
Phylloscopus collybita,Anhui,117.24,32.8,2019,95.9471032347615,36.0324522230232,21.2928967652385,-3.2324522230232,94.2407110472485,East,1981.8288782585,0,FALSE
Phylloscopus collybita,Guangxi,109.1,21.06,2021,95.9471032347615,36.0324522230232,13.1528967652385,-14.9724522230232,138.961830775227,Southeast,2098.29551764223,60.7014097295049,TRUE
Phylloscopus collybita,Henan,114.28,32.1,2006,95.9471032347615,36.0324522230232,18.3328967652385,-3.93245222302319,99.2278071486997,East,1741.42382074895,0,FALSE
Phylloscopus collybita,Hubei,114.54,30.53,2009,95.9471032347615,36.0324522230232,18.5928967652385,-5.50245222302319,104.189968669328,East,1829.84438261756,0,FALSE
Phylloscopus collybita,Inner Mongolia,105.67,38.83,2009,95.9471032347615,36.0324522230232,9.72289676523853,2.79754777697681,67.1682508516651,Northeast,912.552758886874,127.851893496787,TRUE
Phylloscopus collybita,Jiangsu,117.41,34.15,2022,95.9471032347615,36.0324522230232,21.4628967652385,-1.88245222302319,89.8279823862827,East,1959.9617304314,8.29677025638068,TRUE
Phylloscopus collybita,Jiangxi,117.87,29.22,2019,95.9471032347615,36.0324522230232,21.9228967652385,-6.81245222302319,104.041655504477,East,2182.35685829389,33.7112504245188,TRUE
Phylloscopus collybita,Sichuan,104.7,31.55,2021,95.9471032347615,36.0324522230232,8.75289676523853,-4.48245222302319,119.146143302265,Southeast,949.478175493273,0,FALSE
Phylloscopus coronatus,Xinjiang,88.16,39.05,2012,,,,,,,,,
Phylloscopus emeiensis,Hunan,110.75,30.05,2018,102.950914996472,27.9360947576217,7.79908500352839,2.11390524237835,70.9161044204432,East,793.911777982974,224.179007231473,TRUE
Phylloscopus humei,Tianjin,117.15,39.08,2022,114.432306768752,38.7065852424095,2.71769323124801,0.373414757590489,79.1369265435207,East,238.829560208895,20.1953142733671,TRUE
Phylloscopus intermedius,Guangxi,106.42,23.13,2006,101.590445248682,29.4008126438487,4.8295547513176,-6.27081264384867,144.269225335768,Southeast,847.166498766283,0,FALSE
Phylloscopus intermedius,Hainan,110.34,20.07,2018,101.590445248682,29.4008126438487,8.7495547513176,-9.33081264384867,137.654051191178,Southeast,1361.6955553941,21.0019356509799,TRUE
Phylloscopus intermedius,Henan,114.24,31.04,2022,101.590445248682,29.4008126438487,12.6495547513176,1.63918735615133,78.3121673225095,East,1228.29540795117,0,FALSE
Phylloscopus intermedius,Hunan,110.57,30.05,2017,101.590445248682,29.4008126438487,8.97955475131759,0.649187356151334,83.0210617102541,East,869.86519870897,0,FALSE
Phylloscopus intermedius,Shanghai,121.97,30.91,2016,101.590445248682,29.4008126438487,20.3795547513176,1.50918735615133,79.9965625442725,East,1963.86070904937,0,FALSE
Phylloscopus maculipennis,Hunan,112.93,28.18,2024,,,,,,,,,
Phylloscopus magnirostris,Hunan,110.65,30.05,2013,96.4715367588144,32.4967730494885,14.1784632411856,-2.44677304948847,97.6625211470652,East,1373.56515924114,3.01419146657448,TRUE
Phylloscopus ogilviegranti,Shaanxi,107.78,34.06,2011,105.777493516362,27.9565162139482,2.00250648363806,6.10348378605179,15.1982897079772,North,704.94803736998,165.878576723096,TRUE
Phylloscopus omeiensis,Hunan,110.6,30.05,2022,103.138689422114,34.2552954800302,7.46131057788578,-4.2052954800302,121.620137998193,Southeast,843.424802822244,212.355934917694,TRUE
Phylloscopus pulcher,Hunan,112.92,28.17,2021,95.5379330495279,32.5200925129806,17.3820669504721,-4.3500925129806,101.631153922145,East,1734.36108978103,564.289320897062,TRUE
Phylloscopus ricketti,Anhui,117.29,30.01,2016,107.472264592213,29.1714739817125,9.817735407787,0.838526018287492,81.975553573724,East,953.568415412544,11.3423566225788,TRUE
Phylloscopus ricketti,Henan,112.61,34.9,2016,107.472264592213,29.1714739817125,5.13773540778699,5.72852601828749,35.9104037976962,Northeast,799.885794622504,237.057047135797,TRUE
Phylloscopus ricketti,Jiangxi,117.73,27.85,2009,107.472264592213,29.1714739817125,10.257735407787,-1.32147398171251,95.8649985678927,East,1012.65399086861,0,FALSE
Phylloscopus sibilatrix,Gansu,100.41,39.31,2017,88.6245552412784,35.7059614719898,11.7854447587217,3.60403852801025,65.3917791544042,Northeast,1113.0552645766,467.68469387271,TRUE
Phylloscopus soror,Beijing,115.43,40,2012,109.415484613438,30.0484678266725,6.01451538656185,9.95153217332746,24.6484074519739,Northeast,1233.88061002941,0,FALSE
Phylloscopus soror,Hunan,110.6,30.05,2022,109.415484613438,30.0484678266725,1.18451538656184,0.00153217332746536,89.6178057915104,East,114.009012274254,212.355934917694,TRUE
Phylloscopus soror,Jiangsu,120.86,33.07,2021,109.415484613438,30.0484678266725,11.4445153865618,3.02153217332747,69.8374276152915,East,1134.48637426133,0,FALSE
Phylloscopus soror,Shanghai,121.97,30.88,2011,109.415484613438,30.0484678266725,12.5545153865618,0.831532173327464,82.4313282279339,East,1206.18171769659,0.622228554735413,TRUE
Phylloscopus subaffinis,Inner Mongolia,105.66,38.83,2019,,,,,,,,,
Phylloscopus tenellipes,Henan,114.25,31.97,2011,117.106559445778,36.2716622786622,-2.85655944577749,-4.30166227866219,209.612165691568,Southwest,545.762843956797,111.611405526454,TRUE
Phylloscopus tephrocephalus,Anhui,117.27,31.84,2022,104.638934467959,29.779952347925,12.631065532041,2.06004765207504,76.0460883551394,East,1227.08552566528,147.804969955543,TRUE
Phylloscopus tephrocephalus,Gansu,105.41,33.14,2016,104.638934467959,29.779952347925,0.771065532041035,3.36004765207504,10.8759038613932,North,380.706720133128,23.766314873302,TRUE
Phylloscopus tephrocephalus,Guizhou,107.17,28.22,2011,104.638934467959,29.779952347925,2.53106553204104,-1.55995234792496,124.552482463945,Southeast,301.115364015431,82.6010857005483,TRUE
Phylloscopus tephrocephalus,Hunan,113.63,25.9,2015,104.638934467959,29.779952347925,8.99106553204103,-3.87995234792496,113.858598055087,Southeast,983.243117876784,350.806737630693,TRUE
Phylloscopus tephrocephalus,Tianjin,118,39.24,2020,104.638934467959,29.779952347925,13.361065532041,9.46004765207504,45.6811589639555,Northeast,1610.85309549188,572.738962058298,TRUE
Phylloscopus valentini,Jiangsu,121.45,33.12,2024,108.319174387173,29.9524444231678,13.1308256128266,3.16755557683225,70.8182891066337,East,1292.28057234807,142.002369786403,TRUE
Phylloscopus yunnanensis,Jiangxi,114.16,26.57,2011,102.984543470184,32.4340854329188,11.1754565298163,-5.86408543291875,118.232458975286,Southeast,1261.73590880585,5.90345351336721,TRUE
Picumnus innominatus,Guangxi,106.42,23.13,2005,108.762336952187,30.3728161932732,-2.34233695218678,-7.24281619327319,196.6486154855,South,838.198180488316,0,FALSE
Picumnus innominatus,Shandong,117.07,33.93,2015,108.762336952187,30.3728161932732,8.30766304781321,3.55718380672681,61.002325910665,Northeast,876.017899971096,0,FALSE
Picus chlorolophus,Tibet,95.28,27.27,2019,112.854656119213,25.0840944682033,-17.574656119213,2.18590553179675,281.730720453246,West,1769.02496419812,960.473345570237,TRUE
Pitta brachyura,Sichuan,102.76,30.05,2023,,,,,,,,,
Pitta moluccensis,Hainan,110.31,20.03,2017,106.992949102931,24.3969591618518,3.31705089706888,-4.36695916185177,144.243260615488,Southeast,593.548852762916,25.217586106565,TRUE
Pitta nympha,Hubei,110.9,30.85,2009,110.999945719038,31.0801035570119,-0.0999457190380895,-0.230103557011926,200.453469656971,South,27.3033674313594,206.236103537101,TRUE
Pitta nympha,Jilin,126.07,44.07,2019,110.999945719038,31.0801035570119,15.0700542809619,12.9898964429881,38.1829497902744,Northeast,1955.84243106855,141.906067164966,TRUE
Pitta sordida,Sichuan,102.98,31.5,2006,91.8659774985578,30.1121524046297,11.1140225014422,1.38784759537031,78.9009605871338,East,1072.12851386734,327.773730656471,TRUE
Platalea minor,Anhui,116.91,30.51,2016,120.973371588975,23.7519935426755,-4.06337158897507,6.75800645732452,332.753013826177,Northwest,852.073519998493,732.418100652134,TRUE
Plectrophenax nivalis,Jiangsu,120.6,21.9,2013,97.8167296952337,43.6338222662519,22.7832703047663,-21.7338222662519,131.719080033389,Southeast,3199.6119592044,1663.90139360086,TRUE
Plectrophenax nivalis,Liaoning,123.68,39.82,2015,97.8167296952337,43.6338222662519,25.8632703047663,-3.81382226625188,92.2952059743915,East,2178.50389893257,199.256009878195,TRUE
Plegadis falcinellus,Hainan,109.32,19.75,2021,99.1296672420202,33.9242515630145,10.1903327579798,-14.1742515630145,144.861713877202,Southeast,1869.91148255386,0,FALSE
Plegadis falcinellus,Henan,114.33,31.95,2014,99.1296672420202,33.9242515630145,15.2003327579798,-1.97425156301445,94.5957230379034,East,1434.03828502741,0,FALSE
Plegadis falcinellus,Hubei,114.15,30.75,2017,99.1296672420202,33.9242515630145,15.0203327579798,-3.17425156301445,99.9284272337396,East,1453.12335533349,0,FALSE
Plegadis falcinellus,Jiangsu,120.78,32.98,2020,99.1296672420202,33.9242515630145,21.6503327579798,-0.944251563014454,86.9393522203545,East,2007.64139755558,0,FALSE
Plegadis falcinellus,Jiangxi,116.31,28.76,2017,99.1296672420202,33.9242515630145,17.1803327579798,-5.16425156301445,104.751398217221,East,1727.0270809663,0,FALSE
Plegadis falcinellus,Tianjin,117.33,38.76,2014,99.1296672420202,33.9242515630145,18.2003327579798,4.83574843698555,66.4661513899959,Northeast,1713.02910344683,0,FALSE
Plegadis falcinellus,Tibet,89.07,31.01,2018,99.1296672420202,33.9242515630145,-10.0596672420202,-2.91425156301445,253.802389765916,West,997.288424292437,0,FALSE
Plegadis falcinellus,Yunnan,102.5,24.34,2012,99.1296672420202,33.9242515630145,3.37033275797984,-9.58425156301445,162.077825719161,South,1114.64374294888,0,FALSE
Pluvialis apricaria,Shandong,117.94,38.23,2018,116.10797890559,39.517045306238,1.83202109441038,-1.28704530623803,131.48426383854,Southeast,213.611975829693,9.64549263125698,TRUE
Pnoepyga immaculata,Tibet,85.97,27.98,2010,,,,,,,,,
Podiceps auritus,Gansu,100.44,38.97,2020,103.938691083743,38.0844723975886,-3.49869108374281,0.885527602411393,289.012524594233,West,319.854428954672,60.4169646857045,TRUE
Podiceps auritus,Shaanxi,109.03,32.71,2016,103.938691083743,38.0844723975886,5.09130891625719,-5.37447239758861,140.819169042699,Southeast,754.763857579249,0,FALSE
Podiceps grisegena,Gansu,101.1,38.86,2007,121.540561995062,39.0488563878691,-20.4405619950615,-0.188856387869052,275.79347650271,West,1763.89332070934,1062.95214348876,TRUE
Podiceps nigricollis,Shaanxi,106.9,32.95,2002,100.759969682875,38.5336136871519,6.14003031712515,-5.58361368715191,136.41470764742,Southeast,831.769888266964,25.9508700287604,TRUE
Podiceps nigricollis,Tibet,97.8,29.3,2013,100.759969682875,38.5336136871519,-2.95996968287486,-9.23361368715191,195.744038883644,South,1062.25747855948,87.9374945221911,TRUE
Podoces biddulphi,Gansu,93.47,40.28,2008,,,,,,,,,
Pomatorhinus schisticeps,Tibet,95.35,29.33,2015,,,,,,,,,
Porphyrio porphyrio,Yunnan,102.78,24.92,2012,106.537497573045,27.7530939170755,-3.75749757304479,-2.83309391707552,230.772776295632,Southwest,489.277295200484,0,FALSE
Prinia atrogularis,Guizhou,108.34,26.35,2016,98.8543606871293,29.1766095619044,9.48563931287073,-2.82660956190437,106.35595643397,East,984.448020642447,0,FALSE
Prinia atrogularis,Hunan,111.82,24.98,2015,98.8543606871293,29.1766095619044,12.9656393128707,-4.19660956190437,106.931404616901,East,1364.84832392034,21.588887545564,TRUE
Prinia flaviventris,Hubei,114.04,29.57,2019,102.208772753238,30.3926523905698,11.831227246762,-0.822652390569825,91.6091086049916,East,1142.67408760339,29.4217185756615,TRUE
Prinia flaviventris,Jiangsu,121.44,32.34,2022,102.208772753238,30.3926523905698,19.231227246762,1.94734760943018,78.2599663132493,East,1836.18567229602,154.63180065502,TRUE
Prinia inornata,Shaanxi,108.7,32.75,2023,109.447371367369,27.8786659812382,-0.747371367369354,4.8713340187618,352.641819076781,North,546.392073197784,57.6949526073254,TRUE
Prinia rufescens,Hunan,111.95,24.98,2022,96.9097652132546,28.9039882901938,15.0402347867454,-3.92398829019381,102.796082660664,East,1552.07692024586,16.1016245470204,TRUE
Prinia superciliaris,Shanxi,110.26,34.87,2025,101.623157774631,31.591123169462,8.63684222536905,3.27887683053798,63.2619176571882,Northeast,881.753966036498,2.24362353606449,TRUE
Prunella collaris,Hunan,110.78,30.1,2020,103.531490290256,36.5050926751325,7.24850970974408,-6.40509267513252,134.546415041305,Southeast,979.678494931084,2.33853668703084,TRUE
Prunella himalayana,Shandong,117.12,36.25,2019,86.6170262806194,37.0301081755345,30.5029737193806,-0.780108175534451,82.5399255286902,East,2711.25062455848,1745.23011443983,TRUE
Prunella immaculata,Shaanxi,107.77,33.92,2007,95.5379330495279,32.5200925129806,12.2320669504721,1.3999074870194,78.8796723930892,East,1147.74860814375,106.049222548995,TRUE
Prunella montanella,Jiangsu,121.04,32.56,2014,100.582470640582,37.2052072128403,20.4575293594184,-4.64520721284031,99.4144262074388,East,1931.85761424103,0,FALSE
Prunella montanella,Xinjiang,87.54,44.18,2008,100.582470640582,37.2052072128403,-13.0424706405816,6.97479278715969,309.332378993311,Northwest,1342.9840760976,0,FALSE
Prunella strophiata,Guizhou,107.13,28.18,2009,97.6424417873072,32.4279965647009,9.48755821269278,-4.24799656470092,114.953233801231,Southeast,1025.40503305623,0,FALSE
Prunella strophiata,Henan,111.32,33.96,2016,97.6424417873072,32.4279965647009,13.6775582126928,1.53200343529908,78.6554244688875,East,1283.06423058059,51.3885000153393,TRUE
Psarisomus dalhousiae,Tibet,95.32,29.34,2015,108.782270335874,23.8334065276383,-13.4622703358742,5.50659347236173,297.498588249294,Northwest,1470.65188283139,1041.12497752732,TRUE
Pseudopodoces humilis,Inner Mongolia,100.85,39.21,2020,,,,,,,,,
Psilopogon faber,Zhejiang,119.47,26.28,2016,112.987071850568,24.6654344724554,6.48292814943224,1.61456552754463,73.1983633463888,East,675.005604524041,0,FALSE
Psilopogon faiostrictus,Guangxi,106.85,22.34,2008,110.775313125676,23.643223390544,-3.92531312567633,-1.30322339054395,250.942384360147,West,427.11135992672,0,FALSE
Psilopogon faiostrictus,Yunnan,103.69,22.94,2015,110.775313125676,23.643223390544,-7.08531312567632,-0.70322339054395,265.242895899817,West,727.778097902756,184.292655372808,TRUE
Psilopogon virens,Gansu,105.51,32.97,2016,102.970021484715,29.5505900261963,2.53997851528476,3.41940997380371,31.7629923758883,Northeast,450.351951147303,6.20784077121815,TRUE
Pterorhinus berthemyi,Jiangsu,118.86,32.06,2007,,,,,,,,,
Pterorhinus gularis,Yunnan,101.51,22.48,2007,,,,,,,,,
Pterorhinus lanceolatus,Henan,111.32,33.96,2016,103.706928587162,30.8506372475172,7.61307141283839,3.10936275248277,62.1773523259836,Northeast,793.636271645964,84.9579907030192,TRUE
Pterorhinus pectoralis,Jiangsu,118.85,32.07,2007,,,,,,,,,
Pterorhinus sannio,Henan,115.27,31.72,2014,108.020864091773,29.5574950766969,7.24913590822722,2.16250492330309,69.0532377737477,East,733.847401711277,16.5715267833059,TRUE
Pteruthius rufiventer,Tibet,95.26,29.29,2019,,,,,,,,,
Pteruthius xanthochlorus,Anhui,118.53,29.57,2015,106.558528445039,30.7890474503649,11.9714715549611,-1.21904745036494,93.6764290290654,East,1158.11899245399,0,FALSE
Pteruthius xanthochlorus,Guizhou,106.19,28.34,2017,106.558528445039,30.7890474503649,-0.368528445038947,-2.44904745036494,187.548356673649,South,274.643646467151,19.7372425225194,TRUE
Pteruthius xanthochlorus,Hunan,110.68,29.98,2013,106.558528445039,30.7890474503649,4.12147155496106,-0.809047450364943,101.771527505683,East,405.419896124884,0,FALSE
Ptyonoprogne rupestris,Hubei,113.69,29.4,2017,,,,,,,,,
Ptyonoprogne rupestris,Jiangsu,120.48,31.3,2021,,,,,,,,,
Pycnonotus aurigaster,Hainan,110.33,20,2005,,,,,,,,,
Pycnonotus blanfordi,Yunnan,101.58,21.32,2022,,,,,,,,,
Pycnonotus goiavier,Yunnan,101.27,21.93,2019,,,,,,,,,
Pycnonotus jocosus,Hainan,110.33,20,2011,109.869105637901,25.7820752517914,0.460894362098543,-5.7820752517914,175.708564011885,South,644.666355118562,0,FALSE
Pycnonotus jocosus,Henan,113.7,34.71,2012,109.869105637901,25.7820752517914,3.83089436209855,8.9279247482086,19.3965195901818,North,1058.48042062203,547.469325839167,TRUE
Pycnonotus jocosus,Sichuan,104.67,30.63,2016,109.869105637901,25.7820752517914,-5.19910563790145,4.8479247482086,317.819247469825,Northwest,741.496504084298,223.454052208772,TRUE
Pycnonotus sinensis,Beijing,116.62,40.36,2002,108.566480267763,32.410547106766,8.05351973223668,7.949452893234,36.8719296263129,Northeast,1139.55611885046,0,FALSE
Pycnonotus sinensis,Inner Mongolia,121.95,45.15,2024,108.566480267763,32.410547106766,13.3835197322367,12.739452893234,35.2734944490317,Northeast,1825.86310032715,11.9469108344229,TRUE
Pycnonotus sinensis,Jilin,125.41,43.81,2019,108.566480267763,32.410547106766,16.8435197322367,11.399452893234,44.304405912692,Northeast,1936.99318087146,0,FALSE
Pycnonotus sinensis,Liaoning,121.59,38.92,2005,108.566480267763,32.410547106766,13.0235197322367,6.50945289323401,54.7100008689047,Northeast,1379.24260529706,0,FALSE
Pycnonotus sinensis,Ningxia,106.73,38.75,2011,108.566480267763,32.410547106766,-1.83648026776332,6.339452893234,347.270062392648,North,724.165862715814,127.157177896673,TRUE
Pycnonotus sinensis,Qinghai,101.75,36.63,2006,108.566480267763,32.410547106766,-6.81648026776333,4.21945289323401,308.812799272383,Northwest,780.742404698064,0,FALSE
Pycnonotus xanthorrhous,Ningxia,106.39,35.41,2019,110.991107308323,34.6070275810452,-4.60110730832274,0.802972418954752,283.342012548549,West,428.412718916257,38.9789545285493,TRUE
Pycnonotus xanthorrhous,Shanghai,121.96,30.88,2017,110.991107308323,34.6070275810452,10.9688926916773,-3.72702758104525,108.958610892032,East,1105.62179997767,577.201994420711,TRUE
Pyrrhula erythaca,Hunan,110.65,30.03,2011,,,,,,,,,
Pyrrhula nipalensis,Henan,111.93,33.5,2023,100.715776288554,29.3799831014187,11.2142237114456,4.12001689858126,63.840323274319,Northeast,1157.46624379839,83.0749439855007,TRUE
Pyrrhula nipalensis,Hunan,110.67,30.05,2011,100.715776288554,29.3799831014187,9.95422371144564,0.670016898581263,83.1076922919871,East,963.884306568946,0,FALSE
Pyrrhula nipalensis,Shaanxi,109.51,31.95,2010,100.715776288554,29.3799831014187,8.79422371144564,2.57001689858126,69.0242117331916,East,888.010251223993,0,FALSE
Pyrrhula pyrrhula,Qinghai,90.86,38.26,2023,102.019543105289,42.5081347473633,-11.1595431052889,-4.2481347473633,247.148231785186,Southwest,1055.4907295762,28.9975616801401,TRUE
Rallina eurizonoides,Jiangxi,113,25,2006,109.720010985786,27.283147150871,3.2799890142142,-2.28314715087099,127.05775309459,Southeast,414.270045023592,0.781465000505106,TRUE
Rallina eurizonoides,Shandong,117.05,36.22,2020,109.720010985786,27.283147150871,7.32998901421419,8.93685284912901,33.0212105096758,Northeast,1210.61100548377,85.4586284260734,TRUE
Rallina fasciata,Guangdong,114.67,22.4,2023,,,,,,,,,
Rallina fasciata,Yunnan,101.28,21.88,2024,,,,,,,,,
Rallus aquaticus,Anhui,117.35,31.2,2022,96.6895063042387,38.0526916409747,20.6604936957613,-6.85269164097474,105.801604287864,East,2032.57404099047,125.305095983867,TRUE
Rallus aquaticus,Inner Mongolia,105.67,38.83,2009,96.6895063042387,38.0526916409747,8.98049369576133,0.777308359025263,80.9115595809528,East,786.573019348503,127.851893496787,TRUE
Rallus aquaticus,Ningxia,106.27,38.2,2009,96.6895063042387,38.0526916409747,9.58049369576132,0.147308359025267,85.9210917771535,East,837.808087125187,123.439636421081,TRUE
Recurvirostra avosetta,Ningxia,106.39,38.38,2011,88.5581841305189,31.5582032448636,17.8318158694811,6.82179675513644,60.0184098492049,Northeast,1789.05960783781,997.706696271571,TRUE
Recurvirostra avosetta,Yunnan,99.64,27.9,2008,88.5581841305189,31.5582032448636,11.0818158694811,-3.65820324486356,107.995736629286,East,1144.04092145726,98.1055186541289,TRUE
Regulus regulus,Anhui,117.19,31.88,2011,116.034852416102,32.892272634422,1.15514758389804,-1.01227263442195,135.749883880171,Southeast,156.314116058871,109.224204067315,TRUE
Regulus regulus,Hunan,112.97,28.19,2012,116.034852416102,32.892272634422,-3.06485241610196,-4.70227263442195,210.10014017158,Southwest,599.532334848318,121.795939508722,TRUE
Remiz consobrinus,Guangxi,108.32,22.58,2013,110.647276611907,30.9049122575511,-2.32727661190692,-8.32491225755109,194.556340170262,South,954.012093952303,0,FALSE
Remiz consobrinus,Guizhou,106.66,26.73,2023,110.647276611907,30.9049122575511,-3.98727661190692,-4.17491225755109,220.901522995034,Southwest,605.200037033737,135.574551405342,TRUE
Remiz consobrinus,Shaanxi,109.44,34.8,2015,110.647276611907,30.9049122575511,-1.20727661190692,3.89508774244891,345.729921002156,North,447.542677684627,0,FALSE
Remiz consobrinus,Sichuan,105.29,28.96,2020,110.647276611907,30.9049122575511,-5.35727661190691,-1.94491225755109,248.623628553304,West,559.623562792639,91.9593961298089,TRUE
Remiz coronatus,Gansu,103.45,38.97,2021,106.159698266387,37.2604621286117,-2.70969826638653,1.70953787138833,309.555647754695,Northwest,303.834629035635,184.678685579961,TRUE
Remiz coronatus,Inner Mongolia,101.65,39.21,2021,106.159698266387,37.2604621286117,-4.50969826638652,1.94953787138833,300.209346843266,Northwest,449.513245465197,302.899195878288,TRUE
Remiz pendulinus,Xinjiang,82.88,44.79,2024,,,,,,,,,
Rhodospiza obsoleta,Shaanxi,109.74,38.25,2010,90.7122221105902,39.3304521464076,19.0277778894098,-1.08045214640756,88.1344987785216,East,1650.45731006867,184.878907897125,TRUE
Riparia riparia,Hainan,110.01,19.97,2005,,,,,,,,,
Rissa tridactyla,Anhui,117.09,30.75,2024,104.063040421,36.4329259622137,13.0269595790002,-5.68292596221368,113.910835025837,Southeast,1360.35757098339,84.7472619266116,TRUE
Rissa tridactyla,Gansu,103.79,29.49,2007,104.063040421,36.4329259622137,-0.273040420999791,-6.94292596221368,181.965436960945,South,772.437135081765,0,FALSE
Rissa tridactyla,Guizhou,107.9,27.94,2022,104.063040421,36.4329259622137,3.83695957900021,-8.49292596221368,158.025843953225,South,1010.78128514809,80.6103828400132,TRUE
Rissa tridactyla,Hunan,113.01,28.22,2021,104.063040421,36.4329259622137,8.94695957900021,-8.21292596221368,134.884890298211,Southeast,1240.01782801135,0,FALSE
Rissa tridactyla,Jilin,125.35,43.81,2022,104.063040421,36.4329259622137,21.2869595790002,7.37707403778632,58.9642064093823,Northeast,1979.65831876346,0,FALSE
Rissa tridactyla,Qinghai,101.78,36.6,2018,104.063040421,36.4329259622137,-2.2830404209998,0.167074037786321,275.881420523329,West,204.864839194065,0,FALSE
Rissa tridactyla,Yunnan,102.65,24.97,2009,104.063040421,36.4329259622137,-1.41304042099979,-11.4629259622137,186.423232396773,South,1281.70998722082,0,FALSE
Sasia ochracea,Guangdong,111.58,23.45,2013,95.3397848686,29.2755367126628,16.2402151314,-5.82553671266276,108.047457202734,East,1740.74879708319,14.8452726082935,TRUE
Sasia ochracea,Hunan,109.83,26.07,2017,95.3397848686,29.2755367126628,14.4902151314,-3.20553671266276,100.571231918798,East,1469.65078966843,3.45441979943778,TRUE
Saxicola ferreus,Tianjin,117.63,39.07,2019,116.131935315057,39.5706255886914,1.49806468494316,-0.500625588691385,112.887168437396,Southeast,140.373609635221,34.0191567933398,TRUE
Saxicola rubetra,Xinjiang,87.42,47.76,2023,,,,,,,,,
Sibirionetta formosa,Tibet,91.42,29.83,2023,116.070849383812,29.7904458653378,-24.6508493838118,0.0395541346622217,276.303634023014,West,2373.75420419353,1615.68274929303,TRUE
Sitta cinnamoventris,Tibet,95.4,29.41,2016,,,,,,,,,
Sitta formosa,Tibet,95.36,29.33,2019,,,,,,,,,
Sitta villosa,Heilongjiang,126.66,45.74,2005,,,,,,,,,
Sitta villosa,Shandong,117.87,38.26,2023,,,,,,,,,
Sittiparus varius,Shanghai,121.97,30.88,2012,121.603983468987,37.8522188959896,0.366016531013017,-6.97221889598955,177.413717800194,South,776.000756001148,27.4242866344848,TRUE
Spilopelia chinensis,Inner Mongolia,111.72,40.81,2004,,,,,,,,,
Spilopelia chinensis,Jilin,125.4,43.81,2016,,,,,,,,,
Spilopelia senegalensis,Gansu,97.11,40.47,2020,,,,,,,,,
Spilornis cheela,Heilongjiang,124.56,47.08,2010,125.337700535981,44.0660546243762,-0.777700535980742,3.01394537562383,350.037897677194,North,340.553287094479,0,FALSE
Spilornis cheela,Shanghai,121.97,30.89,2015,125.337700535981,44.0660546243762,-3.36770053598075,-13.1760546243762,192.525422366749,South,1494.58133973098,83.9430753885453,TRUE
Spinus spinus,Xinjiang,91.25,40.63,2010,,,,,,,,,
Spizixos semitorques,Beijing,116.33,39.94,2019,108.973658943884,30.4995285560815,7.35634105611558,9.44047144391845,30.4151982960138,Northeast,1243.28988394628,154.757252692916,TRUE
Spizixos semitorques,Hebei,114.01,37.14,2019,108.973658943884,30.4995285560815,5.03634105611559,6.64047144391846,30.8415595702527,Northeast,872.391308506631,15.8883958197392,TRUE
Spizixos semitorques,Shandong,119.55,35.5,2016,108.973658943884,30.4995285560815,10.5763410561156,5.00047144391846,57.7768923903084,Northeast,1131.26058546219,0,FALSE
Spodiopsar cineraceus,Tibet,91.56,29.84,2016,97.8226768669762,36.5305812350089,-6.26267686697615,-6.6905812350089,219.836004276299,Southwest,944.536581730895,330.748041679085,TRUE
Spodiopsar sericeus,Gansu,105.49,33,2015,110.304796942583,29.6828231780126,-4.8147969425827,3.31717682198742,310.124575465461,Northwest,587.352168442312,8.57431536764155,TRUE
Spodiopsar sericeus,Jilin,123.79,44.23,2022,110.304796942583,29.6828231780126,13.4852030574173,14.5471768219874,32.631708447318,Northeast,2007.23520660993,493.48560441154,TRUE
Spodiopsar sericeus,Liaoning,124.15,39.97,2007,110.304796942583,29.6828231780126,13.8452030574173,10.2871768219874,44.0456094270029,Northeast,1700.73080524344,361.380307506603,TRUE
Spodiopsar sericeus,Ningxia,105.05,37.47,2017,110.304796942583,29.6828231780126,-5.2547969425827,7.78717682198742,332.075997796437,Northwest,992.906342841043,191.878760880293,TRUE
Spodiopsar sericeus,Tianjin,117.31,39.08,2000,110.304796942583,29.6828231780126,7.00520305741731,9.39717682198741,29.6751538004215,Northeast,1225.85755117273,0,FALSE
Stachyris humei,Tibet,95.47,29.6,2014,,,,,,,,,
Staphida castaniceps,Henan,114.25,32.04,2019,110.193535450647,29.0166057312052,4.05646454935335,3.02339426879479,48.1154358977545,Northeast,513.702460162857,21.940664337281,TRUE
Staphida torqueola,Gansu,105.47,32.88,2021,113.614543522147,33.8767640524588,-8.14454352214732,-0.996764052458744,263.919283062673,West,764.118992992221,478.57178425342,TRUE
Stercorarius longicaudus,Jiangsu,120.64,32.67,2016,,,,,,,,,
Stercorarius parasiticus,Hunan,110.77,29.93,2018,97.6458917677323,35.0230537795515,13.1241082322677,-5.0930537795515,111.062424388437,East,1353.59695015915,0,FALSE
Stercorarius parasiticus,Inner Mongolia,123.08,46.22,2006,97.6458917677323,35.0230537795515,25.4341082322677,11.1969462204485,51.9390616469111,Northeast,2465.49883711279,767.005963344144,TRUE
Stercorarius parasiticus,Sichuan,104.18,31.02,2013,97.6458917677323,35.0230537795515,6.53410823226773,-4.0030537795515,124.336394356666,Southeast,754.180592248788,0,FALSE
Stercorarius parasiticus,Tibet,86,28.08,2023,97.6458917677323,35.0230537795515,-11.6458917677323,-6.94305377955151,238.19271092058,Southwest,1345.16914768566,714.775355722481,TRUE
Stercorarius parasiticus,Yunnan,100.52,25.03,2016,97.6458917677323,35.0230537795515,2.87410823226772,-9.9930537795515,165.275253325811,South,1144.9373042988,0,FALSE
Stercorarius pomarinus,Inner Mongolia,110.01,41.53,2006,107.194420070469,32.5022279061987,2.81557992953091,9.02777209380133,13.1500037025647,North,1034.3287669157,234.425050591374,TRUE
Streptopelia decaocto,Heilongjiang,125.26,49.1,2005,101.078076599286,39.7582572662944,24.1819234007143,9.34174273370557,53.4164110706074,Northeast,2169.66413238441,327.021245189349,TRUE
Sturnia pagodarum,Xinjiang,75.45,37.15,2022,91.8659774985578,30.1121524046297,-16.4159774985578,7.03784759537031,301.645707182171,Northwest,1706.07857830475,442.897082289092,TRUE
Sturnia sinensis,Jiangsu,119.78,33.86,2018,112.680185264852,26.5070413190903,7.09981473514792,7.35295868090975,38.1156617002688,Northeast,1064.31018437384,301.617751606525,TRUE
Sturnus vulgaris,Heilongjiang,124.22,47.2,2008,99.7889397197297,37.1297703514753,24.4310602802703,10.0702296485247,53.0237316307924,Northeast,2290.05906661949,0,FALSE
Sturnus vulgaris,Inner Mongolia,121.5,51.33,2013,99.7889397197297,37.1297703514753,21.7110602802703,14.2002296485247,40.350545751131,Northeast,2325.74323585423,97.3869262478352,TRUE
Sturnus vulgaris,Shaanxi,109.54,34.81,2012,99.7889397197297,37.1297703514753,9.75106028027028,-2.31977035147531,103.473255366519,East,914.152848698613,0,FALSE
Sturnus vulgaris,Tianjin,117.2,39.09,1999,99.7889397197297,37.1297703514753,17.4110602802703,1.96022964852469,76.5199914208072,East,1536.40084812399,0,FALSE
Sula dactylatra,Guangdong,116.53,22.16,2025,119.22815458596,26.9940139719923,-2.69815458595956,-4.83401397199232,207.484838897817,Southwest,602.737815143204,174.500550839655,TRUE
Sula dactylatra,Zhejiang,122.29,30.25,2021,119.22815458596,26.9940139719923,3.06184541404045,3.25598602800768,38.8149905922421,Northeast,469.408819853122,0,FALSE
Sula granti,Taiwan,124.8,26.44,2025,,,,,,,,,
Sula sula,Fujian,116.09,37.45,2000,115.78781208404,29.7248244086132,0.302187915960488,7.72517559138678,1.78404220642739,North,859.454680239179,0,FALSE
Sula sula,Hebei,118.55,24.78,2017,115.78781208404,29.7248244086132,2.76218791596048,-4.94482440861323,152.94658564303,Southeast,613.834149100131,156.674639629999,TRUE
Sula sula,Jiangsu,121.11,32.02,2010,115.78781208404,29.7248244086132,5.32218791596048,2.29517559138678,61.9750019247924,Northeast,568.35310234613,112.743678530106,TRUE
Sula sula,Zhejiang,121.63,29.97,2016,115.78781208404,29.7248244086132,5.84218791596048,0.245175591386772,85.7775808603984,East,564.049744561698,0,FALSE
Suthora alphonsiana,Guangxi,105.09,24.49,2004,,,,,,,,,
Suthora conspicillata,Hunan,110.55,30.05,2011,,,,,,,,,
Suthora fulvifrons,Hubei,110.19,31.45,2017,96.3863559871865,31.9549938841054,13.8036440128135,-0.504993884105446,88.8105567995131,East,1306.19354489661,65.4532294056924,TRUE
Suthora przewalskii,Sichuan,104.76,32.58,2007,101.870177838313,34.0165916982847,2.88982216168695,-1.43659169828468,119.943396048202,Southeast,312.471414832918,0,FALSE
Suthora webbiana,Qinghai,102.17,37.09,2023,108.174015927893,30.0881537925244,-6.00401592789284,7.0018462074756,326.084589081674,Northwest,956.286106916381,27.5909896768223,TRUE
Sylvia atricapilla,Xinjiang,76,39.47,2013,,,,,,,,,
Sylviparus modestus,Gansu,104.63,32.95,2025,,,,,,,,,
Synthliboramphus antiquus,Hainan,110.59,19.97,2004,,,,,,,,,
Syrmaticus humiae,Yunnan,104.37,23.1,2018,,,,,,,,,
Syrmaticus reevesii,Guangxi,106.28,24.8,2020,106.584848110395,32.2670816096185,-0.30484811039517,-7.46708160961849,182.128559263557,South,830.834055541509,9.28735029367421,TRUE
Syrrhaptes paradoxus,Guangxi,107.13,22.2,2005,91.9378796769264,39.3429970383986,15.1921203230736,-17.1429970383986,138.500081594205,Southeast,2388.41450816687,1174.85825490557,TRUE
Tarsiger chrysaeus,Guizhou,106.57,26.29,2019,97.4371230874551,32.0558883359689,9.13287691254484,-5.76588833596887,123.567366777729,Southeast,1093.45058759601,0,FALSE
Tarsiger chrysaeus,Henan,113.9,35.32,2023,97.4371230874551,32.0558883359689,16.4628769125449,3.26411166403113,72.098496147961,East,1563.78037336577,327.40386660943,TRUE
Tarsiger chrysaeus,Hunan,110.56,29.34,2022,97.4371230874551,32.0558883359689,13.1228769125449,-2.71588833596887,100.113100340223,East,1289.61907998935,38.1900680023058,TRUE
Tarsiger indicus,Shaanxi,107.83,33.67,2015,94.8797728479051,30.2644683038288,12.9502271520949,3.40553169617119,69.4089199194897,East,1277.89849767744,129.3166882728,TRUE
Temnurus temnurus,Guangdong,111.43,21.79,2020,110.358343106803,17.7878288549739,1.07165689319717,4.00217114502608,13.9633128911555,North,458.92140808771,194.583177401124,TRUE
Tephrodornis virgatus,Zhejiang,119.87,27.75,2019,108.79805703406,25.1679891233783,11.0719429659397,2.58201087662169,72.9709021093239,East,1138.4781777665,24.4415948641146,TRUE
Tetrax tetrax,Shaanxi,108.65,34.26,2024,91.7064992095435,38.7624797658365,16.9435007904565,-4.50247976583653,103.097739883672,East,1592.04454179637,109.957222503991,TRUE
Thalasseus bengalensis,Guangxi,108.52,21.59,2019,116.203072417695,29.0622119415673,-7.68307241769513,-7.4722119415673,224.616148689609,Southwest,1133.61171159082,127.853653950404,TRUE
Thalasseus bengalensis,Hebei,119.37,39.55,2017,116.203072417695,29.0622119415673,3.16692758230488,10.4877880584327,13.1315406023767,North,1201.68093104832,7.91884796283568,TRUE
Thalasseus bergii,Shanghai,121.98,31.29,2011,120.098919260137,29.1817600115059,1.88108073986346,2.10823998849411,37.157852189912,Northeast,295.979441748664,72.5705603206146,TRUE
Timalia pileata,Jiangxi,114.38,24.49,2003,,,,,,,,,
Todiramphus chloris,Fujian,119.67,26.01,2004,,,,,,,,,
Tragopan caboti,Anhui,118.23,29.43,2018,,,,,,,,,
Tragopan temminckii,Henan,110.38,34.38,2019,,,,,,,,,
Treron curvirostra,Guangdong,112.55,23.17,2023,104.68979212019,24.1996594492477,7.86020787980978,-1.02965944924767,96.5470726707686,East,808.426177162309,104.690965166753,TRUE
Treron seimundi,Yunnan,100.33,24.9,2020,,,,,,,,,
Treron sieboldii,Henan,111.3,33.04,2022,118.639452570133,29.2277888320671,-7.33945257013295,3.81221116793293,303.111062575513,Northwest,816.773022120837,494.816788241448,TRUE
Treron sieboldii,Jiangxi,114.38,24.49,2004,118.639452570133,29.2277888320671,-4.25945257013295,-4.73778883206708,219.715638440398,Southwest,675.186246666438,158.769229561719,TRUE
Treron sieboldii,Zhejiang,119.67,27.71,2020,118.639452570133,29.2277888320671,1.03054742986706,-1.51778883206707,148.921032172441,Southeast,196.544571482903,5.41154884113619,TRUE
Treron sphenurus,Guangdong,112.55,23.17,2022,97.1590528213344,29.918501220134,15.3909471786656,-6.74850122013396,112.500058964659,Southeast,1702.78308945656,104.690965166753,TRUE
Tringa brevipes,Sichuan,102.76,30.05,2013,115.242267121651,20.7784530744411,-12.4822671216509,9.27154692555893,311.986279938823,Northwest,1620.9812241985,1300.35888124443,TRUE
Tringa guttifer,Liaoning,124.03,39.82,2006,,,,,,,,,
Tringa stagnatilis,Guizhou,109.22,27.82,2021,,,,,,,,,
Turdus boulboul,Anhui,115.68,31.27,2022,98.805385235213,33.6836509755745,16.874614764787,-2.41365097557447,94.9990479080043,East,1603.62253896138,6.79060966320527,TRUE
Turdus boulboul,Fujian,117.78,27.86,2019,98.805385235213,33.6836509755745,18.974614764787,-5.82365097557447,104.589903723227,East,1921.43997995402,0,FALSE
Turdus boulboul,Henan,111.92,33.5,2016,98.805385235213,33.6836509755745,13.114614764787,-0.183650975574466,87.3198921696237,East,1214.10236988747,0,FALSE
Turdus boulboul,Hunan,110.65,28.8,2012,98.805385235213,33.6836509755745,11.844614764787,-4.88365097557447,112.576162600382,Southeast,1249.03360483256,0,FALSE
Turdus boulboul,Jiangxi,114.04,26.3,2017,98.805385235213,33.6836509755745,15.234614764787,-7.38365097557447,115.237515251525,Southeast,1678.55319102892,0,FALSE
Turdus boulboul,Ningxia,106.35,35.27,2018,98.805385235213,33.6836509755745,7.54461476478697,1.58634902442554,73.5736320439672,East,713.504781245902,0,FALSE
Turdus boulboul,Qinghai,102.68,35.81,2024,98.805385235213,33.6836509755745,3.87461476478698,2.12634902442554,55.1684466796777,Northeast,425.647580663641,1.1272854252506,TRUE
Turdus boulboul,Shaanxi,107.98,33.53,2006,98.805385235213,33.6836509755745,9.17461476478698,-0.153650975574465,88.6067071172767,East,849.547184322675,0,FALSE
Turdus boulboul,Tibet,91.96,27.99,2019,98.805385235213,33.6836509755745,-6.84538523521303,-5.69365097557447,227.715070165524,Southwest,909.455149911666,0,FALSE
Turdus boulboul,Zhejiang,119.72,30.25,2021,98.805385235213,33.6836509755745,20.914614764787,-3.43365097557447,95.2485263838245,East,2005.86435593126,0,FALSE
Turdus cardis,Beijing,116.33,40,2013,,,,,,,,,
Turdus cardis,Shaanxi,109.05,34.32,2019,,,,,,,,,
Turdus feae,Anhui,117.27,31.83,2022,,,,,,,,,
Turdus feae,Guizhou,107.15,28.2,2015,,,,,,,,,
Turdus feae,Sichuan,104.07,30.64,2012,,,,,,,,,
Turdus mandarinus,Beijing,116.3,40,2010,101.421962155504,37.8116332431497,14.8780378444963,2.18836675685033,74.6672044542681,East,1308.55121869198,773.631303264922,TRUE
Turdus mandarinus,Ningxia,106.22,37.35,2016,101.421962155504,37.8116332431497,4.79803784449626,-0.46163324314967,95.4544450705465,East,425.865085698178,0,FALSE
Turdus migratorius,Heilongjiang,126.56,45.75,2024,,,,,,,,,
Turdus naumanni,Heilongjiang,129.16,46.08,2021,,,,,,,,,
Turdus pilaris,Heilongjiang,125.14,51.14,2010,90.5642497735499,39.3714893805395,34.5757502264501,11.7685106194605,52.394646015286,Northeast,2969.7372667393,1298.74818552783,TRUE
Turdus pilaris,Shaanxi,108.75,34.14,2022,90.5642497735499,39.3714893805395,18.1857502264501,-5.23148938053946,104.114711159561,East,1717.68646679102,126.155492340473,TRUE
Turdus rubrocanus,Henan,114.25,31.94,2019,100.403988911354,32.3134056800866,13.846011088646,-0.373405680086595,88.1205482102091,East,1303.60824637282,11.1663290449378,TRUE
Turdus rubrocanus,Inner Mongolia,103.7,38.3,2021,100.403988911354,32.3134056800866,3.29601108864598,5.9865943199134,23.2560843928011,Northeast,729.637362404763,16.9131410340173,TRUE
Turdus rubrocanus,Jiangxi,115.28,29.01,2017,100.403988911354,32.3134056800866,14.876011088646,-3.30340568008659,100.584636302148,East,1468.12177905252,0,FALSE
Turdus rubrocanus,Shanxi,111.92,37.65,2017,100.403988911354,32.3134056800866,11.516011088646,5.3365943199134,57.287429198827,Northeast,1204.03931799216,0,FALSE
Turdus ruficollis,Jiangsu,119.49,31.55,2017,,,,,,,,,
Turdus viscivorus,Gansu,98.53,39.75,2018,,,,,,,,,
Turdus viscivorus,Inner Mongolia,101.07,42.13,2019,,,,,,,,,
Turnix suscitator,Anhui,117.09,30.26,2023,110.230051154301,25.6502972842435,6.85994884569868,4.60970271575649,51.1680239120062,Northeast,846.25565639061,37.7850934119959,TRUE
Turnix suscitator,Zhejiang,121.02,28.86,2021,110.230051154301,25.6502972842435,10.7899488456987,3.20970271575649,69.0744360501977,East,1124.16000699599,0,FALSE
Tyto alba,Guangxi,109.51,18.25,2004,105.137671547884,24.7560464415932,4.37232845211565,-6.50604644159319,147.154359937927,Southeast,853.019190589822,0,FALSE
Tyto alba,Hainan,109.57,18.29,2018,105.137671547884,24.7560464415932,4.43232845211564,-6.46604644159319,146.633738763949,Southeast,852.535458750173,0,FALSE
Tyto alba,Tibet,95.46,29.49,2020,105.137671547884,24.7560464415932,-9.67767154788436,4.73395355840681,300.940959552163,Northwest,1092.25459764221,293.735984858656,TRUE
Tyto longimembris,Hebei,117.5,38.15,2004,110.4202409275,26.4780562606088,7.07975907250003,11.6719437393912,25.3068431336467,Northeast,1457.2405522099,406.428111866833,TRUE
Urile pelagicus,Jiangsu,121.54,31.77,2023,,,,,,,,,
Urosphena squameiceps,Anhui,118.5,31.69,2013,120.973371588975,23.7519935426755,-2.47337158897507,7.93800645732452,345.142594514995,North,915.530713141086,760.669359183098,TRUE
Vanellus cinereus,Hainan,110.12,19,1996,,,,,,,,,
Vanellus indicus,Chongqing,106.68,29.74,2017,,,,,,,,,
Vanellus leucurus,Xinjiang,77.12,38.43,2012,,,,,,,,,
Vanellus vanellus,Hainan,110.59,19.97,2005,,,,,,,,,
Yuhina nigrimenta,Gansu,105.38,32.88,2016,101.016665300871,29.9753890002382,4.36333469912874,2.90461099976176,50.9191274954285,Northeast,524.989363938026,0.0116313871595884,TRUE
Yuhina nigrimenta,Shaanxi,107.25,32.55,2006,101.016665300871,29.9753890002382,6.23333469912875,2.57461099976176,62.6151236645054,Northeast,657.848423567614,0,FALSE
Zapornia bicolor,Hunan,112.89,24.92,2024,97.9474612618769,29.2401186100198,14.9425387381231,-4.32011861001982,104.470823380558,East,1553.99388307561,0.0957761548200915,TRUE
Zoothera dixoni,Hubei,109.71,29.99,2019,98.315868387615,30.6434523682888,11.394131612385,-0.653452368288825,90.9054526149076,East,1095.64874405983,26.1819921812096,TRUE
Zoothera dixoni,Hunan,110.1,29.78,2015,98.315868387615,30.6434523682888,11.784131612385,-0.863452368288822,91.8566338323017,East,1135.89160845655,0,FALSE
Zoothera mollissima,Hunan,110.74,29.87,2012,97.0188484231526,30.3857362134418,13.7211515768474,-0.515736213441809,89.0205548230796,East,1320.04819689863,236.413013051311,TRUE
Zoothera mollissima,Shaanxi,107.89,34.1,2004,97.0188484231526,30.3857362134418,10.8711515768475,3.71426378655819,65.1590728315109,Northeast,1101.90732718593,0,FALSE
Zoothera monticola,Tibet,91.96,27.99,2019,,,,,,,,,
Zoothera monticola,Yunnan,97.83,24.02,2007,,,,,,,,,
Zosterops erythropleurus,Qinghai,102.67,35.8,2017,98.2383990847904,34.3773486824843,4.43160091520956,1.42265131751572,67.3146895058402,Northeast,433.08305816322,0,FALSE
Zosterops japonicus,Hubei,113.33,33.57,2022,120.03271344206,30.0129596586707,-6.70271344205983,3.55704034132931,303.713342011291,Northwest,746.555269636757,300.571923762494,TRUE
