grid_id,species,sdm_prob
1,Gyps himalayensis,0.000134043220896274
2,Gyps himalayensis,0.000487447017803788
3,Gyps himalayensis,0.00201401580125093
4,Gyps himalayensis,0.00125032523646951
5,Gyps himalayensis,0.00502407597377896
6,Gyps himalayensis,0.00276975450105965
7,Gyps himalayensis,0.00358089944347739
8,Gyps himalayensis,0.0112686911597848
9,Gyps himalayensis,0.0109008131548762
10,Gyps himalayensis,0.0126106254756451
11,Gyps himalayensis,0.0103011373430491
12,Gyps himalayensis,0.00441937986761332
13,Gyps himalayensis,0.00749755511060357
14,Gyps himalayensis,0.0060236225835979
15,Gyps himalayensis,0.00499188946560025
16,Gyps himalayensis,0.0158297568559647
17,Gyps himalayensis,0.0185227002948523
18,Gyps himalayensis,0.00997989065945148
19,Gyps himalayensis,0.0244456324726343
20,Gyps himalayensis,0.0277905222028494
21,Gyps himalayensis,0.024906549602747
22,Gyps himalayensis,0.0106592131778598
23,Gyps himalayensis,0.0229992978274822
24,Gyps himalayensis,0.0126528032124043
25,Gyps himalayensis,0.00579167995601893
26,Gyps himalayensis,0.00717151444405317
27,Gyps himalayensis,0.00684776017442346
28,Gyps himalayensis,0.0223626308143139
29,Gyps himalayensis,0.0197859220206738
30,Gyps himalayensis,0.00934336986392736
31,Gyps himalayensis,0.015044592320919
32,Gyps himalayensis,0.0227774567902088
33,Gyps himalayensis,0.0139607265591621
34,Gyps himalayensis,0.0137612922117114
35,Gyps himalayensis,0.0310170296579599
36,Gyps himalayensis,0.0439674220979214
37,Gyps himalayensis,0.0302548054605722
38,Gyps himalayensis,0.0353885814547539
39,Gyps himalayensis,0.0311446152627468
40,Gyps himalayensis,0.0136666214093566
41,Gyps himalayensis,0.0282708834856749
42,Gyps himalayensis,0.0154006080701947
43,Gyps himalayensis,0.00956627260893583
44,Gyps himalayensis,0.00604503089562058
45,Gyps himalayensis,0.00506738806143403
46,Gyps himalayensis,0.0115929739549756
47,Gyps himalayensis,0.0165297593921423
48,Gyps himalayensis,0.0203353501856327
49,Gyps himalayensis,0.00900886952877045
50,Gyps himalayensis,0.0109091540798545
51,Gyps himalayensis,0.0102329915389419
52,Gyps himalayensis,0.00769696151837707
53,Gyps himalayensis,0.0143001107499003
54,Gyps himalayensis,0.00963824894279242
55,Gyps himalayensis,0.0308366622775793
56,Gyps himalayensis,0.0244845114648342
57,Gyps himalayensis,0.0659352615475655
58,Gyps himalayensis,0.0668269470334053
59,Gyps himalayensis,0.0666732117533684
60,Gyps himalayensis,0.0238279569894075
61,Gyps himalayensis,0.0656504034996033
62,Gyps himalayensis,0.0303560830652714
63,Gyps himalayensis,0.0204599555581808
64,Gyps himalayensis,0.00760717876255512
65,Gyps himalayensis,0.00804620049893856
66,Gyps himalayensis,0.0127551928162575
67,Gyps himalayensis,0.0276961550116539
68,Gyps himalayensis,0.0281557105481625
69,Gyps himalayensis,0.0119515536352992
70,Gyps himalayensis,0.00658482685685158
71,Gyps himalayensis,0.00398041121661663
72,Gyps himalayensis,0.00397196691483259
73,Gyps himalayensis,0.00236064265482128
74,Gyps himalayensis,0.00316498405300081
75,Gyps himalayensis,0.00750146806240082
76,Gyps himalayensis,0.0138309840112925
77,Gyps himalayensis,0.0105257574468851
78,Gyps himalayensis,0.0397651568055153
79,Gyps himalayensis,0.0784214660525322
80,Gyps himalayensis,0.0842141211032867
81,Gyps himalayensis,0.0140368044376373
82,Gyps himalayensis,0.0765601247549057
83,Gyps himalayensis,0.0300673339515924
84,Gyps himalayensis,0.00434218905866146
85,Gyps himalayensis,0.00935403537005186
86,Gyps himalayensis,0.0343343392014504
87,Gyps himalayensis,0.0233641713857651
88,Gyps himalayensis,0.0129775935783982
89,Gyps himalayensis,0.00667558517307043
90,Gyps himalayensis,0.00373350409790874
91,Gyps himalayensis,0.00349366082809865
92,Gyps himalayensis,0.00201590661890805
93,Gyps himalayensis,0.00398448714986444
94,Gyps himalayensis,0.000575625279452652
95,Gyps himalayensis,0.00143452419433743
96,Gyps himalayensis,0.00295209721662104
97,Gyps himalayensis,0.00329506443813443
98,Gyps himalayensis,0.00527828140184283
99,Gyps himalayensis,0.034160491079092
100,Gyps himalayensis,0.165052324533463
101,Gyps himalayensis,0.0534382872283459
102,Gyps himalayensis,0.145780086517334
103,Gyps himalayensis,0.0951016172766685
104,Gyps himalayensis,0.0343205146491528
105,Gyps himalayensis,0.0146609209477901
106,Gyps himalayensis,0.00778391538187861
107,Gyps himalayensis,0.0127124385908246
108,Gyps himalayensis,0.00419278675690293
109,Gyps himalayensis,0.00123814737889916
110,Gyps himalayensis,0.00106659205630422
111,Gyps himalayensis,0.00101125985383987
112,Gyps himalayensis,0.000612817006185651
113,Gyps himalayensis,0.00163499242626131
114,Gyps himalayensis,0.000449160957941785
115,Gyps himalayensis,0.000449038750957698
116,Gyps himalayensis,0.00183634215500206
117,Gyps himalayensis,0.00189639406744391
118,Gyps himalayensis,0.00156673812307417
119,Gyps himalayensis,0.00371955544687808
120,Gyps himalayensis,0.0245327726006508
121,Gyps himalayensis,0.0158738568425179
122,Gyps himalayensis,0.00700000440701842
123,Gyps himalayensis,0.02849674038589
124,Gyps himalayensis,0.0284329261630774
125,Gyps himalayensis,0.160383611917496
126,Gyps himalayensis,0.0419597998261452
127,Gyps himalayensis,0.0517537854611874
128,Gyps himalayensis,0.0444240570068359
129,Gyps himalayensis,0.0279611181467772
130,Gyps himalayensis,0.0199695806950331
131,Gyps himalayensis,0.000588980736210942
132,Gyps himalayensis,0.000460994633613154
133,Gyps himalayensis,0.000318687874823809
134,Gyps himalayensis,0.000379558361601084
135,Gyps himalayensis,0.000397429568693042
136,Gyps himalayensis,0.000751601648516953
137,Gyps himalayensis,0.000365513929864392
138,Gyps himalayensis,0.000576187914703041
139,Gyps himalayensis,0.000265499955276027
140,Gyps himalayensis,0.000565683236345649
141,Gyps himalayensis,0.000860287167597562
142,Gyps himalayensis,0.000348994479281828
143,Gyps himalayensis,0.00242678937502205
144,Gyps himalayensis,0.00728152878582478
145,Gyps himalayensis,0.0275952219963074
146,Gyps himalayensis,0.0316571071743965
147,Gyps himalayensis,0.0123797878623009
148,Gyps himalayensis,0.0262192748486996
149,Gyps himalayensis,0.0234530530869961
150,Gyps himalayensis,0.0487007983028889
151,Gyps himalayensis,0.0585641004145145
152,Gyps himalayensis,0.268727958202362
153,Gyps himalayensis,0.0503048375248909
154,Gyps himalayensis,0.0597766079008579
155,Gyps himalayensis,0.0203166492283344
156,Gyps himalayensis,0.12103895097971
157,Gyps himalayensis,0.0633041560649872
158,Gyps himalayensis,0.0532916598021984
159,Gyps himalayensis,0.00365637871436775
160,Gyps himalayensis,0.000500576221384108
161,Gyps himalayensis,0.00024016723909881
162,Gyps himalayensis,0.000180982067831792
163,Gyps himalayensis,0.000632825249340385
164,Gyps himalayensis,0.000547130417544395
165,Gyps himalayensis,0.000547118601389229
166,Gyps himalayensis,0.000503216637298465
167,Gyps himalayensis,0.000274527352303267
168,Gyps himalayensis,0.0001853857684182
169,Gyps himalayensis,0.000301018531899899
170,Gyps himalayensis,0.000901746563613415
171,Gyps himalayensis,0.000144951234688051
172,Gyps himalayensis,0.000329225411405787
173,Gyps himalayensis,0.000814381055533886
174,Gyps himalayensis,0.00605237204581499
175,Gyps himalayensis,0.00639652833342552
176,Gyps himalayensis,0.00493385549634695
177,Gyps himalayensis,0.669895350933075
178,Gyps himalayensis,0.123775586485863
179,Gyps himalayensis,0.0250736456364393
180,Gyps himalayensis,0.0130291357636452
181,Gyps himalayensis,0.0147471902891994
182,Gyps himalayensis,0.0144748594611883
183,Gyps himalayensis,0.0162298697978258
184,Gyps himalayensis,0.0137451197952032
185,Gyps himalayensis,0.0148494830355048
186,Gyps himalayensis,0.0522522628307343
187,Gyps himalayensis,0.0104480469599366
188,Gyps himalayensis,0.0804523974657059
189,Gyps himalayensis,0.0411362312734127
190,Gyps himalayensis,0.0353071875870228
191,Gyps himalayensis,0.041060920804739
192,Gyps himalayensis,0.0490569584071636
193,Gyps himalayensis,0.002400659956038
194,Gyps himalayensis,0.000580650463234633
195,Gyps himalayensis,8.92975076567382e-05
196,Gyps himalayensis,0.000115702350740321
197,Gyps himalayensis,0.000296640529995784
198,Gyps himalayensis,0.00125691667199135
199,Gyps himalayensis,0.00121254310943186
200,Gyps himalayensis,0.00043989100959152
201,Gyps himalayensis,0.000145962767419405
202,Gyps himalayensis,0.000109325541416183
203,Gyps himalayensis,0.000139708077767864
204,Gyps himalayensis,0.000256617699051276
205,Gyps himalayensis,0.000148568695294671
206,Gyps himalayensis,0.000251608958933502
207,Gyps himalayensis,0.000453965098131448
208,Gyps himalayensis,0.00123733433429152
209,Gyps himalayensis,0.00117330264765769
210,Gyps himalayensis,0.00128082965966314
211,Gyps himalayensis,0.104129783809185
212,Gyps himalayensis,0.189251899719238
213,Gyps himalayensis,0.186192393302917
214,Gyps himalayensis,0.0214558634907007
215,Gyps himalayensis,0.010318917222321
216,Gyps himalayensis,0.0195587351918221
217,Gyps himalayensis,0.00857846438884735
218,Gyps himalayensis,0.0209423583000898
219,Gyps himalayensis,0.00781186018139124
220,Gyps himalayensis,0.0059144776314497
221,Gyps himalayensis,0.0154014267027378
222,Gyps himalayensis,0.00237917643971741
223,Gyps himalayensis,0.00552694732323289
224,Gyps himalayensis,0.0602746605873108
225,Gyps himalayensis,0.0750538483262062
226,Gyps himalayensis,0.0733372420072556
227,Gyps himalayensis,0.0260308645665646
228,Gyps himalayensis,0.00646687904372811
229,Gyps himalayensis,0.010858372785151
230,Gyps himalayensis,0.000205675591132604
231,Gyps himalayensis,8.43049419927411e-05
232,Gyps himalayensis,5.8858215197688e-05
233,Gyps himalayensis,0.000261195818893611
234,Gyps himalayensis,0.000323228887282312
235,Gyps himalayensis,0.00184323184657842
236,Gyps himalayensis,0.000625516462605447
237,Gyps himalayensis,7.07387152942829e-05
238,Gyps himalayensis,6.65883344481699e-05
239,Gyps himalayensis,8.85588597157039e-05
240,Gyps himalayensis,9.26931825233623e-05
241,Gyps himalayensis,0.000439010123955086
242,Gyps himalayensis,0.00017101239063777
243,Gyps himalayensis,0.000728974351659417
244,Gyps himalayensis,0.00103915808722377
245,Gyps himalayensis,0.000725194986443967
246,Gyps himalayensis,0.00115155766252428
247,Gyps himalayensis,0.0640062689781189
248,Gyps himalayensis,0.0175555124878883
249,Gyps himalayensis,0.0150304501876235
250,Gyps himalayensis,0.00338125764392316
251,Gyps himalayensis,0.00139516219496727
252,Gyps himalayensis,0.00173095287755132
253,Gyps himalayensis,0.000459278264315799
254,Gyps himalayensis,0.00022242110571824
255,Gyps himalayensis,0.00211718562059104
256,Gyps himalayensis,0.00466608721762896
257,Gyps himalayensis,0.00338324904441834
258,Gyps himalayensis,0.00160888896789402
259,Gyps himalayensis,0.0118988920003176
260,Gyps himalayensis,0.0225922372192144
261,Gyps himalayensis,0.0325642004609108
262,Gyps himalayensis,0.00953988265246153
263,Gyps himalayensis,0.0794635266065598
264,Gyps himalayensis,0.0225337333977222
265,Gyps himalayensis,0.013422735966742
266,Gyps himalayensis,0.000570347358006984
267,Gyps himalayensis,0.000137072900542989
268,Gyps himalayensis,6.61520170979202e-05
269,Gyps himalayensis,0.000160242489073426
270,Gyps himalayensis,0.000757905712816864
271,Gyps himalayensis,0.000409952597692609
272,Gyps himalayensis,0.000973809917923063
273,Gyps himalayensis,0.000111844936327543
274,Gyps himalayensis,4.24121462856419e-05
275,Gyps himalayensis,6.81116798659787e-05
276,Gyps himalayensis,6.97642681188881e-05
277,Gyps himalayensis,0.000417827570345253
278,Gyps himalayensis,0.000183171257958747
279,Gyps himalayensis,0.000159452858497389
280,Gyps himalayensis,0.000240375375142321
281,Gyps himalayensis,0.00010615776409395
282,Gyps himalayensis,0.0030392250046134
283,Gyps himalayensis,0.00498247938230634
284,Gyps himalayensis,0.0135865453630686
285,Gyps himalayensis,0.0068825064226985
286,Gyps himalayensis,0.000751529179979116
287,Gyps himalayensis,0.00042824269621633
288,Gyps himalayensis,0.000190209029824473
289,Gyps himalayensis,0.000362515245797113
290,Gyps himalayensis,0.000254876184044406
291,Gyps himalayensis,0.000627176370471716
292,Gyps himalayensis,0.000953039503656328
293,Gyps himalayensis,0.00100349506828934
294,Gyps himalayensis,0.00280310655944049
295,Gyps himalayensis,0.00675947871059179
296,Gyps himalayensis,0.00287241698242724
297,Gyps himalayensis,0.0138242924585938
298,Gyps himalayensis,0.011307580396533
299,Gyps himalayensis,0.0255122743546963
300,Gyps himalayensis,0.054211713373661
301,Gyps himalayensis,0.0273406226187944
302,Gyps himalayensis,0.000892994867172092
303,Gyps himalayensis,0.000103022830444388
304,Gyps himalayensis,8.57044360600412e-05
305,Gyps himalayensis,0.000139445153763518
306,Gyps himalayensis,0.000165383273269981
307,Gyps himalayensis,0.000227287149755284
308,Gyps himalayensis,0.000150549501995556
309,Gyps himalayensis,4.29404535680078e-05
310,Gyps himalayensis,3.43014253303409e-05
311,Gyps himalayensis,4.82970353914425e-05
312,Gyps himalayensis,3.98273623432033e-05
313,Gyps himalayensis,6.42352970317006e-05
314,Gyps himalayensis,5.93054210185073e-05
315,Gyps himalayensis,5.04623822052963e-05
316,Gyps himalayensis,5.38641907041892e-05
317,Gyps himalayensis,1.9149081708747e-05
318,Gyps himalayensis,5.00815367558971e-05
319,Gyps himalayensis,0.00206752214580774
320,Gyps himalayensis,0.000162968091899529
321,Gyps himalayensis,0.000310845556668937
322,Gyps himalayensis,0.000720757467206568
323,Gyps himalayensis,0.000561926455702633
324,Gyps himalayensis,0.00033068482298404
325,Gyps himalayensis,8.56214901432395e-05
326,Gyps himalayensis,6.47609049337916e-05
327,Gyps himalayensis,0.000236979423789308
328,Gyps himalayensis,3.06207439280115e-05
329,Gyps himalayensis,9.89150212262757e-05
330,Gyps himalayensis,0.000184760356205516
331,Gyps himalayensis,0.000660069228615612
332,Gyps himalayensis,0.000554392812773585
333,Gyps himalayensis,0.000892222218681127
334,Gyps himalayensis,0.00132855586707592
335,Gyps himalayensis,0.00137266446836293
336,Gyps himalayensis,0.000197273766389117
337,Gyps himalayensis,0.00135929405223578
338,Gyps himalayensis,0.00640019821003079
339,Gyps himalayensis,0.0210369061678648
340,Gyps himalayensis,0.0108619416132569
341,Gyps himalayensis,0.00453033857047558
342,Gyps himalayensis,7.49046885175631e-05
343,Gyps himalayensis,4.16881121054757e-05
344,Gyps himalayensis,9.01031380635686e-05
345,Gyps himalayensis,0.000201440838281997
346,Gyps himalayensis,7.91515267337672e-05
347,Gyps himalayensis,6.27783447271213e-05
348,Gyps himalayensis,3.92038346035406e-05
349,Gyps himalayensis,1.8306582205696e-05
350,Gyps himalayensis,1.12222232928616e-05
351,Gyps himalayensis,8.70353596837958e-06
352,Gyps himalayensis,8.5220990513335e-06
353,Gyps himalayensis,6.1810706029064e-06
354,Gyps himalayensis,6.17304385741591e-06
355,Gyps himalayensis,8.6004865806899e-06
356,Gyps himalayensis,1.90188766282517e-05
357,Gyps himalayensis,0.000449009065050632
358,Gyps himalayensis,0.000151550455484539
359,Gyps himalayensis,0.000125248319818638
360,Gyps himalayensis,6.10685237916187e-05
361,Gyps himalayensis,6.1295460909605e-05
362,Gyps himalayensis,2.53499911195831e-05
363,Gyps himalayensis,4.31609005318023e-05
364,Gyps himalayensis,7.67216442909557e-06
365,Gyps himalayensis,2.22489070438314e-05
366,Gyps himalayensis,8.71857846505009e-05
367,Gyps himalayensis,3.79266407435352e-06
368,Gyps himalayensis,8.14020822872408e-05
369,Gyps himalayensis,0.000208945653866977
370,Gyps himalayensis,0.000376541283912957
371,Gyps himalayensis,0.000134414018248208
372,Gyps himalayensis,0.000243477305048145
373,Gyps himalayensis,0.000706933147739619
374,Gyps himalayensis,0.000145340338349342
375,Gyps himalayensis,0.000138537172460929
376,Gyps himalayensis,0.000486985198222101
377,Gyps himalayensis,0.00169287645258009
378,Gyps himalayensis,0.0085104200989008
379,Gyps himalayensis,0.00233059236779809
380,Gyps himalayensis,0.000167890408192761
381,Gyps himalayensis,4.15793292631861e-05
382,Gyps himalayensis,2.2047675884096e-05
383,Gyps himalayensis,5.83304654355743e-06
384,Gyps himalayensis,3.98626070818864e-06
385,Gyps himalayensis,2.7839969334309e-05
386,Gyps himalayensis,1.83613810804673e-05
387,Gyps himalayensis,1.74179021996679e-05
388,Gyps himalayensis,4.19300249632215e-06
389,Gyps himalayensis,3.82741473003989e-06
390,Gyps himalayensis,3.18908746521629e-06
391,Gyps himalayensis,2.39840505855682e-06
392,Gyps himalayensis,1.66750794505788e-06
393,Gyps himalayensis,2.10124971999903e-06
394,Gyps himalayensis,2.92460481432499e-06
395,Gyps himalayensis,1.03339880297426e-05
396,Gyps himalayensis,2.14828341995599e-05
397,Gyps himalayensis,2.51208621193655e-05
398,Gyps himalayensis,1.48848339449614e-05
399,Gyps himalayensis,1.96321125258692e-05
400,Gyps himalayensis,1.85394728760002e-05
401,Gyps himalayensis,2.13266812352231e-05
402,Gyps himalayensis,1.92848183360184e-05
403,Gyps himalayensis,1.46312377182767e-05
404,Gyps himalayensis,3.45942644344177e-05
405,Gyps himalayensis,2.57813298958354e-05
406,Gyps himalayensis,0.000106805389805231
407,Gyps himalayensis,0.000167777077876963
408,Gyps himalayensis,0.00045029551256448
409,Gyps himalayensis,0.00021472699881997
410,Gyps himalayensis,0.000152383756358176
411,Gyps himalayensis,8.99535589269362e-05
412,Gyps himalayensis,2.21366335608764e-05
413,Gyps himalayensis,3.40193837473635e-05
414,Gyps himalayensis,0.000227608572458848
415,Gyps himalayensis,0.000605947861913592
416,Gyps himalayensis,0.00061349110910669
417,Gyps himalayensis,0.00314681138843298
418,Gyps himalayensis,1.34113915919443e-05
419,Gyps himalayensis,6.58615454085521e-06
420,Gyps himalayensis,1.36833332362585e-05
421,Gyps himalayensis,3.58967349711747e-06
422,Gyps himalayensis,6.17750265519135e-06
423,Gyps himalayensis,2.48992728302255e-06
424,Gyps himalayensis,2.30704972636886e-06
425,Gyps himalayensis,2.17498495658219e-06
426,Gyps himalayensis,1.17245735964389e-06
427,Gyps himalayensis,1.80529764293169e-06
428,Gyps himalayensis,1.86872125595983e-06
429,Gyps himalayensis,1.84772170541692e-06
430,Gyps himalayensis,1.82443773155683e-06
431,Gyps himalayensis,2.67498307948699e-06
432,Gyps himalayensis,2.28131375479279e-06
433,Gyps himalayensis,6.70010138037469e-07
434,Gyps himalayensis,1.61528405442368e-05
435,Gyps himalayensis,1.5151163097471e-05
436,Gyps himalayensis,1.42199605761562e-05
437,Gyps himalayensis,1.57044014486019e-05
438,Gyps himalayensis,1.3029774891038e-05
439,Gyps himalayensis,2.60104152403073e-05
440,Gyps himalayensis,1.96946803043829e-05
441,Gyps himalayensis,2.99538078252226e-05
442,Gyps himalayensis,2.87632738036336e-05
443,Gyps himalayensis,3.68597538908944e-05
444,Gyps himalayensis,8.52355296956375e-05
445,Gyps himalayensis,0.0001629070029594
446,Gyps himalayensis,6.37799748801626e-05
447,Gyps himalayensis,6.56102856737562e-05
448,Gyps himalayensis,2.73279783868929e-05
449,Gyps himalayensis,7.92861465015449e-06
450,Gyps himalayensis,2.22933322220342e-05
451,Gyps himalayensis,0.000189119280548766
452,Gyps himalayensis,2.29401503020199e-05
453,Gyps himalayensis,2.88780847768066e-05
454,Gyps himalayensis,3.67400298273424e-06
455,Gyps himalayensis,1.60821878125716e-06
456,Gyps himalayensis,2.04372099688044e-06
457,Gyps himalayensis,3.37874416800332e-06
458,Gyps himalayensis,2.15262070923927e-06
459,Gyps himalayensis,2.2688768694934e-06
460,Gyps himalayensis,2.79436244454701e-06
461,Gyps himalayensis,3.45837588611175e-06
462,Gyps himalayensis,3.91661660614773e-06
463,Gyps himalayensis,7.08851985109504e-06
464,Gyps himalayensis,1.10028952349239e-06
465,Gyps himalayensis,1.09418158444896e-06
466,Gyps himalayensis,2.1171626940486e-06
467,Gyps himalayensis,3.32291301674559e-06
468,Gyps himalayensis,4.83573830933892e-06
469,Gyps himalayensis,9.84983125817962e-06
470,Gyps himalayensis,8.08821914688451e-06
471,Gyps himalayensis,1.13327487269999e-05
472,Gyps himalayensis,1.41287064252538e-05
473,Gyps himalayensis,1.14242338895565e-05
474,Gyps himalayensis,1.22635165098473e-05
475,Gyps himalayensis,1.58861621457618e-05
476,Gyps himalayensis,2.8690019462374e-05
477,Gyps himalayensis,1.78124610101804e-05
478,Gyps himalayensis,3.18761813105084e-05
479,Gyps himalayensis,2.93222110485658e-05
480,Gyps himalayensis,4.64325567008928e-05
481,Gyps himalayensis,2.19349276449066e-05
482,Gyps himalayensis,1.84228849775536e-06
483,Gyps himalayensis,1.30283740418236e-06
484,Gyps himalayensis,1.21586617751746e-06
485,Gyps himalayensis,1.77721892669069e-06
486,Gyps himalayensis,2.43684007728007e-06
487,Gyps himalayensis,0.000100267156085465
488,Gyps himalayensis,3.29686590703204e-05
489,Gyps himalayensis,0.000110682114609517
490,Gyps himalayensis,2.46510535362177e-05
491,Gyps himalayensis,7.39459778742457e-07
492,Gyps himalayensis,9.78358457359718e-07
493,Gyps himalayensis,1.37308734338149e-06
494,Gyps himalayensis,2.01911734620808e-06
495,Gyps himalayensis,2.31002809414349e-06
496,Gyps himalayensis,1.4486892041532e-06
497,Gyps himalayensis,2.52772110798105e-06
498,Gyps himalayensis,7.00037844580947e-06
499,Gyps himalayensis,7.34626291887253e-06
500,Gyps himalayensis,1.01271723451646e-06
501,Gyps himalayensis,6.44532917704055e-07
502,Gyps himalayensis,9.75745024334174e-07
503,Gyps himalayensis,3.05960975310882e-06
504,Gyps himalayensis,4.65231642010622e-06
505,Gyps himalayensis,1.1662374390653e-06
506,Gyps himalayensis,3.32922354573384e-06
507,Gyps himalayensis,7.34709874450346e-06
508,Gyps himalayensis,1.4631160411227e-05
509,Gyps himalayensis,2.0626406694646e-05
510,Gyps himalayensis,1.79580802068813e-05
511,Gyps himalayensis,1.84582804649835e-05
512,Gyps himalayensis,1.47123864735477e-05
513,Gyps himalayensis,1.47588343679672e-05
514,Gyps himalayensis,1.77570036612451e-05
515,Gyps himalayensis,3.06091351376381e-05
516,Gyps himalayensis,2.3852169761085e-05
517,Gyps himalayensis,8.59697047417285e-06
518,Gyps himalayensis,4.40372859884519e-05
519,Gyps himalayensis,2.04127468350634e-06
520,Gyps himalayensis,1.50148480315693e-06
521,Gyps himalayensis,2.7469197902974e-06
522,Gyps himalayensis,4.54593418908189e-06
523,Gyps himalayensis,1.20440954560763e-05
524,Gyps himalayensis,4.30138024967164e-05
525,Gyps himalayensis,6.8571898736991e-05
526,Gyps himalayensis,0.000110337881778833
527,Gyps himalayensis,3.48977519024629e-05
528,Gyps himalayensis,5.66090193387936e-07
529,Gyps himalayensis,5.48501589037187e-07
530,Gyps himalayensis,3.96022301174526e-07
531,Gyps himalayensis,3.49248949760295e-07
532,Gyps himalayensis,8.46987120439735e-07
533,Gyps himalayensis,9.46682064295601e-07
534,Gyps himalayensis,7.93385027009208e-07
535,Gyps himalayensis,1.53118742218794e-06
536,Gyps himalayensis,2.5017516236403e-06
537,Gyps himalayensis,4.84040219816961e-06
538,Gyps himalayensis,9.52709228840831e-07
539,Gyps himalayensis,4.07469286756168e-07
540,Gyps himalayensis,3.65084645181923e-07
541,Gyps himalayensis,8.87835085450206e-07
542,Gyps himalayensis,6.63328307837219e-07
543,Gyps himalayensis,1.38278016947879e-06
544,Gyps himalayensis,9.52215714278282e-07
545,Gyps himalayensis,8.76680405781372e-06
546,Gyps himalayensis,5.58183910470689e-06
547,Gyps himalayensis,2.36490518545907e-06
548,Gyps himalayensis,6.80840230415925e-07
549,Gyps himalayensis,4.01069854660818e-07
550,Gyps himalayensis,5.36559298325301e-07
551,Gyps himalayensis,1.22252708933956e-06
552,Gyps himalayensis,4.2315264181525e-06
553,Gyps himalayensis,1.15890470624436e-05
554,Gyps himalayensis,8.2530887084431e-06
555,Gyps himalayensis,1.83135034603765e-05
556,Gyps himalayensis,8.28738302516285e-06
557,Gyps himalayensis,2.4996609226946e-06
558,Gyps himalayensis,1.33846754124534e-06
559,Gyps himalayensis,1.59044623160298e-06
560,Gyps himalayensis,4.53268103228766e-06
561,Gyps himalayensis,9.35029038373614e-06
562,Gyps himalayensis,1.61440239025978e-05
563,Gyps himalayensis,5.97712569287978e-05
564,Gyps himalayensis,9.99317344394512e-05
565,Gyps himalayensis,2.1214320895524e-06
566,Gyps himalayensis,3.35844970322796e-06
567,Gyps himalayensis,2.99456161201306e-07
568,Gyps himalayensis,2.36730656411055e-07
569,Gyps himalayensis,2.44204471755438e-07
570,Gyps himalayensis,2.23872575588757e-07
571,Gyps himalayensis,4.03707105078865e-07
572,Gyps himalayensis,5.27405006778281e-07
573,Gyps himalayensis,7.19402805771097e-07
574,Gyps himalayensis,8.4139929867888e-07
575,Gyps himalayensis,5.81438052904559e-06
576,Gyps himalayensis,1.62847118190257e-06
577,Gyps himalayensis,6.87775525420875e-07
578,Gyps himalayensis,2.97893279821437e-07
579,Gyps himalayensis,5.15924398314382e-07
580,Gyps himalayensis,2.12757100825911e-07
581,Gyps himalayensis,3.88511762139387e-06
582,Gyps himalayensis,4.024482677778e-06
583,Gyps himalayensis,8.54816221362853e-07
584,Gyps himalayensis,3.72338632814717e-07
585,Gyps himalayensis,1.23823710396209e-07
586,Gyps himalayensis,1.70723453152277e-07
587,Gyps himalayensis,1.15676463963155e-07
588,Gyps himalayensis,1.16886440082453e-07
589,Gyps himalayensis,1.39493479878183e-07
590,Gyps himalayensis,1.03921202310175e-07
591,Gyps himalayensis,1.9610865820141e-07
592,Gyps himalayensis,2.59113858191995e-06
593,Gyps himalayensis,8.73023782332894e-06
594,Gyps himalayensis,6.96325696480926e-06
595,Gyps himalayensis,1.5996255342543e-06
596,Gyps himalayensis,4.46610647486523e-06
597,Gyps himalayensis,4.05894752475433e-06
598,Gyps himalayensis,8.33156173030147e-06
599,Gyps himalayensis,3.90243576475768e-06
600,Gyps himalayensis,1.27193952721427e-05
601,Gyps himalayensis,6.24059964593471e-07
602,Gyps himalayensis,3.04046949395342e-07
603,Gyps himalayensis,1.34352532654702e-07
604,Gyps himalayensis,7.74246728951766e-08
605,Gyps himalayensis,8.52637356274499e-08
606,Gyps himalayensis,1.22616683029264e-07
607,Gyps himalayensis,1.37262745170119e-07
608,Gyps himalayensis,2.55943547244897e-07
609,Gyps himalayensis,4.66675771804148e-07
610,Gyps himalayensis,4.64433298930089e-07
611,Gyps himalayensis,4.22778526854017e-07
612,Gyps himalayensis,1.80541155714309e-06
613,Gyps himalayensis,2.20862580135872e-06
614,Gyps himalayensis,1.64337870955933e-06
615,Gyps himalayensis,9.20356228562014e-07
616,Gyps himalayensis,5.33054731022276e-07
617,Gyps himalayensis,4.40238509327173e-05
618,Gyps himalayensis,5.88833245274145e-07
619,Gyps himalayensis,3.79039335030029e-07
620,Gyps himalayensis,3.51511033613861e-07
621,Gyps himalayensis,1.38458446485856e-07
622,Gyps himalayensis,1.27360124224651e-07
623,Gyps himalayensis,7.36610274998384e-08
624,Gyps himalayensis,6.78466207659767e-08
625,Gyps himalayensis,5.93430122819427e-08
626,Gyps himalayensis,8.13877889527248e-08
627,Gyps himalayensis,8.3402262873733e-08
628,Gyps himalayensis,8.16970313621823e-08
629,Gyps himalayensis,7.84685667554186e-08
630,Gyps himalayensis,5.82189265685429e-08
631,Gyps himalayensis,1.14233330350544e-07
632,Gyps himalayensis,1.45611238622223e-07
633,Gyps himalayensis,1.92869606507884e-07
634,Gyps himalayensis,2.59737362284795e-07
635,Gyps himalayensis,2.50924955480514e-07
636,Gyps himalayensis,2.61230439946303e-07
637,Gyps himalayensis,1.54453161371748e-07
638,Gyps himalayensis,1.62152531402171e-07
639,Gyps himalayensis,1.19198816150856e-07
640,Gyps himalayensis,4.91275322644924e-08
641,Gyps himalayensis,4.66980232260994e-08
642,Gyps himalayensis,6.52232117204221e-08
643,Gyps himalayensis,6.73533122608205e-08
644,Gyps himalayensis,5.95931801683491e-08
645,Gyps himalayensis,7.85783811352303e-08
646,Gyps himalayensis,1.43324896839658e-07
647,Gyps himalayensis,1.10132646113925e-07
648,Gyps himalayensis,1.90779900322013e-07
649,Gyps himalayensis,1.06279139799881e-06
650,Gyps himalayensis,6.15765600286977e-07
651,Gyps himalayensis,6.04124977598985e-07
652,Gyps himalayensis,1.34354945657833e-06
653,Gyps himalayensis,8.90458863977983e-07
654,Gyps himalayensis,1.20351728583046e-06
655,Gyps himalayensis,2.81467833929128e-07
656,Gyps himalayensis,7.58216901886044e-06
657,Gyps himalayensis,3.78931247269065e-07
658,Gyps himalayensis,2.05753053705848e-07
659,Gyps himalayensis,1.00257899759981e-07
660,Gyps himalayensis,7.19352470923695e-08
661,Gyps himalayensis,6.74792701715887e-08
662,Gyps himalayensis,6.73217925850622e-08
663,Gyps himalayensis,5.63231346006887e-08
664,Gyps himalayensis,5.31465396136355e-08
665,Gyps himalayensis,6.56129870435507e-08
666,Gyps himalayensis,4.74639705316804e-08
667,Gyps himalayensis,4.14005576487853e-08
668,Gyps himalayensis,4.40837801818361e-08
669,Gyps himalayensis,7.89147023283476e-08
670,Gyps himalayensis,1.17395039467283e-07
671,Gyps himalayensis,2.18519446093524e-07
672,Gyps himalayensis,4.37087265936498e-07
673,Gyps himalayensis,3.7545115105786e-07
674,Gyps himalayensis,3.9499917647845e-07
675,Gyps himalayensis,1.02091895826106e-07
676,Gyps himalayensis,8.1702786758342e-08
677,Gyps himalayensis,3.96232309185507e-08
678,Gyps himalayensis,1.86293576120988e-08
679,Gyps himalayensis,2.03652543717681e-08
680,Gyps himalayensis,1.70517733266706e-08
681,Gyps himalayensis,2.34305073121277e-08
682,Gyps himalayensis,3.96382873191214e-08
683,Gyps himalayensis,5.23109839889457e-08
684,Gyps himalayensis,7.87313396699574e-08
685,Gyps himalayensis,2.50636503551505e-07
686,Gyps himalayensis,2.78513368812128e-07
687,Gyps himalayensis,8.27148198823124e-07
688,Gyps himalayensis,3.88558532904426e-07
689,Gyps himalayensis,1.93929054148612e-07
690,Gyps himalayensis,8.07981962225313e-07
691,Gyps himalayensis,9.0623478854468e-07
692,Gyps himalayensis,8.69141274506546e-07
693,Gyps himalayensis,1.11102610844682e-06
694,Gyps himalayensis,1.71078752941867e-07
695,Gyps himalayensis,9.20158015560446e-07
696,Gyps himalayensis,4.21792174165603e-05
697,Gyps himalayensis,2.88608305254456e-07
698,Gyps himalayensis,5.04078968788235e-07
699,Gyps himalayensis,3.75586381551329e-07
700,Gyps himalayensis,1.81956309575071e-07
701,Gyps himalayensis,5.84662522840063e-08
702,Gyps himalayensis,9.60555439633026e-08
703,Gyps himalayensis,5.61538016086161e-08
704,Gyps himalayensis,4.66128078357997e-08
705,Gyps himalayensis,4.16710008721566e-08
706,Gyps himalayensis,3.48284920903552e-08
707,Gyps himalayensis,3.72866360009994e-08
708,Gyps himalayensis,1.33281673697638e-07
709,Gyps himalayensis,1.33051315742705e-07
710,Gyps himalayensis,7.20269497378467e-08
711,Gyps himalayensis,7.35030027954053e-08
712,Gyps himalayensis,1.12558836917742e-07
713,Gyps himalayensis,1.20875469633575e-07
714,Gyps himalayensis,2.66084015265733e-07
715,Gyps himalayensis,3.15606030198978e-07
716,Gyps himalayensis,8.11369957887109e-08
717,Gyps himalayensis,3.15136396977778e-08
718,Gyps himalayensis,2.01686294332148e-08
719,Gyps himalayensis,1.4497854472495e-08
720,Gyps himalayensis,2.67693653910328e-08
721,Gyps himalayensis,4.25379376167712e-08
722,Gyps himalayensis,7.24203914614918e-08
723,Gyps himalayensis,8.76749908229613e-08
724,Gyps himalayensis,9.18804943239593e-08
725,Gyps himalayensis,1.52687363197401e-07
726,Gyps himalayensis,1.3338987514544e-07
727,Gyps himalayensis,4.71995235784561e-07
728,Gyps himalayensis,6.99096290190937e-07
729,Gyps himalayensis,8.60329464558163e-07
730,Gyps himalayensis,7.32662726932176e-07
731,Gyps himalayensis,3.05978346659686e-07
732,Gyps himalayensis,1.93426856753831e-07
733,Gyps himalayensis,8.07173023531504e-07
734,Gyps himalayensis,2.52241557063826e-06
735,Gyps himalayensis,1.59192459250335e-05
736,Gyps himalayensis,2.62717912846711e-06
737,Gyps himalayensis,8.15911221252463e-07
738,Gyps himalayensis,3.38667916821578e-07
739,Gyps himalayensis,2.51637004566874e-07
740,Gyps himalayensis,8.99117083008605e-08
741,Gyps himalayensis,8.4416313939073e-08
742,Gyps himalayensis,5.44310836403383e-08
743,Gyps himalayensis,6.46998969955348e-08
744,Gyps himalayensis,6.77215581390556e-08
745,Gyps himalayensis,3.67056358641094e-08
746,Gyps himalayensis,1.01328376800325e-08
747,Gyps himalayensis,8.53188169003261e-08
748,Gyps himalayensis,3.49623228146356e-08
749,Gyps himalayensis,1.90087590112853e-08
750,Gyps himalayensis,1.56538781936888e-08
751,Gyps himalayensis,3.57689629026936e-08
752,Gyps himalayensis,3.93249983687838e-08
753,Gyps himalayensis,1.2762114920406e-07
754,Gyps himalayensis,3.68198804778785e-08
755,Gyps himalayensis,3.51431630463139e-08
756,Gyps himalayensis,3.08853493891093e-08
757,Gyps himalayensis,5.55362014154071e-08
758,Gyps himalayensis,1.75110869804485e-07
759,Gyps himalayensis,6.73095996717166e-07
760,Gyps himalayensis,2.90747578901573e-07
761,Gyps himalayensis,3.40612587024225e-07
762,Gyps himalayensis,2.53990748433353e-07
763,Gyps himalayensis,2.17628638665701e-07
764,Gyps himalayensis,2.79855413509722e-07
765,Gyps himalayensis,9.33828005145187e-07
766,Gyps himalayensis,1.9579172203521e-06
767,Gyps himalayensis,2.43196700466797e-06
768,Gyps himalayensis,9.50331650528824e-06
769,Gyps himalayensis,8.31719376037654e-07
770,Gyps himalayensis,5.87317003919452e-07
771,Gyps himalayensis,2.23491110773466e-06
772,Gyps himalayensis,4.71084695163881e-06
773,Gyps himalayensis,6.09036851528799e-06
774,Gyps himalayensis,8.90984921397831e-08
775,Gyps himalayensis,6.29167971055722e-08
776,Gyps himalayensis,1.84997958285749e-07
777,Gyps himalayensis,2.53961651708323e-08
778,Gyps himalayensis,1.6336707631126e-07
779,Gyps himalayensis,6.83546375057631e-07
780,Gyps himalayensis,9.5328935856287e-09
781,Gyps himalayensis,1.36210474011023e-08
782,Gyps himalayensis,1.59796904597442e-08
783,Gyps himalayensis,2.57280632354195e-08
784,Gyps himalayensis,7.05964424696504e-08
785,Gyps himalayensis,2.79035475614364e-07
786,Gyps himalayensis,1.669123719239e-07
787,Gyps himalayensis,1.25075715118328e-07
788,Gyps himalayensis,1.28146439237753e-07
789,Gyps himalayensis,1.48794541132702e-07
790,Gyps himalayensis,2.1702369679133e-07
791,Gyps himalayensis,4.08734337042915e-07
792,Gyps himalayensis,4.70456569701128e-07
793,Gyps himalayensis,9.627732424633e-07
794,Gyps himalayensis,3.44840759680665e-06
795,Gyps himalayensis,1.05461253951944e-06
796,Gyps himalayensis,3.23878509789211e-07
797,Gyps himalayensis,1.98586477040408e-07
798,Gyps himalayensis,1.791188151401e-05
799,Gyps himalayensis,1.68706367276172e-06
800,Gyps himalayensis,1.32672425934288e-07
801,Gyps himalayensis,1.63469849212561e-07
802,Gyps himalayensis,9.09519286551586e-08
803,Gyps himalayensis,2.2020852696869e-08
804,Gyps himalayensis,2.03966639134023e-08
805,Gyps himalayensis,6.27386986806755e-09
806,Gyps himalayensis,1.37662397037275e-08
807,Gyps himalayensis,2.49051073097917e-08
808,Gyps himalayensis,3.03699856374351e-08
809,Gyps himalayensis,3.78689684055189e-08
810,Gyps himalayensis,4.87295999107573e-08
811,Gyps himalayensis,1.00755599419244e-07
812,Gyps himalayensis,3.02800714280238e-07
813,Gyps himalayensis,1.29846768004427e-07
814,Gyps himalayensis,9.64574979889221e-08
815,Gyps himalayensis,8.63094555825228e-08
816,Gyps himalayensis,8.32338216127937e-08
817,Gyps himalayensis,1.44270970281468e-07
818,Gyps himalayensis,2.18717772781929e-07
819,Gyps himalayensis,6.101759026933e-07
820,Gyps himalayensis,6.52679602808348e-07
821,Gyps himalayensis,3.32347258336085e-06
822,Gyps himalayensis,3.88164198739105e-06
823,Gyps himalayensis,9.712249493532e-07
824,Gyps himalayensis,2.17573212779598e-08
825,Gyps himalayensis,1.89692386243223e-08
826,Gyps himalayensis,4.17953955889061e-08
827,Gyps himalayensis,1.34649695837652e-07
828,Gyps himalayensis,7.3045805493166e-07
829,Gyps himalayensis,3.01496072552254e-08
830,Gyps himalayensis,4.20887786845015e-08
831,Gyps himalayensis,2.24338265297774e-07
832,Gyps himalayensis,2.07732014700923e-07
833,Gyps himalayensis,1.19545134680266e-07
834,Gyps himalayensis,6.05332743930376e-08
835,Gyps himalayensis,4.85871893829426e-08
836,Gyps himalayensis,8.04004329779673e-08
837,Gyps himalayensis,1.53366713107062e-07
838,Gyps himalayensis,3.9281815134018e-07
839,Gyps himalayensis,3.39369563562286e-07
840,Gyps himalayensis,4.62921150301554e-07
841,Gyps himalayensis,0.00013813424448017
842,Gyps himalayensis,1.17603143223732e-07
843,Gyps himalayensis,2.61726142980478e-08
844,Gyps himalayensis,2.03573202739449e-09
845,Gyps himalayensis,8.81994832724331e-09
846,Gyps himalayensis,3.32311991257939e-08
847,Gyps himalayensis,1.92478353255865e-07
848,Gyps himalayensis,2.37793130963837e-07
849,Gyps himalayensis,7.80986297854724e-08
850,Gyps himalayensis,2.7603887176042e-08
851,Gyps himalayensis,4.25645509949391e-08
852,Gyps himalayensis,1.21600635338837e-07
853,Gyps himalayensis,4.47401703240757e-07
854,Gyps himalayensis,1.54974117094753e-07
855,Gyps himalayensis,3.77875899459923e-08
856,Gyps himalayensis,2.45204603288585e-08
857,Gyps himalayensis,3.97511641381243e-08
858,Gyps himalayensis,5.45570202348245e-08
859,Gyps himalayensis,1.65020367148827e-07
860,Gyps himalayensis,9.02057237794907e-08
861,Gyps himalayensis,2.59915907463437e-07
862,Gyps himalayensis,2.25987128033012e-06
863,Gyps himalayensis,7.58312168613884e-08
864,Gyps himalayensis,2.72896372166542e-08
865,Gyps himalayensis,7.79725795041486e-08
866,Gyps himalayensis,1.41524793662029e-07
867,Gyps himalayensis,1.85029009003301e-07
868,Gyps himalayensis,8.98069174581906e-08
869,Gyps himalayensis,4.71698484716399e-07
870,Gyps himalayensis,1.22973787597402e-07
871,Gyps himalayensis,2.75343161604269e-08
872,Gyps himalayensis,3.04253298111234e-08
873,Gyps himalayensis,3.11378798301121e-08
874,Gyps himalayensis,4.68746641502094e-08
875,Gyps himalayensis,5.64331585906075e-08
876,Gyps himalayensis,1.28958490108744e-07
877,Gyps himalayensis,8.33355713325545e-08
878,Gyps himalayensis,1.64065369290256e-07
879,Gyps himalayensis,2.15112422097263e-07
880,Gyps himalayensis,3.70606585420319e-07
881,Gyps himalayensis,1.47198209177191e-08
882,Gyps himalayensis,8.99542129673137e-09
883,Gyps himalayensis,1.89272579831368e-08
884,Gyps himalayensis,1.40786639235557e-07
885,Gyps himalayensis,2.39953294567385e-07
886,Gyps himalayensis,9.81481349526803e-08
887,Gyps himalayensis,2.33876829014434e-08
888,Gyps himalayensis,2.08725836614576e-08
889,Gyps himalayensis,2.42441835496265e-08
890,Gyps himalayensis,3.08806029636344e-08
891,Gyps himalayensis,1.34463959966524e-07
892,Gyps himalayensis,6.18365589843961e-08
893,Gyps himalayensis,5.46375460430681e-08
894,Gyps himalayensis,2.66872444143473e-08
895,Gyps himalayensis,1.39082305850025e-06
896,Gyps himalayensis,8.7587881125728e-07
897,Gyps himalayensis,1.87839397369771e-08
898,Gyps himalayensis,8.35315017155835e-09
899,Gyps himalayensis,1.15962182078988e-08
900,Gyps himalayensis,4.37798171049053e-08
901,Gyps himalayensis,2.32744682193697e-07
902,Gyps himalayensis,1.75841918803599e-07
903,Gyps himalayensis,3.68801629235804e-08
904,Gyps himalayensis,2.49659635187527e-08
905,Gyps himalayensis,2.14630730965837e-08
906,Gyps himalayensis,7.66482983749484e-08
907,Gyps himalayensis,8.98717544828287e-08
908,Gyps himalayensis,3.80974185532068e-08
909,Gyps himalayensis,2.49236844496181e-08
910,Gyps himalayensis,3.46613013846309e-08
911,Gyps himalayensis,1.36359856739432e-08
912,Gyps himalayensis,3.18985442504527e-08
913,Gyps himalayensis,2.05555807042401e-07
914,Gyps himalayensis,3.25990839655788e-07
915,Gyps himalayensis,8.86135680389089e-08
916,Gyps himalayensis,3.49381004127736e-08
917,Gyps himalayensis,4.77900918838259e-08
918,Gyps himalayensis,1.02665488554976e-07
919,Gyps himalayensis,9.51648146951811e-08
920,Gyps himalayensis,2.27831105092946e-08
921,Gyps himalayensis,6.53286917895457e-08
922,Gyps himalayensis,3.86862723189552e-07
923,Gyps himalayensis,2.56536708320709e-07
924,Gyps himalayensis,8.79944650478137e-08
925,Gyps himalayensis,6.68956303684354e-08
926,Gyps himalayensis,6.43933617539005e-08
927,Gyps himalayensis,1.78732015854166e-08
928,Gyps himalayensis,1.69863085375255e-07
929,Gyps himalayensis,3.14199155582173e-07
930,Gyps himalayensis,2.40770305026672e-07
931,Gyps himalayensis,1.09649093360531e-07
932,Gyps himalayensis,6.50710845206959e-08
933,Gyps himalayensis,6.79288731930683e-08
934,Gyps himalayensis,1.45842136589636e-07
935,Gyps himalayensis,1.23928785455973e-07
936,Gyps himalayensis,7.2025365227546e-08
937,Gyps himalayensis,2.03239505225383e-08
938,Gyps himalayensis,6.37106225553907e-08
939,Gyps himalayensis,6.96437041369791e-08
940,Gyps himalayensis,5.35058966022461e-08
941,Gyps himalayensis,4.37511609163721e-08
1,Egretta eulophotes,0.000324727239785716
2,Egretta eulophotes,0.00972177926450968
3,Egretta eulophotes,0.000214712476008572
4,Egretta eulophotes,0.00192875252105296
5,Egretta eulophotes,0.000473640888230875
6,Egretta eulophotes,0.0121610620990396
7,Egretta eulophotes,0.0121610620990396
8,Egretta eulophotes,0.433817088603973
9,Egretta eulophotes,0.000473640888230875
10,Egretta eulophotes,0.000473640888230875
11,Egretta eulophotes,0.000502623850479722
12,Egretta eulophotes,0.0149154542014003
13,Egretta eulophotes,0.028237022459507
14,Egretta eulophotes,0.0316153690218926
15,Egretta eulophotes,0.0422979183495045
16,Egretta eulophotes,0.000428107479820028
17,Egretta eulophotes,0.000473640888230875
18,Egretta eulophotes,0.000473640888230875
19,Egretta eulophotes,0.000287782022496685
20,Egretta eulophotes,0.000602919899392873
21,Egretta eulophotes,0.000478706613648683
22,Egretta eulophotes,0.000478706613648683
23,Egretta eulophotes,0.0578213781118393
24,Egretta eulophotes,0.0503241941332817
25,Egretta eulophotes,0.0574346631765366
26,Egretta eulophotes,0.0538994260132313
27,Egretta eulophotes,0.0560548901557922
28,Egretta eulophotes,0.0693414732813835
29,Egretta eulophotes,0.000610497663728893
30,Egretta eulophotes,0.000728999439161271
31,Egretta eulophotes,0.000529440003447235
32,Egretta eulophotes,0.000473640888230875
33,Egretta eulophotes,0.000287782022496685
34,Egretta eulophotes,0.000294920668238774
35,Egretta eulophotes,0.000473640888230875
36,Egretta eulophotes,0.00862879678606987
37,Egretta eulophotes,0.000287782022496685
38,Egretta eulophotes,0.000995709211565554
39,Egretta eulophotes,0.000478706613648683
40,Egretta eulophotes,0.000473640888230875
41,Egretta eulophotes,0.0541372150182724
42,Egretta eulophotes,0.0547170154750347
43,Egretta eulophotes,0.0700904354453087
44,Egretta eulophotes,0.0480703264474869
45,Egretta eulophotes,0.0870053246617317
46,Egretta eulophotes,0.0993192717432976
47,Egretta eulophotes,0.00646953145042062
48,Egretta eulophotes,0.000401713012252003
49,Egretta eulophotes,0.000708273611962795
50,Egretta eulophotes,0.000712672655936331
51,Egretta eulophotes,0.000473640888230875
52,Egretta eulophotes,0.00667474651709199
53,Egretta eulophotes,0.000426316284574568
54,Egretta eulophotes,0.000443095836089924
55,Egretta eulophotes,0.000287782022496685
56,Egretta eulophotes,0.000300480605801567
57,Egretta eulophotes,0.000484374031657353
58,Egretta eulophotes,0.000290860509267077
59,Egretta eulophotes,0.000287782022496685
60,Egretta eulophotes,0.000300286861602217
61,Egretta eulophotes,0.0972066074609756
62,Egretta eulophotes,0.0849050208926201
63,Egretta eulophotes,0.0453739762306213
64,Egretta eulophotes,0.0738070830702782
65,Egretta eulophotes,0.0551703460514545
66,Egretta eulophotes,0.183428883552551
67,Egretta eulophotes,0.0992173403501511
68,Egretta eulophotes,0.00049916299758479
69,Egretta eulophotes,0.000833717756904662
70,Egretta eulophotes,0.000633638701401651
71,Egretta eulophotes,0.00857469066977501
72,Egretta eulophotes,0.000490751990582794
73,Egretta eulophotes,0.000378027296392247
74,Egretta eulophotes,0.000337736477376893
75,Egretta eulophotes,0.000500132679007947
76,Egretta eulophotes,0.000448217993834987
77,Egretta eulophotes,0.000287782022496685
78,Egretta eulophotes,0.000290601194137707
79,Egretta eulophotes,0.000290601194137707
80,Egretta eulophotes,0.000290601194137707
81,Egretta eulophotes,0.000294920668238774
82,Egretta eulophotes,0.0552029050886631
83,Egretta eulophotes,0.0335940681397915
84,Egretta eulophotes,0.0557686313986778
85,Egretta eulophotes,0.0560712739825249
86,Egretta eulophotes,0.199776962399483
87,Egretta eulophotes,0.00141321239061654
88,Egretta eulophotes,0.00145347276702523
89,Egretta eulophotes,0.00128703541122377
90,Egretta eulophotes,0.0014374585589394
91,Egretta eulophotes,0.000879137951415032
92,Egretta eulophotes,0.000447523547336459
93,Egretta eulophotes,0.0010654591023922
94,Egretta eulophotes,0.000399912561988458
95,Egretta eulophotes,0.000297865306492895
96,Egretta eulophotes,0.000387823471101001
97,Egretta eulophotes,0.000382086233003065
98,Egretta eulophotes,0.000348595262039453
99,Egretta eulophotes,0.000479248352348805
100,Egretta eulophotes,0.000431671884143725
101,Egretta eulophotes,0.000429801177233458
102,Egretta eulophotes,0.0539531484246254
103,Egretta eulophotes,0.58629447221756
104,Egretta eulophotes,0.0721683129668236
105,Egretta eulophotes,0.09136051684618
106,Egretta eulophotes,0.000414937152527273
107,Egretta eulophotes,0.00193742546252906
108,Egretta eulophotes,0.00128703541122377
109,Egretta eulophotes,0.00157279067207128
110,Egretta eulophotes,0.000879137951415032
111,Egretta eulophotes,0.000777253997512162
112,Egretta eulophotes,0.000339915073709562
113,Egretta eulophotes,0.000603596388828009
114,Egretta eulophotes,0.000781379349064082
115,Egretta eulophotes,0.000212499347981066
116,Egretta eulophotes,0.000639297300949693
117,Egretta eulophotes,0.000594528566580266
118,Egretta eulophotes,0.000295766396448016
119,Egretta eulophotes,0.000290601194137707
120,Egretta eulophotes,0.000290601194137707
121,Egretta eulophotes,0.000287782022496685
122,Egretta eulophotes,0.00051992671797052
123,Egretta eulophotes,0.00742024416103959
124,Egretta eulophotes,0.000824654300231487
125,Egretta eulophotes,0.0119242556393147
126,Egretta eulophotes,0.00674522342160344
127,Egretta eulophotes,0.113040059804916
128,Egretta eulophotes,0.0590844415128231
129,Egretta eulophotes,0.0760103315114975
130,Egretta eulophotes,0.00196652696467936
131,Egretta eulophotes,0.000950088899116963
132,Egretta eulophotes,0.000681549252476543
133,Egretta eulophotes,0.000746379897464067
134,Egretta eulophotes,0.000574675505049527
135,Egretta eulophotes,0.000339915073709562
136,Egretta eulophotes,0.000450038729468361
137,Egretta eulophotes,0.000303103035548702
138,Egretta eulophotes,0.00166167377028614
139,Egretta eulophotes,0.000100026394648012
140,Egretta eulophotes,0.000179699520231225
141,Egretta eulophotes,0.000295766396448016
142,Egretta eulophotes,0.000300814106594771
143,Egretta eulophotes,0.000335235701641068
144,Egretta eulophotes,0.000293709832476452
145,Egretta eulophotes,0.00045301194768399
146,Egretta eulophotes,0.000484270683955401
147,Egretta eulophotes,0.00276376609690487
148,Egretta eulophotes,0.327355295419693
149,Egretta eulophotes,0.0151447327807546
150,Egretta eulophotes,0.0997423231601715
151,Egretta eulophotes,0.00720921065658331
152,Egretta eulophotes,0.00379659794270992
153,Egretta eulophotes,0.00792797934263945
154,Egretta eulophotes,0.00485299155116081
155,Egretta eulophotes,0.00270401919260621
156,Egretta eulophotes,0.314680159091949
157,Egretta eulophotes,0.853282392024994
158,Egretta eulophotes,0.00688478024676442
159,Egretta eulophotes,0.00143852178007364
160,Egretta eulophotes,0.000826315372250974
161,Egretta eulophotes,0.000535691739059985
162,Egretta eulophotes,0.00831517297774553
163,Egretta eulophotes,0.000648247078061104
164,Egretta eulophotes,0.000315304874675348
165,Egretta eulophotes,0.000339915073709562
166,Egretta eulophotes,0.000370171677786857
167,Egretta eulophotes,0.000562178727705032
168,Egretta eulophotes,0.0017495674546808
169,Egretta eulophotes,0.000297402089927346
170,Egretta eulophotes,0.000560118933208287
171,Egretta eulophotes,0.000266356422798708
172,Egretta eulophotes,0.000242484369664453
173,Egretta eulophotes,0.00032482368987985
174,Egretta eulophotes,0.000420006574131548
175,Egretta eulophotes,0.000408804364269599
176,Egretta eulophotes,0.107509464025497
177,Egretta eulophotes,0.705267131328583
178,Egretta eulophotes,0.281560391187668
179,Egretta eulophotes,0.0939985737204552
180,Egretta eulophotes,0.079728327691555
181,Egretta eulophotes,0.140611156821251
182,Egretta eulophotes,0.0146355982869864
183,Egretta eulophotes,0.00130930671002716
184,Egretta eulophotes,0.00276376609690487
185,Egretta eulophotes,0.000541981949936599
186,Egretta eulophotes,0.0411042012274265
187,Egretta eulophotes,0.00274499505758286
188,Egretta eulophotes,0.297659546136856
189,Egretta eulophotes,0.0326952151954174
190,Egretta eulophotes,0.00156206649262458
191,Egretta eulophotes,0.000547284842468798
192,Egretta eulophotes,0.0185969490557909
193,Egretta eulophotes,0.00115000305231661
194,Egretta eulophotes,0.000819886743556708
195,Egretta eulophotes,0.000753703701775521
196,Egretta eulophotes,0.000632040842901915
197,Egretta eulophotes,0.000397420488297939
198,Egretta eulophotes,0.000577244616579264
199,Egretta eulophotes,0.000578468083404005
200,Egretta eulophotes,0.000339915073709562
201,Egretta eulophotes,0.000358220451744273
202,Egretta eulophotes,0.000163243428687565
203,Egretta eulophotes,0.00051210360834375
204,Egretta eulophotes,0.000331687682773918
205,Egretta eulophotes,0.000281871674815193
206,Egretta eulophotes,0.000290207797661424
207,Egretta eulophotes,0.000292531331069768
208,Egretta eulophotes,0.000331687682773918
209,Egretta eulophotes,0.00480181071907282
210,Egretta eulophotes,0.00130897166673094
211,Egretta eulophotes,0.222786173224449
212,Egretta eulophotes,0.32209974527359
213,Egretta eulophotes,0.849572896957398
214,Egretta eulophotes,0.281139343976975
215,Egretta eulophotes,0.00616734102368355
216,Egretta eulophotes,0.0939985737204552
217,Egretta eulophotes,0.000992489280179143
218,Egretta eulophotes,0.457539528608322
219,Egretta eulophotes,0.00072518433444202
220,Egretta eulophotes,0.00274499505758286
221,Egretta eulophotes,0.000530427030753344
222,Egretta eulophotes,0.00458113942295313
223,Egretta eulophotes,0.00274499505758286
224,Egretta eulophotes,0.0307635962963104
225,Egretta eulophotes,0.032890111207962
226,Egretta eulophotes,0.0409221090376377
227,Egretta eulophotes,0.000468948681373149
228,Egretta eulophotes,0.000178551621502265
229,Egretta eulophotes,0.00205665617249906
230,Egretta eulophotes,0.00146183767355979
231,Egretta eulophotes,0.00078775582369417
232,Egretta eulophotes,0.000648049521259964
233,Egretta eulophotes,0.000312280200887471
234,Egretta eulophotes,0.000297406630124897
235,Egretta eulophotes,0.000592813186813146
236,Egretta eulophotes,0.0007848049281165
237,Egretta eulophotes,0.000339915073709562
238,Egretta eulophotes,0.000353241484845057
239,Egretta eulophotes,0.000303103035548702
240,Egretta eulophotes,0.000358858931576833
241,Egretta eulophotes,0.000560118933208287
242,Egretta eulophotes,0.000280675507383421
243,Egretta eulophotes,0.00060396856861189
244,Egretta eulophotes,0.000578468083404005
245,Egretta eulophotes,0.000249787903157994
246,Egretta eulophotes,0.00141916214488447
247,Egretta eulophotes,0.222786173224449
248,Egretta eulophotes,0.222786173224449
249,Egretta eulophotes,0.00176826713141054
250,Egretta eulophotes,0.00476844608783722
251,Egretta eulophotes,0.0005467280279845
252,Egretta eulophotes,0.000542584515642375
253,Egretta eulophotes,0.000882280350197107
254,Egretta eulophotes,0.000867375812958926
255,Egretta eulophotes,0.000558860949240625
256,Egretta eulophotes,0.00272584287449718
257,Egretta eulophotes,0.0029033375903964
258,Egretta eulophotes,0.00325052021071315
259,Egretta eulophotes,0.00283369980752468
260,Egretta eulophotes,0.00948606058955193
261,Egretta eulophotes,0.159974485635757
262,Egretta eulophotes,0.00438365526497364
263,Egretta eulophotes,0.511437237262726
264,Egretta eulophotes,0.0264554545283318
265,Egretta eulophotes,0.0088083678856492
266,Egretta eulophotes,0.00332887470722199
267,Egretta eulophotes,0.00138570670969784
268,Egretta eulophotes,0.000662511680275202
269,Egretta eulophotes,0.000592696072999388
270,Egretta eulophotes,0.000592813186813146
271,Egretta eulophotes,0.00078042020322755
272,Egretta eulophotes,0.00078042020322755
273,Egretta eulophotes,0.00078042020322755
274,Egretta eulophotes,0.000339915073709562
275,Egretta eulophotes,0.000339915073709562
276,Egretta eulophotes,0.000339915073709562
277,Egretta eulophotes,0.000603596388828009
278,Egretta eulophotes,0.000346099695889279
279,Egretta eulophotes,0.000303674780298024
280,Egretta eulophotes,0.000707786995917559
281,Egretta eulophotes,0.000448519072961062
282,Egretta eulophotes,0.023233050480485
283,Egretta eulophotes,0.0040750284679234
284,Egretta eulophotes,0.937176108360291
285,Egretta eulophotes,0.817813694477081
286,Egretta eulophotes,0.00352760404348373
287,Egretta eulophotes,0.0014968371251598
288,Egretta eulophotes,0.000556438462808728
289,Egretta eulophotes,0.000557307619601488
290,Egretta eulophotes,0.000557307619601488
291,Egretta eulophotes,0.000557307619601488
292,Egretta eulophotes,0.000557989347726107
293,Egretta eulophotes,0.000934034876991063
294,Egretta eulophotes,0.000950083776842803
295,Egretta eulophotes,0.00152254151180387
296,Egretta eulophotes,0.00279131159186363
297,Egretta eulophotes,0.00585884740576148
298,Egretta eulophotes,0.00522665120661259
299,Egretta eulophotes,0.0744014009833336
300,Egretta eulophotes,0.429163157939911
301,Egretta eulophotes,0.00768579589203
302,Egretta eulophotes,0.00106843921821564
303,Egretta eulophotes,0.00127068941947073
304,Egretta eulophotes,0.00231901835650206
305,Egretta eulophotes,0.00132291310001165
306,Egretta eulophotes,0.00131552596576512
307,Egretta eulophotes,0.00193842372391373
308,Egretta eulophotes,0.000750610081013292
309,Egretta eulophotes,0.000535186030901969
310,Egretta eulophotes,0.00059196021175012
311,Egretta eulophotes,0.00078801647759974
312,Egretta eulophotes,0.000458300579339266
313,Egretta eulophotes,0.00046275436761789
314,Egretta eulophotes,0.00080762553261593
315,Egretta eulophotes,0.000339915073709562
316,Egretta eulophotes,0.000343968102242798
317,Egretta eulophotes,0.0163151565939188
318,Egretta eulophotes,0.000317611527862027
319,Egretta eulophotes,0.00243290653452277
320,Egretta eulophotes,0.000797599612269551
321,Egretta eulophotes,0.332364767789841
322,Egretta eulophotes,0.0104828141629696
323,Egretta eulophotes,0.00169444177299738
324,Egretta eulophotes,0.00173842150252312
325,Egretta eulophotes,0.00263110874220729
326,Egretta eulophotes,0.00153788027819246
327,Egretta eulophotes,0.000557307619601488
328,Egretta eulophotes,0.000867375812958926
329,Egretta eulophotes,0.000556438462808728
330,Egretta eulophotes,0.000867375812958926
331,Egretta eulophotes,0.000537488958798349
332,Egretta eulophotes,0.00120486342348158
333,Egretta eulophotes,0.000557989347726107
334,Egretta eulophotes,0.000910598027985543
335,Egretta eulophotes,0.0014968371251598
336,Egretta eulophotes,0.00420171162113547
337,Egretta eulophotes,0.00270291464403272
338,Egretta eulophotes,0.0229919999837875
339,Egretta eulophotes,0.0907868146896362
340,Egretta eulophotes,0.0104466155171394
341,Egretta eulophotes,0.0536673329770565
342,Egretta eulophotes,0.000302775093587115
343,Egretta eulophotes,0.00109209609217942
344,Egretta eulophotes,0.000989231979474425
345,Egretta eulophotes,0.00136071862652898
346,Egretta eulophotes,0.000955328578129411
347,Egretta eulophotes,0.000955328578129411
348,Egretta eulophotes,0.000397481839172542
349,Egretta eulophotes,0.0258871559053659
350,Egretta eulophotes,0.00196164730004966
351,Egretta eulophotes,0.000886030378751457
352,Egretta eulophotes,0.000886030378751457
353,Egretta eulophotes,0.00089100789045915
354,Egretta eulophotes,0.00189550034701824
355,Egretta eulophotes,0.0037526641972363
356,Egretta eulophotes,0.000485628173919395
357,Egretta eulophotes,0.00752677582204342
358,Egretta eulophotes,0.000543983129318804
359,Egretta eulophotes,0.000537488958798349
360,Egretta eulophotes,0.000673417118377984
361,Egretta eulophotes,0.00332800531759858
362,Egretta eulophotes,0.00263110874220729
363,Egretta eulophotes,0.00170849135611206
364,Egretta eulophotes,0.00440750783309341
365,Egretta eulophotes,0.000557989347726107
366,Egretta eulophotes,0.000557307619601488
367,Egretta eulophotes,0.00050866132369265
368,Egretta eulophotes,0.000867375812958926
369,Egretta eulophotes,0.000537488958798349
370,Egretta eulophotes,0.000537488958798349
371,Egretta eulophotes,0.000878689344972372
372,Egretta eulophotes,0.000557989347726107
373,Egretta eulophotes,0.000910598027985543
374,Egretta eulophotes,0.00446740491315722
375,Egretta eulophotes,0.00439530750736594
376,Egretta eulophotes,0.00269870832562447
377,Egretta eulophotes,0.00269870832562447
378,Egretta eulophotes,0.0043634744361043
379,Egretta eulophotes,0.00570466835051775
380,Egretta eulophotes,0.00358405709266663
381,Egretta eulophotes,0.000295565550914034
382,Egretta eulophotes,0.000520083412993699
383,Egretta eulophotes,0.000496199354529381
384,Egretta eulophotes,0.000705192855093628
385,Egretta eulophotes,0.00408577639609575
386,Egretta eulophotes,0.000469813705421984
387,Egretta eulophotes,0.000469813705421984
388,Egretta eulophotes,0.000661147118080407
389,Egretta eulophotes,0.00332693126983941
390,Egretta eulophotes,0.001471689902246
391,Egretta eulophotes,0.00229279743507504
392,Egretta eulophotes,0.000640274316538125
393,Egretta eulophotes,0.00140247435774654
394,Egretta eulophotes,0.0014784837840125
395,Egretta eulophotes,0.00113548408262432
396,Egretta eulophotes,0.000654332339763641
397,Egretta eulophotes,0.000556438462808728
398,Egretta eulophotes,0.000923578627407551
399,Egretta eulophotes,0.000557307619601488
400,Egretta eulophotes,0.000934733252506703
401,Egretta eulophotes,0.000556438462808728
402,Egretta eulophotes,0.000653311959467828
403,Egretta eulophotes,0.00158551998902112
404,Egretta eulophotes,0.000884436129126698
405,Egretta eulophotes,0.000884063600096852
406,Egretta eulophotes,0.000557307619601488
407,Egretta eulophotes,0.000537488958798349
408,Egretta eulophotes,0.000537488958798349
409,Egretta eulophotes,0.000537488958798349
410,Egretta eulophotes,0.000558860949240625
411,Egretta eulophotes,0.000557989347726107
412,Egretta eulophotes,0.00444852560758591
413,Egretta eulophotes,0.00465099746361375
414,Egretta eulophotes,0.00143817404750735
415,Egretta eulophotes,0.0014968371251598
416,Egretta eulophotes,0.00286194030195475
417,Egretta eulophotes,0.00274499505758286
418,Egretta eulophotes,0.000523797294590622
419,Egretta eulophotes,0.000554312078747898
420,Egretta eulophotes,0.00449007051065564
421,Egretta eulophotes,0.000575581972952932
422,Egretta eulophotes,0.000303839973639697
423,Egretta eulophotes,0.000406540202675387
424,Egretta eulophotes,0.000406540202675387
425,Egretta eulophotes,0.000844779249746352
426,Egretta eulophotes,0.00055068387882784
427,Egretta eulophotes,0.000406540202675387
428,Egretta eulophotes,0.000493209983687848
429,Egretta eulophotes,0.000684058119077236
430,Egretta eulophotes,0.00078874733299017
431,Egretta eulophotes,0.001212019007653
432,Egretta eulophotes,0.00128283072263002
433,Egretta eulophotes,0.00288626994006336
434,Egretta eulophotes,0.000746089266613126
435,Egretta eulophotes,0.000971259141806513
436,Egretta eulophotes,0.000746089266613126
437,Egretta eulophotes,0.000746089266613126
438,Egretta eulophotes,0.00151128857396543
439,Egretta eulophotes,0.000556438462808728
440,Egretta eulophotes,0.000746089266613126
441,Egretta eulophotes,0.000969745044130832
442,Egretta eulophotes,0.00188335799612105
443,Egretta eulophotes,0.000653311959467828
444,Egretta eulophotes,0.000556438462808728
445,Egretta eulophotes,0.000537488958798349
446,Egretta eulophotes,0.000556438462808728
447,Egretta eulophotes,0.000556438462808728
448,Egretta eulophotes,0.000557989347726107
449,Egretta eulophotes,0.00239197653718293
450,Egretta eulophotes,0.00433891266584396
451,Egretta eulophotes,0.00145566556602716
452,Egretta eulophotes,0.00171362899709493
453,Egretta eulophotes,0.000566026021260768
454,Egretta eulophotes,0.000811745470855385
455,Egretta eulophotes,0.00110862101428211
456,Egretta eulophotes,0.000811745470855385
457,Egretta eulophotes,0.00107345508877188
458,Egretta eulophotes,0.000406540202675387
459,Egretta eulophotes,0.000407465035095811
460,Egretta eulophotes,0.00057747116079554
461,Egretta eulophotes,0.000386274041375145
462,Egretta eulophotes,0.000419867457821965
463,Egretta eulophotes,0.000425945298047736
464,Egretta eulophotes,0.00025184138212353
465,Egretta eulophotes,0.000196350360056385
466,Egretta eulophotes,0.00030237709870562
467,Egretta eulophotes,0.00483377603814006
468,Egretta eulophotes,0.00208420609124005
469,Egretta eulophotes,0.001161067513749
470,Egretta eulophotes,0.00160816579591483
471,Egretta eulophotes,0.000744925870094448
472,Egretta eulophotes,0.000969745044130832
473,Egretta eulophotes,0.000744925870094448
474,Egretta eulophotes,0.000744925870094448
475,Egretta eulophotes,0.000802472699433565
476,Egretta eulophotes,0.000969745044130832
477,Egretta eulophotes,0.00127279316075146
478,Egretta eulophotes,0.00188335799612105
479,Egretta eulophotes,0.00171476625837386
480,Egretta eulophotes,0.000867375812958926
481,Egretta eulophotes,0.000557307619601488
482,Egretta eulophotes,0.00292594800703228
483,Egretta eulophotes,0.000433033390436322
484,Egretta eulophotes,0.000383920210879296
485,Egretta eulophotes,0.00100036791991442
486,Egretta eulophotes,0.010335854254663
487,Egretta eulophotes,0.000556438462808728
488,Egretta eulophotes,0.000922782521229237
489,Egretta eulophotes,0.00253204978071153
490,Egretta eulophotes,0.004533426836133
491,Egretta eulophotes,0.00095177668845281
492,Egretta eulophotes,0.000351365568349138
493,Egretta eulophotes,0.000386274041375145
494,Egretta eulophotes,0.00040556734893471
495,Egretta eulophotes,0.000431496620876715
496,Egretta eulophotes,0.000364104809705168
497,Egretta eulophotes,0.000440829229773954
498,Egretta eulophotes,0.00033400539541617
499,Egretta eulophotes,0.000336765690008178
500,Egretta eulophotes,0.00025739026023075
501,Egretta eulophotes,0.000200676819076762
502,Egretta eulophotes,0.00017640765872784
503,Egretta eulophotes,0.00200469442643225
504,Egretta eulophotes,0.00200469442643225
505,Egretta eulophotes,0.000528362870682031
506,Egretta eulophotes,0.00157231721095741
507,Egretta eulophotes,0.00121811777353287
508,Egretta eulophotes,0.001161067513749
509,Egretta eulophotes,0.000567147391848266
510,Egretta eulophotes,0.000969745044130832
511,Egretta eulophotes,0.000745974946767092
512,Egretta eulophotes,0.000746089266613126
513,Egretta eulophotes,0.00162716559134424
514,Egretta eulophotes,0.0014470397727564
515,Egretta eulophotes,0.000556438462808728
516,Egretta eulophotes,0.000567147391848266
517,Egretta eulophotes,0.000744925870094448
518,Egretta eulophotes,0.000556438462808728
519,Egretta eulophotes,0.0086972713470459
520,Egretta eulophotes,0.00302161718718708
521,Egretta eulophotes,0.00883080251514912
522,Egretta eulophotes,0.00131745415274054
523,Egretta eulophotes,0.00204380857758224
524,Egretta eulophotes,0.000556438462808728
525,Egretta eulophotes,0.00108108972199261
526,Egretta eulophotes,0.00121910416055471
527,Egretta eulophotes,0.002706378698349
528,Egretta eulophotes,0.000392693851608783
529,Egretta eulophotes,0.00042026728624478
530,Egretta eulophotes,0.000435852707596496
531,Egretta eulophotes,0.000306298374198377
532,Egretta eulophotes,0.000345953332725912
533,Egretta eulophotes,0.000743393378797919
534,Egretta eulophotes,0.000442730175564066
535,Egretta eulophotes,0.000291027856292203
536,Egretta eulophotes,0.000190002741874196
537,Egretta eulophotes,0.000363800238119438
538,Egretta eulophotes,0.000190002741874196
539,Egretta eulophotes,0.000200676819076762
540,Egretta eulophotes,0.00017640765872784
541,Egretta eulophotes,0.000200676819076762
542,Egretta eulophotes,0.00017640765872784
543,Egretta eulophotes,0.000280743668554351
544,Egretta eulophotes,0.00411646394059062
545,Egretta eulophotes,0.00119556428398937
546,Egretta eulophotes,0.001161067513749
547,Egretta eulophotes,0.00694232480600476
548,Egretta eulophotes,0.000510807323735207
549,Egretta eulophotes,0.000495516462251544
550,Egretta eulophotes,0.000405486876843497
551,Egretta eulophotes,0.0002842738176696
552,Egretta eulophotes,0.001161067513749
553,Egretta eulophotes,0.000746089266613126
554,Egretta eulophotes,0.001161067513749
555,Egretta eulophotes,0.0011762073263526
556,Egretta eulophotes,0.0014470397727564
557,Egretta eulophotes,0.000747001788113266
558,Egretta eulophotes,0.0130242155864835
559,Egretta eulophotes,0.00614439137279987
560,Egretta eulophotes,0.000744925870094448
561,Egretta eulophotes,0.00122151069808751
562,Egretta eulophotes,0.00161264336202294
563,Egretta eulophotes,0.000557307619601488
564,Egretta eulophotes,0.000556438462808728
565,Egretta eulophotes,0.000327685993397608
566,Egretta eulophotes,0.00608280301094055
567,Egretta eulophotes,0.000386274041375145
568,Egretta eulophotes,0.00080201803939417
569,Egretta eulophotes,0.00080201803939417
570,Egretta eulophotes,0.000176636924152263
571,Egretta eulophotes,0.000392376357922331
572,Egretta eulophotes,0.00111549207940698
573,Egretta eulophotes,0.000404815189540386
574,Egretta eulophotes,0.00110894918907434
575,Egretta eulophotes,0.00495160557329655
576,Egretta eulophotes,0.000190002741874196
577,Egretta eulophotes,0.000190002741874196
578,Egretta eulophotes,0.000200676819076762
579,Egretta eulophotes,0.000200676819076762
580,Egretta eulophotes,0.000185136028449051
581,Egretta eulophotes,0.0042055556550622
582,Egretta eulophotes,0.00151549675501883
583,Egretta eulophotes,0.00105253327637911
584,Egretta eulophotes,0.000302400818327442
585,Egretta eulophotes,0.000702773162629455
586,Egretta eulophotes,0.000863329216372222
587,Egretta eulophotes,0.000492819584906101
588,Egretta eulophotes,0.00037245117709972
589,Egretta eulophotes,0.000418419775087386
590,Egretta eulophotes,0.000479235808597878
591,Egretta eulophotes,0.000525550567544997
592,Egretta eulophotes,0.00174355751369149
593,Egretta eulophotes,0.000746089266613126
594,Egretta eulophotes,0.000744925870094448
595,Egretta eulophotes,0.00398646015673876
596,Egretta eulophotes,0.000747001788113266
597,Egretta eulophotes,0.00341603672131896
598,Egretta eulophotes,0.00125026900786906
599,Egretta eulophotes,0.00121811777353287
600,Egretta eulophotes,0.001161067513749
601,Egretta eulophotes,0.00146436935756356
602,Egretta eulophotes,0.00164139049593359
603,Egretta eulophotes,0.00072041864041239
604,Egretta eulophotes,0.00175735214725137
605,Egretta eulophotes,0.00045745586976409
606,Egretta eulophotes,0.000242476744460873
607,Egretta eulophotes,0.000360897596692666
608,Egretta eulophotes,0.000441100506577641
609,Egretta eulophotes,0.000683546008076519
610,Egretta eulophotes,0.000385154882678762
611,Egretta eulophotes,0.000136477363412268
612,Egretta eulophotes,0.000338754151016474
613,Egretta eulophotes,0.000320102000841871
614,Egretta eulophotes,0.000338754151016474
615,Egretta eulophotes,0.00025739026023075
616,Egretta eulophotes,0.00017640765872784
617,Egretta eulophotes,0.00161491439212114
618,Egretta eulophotes,0.00075588357867673
619,Egretta eulophotes,0.000302400818327442
620,Egretta eulophotes,0.000329476577462629
621,Egretta eulophotes,0.000325948989484459
622,Egretta eulophotes,0.000439445197116584
623,Egretta eulophotes,0.000438194198068231
624,Egretta eulophotes,0.000379965029424056
625,Egretta eulophotes,0.000152040593093261
626,Egretta eulophotes,0.000150857260450721
627,Egretta eulophotes,0.000150857260450721
628,Egretta eulophotes,0.000438194198068231
629,Egretta eulophotes,0.000438194198068231
630,Egretta eulophotes,0.000438194198068231
631,Egretta eulophotes,0.000434740737546235
632,Egretta eulophotes,0.000708354345988482
633,Egretta eulophotes,0.000796631094999611
634,Egretta eulophotes,0.000693067850079387
635,Egretta eulophotes,0.00080417946446687
636,Egretta eulophotes,0.0018365002470091
637,Egretta eulophotes,0.000407391926273704
638,Egretta eulophotes,0.000912389426957816
639,Egretta eulophotes,0.00019657336815726
640,Egretta eulophotes,0.000379965029424056
641,Egretta eulophotes,0.000393039168557152
642,Egretta eulophotes,0.000501899048686028
643,Egretta eulophotes,0.000430816900916398
644,Egretta eulophotes,0.000328894384438172
645,Egretta eulophotes,0.000239782762946561
646,Egretta eulophotes,0.000160321418661624
647,Egretta eulophotes,0.000157668691826984
648,Egretta eulophotes,0.000232451726333238
649,Egretta eulophotes,0.00547715462744236
650,Egretta eulophotes,0.000789303972851485
651,Egretta eulophotes,0.00042129959911108
652,Egretta eulophotes,0.000256735773291439
653,Egretta eulophotes,0.000248000404099003
654,Egretta eulophotes,0.000200676819076762
655,Egretta eulophotes,0.000284446956356987
656,Egretta eulophotes,0.00278696813620627
657,Egretta eulophotes,0.000302400818327442
658,Egretta eulophotes,0.000333952310029417
659,Egretta eulophotes,0.000434740737546235
660,Egretta eulophotes,0.000434740737546235
661,Egretta eulophotes,0.000452558684628457
662,Egretta eulophotes,0.000149971572682261
663,Egretta eulophotes,0.000150857260450721
664,Egretta eulophotes,0.000319641403621063
665,Egretta eulophotes,0.000149971572682261
666,Egretta eulophotes,0.000438194198068231
667,Egretta eulophotes,0.000438194198068231
668,Egretta eulophotes,0.000438194198068231
669,Egretta eulophotes,0.000434740737546235
670,Egretta eulophotes,0.000708354345988482
671,Egretta eulophotes,0.0014260319294408
672,Egretta eulophotes,0.000815498584415764
673,Egretta eulophotes,0.000770811457186937
674,Egretta eulophotes,0.000699054508004338
675,Egretta eulophotes,0.00149073812644929
676,Egretta eulophotes,0.00143402290996164
677,Egretta eulophotes,0.00035069536534138
678,Egretta eulophotes,0.000439605209976435
679,Egretta eulophotes,0.000462804891867563
680,Egretta eulophotes,0.000167108461027965
681,Egretta eulophotes,0.000388893211493269
682,Egretta eulophotes,0.00434281909838319
683,Egretta eulophotes,0.000148849780089222
684,Egretta eulophotes,0.000151969419675879
685,Egretta eulophotes,0.000682444777339697
686,Egretta eulophotes,0.000392985966755077
687,Egretta eulophotes,0.00151287578046322
688,Egretta eulophotes,0.00384522159583867
689,Egretta eulophotes,0.000423690362367779
690,Egretta eulophotes,0.000417979346821085
691,Egretta eulophotes,0.0003477526770439
692,Egretta eulophotes,0.000533820886630565
693,Egretta eulophotes,0.000286241847788915
694,Egretta eulophotes,0.000263464258750901
695,Egretta eulophotes,0.0159575007855892
696,Egretta eulophotes,0.00160625774879009
697,Egretta eulophotes,0.000495942716952413
698,Egretta eulophotes,0.000302400818327442
699,Egretta eulophotes,0.000596633472014219
700,Egretta eulophotes,0.00184203335084021
701,Egretta eulophotes,0.000434740737546235
702,Egretta eulophotes,0.000472765590529889
703,Egretta eulophotes,0.000438194198068231
704,Egretta eulophotes,0.000400481047108769
705,Egretta eulophotes,0.000379965029424056
706,Egretta eulophotes,0.000452558684628457
707,Egretta eulophotes,0.000438194198068231
708,Egretta eulophotes,0.000742549600545317
709,Egretta eulophotes,0.0015285222325474
710,Egretta eulophotes,0.000438194198068231
711,Egretta eulophotes,0.000438194198068231
712,Egretta eulophotes,0.000434740737546235
713,Egretta eulophotes,0.000591916963458061
714,Egretta eulophotes,0.0114771276712418
715,Egretta eulophotes,0.00796223245561123
716,Egretta eulophotes,0.000322758191032335
717,Egretta eulophotes,0.000172719272086397
718,Egretta eulophotes,0.000163147386047058
719,Egretta eulophotes,0.000160331212100573
720,Egretta eulophotes,0.000129762978758663
721,Egretta eulophotes,0.000130198211991228
722,Egretta eulophotes,0.000148985796840861
723,Egretta eulophotes,0.000301481777569279
724,Egretta eulophotes,0.000319344457238913
725,Egretta eulophotes,9.04920962057076e-05
726,Egretta eulophotes,0.00035400502383709
727,Egretta eulophotes,0.000308735005091876
728,Egretta eulophotes,0.000271650875220075
729,Egretta eulophotes,0.000389204709790647
730,Egretta eulophotes,0.000760881695896387
731,Egretta eulophotes,0.000175968467374332
732,Egretta eulophotes,0.000150506719364785
733,Egretta eulophotes,0.00192610733211041
734,Egretta eulophotes,0.0170697458088398
735,Egretta eulophotes,0.0042055556550622
736,Egretta eulophotes,0.0199624262750149
737,Egretta eulophotes,0.000603871361818165
738,Egretta eulophotes,0.000302400818327442
739,Egretta eulophotes,0.000386274041375145
740,Egretta eulophotes,0.00080201803939417
741,Egretta eulophotes,0.000438194198068231
742,Egretta eulophotes,0.000438194198068231
743,Egretta eulophotes,0.000469058664748445
744,Egretta eulophotes,0.000438194198068231
745,Egretta eulophotes,0.000619574566371739
746,Egretta eulophotes,0.000410310516599566
747,Egretta eulophotes,0.000410628243116662
748,Egretta eulophotes,0.000434740737546235
749,Egretta eulophotes,0.000437021430116147
750,Egretta eulophotes,0.000477711175335571
751,Egretta eulophotes,0.000319385464536026
752,Egretta eulophotes,0.000434740737546235
753,Egretta eulophotes,0.00112619029823691
754,Egretta eulophotes,0.000327696790918708
755,Egretta eulophotes,0.000167349789990112
756,Egretta eulophotes,0.000185888726264238
757,Egretta eulophotes,0.000143926125019789
758,Egretta eulophotes,0.000171444393345155
759,Egretta eulophotes,9.21283062780276e-05
760,Egretta eulophotes,0.000232451726333238
761,Egretta eulophotes,0.000157668691826984
762,Egretta eulophotes,0.000229926779866219
763,Egretta eulophotes,0.000123674326459877
764,Egretta eulophotes,0.000344942789524794
765,Egretta eulophotes,0.0010857010493055
766,Egretta eulophotes,0.005898451898247
767,Egretta eulophotes,0.00483412202447653
768,Egretta eulophotes,0.00561805488541722
769,Egretta eulophotes,0.0135344164445996
770,Egretta eulophotes,0.0182792935520411
771,Egretta eulophotes,0.0034187447745353
772,Egretta eulophotes,0.00320552918128669
773,Egretta eulophotes,0.00194816268049181
774,Egretta eulophotes,0.00042566706542857
775,Egretta eulophotes,0.000350387388607487
776,Egretta eulophotes,0.00163246493320912
777,Egretta eulophotes,0.000440807110862806
778,Egretta eulophotes,0.0335086584091187
779,Egretta eulophotes,0.00326223485171795
780,Egretta eulophotes,0.000160331212100573
781,Egretta eulophotes,0.000922031817026436
782,Egretta eulophotes,0.000267486815573648
783,Egretta eulophotes,0.000334729353198782
784,Egretta eulophotes,4.08037267334294e-05
785,Egretta eulophotes,0.000298436410957947
786,Egretta eulophotes,0.000157668691826984
787,Egretta eulophotes,0.000148849780089222
788,Egretta eulophotes,0.000155430272570811
789,Egretta eulophotes,0.000148849780089222
790,Egretta eulophotes,0.000148352206451818
791,Egretta eulophotes,0.00170830683782697
792,Egretta eulophotes,0.00518468720838428
793,Egretta eulophotes,0.00122796837240458
794,Egretta eulophotes,0.00431033642962575
795,Egretta eulophotes,0.00499211298301816
796,Egretta eulophotes,0.0549178794026375
797,Egretta eulophotes,0.00138932967092842
798,Egretta eulophotes,0.00600064499303699
799,Egretta eulophotes,0.0106376949697733
800,Egretta eulophotes,0.000523159455042332
801,Egretta eulophotes,0.00010331925295759
802,Egretta eulophotes,0.000363442319212481
803,Egretta eulophotes,0.000495343003422022
804,Egretta eulophotes,0.000507705146446824
805,Egretta eulophotes,0.00415597856044769
806,Egretta eulophotes,0.000233118698815815
807,Egretta eulophotes,7.68952959333547e-05
808,Egretta eulophotes,5.39332613698207e-05
809,Egretta eulophotes,9.68758977251127e-05
810,Egretta eulophotes,0.000261571287410334
811,Egretta eulophotes,3.07165864796843e-05
812,Egretta eulophotes,0.00140661792829633
813,Egretta eulophotes,0.000176213317899965
814,Egretta eulophotes,0.000144762394484133
815,Egretta eulophotes,0.000144727469887584
816,Egretta eulophotes,0.000162067139171995
817,Egretta eulophotes,0.000194112639292143
818,Egretta eulophotes,0.091943770647049
819,Egretta eulophotes,0.000112906680442393
820,Egretta eulophotes,0.00165583554189652
821,Egretta eulophotes,0.000188480611541308
822,Egretta eulophotes,0.0042055556550622
823,Egretta eulophotes,0.00746547430753708
824,Egretta eulophotes,0.000507773598656058
825,Egretta eulophotes,0.000401218421757221
826,Egretta eulophotes,0.000404714810429141
827,Egretta eulophotes,0.000493810861371458
828,Egretta eulophotes,0.000328499620081857
829,Egretta eulophotes,9.22788385651074e-05
830,Egretta eulophotes,9.22788385651074e-05
831,Egretta eulophotes,9.27886358113028e-05
832,Egretta eulophotes,0.00014580822607968
833,Egretta eulophotes,0.000144727469887584
834,Egretta eulophotes,0.000157753951498307
835,Egretta eulophotes,0.000622264109551907
836,Egretta eulophotes,0.00192804436665028
837,Egretta eulophotes,0.00011145556345582
838,Egretta eulophotes,4.88750083604828e-05
839,Egretta eulophotes,0.000347401335602626
840,Egretta eulophotes,0.000344409490935504
841,Egretta eulophotes,0.0042055556550622
842,Egretta eulophotes,0.00027440331177786
843,Egretta eulophotes,0.000541825022082776
844,Egretta eulophotes,0.000587758957408369
845,Egretta eulophotes,0.000343507999787107
846,Egretta eulophotes,0.000488286430481821
847,Egretta eulophotes,0.000343882740708068
848,Egretta eulophotes,0.00641009956598282
849,Egretta eulophotes,0.000694854301400483
850,Egretta eulophotes,5.39332613698207e-05
851,Egretta eulophotes,5.39332613698207e-05
852,Egretta eulophotes,0.000217597626033239
853,Egretta eulophotes,0.000314011180307716
854,Egretta eulophotes,0.000157160058734007
855,Egretta eulophotes,0.000302603759337217
856,Egretta eulophotes,0.00188880355563015
857,Egretta eulophotes,0.000351686903741211
858,Egretta eulophotes,0.0122702112421393
859,Egretta eulophotes,0.000140828604344279
860,Egretta eulophotes,0.000499721907544881
861,Egretta eulophotes,0.000375459087081254
862,Egretta eulophotes,0.00940097216516733
863,Egretta eulophotes,0.00153987167868763
864,Egretta eulophotes,0.000629342568572611
865,Egretta eulophotes,0.000423483608756214
866,Egretta eulophotes,0.000462035881355405
867,Egretta eulophotes,0.000368368986528367
868,Egretta eulophotes,0.000148544480907731
869,Egretta eulophotes,9.62125923251733e-05
870,Egretta eulophotes,0.000186427118023857
871,Egretta eulophotes,0.00285861548036337
872,Egretta eulophotes,0.000247639924054965
873,Egretta eulophotes,0.000247639924054965
874,Egretta eulophotes,0.000777076173108071
875,Egretta eulophotes,0.000294454133836553
876,Egretta eulophotes,0.000274756137514487
877,Egretta eulophotes,0.000572724442463368
878,Egretta eulophotes,0.000179746086359955
879,Egretta eulophotes,0.000456572772236541
880,Egretta eulophotes,0.0107142301276326
881,Egretta eulophotes,0.000110998982563615
882,Egretta eulophotes,5.30042598256841e-05
883,Egretta eulophotes,0.000101755154901184
884,Egretta eulophotes,0.000105986131529789
885,Egretta eulophotes,2.25569674512371e-05
886,Egretta eulophotes,0.000298218947136775
887,Egretta eulophotes,0.00029047776479274
888,Egretta eulophotes,0.000217388922465034
889,Egretta eulophotes,0.000149857965880074
890,Egretta eulophotes,0.000366495252819732
891,Egretta eulophotes,6.03139087616e-05
892,Egretta eulophotes,0.000779914669692516
893,Egretta eulophotes,0.00112168968189508
894,Egretta eulophotes,0.00120330124627799
895,Egretta eulophotes,0.000147650920553133
896,Egretta eulophotes,0.000113345187855884
897,Egretta eulophotes,8.29336931928992e-05
898,Egretta eulophotes,3.53728246409446e-05
899,Egretta eulophotes,3.39630096277688e-05
900,Egretta eulophotes,8.29336931928992e-05
901,Egretta eulophotes,2.25569674512371e-05
902,Egretta eulophotes,3.98596130253281e-05
903,Egretta eulophotes,0.000152052874909714
904,Egretta eulophotes,7.13695626473054e-05
905,Egretta eulophotes,6.13421289017424e-05
906,Egretta eulophotes,3.90806744690053e-05
907,Egretta eulophotes,0.000108341781015042
908,Egretta eulophotes,0.000565182999707758
909,Egretta eulophotes,0.00124271551612765
910,Egretta eulophotes,0.000912142684683204
911,Egretta eulophotes,5.30042598256841e-05
912,Egretta eulophotes,6.15496537648141e-05
913,Egretta eulophotes,5.39332613698207e-05
914,Egretta eulophotes,2.91129617835395e-05
915,Egretta eulophotes,5.39332613698207e-05
916,Egretta eulophotes,3.39630096277688e-05
917,Egretta eulophotes,3.39630096277688e-05
918,Egretta eulophotes,8.74108809512109e-05
919,Egretta eulophotes,7.29838575352915e-05
920,Egretta eulophotes,0.0006775779183954
921,Egretta eulophotes,5.64693546039052e-05
922,Egretta eulophotes,0.00021046404435765
923,Egretta eulophotes,0.000217597626033239
924,Egretta eulophotes,5.39332613698207e-05
925,Egretta eulophotes,6.48749410174787e-05
926,Egretta eulophotes,0.000216421962250024
927,Egretta eulophotes,0.000182394447620027
928,Egretta eulophotes,0.000105986131529789
929,Egretta eulophotes,0.000217597626033239
930,Egretta eulophotes,0.000217597626033239
931,Egretta eulophotes,5.39332613698207e-05
932,Egretta eulophotes,8.39762360556051e-05
933,Egretta eulophotes,5.39332613698207e-05
934,Egretta eulophotes,5.77402242925018e-05
935,Egretta eulophotes,6.70695881126449e-05
936,Egretta eulophotes,0.000236747757298872
937,Egretta eulophotes,6.65185143589042e-05
938,Egretta eulophotes,5.39332613698207e-05
939,Egretta eulophotes,7.16924259904772e-05
940,Egretta eulophotes,0.000177508525666781
941,Egretta eulophotes,0.000301945139653981
1,Certhia tianquanensis,2.60705764958402e-05
2,Certhia tianquanensis,1.19044079838204e-06
3,Certhia tianquanensis,2.83216718344193e-06
4,Certhia tianquanensis,3.26812426010292e-07
5,Certhia tianquanensis,7.01332101016305e-06
6,Certhia tianquanensis,0.000219000576180406
7,Certhia tianquanensis,3.84192935598549e-05
8,Certhia tianquanensis,0.000916403369046748
9,Certhia tianquanensis,0.000212917235330679
10,Certhia tianquanensis,2.23153074330185e-05
11,Certhia tianquanensis,1.29941990962834e-05
12,Certhia tianquanensis,0.0007175721693784
13,Certhia tianquanensis,0.000949417997617275
14,Certhia tianquanensis,0.000456732173915952
15,Certhia tianquanensis,0.00182909891009331
16,Certhia tianquanensis,0.000572281598579139
17,Certhia tianquanensis,0.00018274194735568
18,Certhia tianquanensis,6.43707026029006e-05
19,Certhia tianquanensis,1.24914213301963e-05
20,Certhia tianquanensis,6.08008922426961e-05
21,Certhia tianquanensis,2.8241958716535e-05
22,Certhia tianquanensis,1.0875935004151e-05
23,Certhia tianquanensis,0.00669163931161165
24,Certhia tianquanensis,0.00506658107042313
25,Certhia tianquanensis,0.00335485208779573
26,Certhia tianquanensis,0.00803336221724749
27,Certhia tianquanensis,0.0161945298314095
28,Certhia tianquanensis,0.0100906463339925
29,Certhia tianquanensis,0.0139872413128614
30,Certhia tianquanensis,0.0119514288380742
31,Certhia tianquanensis,0.00160550803411752
32,Certhia tianquanensis,2.99313014693325e-05
33,Certhia tianquanensis,1.5055403309816e-05
34,Certhia tianquanensis,1.59883602464106e-05
35,Certhia tianquanensis,4.38186216342729e-05
36,Certhia tianquanensis,2.05457399715669e-05
37,Certhia tianquanensis,7.16339445716585e-06
38,Certhia tianquanensis,1.24321168186725e-05
39,Certhia tianquanensis,1.02241783679347e-05
40,Certhia tianquanensis,1.33999292302178e-05
41,Certhia tianquanensis,0.00443636858835816
42,Certhia tianquanensis,0.008623031899333
43,Certhia tianquanensis,0.00285612675361335
44,Certhia tianquanensis,0.00479739299044013
45,Certhia tianquanensis,0.0112259732559323
46,Certhia tianquanensis,0.00885082222521305
47,Certhia tianquanensis,0.00749818095937371
48,Certhia tianquanensis,0.0219605080783367
49,Certhia tianquanensis,0.0318935066461563
50,Certhia tianquanensis,0.00149269495159388
51,Certhia tianquanensis,5.58257816010155e-05
52,Certhia tianquanensis,1.2906391020806e-05
53,Certhia tianquanensis,1.39810472319368e-05
54,Certhia tianquanensis,8.16306965134572e-06
55,Certhia tianquanensis,1.00002516774111e-05
56,Certhia tianquanensis,1.7906968423631e-05
57,Certhia tianquanensis,1.69107879628427e-05
58,Certhia tianquanensis,5.03283627040219e-06
59,Certhia tianquanensis,1.83094141448237e-06
60,Certhia tianquanensis,6.31303646514425e-06
61,Certhia tianquanensis,0.000668073713313788
62,Certhia tianquanensis,7.67018791520968e-05
63,Certhia tianquanensis,0.000887815142050386
64,Certhia tianquanensis,0.0080127976834774
65,Certhia tianquanensis,0.05653390660882
66,Certhia tianquanensis,0.0156680773943663
67,Certhia tianquanensis,0.0119508486241102
68,Certhia tianquanensis,0.00727553106844425
69,Certhia tianquanensis,0.00383284268900752
70,Certhia tianquanensis,0.000261037610471249
71,Certhia tianquanensis,2.34617345995503e-05
72,Certhia tianquanensis,6.2612989495392e-06
73,Certhia tianquanensis,1.92024276657321e-06
74,Certhia tianquanensis,2.70028692739288e-07
75,Certhia tianquanensis,3.8987113271105e-07
76,Certhia tianquanensis,3.88810576623655e-06
77,Certhia tianquanensis,2.21540153688693e-06
78,Certhia tianquanensis,2.0630266135413e-06
79,Certhia tianquanensis,2.38485631598451e-06
80,Certhia tianquanensis,3.72385852642765e-06
81,Certhia tianquanensis,5.72570297663333e-06
82,Certhia tianquanensis,3.33109869643522e-06
83,Certhia tianquanensis,1.97478257177863e-05
84,Certhia tianquanensis,0.0154051873832941
85,Certhia tianquanensis,0.0630830600857735
86,Certhia tianquanensis,0.00418181763961911
87,Certhia tianquanensis,0.0365125387907028
88,Certhia tianquanensis,0.00520810764282942
89,Certhia tianquanensis,0.000784119765739888
90,Certhia tianquanensis,3.93653681385331e-05
91,Certhia tianquanensis,2.28109593081172e-06
92,Certhia tianquanensis,3.09847052903933e-07
93,Certhia tianquanensis,8.5571578267718e-08
94,Certhia tianquanensis,6.55948584338262e-09
95,Certhia tianquanensis,5.88388093802905e-09
96,Certhia tianquanensis,1.72545515653155e-08
97,Certhia tianquanensis,4.219513272119e-08
98,Certhia tianquanensis,6.65066792748803e-08
99,Certhia tianquanensis,1.24672817491955e-06
100,Certhia tianquanensis,1.80357778845064e-06
101,Certhia tianquanensis,8.61754324432695e-06
102,Certhia tianquanensis,1.19501646622666e-05
103,Certhia tianquanensis,5.43918645234953e-07
104,Certhia tianquanensis,0.0120766209438443
105,Certhia tianquanensis,0.0374953038990498
106,Certhia tianquanensis,0.157154932618141
107,Certhia tianquanensis,0.0314780697226524
108,Certhia tianquanensis,0.0013101645745337
109,Certhia tianquanensis,0.000119958705909085
110,Certhia tianquanensis,1.05132794487872e-05
111,Certhia tianquanensis,4.8577715006104e-07
112,Certhia tianquanensis,9.0054840029552e-08
113,Certhia tianquanensis,1.54051686962475e-08
114,Certhia tianquanensis,1.78484005353141e-09
115,Certhia tianquanensis,4.38702185689976e-10
116,Certhia tianquanensis,1.44593659268111e-09
117,Certhia tianquanensis,4.23677715133408e-09
118,Certhia tianquanensis,2.03588683689304e-08
119,Certhia tianquanensis,4.8290399945472e-07
120,Certhia tianquanensis,4.19840580434538e-06
121,Certhia tianquanensis,5.53783365830896e-06
122,Certhia tianquanensis,1.09726954633516e-06
123,Certhia tianquanensis,0.00297411857172847
124,Certhia tianquanensis,0.00630150269716978
125,Certhia tianquanensis,0.00488570472225547
126,Certhia tianquanensis,1.64053091111782e-07
127,Certhia tianquanensis,2.1998670490575e-05
128,Certhia tianquanensis,0.0188469588756561
129,Certhia tianquanensis,0.0540099665522575
130,Certhia tianquanensis,0.018891766667366
131,Certhia tianquanensis,0.00190419016871601
132,Certhia tianquanensis,6.10681890975684e-05
133,Certhia tianquanensis,1.57173799379962e-05
134,Certhia tianquanensis,3.08035987472977e-06
135,Certhia tianquanensis,5.34855644218624e-07
136,Certhia tianquanensis,1.62833728722944e-07
137,Certhia tianquanensis,2.96401925226064e-08
138,Certhia tianquanensis,1.45462075717973e-09
139,Certhia tianquanensis,2.90185764306727e-10
140,Certhia tianquanensis,6.17335238484174e-10
141,Certhia tianquanensis,2.23732454784908e-09
142,Certhia tianquanensis,1.33243744926403e-08
143,Certhia tianquanensis,1.45420955277586e-07
144,Certhia tianquanensis,1.99129090105998e-06
145,Certhia tianquanensis,2.51089682024031e-06
146,Certhia tianquanensis,4.63682141571553e-07
147,Certhia tianquanensis,3.29639351548394e-06
148,Certhia tianquanensis,2.35300353779166e-06
149,Certhia tianquanensis,0.00396705884486437
150,Certhia tianquanensis,0.0364214070141315
151,Certhia tianquanensis,0.0042778835631907
152,Certhia tianquanensis,0.0423324182629585
153,Certhia tianquanensis,2.50214111474634e-06
154,Certhia tianquanensis,3.34131385670844e-07
155,Certhia tianquanensis,7.97644952399423e-06
156,Certhia tianquanensis,0.000100778735941276
157,Certhia tianquanensis,0.00117036642041057
158,Certhia tianquanensis,0.00574849499389529
159,Certhia tianquanensis,0.015763184055686
160,Certhia tianquanensis,0.00785249657928944
161,Certhia tianquanensis,4.58031099697109e-05
162,Certhia tianquanensis,5.68764471609029e-06
163,Certhia tianquanensis,9.71789404502488e-07
164,Certhia tianquanensis,5.07039999320114e-07
165,Certhia tianquanensis,1.75017262904476e-07
166,Certhia tianquanensis,4.29585220729223e-08
167,Certhia tianquanensis,9.56200452151279e-10
168,Certhia tianquanensis,2.51551779406611e-10
169,Certhia tianquanensis,1.27564081520148e-09
170,Certhia tianquanensis,4.26320978519357e-09
171,Certhia tianquanensis,1.3994274183915e-08
172,Certhia tianquanensis,4.74788457438535e-08
173,Certhia tianquanensis,9.94427509226625e-08
174,Certhia tianquanensis,4.4244319497011e-07
175,Certhia tianquanensis,3.45765016618316e-08
176,Certhia tianquanensis,1.00672705727334e-08
177,Certhia tianquanensis,3.29118642061754e-11
178,Certhia tianquanensis,0.000179825277882628
179,Certhia tianquanensis,1.59743740368867e-06
180,Certhia tianquanensis,3.27928937622346e-05
181,Certhia tianquanensis,4.07779225497507e-05
182,Certhia tianquanensis,0.000524913601111621
183,Certhia tianquanensis,2.75442271231441e-05
184,Certhia tianquanensis,2.69350020971615e-05
185,Certhia tianquanensis,0.00481795100495219
186,Certhia tianquanensis,0.000459226546809077
187,Certhia tianquanensis,2.20842323983561e-07
188,Certhia tianquanensis,6.8777626438532e-05
189,Certhia tianquanensis,0.057474035769701
190,Certhia tianquanensis,9.45987176237395e-06
191,Certhia tianquanensis,0.00425959890708327
192,Certhia tianquanensis,0.000498312525451183
193,Certhia tianquanensis,0.0153868114575744
194,Certhia tianquanensis,0.010157854296267
195,Certhia tianquanensis,0.00220430921763182
196,Certhia tianquanensis,2.44209768425208e-05
197,Certhia tianquanensis,1.17535319077433e-06
198,Certhia tianquanensis,1.92573821777842e-07
199,Certhia tianquanensis,2.49750769398815e-07
200,Certhia tianquanensis,8.60769588939547e-08
201,Certhia tianquanensis,2.80875478431142e-09
202,Certhia tianquanensis,5.10461450886623e-10
203,Certhia tianquanensis,1.87907422954936e-09
204,Certhia tianquanensis,6.61751498043373e-09
205,Certhia tianquanensis,2.20563811659247e-09
206,Certhia tianquanensis,6.80376777140168e-09
207,Certhia tianquanensis,1.80217334388999e-08
208,Certhia tianquanensis,6.26975982243039e-09
209,Certhia tianquanensis,2.11976458608376e-09
210,Certhia tianquanensis,2.58964405475126e-09
211,Certhia tianquanensis,5.91603488420134e-10
212,Certhia tianquanensis,2.31916086335104e-08
213,Certhia tianquanensis,1.06391548349016e-10
214,Certhia tianquanensis,1.51082053889695e-06
215,Certhia tianquanensis,3.93277900911926e-07
216,Certhia tianquanensis,1.58656646931377e-07
217,Certhia tianquanensis,4.92858696077292e-08
218,Certhia tianquanensis,3.8146990846144e-06
219,Certhia tianquanensis,1.42398118896381e-06
220,Certhia tianquanensis,2.49536856244958e-06
221,Certhia tianquanensis,0.00469625229015946
222,Certhia tianquanensis,1.44913713029382e-07
223,Certhia tianquanensis,4.74112681558836e-07
224,Certhia tianquanensis,0.020645534619689
225,Certhia tianquanensis,0.0298810768872499
226,Certhia tianquanensis,2.44398888753494e-05
227,Certhia tianquanensis,0.00697672786191106
228,Certhia tianquanensis,0.167052268981934
229,Certhia tianquanensis,0.000226251941057853
230,Certhia tianquanensis,0.0134286619722843
231,Certhia tianquanensis,0.00806960463523865
232,Certhia tianquanensis,0.000159050759975798
233,Certhia tianquanensis,2.64976233665948e-06
234,Certhia tianquanensis,7.891261475379e-07
235,Certhia tianquanensis,2.0055885840975e-07
236,Certhia tianquanensis,5.01225372318004e-07
237,Certhia tianquanensis,6.74052316185225e-08
238,Certhia tianquanensis,1.93929960978778e-09
239,Certhia tianquanensis,1.96230254267959e-09
240,Certhia tianquanensis,2.13997397580101e-09
241,Certhia tianquanensis,3.14067749584979e-09
242,Certhia tianquanensis,1.35679922852461e-09
243,Certhia tianquanensis,2.81769674259635e-09
244,Certhia tianquanensis,1.46108869447659e-09
245,Certhia tianquanensis,4.43880349143555e-10
246,Certhia tianquanensis,9.67388280592729e-10
247,Certhia tianquanensis,9.58726342759064e-09
248,Certhia tianquanensis,1.60713309327321e-08
249,Certhia tianquanensis,1.01108435859865e-11
250,Certhia tianquanensis,2.13484767641603e-08
251,Certhia tianquanensis,4.88343118831836e-07
252,Certhia tianquanensis,5.62109043755754e-08
253,Certhia tianquanensis,1.93134184200972e-07
254,Certhia tianquanensis,1.17194212667648e-10
255,Certhia tianquanensis,4.2052725746089e-08
256,Certhia tianquanensis,3.16909478215166e-07
257,Certhia tianquanensis,0.000168555561685935
258,Certhia tianquanensis,2.3038910512696e-07
259,Certhia tianquanensis,1.24417374536279e-05
260,Certhia tianquanensis,3.36768280249089e-05
261,Certhia tianquanensis,0.00323576130904257
262,Certhia tianquanensis,1.87938303497504e-06
263,Certhia tianquanensis,0.00095745618455112
264,Certhia tianquanensis,0.345488250255585
265,Certhia tianquanensis,9.92645509541035e-05
266,Certhia tianquanensis,0.0232671685516834
267,Certhia tianquanensis,0.00748659810051322
268,Certhia tianquanensis,0.00192688999231905
269,Certhia tianquanensis,9.98607447399991e-06
270,Certhia tianquanensis,9.07752962575614e-07
271,Certhia tianquanensis,1.17748083994229e-06
272,Certhia tianquanensis,2.07247822459067e-07
273,Certhia tianquanensis,3.87374171850752e-07
274,Certhia tianquanensis,4.29080948549654e-08
275,Certhia tianquanensis,6.95236623826645e-09
276,Certhia tianquanensis,1.36898519187412e-08
277,Certhia tianquanensis,6.65176180802973e-09
278,Certhia tianquanensis,2.75091807111494e-08
279,Certhia tianquanensis,1.33314870254253e-09
280,Certhia tianquanensis,8.05399857917166e-10
281,Certhia tianquanensis,6.05349381732623e-10
282,Certhia tianquanensis,2.62225455571752e-07
283,Certhia tianquanensis,2.09600281575462e-10
284,Certhia tianquanensis,9.96599851255109e-12
285,Certhia tianquanensis,3.0368454972951e-10
286,Certhia tianquanensis,2.58943032349634e-07
287,Certhia tianquanensis,6.87057990944595e-06
288,Certhia tianquanensis,1.35110767018887e-07
289,Certhia tianquanensis,2.31893650948223e-08
290,Certhia tianquanensis,1.18625518297222e-08
291,Certhia tianquanensis,1.42065443853312e-08
292,Certhia tianquanensis,7.24269781926523e-08
293,Certhia tianquanensis,5.88989337302337e-08
294,Certhia tianquanensis,5.42524105640041e-07
295,Certhia tianquanensis,3.40942779075704e-06
296,Certhia tianquanensis,7.53727533719939e-07
297,Certhia tianquanensis,2.36860869335942e-05
298,Certhia tianquanensis,8.50663127494045e-06
299,Certhia tianquanensis,5.33480852027424e-05
300,Certhia tianquanensis,0.000644045940134674
301,Certhia tianquanensis,1.09268812593655e-05
302,Certhia tianquanensis,0.00782235153019428
303,Certhia tianquanensis,0.0138795226812363
304,Certhia tianquanensis,0.00083681324031204
305,Certhia tianquanensis,2.50414123001974e-05
306,Certhia tianquanensis,5.79376774112461e-06
307,Certhia tianquanensis,3.77212427338236e-06
308,Certhia tianquanensis,1.09441361928475e-06
309,Certhia tianquanensis,1.11260916924039e-07
310,Certhia tianquanensis,6.85148862089591e-08
311,Certhia tianquanensis,4.17007015585114e-08
312,Certhia tianquanensis,2.53880774181425e-08
313,Certhia tianquanensis,4.78148143301382e-09
314,Certhia tianquanensis,2.52781240384081e-09
315,Certhia tianquanensis,3.82684417488122e-09
316,Certhia tianquanensis,1.13664055945151e-09
317,Certhia tianquanensis,1.55598356421649e-09
318,Certhia tianquanensis,5.97332805440942e-09
319,Certhia tianquanensis,3.24195639223035e-06
320,Certhia tianquanensis,1.80999326637732e-10
321,Certhia tianquanensis,1.06607640191214e-05
322,Certhia tianquanensis,2.94000335188116e-09
323,Certhia tianquanensis,6.23150211986889e-11
324,Certhia tianquanensis,4.54493997992245e-10
325,Certhia tianquanensis,5.09388144109835e-07
326,Certhia tianquanensis,2.09819432939184e-07
327,Certhia tianquanensis,4.29298694371028e-08
328,Certhia tianquanensis,3.65148178360641e-09
329,Certhia tianquanensis,7.09147296440449e-10
330,Certhia tianquanensis,4.04814584631374e-11
331,Certhia tianquanensis,1.63563083077634e-08
332,Certhia tianquanensis,4.52243753557013e-09
333,Certhia tianquanensis,3.21273176950854e-08
334,Certhia tianquanensis,3.18948963240473e-07
335,Certhia tianquanensis,5.60981391117821e-07
336,Certhia tianquanensis,1.65690416942255e-09
337,Certhia tianquanensis,3.05127628053015e-07
338,Certhia tianquanensis,6.48394802738039e-07
339,Certhia tianquanensis,0.000159157119924203
340,Certhia tianquanensis,8.71304073370993e-05
341,Certhia tianquanensis,5.63888534088619e-06
342,Certhia tianquanensis,0.00112074543721974
343,Certhia tianquanensis,0.00062955473549664
344,Certhia tianquanensis,2.69830234174151e-05
345,Certhia tianquanensis,9.84035636975022e-07
346,Certhia tianquanensis,3.91425919588073e-06
347,Certhia tianquanensis,3.8335729186656e-06
348,Certhia tianquanensis,3.51043155433217e-07
349,Certhia tianquanensis,2.21645976239415e-07
350,Certhia tianquanensis,5.043272039984e-07
351,Certhia tianquanensis,7.52119831304299e-07
352,Certhia tianquanensis,3.07751633954467e-07
353,Certhia tianquanensis,2.4593734337941e-07
354,Certhia tianquanensis,1.65777203164907e-06
355,Certhia tianquanensis,1.15125388333581e-07
356,Certhia tianquanensis,2.35138859494555e-08
357,Certhia tianquanensis,1.649372971535e-09
358,Certhia tianquanensis,5.7886836657417e-07
359,Certhia tianquanensis,1.4121406266554e-09
360,Certhia tianquanensis,1.71309579855006e-07
361,Certhia tianquanensis,1.50448181557294e-06
362,Certhia tianquanensis,4.25495016997957e-08
363,Certhia tianquanensis,2.0220999985554e-08
364,Certhia tianquanensis,1.63474979331113e-07
365,Certhia tianquanensis,2.69707225442062e-08
366,Certhia tianquanensis,4.01701871766136e-09
367,Certhia tianquanensis,5.26916357768137e-11
368,Certhia tianquanensis,2.00012853501796e-11
369,Certhia tianquanensis,1.40137057513812e-09
370,Certhia tianquanensis,2.43948639067071e-09
371,Certhia tianquanensis,2.77474576648729e-09
372,Certhia tianquanensis,3.58848351034169e-09
373,Certhia tianquanensis,5.53139223313792e-08
374,Certhia tianquanensis,9.52780632168526e-10
375,Certhia tianquanensis,2.57251073776388e-08
376,Certhia tianquanensis,2.23749587746624e-08
377,Certhia tianquanensis,1.9911453819077e-07
378,Certhia tianquanensis,8.75332807481755e-06
379,Certhia tianquanensis,1.29580548673403e-05
380,Certhia tianquanensis,1.54936751641799e-05
381,Certhia tianquanensis,7.87367607699707e-05
382,Certhia tianquanensis,2.40936697082361e-05
383,Certhia tianquanensis,9.24836785998195e-06
384,Certhia tianquanensis,8.83125721884426e-07
385,Certhia tianquanensis,7.39635311219899e-07
386,Certhia tianquanensis,6.89695980327088e-06
387,Certhia tianquanensis,1.46560705616139e-05
388,Certhia tianquanensis,9.89312502497341e-06
389,Certhia tianquanensis,2.17992565012537e-05
390,Certhia tianquanensis,3.76830612367485e-05
391,Certhia tianquanensis,3.79637567675672e-05
392,Certhia tianquanensis,4.58150752820075e-05
393,Certhia tianquanensis,6.7660010245163e-05
394,Certhia tianquanensis,5.07817730976967e-06
395,Certhia tianquanensis,5.63906667139236e-07
396,Certhia tianquanensis,3.48489015422615e-11
397,Certhia tianquanensis,1.43960642018381e-11
398,Certhia tianquanensis,5.06001329725336e-09
399,Certhia tianquanensis,1.11197329122348e-09
400,Certhia tianquanensis,8.28522050966285e-09
401,Certhia tianquanensis,3.55745793934048e-10
402,Certhia tianquanensis,7.93170473745164e-10
403,Certhia tianquanensis,2.10446673976072e-10
404,Certhia tianquanensis,5.54938872632249e-11
405,Certhia tianquanensis,1.51887998706135e-11
406,Certhia tianquanensis,1.07226914847214e-10
407,Certhia tianquanensis,3.02259328677224e-10
408,Certhia tianquanensis,8.96217322576831e-10
409,Certhia tianquanensis,1.06843573988158e-08
410,Certhia tianquanensis,4.50822046360599e-09
411,Certhia tianquanensis,6.68959421190607e-09
412,Certhia tianquanensis,1.0915436554626e-08
413,Certhia tianquanensis,7.74081065912924e-09
414,Certhia tianquanensis,1.48480054917854e-07
415,Certhia tianquanensis,1.33812704916636e-06
416,Certhia tianquanensis,6.4443097471667e-06
417,Certhia tianquanensis,6.22722200205317e-06
418,Certhia tianquanensis,1.00648612715304e-05
419,Certhia tianquanensis,6.93404444973567e-06
420,Certhia tianquanensis,9.73167402662511e-07
421,Certhia tianquanensis,4.83661369798938e-06
422,Certhia tianquanensis,5.54361849935958e-06
423,Certhia tianquanensis,4.97998189530335e-06
424,Certhia tianquanensis,3.7910087939963e-06
425,Certhia tianquanensis,8.97233039722778e-05
426,Certhia tianquanensis,6.36194235994481e-05
427,Certhia tianquanensis,7.93786311987788e-05
428,Certhia tianquanensis,4.00601238652598e-05
429,Certhia tianquanensis,2.45414448727388e-05
430,Certhia tianquanensis,1.91585768334335e-05
431,Certhia tianquanensis,2.42047099163756e-05
432,Certhia tianquanensis,1.29251593534718e-05
433,Certhia tianquanensis,6.6994175540458e-08
434,Certhia tianquanensis,4.67491627006988e-12
435,Certhia tianquanensis,2.19026866088434e-10
436,Certhia tianquanensis,1.86045803762802e-10
437,Certhia tianquanensis,1.36295141839327e-10
438,Certhia tianquanensis,3.02876387164863e-12
439,Certhia tianquanensis,1.0822473472949e-10
440,Certhia tianquanensis,9.61146023881199e-11
441,Certhia tianquanensis,9.4965329003327e-12
442,Certhia tianquanensis,1.87987021782465e-11
443,Certhia tianquanensis,2.10171203357534e-11
444,Certhia tianquanensis,4.08404213225744e-11
445,Certhia tianquanensis,2.61012744751099e-09
446,Certhia tianquanensis,9.98110039063249e-10
447,Certhia tianquanensis,2.04535588466115e-09
448,Certhia tianquanensis,1.23572982957398e-08
449,Certhia tianquanensis,6.31990602073529e-08
450,Certhia tianquanensis,6.81158551785188e-09
451,Certhia tianquanensis,8.89344153875982e-09
452,Certhia tianquanensis,5.57178782401024e-06
453,Certhia tianquanensis,3.08556336676702e-05
454,Certhia tianquanensis,8.20352488517528e-06
455,Certhia tianquanensis,1.04438213384128e-05
456,Certhia tianquanensis,8.31828492664499e-06
457,Certhia tianquanensis,7.96620588516817e-06
458,Certhia tianquanensis,9.79836022452218e-06
459,Certhia tianquanensis,1.18459911391255e-05
460,Certhia tianquanensis,1.60228246386396e-05
461,Certhia tianquanensis,1.31197093651281e-05
462,Certhia tianquanensis,2.09754743991653e-05
463,Certhia tianquanensis,2.16877542698057e-05
464,Certhia tianquanensis,8.99396763998084e-06
465,Certhia tianquanensis,9.79243486654013e-06
466,Certhia tianquanensis,4.5267001951288e-06
467,Certhia tianquanensis,3.40345991389768e-06
468,Certhia tianquanensis,2.5433425889787e-06
469,Certhia tianquanensis,2.22044604925031e-16
470,Certhia tianquanensis,3.22867991023323e-12
471,Certhia tianquanensis,1.49713557523468e-11
472,Certhia tianquanensis,9.92304849400938e-12
473,Certhia tianquanensis,2.21463056226945e-11
474,Certhia tianquanensis,1.57140776085862e-11
475,Certhia tianquanensis,4.19772419948949e-12
476,Certhia tianquanensis,1.09175108189974e-11
477,Certhia tianquanensis,4.27454035709096e-12
478,Certhia tianquanensis,2.3872731048924e-12
479,Certhia tianquanensis,4.79026106975367e-12
480,Certhia tianquanensis,9.8684775629021e-12
481,Certhia tianquanensis,4.7527972668604e-09
482,Certhia tianquanensis,7.96224597365836e-08
483,Certhia tianquanensis,6.15366104739223e-07
484,Certhia tianquanensis,1.39975827551098e-06
485,Certhia tianquanensis,2.36146388488123e-06
486,Certhia tianquanensis,1.90419868317804e-07
487,Certhia tianquanensis,6.41046682403612e-08
488,Certhia tianquanensis,1.25806735695733e-07
489,Certhia tianquanensis,1.10096084426914e-06
490,Certhia tianquanensis,1.00173883765819e-06
491,Certhia tianquanensis,3.41316035701311e-06
492,Certhia tianquanensis,2.87289685729775e-06
493,Certhia tianquanensis,4.67094423584058e-06
494,Certhia tianquanensis,3.93104573959135e-06
495,Certhia tianquanensis,3.90366722058388e-06
496,Certhia tianquanensis,2.92524418910034e-06
497,Certhia tianquanensis,2.53411303674511e-06
498,Certhia tianquanensis,1.05151343632315e-06
499,Certhia tianquanensis,7.39692268325598e-07
500,Certhia tianquanensis,5.24191761996917e-07
501,Certhia tianquanensis,3.2193099741562e-07
502,Certhia tianquanensis,2.76896685136308e-07
503,Certhia tianquanensis,5.96088511883863e-07
504,Certhia tianquanensis,1.62338153586461e-06
505,Certhia tianquanensis,3.42059211106971e-05
506,Certhia tianquanensis,2.22044604925031e-16
507,Certhia tianquanensis,7.48234644815798e-13
508,Certhia tianquanensis,1.04109375200639e-13
509,Certhia tianquanensis,2.80964552838714e-12
510,Certhia tianquanensis,5.44594187454339e-12
511,Certhia tianquanensis,1.13074762227161e-12
512,Certhia tianquanensis,4.95525582372425e-12
513,Certhia tianquanensis,1.45439920957308e-12
514,Certhia tianquanensis,1.04039053847732e-12
515,Certhia tianquanensis,1.2654558824432e-11
516,Certhia tianquanensis,2.99195078434789e-11
517,Certhia tianquanensis,1.18710222207774e-10
518,Certhia tianquanensis,1.86618054343057e-10
519,Certhia tianquanensis,3.3426132972636e-07
520,Certhia tianquanensis,4.59208592928917e-07
521,Certhia tianquanensis,1.98242346982624e-07
522,Certhia tianquanensis,8.27066681807764e-09
523,Certhia tianquanensis,4.21223589341935e-09
524,Certhia tianquanensis,3.95497057326111e-09
525,Certhia tianquanensis,2.58422883092635e-09
526,Certhia tianquanensis,1.58140966988185e-08
527,Certhia tianquanensis,6.28208240982531e-08
528,Certhia tianquanensis,2.22898802348936e-06
529,Certhia tianquanensis,1.85627300197666e-06
530,Certhia tianquanensis,8.44119824705558e-07
531,Certhia tianquanensis,4.8263257212966e-07
532,Certhia tianquanensis,7.10347933363664e-07
533,Certhia tianquanensis,2.88984637109024e-07
534,Certhia tianquanensis,1.9979937349035e-07
535,Certhia tianquanensis,1.556363997679e-07
536,Certhia tianquanensis,5.9601933344311e-07
537,Certhia tianquanensis,9.68422568803362e-08
538,Certhia tianquanensis,3.14514807087107e-07
539,Certhia tianquanensis,1.1634575081132e-08
540,Certhia tianquanensis,1.30946089527129e-08
541,Certhia tianquanensis,1.28105995145233e-07
542,Certhia tianquanensis,4.12200762411885e-07
543,Certhia tianquanensis,5.49240758118685e-06
544,Certhia tianquanensis,1.93996565940324e-05
545,Certhia tianquanensis,1.025578753866e-11
546,Certhia tianquanensis,9.5391264332001e-12
547,Certhia tianquanensis,3.18051456815738e-06
548,Certhia tianquanensis,3.32835945471288e-08
549,Certhia tianquanensis,1.59388946485706e-06
550,Certhia tianquanensis,2.41400584855001e-06
551,Certhia tianquanensis,1.06691814494297e-07
552,Certhia tianquanensis,1.03078198754325e-10
553,Certhia tianquanensis,5.86659332224571e-11
554,Certhia tianquanensis,6.45918388220146e-12
555,Certhia tianquanensis,9.12045872852874e-12
556,Certhia tianquanensis,2.61596327932878e-10
557,Certhia tianquanensis,1.76819039410248e-08
558,Certhia tianquanensis,3.46034401133011e-09
559,Certhia tianquanensis,5.0183231792289e-08
560,Certhia tianquanensis,3.73940789444305e-09
561,Certhia tianquanensis,3.81849607489215e-10
562,Certhia tianquanensis,4.75397499144492e-10
563,Certhia tianquanensis,8.20686907321289e-10
564,Certhia tianquanensis,1.91036320096316e-09
565,Certhia tianquanensis,1.24464293094206e-07
566,Certhia tianquanensis,3.35973879828089e-08
567,Certhia tianquanensis,4.23173275976296e-07
568,Certhia tianquanensis,4.47859065388911e-07
569,Certhia tianquanensis,1.80655860049228e-07
570,Certhia tianquanensis,1.43341225111726e-07
571,Certhia tianquanensis,2.12058495208112e-08
572,Certhia tianquanensis,1.25288517338618e-08
573,Certhia tianquanensis,1.51984913543402e-08
574,Certhia tianquanensis,7.69861774330138e-09
575,Certhia tianquanensis,5.3047224390923e-09
576,Certhia tianquanensis,1.05729327515292e-07
577,Certhia tianquanensis,8.86293136659333e-08
578,Certhia tianquanensis,5.13545206359822e-09
579,Certhia tianquanensis,6.09654771110968e-09
580,Certhia tianquanensis,8.75313599379979e-09
581,Certhia tianquanensis,2.16270543140773e-11
582,Certhia tianquanensis,9.01809382725105e-09
583,Certhia tianquanensis,1.46200318340561e-06
584,Certhia tianquanensis,3.47009698753453e-10
585,Certhia tianquanensis,2.60149501940532e-08
586,Certhia tianquanensis,4.74780193826518e-07
587,Certhia tianquanensis,3.39758202017038e-07
588,Certhia tianquanensis,1.18462054388147e-07
589,Certhia tianquanensis,3.33463589186067e-07
590,Certhia tianquanensis,1.04807227785386e-07
591,Certhia tianquanensis,7.57174518639658e-08
592,Certhia tianquanensis,1.78438486209132e-09
593,Certhia tianquanensis,5.39380151654001e-10
594,Certhia tianquanensis,6.79327483155134e-10
595,Certhia tianquanensis,3.32838183680906e-08
596,Certhia tianquanensis,3.74756137233589e-09
597,Certhia tianquanensis,8.7876084187144e-10
598,Certhia tianquanensis,3.80210574135731e-09
599,Certhia tianquanensis,3.94749166687802e-09
600,Certhia tianquanensis,2.20119769633875e-10
601,Certhia tianquanensis,4.03251334546439e-08
602,Certhia tianquanensis,7.29142399791272e-08
603,Certhia tianquanensis,1.25298029729493e-07
604,Certhia tianquanensis,4.78976396323105e-08
605,Certhia tianquanensis,6.25214084948311e-08
606,Certhia tianquanensis,3.6000283643034e-08
607,Certhia tianquanensis,2.85574621727847e-08
608,Certhia tianquanensis,5.15865439254526e-09
609,Certhia tianquanensis,2.50633847009851e-09
610,Certhia tianquanensis,1.95675586844857e-09
611,Certhia tianquanensis,1.31106570044892e-09
612,Certhia tianquanensis,1.30903368145141e-08
613,Certhia tianquanensis,1.62519828705854e-08
614,Certhia tianquanensis,8.69920491197718e-09
615,Certhia tianquanensis,7.15080217261743e-10
616,Certhia tianquanensis,1.91263604953917e-09
617,Certhia tianquanensis,2.22044604925031e-16
618,Certhia tianquanensis,1.09356542452588e-05
619,Certhia tianquanensis,4.38512115508161e-09
620,Certhia tianquanensis,1.40771326886946e-11
621,Certhia tianquanensis,3.36597499872582e-10
622,Certhia tianquanensis,2.62303045950318e-09
623,Certhia tianquanensis,2.03577769752883e-07
624,Certhia tianquanensis,5.90450497384154e-08
625,Certhia tianquanensis,6.82025902420946e-09
626,Certhia tianquanensis,2.14120046138078e-08
627,Certhia tianquanensis,1.35480808793886e-08
628,Certhia tianquanensis,1.3216164518326e-07
629,Certhia tianquanensis,6.15441564377761e-08
630,Certhia tianquanensis,5.52907089002019e-08
631,Certhia tianquanensis,3.12293124693497e-09
632,Certhia tianquanensis,2.746352656402e-08
633,Certhia tianquanensis,9.32931598640607e-08
634,Certhia tianquanensis,1.96346917391566e-07
635,Certhia tianquanensis,2.32716175219139e-08
636,Certhia tianquanensis,3.77315911848086e-09
637,Certhia tianquanensis,1.39760292228175e-09
638,Certhia tianquanensis,1.36347097168255e-07
639,Certhia tianquanensis,3.62308902879249e-08
640,Certhia tianquanensis,1.73856005147854e-08
641,Certhia tianquanensis,5.29985122454946e-09
642,Certhia tianquanensis,1.0828239638272e-08
643,Certhia tianquanensis,6.75964706431387e-09
644,Certhia tianquanensis,6.59486909526663e-09
645,Certhia tianquanensis,2.10412887113876e-09
646,Certhia tianquanensis,5.80836323482714e-10
647,Certhia tianquanensis,4.68310425161267e-11
648,Certhia tianquanensis,8.25705476215077e-11
649,Certhia tianquanensis,2.40184899746865e-10
650,Certhia tianquanensis,6.55931575721525e-09
651,Certhia tianquanensis,1.98534411133267e-09
652,Certhia tianquanensis,2.88878920784441e-09
653,Certhia tianquanensis,7.41983641194821e-10
654,Certhia tianquanensis,3.98085475694643e-09
655,Certhia tianquanensis,5.14573699206267e-08
656,Certhia tianquanensis,6.32320507065742e-07
657,Certhia tianquanensis,7.40032646273647e-10
658,Certhia tianquanensis,2.1281286455288e-10
659,Certhia tianquanensis,1.57017454593955e-09
660,Certhia tianquanensis,3.86519172224098e-09
661,Certhia tianquanensis,1.02446982452875e-07
662,Certhia tianquanensis,2.35922215097162e-08
663,Certhia tianquanensis,6.92978607830241e-09
664,Certhia tianquanensis,3.48582283038468e-08
665,Certhia tianquanensis,4.09328428929712e-08
666,Certhia tianquanensis,5.08026261059058e-08
667,Certhia tianquanensis,1.1000493849167e-08
668,Certhia tianquanensis,2.00710137399085e-09
669,Certhia tianquanensis,2.79940154390701e-10
670,Certhia tianquanensis,2.06966134896902e-07
671,Certhia tianquanensis,3.15423740460119e-08
672,Certhia tianquanensis,3.89248810961362e-07
673,Certhia tianquanensis,2.61586052374696e-07
674,Certhia tianquanensis,8.84082211882742e-08
675,Certhia tianquanensis,9.54051149193447e-09
676,Certhia tianquanensis,2.54449172842897e-08
677,Certhia tianquanensis,6.15298700878952e-09
678,Certhia tianquanensis,3.10948622406215e-09
679,Certhia tianquanensis,2.27239393968404e-10
680,Certhia tianquanensis,5.50023360190721e-10
681,Certhia tianquanensis,2.72414513169394e-09
682,Certhia tianquanensis,3.49325901538577e-10
683,Certhia tianquanensis,1.79684170320549e-10
684,Certhia tianquanensis,2.98978931889682e-11
685,Certhia tianquanensis,3.67933079836735e-11
686,Certhia tianquanensis,4.58685390017366e-12
687,Certhia tianquanensis,2.03613931271107e-11
688,Certhia tianquanensis,6.24271745408578e-10
689,Certhia tianquanensis,7.2246947313559e-10
690,Certhia tianquanensis,7.11892322868835e-10
691,Certhia tianquanensis,3.3445385350106e-10
692,Certhia tianquanensis,5.04987607286012e-10
693,Certhia tianquanensis,1.00132524494256e-09
694,Certhia tianquanensis,6.91635804184188e-10
695,Certhia tianquanensis,3.34242766797388e-09
696,Certhia tianquanensis,2.22044604925031e-16
697,Certhia tianquanensis,6.93987161071163e-08
698,Certhia tianquanensis,2.35420266614383e-10
699,Certhia tianquanensis,2.54195026139215e-10
700,Certhia tianquanensis,3.36151817492691e-09
701,Certhia tianquanensis,3.49167450508503e-09
702,Certhia tianquanensis,4.47216663701511e-08
703,Certhia tianquanensis,5.58223014479609e-08
704,Certhia tianquanensis,2.67155826350063e-08
705,Certhia tianquanensis,3.38390790943777e-08
706,Certhia tianquanensis,5.72437848234131e-08
707,Certhia tianquanensis,1.0361043578655e-08
708,Certhia tianquanensis,7.27322486682169e-08
709,Certhia tianquanensis,2.62606185685854e-08
710,Certhia tianquanensis,8.61275850638776e-09
711,Certhia tianquanensis,1.21125891539009e-08
712,Certhia tianquanensis,3.27225868623771e-09
713,Certhia tianquanensis,3.04296676745253e-08
714,Certhia tianquanensis,1.57461599314956e-08
715,Certhia tianquanensis,8.88157991596472e-09
716,Certhia tianquanensis,2.58536059227765e-09
717,Certhia tianquanensis,9.89686554930813e-10
718,Certhia tianquanensis,2.84136963957238e-10
719,Certhia tianquanensis,1.79339446071403e-10
720,Certhia tianquanensis,6.50771103671843e-11
721,Certhia tianquanensis,3.54004013602971e-11
722,Certhia tianquanensis,3.82851458868849e-11
723,Certhia tianquanensis,1.57418193064141e-11
724,Certhia tianquanensis,1.14056169023269e-11
725,Certhia tianquanensis,1.08217931144017e-11
726,Certhia tianquanensis,6.07989656883912e-12
727,Certhia tianquanensis,7.33649512668633e-12
728,Certhia tianquanensis,7.64992930113451e-11
729,Certhia tianquanensis,2.25513177576353e-10
730,Certhia tianquanensis,2.39589431627607e-10
731,Certhia tianquanensis,2.21407170375443e-10
732,Certhia tianquanensis,7.69523111898707e-10
733,Certhia tianquanensis,1.71540226467926e-10
734,Certhia tianquanensis,1.05991909693515e-10
735,Certhia tianquanensis,2.22044604925031e-16
736,Certhia tianquanensis,1.16745058065248e-10
737,Certhia tianquanensis,1.84444612361112e-10
738,Certhia tianquanensis,1.43352651971185e-09
739,Certhia tianquanensis,5.67755620295429e-08
740,Certhia tianquanensis,4.08366247484082e-08
741,Certhia tianquanensis,2.91089161663649e-08
742,Certhia tianquanensis,2.96745206185278e-08
743,Certhia tianquanensis,2.36510899753739e-07
744,Certhia tianquanensis,1.53411136238901e-07
745,Certhia tianquanensis,3.62689682731343e-08
746,Certhia tianquanensis,1.76841421506424e-08
747,Certhia tianquanensis,1.01772101857023e-08
748,Certhia tianquanensis,4.37897634819606e-10
749,Certhia tianquanensis,2.8023250386866e-10
750,Certhia tianquanensis,8.71534311386313e-09
751,Certhia tianquanensis,3.19513209293132e-12
752,Certhia tianquanensis,1.79740236583292e-10
753,Certhia tianquanensis,6.85702783442821e-09
754,Certhia tianquanensis,6.33104571372278e-13
755,Certhia tianquanensis,8.47502352584878e-13
756,Certhia tianquanensis,1.6165907588267e-12
757,Certhia tianquanensis,3.74939174759698e-13
758,Certhia tianquanensis,3.49300178625195e-13
759,Certhia tianquanensis,7.02143529950072e-13
760,Certhia tianquanensis,1.0221116314435e-10
761,Certhia tianquanensis,4.53597159832953e-11
762,Certhia tianquanensis,5.53686263504716e-11
763,Certhia tianquanensis,1.85101267646814e-10
764,Certhia tianquanensis,9.7591726366808e-11
765,Certhia tianquanensis,1.43008816594348e-11
766,Certhia tianquanensis,6.38944236061589e-12
767,Certhia tianquanensis,5.51282752780935e-08
768,Certhia tianquanensis,3.35748429058924e-10
769,Certhia tianquanensis,3.93622245908887e-09
770,Certhia tianquanensis,3.85952780845855e-09
771,Certhia tianquanensis,3.08310061508665e-12
772,Certhia tianquanensis,6.50164687712729e-12
773,Certhia tianquanensis,9.59454959925665e-10
774,Certhia tianquanensis,2.02837937418598e-11
775,Certhia tianquanensis,1.64462329388729e-13
776,Certhia tianquanensis,1.43282796738475e-09
777,Certhia tianquanensis,5.39738387317357e-09
778,Certhia tianquanensis,4.22918644549242e-11
779,Certhia tianquanensis,9.32414367937895e-10
780,Certhia tianquanensis,1.15716221327222e-10
781,Certhia tianquanensis,2.22044604925031e-16
782,Certhia tianquanensis,2.22044604925031e-16
783,Certhia tianquanensis,2.22044604925031e-16
784,Certhia tianquanensis,2.22044604925031e-16
785,Certhia tianquanensis,4.91672501323759e-12
786,Certhia tianquanensis,1.49688664241587e-11
787,Certhia tianquanensis,8.30031442883294e-12
788,Certhia tianquanensis,7.63859548530421e-12
789,Certhia tianquanensis,9.73532279097133e-12
790,Certhia tianquanensis,2.34540616095291e-11
791,Certhia tianquanensis,1.73916512701683e-12
792,Certhia tianquanensis,2.50635710102864e-12
793,Certhia tianquanensis,4.24425945777518e-12
794,Certhia tianquanensis,2.22044604925031e-16
795,Certhia tianquanensis,2.22044604925031e-16
796,Certhia tianquanensis,2.34821667319252e-12
797,Certhia tianquanensis,3.25761119468471e-11
798,Certhia tianquanensis,2.89820576392097e-13
799,Certhia tianquanensis,2.25151861599215e-08
800,Certhia tianquanensis,2.22044604925031e-16
801,Certhia tianquanensis,2.22044604925031e-16
802,Certhia tianquanensis,2.22044604925031e-16
803,Certhia tianquanensis,1.46780729931573e-11
804,Certhia tianquanensis,1.82927742398142e-10
805,Certhia tianquanensis,7.14395417822367e-11
806,Certhia tianquanensis,2.22044604925031e-16
807,Certhia tianquanensis,2.22044604925031e-16
808,Certhia tianquanensis,2.22044604925031e-16
809,Certhia tianquanensis,2.22044604925031e-16
810,Certhia tianquanensis,2.22044604925031e-16
811,Certhia tianquanensis,2.22044604925031e-16
812,Certhia tianquanensis,1.30028203915861e-12
813,Certhia tianquanensis,1.25392870999747e-12
814,Certhia tianquanensis,1.78269649476343e-12
815,Certhia tianquanensis,9.33318309789821e-13
816,Certhia tianquanensis,9.31491320708966e-13
817,Certhia tianquanensis,2.502687185095e-13
818,Certhia tianquanensis,1.07833325060057e-13
819,Certhia tianquanensis,1.61164311063278e-12
820,Certhia tianquanensis,1.09784320523332e-10
821,Certhia tianquanensis,2.22044604925031e-16
822,Certhia tianquanensis,5.12675405600627e-13
823,Certhia tianquanensis,7.97454376838536e-12
824,Certhia tianquanensis,2.22044604925031e-16
825,Certhia tianquanensis,2.22044604925031e-16
826,Certhia tianquanensis,2.22044604925031e-16
827,Certhia tianquanensis,2.22044604925031e-16
828,Certhia tianquanensis,2.22044604925031e-16
829,Certhia tianquanensis,2.22044604925031e-16
830,Certhia tianquanensis,2.22044604925031e-16
831,Certhia tianquanensis,2.22044604925031e-16
832,Certhia tianquanensis,4.19932724661162e-13
833,Certhia tianquanensis,1.09671874446576e-12
834,Certhia tianquanensis,1.30264980117804e-13
835,Certhia tianquanensis,2.22044604925031e-16
836,Certhia tianquanensis,2.22044604925031e-16
837,Certhia tianquanensis,2.22044604925031e-16
838,Certhia tianquanensis,4.00563994950795e-13
839,Certhia tianquanensis,5.80992936052849e-12
840,Certhia tianquanensis,6.13715588765329e-12
841,Certhia tianquanensis,2.22044604925031e-16
842,Certhia tianquanensis,2.22044604925031e-16
843,Certhia tianquanensis,2.22044604925031e-16
844,Certhia tianquanensis,2.22044604925031e-16
845,Certhia tianquanensis,2.22044604925031e-16
846,Certhia tianquanensis,2.22044604925031e-16
847,Certhia tianquanensis,2.22044604925031e-16
848,Certhia tianquanensis,2.22044604925031e-16
849,Certhia tianquanensis,2.22044604925031e-16
850,Certhia tianquanensis,2.22044604925031e-16
851,Certhia tianquanensis,2.22044604925031e-16
852,Certhia tianquanensis,2.22044604925031e-16
853,Certhia tianquanensis,2.22044604925031e-16
854,Certhia tianquanensis,1.3964820781958e-13
855,Certhia tianquanensis,2.22044604925031e-16
856,Certhia tianquanensis,2.22044604925031e-16
857,Certhia tianquanensis,2.22044604925031e-16
858,Certhia tianquanensis,2.22044604925031e-16
859,Certhia tianquanensis,3.2751861119007e-13
860,Certhia tianquanensis,1.19566509471092e-12
861,Certhia tianquanensis,5.58573760162107e-12
862,Certhia tianquanensis,2.22044604925031e-16
863,Certhia tianquanensis,2.22044604925031e-16
864,Certhia tianquanensis,2.22044604925031e-16
865,Certhia tianquanensis,2.22044604925031e-16
866,Certhia tianquanensis,2.22044604925031e-16
867,Certhia tianquanensis,2.22044604925031e-16
868,Certhia tianquanensis,2.22044604925031e-16
869,Certhia tianquanensis,2.22044604925031e-16
870,Certhia tianquanensis,2.22044604925031e-16
871,Certhia tianquanensis,2.22044604925031e-16
872,Certhia tianquanensis,2.22044604925031e-16
873,Certhia tianquanensis,2.22044604925031e-16
874,Certhia tianquanensis,2.22044604925031e-16
875,Certhia tianquanensis,2.22044604925031e-16
876,Certhia tianquanensis,1.75400818001881e-13
877,Certhia tianquanensis,2.13123312400865e-12
878,Certhia tianquanensis,2.22044604925031e-16
879,Certhia tianquanensis,2.22044604925031e-16
880,Certhia tianquanensis,2.22044604925031e-16
881,Certhia tianquanensis,2.22044604925031e-16
882,Certhia tianquanensis,2.22044604925031e-16
883,Certhia tianquanensis,2.22044604925031e-16
884,Certhia tianquanensis,2.22044604925031e-16
885,Certhia tianquanensis,2.22044604925031e-16
886,Certhia tianquanensis,2.22044604925031e-16
887,Certhia tianquanensis,2.22044604925031e-16
888,Certhia tianquanensis,2.22044604925031e-16
889,Certhia tianquanensis,2.22044604925031e-16
890,Certhia tianquanensis,2.22044604925031e-16
891,Certhia tianquanensis,2.22044604925031e-16
892,Certhia tianquanensis,9.62461650633704e-14
893,Certhia tianquanensis,1.61729204789691e-13
894,Certhia tianquanensis,2.22044604925031e-16
895,Certhia tianquanensis,2.22044604925031e-16
896,Certhia tianquanensis,2.22044604925031e-16
897,Certhia tianquanensis,2.22044604925031e-16
898,Certhia tianquanensis,2.22044604925031e-16
899,Certhia tianquanensis,2.22044604925031e-16
900,Certhia tianquanensis,2.22044604925031e-16
901,Certhia tianquanensis,2.22044604925031e-16
902,Certhia tianquanensis,2.22044604925031e-16
903,Certhia tianquanensis,2.22044604925031e-16
904,Certhia tianquanensis,2.22044604925031e-16
905,Certhia tianquanensis,2.22044604925031e-16
906,Certhia tianquanensis,2.22044604925031e-16
907,Certhia tianquanensis,2.22044604925031e-16
908,Certhia tianquanensis,2.22044604925031e-16
909,Certhia tianquanensis,2.22044604925031e-16
910,Certhia tianquanensis,2.22044604925031e-16
911,Certhia tianquanensis,2.22044604925031e-16
912,Certhia tianquanensis,2.22044604925031e-16
913,Certhia tianquanensis,2.22044604925031e-16
914,Certhia tianquanensis,2.22044604925031e-16
915,Certhia tianquanensis,2.22044604925031e-16
916,Certhia tianquanensis,2.22044604925031e-16
917,Certhia tianquanensis,2.22044604925031e-16
918,Certhia tianquanensis,2.22044604925031e-16
919,Certhia tianquanensis,2.22044604925031e-16
920,Certhia tianquanensis,2.22044604925031e-16
921,Certhia tianquanensis,2.22044604925031e-16
922,Certhia tianquanensis,2.22044604925031e-16
923,Certhia tianquanensis,2.22044604925031e-16
924,Certhia tianquanensis,2.22044604925031e-16
925,Certhia tianquanensis,2.22044604925031e-16
926,Certhia tianquanensis,2.22044604925031e-16
927,Certhia tianquanensis,2.22044604925031e-16
928,Certhia tianquanensis,2.22044604925031e-16
929,Certhia tianquanensis,2.22044604925031e-16
930,Certhia tianquanensis,2.22044604925031e-16
931,Certhia tianquanensis,2.22044604925031e-16
932,Certhia tianquanensis,2.22044604925031e-16
933,Certhia tianquanensis,2.22044604925031e-16
934,Certhia tianquanensis,2.22044604925031e-16
935,Certhia tianquanensis,2.22044604925031e-16
936,Certhia tianquanensis,2.22044604925031e-16
937,Certhia tianquanensis,2.22044604925031e-16
938,Certhia tianquanensis,2.22044604925031e-16
939,Certhia tianquanensis,2.22044604925031e-16
940,Certhia tianquanensis,2.22044604925031e-16
941,Certhia tianquanensis,2.22044604925031e-16
1,Aythya nyroca,0.0418963208794594
2,Aythya nyroca,0.0182169824838638
3,Aythya nyroca,0.0127690676599741
4,Aythya nyroca,0.00912780314683914
5,Aythya nyroca,0.0221007764339447
6,Aythya nyroca,0.00168114667758346
7,Aythya nyroca,0.000981208053417504
8,Aythya nyroca,0.0480203740298748
9,Aythya nyroca,0.0425277389585972
10,Aythya nyroca,0.156729727983475
11,Aythya nyroca,0.0354255214333534
12,Aythya nyroca,0.00254170317202806
13,Aythya nyroca,0.00840681418776512
14,Aythya nyroca,0.0017904193373397
15,Aythya nyroca,0.00822682678699493
16,Aythya nyroca,0.0425484851002693
17,Aythya nyroca,0.00483076740056276
18,Aythya nyroca,0.00315524474717677
19,Aythya nyroca,0.0083139231428504
20,Aythya nyroca,0.034899927675724
21,Aythya nyroca,0.0258005112409592
22,Aythya nyroca,0.0193754304200411
23,Aythya nyroca,0.00841404497623444
24,Aythya nyroca,0.009970897808671
25,Aythya nyroca,0.0185859091579914
26,Aythya nyroca,0.185004815459251
27,Aythya nyroca,0.482474982738495
28,Aythya nyroca,0.0259624272584915
29,Aythya nyroca,0.0700541585683823
30,Aythya nyroca,0.0218857116997242
31,Aythya nyroca,0.0229205768555403
32,Aythya nyroca,0.0078079653903842
33,Aythya nyroca,0.0071427165530622
34,Aythya nyroca,0.0203141365200281
35,Aythya nyroca,0.00379853625781834
36,Aythya nyroca,0.00383151462301612
37,Aythya nyroca,0.0220807939767838
38,Aythya nyroca,0.00449554668739438
39,Aythya nyroca,0.0211563110351563
40,Aythya nyroca,0.0143805705010891
41,Aythya nyroca,0.152545124292374
42,Aythya nyroca,0.0803702548146248
43,Aythya nyroca,0.019045002758503
44,Aythya nyroca,0.0791734829545021
45,Aythya nyroca,0.268454372882843
46,Aythya nyroca,0.265414625406265
47,Aythya nyroca,0.0344237759709358
48,Aythya nyroca,0.0723809897899628
49,Aythya nyroca,0.0218000691384077
50,Aythya nyroca,0.0134527236223221
51,Aythya nyroca,0.00319151789881289
52,Aythya nyroca,0.00319151789881289
53,Aythya nyroca,0.00285822339355946
54,Aythya nyroca,0.00284196296706796
55,Aythya nyroca,0.0068504479713738
56,Aythya nyroca,0.012318610213697
57,Aythya nyroca,0.00647224439308047
58,Aythya nyroca,0.00329786143265665
59,Aythya nyroca,0.0104613536968827
60,Aythya nyroca,0.00471459049731493
61,Aythya nyroca,0.0447694435715675
62,Aythya nyroca,0.386890172958374
63,Aythya nyroca,0.165282100439072
64,Aythya nyroca,0.152754783630371
65,Aythya nyroca,0.22258198261261
66,Aythya nyroca,0.403652101755142
67,Aythya nyroca,0.174778133630753
68,Aythya nyroca,0.00750842085108161
69,Aythya nyroca,0.0135350935161114
70,Aythya nyroca,0.0297323353588581
71,Aythya nyroca,0.00606205360963941
72,Aythya nyroca,0.00329647702164948
73,Aythya nyroca,0.00243919668719173
74,Aythya nyroca,0.00283083156682551
75,Aythya nyroca,0.00232345843687654
76,Aythya nyroca,0.00265761255286634
77,Aythya nyroca,0.012759423814714
78,Aythya nyroca,0.0222860798239708
79,Aythya nyroca,0.0125043140724301
80,Aythya nyroca,0.0110603319481015
81,Aythya nyroca,0.0317771323025227
82,Aythya nyroca,0.140409871935844
83,Aythya nyroca,0.0710033550858498
84,Aythya nyroca,0.0106034781783819
85,Aythya nyroca,0.175401657819748
86,Aythya nyroca,0.0469141006469727
87,Aythya nyroca,0.555010199546814
88,Aythya nyroca,0.0106963394209743
89,Aythya nyroca,0.0189871434122324
90,Aythya nyroca,0.0155554413795471
91,Aythya nyroca,0.0222598928958178
92,Aythya nyroca,0.00424926308915019
93,Aythya nyroca,0.00272863102145493
94,Aythya nyroca,0.0053610666655004
95,Aythya nyroca,0.0108535327017307
96,Aythya nyroca,0.00230982806533575
97,Aythya nyroca,0.00368143990635872
98,Aythya nyroca,0.00514849275350571
99,Aythya nyroca,0.0199660565704107
100,Aythya nyroca,0.00819639582186937
101,Aythya nyroca,0.00546754943206906
102,Aythya nyroca,0.146283596754074
103,Aythya nyroca,0.125633701682091
104,Aythya nyroca,0.593074262142181
105,Aythya nyroca,0.0234383083879948
106,Aythya nyroca,0.00693087466061115
107,Aythya nyroca,0.0152446571737528
108,Aythya nyroca,0.046987559646368
109,Aythya nyroca,0.00539355911314488
110,Aythya nyroca,0.00924466457217932
111,Aythya nyroca,0.00555464811623097
112,Aythya nyroca,0.00432491628453136
113,Aythya nyroca,0.00338983186520636
114,Aythya nyroca,0.0292735509574413
115,Aythya nyroca,0.0293230041861534
116,Aythya nyroca,0.0661348551511765
117,Aythya nyroca,0.0114368833601475
118,Aythya nyroca,0.00225268304347992
119,Aythya nyroca,0.00381619343534112
120,Aythya nyroca,0.00614552013576031
121,Aythya nyroca,0.00581529689952731
122,Aythya nyroca,0.00401205010712147
123,Aythya nyroca,0.00345488870516419
124,Aythya nyroca,0.0817461162805557
125,Aythya nyroca,0.0453427061438561
126,Aythya nyroca,0.0261514708399773
127,Aythya nyroca,0.0149362599477172
128,Aythya nyroca,0.0837163403630257
129,Aythya nyroca,0.0531125366687775
130,Aythya nyroca,0.0109439436346293
131,Aythya nyroca,0.00531735876575112
132,Aythya nyroca,0.00480426754802465
133,Aythya nyroca,0.00510139018297195
134,Aythya nyroca,0.00392542267218232
135,Aythya nyroca,0.00377574353478849
136,Aythya nyroca,0.00909814424812794
137,Aythya nyroca,0.00372892338782549
138,Aythya nyroca,0.025181507691741
139,Aythya nyroca,0.040374930948019
140,Aythya nyroca,0.0193252991884947
141,Aythya nyroca,0.0105154272168875
142,Aythya nyroca,0.00390996551141143
143,Aythya nyroca,0.00196612044237554
144,Aythya nyroca,0.0287589430809021
145,Aythya nyroca,0.00542851770296693
146,Aythya nyroca,0.00423347624018788
147,Aythya nyroca,0.00437433179467917
148,Aythya nyroca,0.0143968909978867
149,Aythya nyroca,0.00501324981451035
150,Aythya nyroca,0.108291953802109
151,Aythya nyroca,0.0122262490913272
152,Aythya nyroca,0.00360570964403451
153,Aythya nyroca,0.0221884865313768
154,Aythya nyroca,0.00869366433471441
155,Aythya nyroca,0.0203002654016018
156,Aythya nyroca,0.00991062913089991
157,Aythya nyroca,0.024302264675498
158,Aythya nyroca,0.00859287846833468
159,Aythya nyroca,0.0268607139587402
160,Aythya nyroca,0.00413737958297133
161,Aythya nyroca,0.00368422246538103
162,Aythya nyroca,0.00473263207823038
163,Aythya nyroca,0.0047335010021925
164,Aythya nyroca,0.00479152798652649
165,Aythya nyroca,0.00304583320394158
166,Aythya nyroca,0.0028912874404341
167,Aythya nyroca,0.0233988538384438
168,Aythya nyroca,0.157662704586983
169,Aythya nyroca,0.00670688506215811
170,Aythya nyroca,0.00281402328982949
171,Aythya nyroca,0.00663911318406463
172,Aythya nyroca,0.00250670779496431
173,Aythya nyroca,0.00352824782021344
174,Aythya nyroca,0.00595653988420963
175,Aythya nyroca,0.00322584807872772
176,Aythya nyroca,0.0173733290284872
177,Aythya nyroca,0.38702404499054
178,Aythya nyroca,0.0319399051368237
179,Aythya nyroca,0.0146971680223942
180,Aythya nyroca,0.0629632398486137
181,Aythya nyroca,0.00836616661399603
182,Aythya nyroca,0.00742799555882812
183,Aythya nyroca,0.00462566083297133
184,Aythya nyroca,0.00521370396018028
185,Aythya nyroca,0.00877594389021397
186,Aythya nyroca,0.0124998334795237
187,Aythya nyroca,0.0165332220494747
188,Aythya nyroca,0.0253396183252335
189,Aythya nyroca,0.00914472620934248
190,Aythya nyroca,0.00942273251712322
191,Aythya nyroca,0.00519358040764928
192,Aythya nyroca,0.0248766150325537
193,Aythya nyroca,0.00269041093997657
194,Aythya nyroca,0.0643386170268059
195,Aythya nyroca,0.00660711945965886
196,Aythya nyroca,0.004503452219069
197,Aythya nyroca,0.00373034388758242
198,Aythya nyroca,0.0106505006551743
199,Aythya nyroca,0.00265460181981325
200,Aythya nyroca,0.00363056408241391
201,Aythya nyroca,0.00479362206533551
202,Aythya nyroca,0.0195790156722069
203,Aythya nyroca,0.0162433031946421
204,Aythya nyroca,0.00381999299861491
205,Aythya nyroca,0.00376685569062829
206,Aythya nyroca,0.0039404584094882
207,Aythya nyroca,0.00247629312798381
208,Aythya nyroca,0.00244863866828382
209,Aythya nyroca,0.252568185329437
210,Aythya nyroca,0.00689193373546004
211,Aythya nyroca,0.00714845582842827
212,Aythya nyroca,0.274494558572769
213,Aythya nyroca,0.0249135438352823
214,Aythya nyroca,0.0159967113286257
215,Aythya nyroca,0.00333358417265117
216,Aythya nyroca,0.00921473558992147
217,Aythya nyroca,0.0028653412591666
218,Aythya nyroca,0.005388920661062
219,Aythya nyroca,0.0047192401252687
220,Aythya nyroca,0.00531154405325651
221,Aythya nyroca,0.0162431672215462
222,Aythya nyroca,0.0281917434185743
223,Aythya nyroca,0.0111581580713391
224,Aythya nyroca,0.00441212859004736
225,Aythya nyroca,0.0173706915229559
226,Aythya nyroca,0.00818681996315718
227,Aythya nyroca,0.011369401589036
228,Aythya nyroca,0.0217448975890875
229,Aythya nyroca,0.0151301957666874
230,Aythya nyroca,0.00618665898218751
231,Aythya nyroca,0.00438719987869263
232,Aythya nyroca,0.00502514280378819
233,Aythya nyroca,0.00420185131952167
234,Aythya nyroca,0.0102232620120049
235,Aythya nyroca,0.00571746425703168
236,Aythya nyroca,0.0119632706046104
237,Aythya nyroca,0.00551769603043795
238,Aythya nyroca,0.0070689027197659
239,Aythya nyroca,0.0159538593143225
240,Aythya nyroca,0.00428077671676874
241,Aythya nyroca,0.00444578798487783
242,Aythya nyroca,0.00677640968933702
243,Aythya nyroca,0.00337013695389032
244,Aythya nyroca,0.0111788911744952
245,Aythya nyroca,0.042205173522234
246,Aythya nyroca,0.00767448963597417
247,Aythya nyroca,0.276623576879501
248,Aythya nyroca,0.00591380428522825
249,Aythya nyroca,0.0136538986116648
250,Aythya nyroca,0.0087431101128459
251,Aythya nyroca,0.00393076147884131
252,Aythya nyroca,0.00396480085328221
253,Aythya nyroca,0.0728884786367416
254,Aythya nyroca,0.00780817028135061
255,Aythya nyroca,0.00454625440761447
256,Aythya nyroca,0.0140664540231228
257,Aythya nyroca,0.106148399412632
258,Aythya nyroca,0.0152238821610808
259,Aythya nyroca,0.01206324249506
260,Aythya nyroca,0.0118575282394886
261,Aythya nyroca,0.0347014367580414
262,Aythya nyroca,0.0116254976019263
263,Aythya nyroca,0.00875288806855679
264,Aythya nyroca,0.0110363652929664
265,Aythya nyroca,0.0129908649250865
266,Aythya nyroca,0.0146010722965002
267,Aythya nyroca,0.00917178764939308
268,Aythya nyroca,0.0050036609172821
269,Aythya nyroca,0.00430030655115843
270,Aythya nyroca,0.00744151277467609
271,Aythya nyroca,0.0102236438542604
272,Aythya nyroca,0.0104684317484498
273,Aythya nyroca,0.00599381793290377
274,Aythya nyroca,0.0114992195740342
275,Aythya nyroca,0.00383495702408254
276,Aythya nyroca,0.00386619963683188
277,Aythya nyroca,0.00514253554865718
278,Aythya nyroca,0.00670170644298196
279,Aythya nyroca,0.00541027635335922
280,Aythya nyroca,0.137361958622932
281,Aythya nyroca,0.0713939592242241
282,Aythya nyroca,0.013099167495966
283,Aythya nyroca,0.00691477349027991
284,Aythya nyroca,0.086597353219986
285,Aythya nyroca,0.0360937863588333
286,Aythya nyroca,0.0205462202429771
287,Aythya nyroca,0.0191276017576456
288,Aythya nyroca,0.0126930773258209
289,Aythya nyroca,0.00680465856567025
290,Aythya nyroca,0.00613092863932252
291,Aythya nyroca,0.00387171586044133
292,Aythya nyroca,0.00704393070191145
293,Aythya nyroca,0.00930904317647219
294,Aythya nyroca,0.0180689617991447
295,Aythya nyroca,0.0150119522586465
296,Aythya nyroca,0.0209203865379095
297,Aythya nyroca,0.0369451977312565
298,Aythya nyroca,0.00968789216130972
299,Aythya nyroca,0.00979346316307783
300,Aythya nyroca,0.019052866846323
301,Aythya nyroca,0.0558524467051029
302,Aythya nyroca,0.0325883328914642
303,Aythya nyroca,0.00858512427657843
304,Aythya nyroca,0.010197913274169
305,Aythya nyroca,0.0134479198604822
306,Aythya nyroca,0.00801246240735054
307,Aythya nyroca,0.0150269931182265
308,Aythya nyroca,0.0128885703161359
309,Aythya nyroca,0.00542409857735038
310,Aythya nyroca,0.00566217722371221
311,Aythya nyroca,0.0147433299571276
312,Aythya nyroca,0.0033969331998378
313,Aythya nyroca,0.00417511444538832
314,Aythya nyroca,0.00383495702408254
315,Aythya nyroca,0.00383495702408254
316,Aythya nyroca,0.00377625413239002
317,Aythya nyroca,0.00409097317606211
318,Aythya nyroca,0.0062428405508399
319,Aythya nyroca,0.0201472658663988
320,Aythya nyroca,0.0107142124325037
321,Aythya nyroca,0.0101712662726641
322,Aythya nyroca,0.0106162969022989
323,Aythya nyroca,0.027020862326026
324,Aythya nyroca,0.00914857909083366
325,Aythya nyroca,0.0282235518097878
326,Aythya nyroca,0.0174851957708597
327,Aythya nyroca,0.00524339778348804
328,Aythya nyroca,0.0124226976186037
329,Aythya nyroca,0.00391120417043567
330,Aythya nyroca,0.00566895119845867
331,Aythya nyroca,0.00922005902975798
332,Aythya nyroca,0.00695177353918552
333,Aythya nyroca,0.0088298823684454
334,Aythya nyroca,0.0151853086426854
335,Aythya nyroca,0.0171552915126085
336,Aythya nyroca,0.0113570289686322
337,Aythya nyroca,0.0065391818061471
338,Aythya nyroca,0.00707906857132912
339,Aythya nyroca,0.0577512830495834
340,Aythya nyroca,0.0208188127726316
341,Aythya nyroca,0.0521268434822559
342,Aythya nyroca,0.044271394610405
343,Aythya nyroca,0.018293559551239
344,Aythya nyroca,0.0117470668628812
345,Aythya nyroca,0.0109402108937502
346,Aythya nyroca,0.0745445415377617
347,Aythya nyroca,0.0460062585771084
348,Aythya nyroca,0.0320740565657616
349,Aythya nyroca,0.00926004815846682
350,Aythya nyroca,0.00728490389883518
351,Aythya nyroca,0.00705520994961262
352,Aythya nyroca,0.00689411861822009
353,Aythya nyroca,0.00485240528360009
354,Aythya nyroca,0.00517572974786162
355,Aythya nyroca,0.00404250808060169
356,Aythya nyroca,0.00390778621658683
357,Aythya nyroca,0.0477608032524586
358,Aythya nyroca,0.00914734322577715
359,Aythya nyroca,0.00806921347975731
360,Aythya nyroca,0.0253352615982294
361,Aythya nyroca,0.00585485715419054
362,Aythya nyroca,0.0632617697119713
363,Aythya nyroca,0.0114108407869935
364,Aythya nyroca,0.0249211769551039
365,Aythya nyroca,0.0137074608355761
366,Aythya nyroca,0.00400432897731662
367,Aythya nyroca,0.0128540107980371
368,Aythya nyroca,0.00405045412480831
369,Aythya nyroca,0.00518309138715267
370,Aythya nyroca,0.00490500265732408
371,Aythya nyroca,0.00421906728297472
372,Aythya nyroca,0.00387120340019465
373,Aythya nyroca,0.0412869416177273
374,Aythya nyroca,0.0102920904755592
375,Aythya nyroca,0.00849804654717445
376,Aythya nyroca,0.00915356352925301
377,Aythya nyroca,0.00693737342953682
378,Aythya nyroca,0.00979808811098337
379,Aythya nyroca,0.0159349925816059
380,Aythya nyroca,0.0209461227059364
381,Aythya nyroca,0.10324239730835
382,Aythya nyroca,0.0274385344237089
383,Aythya nyroca,0.0302921608090401
384,Aythya nyroca,0.0150165110826492
385,Aythya nyroca,0.0107044829055667
386,Aythya nyroca,0.0748948827385902
387,Aythya nyroca,0.104293562471867
388,Aythya nyroca,0.0113995624706149
389,Aythya nyroca,0.0111424131318927
390,Aythya nyroca,0.0104358810931444
391,Aythya nyroca,0.00777427013963461
392,Aythya nyroca,0.00603818474337459
393,Aythya nyroca,0.00524909514933825
394,Aythya nyroca,0.00593048613518477
395,Aythya nyroca,0.00495311804115772
396,Aythya nyroca,0.00904928892850876
397,Aythya nyroca,0.00477468082681298
398,Aythya nyroca,0.00290159834548831
399,Aythya nyroca,0.00190796901006252
400,Aythya nyroca,0.00247769802808762
401,Aythya nyroca,0.00188856374006718
402,Aythya nyroca,0.00188856374006718
403,Aythya nyroca,0.00195497716777027
404,Aythya nyroca,0.00448213517665863
405,Aythya nyroca,0.003041717922315
406,Aythya nyroca,0.00417374074459076
407,Aythya nyroca,0.00526444846764207
408,Aythya nyroca,0.00719336653128266
409,Aythya nyroca,0.00582198798656464
410,Aythya nyroca,0.00424930732697248
411,Aythya nyroca,0.00994113087654114
412,Aythya nyroca,0.0138499643653631
413,Aythya nyroca,0.00632403464987874
414,Aythya nyroca,0.0263516642153263
415,Aythya nyroca,0.038123793900013
416,Aythya nyroca,0.0306728724390268
417,Aythya nyroca,0.00797578413039446
418,Aythya nyroca,0.208272099494934
419,Aythya nyroca,0.0345354080200195
420,Aythya nyroca,0.0109103685244918
421,Aythya nyroca,0.0416329614818096
422,Aythya nyroca,0.0242425799369812
423,Aythya nyroca,0.0489443652331829
424,Aythya nyroca,0.0598568990826607
425,Aythya nyroca,0.0302369371056557
426,Aythya nyroca,0.00873748306185007
427,Aythya nyroca,0.0105354767292738
428,Aythya nyroca,0.0663056150078774
429,Aythya nyroca,0.0287718735635281
430,Aythya nyroca,0.0162312667816877
431,Aythya nyroca,0.0104627478867769
432,Aythya nyroca,0.00716644618660212
433,Aythya nyroca,0.0242023598402739
434,Aythya nyroca,0.00246733450330794
435,Aythya nyroca,0.00131730560678989
436,Aythya nyroca,0.00130641495343298
437,Aythya nyroca,0.00187174382153898
438,Aythya nyroca,0.00195497716777027
439,Aythya nyroca,0.00190429820213467
440,Aythya nyroca,0.00177252537105232
441,Aythya nyroca,0.00343189714476466
442,Aythya nyroca,0.00363338901661336
443,Aythya nyroca,0.00365114631131291
444,Aythya nyroca,0.00437773717567325
445,Aythya nyroca,0.00594458449631929
446,Aythya nyroca,0.0122080268338323
447,Aythya nyroca,0.00526873115450144
448,Aythya nyroca,0.0071747312322259
449,Aythya nyroca,0.0165332332253456
450,Aythya nyroca,0.0160185638815165
451,Aythya nyroca,0.0124396644532681
452,Aythya nyroca,0.0187163148075342
453,Aythya nyroca,0.0629243403673172
454,Aythya nyroca,0.0195214040577412
455,Aythya nyroca,0.0240389220416546
456,Aythya nyroca,0.0246081613004208
457,Aythya nyroca,0.0290006138384342
458,Aythya nyroca,0.0182747486978769
459,Aythya nyroca,0.0106229418888688
460,Aythya nyroca,0.0124491788446903
461,Aythya nyroca,0.0173426065593958
462,Aythya nyroca,0.060990646481514
463,Aythya nyroca,0.0320513173937798
464,Aythya nyroca,0.00832108221948147
465,Aythya nyroca,0.015735762193799
466,Aythya nyroca,0.0122642880305648
467,Aythya nyroca,0.00939107313752174
468,Aythya nyroca,0.016166353598237
469,Aythya nyroca,0.00785816088318825
470,Aythya nyroca,0.00163239927496761
471,Aythya nyroca,0.00124463252723217
472,Aythya nyroca,0.00169885181821883
473,Aythya nyroca,0.00154804869089276
474,Aythya nyroca,0.00406111357733607
475,Aythya nyroca,0.00179930019658059
476,Aythya nyroca,0.00179930019658059
477,Aythya nyroca,0.00182475231122226
478,Aythya nyroca,0.00353187299333513
479,Aythya nyroca,0.00348036270588636
480,Aythya nyroca,0.00485319644212723
481,Aythya nyroca,0.00217394414357841
482,Aythya nyroca,0.0103048607707024
483,Aythya nyroca,0.00817915331572294
484,Aythya nyroca,0.013539313338697
485,Aythya nyroca,0.0617794133722782
486,Aythya nyroca,0.0406648963689804
487,Aythya nyroca,0.00505594536662102
488,Aythya nyroca,0.0112572014331818
489,Aythya nyroca,0.0274948235601187
490,Aythya nyroca,0.0722393244504929
491,Aythya nyroca,0.134146690368652
492,Aythya nyroca,0.132508605718613
493,Aythya nyroca,0.0281476024538279
494,Aythya nyroca,0.0531024523079395
495,Aythya nyroca,0.233125910162926
496,Aythya nyroca,0.0952452197670937
497,Aythya nyroca,0.0630469098687172
498,Aythya nyroca,0.0320070795714855
499,Aythya nyroca,0.0139363370835781
500,Aythya nyroca,0.00926471408456564
501,Aythya nyroca,0.00706174084916711
502,Aythya nyroca,0.00537770008668304
503,Aythya nyroca,0.0101358611136675
504,Aythya nyroca,0.0231522116810083
505,Aythya nyroca,0.00910774245858192
506,Aythya nyroca,0.00294960662722588
507,Aythya nyroca,0.00455328496173024
508,Aythya nyroca,0.00418049097061157
509,Aythya nyroca,0.00169885181821883
510,Aythya nyroca,0.00167446851264685
511,Aythya nyroca,0.00292169954627752
512,Aythya nyroca,0.00412231590598822
513,Aythya nyroca,0.00234472728334367
514,Aythya nyroca,0.00182475231122226
515,Aythya nyroca,0.00179930019658059
516,Aythya nyroca,0.00179930019658059
517,Aythya nyroca,0.00179880054201931
518,Aythya nyroca,0.00335805374197662
519,Aythya nyroca,0.00578790344297886
520,Aythya nyroca,0.00537332054227591
521,Aythya nyroca,0.0153017342090607
522,Aythya nyroca,0.00443828292191029
523,Aythya nyroca,0.0298418179154396
524,Aythya nyroca,0.00878823269158602
525,Aythya nyroca,0.00404386129230261
526,Aythya nyroca,0.00567626720294356
527,Aythya nyroca,0.0191977806389332
528,Aythya nyroca,0.0178808812052012
529,Aythya nyroca,0.107041426002979
530,Aythya nyroca,0.801608443260193
531,Aythya nyroca,0.467146784067154
532,Aythya nyroca,0.26338455080986
533,Aythya nyroca,0.158062249422073
534,Aythya nyroca,0.0982275158166885
535,Aythya nyroca,0.0987478569149971
536,Aythya nyroca,0.0136525053530931
537,Aythya nyroca,0.0106246806681156
538,Aythya nyroca,0.0251862742006779
539,Aythya nyroca,0.00772597640752792
540,Aythya nyroca,0.00679154554381967
541,Aythya nyroca,0.00879241153597832
542,Aythya nyroca,0.00506120407953858
543,Aythya nyroca,0.00523148244246841
544,Aythya nyroca,0.0674002692103386
545,Aythya nyroca,0.0019342276500538
546,Aythya nyroca,0.00172891060356051
547,Aythya nyroca,0.00437608826905489
548,Aythya nyroca,0.0124128563329577
549,Aythya nyroca,0.0125227812677622
550,Aythya nyroca,0.0168264526873827
551,Aythya nyroca,0.00341344345360994
552,Aythya nyroca,0.00183486554306
553,Aythya nyroca,0.00179930019658059
554,Aythya nyroca,0.00182475231122226
555,Aythya nyroca,0.00179930019658059
556,Aythya nyroca,0.00183486554306
557,Aythya nyroca,0.00602458976209164
558,Aythya nyroca,0.0080677280202508
559,Aythya nyroca,0.0161752253770828
560,Aythya nyroca,0.0061695990152657
561,Aythya nyroca,0.00375298317521811
562,Aythya nyroca,0.00325953029096127
563,Aythya nyroca,0.00295505719259381
564,Aythya nyroca,0.00384629284963012
565,Aythya nyroca,0.00878240913152695
566,Aythya nyroca,0.134681075811386
567,Aythya nyroca,0.0136057091876864
568,Aythya nyroca,0.00984266400337219
569,Aythya nyroca,0.0141414813697338
570,Aythya nyroca,0.0373053215444088
571,Aythya nyroca,0.0333036072552204
572,Aythya nyroca,0.0385108590126038
573,Aythya nyroca,0.0382719859480858
574,Aythya nyroca,0.00537081202492118
575,Aythya nyroca,0.0110063878819346
576,Aythya nyroca,0.0209678541868925
577,Aythya nyroca,0.0236297324299812
578,Aythya nyroca,0.0121561419218779
579,Aythya nyroca,0.0286716595292091
580,Aythya nyroca,0.00628454331308603
581,Aythya nyroca,0.0219636149704456
582,Aythya nyroca,0.00236657913774252
583,Aythya nyroca,0.013804261572659
584,Aythya nyroca,0.307707965373993
585,Aythya nyroca,0.0310288537293673
586,Aythya nyroca,0.010703993961215
587,Aythya nyroca,0.00406474806368351
588,Aythya nyroca,0.00482120597735047
589,Aythya nyroca,0.00769153423607349
590,Aythya nyroca,0.00732017867267132
591,Aythya nyroca,0.00708349142223597
592,Aythya nyroca,0.0178527627140284
593,Aythya nyroca,0.00229290314018726
594,Aythya nyroca,0.00532030314207077
595,Aythya nyroca,0.0116356629878283
596,Aythya nyroca,0.00737105077132583
597,Aythya nyroca,0.0180348753929138
598,Aythya nyroca,0.00570643180981278
599,Aythya nyroca,0.0293104611337185
600,Aythya nyroca,0.00303669995628297
601,Aythya nyroca,0.0111077576875687
602,Aythya nyroca,0.0239198077470064
603,Aythya nyroca,0.0102587407454848
604,Aythya nyroca,0.0113618886098266
605,Aythya nyroca,0.0647063702344894
606,Aythya nyroca,0.017942626029253
607,Aythya nyroca,0.0491174980998039
608,Aythya nyroca,0.0179704204201698
609,Aythya nyroca,0.0118839386850595
610,Aythya nyroca,0.00837935879826546
611,Aythya nyroca,0.0107786096632481
612,Aythya nyroca,0.00751814292743802
613,Aythya nyroca,0.0130468439310789
614,Aythya nyroca,0.015295640565455
615,Aythya nyroca,0.132381558418274
616,Aythya nyroca,0.0135073615238071
617,Aythya nyroca,0.162969693541527
618,Aythya nyroca,0.0304877944290638
619,Aythya nyroca,0.0114188455045223
620,Aythya nyroca,0.292513579130173
621,Aythya nyroca,0.0862696468830109
622,Aythya nyroca,0.0140001671388745
623,Aythya nyroca,0.00687045324593782
624,Aythya nyroca,0.00930673070251942
625,Aythya nyroca,0.00222208816558123
626,Aythya nyroca,0.00220406358130276
627,Aythya nyroca,0.00237120455130935
628,Aythya nyroca,0.00434933509677649
629,Aythya nyroca,0.00956549867987633
630,Aythya nyroca,0.00735576916486025
631,Aythya nyroca,0.00658411625772715
632,Aythya nyroca,0.0176598150283098
633,Aythya nyroca,0.0137646589428186
634,Aythya nyroca,0.0111097563058138
635,Aythya nyroca,0.0101537508890033
636,Aythya nyroca,0.0112519878894091
637,Aythya nyroca,0.0163321439176798
638,Aythya nyroca,0.0736862421035767
639,Aythya nyroca,0.0238499008119106
640,Aythya nyroca,0.092561662197113
641,Aythya nyroca,0.00904333218932152
642,Aythya nyroca,0.0117246191948652
643,Aythya nyroca,0.055480282753706
644,Aythya nyroca,0.0068200184032321
645,Aythya nyroca,0.00642078649252653
646,Aythya nyroca,0.00521735195070505
647,Aythya nyroca,0.00363564188592136
648,Aythya nyroca,0.00507934065535665
649,Aythya nyroca,0.00843739882111549
650,Aythya nyroca,0.01108611933887
651,Aythya nyroca,0.00566243845969439
652,Aythya nyroca,0.0157663468271494
653,Aythya nyroca,0.0465481355786324
654,Aythya nyroca,0.00776861701160669
655,Aythya nyroca,0.0252601969987154
656,Aythya nyroca,0.00719322124496102
657,Aythya nyroca,0.0452613979578018
658,Aythya nyroca,0.0711577758193016
659,Aythya nyroca,0.0133782178163528
660,Aythya nyroca,0.00995864346623421
661,Aythya nyroca,0.00414418475702405
662,Aythya nyroca,0.00600029528141022
663,Aythya nyroca,0.00378512544557452
664,Aythya nyroca,0.00748385675251484
665,Aythya nyroca,0.00311645865440369
666,Aythya nyroca,0.00529237929731607
667,Aythya nyroca,0.00831424444913864
668,Aythya nyroca,0.0142189860343933
669,Aythya nyroca,0.0160221587866545
670,Aythya nyroca,0.00879579689353705
671,Aythya nyroca,0.00621066289022565
672,Aythya nyroca,0.0213481467217207
673,Aythya nyroca,0.00641112355515361
674,Aythya nyroca,0.0346300974488258
675,Aythya nyroca,0.0365618616342545
676,Aythya nyroca,0.0394245386123657
677,Aythya nyroca,0.00578041048720479
678,Aythya nyroca,0.0132748913019896
679,Aythya nyroca,0.00814297050237656
680,Aythya nyroca,0.00462800497189164
681,Aythya nyroca,0.0133862402290106
682,Aythya nyroca,0.0032061068341136
683,Aythya nyroca,0.00192606030032039
684,Aythya nyroca,0.00818412937223911
685,Aythya nyroca,0.00442978693172336
686,Aythya nyroca,0.00957385171204805
687,Aythya nyroca,0.0105356620624661
688,Aythya nyroca,0.00792293529957533
689,Aythya nyroca,0.0166645664721727
690,Aythya nyroca,0.00968465395271778
691,Aythya nyroca,0.00647682743147016
692,Aythya nyroca,0.00711001129820943
693,Aythya nyroca,0.0076177753508091
694,Aythya nyroca,0.00342518067918718
695,Aythya nyroca,0.0044692256487906
696,Aythya nyroca,0.119758665561676
697,Aythya nyroca,0.0404334366321564
698,Aythya nyroca,0.538354277610779
699,Aythya nyroca,0.284641265869141
700,Aythya nyroca,0.0210107639431953
701,Aythya nyroca,0.0089446259662509
702,Aythya nyroca,0.00604213681071997
703,Aythya nyroca,0.011874670162797
704,Aythya nyroca,0.022091681137681
705,Aythya nyroca,0.0307365339249373
706,Aythya nyroca,0.00817709788680077
707,Aythya nyroca,0.0094010392203927
708,Aythya nyroca,0.122238665819168
709,Aythya nyroca,0.0457588285207748
710,Aythya nyroca,0.0158579722046852
711,Aythya nyroca,0.0137073425576091
712,Aythya nyroca,0.008364237844944
713,Aythya nyroca,0.00951120629906654
714,Aythya nyroca,0.0184001140296459
715,Aythya nyroca,0.02419020421803
716,Aythya nyroca,0.00957252830266953
717,Aythya nyroca,0.00188529130537063
718,Aythya nyroca,0.00207227934151888
719,Aythya nyroca,0.00208311923779547
720,Aythya nyroca,0.00177323259413242
721,Aythya nyroca,0.00177323259413242
722,Aythya nyroca,0.00574888521805406
723,Aythya nyroca,0.0070678973570466
724,Aythya nyroca,0.00818412937223911
725,Aythya nyroca,0.00831635296344757
726,Aythya nyroca,0.00687267910689116
727,Aythya nyroca,0.00909065455198288
728,Aythya nyroca,0.00583078339695931
729,Aythya nyroca,0.00906173978000879
730,Aythya nyroca,0.0110219558700919
731,Aythya nyroca,0.00598827982321382
732,Aythya nyroca,0.00319055793806911
733,Aythya nyroca,0.00552835781127214
734,Aythya nyroca,0.00416899425908923
735,Aythya nyroca,0.264900177717209
736,Aythya nyroca,0.0291012562811375
737,Aythya nyroca,0.032824233174324
738,Aythya nyroca,0.160322412848473
739,Aythya nyroca,0.0351760052144527
740,Aythya nyroca,0.0143817793577909
741,Aythya nyroca,0.0132232932373881
742,Aythya nyroca,0.0123509243130684
743,Aythya nyroca,0.622193574905396
744,Aythya nyroca,0.0124680027365685
745,Aythya nyroca,0.0206373408436775
746,Aythya nyroca,0.0197001732885838
747,Aythya nyroca,0.0209849998354912
748,Aythya nyroca,0.00756360916420817
749,Aythya nyroca,0.00725581264123321
750,Aythya nyroca,0.00535705499351025
751,Aythya nyroca,0.0183716062456369
752,Aythya nyroca,0.0064584338106215
753,Aythya nyroca,0.104116134345531
754,Aythya nyroca,0.00221536844037473
755,Aythya nyroca,0.00472874892875552
756,Aythya nyroca,0.00305348564870656
757,Aythya nyroca,0.00637639546766877
758,Aythya nyroca,0.00495704216882587
759,Aythya nyroca,0.00687033496797085
760,Aythya nyroca,0.00464703422039747
761,Aythya nyroca,0.00438471231609583
762,Aythya nyroca,0.00229312339797616
763,Aythya nyroca,0.00265736202709377
764,Aythya nyroca,0.00256988569162786
765,Aythya nyroca,0.00736305583268404
766,Aythya nyroca,0.00485170213505626
767,Aythya nyroca,0.0528128258883953
768,Aythya nyroca,0.0399265363812447
769,Aythya nyroca,0.554343819618225
770,Aythya nyroca,0.267606526613235
771,Aythya nyroca,0.0590951293706894
772,Aythya nyroca,0.0732453167438507
773,Aythya nyroca,0.0125316493213177
774,Aythya nyroca,0.00612161261960864
775,Aythya nyroca,0.0354788042604923
776,Aythya nyroca,0.0101992562413216
777,Aythya nyroca,0.00706728687509894
778,Aythya nyroca,0.0598910488188267
779,Aythya nyroca,0.0255983285605907
780,Aythya nyroca,0.00497148837894201
781,Aythya nyroca,0.00177323259413242
782,Aythya nyroca,0.0316096059978008
783,Aythya nyroca,0.00658062659204006
784,Aythya nyroca,0.00560590345412493
785,Aythya nyroca,0.00301359733566642
786,Aythya nyroca,0.00323521601967514
787,Aythya nyroca,0.00293018878437579
788,Aythya nyroca,0.00231381272897124
789,Aythya nyroca,0.00229312339797616
790,Aythya nyroca,0.002665841486305
791,Aythya nyroca,0.0050385994836688
792,Aythya nyroca,0.00580222113057971
793,Aythya nyroca,0.0193330086767674
794,Aythya nyroca,0.108090944588184
795,Aythya nyroca,0.0205985680222511
796,Aythya nyroca,0.0643822327256203
797,Aythya nyroca,0.0271649248898029
798,Aythya nyroca,0.03304273635149
799,Aythya nyroca,0.0651653930544853
800,Aythya nyroca,0.0138943297788501
801,Aythya nyroca,0.00352612813003361
802,Aythya nyroca,0.00275951996445656
803,Aythya nyroca,0.00957009010016918
804,Aythya nyroca,0.0136960167437792
805,Aythya nyroca,0.00263787154108286
806,Aythya nyroca,0.00745193287730217
807,Aythya nyroca,0.0166290812194347
808,Aythya nyroca,0.0158587656915188
809,Aythya nyroca,0.0202244408428669
810,Aythya nyroca,0.00610564881935716
811,Aythya nyroca,0.00643919315189123
812,Aythya nyroca,0.0047395620495081
813,Aythya nyroca,0.00313376705162227
814,Aythya nyroca,0.00314074591733515
815,Aythya nyroca,0.00298846163786948
816,Aythya nyroca,0.00233691139146686
817,Aythya nyroca,0.00264408043585718
818,Aythya nyroca,0.00466376915574074
819,Aythya nyroca,0.00507255457341671
820,Aythya nyroca,0.00512983743101358
821,Aythya nyroca,0.167776331305504
822,Aythya nyroca,0.341367453336716
823,Aythya nyroca,0.289538383483887
824,Aythya nyroca,0.00260214461013675
825,Aythya nyroca,0.00322662969119847
826,Aythya nyroca,0.00249489932321012
827,Aythya nyroca,0.00338512170128524
828,Aythya nyroca,0.0337152294814587
829,Aythya nyroca,0.00675369100645185
830,Aythya nyroca,0.00615452649071813
831,Aythya nyroca,0.0133688449859619
832,Aythya nyroca,0.00369109259918332
833,Aythya nyroca,0.00301442597992718
834,Aythya nyroca,0.00356978294439614
835,Aythya nyroca,0.00293610617518425
836,Aythya nyroca,0.00283249863423407
837,Aythya nyroca,0.00332940649241209
838,Aythya nyroca,0.00509958388283849
839,Aythya nyroca,0.00932443980127573
840,Aythya nyroca,0.00912879314273596
841,Aythya nyroca,0.0606078468263149
842,Aythya nyroca,0.010568262077868
843,Aythya nyroca,0.00472409464418888
844,Aythya nyroca,0.0063073905184865
845,Aythya nyroca,0.00234068790450692
846,Aythya nyroca,0.00247570523060858
847,Aythya nyroca,0.00382110732607543
848,Aythya nyroca,0.0033847417216748
849,Aythya nyroca,0.00846019759774208
850,Aythya nyroca,0.00628468254581094
851,Aythya nyroca,0.00611362466588616
852,Aythya nyroca,0.0682340934872627
853,Aythya nyroca,0.00910297688096762
854,Aythya nyroca,0.00302440603263676
855,Aythya nyroca,0.00289820367470384
856,Aythya nyroca,0.00314545724540949
857,Aythya nyroca,0.00217669410631061
858,Aythya nyroca,0.00283249863423407
859,Aythya nyroca,0.00309447525069118
860,Aythya nyroca,0.00834865774959326
861,Aythya nyroca,0.0130230057984591
862,Aythya nyroca,0.0230996236205101
863,Aythya nyroca,0.0219726711511612
864,Aythya nyroca,0.00294784852303565
865,Aythya nyroca,0.0110797062516212
866,Aythya nyroca,0.00346212019212544
867,Aythya nyroca,0.0100072575733066
868,Aythya nyroca,0.0133015671744943
869,Aythya nyroca,0.010971556417644
870,Aythya nyroca,0.00321801844984293
871,Aythya nyroca,0.00289820367470384
872,Aythya nyroca,0.00217669410631061
873,Aythya nyroca,0.00217669410631061
874,Aythya nyroca,0.00240939389914274
875,Aythya nyroca,0.0158859416842461
876,Aythya nyroca,0.0151538411155343
877,Aythya nyroca,0.00434035249054432
878,Aythya nyroca,0.00892799999564886
879,Aythya nyroca,0.00386546808294952
880,Aythya nyroca,0.0104192486032844
881,Aythya nyroca,0.0117259919643402
882,Aythya nyroca,0.0151990950107574
883,Aythya nyroca,0.0182702392339706
884,Aythya nyroca,0.00385468988679349
885,Aythya nyroca,0.015029770322144
886,Aythya nyroca,0.00343474885448813
887,Aythya nyroca,0.0033383930567652
888,Aythya nyroca,0.00372438528575003
889,Aythya nyroca,0.00762535724788904
890,Aythya nyroca,0.00509540736675263
891,Aythya nyroca,0.00581563729792833
892,Aythya nyroca,0.00457908445969224
893,Aythya nyroca,0.0166478268802166
894,Aythya nyroca,0.00564288720488548
895,Aythya nyroca,0.0280175469815731
896,Aythya nyroca,0.0206521302461624
897,Aythya nyroca,0.0116035444661975
898,Aythya nyroca,0.00964398123323917
899,Aythya nyroca,0.00475287064909935
900,Aythya nyroca,0.00445778202265501
901,Aythya nyroca,0.00436780648306012
902,Aythya nyroca,0.00645777210593224
903,Aythya nyroca,0.00648836139589548
904,Aythya nyroca,0.00589619437232614
905,Aythya nyroca,0.00435627484694123
906,Aythya nyroca,0.00605093454942107
907,Aythya nyroca,0.00555838318541646
908,Aythya nyroca,0.0247228536754847
909,Aythya nyroca,0.00413567246869206
910,Aythya nyroca,0.0189804211258888
911,Aythya nyroca,0.00475287064909935
912,Aythya nyroca,0.00357957626692951
913,Aythya nyroca,0.00379357393831015
914,Aythya nyroca,0.0041438601911068
915,Aythya nyroca,0.00642540445551276
916,Aythya nyroca,0.00448424369096756
917,Aythya nyroca,0.0279318112879992
918,Aythya nyroca,0.0143707860261202
919,Aythya nyroca,0.00980885326862335
920,Aythya nyroca,0.0244548432528973
921,Aythya nyroca,0.00385468988679349
922,Aythya nyroca,0.00465301284566522
923,Aythya nyroca,0.00391513900831342
924,Aythya nyroca,0.00557300867512822
925,Aythya nyroca,0.0041775475256145
926,Aythya nyroca,0.0144560122862458
927,Aythya nyroca,0.0155221149325371
928,Aythya nyroca,0.00401093577966094
929,Aythya nyroca,0.00411968072876334
930,Aythya nyroca,0.00346481404267252
931,Aythya nyroca,0.00400075409561396
932,Aythya nyroca,0.00402129720896482
933,Aythya nyroca,0.00409743562340736
934,Aythya nyroca,0.00418376876041293
935,Aythya nyroca,0.00382496695965529
936,Aythya nyroca,0.00721682794392109
937,Aythya nyroca,0.00694649899378419
938,Aythya nyroca,0.00409743562340736
939,Aythya nyroca,0.00739281205460429
940,Aythya nyroca,0.00711391726508737
941,Aythya nyroca,0.0117697659879923
1,Gracupica nigricollis,0.0625378489494324
2,Gracupica nigricollis,0.0848976150155067
3,Gracupica nigricollis,0.0647708624601364
4,Gracupica nigricollis,0.0660089403390884
5,Gracupica nigricollis,0.0491586215794087
6,Gracupica nigricollis,0.125104054808617
7,Gracupica nigricollis,0.126012325286865
8,Gracupica nigricollis,0.0486124940216541
9,Gracupica nigricollis,0.0403800755739212
10,Gracupica nigricollis,0.0440657809376717
11,Gracupica nigricollis,0.0532059259712696
12,Gracupica nigricollis,0.110108092427254
13,Gracupica nigricollis,0.101763024926186
14,Gracupica nigricollis,0.11214666813612
15,Gracupica nigricollis,0.0931370258331299
16,Gracupica nigricollis,0.0428456738591194
17,Gracupica nigricollis,0.0411088354885578
18,Gracupica nigricollis,0.0365639664232731
19,Gracupica nigricollis,0.0425055287778378
20,Gracupica nigricollis,0.0534720234572887
21,Gracupica nigricollis,0.0529329441487789
22,Gracupica nigricollis,0.0475272126495838
23,Gracupica nigricollis,0.085003487765789
24,Gracupica nigricollis,0.0881736725568771
25,Gracupica nigricollis,0.10164662450552
26,Gracupica nigricollis,0.076260544359684
27,Gracupica nigricollis,0.0789085254073143
28,Gracupica nigricollis,0.0872746407985687
29,Gracupica nigricollis,0.0709475427865982
30,Gracupica nigricollis,0.050918884575367
31,Gracupica nigricollis,0.0381663478910923
32,Gracupica nigricollis,0.041881125420332
33,Gracupica nigricollis,0.0378748513758183
34,Gracupica nigricollis,0.0366502776741982
35,Gracupica nigricollis,0.041541088372469
36,Gracupica nigricollis,0.046468198299408
37,Gracupica nigricollis,0.0434826761484146
38,Gracupica nigricollis,0.0465964414179325
39,Gracupica nigricollis,0.0531640127301216
40,Gracupica nigricollis,0.0477319173514843
41,Gracupica nigricollis,0.0869896039366722
42,Gracupica nigricollis,0.0717067867517471
43,Gracupica nigricollis,0.10882244259119
44,Gracupica nigricollis,0.0769967809319496
45,Gracupica nigricollis,0.0855963155627251
46,Gracupica nigricollis,0.0953496396541595
47,Gracupica nigricollis,0.0638867169618607
48,Gracupica nigricollis,0.0559795126318932
49,Gracupica nigricollis,0.0452020652592182
50,Gracupica nigricollis,0.0426431782543659
51,Gracupica nigricollis,0.0380906350910664
52,Gracupica nigricollis,0.0359123349189758
53,Gracupica nigricollis,0.0445290245115757
54,Gracupica nigricollis,0.0393622703850269
55,Gracupica nigricollis,0.0457284562289715
56,Gracupica nigricollis,0.0410833619534969
57,Gracupica nigricollis,0.0583219416439533
58,Gracupica nigricollis,0.0529407039284706
59,Gracupica nigricollis,0.0537347719073296
60,Gracupica nigricollis,0.0476812310516834
61,Gracupica nigricollis,0.124852143228054
62,Gracupica nigricollis,0.110374331474304
63,Gracupica nigricollis,0.0840979516506195
64,Gracupica nigricollis,0.0918781459331512
65,Gracupica nigricollis,0.0734750628471375
66,Gracupica nigricollis,0.0923710092902184
67,Gracupica nigricollis,0.0915045514702797
68,Gracupica nigricollis,0.057320699095726
69,Gracupica nigricollis,0.0486147589981556
70,Gracupica nigricollis,0.0400358363986015
71,Gracupica nigricollis,0.0367624685168266
72,Gracupica nigricollis,0.0374743975698948
73,Gracupica nigricollis,0.0348408259451389
74,Gracupica nigricollis,0.0386372469365597
75,Gracupica nigricollis,0.0439793057739735
76,Gracupica nigricollis,0.0455698221921921
77,Gracupica nigricollis,0.037705160677433
78,Gracupica nigricollis,0.0475880615413189
79,Gracupica nigricollis,0.0535186640918255
80,Gracupica nigricollis,0.0582631267607212
81,Gracupica nigricollis,0.0396260097622871
82,Gracupica nigricollis,0.126139551401138
83,Gracupica nigricollis,0.106844283640385
84,Gracupica nigricollis,0.0788125321269035
85,Gracupica nigricollis,0.0690944939851761
86,Gracupica nigricollis,0.120850875973701
87,Gracupica nigricollis,0.0753784105181694
88,Gracupica nigricollis,0.052351288497448
89,Gracupica nigricollis,0.0449305847287178
90,Gracupica nigricollis,0.0430069305002689
91,Gracupica nigricollis,0.0439600571990013
92,Gracupica nigricollis,0.0376710593700409
93,Gracupica nigricollis,0.0445237830281258
94,Gracupica nigricollis,0.0305607840418816
95,Gracupica nigricollis,0.0369729585945606
96,Gracupica nigricollis,0.0385624468326569
97,Gracupica nigricollis,0.0376306809484959
98,Gracupica nigricollis,0.0380074456334114
99,Gracupica nigricollis,0.0484191887080669
100,Gracupica nigricollis,0.0708240047097206
101,Gracupica nigricollis,0.0536636374890804
102,Gracupica nigricollis,0.0993171185255051
103,Gracupica nigricollis,0.154855653643608
104,Gracupica nigricollis,0.106695830821991
105,Gracupica nigricollis,0.071645513176918
106,Gracupica nigricollis,0.0476402454078198
107,Gracupica nigricollis,0.0597683005034924
108,Gracupica nigricollis,0.0473861321806908
109,Gracupica nigricollis,0.036660335958004
110,Gracupica nigricollis,0.0372203812003136
111,Gracupica nigricollis,0.0384984649717808
112,Gracupica nigricollis,0.0333267413079739
113,Gracupica nigricollis,0.0417355746030808
114,Gracupica nigricollis,0.0310152061283588
115,Gracupica nigricollis,0.029354365542531
116,Gracupica nigricollis,0.035577978938818
117,Gracupica nigricollis,0.0378080904483795
118,Gracupica nigricollis,0.0367915257811546
119,Gracupica nigricollis,0.0386528894305229
120,Gracupica nigricollis,0.0452284589409828
121,Gracupica nigricollis,0.0410368219017983
122,Gracupica nigricollis,0.0377453938126564
123,Gracupica nigricollis,0.0784632340073586
124,Gracupica nigricollis,0.0883447453379631
125,Gracupica nigricollis,0.103287622332573
126,Gracupica nigricollis,0.112364210188389
127,Gracupica nigricollis,0.120506338775158
128,Gracupica nigricollis,0.0996739342808723
129,Gracupica nigricollis,0.0594613254070282
130,Gracupica nigricollis,0.0732779130339623
131,Gracupica nigricollis,0.030910512432456
132,Gracupica nigricollis,0.032016284763813
133,Gracupica nigricollis,0.0292828008532524
134,Gracupica nigricollis,0.032213605940342
135,Gracupica nigricollis,0.0321750156581402
136,Gracupica nigricollis,0.0346762798726559
137,Gracupica nigricollis,0.0305625833570957
138,Gracupica nigricollis,0.0332557745277882
139,Gracupica nigricollis,0.0285675227642059
140,Gracupica nigricollis,0.0317342951893806
141,Gracupica nigricollis,0.0344091914594173
142,Gracupica nigricollis,0.0307126976549625
143,Gracupica nigricollis,0.0418034419417381
144,Gracupica nigricollis,0.042055182158947
145,Gracupica nigricollis,0.0521437041461468
146,Gracupica nigricollis,0.0541539043188095
147,Gracupica nigricollis,0.122098006308079
148,Gracupica nigricollis,0.139057084918022
149,Gracupica nigricollis,0.0784981772303581
150,Gracupica nigricollis,0.0837914943695068
151,Gracupica nigricollis,0.0840187594294548
152,Gracupica nigricollis,0.0884068161249161
153,Gracupica nigricollis,0.123248614370823
154,Gracupica nigricollis,0.139603957533836
155,Gracupica nigricollis,0.108522534370422
156,Gracupica nigricollis,0.131773576140404
157,Gracupica nigricollis,0.103971503674984
158,Gracupica nigricollis,0.092044860124588
159,Gracupica nigricollis,0.0479178577661514
160,Gracupica nigricollis,0.0262922327965498
161,Gracupica nigricollis,0.0253465846180916
162,Gracupica nigricollis,0.0256534907966852
163,Gracupica nigricollis,0.0356615260243416
164,Gracupica nigricollis,0.0327661745250225
165,Gracupica nigricollis,0.0329208262264729
166,Gracupica nigricollis,0.0338535159826279
167,Gracupica nigricollis,0.0292960088700056
168,Gracupica nigricollis,0.0274949129670858
169,Gracupica nigricollis,0.0304608512669802
170,Gracupica nigricollis,0.0391584224998951
171,Gracupica nigricollis,0.0268366485834122
172,Gracupica nigricollis,0.0298866461962461
173,Gracupica nigricollis,0.0328443348407745
174,Gracupica nigricollis,0.0446724630892277
175,Gracupica nigricollis,0.0426652655005455
176,Gracupica nigricollis,0.0389083921909332
177,Gracupica nigricollis,0.187535628676415
178,Gracupica nigricollis,0.123585566878319
179,Gracupica nigricollis,0.0770940035581589
180,Gracupica nigricollis,0.0561072640120983
181,Gracupica nigricollis,0.0709995776414871
182,Gracupica nigricollis,0.0595967508852482
183,Gracupica nigricollis,0.0912671461701393
184,Gracupica nigricollis,0.100653603672981
185,Gracupica nigricollis,0.0769600346684456
186,Gracupica nigricollis,0.106571137905121
187,Gracupica nigricollis,0.117813266813755
188,Gracupica nigricollis,0.128278255462646
189,Gracupica nigricollis,0.0833894312381744
190,Gracupica nigricollis,0.108230084180832
191,Gracupica nigricollis,0.0752074867486954
192,Gracupica nigricollis,0.100153729319572
193,Gracupica nigricollis,0.0333530716598034
194,Gracupica nigricollis,0.0253494773060083
195,Gracupica nigricollis,0.0232026148587465
196,Gracupica nigricollis,0.0242639798671007
197,Gracupica nigricollis,0.0289117693901062
198,Gracupica nigricollis,0.0413180515170097
199,Gracupica nigricollis,0.0394575595855713
200,Gracupica nigricollis,0.0332411602139473
201,Gracupica nigricollis,0.0273011401295662
202,Gracupica nigricollis,0.0262316185981035
203,Gracupica nigricollis,0.0273474473506212
204,Gracupica nigricollis,0.0302613917738199
205,Gracupica nigricollis,0.0276854168623686
206,Gracupica nigricollis,0.0288977604359388
207,Gracupica nigricollis,0.0323978736996651
208,Gracupica nigricollis,0.0381858684122562
209,Gracupica nigricollis,0.0343241542577744
210,Gracupica nigricollis,0.0368370227515698
211,Gracupica nigricollis,0.179992392659187
212,Gracupica nigricollis,0.145236134529114
213,Gracupica nigricollis,0.185447216033936
214,Gracupica nigricollis,0.120143115520477
215,Gracupica nigricollis,0.082321785390377
216,Gracupica nigricollis,0.0743431821465492
217,Gracupica nigricollis,0.0807653069496155
218,Gracupica nigricollis,0.0831183418631554
219,Gracupica nigricollis,0.0940169245004654
220,Gracupica nigricollis,0.0947329923510551
221,Gracupica nigricollis,0.0765146240592003
222,Gracupica nigricollis,0.0973613485693932
223,Gracupica nigricollis,0.105090320110321
224,Gracupica nigricollis,0.0906185358762741
225,Gracupica nigricollis,0.0905426442623138
226,Gracupica nigricollis,0.111136235296726
227,Gracupica nigricollis,0.0699947103857994
228,Gracupica nigricollis,0.053578358143568
229,Gracupica nigricollis,0.0756758898496628
230,Gracupica nigricollis,0.0230034105479717
231,Gracupica nigricollis,0.0220181439071894
232,Gracupica nigricollis,0.0226123686879873
233,Gracupica nigricollis,0.0293409936130047
234,Gracupica nigricollis,0.0282563790678978
235,Gracupica nigricollis,0.0471615232527256
236,Gracupica nigricollis,0.0371108651161194
237,Gracupica nigricollis,0.025647234171629
238,Gracupica nigricollis,0.0255433525890112
239,Gracupica nigricollis,0.0258129090070725
240,Gracupica nigricollis,0.0255900342017412
241,Gracupica nigricollis,0.0368096716701984
242,Gracupica nigricollis,0.0281289350241423
243,Gracupica nigricollis,0.0399597249925137
244,Gracupica nigricollis,0.0407416708767414
245,Gracupica nigricollis,0.0364328920841217
246,Gracupica nigricollis,0.0409874878823757
247,Gracupica nigricollis,0.136166900396347
248,Gracupica nigricollis,0.127633094787598
249,Gracupica nigricollis,0.153640061616898
250,Gracupica nigricollis,0.117324657738209
251,Gracupica nigricollis,0.0769369974732399
252,Gracupica nigricollis,0.0679998174309731
253,Gracupica nigricollis,0.048023771494627
254,Gracupica nigricollis,0.074139766395092
255,Gracupica nigricollis,0.0886640921235085
256,Gracupica nigricollis,0.0957802087068558
257,Gracupica nigricollis,0.0651938691735268
258,Gracupica nigricollis,0.0838825181126595
259,Gracupica nigricollis,0.0954518243670464
260,Gracupica nigricollis,0.100918151438236
261,Gracupica nigricollis,0.0850904062390328
262,Gracupica nigricollis,0.102076552808285
263,Gracupica nigricollis,0.102541841566563
264,Gracupica nigricollis,0.0638580173254013
265,Gracupica nigricollis,0.0831389278173447
266,Gracupica nigricollis,0.0353954583406448
267,Gracupica nigricollis,0.0228735655546188
268,Gracupica nigricollis,0.0233615469187498
269,Gracupica nigricollis,0.0290382113307714
270,Gracupica nigricollis,0.0413572639226913
271,Gracupica nigricollis,0.0361670218408108
272,Gracupica nigricollis,0.0471704863011837
273,Gracupica nigricollis,0.0303525812923908
274,Gracupica nigricollis,0.0254113487899303
275,Gracupica nigricollis,0.0259977132081985
276,Gracupica nigricollis,0.025669414550066
277,Gracupica nigricollis,0.0368847064673901
278,Gracupica nigricollis,0.0292460415512323
279,Gracupica nigricollis,0.0293018668889999
280,Gracupica nigricollis,0.0321518890559673
281,Gracupica nigricollis,0.027149336412549
282,Gracupica nigricollis,0.10811173915863
283,Gracupica nigricollis,0.133194461464882
284,Gracupica nigricollis,0.131821811199188
285,Gracupica nigricollis,0.104319423437119
286,Gracupica nigricollis,0.0836220383644104
287,Gracupica nigricollis,0.068082332611084
288,Gracupica nigricollis,0.0537444651126862
289,Gracupica nigricollis,0.0552206262946129
290,Gracupica nigricollis,0.0546551756560803
291,Gracupica nigricollis,0.07197006046772
292,Gracupica nigricollis,0.0751402825117111
293,Gracupica nigricollis,0.0784721150994301
294,Gracupica nigricollis,0.0813777819275856
295,Gracupica nigricollis,0.0901251509785652
296,Gracupica nigricollis,0.0909035950899124
297,Gracupica nigricollis,0.0949246808886528
298,Gracupica nigricollis,0.0981142222881317
299,Gracupica nigricollis,0.100457385182381
300,Gracupica nigricollis,0.100584201514721
301,Gracupica nigricollis,0.10436824709177
302,Gracupica nigricollis,0.0433076769113541
303,Gracupica nigricollis,0.0259237848222256
304,Gracupica nigricollis,0.0308772083371878
305,Gracupica nigricollis,0.0333686806261539
306,Gracupica nigricollis,0.0323178470134735
307,Gracupica nigricollis,0.0346946306526661
308,Gracupica nigricollis,0.033026646822691
309,Gracupica nigricollis,0.0251455865800381
310,Gracupica nigricollis,0.0249187927693129
311,Gracupica nigricollis,0.0262157991528511
312,Gracupica nigricollis,0.0246330667287111
313,Gracupica nigricollis,0.0262625645846128
314,Gracupica nigricollis,0.025913393124938
315,Gracupica nigricollis,0.0257874168455601
316,Gracupica nigricollis,0.0257651805877686
317,Gracupica nigricollis,0.0223647318780422
318,Gracupica nigricollis,0.0251262076199055
319,Gracupica nigricollis,0.0780966207385063
320,Gracupica nigricollis,0.0648953914642334
321,Gracupica nigricollis,0.0739967077970505
322,Gracupica nigricollis,0.092416025698185
323,Gracupica nigricollis,0.098265752196312
324,Gracupica nigricollis,0.0880550667643547
325,Gracupica nigricollis,0.064811147749424
326,Gracupica nigricollis,0.0593581981956959
327,Gracupica nigricollis,0.0602400004863739
328,Gracupica nigricollis,0.0425307340919971
329,Gracupica nigricollis,0.0515748225152493
330,Gracupica nigricollis,0.0745653957128525
331,Gracupica nigricollis,0.0713227391242981
332,Gracupica nigricollis,0.0792219415307045
333,Gracupica nigricollis,0.0788048133254051
334,Gracupica nigricollis,0.0773566290736198
335,Gracupica nigricollis,0.0815472826361656
336,Gracupica nigricollis,0.0842984542250633
337,Gracupica nigricollis,0.0870660990476608
338,Gracupica nigricollis,0.102219983935356
339,Gracupica nigricollis,0.0930814296007156
340,Gracupica nigricollis,0.0876891314983368
341,Gracupica nigricollis,0.081976018846035
342,Gracupica nigricollis,0.0344268307089806
343,Gracupica nigricollis,0.0289481785148382
344,Gracupica nigricollis,0.0346044898033142
345,Gracupica nigricollis,0.0442709997296333
346,Gracupica nigricollis,0.0327874571084976
347,Gracupica nigricollis,0.0293888077139854
348,Gracupica nigricollis,0.0257517453283072
349,Gracupica nigricollis,0.0235466565936804
350,Gracupica nigricollis,0.0217525251209736
351,Gracupica nigricollis,0.0209105834364891
352,Gracupica nigricollis,0.0207723081111908
353,Gracupica nigricollis,0.0199574120342731
354,Gracupica nigricollis,0.0203520432114601
355,Gracupica nigricollis,0.0207831021398306
356,Gracupica nigricollis,0.0234809573739767
357,Gracupica nigricollis,0.0705280229449272
358,Gracupica nigricollis,0.0572117045521736
359,Gracupica nigricollis,0.0486593432724476
360,Gracupica nigricollis,0.0486707501113415
361,Gracupica nigricollis,0.062466349452734
362,Gracupica nigricollis,0.0656345337629318
363,Gracupica nigricollis,0.0701571255922318
364,Gracupica nigricollis,0.0492086075246334
365,Gracupica nigricollis,0.0503487996757031
366,Gracupica nigricollis,0.0565836206078529
367,Gracupica nigricollis,0.0381048768758774
368,Gracupica nigricollis,0.0600165128707886
369,Gracupica nigricollis,0.0595435723662376
370,Gracupica nigricollis,0.0694712102413178
371,Gracupica nigricollis,0.0646532475948334
372,Gracupica nigricollis,0.0731701999902725
373,Gracupica nigricollis,0.0793436244130135
374,Gracupica nigricollis,0.0830306857824326
375,Gracupica nigricollis,0.072767399251461
376,Gracupica nigricollis,0.0874671712517738
377,Gracupica nigricollis,0.0906907692551613
378,Gracupica nigricollis,0.0946600511670113
379,Gracupica nigricollis,0.0772839039564133
380,Gracupica nigricollis,0.051750086247921
381,Gracupica nigricollis,0.0367851667106152
382,Gracupica nigricollis,0.0334869846701622
383,Gracupica nigricollis,0.0242944341152906
384,Gracupica nigricollis,0.0222194045782089
385,Gracupica nigricollis,0.0373942367732525
386,Gracupica nigricollis,0.0297770984470844
387,Gracupica nigricollis,0.0263255964964628
388,Gracupica nigricollis,0.0200015213340521
389,Gracupica nigricollis,0.0189590100198984
390,Gracupica nigricollis,0.0179886724799871
391,Gracupica nigricollis,0.0166255347430706
392,Gracupica nigricollis,0.015682639554143
393,Gracupica nigricollis,0.0159808211028576
394,Gracupica nigricollis,0.018822418525815
395,Gracupica nigricollis,0.0223516095429659
396,Gracupica nigricollis,0.0391506589949131
397,Gracupica nigricollis,0.0434643737971783
398,Gracupica nigricollis,0.0407312661409378
399,Gracupica nigricollis,0.0543829016387463
400,Gracupica nigricollis,0.0526260919868946
401,Gracupica nigricollis,0.0575315654277802
402,Gracupica nigricollis,0.0530006065964699
403,Gracupica nigricollis,0.0488668791949749
404,Gracupica nigricollis,0.0534159168601036
405,Gracupica nigricollis,0.0507519394159317
406,Gracupica nigricollis,0.0587792545557022
407,Gracupica nigricollis,0.0628982186317444
408,Gracupica nigricollis,0.0742553174495697
409,Gracupica nigricollis,0.0664269477128983
410,Gracupica nigricollis,0.0701271668076515
411,Gracupica nigricollis,0.0652380809187889
412,Gracupica nigricollis,0.0568099729716778
413,Gracupica nigricollis,0.0617901720106602
414,Gracupica nigricollis,0.0678248256444931
415,Gracupica nigricollis,0.0690992474555969
416,Gracupica nigricollis,0.0647580698132515
417,Gracupica nigricollis,0.0843472108244896
418,Gracupica nigricollis,0.0370650626718998
419,Gracupica nigricollis,0.0323509573936462
420,Gracupica nigricollis,0.0397636406123638
421,Gracupica nigricollis,0.0255386028438807
422,Gracupica nigricollis,0.0299989804625511
423,Gracupica nigricollis,0.0208691563457251
424,Gracupica nigricollis,0.0191109068691731
425,Gracupica nigricollis,0.0200395993888378
426,Gracupica nigricollis,0.0158358793705702
427,Gracupica nigricollis,0.0162305943667889
428,Gracupica nigricollis,0.0154550084844232
429,Gracupica nigricollis,0.0148394573479891
430,Gracupica nigricollis,0.0147185046225786
431,Gracupica nigricollis,0.0155808543786407
432,Gracupica nigricollis,0.0189948957413435
433,Gracupica nigricollis,0.0374375805258751
434,Gracupica nigricollis,0.0380563512444496
435,Gracupica nigricollis,0.0455579645931721
436,Gracupica nigricollis,0.0485244616866112
437,Gracupica nigricollis,0.0470123961567879
438,Gracupica nigricollis,0.0588013231754303
439,Gracupica nigricollis,0.0518177784979343
440,Gracupica nigricollis,0.0480846203863621
441,Gracupica nigricollis,0.0528353005647659
442,Gracupica nigricollis,0.0519869215786457
443,Gracupica nigricollis,0.0519379749894142
444,Gracupica nigricollis,0.0626493617892265
445,Gracupica nigricollis,0.0645461827516556
446,Gracupica nigricollis,0.0625869855284691
447,Gracupica nigricollis,0.0638580992817879
448,Gracupica nigricollis,0.0534061528742313
449,Gracupica nigricollis,0.0449804961681366
450,Gracupica nigricollis,0.0605915449559689
451,Gracupica nigricollis,0.0729223415255547
452,Gracupica nigricollis,0.0364673994481564
453,Gracupica nigricollis,0.0364302508533001
454,Gracupica nigricollis,0.0269283931702375
455,Gracupica nigricollis,0.0239085853099823
456,Gracupica nigricollis,0.0264047998934984
457,Gracupica nigricollis,0.027747580781579
458,Gracupica nigricollis,0.0238449852913618
459,Gracupica nigricollis,0.0241373907774687
460,Gracupica nigricollis,0.0241508055478334
461,Gracupica nigricollis,0.0249947309494019
462,Gracupica nigricollis,0.0230294801294804
463,Gracupica nigricollis,0.0235614702105522
464,Gracupica nigricollis,0.0131352664902806
465,Gracupica nigricollis,0.0135712558403611
466,Gracupica nigricollis,0.0139320222660899
467,Gracupica nigricollis,0.0149053717032075
468,Gracupica nigricollis,0.0156540218740702
469,Gracupica nigricollis,0.0485382862389088
470,Gracupica nigricollis,0.0421026013791561
471,Gracupica nigricollis,0.0481678321957588
472,Gracupica nigricollis,0.0495882406830788
473,Gracupica nigricollis,0.0457421243190765
474,Gracupica nigricollis,0.0480920933187008
475,Gracupica nigricollis,0.0499313548207283
476,Gracupica nigricollis,0.0521991774439812
477,Gracupica nigricollis,0.0502268895506859
478,Gracupica nigricollis,0.0568662434816361
479,Gracupica nigricollis,0.0543245151638985
480,Gracupica nigricollis,0.0629948526620865
481,Gracupica nigricollis,0.0476151965558529
482,Gracupica nigricollis,0.0316677503287792
483,Gracupica nigricollis,0.0287760961800814
484,Gracupica nigricollis,0.0243190992623568
485,Gracupica nigricollis,0.0270252581685782
486,Gracupica nigricollis,0.0316395647823811
487,Gracupica nigricollis,0.055893711745739
488,Gracupica nigricollis,0.0435572117567062
489,Gracupica nigricollis,0.0531872324645519
490,Gracupica nigricollis,0.0434339232742786
491,Gracupica nigricollis,0.0202842615544796
492,Gracupica nigricollis,0.0204606633633375
493,Gracupica nigricollis,0.0220812372863293
494,Gracupica nigricollis,0.0230738408863544
495,Gracupica nigricollis,0.0212396010756493
496,Gracupica nigricollis,0.0179938171058893
497,Gracupica nigricollis,0.0206290353089571
498,Gracupica nigricollis,0.0263283047825098
499,Gracupica nigricollis,0.0250170473009348
500,Gracupica nigricollis,0.0112636126577854
501,Gracupica nigricollis,0.0109595190733671
502,Gracupica nigricollis,0.0112020317465067
503,Gracupica nigricollis,0.0139709152281284
504,Gracupica nigricollis,0.0159608200192451
505,Gracupica nigricollis,0.0164843313395977
506,Gracupica nigricollis,0.0517648197710514
507,Gracupica nigricollis,0.0411922857165337
508,Gracupica nigricollis,0.0618061274290085
509,Gracupica nigricollis,0.0527545921504498
510,Gracupica nigricollis,0.0508529432117939
511,Gracupica nigricollis,0.0518690347671509
512,Gracupica nigricollis,0.0469741970300674
513,Gracupica nigricollis,0.0505210943520069
514,Gracupica nigricollis,0.0489937998354435
515,Gracupica nigricollis,0.0517365150153637
516,Gracupica nigricollis,0.0477932915091515
517,Gracupica nigricollis,0.038037583231926
518,Gracupica nigricollis,0.0582237429916859
519,Gracupica nigricollis,0.0324308909475803
520,Gracupica nigricollis,0.0267418324947357
521,Gracupica nigricollis,0.0315562151372433
522,Gracupica nigricollis,0.0358475297689438
523,Gracupica nigricollis,0.0488724261522293
524,Gracupica nigricollis,0.0534970015287399
525,Gracupica nigricollis,0.0577170252799988
526,Gracupica nigricollis,0.0592365376651287
527,Gracupica nigricollis,0.048756305128336
528,Gracupica nigricollis,0.0207337494939566
529,Gracupica nigricollis,0.0182113572955132
530,Gracupica nigricollis,0.0163444802165031
531,Gracupica nigricollis,0.0147054689005017
532,Gracupica nigricollis,0.0181548055261374
533,Gracupica nigricollis,0.0167312398552895
534,Gracupica nigricollis,0.015420226380229
535,Gracupica nigricollis,0.0179594494402409
536,Gracupica nigricollis,0.0177970193326473
537,Gracupica nigricollis,0.0203121621161699
538,Gracupica nigricollis,0.0111514208838344
539,Gracupica nigricollis,0.00861647445708513
540,Gracupica nigricollis,0.00863835029304028
541,Gracupica nigricollis,0.0104725584387779
542,Gracupica nigricollis,0.0110907079651952
543,Gracupica nigricollis,0.0153167061507702
544,Gracupica nigricollis,0.0159565638750792
545,Gracupica nigricollis,0.0512805990874767
546,Gracupica nigricollis,0.0417168252170086
547,Gracupica nigricollis,0.0286705698817968
548,Gracupica nigricollis,0.0193982291966677
549,Gracupica nigricollis,0.0186693500727415
550,Gracupica nigricollis,0.0182276591658592
551,Gracupica nigricollis,0.021085636690259
552,Gracupica nigricollis,0.0362531431019306
553,Gracupica nigricollis,0.0374852679669857
554,Gracupica nigricollis,0.0428561083972454
555,Gracupica nigricollis,0.0476378947496414
556,Gracupica nigricollis,0.0397229045629501
557,Gracupica nigricollis,0.0313188917934895
558,Gracupica nigricollis,0.0317522473633289
559,Gracupica nigricollis,0.0323648080229759
560,Gracupica nigricollis,0.034562136977911
561,Gracupica nigricollis,0.0487581044435501
562,Gracupica nigricollis,0.0513909868896008
563,Gracupica nigricollis,0.055095162242651
564,Gracupica nigricollis,0.060458280146122
565,Gracupica nigricollis,0.022332513704896
566,Gracupica nigricollis,0.0323763117194176
567,Gracupica nigricollis,0.0175038930028677
568,Gracupica nigricollis,0.0153808295726776
569,Gracupica nigricollis,0.0157947801053524
570,Gracupica nigricollis,0.014774102717638
571,Gracupica nigricollis,0.0141865042969584
572,Gracupica nigricollis,0.0144515251740813
573,Gracupica nigricollis,0.0147178145125508
574,Gracupica nigricollis,0.0148687241598964
575,Gracupica nigricollis,0.0245749931782484
576,Gracupica nigricollis,0.0155101260170341
577,Gracupica nigricollis,0.0104149570688605
578,Gracupica nigricollis,0.00801818538457155
579,Gracupica nigricollis,0.00849317666143179
580,Gracupica nigricollis,0.00807868968695402
581,Gracupica nigricollis,0.046027023345232
582,Gracupica nigricollis,0.0434387251734734
583,Gracupica nigricollis,0.024812176823616
584,Gracupica nigricollis,0.0170802511274815
585,Gracupica nigricollis,0.0126258125528693
586,Gracupica nigricollis,0.0133310556411743
587,Gracupica nigricollis,0.0115453936159611
588,Gracupica nigricollis,0.0103177996352315
589,Gracupica nigricollis,0.0112796146422625
590,Gracupica nigricollis,0.0111782401800156
591,Gracupica nigricollis,0.0136211449280381
592,Gracupica nigricollis,0.0265648551285267
593,Gracupica nigricollis,0.0352296680212021
594,Gracupica nigricollis,0.0385898053646088
595,Gracupica nigricollis,0.0319410935044289
596,Gracupica nigricollis,0.0388057678937912
597,Gracupica nigricollis,0.0417263545095921
598,Gracupica nigricollis,0.0443172641098499
599,Gracupica nigricollis,0.0337106697261333
600,Gracupica nigricollis,0.0443994775414467
601,Gracupica nigricollis,0.0185868050903082
602,Gracupica nigricollis,0.0156799051910639
603,Gracupica nigricollis,0.0139381056651473
604,Gracupica nigricollis,0.0136331785470247
605,Gracupica nigricollis,0.0120646068826318
606,Gracupica nigricollis,0.0116084925830364
607,Gracupica nigricollis,0.0129462191835046
608,Gracupica nigricollis,0.0141217540949583
609,Gracupica nigricollis,0.0142742050811648
610,Gracupica nigricollis,0.013463762588799
611,Gracupica nigricollis,0.0121582979336381
612,Gracupica nigricollis,0.0169766694307327
613,Gracupica nigricollis,0.0195908304303885
614,Gracupica nigricollis,0.0163895469158888
615,Gracupica nigricollis,0.00814047269523144
616,Gracupica nigricollis,0.00796941760927439
617,Gracupica nigricollis,0.0899743884801865
618,Gracupica nigricollis,0.025255499407649
619,Gracupica nigricollis,0.0171189196407795
620,Gracupica nigricollis,0.0142585132271051
621,Gracupica nigricollis,0.0124922161921859
622,Gracupica nigricollis,0.0126456497237086
623,Gracupica nigricollis,0.0103403776884079
624,Gracupica nigricollis,0.00912790279835463
625,Gracupica nigricollis,0.00792377069592476
626,Gracupica nigricollis,0.00875929370522499
627,Gracupica nigricollis,0.00886469800025225
628,Gracupica nigricollis,0.0110060479491949
629,Gracupica nigricollis,0.0115131065249443
630,Gracupica nigricollis,0.0112351402640343
631,Gracupica nigricollis,0.0137824174016714
632,Gracupica nigricollis,0.0147810913622379
633,Gracupica nigricollis,0.0151850031688809
634,Gracupica nigricollis,0.0158402845263481
635,Gracupica nigricollis,0.0171430800110102
636,Gracupica nigricollis,0.0189227070659399
637,Gracupica nigricollis,0.015817241743207
638,Gracupica nigricollis,0.014528620056808
639,Gracupica nigricollis,0.0115395979955792
640,Gracupica nigricollis,0.0100201889872551
641,Gracupica nigricollis,0.0100236600264907
642,Gracupica nigricollis,0.0132832573726773
643,Gracupica nigricollis,0.0119826542213559
644,Gracupica nigricollis,0.0104476790875196
645,Gracupica nigricollis,0.0105642350390553
646,Gracupica nigricollis,0.010999483987689
647,Gracupica nigricollis,0.00997140444815159
648,Gracupica nigricollis,0.0110046174377203
649,Gracupica nigricollis,0.0177230499684811
650,Gracupica nigricollis,0.0152471242472529
651,Gracupica nigricollis,0.0155636146664619
652,Gracupica nigricollis,0.0131669146940112
653,Gracupica nigricollis,0.00885395705699921
654,Gracupica nigricollis,0.0105263954028487
655,Gracupica nigricollis,0.0119146052747965
656,Gracupica nigricollis,0.0458033569157124
657,Gracupica nigricollis,0.0153344105929136
658,Gracupica nigricollis,0.013186882250011
659,Gracupica nigricollis,0.0119763677939773
660,Gracupica nigricollis,0.0110400225967169
661,Gracupica nigricollis,0.00946132838726044
662,Gracupica nigricollis,0.00830718223005533
663,Gracupica nigricollis,0.00760579016059637
664,Gracupica nigricollis,0.00847094692289829
665,Gracupica nigricollis,0.00865487009286881
666,Gracupica nigricollis,0.0096456641331315
667,Gracupica nigricollis,0.0099440598860383
668,Gracupica nigricollis,0.0107151120901108
669,Gracupica nigricollis,0.0118400622159243
670,Gracupica nigricollis,0.0137438550591469
671,Gracupica nigricollis,0.0168888606131077
672,Gracupica nigricollis,0.0200510043650866
673,Gracupica nigricollis,0.0186153203248978
674,Gracupica nigricollis,0.020958548411727
675,Gracupica nigricollis,0.0154452510178089
676,Gracupica nigricollis,0.0138453515246511
677,Gracupica nigricollis,0.00970699544996023
678,Gracupica nigricollis,0.00866494979709387
679,Gracupica nigricollis,0.00991981942206621
680,Gracupica nigricollis,0.00732416426762939
681,Gracupica nigricollis,0.00938355270773172
682,Gracupica nigricollis,0.0125704146921635
683,Gracupica nigricollis,0.00948724336922169
684,Gracupica nigricollis,0.0105516761541367
685,Gracupica nigricollis,0.0142217315733433
686,Gracupica nigricollis,0.0133223906159401
687,Gracupica nigricollis,0.0200322605669498
688,Gracupica nigricollis,0.0157732926309109
689,Gracupica nigricollis,0.0129183940589428
690,Gracupica nigricollis,0.013057129457593
691,Gracupica nigricollis,0.0114054661244154
692,Gracupica nigricollis,0.0113664800301194
693,Gracupica nigricollis,0.0117333950474858
694,Gracupica nigricollis,0.00967357866466045
695,Gracupica nigricollis,0.0133621878921986
696,Gracupica nigricollis,0.0800143703818321
697,Gracupica nigricollis,0.0197095479816198
698,Gracupica nigricollis,0.0165966246277094
699,Gracupica nigricollis,0.0148983420804143
700,Gracupica nigricollis,0.014295113272965
701,Gracupica nigricollis,0.0108537804335356
702,Gracupica nigricollis,0.0110684474930167
703,Gracupica nigricollis,0.00942415557801723
704,Gracupica nigricollis,0.00824865233153105
705,Gracupica nigricollis,0.00854798126965761
706,Gracupica nigricollis,0.00877485703676939
707,Gracupica nigricollis,0.00960424914956093
708,Gracupica nigricollis,0.0138783194124699
709,Gracupica nigricollis,0.014964853413403
710,Gracupica nigricollis,0.013233745470643
711,Gracupica nigricollis,0.013364402577281
712,Gracupica nigricollis,0.0143806328997016
713,Gracupica nigricollis,0.0147914616391063
714,Gracupica nigricollis,0.0190563108772039
715,Gracupica nigricollis,0.0183759294450283
716,Gracupica nigricollis,0.0129609201103449
717,Gracupica nigricollis,0.00979676749557257
718,Gracupica nigricollis,0.00789513159543276
719,Gracupica nigricollis,0.00733131682500243
720,Gracupica nigricollis,0.00981595646589994
721,Gracupica nigricollis,0.010344454087317
722,Gracupica nigricollis,0.010442141443491
723,Gracupica nigricollis,0.0116931134834886
724,Gracupica nigricollis,0.0109675005078316
725,Gracupica nigricollis,0.013687894679606
726,Gracupica nigricollis,0.012980087660253
727,Gracupica nigricollis,0.0152380662038922
728,Gracupica nigricollis,0.0133125567808747
729,Gracupica nigricollis,0.0134195992723107
730,Gracupica nigricollis,0.0118755614385009
731,Gracupica nigricollis,0.00991757027804852
732,Gracupica nigricollis,0.0100583117455244
733,Gracupica nigricollis,0.0129437204450369
734,Gracupica nigricollis,0.0154757890850306
735,Gracupica nigricollis,0.0572468191385269
736,Gracupica nigricollis,0.0371724516153336
737,Gracupica nigricollis,0.0234198346734047
738,Gracupica nigricollis,0.0183334890753031
739,Gracupica nigricollis,0.0193924400955439
740,Gracupica nigricollis,0.0145665565505624
741,Gracupica nigricollis,0.011793096549809
742,Gracupica nigricollis,0.00994770228862762
743,Gracupica nigricollis,0.00989139080047607
744,Gracupica nigricollis,0.0110426340252161
745,Gracupica nigricollis,0.0109616760164499
746,Gracupica nigricollis,0.00982334464788437
747,Gracupica nigricollis,0.0141781689599156
748,Gracupica nigricollis,0.0107066342607141
749,Gracupica nigricollis,0.0088758347555995
750,Gracupica nigricollis,0.00802276376634836
751,Gracupica nigricollis,0.00919021666049957
752,Gracupica nigricollis,0.0115191051736474
753,Gracupica nigricollis,0.0150020308792591
754,Gracupica nigricollis,0.0083388052880764
755,Gracupica nigricollis,0.00874324236065149
756,Gracupica nigricollis,0.0093871122226119
757,Gracupica nigricollis,0.0107803801074624
758,Gracupica nigricollis,0.013109078630805
759,Gracupica nigricollis,0.0175541881471872
760,Gracupica nigricollis,0.0112422415986657
761,Gracupica nigricollis,0.0107131814584136
762,Gracupica nigricollis,0.010008567944169
763,Gracupica nigricollis,0.0100423479452729
764,Gracupica nigricollis,0.0106763355433941
765,Gracupica nigricollis,0.0131965447217226
766,Gracupica nigricollis,0.0161846298724413
767,Gracupica nigricollis,0.0344778709113598
768,Gracupica nigricollis,0.0597424618899822
769,Gracupica nigricollis,0.028439462184906
770,Gracupica nigricollis,0.0238086730241776
771,Gracupica nigricollis,0.0434415712952614
772,Gracupica nigricollis,0.051321491599083
773,Gracupica nigricollis,0.0442511029541492
774,Gracupica nigricollis,0.0138089256361127
775,Gracupica nigricollis,0.0109849683940411
776,Gracupica nigricollis,0.0194269753992558
777,Gracupica nigricollis,0.0101539175957441
778,Gracupica nigricollis,0.0212411060929298
779,Gracupica nigricollis,0.0277673173695803
780,Gracupica nigricollis,0.00639030570164323
781,Gracupica nigricollis,0.0067066540941596
782,Gracupica nigricollis,0.00720240687951446
783,Gracupica nigricollis,0.00814781431108713
784,Gracupica nigricollis,0.0100687807425857
785,Gracupica nigricollis,0.0124005153775215
786,Gracupica nigricollis,0.0100036589428782
787,Gracupica nigricollis,0.00862042419612408
788,Gracupica nigricollis,0.00883422512561083
789,Gracupica nigricollis,0.0090499734506011
790,Gracupica nigricollis,0.0100212655961514
791,Gracupica nigricollis,0.0115629564970732
792,Gracupica nigricollis,0.0125501994043589
793,Gracupica nigricollis,0.0166162829846144
794,Gracupica nigricollis,0.0304145198315382
795,Gracupica nigricollis,0.0226555000990629
796,Gracupica nigricollis,0.0217133816331625
797,Gracupica nigricollis,0.0187651943415403
798,Gracupica nigricollis,0.0885550826787949
799,Gracupica nigricollis,0.0346264615654945
800,Gracupica nigricollis,0.0119872745126486
801,Gracupica nigricollis,0.0134978042915463
802,Gracupica nigricollis,0.0117709245532751
803,Gracupica nigricollis,0.0115242097526789
804,Gracupica nigricollis,0.0105986949056387
805,Gracupica nigricollis,0.0071095428429544
806,Gracupica nigricollis,0.00686265574768186
807,Gracupica nigricollis,0.00834911689162254
808,Gracupica nigricollis,0.00833071861416102
809,Gracupica nigricollis,0.00879028812050819
810,Gracupica nigricollis,0.00920248031616211
811,Gracupica nigricollis,0.011003409512341
812,Gracupica nigricollis,0.0106037454679608
813,Gracupica nigricollis,0.00824800413101912
814,Gracupica nigricollis,0.00793068204075098
815,Gracupica nigricollis,0.00766743952408433
816,Gracupica nigricollis,0.0081989262253046
817,Gracupica nigricollis,0.00961507391184568
818,Gracupica nigricollis,0.0107684824615717
819,Gracupica nigricollis,0.0154424412176013
820,Gracupica nigricollis,0.0161485616117716
821,Gracupica nigricollis,0.0203548315912485
822,Gracupica nigricollis,0.0389706753194332
823,Gracupica nigricollis,0.0317681729793549
824,Gracupica nigricollis,0.00835974141955376
825,Gracupica nigricollis,0.00787139311432838
826,Gracupica nigricollis,0.00815625488758087
827,Gracupica nigricollis,0.01098692137748
828,Gracupica nigricollis,0.0211544930934906
829,Gracupica nigricollis,0.00896509177982807
830,Gracupica nigricollis,0.00848831422626972
831,Gracupica nigricollis,0.0122423293069005
832,Gracupica nigricollis,0.00926699675619602
833,Gracupica nigricollis,0.00820950418710709
834,Gracupica nigricollis,0.00696781137958169
835,Gracupica nigricollis,0.00702138571068645
836,Gracupica nigricollis,0.00799127575010061
837,Gracupica nigricollis,0.0104964198544621
838,Gracupica nigricollis,0.0139836715534329
839,Gracupica nigricollis,0.0144950952380896
840,Gracupica nigricollis,0.0178736820816994
841,Gracupica nigricollis,0.0799648687243462
842,Gracupica nigricollis,0.0121438577771187
843,Gracupica nigricollis,0.00916627794504166
844,Gracupica nigricollis,0.00528259249404073
845,Gracupica nigricollis,0.00639203935861588
846,Gracupica nigricollis,0.00851095281541348
847,Gracupica nigricollis,0.0131585774943233
848,Gracupica nigricollis,0.0154716596007347
849,Gracupica nigricollis,0.0163403861224651
850,Gracupica nigricollis,0.00897779129445553
851,Gracupica nigricollis,0.00905703846365213
852,Gracupica nigricollis,0.0105507774278522
853,Gracupica nigricollis,0.0121126910671592
854,Gracupica nigricollis,0.00834623351693153
855,Gracupica nigricollis,0.0064909216016531
856,Gracupica nigricollis,0.00627809297293425
857,Gracupica nigricollis,0.00699958391487598
858,Gracupica nigricollis,0.00798629410564899
859,Gracupica nigricollis,0.0112583395093679
860,Gracupica nigricollis,0.0103353792801499
861,Gracupica nigricollis,0.0155146345496178
862,Gracupica nigricollis,0.0307562034577131
863,Gracupica nigricollis,0.0130581306293607
864,Gracupica nigricollis,0.00910736154764891
865,Gracupica nigricollis,0.0126080503687263
866,Gracupica nigricollis,0.0125121390447021
867,Gracupica nigricollis,0.0132867423817515
868,Gracupica nigricollis,0.0246947333216667
869,Gracupica nigricollis,0.0133566372096539
870,Gracupica nigricollis,0.00822943914681673
871,Gracupica nigricollis,0.00621021632105112
872,Gracupica nigricollis,0.00682905782014132
873,Gracupica nigricollis,0.00670279143378139
874,Gracupica nigricollis,0.00762970093637705
875,Gracupica nigricollis,0.00879032164812088
876,Gracupica nigricollis,0.0120407193899155
877,Gracupica nigricollis,0.0117060448974371
878,Gracupica nigricollis,0.0141645241528749
879,Gracupica nigricollis,0.0135641526430845
880,Gracupica nigricollis,0.0301543027162552
881,Gracupica nigricollis,0.00791566073894501
882,Gracupica nigricollis,0.00612928392365575
883,Gracupica nigricollis,0.00696430308744311
884,Gracupica nigricollis,0.0134751200675964
885,Gracupica nigricollis,0.0119456797838211
886,Gracupica nigricollis,0.00833628699183464
887,Gracupica nigricollis,0.00647006928920746
888,Gracupica nigricollis,0.00624464685097337
889,Gracupica nigricollis,0.00669668056070805
890,Gracupica nigricollis,0.0071029388345778
891,Gracupica nigricollis,0.0107101900503039
892,Gracupica nigricollis,0.00968088489025831
893,Gracupica nigricollis,0.0107567301020026
894,Gracupica nigricollis,0.00995341315865517
895,Gracupica nigricollis,0.023734774440527
896,Gracupica nigricollis,0.0332131125032902
897,Gracupica nigricollis,0.00818977598100901
898,Gracupica nigricollis,0.00686946278437972
899,Gracupica nigricollis,0.00628586672246456
900,Gracupica nigricollis,0.00883170124143362
901,Gracupica nigricollis,0.0122672505676746
902,Gracupica nigricollis,0.00970750022679567
903,Gracupica nigricollis,0.00701736891642213
904,Gracupica nigricollis,0.00658684642985463
905,Gracupica nigricollis,0.00679249735549092
906,Gracupica nigricollis,0.00915554352104664
907,Gracupica nigricollis,0.0095467995852232
908,Gracupica nigricollis,0.00886852294206619
909,Gracupica nigricollis,0.00868757162243128
910,Gracupica nigricollis,0.0103688277304173
911,Gracupica nigricollis,0.00634197099134326
912,Gracupica nigricollis,0.00773214362561703
913,Gracupica nigricollis,0.0119471894577146
914,Gracupica nigricollis,0.012164231389761
915,Gracupica nigricollis,0.00845479220151901
916,Gracupica nigricollis,0.0074874390847981
917,Gracupica nigricollis,0.00875683221966028
918,Gracupica nigricollis,0.0105162477120757
919,Gracupica nigricollis,0.0102761900052428
920,Gracupica nigricollis,0.0090831071138382
921,Gracupica nigricollis,0.00957561656832695
922,Gracupica nigricollis,0.0137275205925107
923,Gracupica nigricollis,0.0118911387398839
924,Gracupica nigricollis,0.00924831815063953
925,Gracupica nigricollis,0.00966124795377254
926,Gracupica nigricollis,0.0100766010582447
927,Gracupica nigricollis,0.00779184559360147
928,Gracupica nigricollis,0.0131013384088874
929,Gracupica nigricollis,0.0143676325678825
930,Gracupica nigricollis,0.0126702878624201
931,Gracupica nigricollis,0.0108148893341422
932,Gracupica nigricollis,0.0100201591849327
933,Gracupica nigricollis,0.00992171559482813
934,Gracupica nigricollis,0.0124678555876017
935,Gracupica nigricollis,0.0121705699712038
936,Gracupica nigricollis,0.0107053769752383
937,Gracupica nigricollis,0.00797814782708883
938,Gracupica nigricollis,0.0104168085381389
939,Gracupica nigricollis,0.0110520496964455
940,Gracupica nigricollis,0.0100523419678211
941,Gracupica nigricollis,0.00989392772316933
1,Parus monticolus,0.00402732100337744
2,Parus monticolus,0.170160904526711
3,Parus monticolus,0.206972151994705
4,Parus monticolus,0.239802464842796
5,Parus monticolus,0.188734591007233
6,Parus monticolus,0.00210885447449982
7,Parus monticolus,0.00451236963272095
8,Parus monticolus,0.0228453800082207
9,Parus monticolus,0.0221109502017498
10,Parus monticolus,0.17966827750206
11,Parus monticolus,0.144408911466599
12,Parus monticolus,0.000856581260450184
13,Parus monticolus,0.000679992488585413
14,Parus monticolus,0.00167656631674618
15,Parus monticolus,0.00043676036875695
16,Parus monticolus,0.0248678326606751
17,Parus monticolus,0.0954961031675339
18,Parus monticolus,0.0967376604676247
19,Parus monticolus,0.0953305959701538
20,Parus monticolus,0.141658440232277
21,Parus monticolus,0.170972719788551
22,Parus monticolus,0.254836142063141
23,Parus monticolus,0.0001138720617746
24,Parus monticolus,0.000243461050558835
25,Parus monticolus,0.000576140824705362
26,Parus monticolus,0.000150608917465433
27,Parus monticolus,0.000109456494101323
28,Parus monticolus,0.000583192624617368
29,Parus monticolus,0.0014983881264925
30,Parus monticolus,0.0230046417564154
31,Parus monticolus,0.0014962803106755
32,Parus monticolus,0.0970659554004669
33,Parus monticolus,0.0870042443275452
34,Parus monticolus,0.0529793277382851
35,Parus monticolus,0.0956114530563354
36,Parus monticolus,0.096387043595314
37,Parus monticolus,0.102547213435173
38,Parus monticolus,0.104580760002136
39,Parus monticolus,0.226302966475487
40,Parus monticolus,0.16665256023407
41,Parus monticolus,0.000105488710687496
42,Parus monticolus,7.86803720984608e-05
43,Parus monticolus,0.0010477137984708
44,Parus monticolus,0.000441082491306588
45,Parus monticolus,0.000340391736244783
46,Parus monticolus,0.000643865845631808
47,Parus monticolus,0.000820986577309668
48,Parus monticolus,0.000398093805415556
49,Parus monticolus,0.0152775784954429
50,Parus monticolus,0.00492125982418656
51,Parus monticolus,0.0865010768175125
52,Parus monticolus,0.0813549086451531
53,Parus monticolus,0.103605590760708
54,Parus monticolus,0.0885546058416367
55,Parus monticolus,0.0997307300567627
56,Parus monticolus,0.0857669189572334
57,Parus monticolus,0.169673413038254
58,Parus monticolus,0.128929376602173
59,Parus monticolus,0.146488949656487
60,Parus monticolus,0.113094002008438
61,Parus monticolus,0.0178064536303282
62,Parus monticolus,0.0296193361282349
63,Parus monticolus,0.0217601973563433
64,Parus monticolus,0.00123100180644542
65,Parus monticolus,0.0041177743114531
66,Parus monticolus,0.000441409356426448
67,Parus monticolus,0.000784934672992677
68,Parus monticolus,0.00323096034117043
69,Parus monticolus,0.00439374754205346
70,Parus monticolus,0.0408064126968384
71,Parus monticolus,0.0392644703388214
72,Parus monticolus,0.0822000578045845
73,Parus monticolus,0.0820648670196533
74,Parus monticolus,0.114031352102757
75,Parus monticolus,0.126940310001373
76,Parus monticolus,0.0861657857894898
77,Parus monticolus,0.0734181553125382
78,Parus monticolus,0.117860808968544
79,Parus monticolus,0.138610914349556
80,Parus monticolus,0.116554394364357
81,Parus monticolus,0.0636041685938835
82,Parus monticolus,0.078758604824543
83,Parus monticolus,0.0635490193963051
84,Parus monticolus,0.00033195671858266
85,Parus monticolus,0.00452305935323238
86,Parus monticolus,0.00132724933791906
87,Parus monticolus,0.000327787944115698
88,Parus monticolus,0.00403116969391704
89,Parus monticolus,0.03526870906353
90,Parus monticolus,0.0367591194808483
91,Parus monticolus,0.0512005239725113
92,Parus monticolus,0.0747793465852737
93,Parus monticolus,0.131329745054245
94,Parus monticolus,0.0843622013926506
95,Parus monticolus,0.149106755852699
96,Parus monticolus,0.129599094390869
97,Parus monticolus,0.113005951046944
98,Parus monticolus,0.116654373705387
99,Parus monticolus,0.116325490176678
100,Parus monticolus,0.213956147432327
101,Parus monticolus,0.078641876578331
102,Parus monticolus,0.077564001083374
103,Parus monticolus,0.108627527952194
104,Parus monticolus,0.00108156295027584
105,Parus monticolus,0.00152323790825903
106,Parus monticolus,0.0225767772644758
107,Parus monticolus,0.000373267568647862
108,Parus monticolus,0.00356955616734922
109,Parus monticolus,0.0365395620465279
110,Parus monticolus,0.0366822443902493
111,Parus monticolus,0.0597621351480484
112,Parus monticolus,0.0580614395439625
113,Parus monticolus,0.113057181239128
114,Parus monticolus,0.0911216959357262
115,Parus monticolus,0.0929687768220901
116,Parus monticolus,0.0989054068922997
117,Parus monticolus,0.129555463790894
118,Parus monticolus,0.115609832108021
119,Parus monticolus,0.0721195936203003
120,Parus monticolus,0.0798595175147057
121,Parus monticolus,0.0860960409045219
122,Parus monticolus,0.0950965136289597
123,Parus monticolus,0.000550901575479657
124,Parus monticolus,0.00403659464791417
125,Parus monticolus,0.00820362474769354
126,Parus monticolus,0.0370668657124043
127,Parus monticolus,0.00448870193213224
128,Parus monticolus,0.000134639238240197
129,Parus monticolus,0.000509016681462526
130,Parus monticolus,0.0227420851588249
131,Parus monticolus,0.000929586298298091
132,Parus monticolus,0.0359434150159359
133,Parus monticolus,0.0322058647871017
134,Parus monticolus,0.0369047187268734
135,Parus monticolus,0.0388999320566654
136,Parus monticolus,0.0566933639347553
137,Parus monticolus,0.0669441372156143
138,Parus monticolus,0.0927429795265198
139,Parus monticolus,0.0954191312193871
140,Parus monticolus,0.0964687764644623
141,Parus monticolus,0.11784265935421
142,Parus monticolus,0.0933507606387138
143,Parus monticolus,0.0864082723855972
144,Parus monticolus,0.0823564752936363
145,Parus monticolus,0.0979902371764183
146,Parus monticolus,0.165897563099861
147,Parus monticolus,9.94948859442957e-05
148,Parus monticolus,0.000241375950281508
149,Parus monticolus,4.47720913143712e-06
150,Parus monticolus,0.000210028883884661
151,Parus monticolus,0.00185297592543066
152,Parus monticolus,0.000959002471063286
153,Parus monticolus,0.00458053825423122
154,Parus monticolus,0.00267110485583544
155,Parus monticolus,0.00195965054444969
156,Parus monticolus,0.000112825175165199
157,Parus monticolus,6.88854270265438e-05
158,Parus monticolus,0.00210445607081056
159,Parus monticolus,0.000704059319104999
160,Parus monticolus,0.000146314763696864
161,Parus monticolus,0.0358386747539043
162,Parus monticolus,0.0340780839323998
163,Parus monticolus,0.0444041863083839
164,Parus monticolus,0.042831975966692
165,Parus monticolus,0.0506017282605171
166,Parus monticolus,0.0704475045204163
167,Parus monticolus,0.0751918479800224
168,Parus monticolus,0.0932895317673683
169,Parus monticolus,0.0792890265583992
170,Parus monticolus,0.12433123588562
171,Parus monticolus,0.0720051750540733
172,Parus monticolus,0.0773481726646423
173,Parus monticolus,0.0859341099858284
174,Parus monticolus,0.0802962258458138
175,Parus monticolus,0.135262370109558
176,Parus monticolus,0.175426125526428
177,Parus monticolus,0.247516795992851
178,Parus monticolus,0.00290759932249784
179,Parus monticolus,2.69686438514327e-06
180,Parus monticolus,2.68951839643705e-06
181,Parus monticolus,2.78671154774202e-06
182,Parus monticolus,2.72108559329354e-06
183,Parus monticolus,6.22742936684517e-06
184,Parus monticolus,5.69709009141661e-05
185,Parus monticolus,9.27325236261822e-05
186,Parus monticolus,0.000340424769092351
187,Parus monticolus,0.000463704782305285
188,Parus monticolus,0.000211400300031528
189,Parus monticolus,2.81298016489018e-05
190,Parus monticolus,3.17738195008133e-05
191,Parus monticolus,8.09895482234424e-06
192,Parus monticolus,0.000157964983372949
193,Parus monticolus,6.42371742287651e-05
194,Parus monticolus,2.83587796729989e-05
195,Parus monticolus,0.000160361174494028
196,Parus monticolus,0.0374482274055481
197,Parus monticolus,0.0371519811451435
198,Parus monticolus,0.109169200062752
199,Parus monticolus,0.062128558754921
200,Parus monticolus,0.0684842616319656
201,Parus monticolus,0.0591995753347874
202,Parus monticolus,0.0671346038579941
203,Parus monticolus,0.0585778914391995
204,Parus monticolus,0.0649984106421471
205,Parus monticolus,0.0933289751410484
206,Parus monticolus,0.0887245833873749
207,Parus monticolus,0.0922490954399109
208,Parus monticolus,0.117892250418663
209,Parus monticolus,0.0830796733498573
210,Parus monticolus,0.135188698768616
211,Parus monticolus,0.0556264147162437
212,Parus monticolus,0.0616223402321339
213,Parus monticolus,0.12218964099884
214,Parus monticolus,0.00880298018455505
215,Parus monticolus,0.000502770009916276
216,Parus monticolus,2.69222050519602e-06
217,Parus monticolus,2.73410341833369e-06
218,Parus monticolus,2.90722118734266e-06
219,Parus monticolus,9.67051255429396e-06
220,Parus monticolus,8.30015997053124e-05
221,Parus monticolus,6.23330925009213e-05
222,Parus monticolus,0.000266429735347629
223,Parus monticolus,0.000127019287901931
224,Parus monticolus,1.37033575811074e-05
225,Parus monticolus,1.27236708067358e-05
226,Parus monticolus,1.81547093234258e-05
227,Parus monticolus,6.43816520096152e-06
228,Parus monticolus,2.76419777947012e-05
229,Parus monticolus,0.00173032307066023
230,Parus monticolus,7.08293691786821e-06
231,Parus monticolus,2.55915820162045e-05
232,Parus monticolus,0.00028127632685937
233,Parus monticolus,0.0354357026517391
234,Parus monticolus,0.0463008880615234
235,Parus monticolus,0.0617749691009522
236,Parus monticolus,0.0420876033604145
237,Parus monticolus,0.0539607517421246
238,Parus monticolus,0.0527631640434265
239,Parus monticolus,0.0515916906297207
240,Parus monticolus,0.0532601363956928
241,Parus monticolus,0.109321497380733
242,Parus monticolus,0.0950165614485741
243,Parus monticolus,0.137333437800407
244,Parus monticolus,0.143418446183205
245,Parus monticolus,0.11836576461792
246,Parus monticolus,0.1572605073452
247,Parus monticolus,0.0448128767311573
248,Parus monticolus,0.0388881303369999
249,Parus monticolus,0.0815243646502495
250,Parus monticolus,0.00200631399638951
251,Parus monticolus,3.28314149555808e-06
252,Parus monticolus,2.72276565738139e-06
253,Parus monticolus,2.93408447760157e-06
254,Parus monticolus,3.41696841132944e-06
255,Parus monticolus,5.88630564379855e-06
256,Parus monticolus,1.94514050235739e-05
257,Parus monticolus,1.02714129752712e-05
258,Parus monticolus,2.24744471779559e-05
259,Parus monticolus,2.39655237237457e-05
260,Parus monticolus,2.06706245080568e-05
261,Parus monticolus,1.40100628414075e-05
262,Parus monticolus,7.46723962947726e-05
263,Parus monticolus,2.02025130420225e-05
264,Parus monticolus,2.32861002587015e-05
265,Parus monticolus,0.000775716383941472
266,Parus monticolus,5.28992277395446e-05
267,Parus monticolus,7.27806263967068e-06
268,Parus monticolus,5.5989276006585e-05
269,Parus monticolus,0.0341209843754768
270,Parus monticolus,0.0436974726617336
271,Parus monticolus,0.0382584556937218
272,Parus monticolus,0.0447553917765617
273,Parus monticolus,0.0355448983609676
274,Parus monticolus,0.0558166466653347
275,Parus monticolus,0.0491903387010098
276,Parus monticolus,0.048664391040802
277,Parus monticolus,0.108172446489334
278,Parus monticolus,0.0448871292173862
279,Parus monticolus,0.0599527768790722
280,Parus monticolus,0.070119321346283
281,Parus monticolus,0.0649933964014053
282,Parus monticolus,0.000205438263947144
283,Parus monticolus,0.0304634384810925
284,Parus monticolus,0.0900513231754303
285,Parus monticolus,0.0634235143661499
286,Parus monticolus,0.0120497429743409
287,Parus monticolus,5.76979573452263e-06
288,Parus monticolus,2.85710621028557e-06
289,Parus monticolus,2.69780093731242e-06
290,Parus monticolus,2.70510736299912e-06
291,Parus monticolus,3.21138304570923e-06
292,Parus monticolus,5.17040371050825e-06
293,Parus monticolus,7.6547876233235e-06
294,Parus monticolus,9.16563931241399e-06
295,Parus monticolus,1.36892667796928e-05
296,Parus monticolus,2.17733031604439e-05
297,Parus monticolus,1.52399916260038e-05
298,Parus monticolus,3.22391388181131e-05
299,Parus monticolus,4.36209738836624e-05
300,Parus monticolus,7.57492816774175e-05
301,Parus monticolus,0.000777586712501943
302,Parus monticolus,0.000111895162262954
303,Parus monticolus,0.000511317513883114
304,Parus monticolus,0.000127804029034451
305,Parus monticolus,0.036750964820385
306,Parus monticolus,0.0308509729802609
307,Parus monticolus,0.034385934472084
308,Parus monticolus,0.0381888076663017
309,Parus monticolus,0.0386841781437397
310,Parus monticolus,0.0401976704597473
311,Parus monticolus,0.0337558276951313
312,Parus monticolus,0.0330677255988121
313,Parus monticolus,0.0489363148808479
314,Parus monticolus,0.0493688657879829
315,Parus monticolus,0.0495478585362434
316,Parus monticolus,0.050977673381567
317,Parus monticolus,0.0523563399910927
318,Parus monticolus,0.0548593588173389
319,Parus monticolus,5.39069105798262e-06
320,Parus monticolus,2.7035871426051e-06
321,Parus monticolus,5.60053194931243e-06
322,Parus monticolus,0.0186516363173723
323,Parus monticolus,0.0438264682888985
324,Parus monticolus,0.0406516529619694
325,Parus monticolus,1.9848896045005e-05
326,Parus monticolus,3.89164733860525e-06
327,Parus monticolus,2.80434051092016e-06
328,Parus monticolus,2.71508611149329e-06
329,Parus monticolus,2.67960263045097e-06
330,Parus monticolus,3.26872918776644e-06
331,Parus monticolus,2.98941745313641e-06
332,Parus monticolus,5.1600673032226e-06
333,Parus monticolus,6.22326297161635e-06
334,Parus monticolus,5.00032228956115e-06
335,Parus monticolus,7.03712794347666e-06
336,Parus monticolus,3.94362759834621e-05
337,Parus monticolus,2.74294397968333e-05
338,Parus monticolus,6.20148712187074e-05
339,Parus monticolus,5.56904196855612e-05
340,Parus monticolus,0.000101015604741406
341,Parus monticolus,0.000788528413977474
342,Parus monticolus,5.76713428017683e-05
343,Parus monticolus,7.01729295542464e-05
344,Parus monticolus,0.0414029695093632
345,Parus monticolus,0.0785341337323189
346,Parus monticolus,0.0262465737760067
347,Parus monticolus,0.0337371826171875
348,Parus monticolus,0.0289099868386984
349,Parus monticolus,0.0285431761294603
350,Parus monticolus,0.0382290817797184
351,Parus monticolus,0.0508861169219017
352,Parus monticolus,0.0345513261854649
353,Parus monticolus,0.0316364616155624
354,Parus monticolus,0.0386970266699791
355,Parus monticolus,0.0303124040365219
356,Parus monticolus,0.0337910577654839
357,Parus monticolus,0.00261837965808809
358,Parus monticolus,2.87766556539282e-06
359,Parus monticolus,2.66692950390279e-06
360,Parus monticolus,2.68372536993411e-06
361,Parus monticolus,3.61903175871703e-06
362,Parus monticolus,7.24363189874566e-06
363,Parus monticolus,4.08645837524091e-06
364,Parus monticolus,6.14515283814399e-06
365,Parus monticolus,2.92351705866167e-06
366,Parus monticolus,2.72321176453261e-06
367,Parus monticolus,2.78212928606081e-06
368,Parus monticolus,2.69722636403458e-06
369,Parus monticolus,2.68085727839207e-06
370,Parus monticolus,2.77554136118852e-06
371,Parus monticolus,3.1193283120956e-06
372,Parus monticolus,4.03714147978462e-06
373,Parus monticolus,4.30585123467608e-06
374,Parus monticolus,1.42985190905165e-05
375,Parus monticolus,9.74749400484143e-06
376,Parus monticolus,2.80612202914199e-05
377,Parus monticolus,4.0056649595499e-05
378,Parus monticolus,3.63840081263334e-05
379,Parus monticolus,8.23767259134911e-05
380,Parus monticolus,5.4902437113924e-05
381,Parus monticolus,3.77532924176194e-05
382,Parus monticolus,8.48406198201701e-05
383,Parus monticolus,3.43054052791558e-05
384,Parus monticolus,0.0185365062206984
385,Parus monticolus,0.00807619281113148
386,Parus monticolus,0.0151231726631522
387,Parus monticolus,0.0246259178966284
388,Parus monticolus,8.15246221463895e-06
389,Parus monticolus,5.07704953633947e-06
390,Parus monticolus,3.88221451430582e-06
391,Parus monticolus,3.31633623318339e-06
392,Parus monticolus,3.15372722070606e-06
393,Parus monticolus,3.35136996909569e-06
394,Parus monticolus,2.16178668779321e-05
395,Parus monticolus,0.0356659963726997
396,Parus monticolus,2.65809785560123e-06
397,Parus monticolus,2.65831545220863e-06
398,Parus monticolus,2.66228585132922e-06
399,Parus monticolus,0.000502710056025535
400,Parus monticolus,2.73702994491032e-06
401,Parus monticolus,2.73481578005885e-06
402,Parus monticolus,2.71796238848765e-06
403,Parus monticolus,2.69786141871009e-06
404,Parus monticolus,2.67673976850347e-06
405,Parus monticolus,2.6746265575639e-06
406,Parus monticolus,2.67232985606825e-06
407,Parus monticolus,2.67780910689908e-06
408,Parus monticolus,2.75352294920594e-06
409,Parus monticolus,2.84155476037995e-06
410,Parus monticolus,3.32287072524196e-06
411,Parus monticolus,3.38269160238269e-06
412,Parus monticolus,4.67961899630609e-06
413,Parus monticolus,5.17700345881167e-06
414,Parus monticolus,4.9706668505678e-06
415,Parus monticolus,5.01161139254691e-06
416,Parus monticolus,7.86740929470398e-06
417,Parus monticolus,4.5182019675849e-05
418,Parus monticolus,9.67723462963477e-06
419,Parus monticolus,1.5386500308523e-05
420,Parus monticolus,8.60051004565321e-05
421,Parus monticolus,1.16683031592402e-05
422,Parus monticolus,2.56955099757761e-05
423,Parus monticolus,0.000505748728755862
424,Parus monticolus,4.65252651338233e-06
425,Parus monticolus,5.14311614097096e-06
426,Parus monticolus,3.08558242068102e-06
427,Parus monticolus,2.88603700937529e-06
428,Parus monticolus,2.79011669590545e-06
429,Parus monticolus,2.7562687137106e-06
430,Parus monticolus,2.74007038569835e-06
431,Parus monticolus,2.79980031336891e-06
432,Parus monticolus,1.07928071884089e-05
433,Parus monticolus,2.64999380306108e-05
434,Parus monticolus,2.65795847553818e-06
435,Parus monticolus,2.66194183495827e-06
436,Parus monticolus,2.66772644863522e-06
437,Parus monticolus,2.66301663032209e-06
438,Parus monticolus,2.70045711658895e-06
439,Parus monticolus,2.66793972514279e-06
440,Parus monticolus,2.66621350419882e-06
441,Parus monticolus,2.66516622104973e-06
442,Parus monticolus,2.66896040557185e-06
443,Parus monticolus,2.66488586930791e-06
444,Parus monticolus,2.68720259555266e-06
445,Parus monticolus,2.72512647825351e-06
446,Parus monticolus,2.82899031844863e-06
447,Parus monticolus,2.99389375868486e-06
448,Parus monticolus,2.91649030259578e-06
449,Parus monticolus,3.57568592335156e-06
450,Parus monticolus,6.55133908367134e-06
451,Parus monticolus,6.36650565866148e-06
452,Parus monticolus,2.87476154881006e-06
453,Parus monticolus,3.12866495733033e-06
454,Parus monticolus,3.11037842948281e-06
455,Parus monticolus,2.95961399388034e-06
456,Parus monticolus,3.69748340744991e-06
457,Parus monticolus,4.6447148633888e-06
458,Parus monticolus,4.38000370195368e-06
459,Parus monticolus,4.09482117902371e-06
460,Parus monticolus,3.5032719551964e-06
461,Parus monticolus,3.48616867995588e-06
462,Parus monticolus,3.00306987810473e-06
463,Parus monticolus,2.89882268589281e-06
464,Parus monticolus,2.69035945166252e-06
465,Parus monticolus,2.70138707492151e-06
466,Parus monticolus,2.69016572929104e-06
467,Parus monticolus,2.68999747277121e-06
468,Parus monticolus,2.72196621153853e-06
469,Parus monticolus,2.65866901827394e-06
470,Parus monticolus,2.65892026618531e-06
471,Parus monticolus,2.66299548457027e-06
472,Parus monticolus,2.66201368503971e-06
473,Parus monticolus,2.66138681581651e-06
474,Parus monticolus,2.66387610281527e-06
475,Parus monticolus,2.6622415134625e-06
476,Parus monticolus,2.66225561063038e-06
477,Parus monticolus,2.66448819274956e-06
478,Parus monticolus,2.66814708993479e-06
479,Parus monticolus,2.66657093561662e-06
480,Parus monticolus,2.70729537987791e-06
481,Parus monticolus,2.68831172434147e-06
482,Parus monticolus,3.12502675114956e-06
483,Parus monticolus,3.05355411001074e-06
484,Parus monticolus,2.67910763795953e-06
485,Parus monticolus,2.72783745458582e-06
486,Parus monticolus,2.83682743429381e-06
487,Parus monticolus,2.98552890853898e-06
488,Parus monticolus,2.85304531644215e-06
489,Parus monticolus,4.71552675662679e-06
490,Parus monticolus,4.2313977246522e-06
491,Parus monticolus,2.72011993729393e-06
492,Parus monticolus,2.71600333690003e-06
493,Parus monticolus,2.80208860203857e-06
494,Parus monticolus,2.86413660433027e-06
495,Parus monticolus,2.75065826826904e-06
496,Parus monticolus,2.72063084594265e-06
497,Parus monticolus,2.73564137387439e-06
498,Parus monticolus,2.77904041467991e-06
499,Parus monticolus,2.75818501904723e-06
500,Parus monticolus,2.67824066213507e-06
501,Parus monticolus,2.67819268628955e-06
502,Parus monticolus,2.67895325123391e-06
503,Parus monticolus,2.6286486445315e-06
504,Parus monticolus,2.67216705651663e-06
505,Parus monticolus,3.43237070410396e-06
506,Parus monticolus,2.67795303443563e-06
507,Parus monticolus,2.65851531366934e-06
508,Parus monticolus,2.66994720732328e-06
509,Parus monticolus,2.66039114649175e-06
510,Parus monticolus,2.66060715148342e-06
511,Parus monticolus,2.65983317149221e-06
512,Parus monticolus,2.6598036129144e-06
513,Parus monticolus,2.66185998043511e-06
514,Parus monticolus,2.65984522229701e-06
515,Parus monticolus,2.66212623500905e-06
516,Parus monticolus,2.66173628915567e-06
517,Parus monticolus,2.66056758846389e-06
518,Parus monticolus,2.69525753537891e-06
519,Parus monticolus,0.00050281808944419
520,Parus monticolus,2.68337703346333e-06
521,Parus monticolus,2.69350607595698e-06
522,Parus monticolus,2.68975736616994e-06
523,Parus monticolus,2.9805241865688e-06
524,Parus monticolus,2.79661776403373e-06
525,Parus monticolus,2.92257641376636e-06
526,Parus monticolus,3.26609779222054e-06
527,Parus monticolus,3.31794149133202e-06
528,Parus monticolus,2.78745710602379e-06
529,Parus monticolus,2.69051815848798e-06
530,Parus monticolus,2.68401367975457e-06
531,Parus monticolus,2.67635095951846e-06
532,Parus monticolus,2.69614156422904e-06
533,Parus monticolus,2.68039229922579e-06
534,Parus monticolus,2.67932500719326e-06
535,Parus monticolus,2.6857069315156e-06
536,Parus monticolus,2.67353698291117e-06
537,Parus monticolus,2.66131269199832e-06
538,Parus monticolus,2.67766654360457e-06
539,Parus monticolus,2.67713062385155e-06
540,Parus monticolus,2.67715063273499e-06
541,Parus monticolus,2.67758036898158e-06
542,Parus monticolus,2.6801162675838e-06
543,Parus monticolus,2.73493037639128e-06
544,Parus monticolus,3.28721966980083e-06
545,Parus monticolus,2.67962150246603e-06
546,Parus monticolus,2.66196661868889e-06
547,Parus monticolus,2.6909642656392e-06
548,Parus monticolus,0.019226985052228
549,Parus monticolus,2.78165043710033e-06
550,Parus monticolus,2.67848099611001e-06
551,Parus monticolus,2.6594971131999e-06
552,Parus monticolus,2.66297729467624e-06
553,Parus monticolus,2.65859875980823e-06
554,Parus monticolus,2.66236338575254e-06
555,Parus monticolus,2.6614295620675e-06
556,Parus monticolus,2.6639183943189e-06
557,Parus monticolus,2.67430004896596e-06
558,Parus monticolus,4.04622778660269e-06
559,Parus monticolus,2.99762382383051e-06
560,Parus monticolus,2.66793358605355e-06
561,Parus monticolus,2.79707933259488e-06
562,Parus monticolus,2.7993096409773e-06
563,Parus monticolus,2.70940904556483e-06
564,Parus monticolus,2.84997850030777e-06
565,Parus monticolus,2.66608390120382e-06
566,Parus monticolus,2.81476604868658e-06
567,Parus monticolus,2.70724603979033e-06
568,Parus monticolus,2.68360008703894e-06
569,Parus monticolus,2.70222562903655e-06
570,Parus monticolus,2.67598306891159e-06
571,Parus monticolus,2.67118389274401e-06
572,Parus monticolus,2.67106292994868e-06
573,Parus monticolus,2.67162818090583e-06
574,Parus monticolus,2.67209838966664e-06
575,Parus monticolus,2.66475512944453e-06
576,Parus monticolus,2.67044674728822e-06
577,Parus monticolus,2.67726068159391e-06
578,Parus monticolus,2.67709970103169e-06
579,Parus monticolus,2.67710015577904e-06
580,Parus monticolus,2.67718269242323e-06
581,Parus monticolus,0.0149190090596676
582,Parus monticolus,2.85165947389032e-06
583,Parus monticolus,2.7006381060346e-06
584,Parus monticolus,0.0547633282840252
585,Parus monticolus,0.00803728587925434
586,Parus monticolus,2.67495965999842e-06
587,Parus monticolus,2.66209463006817e-06
588,Parus monticolus,2.66026927420171e-06
589,Parus monticolus,2.66063580056652e-06
590,Parus monticolus,2.67016253019392e-06
591,Parus monticolus,2.67060681835574e-06
592,Parus monticolus,2.65914763986075e-06
593,Parus monticolus,2.65926428255625e-06
594,Parus monticolus,2.6648415314412e-06
595,Parus monticolus,2.72010743174178e-06
596,Parus monticolus,2.69219026449719e-06
597,Parus monticolus,2.75510228675557e-06
598,Parus monticolus,2.76015180133982e-06
599,Parus monticolus,2.68396024694084e-06
600,Parus monticolus,2.70832174464886e-06
601,Parus monticolus,0.00150266266427934
602,Parus monticolus,2.81518259725999e-06
603,Parus monticolus,2.67734048975399e-06
604,Parus monticolus,2.82028304354753e-06
605,Parus monticolus,2.67281552623899e-06
606,Parus monticolus,2.67024711320119e-06
607,Parus monticolus,2.67240034190763e-06
608,Parus monticolus,2.66022630057705e-06
609,Parus monticolus,2.65873381977144e-06
610,Parus monticolus,2.65858807324548e-06
611,Parus monticolus,2.66985239250062e-06
612,Parus monticolus,2.65907669927401e-06
613,Parus monticolus,0.00150266301352531
614,Parus monticolus,2.65914172814519e-06
615,Parus monticolus,2.67708537649014e-06
616,Parus monticolus,2.67708969658997e-06
617,Parus monticolus,0.0754032805562019
618,Parus monticolus,3.18562865686545e-06
619,Parus monticolus,0.0181919857859612
620,Parus monticolus,0.0507496148347855
621,Parus monticolus,0.0186139903962612
622,Parus monticolus,0.0192001573741436
623,Parus monticolus,0.000502661860082299
624,Parus monticolus,2.66024198936066e-06
625,Parus monticolus,0.00050266005564481
626,Parus monticolus,2.66006486526749e-06
627,Parus monticolus,2.6600564524415e-06
628,Parus monticolus,2.66177971752768e-06
629,Parus monticolus,2.67265727416088e-06
630,Parus monticolus,2.66798338088847e-06
631,Parus monticolus,0.01171500608325
632,Parus monticolus,2.70788927991816e-06
633,Parus monticolus,2.69159158960974e-06
634,Parus monticolus,2.6881846224569e-06
635,Parus monticolus,2.72816691904154e-06
636,Parus monticolus,2.87580451185931e-06
637,Parus monticolus,3.03093679576705e-06
638,Parus monticolus,2.67548557530972e-06
639,Parus monticolus,2.67009568233334e-06
640,Parus monticolus,2.67019299826643e-06
641,Parus monticolus,2.66999859377393e-06
642,Parus monticolus,2.91357468995557e-06
643,Parus monticolus,0.00150290329474956
644,Parus monticolus,2.67024574895913e-06
645,Parus monticolus,2.67004679699312e-06
646,Parus monticolus,2.90099205813021e-06
647,Parus monticolus,2.65804328591912e-06
648,Parus monticolus,2.65806784227607e-06
649,Parus monticolus,2.65919379671686e-06
650,Parus monticolus,2.66009010374546e-06
651,Parus monticolus,2.66168058260519e-06
652,Parus monticolus,2.66961910710961e-06
653,Parus monticolus,2.66000802184863e-06
654,Parus monticolus,2.6600600904203e-06
655,Parus monticolus,2.69138377007039e-06
656,Parus monticolus,3.3648946100584e-06
657,Parus monticolus,0.0708267912268639
658,Parus monticolus,0.0370925515890121
659,Parus monticolus,0.0191790517419577
660,Parus monticolus,3.68539394912659e-06
661,Parus monticolus,2.66047277364123e-06
662,Parus monticolus,2.66007623395126e-06
663,Parus monticolus,2.66003121396352e-06
664,Parus monticolus,2.6601637728163e-06
665,Parus monticolus,2.66012148131267e-06
666,Parus monticolus,2.66124357040098e-06
667,Parus monticolus,2.69282259068859e-06
668,Parus monticolus,2.70243049271812e-06
669,Parus monticolus,0.0171745866537094
670,Parus monticolus,2.67723453362123e-06
671,Parus monticolus,2.73285468210815e-06
672,Parus monticolus,2.69418387688347e-06
673,Parus monticolus,2.67382210950018e-06
674,Parus monticolus,2.69896622739907e-06
675,Parus monticolus,2.7008909455617e-06
676,Parus monticolus,2.6666257326724e-06
677,Parus monticolus,2.66995289166516e-06
678,Parus monticolus,2.67040149992681e-06
679,Parus monticolus,2.68311600848392e-06
680,Parus monticolus,2.66953793470748e-06
681,Parus monticolus,2.670639560165e-06
682,Parus monticolus,2.66405368165579e-06
683,Parus monticolus,2.65799280896317e-06
684,Parus monticolus,2.6580980829749e-06
685,Parus monticolus,2.65880657934758e-06
686,Parus monticolus,2.6579944005789e-06
687,Parus monticolus,2.66128017756273e-06
688,Parus monticolus,2.66112988356326e-06
689,Parus monticolus,2.66144706984051e-06
690,Parus monticolus,2.81053735307069e-06
691,Parus monticolus,2.66949177785136e-06
692,Parus monticolus,2.66951337835053e-06
693,Parus monticolus,2.66953315986029e-06
694,Parus monticolus,2.67116206487117e-06
695,Parus monticolus,2.67956306743145e-06
696,Parus monticolus,0.047589585185051
697,Parus monticolus,5.15295732839149e-06
698,Parus monticolus,0.0547510981559753
699,Parus monticolus,0.0513310842216015
700,Parus monticolus,0.0202429257333279
701,Parus monticolus,2.68150756710384e-06
702,Parus monticolus,2.6632794742909e-06
703,Parus monticolus,2.66104416368762e-06
704,Parus monticolus,2.66020379058318e-06
705,Parus monticolus,2.66033680418332e-06
706,Parus monticolus,2.66077654487162e-06
707,Parus monticolus,2.66371239376895e-06
708,Parus monticolus,2.67347695626086e-06
709,Parus monticolus,2.66318352259987e-06
710,Parus monticolus,2.68987969320733e-06
711,Parus monticolus,2.69047836809477e-06
712,Parus monticolus,2.72848865279229e-06
713,Parus monticolus,2.69736142399779e-06
714,Parus monticolus,2.6742700356408e-06
715,Parus monticolus,2.66337383436621e-06
716,Parus monticolus,2.65943549493386e-06
717,Parus monticolus,2.90108300760039e-06
718,Parus monticolus,2.66953202299192e-06
719,Parus monticolus,2.66952497440798e-06
720,Parus monticolus,2.65846074398723e-06
721,Parus monticolus,2.65834000856557e-06
722,Parus monticolus,2.65805510935024e-06
723,Parus monticolus,2.65825224232685e-06
724,Parus monticolus,2.65803964794031e-06
725,Parus monticolus,2.65894937001576e-06
726,Parus monticolus,2.65941548605042e-06
727,Parus monticolus,2.65885114458797e-06
728,Parus monticolus,2.65806193056051e-06
729,Parus monticolus,2.65806329480256e-06
730,Parus monticolus,2.66953998107056e-06
731,Parus monticolus,2.66959068540018e-06
732,Parus monticolus,2.67099949269323e-06
733,Parus monticolus,2.66146616922924e-06
734,Parus monticolus,0.00100270158145577
735,Parus monticolus,0.0385516248643398
736,Parus monticolus,0.00361228780820966
737,Parus monticolus,0.0644485652446747
738,Parus monticolus,0.014663914218545
739,Parus monticolus,3.18254569720011e-06
740,Parus monticolus,2.79059418062388e-06
741,Parus monticolus,2.67258087660593e-06
742,Parus monticolus,2.66288816419547e-06
743,Parus monticolus,2.6617387902661e-06
744,Parus monticolus,2.69754787041165e-06
745,Parus monticolus,2.68836129180272e-06
746,Parus monticolus,2.70990722128772e-06
747,Parus monticolus,2.70005648417282e-06
748,Parus monticolus,2.96271855404484e-06
749,Parus monticolus,2.69963288701547e-06
750,Parus monticolus,2.66091160483484e-06
751,Parus monticolus,0.0221268627792597
752,Parus monticolus,2.76918353847577e-06
753,Parus monticolus,2.66190977527003e-06
754,Parus monticolus,2.65789799414051e-06
755,Parus monticolus,2.65792345999216e-06
756,Parus monticolus,2.65820654021809e-06
757,Parus monticolus,2.6582481496007e-06
758,Parus monticolus,2.65829885393032e-06
759,Parus monticolus,2.65897756435152e-06
760,Parus monticolus,2.65801895693585e-06
761,Parus monticolus,2.65795620180143e-06
762,Parus monticolus,2.6695636279328e-06
763,Parus monticolus,2.66995357378619e-06
764,Parus monticolus,2.67104655904404e-06
765,Parus monticolus,0.00100271566770971
766,Parus monticolus,0.000502701557707042
767,Parus monticolus,9.56909298110986e-06
768,Parus monticolus,1.30214866658207e-05
769,Parus monticolus,3.34046376337938e-06
770,Parus monticolus,2.73910927717225e-06
771,Parus monticolus,3.21507945955091e-06
772,Parus monticolus,3.62420905730687e-06
773,Parus monticolus,3.01869954455469e-06
774,Parus monticolus,0.0121427979320288
775,Parus monticolus,0.0411278158426285
776,Parus monticolus,2.97049246000825e-06
777,Parus monticolus,2.67198083747644e-06
778,Parus monticolus,3.06817969430995e-06
779,Parus monticolus,2.74128046839905e-06
780,Parus monticolus,2.66949132310401e-06
781,Parus monticolus,2.65788753495144e-06
782,Parus monticolus,2.65789049080922e-06
783,Parus monticolus,2.65790254161402e-06
784,Parus monticolus,2.65792482423421e-06
785,Parus monticolus,2.65801782006747e-06
786,Parus monticolus,2.65796256826434e-06
787,Parus monticolus,2.81033703686262e-06
788,Parus monticolus,2.65795256382262e-06
789,Parus monticolus,2.65797416432179e-06
790,Parus monticolus,2.65843732449866e-06
791,Parus monticolus,2.65890071204922e-06
792,Parus monticolus,0.00650266092270613
793,Parus monticolus,2.66655547420669e-06
794,Parus monticolus,0.0374823734164238
795,Parus monticolus,0.0372993908822536
796,Parus monticolus,0.00573472259566188
797,Parus monticolus,0.00188798236194998
798,Parus monticolus,0.000103263781056739
799,Parus monticolus,5.83640758122783e-06
800,Parus monticolus,0.0407186187803745
801,Parus monticolus,0.056292001157999
802,Parus monticolus,0.0562836900353432
803,Parus monticolus,2.69826091425784e-06
804,Parus monticolus,2.66472125076689e-06
805,Parus monticolus,2.66986421593174e-06
806,Parus monticolus,2.65788617070939e-06
807,Parus monticolus,2.6578907181829e-06
808,Parus monticolus,2.65788776232512e-06
809,Parus monticolus,2.65789549303008e-06
810,Parus monticolus,2.65790481535078e-06
811,Parus monticolus,2.65794756160176e-06
812,Parus monticolus,2.65789458353538e-06
813,Parus monticolus,2.65788844444614e-06
814,Parus monticolus,2.65790049525094e-06
815,Parus monticolus,2.65789981312992e-06
816,Parus monticolus,0.000502657960169017
817,Parus monticolus,2.65815765487787e-06
818,Parus monticolus,2.65851258518524e-06
819,Parus monticolus,2.66176243712835e-06
820,Parus monticolus,2.66704273599316e-06
821,Parus monticolus,0.0407727435231209
822,Parus monticolus,0.0029143940191716
823,Parus monticolus,0.00504513876512647
824,Parus monticolus,0.0390668958425522
825,Parus monticolus,0.039107047021389
826,Parus monticolus,0.0394239984452724
827,Parus monticolus,0.0401677377521992
828,Parus monticolus,0.0466219484806061
829,Parus monticolus,2.65791800302395e-06
830,Parus monticolus,2.65789140030392e-06
831,Parus monticolus,2.65792573372892e-06
832,Parus monticolus,2.65788821707247e-06
833,Parus monticolus,2.65789412878803e-06
834,Parus monticolus,2.65788776232512e-06
835,Parus monticolus,2.65789140030392e-06
836,Parus monticolus,2.65791800302395e-06
837,Parus monticolus,2.65829385170946e-06
838,Parus monticolus,2.6596082989272e-06
839,Parus monticolus,2.66315373664838e-06
840,Parus monticolus,2.7183359634364e-06
841,Parus monticolus,0.0422995984554291
842,Parus monticolus,0.0394219681620598
843,Parus monticolus,0.0394197925925255
844,Parus monticolus,0.0400959886610508
845,Parus monticolus,0.0400962941348553
846,Parus monticolus,0.0406937897205353
847,Parus monticolus,0.0410291589796543
848,Parus monticolus,0.0372736155986786
849,Parus monticolus,0.0247327666729689
850,Parus monticolus,2.65790959019796e-06
851,Parus monticolus,2.65789481090906e-06
852,Parus monticolus,2.65789617515111e-06
853,Parus monticolus,2.65789594777743e-06
854,Parus monticolus,2.65788617070939e-06
855,Parus monticolus,2.65788639808306e-06
856,Parus monticolus,2.65788821707247e-06
857,Parus monticolus,2.6579036784824e-06
858,Parus monticolus,2.65794596998603e-06
859,Parus monticolus,2.65860671788687e-06
860,Parus monticolus,2.65918629338557e-06
861,Parus monticolus,2.68734925157332e-06
862,Parus monticolus,0.0374227277934551
863,Parus monticolus,0.0415197946131229
864,Parus monticolus,0.0406079851090908
865,Parus monticolus,0.0461044833064079
866,Parus monticolus,0.0372770875692368
867,Parus monticolus,0.0372681394219399
868,Parus monticolus,3.12422662318568e-06
869,Parus monticolus,2.65791118181369e-06
870,Parus monticolus,2.65788526121469e-06
871,Parus monticolus,2.65788571596204e-06
872,Parus monticolus,2.65789662989846e-06
873,Parus monticolus,2.6578925371723e-06
874,Parus monticolus,2.65792073150806e-06
875,Parus monticolus,2.65805306298716e-06
876,Parus monticolus,2.6601378522173e-06
877,Parus monticolus,2.66747338173445e-06
878,Parus monticolus,0.041534747928381
879,Parus monticolus,0.0434475280344486
880,Parus monticolus,0.00015037324919831
881,Parus monticolus,2.65790049525094e-06
882,Parus monticolus,2.65788435171999e-06
883,Parus monticolus,2.65788412434631e-06
884,Parus monticolus,2.65803350885108e-06
885,Parus monticolus,2.65790117737197e-06
886,Parus monticolus,2.65788708020409e-06
887,Parus monticolus,2.65788958131452e-06
888,Parus monticolus,2.65788662545674e-06
889,Parus monticolus,2.65789390141435e-06
890,Parus monticolus,2.65790299636137e-06
891,Parus monticolus,2.65808853328053e-06
892,Parus monticolus,2.65856328951486e-06
893,Parus monticolus,2.66220558842178e-06
894,Parus monticolus,2.67028690359439e-06
895,Parus monticolus,0.0378047898411751
896,Parus monticolus,0.0375063940882683
897,Parus monticolus,2.65789503828273e-06
898,Parus monticolus,2.65788776232512e-06
899,Parus monticolus,2.65788389697264e-06
900,Parus monticolus,2.65788798969879e-06
901,Parus monticolus,2.65790163211932e-06
902,Parus monticolus,2.65788867181982e-06
903,Parus monticolus,2.65788617070939e-06
904,Parus monticolus,2.65788685283042e-06
905,Parus monticolus,2.65789503828273e-06
906,Parus monticolus,2.65795142695424e-06
907,Parus monticolus,2.65802395915671e-06
908,Parus monticolus,2.6583916223899e-06
909,Parus monticolus,2.65908079200017e-06
910,Parus monticolus,2.67097948380979e-06
911,Parus monticolus,2.65788389697264e-06
912,Parus monticolus,2.65788435171999e-06
913,Parus monticolus,2.65789299191965e-06
914,Parus monticolus,2.65789753939316e-06
915,Parus monticolus,2.65788753495144e-06
916,Parus monticolus,2.6578898086882e-06
917,Parus monticolus,2.65792277787114e-06
918,Parus monticolus,2.65803555521416e-06
919,Parus monticolus,2.65807875621249e-06
920,Parus monticolus,2.6608795451466e-06
921,Parus monticolus,2.65788708020409e-06
922,Parus monticolus,2.65789935838257e-06
923,Parus monticolus,2.65790026787727e-06
924,Parus monticolus,2.65789276454598e-06
925,Parus monticolus,2.65792459686054e-06
926,Parus monticolus,2.65805556409759e-06
927,Parus monticolus,2.65800781562575e-06
928,Parus monticolus,2.65792186837643e-06
929,Parus monticolus,2.65792618847627e-06
930,Parus monticolus,2.65791891251865e-06
931,Parus monticolus,2.65792641584994e-06
932,Parus monticolus,2.65794483311765e-06
933,Parus monticolus,2.65788844444614e-06
934,Parus monticolus,2.65791368292412e-06
935,Parus monticolus,2.65795688392245e-06
936,Parus monticolus,2.65798894361069e-06
937,Parus monticolus,2.65792209575011e-06
938,Parus monticolus,2.65789708464581e-06
939,Parus monticolus,2.65791959463968e-06
940,Parus monticolus,2.65792368736584e-06
941,Parus monticolus,2.65796893472725e-06
1,Sitta villosa,1.74885414594428e-07
2,Sitta villosa,1.33650658540319e-07
3,Sitta villosa,3.51546134425007e-07
4,Sitta villosa,3.77145511265553e-07
5,Sitta villosa,1.74245053585764e-06
6,Sitta villosa,9.94924789665674e-07
7,Sitta villosa,1.82498709477841e-07
8,Sitta villosa,6.07654692430515e-05
9,Sitta villosa,9.03581712918822e-06
10,Sitta villosa,4.68509733764222e-06
11,Sitta villosa,2.41354996433074e-06
12,Sitta villosa,5.92470883020724e-07
13,Sitta villosa,6.28050145223824e-07
14,Sitta villosa,1.30692376387742e-06
15,Sitta villosa,1.006664660963e-06
16,Sitta villosa,2.24852897190431e-06
17,Sitta villosa,7.01000453773304e-06
18,Sitta villosa,1.87827845365973e-05
19,Sitta villosa,5.57235807718826e-06
20,Sitta villosa,5.84999679631437e-06
21,Sitta villosa,1.13320556920371e-05
22,Sitta villosa,3.73005495930556e-05
23,Sitta villosa,3.21561145710803e-07
24,Sitta villosa,9.66616084951966e-07
25,Sitta villosa,5.48870730199269e-06
26,Sitta villosa,5.55821316083893e-07
27,Sitta villosa,2.14460078495904e-06
28,Sitta villosa,0.000145399317261763
29,Sitta villosa,0.000124865036923438
30,Sitta villosa,0.000229307930567302
31,Sitta villosa,3.18050479108933e-06
32,Sitta villosa,2.26435950025916e-05
33,Sitta villosa,1.80511797225336e-05
34,Sitta villosa,5.17989474246861e-06
35,Sitta villosa,4.3231211748207e-06
36,Sitta villosa,8.10523579275468e-06
37,Sitta villosa,6.9664824877691e-06
38,Sitta villosa,5.08617176819826e-06
39,Sitta villosa,1.19551959869568e-05
40,Sitta villosa,4.31405260314932e-06
41,Sitta villosa,3.69162489732844e-06
42,Sitta villosa,7.3022351898544e-07
43,Sitta villosa,1.0550501428952e-05
44,Sitta villosa,1.61292314260209e-06
45,Sitta villosa,8.9463928816258e-06
46,Sitta villosa,5.43938986083958e-05
47,Sitta villosa,1.0286286851624e-05
48,Sitta villosa,4.81671704619657e-05
49,Sitta villosa,0.000209914607694373
50,Sitta villosa,0.00024907584884204
51,Sitta villosa,7.0627145760227e-05
52,Sitta villosa,4.44004326709546e-05
53,Sitta villosa,0.000579927698709071
54,Sitta villosa,0.000142211123602465
55,Sitta villosa,6.94307018420659e-05
56,Sitta villosa,1.85606677405303e-05
57,Sitta villosa,0.000254648097325116
58,Sitta villosa,2.04955904337112e-05
59,Sitta villosa,1.03539450719836e-05
60,Sitta villosa,8.10636447567958e-06
61,Sitta villosa,0.000142029792186804
62,Sitta villosa,1.69200466189068e-05
63,Sitta villosa,2.18844775190519e-06
64,Sitta villosa,3.64836159860715e-05
65,Sitta villosa,1.00093275250401e-05
66,Sitta villosa,7.15002242941409e-05
67,Sitta villosa,0.000265935377683491
68,Sitta villosa,0.00049357081297785
69,Sitta villosa,0.00127026776317507
70,Sitta villosa,0.000316263787681237
71,Sitta villosa,0.000229510493227281
72,Sitta villosa,0.000388641405152157
73,Sitta villosa,0.000271507538855076
74,Sitta villosa,0.0011353570735082
75,Sitta villosa,0.00141352799255401
76,Sitta villosa,0.000592114287428558
77,Sitta villosa,2.47785155806923e-05
78,Sitta villosa,6.70663284836337e-05
79,Sitta villosa,3.81698519049678e-05
80,Sitta villosa,2.72832294285763e-05
81,Sitta villosa,2.48127912527707e-06
82,Sitta villosa,0.000266540766460821
83,Sitta villosa,3.66771814697131e-06
84,Sitta villosa,1.24467251225724e-05
85,Sitta villosa,9.18238220037892e-06
86,Sitta villosa,0.00310012651607394
87,Sitta villosa,0.000909489521291107
88,Sitta villosa,0.00246012071147561
89,Sitta villosa,0.00170706829521805
90,Sitta villosa,0.00336589780636132
91,Sitta villosa,0.00527375703677535
92,Sitta villosa,0.000730563886463642
93,Sitta villosa,0.00398178352043033
94,Sitta villosa,0.000259332358837128
95,Sitta villosa,0.00124254124239087
96,Sitta villosa,0.000370370340533555
97,Sitta villosa,0.000184419594006613
98,Sitta villosa,9.66732332017273e-05
99,Sitta villosa,0.000115102113340981
100,Sitta villosa,0.000306900212308392
101,Sitta villosa,6.75945193506777e-05
102,Sitta villosa,5.47925155842677e-05
103,Sitta villosa,0.00512573681771755
104,Sitta villosa,0.000438543764175847
105,Sitta villosa,5.25327559444122e-05
106,Sitta villosa,0.000138843228342012
107,Sitta villosa,0.00614255527034402
108,Sitta villosa,0.0096952561289072
109,Sitta villosa,0.0025555556640029
110,Sitta villosa,0.00298247579485178
111,Sitta villosa,0.00390702625736594
112,Sitta villosa,0.000691460038069636
113,Sitta villosa,0.00632500927895308
114,Sitta villosa,0.000353479641489685
115,Sitta villosa,9.87437670119107e-05
116,Sitta villosa,7.88660472608171e-05
117,Sitta villosa,0.000441309966845438
118,Sitta villosa,0.000841090164612979
119,Sitta villosa,0.000216399028431624
120,Sitta villosa,8.12038997537457e-05
121,Sitta villosa,6.38962810626254e-05
122,Sitta villosa,0.000164709781529382
123,Sitta villosa,9.05963752302341e-05
124,Sitta villosa,0.00325583969242871
125,Sitta villosa,0.0254089590162039
126,Sitta villosa,0.0173550993204117
127,Sitta villosa,0.0110705122351646
128,Sitta villosa,0.00358689413405955
129,Sitta villosa,2.84593552350998e-05
130,Sitta villosa,0.0176038574427366
131,Sitta villosa,0.000997987575829029
132,Sitta villosa,0.00290086260065436
133,Sitta villosa,0.000901725783478469
134,Sitta villosa,0.00238062907010317
135,Sitta villosa,0.00188189907930791
136,Sitta villosa,0.00100047409068793
137,Sitta villosa,0.000573641853407025
138,Sitta villosa,0.000605645589530468
139,Sitta villosa,0.000241506320890039
140,Sitta villosa,0.000229755882173777
141,Sitta villosa,0.000493363244459033
142,Sitta villosa,0.000885437068063766
143,Sitta villosa,0.00322050298564136
144,Sitta villosa,0.000246246083406732
145,Sitta villosa,0.000896180281415582
146,Sitta villosa,0.00146887823939323
147,Sitta villosa,0.00729432329535484
148,Sitta villosa,0.00247589568607509
149,Sitta villosa,0.0060195242986083
150,Sitta villosa,0.000470964558189735
151,Sitta villosa,0.000342133163940161
152,Sitta villosa,0.00161652755923569
153,Sitta villosa,0.023359015583992
154,Sitta villosa,0.00912830606102943
155,Sitta villosa,0.0198249667882919
156,Sitta villosa,0.0062822001054883
157,Sitta villosa,0.0187348295003176
158,Sitta villosa,0.0214167274534702
159,Sitta villosa,0.035426139831543
160,Sitta villosa,0.00115445791743696
161,Sitta villosa,0.000593555916566402
162,Sitta villosa,0.000623929954599589
163,Sitta villosa,0.00858155265450478
164,Sitta villosa,0.00247371150180697
165,Sitta villosa,0.00151033117435873
166,Sitta villosa,0.00231430702842772
167,Sitta villosa,0.00031675529316999
168,Sitta villosa,0.000329541275277734
169,Sitta villosa,0.000651743612252176
170,Sitta villosa,0.00580456666648388
171,Sitta villosa,0.000549553486052901
172,Sitta villosa,0.000524280127137899
173,Sitta villosa,0.000314811710268259
174,Sitta villosa,0.00100444268900901
175,Sitta villosa,0.000407276558689773
176,Sitta villosa,0.000184254691703245
177,Sitta villosa,9.50139801716432e-05
178,Sitta villosa,0.00091217178851366
179,Sitta villosa,0.00545602012425661
180,Sitta villosa,0.00983631145209074
181,Sitta villosa,0.010095895268023
182,Sitta villosa,0.00749000115320087
183,Sitta villosa,0.0110960174351931
184,Sitta villosa,0.0175976697355509
185,Sitta villosa,0.0342139936983585
186,Sitta villosa,0.0202912725508213
187,Sitta villosa,0.0202334374189377
188,Sitta villosa,0.00557239120826125
189,Sitta villosa,0.00433654431253672
190,Sitta villosa,0.0176704414188862
191,Sitta villosa,0.0196210034191608
192,Sitta villosa,0.0379230864346027
193,Sitta villosa,0.0111331371590495
194,Sitta villosa,0.00266251852735877
195,Sitta villosa,0.00240875966846943
196,Sitta villosa,0.000899219361599535
197,Sitta villosa,0.00143034034408629
198,Sitta villosa,0.0208681095391512
199,Sitta villosa,0.00812684092670679
200,Sitta villosa,0.00231122924014926
201,Sitta villosa,0.000346440181601793
202,Sitta villosa,0.000339386839186773
203,Sitta villosa,0.000497025204822421
204,Sitta villosa,0.000664172228425741
205,Sitta villosa,0.00070779345696792
206,Sitta villosa,0.00041615913505666
207,Sitta villosa,0.00104267417918891
208,Sitta villosa,0.00169151672162116
209,Sitta villosa,0.000121055752970278
210,Sitta villosa,0.00111147842835635
211,Sitta villosa,0.000485443306388333
212,Sitta villosa,0.000298724306048825
213,Sitta villosa,0.000147696409840137
214,Sitta villosa,0.00149684608913958
215,Sitta villosa,0.00766676804050803
216,Sitta villosa,0.00983974803239107
217,Sitta villosa,0.0104020247235894
218,Sitta villosa,0.0102344863116741
219,Sitta villosa,0.0164268109947443
220,Sitta villosa,0.040281105786562
221,Sitta villosa,0.0320552103221416
222,Sitta villosa,0.0442344546318054
223,Sitta villosa,0.0229142475873232
224,Sitta villosa,0.00419705826789141
225,Sitta villosa,0.00402580061927438
226,Sitta villosa,0.0125702433288097
227,Sitta villosa,0.01629370264709
228,Sitta villosa,0.0045921322889626
229,Sitta villosa,0.0712096840143204
230,Sitta villosa,0.00182348839007318
231,Sitta villosa,0.00249708280898631
232,Sitta villosa,0.0014123065629974
233,Sitta villosa,0.00221527786925435
234,Sitta villosa,0.000436454749433324
235,Sitta villosa,0.0487908348441124
236,Sitta villosa,0.00555087439715862
237,Sitta villosa,0.000383051257813349
238,Sitta villosa,0.000318492937367409
239,Sitta villosa,0.00029247926431708
240,Sitta villosa,0.000385568535421044
241,Sitta villosa,0.00847724545747042
242,Sitta villosa,0.000756884401198477
243,Sitta villosa,0.0161193795502186
244,Sitta villosa,0.00647265743464232
245,Sitta villosa,0.00147863407619298
246,Sitta villosa,0.00652694376185536
247,Sitta villosa,0.000414012843975797
248,Sitta villosa,0.000559602049179375
249,Sitta villosa,0.000416860188124701
250,Sitta villosa,0.00141523010097444
251,Sitta villosa,0.00961753539741039
252,Sitta villosa,0.0164578501135111
253,Sitta villosa,0.253752768039703
254,Sitta villosa,0.0429579988121986
255,Sitta villosa,0.0186382494866848
256,Sitta villosa,0.0234181433916092
257,Sitta villosa,0.0586800538003445
258,Sitta villosa,0.0470001958310604
259,Sitta villosa,0.0186914782971144
260,Sitta villosa,0.0115526961162686
261,Sitta villosa,0.0121116964146495
262,Sitta villosa,0.0260371938347816
263,Sitta villosa,0.00796643923968077
264,Sitta villosa,0.000896061887033284
265,Sitta villosa,0.0421477444469929
266,Sitta villosa,0.0188934467732906
267,Sitta villosa,0.00354306260123849
268,Sitta villosa,0.00239502009935677
269,Sitta villosa,0.00274777039885521
270,Sitta villosa,0.0289271231740713
271,Sitta villosa,0.00722080282866955
272,Sitta villosa,0.0693815872073174
273,Sitta villosa,0.00240029278211296
274,Sitta villosa,0.000788739242125303
275,Sitta villosa,0.000450812163762748
276,Sitta villosa,0.000554877799004316
277,Sitta villosa,0.00688336975872517
278,Sitta villosa,0.00095770281041041
279,Sitta villosa,0.00117265374865383
280,Sitta villosa,0.00188610900659114
281,Sitta villosa,0.0007676663226448
282,Sitta villosa,0.0019173442851752
283,Sitta villosa,0.000557714316528291
284,Sitta villosa,0.000226088261115365
285,Sitta villosa,0.000397782743675634
286,Sitta villosa,0.00292756501585245
287,Sitta villosa,0.0147999050095677
288,Sitta villosa,0.0421540550887585
289,Sitta villosa,0.0335729345679283
290,Sitta villosa,0.0368687137961388
291,Sitta villosa,0.0244620945304632
292,Sitta villosa,0.0359054356813431
293,Sitta villosa,0.0399220176041126
294,Sitta villosa,0.0388086214661598
295,Sitta villosa,0.0219944696873426
296,Sitta villosa,0.0210609380155802
297,Sitta villosa,0.0128523847088218
298,Sitta villosa,0.0161016322672367
299,Sitta villosa,0.0138545939698815
300,Sitta villosa,0.00922730844467878
301,Sitta villosa,0.0282454248517752
302,Sitta villosa,0.0165297370404005
303,Sitta villosa,0.0100442329421639
304,Sitta villosa,0.0479610674083233
305,Sitta villosa,0.0171476192772388
306,Sitta villosa,0.00369263021275401
307,Sitta villosa,0.00517217349261046
308,Sitta villosa,0.00296144676394761
309,Sitta villosa,0.000300963001791388
310,Sitta villosa,0.000512116297613829
311,Sitta villosa,0.000997944152913988
312,Sitta villosa,0.000628304784186184
313,Sitta villosa,0.000455827510450035
314,Sitta villosa,0.000449633313110098
315,Sitta villosa,0.000839807034935802
316,Sitta villosa,0.000666070205625147
317,Sitta villosa,0.000758691399823874
318,Sitta villosa,0.000847060640808195
319,Sitta villosa,0.0139186661690474
320,Sitta villosa,0.0198892522603273
321,Sitta villosa,0.00309118651784956
322,Sitta villosa,0.000877519603818655
323,Sitta villosa,0.000850284413900226
324,Sitta villosa,0.00124852196313441
325,Sitta villosa,0.00479032611474395
326,Sitta villosa,0.0182607509195805
327,Sitta villosa,0.0192278362810612
328,Sitta villosa,0.10242722928524
329,Sitta villosa,0.033805888146162
330,Sitta villosa,0.0381437838077545
331,Sitta villosa,0.0186442472040653
332,Sitta villosa,0.0311034359037876
333,Sitta villosa,0.0341571383178234
334,Sitta villosa,0.02132573351264
335,Sitta villosa,0.0158893931657076
336,Sitta villosa,0.0325581692159176
337,Sitta villosa,0.0243605729192495
338,Sitta villosa,0.019689217209816
339,Sitta villosa,0.0155963702127337
340,Sitta villosa,0.0199185572564602
341,Sitta villosa,0.0790802910923958
342,Sitta villosa,0.0254173018038273
343,Sitta villosa,0.0155404824763536
344,Sitta villosa,0.0404410324990749
345,Sitta villosa,0.152865201234818
346,Sitta villosa,0.00441474746912718
347,Sitta villosa,0.00104064436163753
348,Sitta villosa,0.000251844117883593
349,Sitta villosa,0.000509771285578609
350,Sitta villosa,0.000685521168634296
351,Sitta villosa,0.000792014645412564
352,Sitta villosa,0.000574368110392243
353,Sitta villosa,0.00067627098178491
354,Sitta villosa,0.00170729600358754
355,Sitta villosa,0.00158292031846941
356,Sitta villosa,0.00166752352379262
357,Sitta villosa,0.0176088120788336
358,Sitta villosa,0.0119938971474767
359,Sitta villosa,0.0143179148435593
360,Sitta villosa,0.00790464133024216
361,Sitta villosa,0.00479341484606266
362,Sitta villosa,0.00335304392501712
363,Sitta villosa,0.00535199791193008
364,Sitta villosa,0.0201490689069033
365,Sitta villosa,0.0204425826668739
366,Sitta villosa,0.0162567384541035
367,Sitta villosa,0.248015999794006
368,Sitta villosa,0.0320391729474068
369,Sitta villosa,0.0157414190471172
370,Sitta villosa,0.0139348162338138
371,Sitta villosa,0.0254040434956551
372,Sitta villosa,0.0239798706024885
373,Sitta villosa,0.0131926666945219
374,Sitta villosa,0.0209990944713354
375,Sitta villosa,0.0219532735645771
376,Sitta villosa,0.0214625485241413
377,Sitta villosa,0.0279377736151218
378,Sitta villosa,0.0185111686587334
379,Sitta villosa,0.0614819154143333
380,Sitta villosa,0.0773382857441902
381,Sitta villosa,0.0558776184916496
382,Sitta villosa,0.0892320945858955
383,Sitta villosa,0.00952477660030127
384,Sitta villosa,0.00226448872126639
385,Sitta villosa,0.18344421684742
386,Sitta villosa,0.0112719908356667
387,Sitta villosa,0.00123368471395224
388,Sitta villosa,0.000819010485429317
389,Sitta villosa,0.000800633104518056
390,Sitta villosa,0.00146117724943906
391,Sitta villosa,0.00140097527764738
392,Sitta villosa,0.00125774799380451
393,Sitta villosa,0.00397751107811928
394,Sitta villosa,0.00452857045456767
395,Sitta villosa,0.00491318898275495
396,Sitta villosa,0.0183460060507059
397,Sitta villosa,0.0205530449748039
398,Sitta villosa,0.0103245936334133
399,Sitta villosa,0.00750382710248232
400,Sitta villosa,0.00593528803437948
401,Sitta villosa,0.00891977082937956
402,Sitta villosa,0.0104265166446567
403,Sitta villosa,0.0195686090737581
404,Sitta villosa,0.017310481518507
405,Sitta villosa,0.0308275073766708
406,Sitta villosa,0.0155800441280007
407,Sitta villosa,0.0100681558251381
408,Sitta villosa,0.0105529222637415
409,Sitta villosa,0.011263420805335
410,Sitta villosa,0.0141114229336381
411,Sitta villosa,0.0166765302419662
412,Sitta villosa,0.026428135111928
413,Sitta villosa,0.0214048232883215
414,Sitta villosa,0.0231472197920084
415,Sitta villosa,0.0212792046368122
416,Sitta villosa,0.0386824272572994
417,Sitta villosa,0.0368005000054836
418,Sitta villosa,0.0907565429806709
419,Sitta villosa,0.10150471329689
420,Sitta villosa,0.286679446697235
421,Sitta villosa,0.0342140719294548
422,Sitta villosa,0.0980131104588509
423,Sitta villosa,0.00315387267619371
424,Sitta villosa,0.000676727970130742
425,Sitta villosa,0.00537921255454421
426,Sitta villosa,0.00140183395706117
427,Sitta villosa,0.00134462397545576
428,Sitta villosa,0.00257432577200234
429,Sitta villosa,0.0025781262665987
430,Sitta villosa,0.00312913418747485
431,Sitta villosa,0.00627237604930997
432,Sitta villosa,0.00613934407010675
433,Sitta villosa,0.106485292315483
434,Sitta villosa,0.0158831309527159
435,Sitta villosa,0.00871275831013918
436,Sitta villosa,0.00691285636276007
437,Sitta villosa,0.00684055313467979
438,Sitta villosa,0.0108106983825564
439,Sitta villosa,0.0111734932288527
440,Sitta villosa,0.0106904963031411
441,Sitta villosa,0.0137626137584448
442,Sitta villosa,0.0183445606380701
443,Sitta villosa,0.0167430080473423
444,Sitta villosa,0.0158143527805805
445,Sitta villosa,0.0102561507374048
446,Sitta villosa,0.0134641379117966
447,Sitta villosa,0.014533051289618
448,Sitta villosa,0.01565863750875
449,Sitta villosa,0.0416214838624001
450,Sitta villosa,0.024156991392374
451,Sitta villosa,0.0327224209904671
452,Sitta villosa,0.0513720251619816
453,Sitta villosa,0.0447111874818802
454,Sitta villosa,0.0418421365320683
455,Sitta villosa,0.0414147228002548
456,Sitta villosa,0.0465539246797562
457,Sitta villosa,0.042694017291069
458,Sitta villosa,0.0424817241728306
459,Sitta villosa,0.0605621486902237
460,Sitta villosa,0.0526560619473457
461,Sitta villosa,0.0623665153980255
462,Sitta villosa,0.0379086211323738
463,Sitta villosa,0.0233318340033293
464,Sitta villosa,0.00244651944376528
465,Sitta villosa,0.00317724305205047
466,Sitta villosa,0.0034981588833034
467,Sitta villosa,0.00749553134664893
468,Sitta villosa,0.0162765886634588
469,Sitta villosa,0.0187822990119457
470,Sitta villosa,0.0127944322302938
471,Sitta villosa,0.00953681487590075
472,Sitta villosa,0.00972604844719172
473,Sitta villosa,0.00841378141194582
474,Sitta villosa,0.00879233330488205
475,Sitta villosa,0.0107189677655697
476,Sitta villosa,0.0113883288577199
477,Sitta villosa,0.0155008817091584
478,Sitta villosa,0.0139551423490047
479,Sitta villosa,0.0162772610783577
480,Sitta villosa,0.0193808320909739
481,Sitta villosa,0.0145900370553136
482,Sitta villosa,0.00421231938526034
483,Sitta villosa,0.00587050570175052
484,Sitta villosa,0.0104540884494782
485,Sitta villosa,0.0151401972398162
486,Sitta villosa,0.0558868534862995
487,Sitta villosa,0.0286281425505877
488,Sitta villosa,0.041136622428894
489,Sitta villosa,0.0626950636506081
490,Sitta villosa,0.100723274052143
491,Sitta villosa,0.0287407767027617
492,Sitta villosa,0.0186143461614847
493,Sitta villosa,0.023124486207962
494,Sitta villosa,0.0353784933686256
495,Sitta villosa,0.0247193407267332
496,Sitta villosa,0.0208006482571363
497,Sitta villosa,0.0282358713448048
498,Sitta villosa,0.117206245660782
499,Sitta villosa,0.136816412210464
500,Sitta villosa,0.00279388716444373
501,Sitta villosa,0.00432460196316242
502,Sitta villosa,0.00848220940679312
503,Sitta villosa,0.010435844771564
504,Sitta villosa,0.0163469854742289
505,Sitta villosa,0.0218112412840128
506,Sitta villosa,0.0250874161720276
507,Sitta villosa,0.0175751186907291
508,Sitta villosa,0.00865734554827213
509,Sitta villosa,0.00992489885538816
510,Sitta villosa,0.00956215336918831
511,Sitta villosa,0.00691902218386531
512,Sitta villosa,0.0074549587443471
513,Sitta villosa,0.0101818582043052
514,Sitta villosa,0.0135716199874878
515,Sitta villosa,0.0146026443690062
516,Sitta villosa,0.0172692574560642
517,Sitta villosa,0.0133545380085707
518,Sitta villosa,0.0133840423077345
519,Sitta villosa,0.00621210830286145
520,Sitta villosa,0.00519410194829106
521,Sitta villosa,0.0105426460504532
522,Sitta villosa,0.0216011423617601
523,Sitta villosa,0.0217383708804846
524,Sitta villosa,0.0220543090254068
525,Sitta villosa,0.0284602902829647
526,Sitta villosa,0.0346334762871265
527,Sitta villosa,0.0413604155182838
528,Sitta villosa,0.0124925505369902
529,Sitta villosa,0.00840233359485865
530,Sitta villosa,0.0073919459246099
531,Sitta villosa,0.00966800563037395
532,Sitta villosa,0.0169901791960001
533,Sitta villosa,0.0151858748868108
534,Sitta villosa,0.0214047748595476
535,Sitta villosa,0.0347103215754032
536,Sitta villosa,0.0235372539609671
537,Sitta villosa,0.0564883388578892
538,Sitta villosa,0.00342641351744533
539,Sitta villosa,0.00418387353420258
540,Sitta villosa,0.00937086250633001
541,Sitta villosa,0.00461569055914879
542,Sitta villosa,0.0107769062742591
543,Sitta villosa,0.0350224487483501
544,Sitta villosa,0.0595131777226925
545,Sitta villosa,0.0117125473916531
546,Sitta villosa,0.0222613606601954
547,Sitta villosa,0.0106579996645451
548,Sitta villosa,0.000236944804782979
549,Sitta villosa,0.000953775539528579
550,Sitta villosa,0.00178487761877477
551,Sitta villosa,0.0134290382266045
552,Sitta villosa,0.0265442170202732
553,Sitta villosa,0.0127542037516832
554,Sitta villosa,0.0178791992366314
555,Sitta villosa,0.0147425513714552
556,Sitta villosa,0.0193970538675785
557,Sitta villosa,0.0137215713039041
558,Sitta villosa,0.00456969300284982
559,Sitta villosa,0.0050890757702291
560,Sitta villosa,0.015727199614048
561,Sitta villosa,0.0157332681119442
562,Sitta villosa,0.0145091395825148
563,Sitta villosa,0.0160238649696112
564,Sitta villosa,0.0211533512920141
565,Sitta villosa,0.022329879924655
566,Sitta villosa,0.0525644719600678
567,Sitta villosa,0.00460304785519838
568,Sitta villosa,0.00329187279567122
569,Sitta villosa,0.00319745321758091
570,Sitta villosa,0.0247817002236843
571,Sitta villosa,0.0180195067077875
572,Sitta villosa,0.022319246083498
573,Sitta villosa,0.0218363087624311
574,Sitta villosa,0.0290290620177984
575,Sitta villosa,0.0858486294746399
576,Sitta villosa,0.0328727401793003
577,Sitta villosa,0.00481409020721912
578,Sitta villosa,0.00449545774608851
579,Sitta villosa,0.00722191808745265
580,Sitta villosa,0.0232568271458149
581,Sitta villosa,0.00630333460867405
582,Sitta villosa,0.0205912459641695
583,Sitta villosa,0.0218359883874655
584,Sitta villosa,0.000223719500354491
585,Sitta villosa,7.50191393308342e-05
586,Sitta villosa,0.000111961497168522
587,Sitta villosa,0.000122995028505102
588,Sitta villosa,0.00019627706205938
589,Sitta villosa,0.000387905311072245
590,Sitta villosa,0.000928395835217088
591,Sitta villosa,0.00291954819113016
592,Sitta villosa,0.0190653316676617
593,Sitta villosa,0.0128890983760357
594,Sitta villosa,0.0133470529690385
595,Sitta villosa,0.0124137597158551
596,Sitta villosa,0.00888613052666187
597,Sitta villosa,0.0140680372714996
598,Sitta villosa,0.0112334406003356
599,Sitta villosa,0.0250913202762604
600,Sitta villosa,0.0304195825010538
601,Sitta villosa,0.00796573515981436
602,Sitta villosa,0.00939487013965845
603,Sitta villosa,0.00346139399334788
604,Sitta villosa,0.0275636911392212
605,Sitta villosa,0.00322258472442627
606,Sitta villosa,0.00506349932402372
607,Sitta villosa,0.0058799278922379
608,Sitta villosa,0.0198633130639792
609,Sitta villosa,0.0261287242174149
610,Sitta villosa,0.024069594219327
611,Sitta villosa,0.020392220467329
612,Sitta villosa,0.0260882955044508
613,Sitta villosa,0.0405556932091713
614,Sitta villosa,0.0627212598919869
615,Sitta villosa,0.0130960801616311
616,Sitta villosa,0.0137652913108468
617,Sitta villosa,0.0011984781594947
618,Sitta villosa,0.0187198352068663
619,Sitta villosa,0.000220529895159416
620,Sitta villosa,2.58617092185887e-05
621,Sitta villosa,4.51772975793574e-05
622,Sitta villosa,6.80192388244905e-05
623,Sitta villosa,7.65221557230689e-05
624,Sitta villosa,8.64655594341457e-05
625,Sitta villosa,9.87860330496915e-05
626,Sitta villosa,0.000205264877877198
627,Sitta villosa,0.000302361557260156
628,Sitta villosa,0.000235987710766494
629,Sitta villosa,0.000282938708551228
630,Sitta villosa,0.000226158226723783
631,Sitta villosa,0.000335749296937138
632,Sitta villosa,0.000545284827239811
633,Sitta villosa,0.000468147365609184
634,Sitta villosa,0.000508673139847815
635,Sitta villosa,0.00122616346925497
636,Sitta villosa,0.00308519252575934
637,Sitta villosa,0.00150324066635221
638,Sitta villosa,0.0059187039732933
639,Sitta villosa,0.00219108071178198
640,Sitta villosa,0.00138737948145717
641,Sitta villosa,0.00261339801363647
642,Sitta villosa,0.00673985434696078
643,Sitta villosa,0.00639272201806307
644,Sitta villosa,0.00521810399368405
645,Sitta villosa,0.00607857760041952
646,Sitta villosa,0.0100485133007169
647,Sitta villosa,0.0109208934009075
648,Sitta villosa,0.0139045687392354
649,Sitta villosa,0.0332659855484962
650,Sitta villosa,0.0270712859928608
651,Sitta villosa,0.0414847396314144
652,Sitta villosa,0.0790087208151817
653,Sitta villosa,0.0202590730041266
654,Sitta villosa,0.0255516357719898
655,Sitta villosa,0.112402968108654
656,Sitta villosa,0.0123204486444592
657,Sitta villosa,4.97840301250108e-05
658,Sitta villosa,3.36506054736674e-05
659,Sitta villosa,6.34893367532641e-05
660,Sitta villosa,5.88500079174992e-05
661,Sitta villosa,9.019148274092e-05
662,Sitta villosa,7.56170047679916e-05
663,Sitta villosa,8.62578672240488e-05
664,Sitta villosa,0.000124058584333397
665,Sitta villosa,0.000170544401044026
666,Sitta villosa,0.000140676405862905
667,Sitta villosa,0.000171669220435433
668,Sitta villosa,0.000176678862771951
669,Sitta villosa,0.000103067919553723
670,Sitta villosa,0.00117975019384176
671,Sitta villosa,0.00124733918346465
672,Sitta villosa,0.00447886204347014
673,Sitta villosa,0.00518293352797627
674,Sitta villosa,0.0121652092784643
675,Sitta villosa,0.00456807296723127
676,Sitta villosa,0.0093862833455205
677,Sitta villosa,0.00197512051090598
678,Sitta villosa,0.000565657275728881
679,Sitta villosa,0.000696089875418693
680,Sitta villosa,0.00131612946279347
681,Sitta villosa,0.00402444740757346
682,Sitta villosa,0.0181069523096085
683,Sitta villosa,0.0249211881309748
684,Sitta villosa,0.0158239509910345
685,Sitta villosa,0.0174603946506977
686,Sitta villosa,0.0239410866051912
687,Sitta villosa,0.0362654887139797
688,Sitta villosa,0.0394120439887047
689,Sitta villosa,0.0202669072896242
690,Sitta villosa,0.033911045640707
691,Sitta villosa,0.0446183793246746
692,Sitta villosa,0.0471917316317558
693,Sitta villosa,0.0545342564582825
694,Sitta villosa,0.0997550934553146
695,Sitta villosa,0.173427045345306
696,Sitta villosa,0.00118231039959937
697,Sitta villosa,0.00510398671030998
698,Sitta villosa,0.000102307116321754
699,Sitta villosa,4.13084744650405e-05
700,Sitta villosa,0.000156552690896206
701,Sitta villosa,9.20035745366476e-05
702,Sitta villosa,5.96477948420215e-05
703,Sitta villosa,7.67408419051208e-05
704,Sitta villosa,0.000131161985336803
705,Sitta villosa,0.000207164281164296
706,Sitta villosa,0.000176992587512359
707,Sitta villosa,0.000104271122836508
708,Sitta villosa,0.00420218519866467
709,Sitta villosa,0.0124746421352029
710,Sitta villosa,0.00122437148820609
711,Sitta villosa,0.00135439611040056
712,Sitta villosa,0.000854053942020983
713,Sitta villosa,0.00162406556773931
714,Sitta villosa,0.0131446169689298
715,Sitta villosa,0.0146027598530054
716,Sitta villosa,0.0109944688156247
717,Sitta villosa,0.0114979390054941
718,Sitta villosa,0.00217293528839946
719,Sitta villosa,0.00123369169887155
720,Sitta villosa,0.0194621495902538
721,Sitta villosa,0.014397400431335
722,Sitta villosa,0.0154572986066341
723,Sitta villosa,0.0194946452975273
724,Sitta villosa,0.0205940250307322
725,Sitta villosa,0.0448717065155506
726,Sitta villosa,0.0174605119973421
727,Sitta villosa,0.0279317740350962
728,Sitta villosa,0.0501720011234283
729,Sitta villosa,0.0512999929487705
730,Sitta villosa,0.0430142022669315
731,Sitta villosa,0.0450465679168701
732,Sitta villosa,0.0651905164122582
733,Sitta villosa,0.15302437543869
734,Sitta villosa,0.17172209918499
735,Sitta villosa,0.00236067548394203
736,Sitta villosa,0.0115048056468368
737,Sitta villosa,0.00394846778362989
738,Sitta villosa,0.00158719730097801
739,Sitta villosa,0.0066865379922092
740,Sitta villosa,0.00290603400208056
741,Sitta villosa,0.000205144475330599
742,Sitta villosa,0.000164597848197445
743,Sitta villosa,0.000590023119002581
744,Sitta villosa,0.000701845565345138
745,Sitta villosa,0.000830504286568612
746,Sitta villosa,0.00985816959291697
747,Sitta villosa,0.00405881740152836
748,Sitta villosa,0.000387359556043521
749,Sitta villosa,0.000127330800751224
750,Sitta villosa,0.000220660600461997
751,Sitta villosa,2.74865524261259e-05
752,Sitta villosa,0.000726605008821935
753,Sitta villosa,0.0125501016154885
754,Sitta villosa,0.00470029003918171
755,Sitta villosa,0.00918496213853359
756,Sitta villosa,0.0107812033966184
757,Sitta villosa,0.0107562374323606
758,Sitta villosa,0.0123098082840443
759,Sitta villosa,0.0320399329066277
760,Sitta villosa,0.0214041881263256
761,Sitta villosa,0.0264517869800329
762,Sitta villosa,0.0245429836213589
763,Sitta villosa,0.0253482740372419
764,Sitta villosa,0.0405080765485764
765,Sitta villosa,0.0409746319055557
766,Sitta villosa,0.0860138237476349
767,Sitta villosa,0.0267264544963837
768,Sitta villosa,0.0215700790286064
769,Sitta villosa,0.0323296040296555
770,Sitta villosa,0.0408759526908398
771,Sitta villosa,0.0340448133647442
772,Sitta villosa,0.0363224446773529
773,Sitta villosa,0.036221906542778
774,Sitta villosa,0.0019919031765312
775,Sitta villosa,0.000158669266966172
776,Sitta villosa,0.01257065217942
777,Sitta villosa,0.00302982679568231
778,Sitta villosa,0.0247070044279099
779,Sitta villosa,0.0524950698018074
780,Sitta villosa,0.000387429114198312
781,Sitta villosa,0.00266294740140438
782,Sitta villosa,0.00495246192440391
783,Sitta villosa,0.00342792761512101
784,Sitta villosa,0.00777828227728605
785,Sitta villosa,0.0338192246854305
786,Sitta villosa,0.0160459633916616
787,Sitta villosa,0.0153014725074172
788,Sitta villosa,0.0135417860001326
789,Sitta villosa,0.0203133448958397
790,Sitta villosa,0.0238894242793322
791,Sitta villosa,0.0249335560947657
792,Sitta villosa,0.034054271876812
793,Sitta villosa,0.0427304245531559
794,Sitta villosa,0.00905728712677956
795,Sitta villosa,0.00313848070800304
796,Sitta villosa,0.0167793575674295
797,Sitta villosa,0.0119265476241708
798,Sitta villosa,0.0226122457534075
799,Sitta villosa,0.0619616992771626
800,Sitta villosa,0.000283687142655253
801,Sitta villosa,0.000294526136713102
802,Sitta villosa,0.000123702993732877
803,Sitta villosa,0.0031163371168077
804,Sitta villosa,0.00279502966441214
805,Sitta villosa,0.000562272674869746
806,Sitta villosa,0.00232831900939345
807,Sitta villosa,0.00378251215443015
808,Sitta villosa,0.00290826871059835
809,Sitta villosa,0.00283724302425981
810,Sitta villosa,0.00466086342930794
811,Sitta villosa,0.00764649314805865
812,Sitta villosa,0.0202802736312151
813,Sitta villosa,0.019537890329957
814,Sitta villosa,0.0112354895099998
815,Sitta villosa,0.011124680750072
816,Sitta villosa,0.0235426723957062
817,Sitta villosa,0.0283368807286024
818,Sitta villosa,0.0143550503998995
819,Sitta villosa,0.0609937906265259
820,Sitta villosa,0.0637205913662911
821,Sitta villosa,0.000137778144562617
822,Sitta villosa,0.0172397661954165
823,Sitta villosa,0.0243570245802403
824,Sitta villosa,0.000126808809000067
825,Sitta villosa,6.65826009935699e-05
826,Sitta villosa,1.62027445185231e-05
827,Sitta villosa,3.54298572347034e-05
828,Sitta villosa,0.00160848395898938
829,Sitta villosa,0.00239995564334095
830,Sitta villosa,0.00245462660677731
831,Sitta villosa,0.00938364770263433
832,Sitta villosa,0.0252845976501703
833,Sitta villosa,0.0138463862240314
834,Sitta villosa,0.0122061436995864
835,Sitta villosa,0.0157689042389393
836,Sitta villosa,0.0153652373701334
837,Sitta villosa,0.0176234655082226
838,Sitta villosa,0.0429594106972218
839,Sitta villosa,0.0323507934808731
840,Sitta villosa,0.0488449670374394
841,Sitta villosa,0.00732431979849935
842,Sitta villosa,0.000300603947835043
843,Sitta villosa,0.000282309047179297
844,Sitta villosa,7.19441959518008e-05
845,Sitta villosa,2.44458024099004e-05
846,Sitta villosa,3.93685295421165e-05
847,Sitta villosa,0.000100093908258714
848,Sitta villosa,0.000183946773177013
849,Sitta villosa,0.00231938855722547
850,Sitta villosa,0.00122134038247168
851,Sitta villosa,0.00160286203026772
852,Sitta villosa,0.0029278330039233
853,Sitta villosa,0.0218511465936899
854,Sitta villosa,0.0189048536121845
855,Sitta villosa,0.0109654190018773
856,Sitta villosa,0.0144815472885966
857,Sitta villosa,0.0106040956452489
858,Sitta villosa,0.00688777351751924
859,Sitta villosa,0.0193121898919344
860,Sitta villosa,0.0152745200321078
861,Sitta villosa,0.0338132902979851
862,Sitta villosa,0.00957708619534969
863,Sitta villosa,0.00151710514910519
864,Sitta villosa,0.00019539323693607
865,Sitta villosa,0.000643815146759152
866,Sitta villosa,0.000116699666250497
867,Sitta villosa,2.649673842825e-05
868,Sitta villosa,0.00974566768854856
869,Sitta villosa,0.01472775824368
870,Sitta villosa,0.0154206855222583
871,Sitta villosa,0.0100248819217086
872,Sitta villosa,0.00658403616398573
873,Sitta villosa,0.00655066221952438
874,Sitta villosa,0.00688794162124395
875,Sitta villosa,0.00629005813971162
876,Sitta villosa,0.023873595520854
877,Sitta villosa,0.0158134810626507
878,Sitta villosa,0.000549022748600692
879,Sitta villosa,0.000119230346172117
880,Sitta villosa,0.0069154305383563
881,Sitta villosa,0.00284467288292944
882,Sitta villosa,0.000977643532678485
883,Sitta villosa,0.000662826118059456
884,Sitta villosa,0.00260795070789754
885,Sitta villosa,0.0154257072135806
886,Sitta villosa,0.0152191249653697
887,Sitta villosa,0.00989750120788813
888,Sitta villosa,0.00687404209747911
889,Sitta villosa,0.00832572486251593
890,Sitta villosa,0.00446482328698039
891,Sitta villosa,0.0145425340160728
892,Sitta villosa,0.0132040334865451
893,Sitta villosa,0.0146763343364
894,Sitta villosa,0.012903856113553
895,Sitta villosa,0.00261974218301475
896,Sitta villosa,0.00198734807781875
897,Sitta villosa,0.00254860729910433
898,Sitta villosa,0.0124245826154947
899,Sitta villosa,0.000728874991182238
900,Sitta villosa,0.00120320625137538
901,Sitta villosa,0.00907398946583271
902,Sitta villosa,0.0120570138096809
903,Sitta villosa,0.00463367439806461
904,Sitta villosa,0.00423932448029518
905,Sitta villosa,0.00469263177365065
906,Sitta villosa,0.00574996834620833
907,Sitta villosa,0.00540284020826221
908,Sitta villosa,0.00864916294813156
909,Sitta villosa,0.00984974019229412
910,Sitta villosa,0.0090081850066781
911,Sitta villosa,0.000465058226836845
912,Sitta villosa,0.00058897549752146
913,Sitta villosa,0.00313721201382577
914,Sitta villosa,0.00670163333415985
915,Sitta villosa,0.00207867147400975
916,Sitta villosa,0.00239387014880776
917,Sitta villosa,0.00267521780915558
918,Sitta villosa,0.00220341305248439
919,Sitta villosa,0.00325497263111174
920,Sitta villosa,0.00499649345874786
921,Sitta villosa,0.000477264606161043
922,Sitta villosa,0.00139392516575754
923,Sitta villosa,0.00211420888081193
924,Sitta villosa,0.00117403897456825
925,Sitta villosa,0.00144604581873864
926,Sitta villosa,0.00164777575992048
927,Sitta villosa,0.0011226658243686
928,Sitta villosa,0.0012120041064918
929,Sitta villosa,0.000643283710815013
930,Sitta villosa,0.0011308086104691
931,Sitta villosa,0.00099046144168824
932,Sitta villosa,0.00101783662103117
933,Sitta villosa,0.000176349392859265
934,Sitta villosa,0.000231391153647564
935,Sitta villosa,0.000571724202018231
936,Sitta villosa,0.000928409048356116
937,Sitta villosa,0.000663404702208936
938,Sitta villosa,0.000188845035154372
939,Sitta villosa,0.000158609531354159
940,Sitta villosa,0.000193461368326098
941,Sitta villosa,0.00039775186451152
1,Syrrhaptes paradoxus,5.58370683023668e-10
2,Syrrhaptes paradoxus,5.00810365400284e-11
3,Syrrhaptes paradoxus,1.73576140127807e-08
4,Syrrhaptes paradoxus,8.18358891763182e-09
5,Syrrhaptes paradoxus,1.89986064924597e-06
6,Syrrhaptes paradoxus,9.97766192584182e-12
7,Syrrhaptes paradoxus,1.01686703762177e-12
8,Syrrhaptes paradoxus,0.00365815474651754
9,Syrrhaptes paradoxus,0.000207606208277866
10,Syrrhaptes paradoxus,2.1929223294137e-05
11,Syrrhaptes paradoxus,8.56848510011332e-06
12,Syrrhaptes paradoxus,1.23597425696897e-11
13,Syrrhaptes paradoxus,6.6555427835624e-11
14,Syrrhaptes paradoxus,7.02073260638869e-11
15,Syrrhaptes paradoxus,1.48813558698002e-10
16,Syrrhaptes paradoxus,3.50187801814172e-05
17,Syrrhaptes paradoxus,0.000157873684656806
18,Syrrhaptes paradoxus,0.000155199726577848
19,Syrrhaptes paradoxus,1.51729700519354e-05
20,Syrrhaptes paradoxus,5.14149287482724e-05
21,Syrrhaptes paradoxus,0.000193919448065571
22,Syrrhaptes paradoxus,0.000153545697685331
23,Syrrhaptes paradoxus,5.28392433973846e-11
24,Syrrhaptes paradoxus,2.99711533369162e-10
25,Syrrhaptes paradoxus,6.98302027313247e-10
26,Syrrhaptes paradoxus,2.23211851779759e-10
27,Syrrhaptes paradoxus,4.84378981369105e-10
28,Syrrhaptes paradoxus,5.84638519285363e-06
29,Syrrhaptes paradoxus,6.07488582318183e-05
30,Syrrhaptes paradoxus,0.00219087861478329
31,Syrrhaptes paradoxus,0.000191426850506105
32,Syrrhaptes paradoxus,0.000304796325508505
33,Syrrhaptes paradoxus,5.55801780137699e-05
34,Syrrhaptes paradoxus,1.19006735985749e-05
35,Syrrhaptes paradoxus,5.58236715733074e-05
36,Syrrhaptes paradoxus,7.33780761947855e-05
37,Syrrhaptes paradoxus,2.02815990633098e-05
38,Syrrhaptes paradoxus,2.64368136413395e-05
39,Syrrhaptes paradoxus,3.85008897865191e-05
40,Syrrhaptes paradoxus,5.83145811106078e-06
41,Syrrhaptes paradoxus,1.66766433995491e-09
42,Syrrhaptes paradoxus,7.47768846842689e-10
43,Syrrhaptes paradoxus,5.61354740469255e-10
44,Syrrhaptes paradoxus,1.00610419995206e-09
45,Syrrhaptes paradoxus,1.88939530687549e-09
46,Syrrhaptes paradoxus,4.42932446276245e-08
47,Syrrhaptes paradoxus,1.40454426400538e-06
48,Syrrhaptes paradoxus,0.000204522119020112
49,Syrrhaptes paradoxus,0.00425963010638952
50,Syrrhaptes paradoxus,0.0104183945804834
51,Syrrhaptes paradoxus,0.00109797669574618
52,Syrrhaptes paradoxus,0.00047052392619662
53,Syrrhaptes paradoxus,0.00237983255647123
54,Syrrhaptes paradoxus,0.000471270584966987
55,Syrrhaptes paradoxus,0.000341930048307404
56,Syrrhaptes paradoxus,0.000341606646543369
57,Syrrhaptes paradoxus,0.00229724706150591
58,Syrrhaptes paradoxus,4.57694368378725e-05
59,Syrrhaptes paradoxus,3.22349842463154e-06
60,Syrrhaptes paradoxus,4.25966027250979e-06
61,Syrrhaptes paradoxus,3.80087612938951e-07
62,Syrrhaptes paradoxus,7.71042230063301e-10
63,Syrrhaptes paradoxus,2.20273299600393e-10
64,Syrrhaptes paradoxus,6.36126129549552e-09
65,Syrrhaptes paradoxus,4.52400206185644e-09
66,Syrrhaptes paradoxus,6.24325124931602e-08
67,Syrrhaptes paradoxus,5.41649751539808e-06
68,Syrrhaptes paradoxus,0.0133567936718464
69,Syrrhaptes paradoxus,0.0473759919404984
70,Syrrhaptes paradoxus,0.00551481451839209
71,Syrrhaptes paradoxus,0.00138522440101951
72,Syrrhaptes paradoxus,0.00183974858373404
73,Syrrhaptes paradoxus,0.00153365556616336
74,Syrrhaptes paradoxus,0.00011282477498753
75,Syrrhaptes paradoxus,0.000206723998417147
76,Syrrhaptes paradoxus,0.00117163325194269
77,Syrrhaptes paradoxus,0.000100984987511765
78,Syrrhaptes paradoxus,0.000105303101008758
79,Syrrhaptes paradoxus,2.29805464186939e-05
80,Syrrhaptes paradoxus,6.78660762787331e-06
81,Syrrhaptes paradoxus,3.43196717267347e-07
82,Syrrhaptes paradoxus,8.44318037707126e-09
83,Syrrhaptes paradoxus,2.59273830703621e-12
84,Syrrhaptes paradoxus,2.28105978550275e-09
85,Syrrhaptes paradoxus,7.79414754958907e-10
86,Syrrhaptes paradoxus,3.34013134306588e-06
87,Syrrhaptes paradoxus,0.000254430866334587
88,Syrrhaptes paradoxus,0.0765709951519966
89,Syrrhaptes paradoxus,0.042139109224081
90,Syrrhaptes paradoxus,0.0128559591248631
91,Syrrhaptes paradoxus,0.00256204488687217
92,Syrrhaptes paradoxus,0.00012819207040593
93,Syrrhaptes paradoxus,0.000281449116300792
94,Syrrhaptes paradoxus,8.65397964844306e-07
95,Syrrhaptes paradoxus,2.53963958130043e-06
96,Syrrhaptes paradoxus,6.81360734233749e-06
97,Syrrhaptes paradoxus,1.21466928248992e-05
98,Syrrhaptes paradoxus,9.71468398347497e-06
99,Syrrhaptes paradoxus,0.000137577095301822
100,Syrrhaptes paradoxus,8.05061790742911e-05
101,Syrrhaptes paradoxus,4.5747550757369e-05
102,Syrrhaptes paradoxus,3.99379658233556e-08
103,Syrrhaptes paradoxus,3.86870760848979e-06
104,Syrrhaptes paradoxus,2.05049374812916e-07
105,Syrrhaptes paradoxus,1.71233285328753e-08
106,Syrrhaptes paradoxus,0.000194584121345542
107,Syrrhaptes paradoxus,0.0475956499576569
108,Syrrhaptes paradoxus,0.133301973342896
109,Syrrhaptes paradoxus,0.00669271964579821
110,Syrrhaptes paradoxus,0.00256383093073964
111,Syrrhaptes paradoxus,0.000413418922107667
112,Syrrhaptes paradoxus,2.40345580095891e-05
113,Syrrhaptes paradoxus,6.20479331701063e-05
114,Syrrhaptes paradoxus,3.51881027427226e-07
115,Syrrhaptes paradoxus,5.65464901569612e-08
116,Syrrhaptes paradoxus,6.22820266471535e-07
117,Syrrhaptes paradoxus,4.1396501728741e-06
118,Syrrhaptes paradoxus,2.25804360525217e-05
119,Syrrhaptes paradoxus,0.000881035579368472
120,Syrrhaptes paradoxus,0.000528711942024529
121,Syrrhaptes paradoxus,0.000190681443200447
122,Syrrhaptes paradoxus,1.40187212309684e-05
123,Syrrhaptes paradoxus,2.98885370284552e-05
124,Syrrhaptes paradoxus,0.00205509387888014
125,Syrrhaptes paradoxus,0.18979711830616
126,Syrrhaptes paradoxus,0.000209794772672467
127,Syrrhaptes paradoxus,0.000271143071586266
128,Syrrhaptes paradoxus,1.45076419357792e-05
129,Syrrhaptes paradoxus,2.63801496203087e-08
130,Syrrhaptes paradoxus,0.0301279947161675
131,Syrrhaptes paradoxus,0.00957812089473009
132,Syrrhaptes paradoxus,0.00120127818081528
133,Syrrhaptes paradoxus,0.000276450155070052
134,Syrrhaptes paradoxus,0.000349119276506826
135,Syrrhaptes paradoxus,0.000108876018202864
136,Syrrhaptes paradoxus,0.000121085373393726
137,Syrrhaptes paradoxus,1.39056255648029e-05
138,Syrrhaptes paradoxus,8.31285035474139e-07
139,Syrrhaptes paradoxus,4.21869863487245e-08
140,Syrrhaptes paradoxus,2.59002064240121e-07
141,Syrrhaptes paradoxus,2.16219495996484e-06
142,Syrrhaptes paradoxus,2.45798582909629e-05
143,Syrrhaptes paradoxus,0.00174102268647403
144,Syrrhaptes paradoxus,0.00430314475670457
145,Syrrhaptes paradoxus,0.00411705113947392
146,Syrrhaptes paradoxus,0.000551813223864883
147,Syrrhaptes paradoxus,4.99127054354176e-07
148,Syrrhaptes paradoxus,2.49911494165644e-07
149,Syrrhaptes paradoxus,2.35878285792523e-08
150,Syrrhaptes paradoxus,3.61959282599855e-05
151,Syrrhaptes paradoxus,0.00104015006218106
152,Syrrhaptes paradoxus,0.0083707682788372
153,Syrrhaptes paradoxus,0.00676716025918722
154,Syrrhaptes paradoxus,0.000313119089696556
155,Syrrhaptes paradoxus,0.0013789531076327
156,Syrrhaptes paradoxus,3.23360836773645e-05
157,Syrrhaptes paradoxus,0.000260992615949363
158,Syrrhaptes paradoxus,0.00254452996887267
159,Syrrhaptes paradoxus,0.638966977596283
160,Syrrhaptes paradoxus,0.00842864625155926
161,Syrrhaptes paradoxus,7.74487125454471e-05
162,Syrrhaptes paradoxus,2.78343341051368e-05
163,Syrrhaptes paradoxus,0.000294718192890286
164,Syrrhaptes paradoxus,0.000109713459096383
165,Syrrhaptes paradoxus,0.000142743767355569
166,Syrrhaptes paradoxus,7.38449089112692e-05
167,Syrrhaptes paradoxus,1.7745031755112e-07
168,Syrrhaptes paradoxus,1.73858314411746e-08
169,Syrrhaptes paradoxus,8.36988931496308e-07
170,Syrrhaptes paradoxus,5.40006330993492e-05
171,Syrrhaptes paradoxus,2.61750592471799e-05
172,Syrrhaptes paradoxus,0.000191025304957293
173,Syrrhaptes paradoxus,0.000413433357607573
174,Syrrhaptes paradoxus,0.00302254525013268
175,Syrrhaptes paradoxus,2.55057220783783e-05
176,Syrrhaptes paradoxus,7.66088646741991e-07
177,Syrrhaptes paradoxus,2.22044604925031e-16
178,Syrrhaptes paradoxus,2.89551227439233e-08
179,Syrrhaptes paradoxus,3.70976513397459e-12
180,Syrrhaptes paradoxus,3.70034870800229e-11
181,Syrrhaptes paradoxus,1.73760328348038e-09
182,Syrrhaptes paradoxus,1.24150545399715e-09
183,Syrrhaptes paradoxus,2.12117427622616e-07
184,Syrrhaptes paradoxus,0.00016906633391045
185,Syrrhaptes paradoxus,0.0132501628249884
186,Syrrhaptes paradoxus,0.00440127588808537
187,Syrrhaptes paradoxus,0.00392052391543984
188,Syrrhaptes paradoxus,3.66814274457283e-05
189,Syrrhaptes paradoxus,1.71921074070269e-05
190,Syrrhaptes paradoxus,0.000289648887701333
191,Syrrhaptes paradoxus,0.000117418916488532
192,Syrrhaptes paradoxus,0.0160108394920826
193,Syrrhaptes paradoxus,0.118027180433273
194,Syrrhaptes paradoxus,0.00820697005838156
195,Syrrhaptes paradoxus,0.0020050392486155
196,Syrrhaptes paradoxus,0.000151258907862939
197,Syrrhaptes paradoxus,4.89021440444049e-05
198,Syrrhaptes paradoxus,0.000713892804924399
199,Syrrhaptes paradoxus,0.00110075215343386
200,Syrrhaptes paradoxus,0.000109248445369303
201,Syrrhaptes paradoxus,3.50246580183011e-07
202,Syrrhaptes paradoxus,3.96152799453375e-08
203,Syrrhaptes paradoxus,8.66440814206726e-07
204,Syrrhaptes paradoxus,2.60519282164751e-05
205,Syrrhaptes paradoxus,3.70855264009151e-06
206,Syrrhaptes paradoxus,1.55264715431258e-05
207,Syrrhaptes paradoxus,8.18535554572009e-05
208,Syrrhaptes paradoxus,3.25308028550353e-05
209,Syrrhaptes paradoxus,1.28526221487846e-06
210,Syrrhaptes paradoxus,1.06643562958197e-06
211,Syrrhaptes paradoxus,4.42636656494688e-11
212,Syrrhaptes paradoxus,2.47893806176736e-12
213,Syrrhaptes paradoxus,2.22044604925031e-16
214,Syrrhaptes paradoxus,9.80202141676045e-09
215,Syrrhaptes paradoxus,8.14635164880784e-11
216,Syrrhaptes paradoxus,6.61392511938641e-12
217,Syrrhaptes paradoxus,4.26992663449255e-10
218,Syrrhaptes paradoxus,9.20797926795558e-09
219,Syrrhaptes paradoxus,1.94321710296208e-05
220,Syrrhaptes paradoxus,0.00883720442652702
221,Syrrhaptes paradoxus,0.0100132320076227
222,Syrrhaptes paradoxus,0.0183054842054844
223,Syrrhaptes paradoxus,0.00406508194282651
224,Syrrhaptes paradoxus,5.47443187315366e-06
225,Syrrhaptes paradoxus,2.06503978006367e-06
226,Syrrhaptes paradoxus,5.51233679288998e-05
227,Syrrhaptes paradoxus,0.000118115523946472
228,Syrrhaptes paradoxus,0.00169736822135746
229,Syrrhaptes paradoxus,0.323034286499023
230,Syrrhaptes paradoxus,0.00146410544402897
231,Syrrhaptes paradoxus,0.00291135534644127
232,Syrrhaptes paradoxus,0.00100883201230317
233,Syrrhaptes paradoxus,0.000302931846817955
234,Syrrhaptes paradoxus,7.71760387578979e-05
235,Syrrhaptes paradoxus,0.0118356738239527
236,Syrrhaptes paradoxus,0.0024878669064492
237,Syrrhaptes paradoxus,1.14867325464729e-05
238,Syrrhaptes paradoxus,2.08346691010775e-07
239,Syrrhaptes paradoxus,6.42383326976415e-07
240,Syrrhaptes paradoxus,1.66221786912502e-06
241,Syrrhaptes paradoxus,9.24973646760918e-05
242,Syrrhaptes paradoxus,1.39565759127436e-06
243,Syrrhaptes paradoxus,7.27542501408607e-05
244,Syrrhaptes paradoxus,2.19580579141621e-05
245,Syrrhaptes paradoxus,7.15601743195293e-07
246,Syrrhaptes paradoxus,4.24172867496964e-06
247,Syrrhaptes paradoxus,1.71324066045031e-11
248,Syrrhaptes paradoxus,1.21336177216769e-10
249,Syrrhaptes paradoxus,2.5213477139463e-12
250,Syrrhaptes paradoxus,1.13709655025218e-08
251,Syrrhaptes paradoxus,6.73773143944345e-08
252,Syrrhaptes paradoxus,2.04799626146723e-08
253,Syrrhaptes paradoxus,1.05434264696669e-06
254,Syrrhaptes paradoxus,4.37980474998767e-07
255,Syrrhaptes paradoxus,3.00008214253467e-05
256,Syrrhaptes paradoxus,0.00256637879647315
257,Syrrhaptes paradoxus,0.013192648999393
258,Syrrhaptes paradoxus,0.00686871400102973
259,Syrrhaptes paradoxus,0.00092373660299927
260,Syrrhaptes paradoxus,0.000193249434232712
261,Syrrhaptes paradoxus,8.17931650090031e-05
262,Syrrhaptes paradoxus,0.0107885496690869
263,Syrrhaptes paradoxus,0.000178771850187331
264,Syrrhaptes paradoxus,2.30166224355344e-05
265,Syrrhaptes paradoxus,0.128748685121536
266,Syrrhaptes paradoxus,0.181004032492638
267,Syrrhaptes paradoxus,0.00310233049094677
268,Syrrhaptes paradoxus,0.0101376278325915
269,Syrrhaptes paradoxus,0.00298292492516339
270,Syrrhaptes paradoxus,0.0119290743023157
271,Syrrhaptes paradoxus,0.00568776996806264
272,Syrrhaptes paradoxus,0.0549853518605232
273,Syrrhaptes paradoxus,0.000634593248832971
274,Syrrhaptes paradoxus,9.94182846625336e-06
275,Syrrhaptes paradoxus,3.76030675397487e-06
276,Syrrhaptes paradoxus,1.4119196748652e-05
277,Syrrhaptes paradoxus,0.000234224309679121
278,Syrrhaptes paradoxus,0.000147669634316117
279,Syrrhaptes paradoxus,1.86623003628483e-06
280,Syrrhaptes paradoxus,1.37751931106322e-06
281,Syrrhaptes paradoxus,1.21553938470242e-07
282,Syrrhaptes paradoxus,1.19746545124144e-07
283,Syrrhaptes paradoxus,7.2000592987731e-11
284,Syrrhaptes paradoxus,1.7812854869511e-13
285,Syrrhaptes paradoxus,3.55254367589986e-12
286,Syrrhaptes paradoxus,3.77253599026517e-07
287,Syrrhaptes paradoxus,1.64548146130983e-05
288,Syrrhaptes paradoxus,6.89981425239239e-06
289,Syrrhaptes paradoxus,6.13405347849039e-07
290,Syrrhaptes paradoxus,8.42913266296819e-07
291,Syrrhaptes paradoxus,6.00323346588993e-06
292,Syrrhaptes paradoxus,0.00036646137596108
293,Syrrhaptes paradoxus,0.00132897135335952
294,Syrrhaptes paradoxus,0.00143678323365748
295,Syrrhaptes paradoxus,0.000766727607697249
296,Syrrhaptes paradoxus,0.00222144089639187
297,Syrrhaptes paradoxus,0.000380602374207228
298,Syrrhaptes paradoxus,0.00362333096563816
299,Syrrhaptes paradoxus,0.00580128561705351
300,Syrrhaptes paradoxus,0.00204131659120321
301,Syrrhaptes paradoxus,0.0464760325849056
302,Syrrhaptes paradoxus,0.142405837774277
303,Syrrhaptes paradoxus,0.00803671963512898
304,Syrrhaptes paradoxus,0.09598658233881
305,Syrrhaptes paradoxus,0.0341213867068291
306,Syrrhaptes paradoxus,0.00432942481711507
307,Syrrhaptes paradoxus,0.00883621536195278
308,Syrrhaptes paradoxus,0.00344452238641679
309,Syrrhaptes paradoxus,4.18926028942224e-05
310,Syrrhaptes paradoxus,3.81350218958687e-05
311,Syrrhaptes paradoxus,4.00092903873883e-05
312,Syrrhaptes paradoxus,2.32847432926064e-05
313,Syrrhaptes paradoxus,3.17019862450252e-06
314,Syrrhaptes paradoxus,1.30998137137794e-06
315,Syrrhaptes paradoxus,2.19309458771022e-06
316,Syrrhaptes paradoxus,4.51955969538176e-07
317,Syrrhaptes paradoxus,6.76222668971604e-08
318,Syrrhaptes paradoxus,3.09671492004782e-07
319,Syrrhaptes paradoxus,0.000319744896842167
320,Syrrhaptes paradoxus,1.34210054181239e-09
321,Syrrhaptes paradoxus,1.3832853085205e-07
322,Syrrhaptes paradoxus,4.91925722378994e-10
323,Syrrhaptes paradoxus,1.04095530806259e-10
324,Syrrhaptes paradoxus,1.16339327060899e-09
325,Syrrhaptes paradoxus,1.68900646713155e-06
326,Syrrhaptes paradoxus,4.88888053951087e-06
327,Syrrhaptes paradoxus,4.8027936827566e-07
328,Syrrhaptes paradoxus,1.31302351746854e-06
329,Syrrhaptes paradoxus,1.42219292342816e-07
330,Syrrhaptes paradoxus,4.6082712401585e-07
331,Syrrhaptes paradoxus,2.55596614806564e-06
332,Syrrhaptes paradoxus,6.40569996903651e-05
333,Syrrhaptes paradoxus,0.000304801971651614
334,Syrrhaptes paradoxus,0.000184631164302118
335,Syrrhaptes paradoxus,0.000213114937650971
336,Syrrhaptes paradoxus,0.00152311439160258
337,Syrrhaptes paradoxus,0.00506553985178471
338,Syrrhaptes paradoxus,0.0124646592885256
339,Syrrhaptes paradoxus,0.0127739813178778
340,Syrrhaptes paradoxus,0.0222359355539083
341,Syrrhaptes paradoxus,0.262061476707459
342,Syrrhaptes paradoxus,0.0305727571249008
343,Syrrhaptes paradoxus,0.0205146446824074
344,Syrrhaptes paradoxus,0.026921046897769
345,Syrrhaptes paradoxus,0.0798993185162544
346,Syrrhaptes paradoxus,0.00324119534343481
347,Syrrhaptes paradoxus,0.0013151733437553
348,Syrrhaptes paradoxus,5.42092966497876e-05
349,Syrrhaptes paradoxus,7.90111589594744e-05
350,Syrrhaptes paradoxus,0.000215891472180374
351,Syrrhaptes paradoxus,0.00027866568416357
352,Syrrhaptes paradoxus,7.47929007047787e-05
353,Syrrhaptes paradoxus,3.22753985528834e-05
354,Syrrhaptes paradoxus,0.000410536944400519
355,Syrrhaptes paradoxus,3.8584945286857e-05
356,Syrrhaptes paradoxus,7.47946432966273e-06
357,Syrrhaptes paradoxus,0.000773146690335125
358,Syrrhaptes paradoxus,4.7303018391176e-07
359,Syrrhaptes paradoxus,1.66435493859085e-11
360,Syrrhaptes paradoxus,1.00969632654824e-09
361,Syrrhaptes paradoxus,5.04447612570402e-08
362,Syrrhaptes paradoxus,6.38398347518887e-08
363,Syrrhaptes paradoxus,2.50315768113296e-08
364,Syrrhaptes paradoxus,5.92102696828079e-06
365,Syrrhaptes paradoxus,4.81244171623985e-07
366,Syrrhaptes paradoxus,4.94954583984963e-08
367,Syrrhaptes paradoxus,7.40830241596768e-09
368,Syrrhaptes paradoxus,9.99976723647933e-09
369,Syrrhaptes paradoxus,1.09965681005519e-08
370,Syrrhaptes paradoxus,7.99084105551629e-08
371,Syrrhaptes paradoxus,2.72712122750818e-06
372,Syrrhaptes paradoxus,1.37960432766704e-05
373,Syrrhaptes paradoxus,1.44421437653364e-05
374,Syrrhaptes paradoxus,7.66617595218122e-05
375,Syrrhaptes paradoxus,0.000151686268509366
376,Syrrhaptes paradoxus,0.00096649827901274
377,Syrrhaptes paradoxus,0.00916546955704689
378,Syrrhaptes paradoxus,0.00726743321865797
379,Syrrhaptes paradoxus,0.11766904592514
380,Syrrhaptes paradoxus,0.17234043776989
381,Syrrhaptes paradoxus,0.0767331644892693
382,Syrrhaptes paradoxus,0.0295155700296164
383,Syrrhaptes paradoxus,0.00094171630917117
384,Syrrhaptes paradoxus,2.86082740785787e-05
385,Syrrhaptes paradoxus,0.0297259725630283
386,Syrrhaptes paradoxus,0.0060077328234911
387,Syrrhaptes paradoxus,0.000878310471307486
388,Syrrhaptes paradoxus,0.000237057320191525
389,Syrrhaptes paradoxus,0.000448651204351336
390,Syrrhaptes paradoxus,0.000758267880883068
391,Syrrhaptes paradoxus,0.000377903430489823
392,Syrrhaptes paradoxus,0.000126024460769258
393,Syrrhaptes paradoxus,0.000298569648293778
394,Syrrhaptes paradoxus,0.000397223455365747
395,Syrrhaptes paradoxus,0.000408048101235181
396,Syrrhaptes paradoxus,1.68247295435908e-12
397,Syrrhaptes paradoxus,1.26944830515507e-12
398,Syrrhaptes paradoxus,1.79657247412202e-10
399,Syrrhaptes paradoxus,4.37631764160784e-10
400,Syrrhaptes paradoxus,1.70183733771978e-09
401,Syrrhaptes paradoxus,5.91680981987253e-10
402,Syrrhaptes paradoxus,2.06612194020295e-09
403,Syrrhaptes paradoxus,3.76524544876133e-09
404,Syrrhaptes paradoxus,1.36100353209656e-09
405,Syrrhaptes paradoxus,1.79711334702404e-09
406,Syrrhaptes paradoxus,1.34759081671376e-09
407,Syrrhaptes paradoxus,1.46006184920111e-09
408,Syrrhaptes paradoxus,8.27706791994842e-09
409,Syrrhaptes paradoxus,1.04681710411114e-07
410,Syrrhaptes paradoxus,8.77548188782384e-07
411,Syrrhaptes paradoxus,1.60362321821594e-06
412,Syrrhaptes paradoxus,1.2442145816749e-05
413,Syrrhaptes paradoxus,1.31272854559938e-05
414,Syrrhaptes paradoxus,6.46672633592971e-05
415,Syrrhaptes paradoxus,0.000329108530422673
416,Syrrhaptes paradoxus,0.00684660207480192
417,Syrrhaptes paradoxus,0.014852992258966
418,Syrrhaptes paradoxus,0.0155819039791822
419,Syrrhaptes paradoxus,0.00888034515082836
420,Syrrhaptes paradoxus,0.023316377773881
421,Syrrhaptes paradoxus,0.00220126355998218
422,Syrrhaptes paradoxus,0.00969183351844549
423,Syrrhaptes paradoxus,0.000139671639772132
424,Syrrhaptes paradoxus,2.24515697482275e-05
425,Syrrhaptes paradoxus,0.000364325707778335
426,Syrrhaptes paradoxus,4.0302660636371e-05
427,Syrrhaptes paradoxus,6.29019559710287e-05
428,Syrrhaptes paradoxus,5.25091891176999e-05
429,Syrrhaptes paradoxus,3.76405077986419e-05
430,Syrrhaptes paradoxus,2.8913636924699e-05
431,Syrrhaptes paradoxus,0.000120838791190181
432,Syrrhaptes paradoxus,0.000513829523697496
433,Syrrhaptes paradoxus,3.79175276066235e-07
434,Syrrhaptes paradoxus,1.033080888088e-13
435,Syrrhaptes paradoxus,2.14504976281393e-11
436,Syrrhaptes paradoxus,4.46201929571455e-11
437,Syrrhaptes paradoxus,2.39860908912704e-11
438,Syrrhaptes paradoxus,3.96942617664209e-11
439,Syrrhaptes paradoxus,8.67166199958191e-11
440,Syrrhaptes paradoxus,2.11459433296923e-10
441,Syrrhaptes paradoxus,1.12656869943883e-10
442,Syrrhaptes paradoxus,4.23676815852758e-10
443,Syrrhaptes paradoxus,2.78471384840273e-10
444,Syrrhaptes paradoxus,7.96634203048541e-10
445,Syrrhaptes paradoxus,4.45407311033819e-09
446,Syrrhaptes paradoxus,2.4816086963142e-08
447,Syrrhaptes paradoxus,8.975268173117e-08
448,Syrrhaptes paradoxus,2.74403589628491e-07
449,Syrrhaptes paradoxus,5.88407056056894e-06
450,Syrrhaptes paradoxus,1.23532099678414e-05
451,Syrrhaptes paradoxus,2.48114556598011e-05
452,Syrrhaptes paradoxus,0.000109123058791738
453,Syrrhaptes paradoxus,0.000744152639526874
454,Syrrhaptes paradoxus,0.000490524398628622
455,Syrrhaptes paradoxus,5.55701772100292e-05
456,Syrrhaptes paradoxus,0.00026198202976957
457,Syrrhaptes paradoxus,0.00121319235768169
458,Syrrhaptes paradoxus,0.0010280137648806
459,Syrrhaptes paradoxus,0.00132067839149386
460,Syrrhaptes paradoxus,0.00134309090208262
461,Syrrhaptes paradoxus,0.00224424130283296
462,Syrrhaptes paradoxus,0.00121638958808035
463,Syrrhaptes paradoxus,0.00250037084333599
464,Syrrhaptes paradoxus,8.35348089367471e-07
465,Syrrhaptes paradoxus,2.66839811047248e-06
466,Syrrhaptes paradoxus,6.63467699268949e-06
467,Syrrhaptes paradoxus,1.87786299647996e-05
468,Syrrhaptes paradoxus,8.06730458862148e-05
469,Syrrhaptes paradoxus,2.22044604925031e-16
470,Syrrhaptes paradoxus,1.33955433551103e-12
471,Syrrhaptes paradoxus,8.01386908222401e-12
472,Syrrhaptes paradoxus,4.80014595780065e-12
473,Syrrhaptes paradoxus,1.00830628568804e-11
474,Syrrhaptes paradoxus,1.93492531025408e-11
475,Syrrhaptes paradoxus,1.15712934026235e-11
476,Syrrhaptes paradoxus,2.2848511277429e-11
477,Syrrhaptes paradoxus,5.86159870641367e-11
478,Syrrhaptes paradoxus,7.30598775922076e-11
479,Syrrhaptes paradoxus,8.8790801100469e-11
480,Syrrhaptes paradoxus,4.62451993366031e-10
481,Syrrhaptes paradoxus,3.96866983720656e-09
482,Syrrhaptes paradoxus,5.68475613249575e-08
483,Syrrhaptes paradoxus,1.57770401187918e-07
484,Syrrhaptes paradoxus,4.2321712356852e-08
485,Syrrhaptes paradoxus,5.65735035706894e-07
486,Syrrhaptes paradoxus,3.58284296453348e-06
487,Syrrhaptes paradoxus,3.24042616739462e-06
488,Syrrhaptes paradoxus,4.89421836391557e-05
489,Syrrhaptes paradoxus,0.0017583342269063
490,Syrrhaptes paradoxus,0.000684331345837563
491,Syrrhaptes paradoxus,1.27496150525985e-06
492,Syrrhaptes paradoxus,2.35449260799214e-06
493,Syrrhaptes paradoxus,2.16207590710837e-05
494,Syrrhaptes paradoxus,0.000125681079225615
495,Syrrhaptes paradoxus,7.5950323662255e-05
496,Syrrhaptes paradoxus,3.3564203476999e-05
497,Syrrhaptes paradoxus,0.000110388027678709
498,Syrrhaptes paradoxus,0.000781069393269718
499,Syrrhaptes paradoxus,0.00125340220984072
500,Syrrhaptes paradoxus,5.81633052831876e-08
501,Syrrhaptes paradoxus,2.669584198145e-08
502,Syrrhaptes paradoxus,1.31689802174151e-07
503,Syrrhaptes paradoxus,6.30503700449481e-06
504,Syrrhaptes paradoxus,5.51562116015703e-05
505,Syrrhaptes paradoxus,0.000169925129739568
506,Syrrhaptes paradoxus,4.52006623319692e-13
507,Syrrhaptes paradoxus,5.87048422026615e-13
508,Syrrhaptes paradoxus,8.97718043565282e-13
509,Syrrhaptes paradoxus,1.01104563089705e-12
510,Syrrhaptes paradoxus,1.92816422550646e-12
511,Syrrhaptes paradoxus,7.82812454181575e-13
512,Syrrhaptes paradoxus,3.20305869501436e-12
513,Syrrhaptes paradoxus,6.45209233263167e-12
514,Syrrhaptes paradoxus,4.57919292762288e-12
515,Syrrhaptes paradoxus,2.98829294642644e-11
516,Syrrhaptes paradoxus,6.96215030071556e-11
517,Syrrhaptes paradoxus,1.7685806985579e-10
518,Syrrhaptes paradoxus,6.69286903676181e-10
519,Syrrhaptes paradoxus,8.74714558563028e-08
520,Syrrhaptes paradoxus,1.59099755592251e-08
521,Syrrhaptes paradoxus,3.69235344521712e-08
522,Syrrhaptes paradoxus,3.78758038266369e-08
523,Syrrhaptes paradoxus,5.65308994282532e-07
524,Syrrhaptes paradoxus,3.12733021701206e-07
525,Syrrhaptes paradoxus,1.60810930083244e-06
526,Syrrhaptes paradoxus,2.70294403890148e-05
527,Syrrhaptes paradoxus,0.000171346357092261
528,Syrrhaptes paradoxus,1.25994961308606e-06
529,Syrrhaptes paradoxus,2.15560191918485e-07
530,Syrrhaptes paradoxus,1.6471685171382e-07
531,Syrrhaptes paradoxus,8.34188256249036e-08
532,Syrrhaptes paradoxus,3.10963241645368e-06
533,Syrrhaptes paradoxus,2.07786661121645e-06
534,Syrrhaptes paradoxus,2.17295178117638e-06
535,Syrrhaptes paradoxus,1.49221032188507e-05
536,Syrrhaptes paradoxus,1.37557935886434e-06
537,Syrrhaptes paradoxus,4.39113682659809e-06
538,Syrrhaptes paradoxus,2.10207673490004e-08
539,Syrrhaptes paradoxus,2.40589798083946e-10
540,Syrrhaptes paradoxus,2.17933074364574e-10
541,Syrrhaptes paradoxus,2.12870450155833e-08
542,Syrrhaptes paradoxus,8.04412678689914e-08
543,Syrrhaptes paradoxus,2.41946563619422e-05
544,Syrrhaptes paradoxus,8.00127672846429e-05
545,Syrrhaptes paradoxus,4.14514013391543e-11
546,Syrrhaptes paradoxus,1.47367500147322e-11
547,Syrrhaptes paradoxus,3.75269912922249e-08
548,Syrrhaptes paradoxus,1.50943715859775e-10
549,Syrrhaptes paradoxus,8.98155594342143e-09
550,Syrrhaptes paradoxus,5.28640820007809e-09
551,Syrrhaptes paradoxus,1.63461388869024e-09
552,Syrrhaptes paradoxus,2.83070095141724e-10
553,Syrrhaptes paradoxus,1.89205196649e-11
554,Syrrhaptes paradoxus,6.24990961761718e-11
555,Syrrhaptes paradoxus,3.57705011444498e-11
556,Syrrhaptes paradoxus,4.68851402146697e-10
557,Syrrhaptes paradoxus,9.06580677195734e-09
558,Syrrhaptes paradoxus,2.5521531554773e-08
559,Syrrhaptes paradoxus,6.08601098406325e-08
560,Syrrhaptes paradoxus,3.3649711905781e-09
561,Syrrhaptes paradoxus,3.16623740559407e-08
562,Syrrhaptes paradoxus,6.92099391130796e-08
563,Syrrhaptes paradoxus,4.54126656279641e-08
564,Syrrhaptes paradoxus,8.00330042238784e-07
565,Syrrhaptes paradoxus,4.14461197806304e-07
566,Syrrhaptes paradoxus,1.03174006653717e-05
567,Syrrhaptes paradoxus,9.21895662031602e-08
568,Syrrhaptes paradoxus,3.96275652292388e-08
569,Syrrhaptes paradoxus,9.21862621794389e-08
570,Syrrhaptes paradoxus,2.78969594091905e-08
571,Syrrhaptes paradoxus,3.49994344617244e-08
572,Syrrhaptes paradoxus,7.13076175884453e-08
573,Syrrhaptes paradoxus,2.94123736921392e-07
574,Syrrhaptes paradoxus,8.56993779052573e-07
575,Syrrhaptes paradoxus,7.68275185691891e-06
576,Syrrhaptes paradoxus,1.41547104703932e-07
577,Syrrhaptes paradoxus,2.56239851559315e-09
578,Syrrhaptes paradoxus,2.61397691686538e-11
579,Syrrhaptes paradoxus,7.9725726020996e-11
580,Syrrhaptes paradoxus,7.54935905455945e-11
581,Syrrhaptes paradoxus,2.11199679966967e-09
582,Syrrhaptes paradoxus,1.93817477622815e-08
583,Syrrhaptes paradoxus,8.9214609033661e-08
584,Syrrhaptes paradoxus,8.15496704453106e-13
585,Syrrhaptes paradoxus,8.00689306523772e-11
586,Syrrhaptes paradoxus,3.6052061336278e-10
587,Syrrhaptes paradoxus,1.7722144585175e-10
588,Syrrhaptes paradoxus,3.09252172481234e-11
589,Syrrhaptes paradoxus,1.22073642860876e-10
590,Syrrhaptes paradoxus,2.35924502156593e-10
591,Syrrhaptes paradoxus,9.45563405352345e-10
592,Syrrhaptes paradoxus,6.87564949419794e-10
593,Syrrhaptes paradoxus,1.12574984056923e-10
594,Syrrhaptes paradoxus,5.31715338425443e-10
595,Syrrhaptes paradoxus,4.07646645328441e-08
596,Syrrhaptes paradoxus,4.8058850232735e-09
597,Syrrhaptes paradoxus,2.00657801485704e-08
598,Syrrhaptes paradoxus,5.64702418159868e-08
599,Syrrhaptes paradoxus,6.85519481180563e-08
600,Syrrhaptes paradoxus,8.58559161542871e-08
601,Syrrhaptes paradoxus,3.27585922832441e-08
602,Syrrhaptes paradoxus,3.15928403438193e-08
603,Syrrhaptes paradoxus,1.1961685864037e-08
604,Syrrhaptes paradoxus,6.20105700122053e-09
605,Syrrhaptes paradoxus,3.29816973732022e-09
606,Syrrhaptes paradoxus,7.72223063272293e-10
607,Syrrhaptes paradoxus,9.29052035303357e-09
608,Syrrhaptes paradoxus,2.8719288280854e-08
609,Syrrhaptes paradoxus,2.35003820847624e-08
610,Syrrhaptes paradoxus,3.13395283058071e-08
611,Syrrhaptes paradoxus,2.07030108612116e-08
612,Syrrhaptes paradoxus,2.92950090852173e-07
613,Syrrhaptes paradoxus,2.86255271930713e-06
614,Syrrhaptes paradoxus,4.44305840119341e-07
615,Syrrhaptes paradoxus,1.80263703269956e-11
616,Syrrhaptes paradoxus,2.16993922830255e-11
617,Syrrhaptes paradoxus,2.22044604925031e-16
618,Syrrhaptes paradoxus,9.11714494122862e-07
619,Syrrhaptes paradoxus,3.71832321877097e-11
620,Syrrhaptes paradoxus,2.22044604925031e-16
621,Syrrhaptes paradoxus,1.79303989190915e-12
622,Syrrhaptes paradoxus,1.66785283500781e-11
623,Syrrhaptes paradoxus,1.06340325434218e-10
624,Syrrhaptes paradoxus,2.01678552330664e-11
625,Syrrhaptes paradoxus,1.82129181527935e-12
626,Syrrhaptes paradoxus,4.90085532919848e-12
627,Syrrhaptes paradoxus,5.12975903074753e-12
628,Syrrhaptes paradoxus,2.84348822265912e-10
629,Syrrhaptes paradoxus,4.09268730017232e-10
630,Syrrhaptes paradoxus,2.72314115701278e-10
631,Syrrhaptes paradoxus,1.56019919206329e-10
632,Syrrhaptes paradoxus,8.47438896833808e-10
633,Syrrhaptes paradoxus,1.08001685372727e-09
634,Syrrhaptes paradoxus,1.74074743508612e-09
635,Syrrhaptes paradoxus,4.52136506012835e-09
636,Syrrhaptes paradoxus,9.56171231081271e-09
637,Syrrhaptes paradoxus,2.29642815874342e-09
638,Syrrhaptes paradoxus,1.11463513974286e-08
639,Syrrhaptes paradoxus,4.59817156572839e-10
640,Syrrhaptes paradoxus,2.21411819434358e-10
641,Syrrhaptes paradoxus,1.70807035182463e-10
642,Syrrhaptes paradoxus,8.89670648263063e-09
643,Syrrhaptes paradoxus,2.48550158232774e-09
644,Syrrhaptes paradoxus,4.39965924803332e-10
645,Syrrhaptes paradoxus,8.41773484250297e-10
646,Syrrhaptes paradoxus,1.43459000234714e-09
647,Syrrhaptes paradoxus,7.80786157950075e-10
648,Syrrhaptes paradoxus,2.17560214288426e-09
649,Syrrhaptes paradoxus,1.14155369601576e-07
650,Syrrhaptes paradoxus,1.74978325162556e-07
651,Syrrhaptes paradoxus,5.70921372400335e-07
652,Syrrhaptes paradoxus,3.16192902971579e-08
653,Syrrhaptes paradoxus,1.03534611439748e-10
654,Syrrhaptes paradoxus,7.20883885918511e-09
655,Syrrhaptes paradoxus,6.35620722277963e-07
656,Syrrhaptes paradoxus,4.66758933725942e-07
657,Syrrhaptes paradoxus,1.316000151734e-12
658,Syrrhaptes paradoxus,6.85201624172488e-13
659,Syrrhaptes paradoxus,1.23188898318305e-11
660,Syrrhaptes paradoxus,3.37693727148203e-11
661,Syrrhaptes paradoxus,4.3566386609406e-11
662,Syrrhaptes paradoxus,4.68709446255211e-12
663,Syrrhaptes paradoxus,1.4454006568021e-12
664,Syrrhaptes paradoxus,1.32197829072478e-11
665,Syrrhaptes paradoxus,8.95143421192346e-12
666,Syrrhaptes paradoxus,1.16551795992237e-10
667,Syrrhaptes paradoxus,1.4114642787888e-10
668,Syrrhaptes paradoxus,7.86131229557618e-11
669,Syrrhaptes paradoxus,7.72836048629211e-12
670,Syrrhaptes paradoxus,2.33992869524968e-09
671,Syrrhaptes paradoxus,3.74215369802755e-09
672,Syrrhaptes paradoxus,4.56185986763558e-08
673,Syrrhaptes paradoxus,3.19966524386928e-08
674,Syrrhaptes paradoxus,1.32289031284927e-07
675,Syrrhaptes paradoxus,1.22610206432228e-08
676,Syrrhaptes paradoxus,7.68480301616137e-09
677,Syrrhaptes paradoxus,1.05513271730917e-10
678,Syrrhaptes paradoxus,7.83816553329153e-11
679,Syrrhaptes paradoxus,8.09771485976718e-11
680,Syrrhaptes paradoxus,3.55438356698656e-12
681,Syrrhaptes paradoxus,1.63438262923421e-10
682,Syrrhaptes paradoxus,1.79481451922925e-09
683,Syrrhaptes paradoxus,1.88506293907764e-11
684,Syrrhaptes paradoxus,2.38666003626875e-10
685,Syrrhaptes paradoxus,9.59936574673748e-09
686,Syrrhaptes paradoxus,3.78527820199537e-10
687,Syrrhaptes paradoxus,5.62291724293118e-08
688,Syrrhaptes paradoxus,9.42516464874643e-08
689,Syrrhaptes paradoxus,1.19438908541269e-07
690,Syrrhaptes paradoxus,2.98021429756545e-08
691,Syrrhaptes paradoxus,4.51612747198738e-09
692,Syrrhaptes paradoxus,7.69581998127933e-09
693,Syrrhaptes paradoxus,1.56195572031947e-08
694,Syrrhaptes paradoxus,2.3435470453137e-08
695,Syrrhaptes paradoxus,8.57334362081019e-06
696,Syrrhaptes paradoxus,3.28251016862638e-13
697,Syrrhaptes paradoxus,3.46207791324105e-08
698,Syrrhaptes paradoxus,1.21169513225133e-12
699,Syrrhaptes paradoxus,7.10764888785243e-13
700,Syrrhaptes paradoxus,2.69558975835027e-11
701,Syrrhaptes paradoxus,5.09847095098159e-11
702,Syrrhaptes paradoxus,1.06887602935313e-10
703,Syrrhaptes paradoxus,1.06467355764917e-10
704,Syrrhaptes paradoxus,2.30241398863074e-11
705,Syrrhaptes paradoxus,3.88641098469922e-11
706,Syrrhaptes paradoxus,6.5718437636253e-11
707,Syrrhaptes paradoxus,9.49130635197193e-11
708,Syrrhaptes paradoxus,4.91010343495191e-09
709,Syrrhaptes paradoxus,6.55552412354155e-09
710,Syrrhaptes paradoxus,1.58188007137738e-09
711,Syrrhaptes paradoxus,1.85943460628835e-09
712,Syrrhaptes paradoxus,8.86917150833e-10
713,Syrrhaptes paradoxus,4.81280837405507e-09
714,Syrrhaptes paradoxus,3.79420086460414e-08
715,Syrrhaptes paradoxus,1.1134893007636e-08
716,Syrrhaptes paradoxus,8.66946070487984e-10
717,Syrrhaptes paradoxus,3.17318601950056e-11
718,Syrrhaptes paradoxus,4.24042701993588e-12
719,Syrrhaptes paradoxus,2.97208113154979e-12
720,Syrrhaptes paradoxus,5.53341678033448e-11
721,Syrrhaptes paradoxus,1.50685186550703e-10
722,Syrrhaptes paradoxus,1.20873380748954e-10
723,Syrrhaptes paradoxus,3.2616453982115e-10
724,Syrrhaptes paradoxus,1.44137549118462e-10
725,Syrrhaptes paradoxus,1.85617565762186e-09
726,Syrrhaptes paradoxus,9.47412370777556e-09
727,Syrrhaptes paradoxus,3.84715335144392e-08
728,Syrrhaptes paradoxus,1.63279771925318e-08
729,Syrrhaptes paradoxus,2.32163976932043e-08
730,Syrrhaptes paradoxus,9.88278969771272e-09
731,Syrrhaptes paradoxus,4.09495148900874e-09
732,Syrrhaptes paradoxus,3.48429125551775e-08
733,Syrrhaptes paradoxus,3.29769977724936e-06
734,Syrrhaptes paradoxus,7.84200310590677e-05
735,Syrrhaptes paradoxus,1.28792740361483e-11
736,Syrrhaptes paradoxus,8.34575359931478e-08
737,Syrrhaptes paradoxus,1.15866238825646e-09
738,Syrrhaptes paradoxus,5.17269005406718e-10
739,Syrrhaptes paradoxus,5.84064636655057e-08
740,Syrrhaptes paradoxus,6.36268104869942e-09
741,Syrrhaptes paradoxus,4.91058749219064e-10
742,Syrrhaptes paradoxus,4.09984685090237e-10
743,Syrrhaptes paradoxus,5.47773215675562e-10
744,Syrrhaptes paradoxus,1.59094160068207e-09
745,Syrrhaptes paradoxus,6.45259901066453e-10
746,Syrrhaptes paradoxus,1.67886413104945e-10
747,Syrrhaptes paradoxus,1.16267360183997e-08
748,Syrrhaptes paradoxus,7.2592210020872e-11
749,Syrrhaptes paradoxus,1.59363147678171e-11
750,Syrrhaptes paradoxus,3.014118121758e-11
751,Syrrhaptes paradoxus,9.5745297541e-14
752,Syrrhaptes paradoxus,1.39496358908531e-10
753,Syrrhaptes paradoxus,4.53644144471355e-09
754,Syrrhaptes paradoxus,2.70170821478621e-12
755,Syrrhaptes paradoxus,6.62009422974785e-12
756,Syrrhaptes paradoxus,1.031382132477e-10
757,Syrrhaptes paradoxus,2.18071741220349e-10
758,Syrrhaptes paradoxus,1.52713830470219e-09
759,Syrrhaptes paradoxus,1.51058756614475e-08
760,Syrrhaptes paradoxus,3.12171888339208e-09
761,Syrrhaptes paradoxus,2.68785327328658e-09
762,Syrrhaptes paradoxus,3.65941965618788e-09
763,Syrrhaptes paradoxus,2.2976083258186e-08
764,Syrrhaptes paradoxus,2.87320403913327e-07
765,Syrrhaptes paradoxus,1.38679924930329e-05
766,Syrrhaptes paradoxus,5.6690212659305e-05
767,Syrrhaptes paradoxus,1.57329704961739e-05
768,Syrrhaptes paradoxus,6.1263567658898e-06
769,Syrrhaptes paradoxus,4.10331722378032e-06
770,Syrrhaptes paradoxus,9.62728449849237e-07
771,Syrrhaptes paradoxus,3.9110727101388e-08
772,Syrrhaptes paradoxus,8.86549074152754e-08
773,Syrrhaptes paradoxus,9.58879581958172e-07
774,Syrrhaptes paradoxus,1.64748908959567e-10
775,Syrrhaptes paradoxus,2.22044604925031e-16
776,Syrrhaptes paradoxus,5.9626607651353e-08
777,Syrrhaptes paradoxus,3.685691751798e-10
778,Syrrhaptes paradoxus,5.21350465021442e-08
779,Syrrhaptes paradoxus,8.9221941834694e-08
780,Syrrhaptes paradoxus,8.82290226121574e-13
781,Syrrhaptes paradoxus,1.12021598052368e-13
782,Syrrhaptes paradoxus,1.65495113273184e-13
783,Syrrhaptes paradoxus,1.89626547970889e-12
784,Syrrhaptes paradoxus,1.69914794040382e-11
785,Syrrhaptes paradoxus,1.31497301936179e-09
786,Syrrhaptes paradoxus,8.62917626243132e-10
787,Syrrhaptes paradoxus,1.34665306683601e-10
788,Syrrhaptes paradoxus,8.93002560786727e-10
789,Syrrhaptes paradoxus,1.52582946277846e-09
790,Syrrhaptes paradoxus,5.69544766904073e-08
791,Syrrhaptes paradoxus,7.04136652984744e-07
792,Syrrhaptes paradoxus,2.9034449653409e-06
793,Syrrhaptes paradoxus,1.22999381346744e-05
794,Syrrhaptes paradoxus,3.74963532445705e-10
795,Syrrhaptes paradoxus,1.01141386932291e-11
796,Syrrhaptes paradoxus,5.29478239030823e-09
797,Syrrhaptes paradoxus,8.281872965199e-09
798,Syrrhaptes paradoxus,4.24492355932671e-07
799,Syrrhaptes paradoxus,4.02111909352243e-05
800,Syrrhaptes paradoxus,2.22044604925031e-16
801,Syrrhaptes paradoxus,2.22044604925031e-16
802,Syrrhaptes paradoxus,2.22044604925031e-16
803,Syrrhaptes paradoxus,1.41402139997027e-10
804,Syrrhaptes paradoxus,4.34772218227408e-10
805,Syrrhaptes paradoxus,8.17531719404796e-12
806,Syrrhaptes paradoxus,2.22044604925031e-16
807,Syrrhaptes paradoxus,1.30028068390589e-13
808,Syrrhaptes paradoxus,1.13447933772909e-13
809,Syrrhaptes paradoxus,1.26012872012082e-12
810,Syrrhaptes paradoxus,4.86820436393365e-12
811,Syrrhaptes paradoxus,4.44758153916869e-11
812,Syrrhaptes paradoxus,1.14759923786067e-10
813,Syrrhaptes paradoxus,1.51970779710409e-11
814,Syrrhaptes paradoxus,8.58815518700595e-11
815,Syrrhaptes paradoxus,8.08637115601307e-11
816,Syrrhaptes paradoxus,4.25377039148245e-10
817,Syrrhaptes paradoxus,9.08404729216272e-09
818,Syrrhaptes paradoxus,9.67612905355963e-08
819,Syrrhaptes paradoxus,7.80389939336601e-07
820,Syrrhaptes paradoxus,4.01991337639629e-06
821,Syrrhaptes paradoxus,2.22044604925031e-16
822,Syrrhaptes paradoxus,9.46247880051487e-08
823,Syrrhaptes paradoxus,3.65807977686927e-07
824,Syrrhaptes paradoxus,2.22044604925031e-16
825,Syrrhaptes paradoxus,2.22044604925031e-16
826,Syrrhaptes paradoxus,2.22044604925031e-16
827,Syrrhaptes paradoxus,2.22044604925031e-16
828,Syrrhaptes paradoxus,1.74543181557379e-12
829,Syrrhaptes paradoxus,3.49312874632635e-12
830,Syrrhaptes paradoxus,1.39390745040185e-12
831,Syrrhaptes paradoxus,8.20907716803099e-11
832,Syrrhaptes paradoxus,2.60926245887472e-11
833,Syrrhaptes paradoxus,5.95226784527725e-11
834,Syrrhaptes paradoxus,6.59064773242402e-12
835,Syrrhaptes paradoxus,8.96051982612889e-12
836,Syrrhaptes paradoxus,2.3608126564767e-10
837,Syrrhaptes paradoxus,1.27111388081858e-08
838,Syrrhaptes paradoxus,1.18411506377925e-07
839,Syrrhaptes paradoxus,6.88819056904322e-07
840,Syrrhaptes paradoxus,7.87735370977316e-06
841,Syrrhaptes paradoxus,4.77279975541478e-08
842,Syrrhaptes paradoxus,2.22044604925031e-16
843,Syrrhaptes paradoxus,2.22044604925031e-16
844,Syrrhaptes paradoxus,2.22044604925031e-16
845,Syrrhaptes paradoxus,2.22044604925031e-16
846,Syrrhaptes paradoxus,2.22044604925031e-16
847,Syrrhaptes paradoxus,2.22044604925031e-16
848,Syrrhaptes paradoxus,2.22044604925031e-16
849,Syrrhaptes paradoxus,5.07489829239954e-13
850,Syrrhaptes paradoxus,1.37968716312775e-12
851,Syrrhaptes paradoxus,9.83948599680984e-13
852,Syrrhaptes paradoxus,6.99519305327745e-12
853,Syrrhaptes paradoxus,1.14847992227496e-10
854,Syrrhaptes paradoxus,1.20795821262343e-11
855,Syrrhaptes paradoxus,1.69537658651492e-12
856,Syrrhaptes paradoxus,1.05955738974317e-12
857,Syrrhaptes paradoxus,3.27801952249018e-11
858,Syrrhaptes paradoxus,2.99143210202857e-10
859,Syrrhaptes paradoxus,2.35297932249523e-08
860,Syrrhaptes paradoxus,2.58536427821809e-08
861,Syrrhaptes paradoxus,1.8923544757854e-06
862,Syrrhaptes paradoxus,1.35497099651438e-10
863,Syrrhaptes paradoxus,2.22044604925031e-16
864,Syrrhaptes paradoxus,2.22044604925031e-16
865,Syrrhaptes paradoxus,2.22044604925031e-16
866,Syrrhaptes paradoxus,2.22044604925031e-16
867,Syrrhaptes paradoxus,2.22044604925031e-16
868,Syrrhaptes paradoxus,7.00090055372193e-11
869,Syrrhaptes paradoxus,1.46502421305428e-10
870,Syrrhaptes paradoxus,4.26987264989798e-12
871,Syrrhaptes paradoxus,5.80653147091992e-13
872,Syrrhaptes paradoxus,1.00878871228671e-11
873,Syrrhaptes paradoxus,6.74371019096509e-12
874,Syrrhaptes paradoxus,1.04765217334712e-10
875,Syrrhaptes paradoxus,8.14935285919916e-10
876,Syrrhaptes paradoxus,2.90499766464336e-08
877,Syrrhaptes paradoxus,1.19922447083809e-07
878,Syrrhaptes paradoxus,2.22044604925031e-16
879,Syrrhaptes paradoxus,2.22044604925031e-16
880,Syrrhaptes paradoxus,1.37097680430465e-10
881,Syrrhaptes paradoxus,2.05293505177277e-13
882,Syrrhaptes paradoxus,2.22044604925031e-16
883,Syrrhaptes paradoxus,2.22044604925031e-16
884,Syrrhaptes paradoxus,1.36629874081251e-11
885,Syrrhaptes paradoxus,1.34714453134399e-11
886,Syrrhaptes paradoxus,4.97352246192628e-12
887,Syrrhaptes paradoxus,1.29713178132623e-12
888,Syrrhaptes paradoxus,4.24968897962466e-13
889,Syrrhaptes paradoxus,2.70859311542193e-12
890,Syrrhaptes paradoxus,1.57849566750912e-11
891,Syrrhaptes paradoxus,1.03210340274273e-09
892,Syrrhaptes paradoxus,3.88598708767063e-09
893,Syrrhaptes paradoxus,1.9142962770502e-08
894,Syrrhaptes paradoxus,5.90622395435503e-09
895,Syrrhaptes paradoxus,2.22044604925031e-16
896,Syrrhaptes paradoxus,1.14018234957658e-12
897,Syrrhaptes paradoxus,1.28017090201063e-13
898,Syrrhaptes paradoxus,2.22044604925031e-16
899,Syrrhaptes paradoxus,2.22044604925031e-16
900,Syrrhaptes paradoxus,2.22044604925031e-16
901,Syrrhaptes paradoxus,5.0613666903454e-12
902,Syrrhaptes paradoxus,1.26453960150319e-11
903,Syrrhaptes paradoxus,8.44087495212309e-13
904,Syrrhaptes paradoxus,5.48931288878868e-13
905,Syrrhaptes paradoxus,1.93194830792887e-12
906,Syrrhaptes paradoxus,1.57806406830829e-10
907,Syrrhaptes paradoxus,9.05784336424631e-10
908,Syrrhaptes paradoxus,1.17114107300864e-09
909,Syrrhaptes paradoxus,1.53472068387117e-09
910,Syrrhaptes paradoxus,7.6005903792975e-09
911,Syrrhaptes paradoxus,2.22044604925031e-16
912,Syrrhaptes paradoxus,2.22044604925031e-16
913,Syrrhaptes paradoxus,9.50465075567897e-13
914,Syrrhaptes paradoxus,2.22333661897833e-11
915,Syrrhaptes paradoxus,6.09543839014126e-12
916,Syrrhaptes paradoxus,1.19769493801825e-12
917,Syrrhaptes paradoxus,1.5196163771769e-11
918,Syrrhaptes paradoxus,4.37763353344778e-10
919,Syrrhaptes paradoxus,7.91034904246146e-10
920,Syrrhaptes paradoxus,1.64954450099231e-09
921,Syrrhaptes paradoxus,2.22044604925031e-16
922,Syrrhaptes paradoxus,5.56931237238878e-12
923,Syrrhaptes paradoxus,2.27684312376075e-11
924,Syrrhaptes paradoxus,6.53874827546974e-12
925,Syrrhaptes paradoxus,1.6075576633745e-11
926,Syrrhaptes paradoxus,2.4265126019607e-10
927,Syrrhaptes paradoxus,3.37473417266754e-11
928,Syrrhaptes paradoxus,1.50524395465396e-12
929,Syrrhaptes paradoxus,7.48037222442211e-12
930,Syrrhaptes paradoxus,2.60485261832644e-11
931,Syrrhaptes paradoxus,2.66861376746475e-11
932,Syrrhaptes paradoxus,1.97443832117283e-11
933,Syrrhaptes paradoxus,1.08383388256004e-13
934,Syrrhaptes paradoxus,1.95091599125563e-12
935,Syrrhaptes paradoxus,1.21194694904792e-11
936,Syrrhaptes paradoxus,4.16592559060458e-11
937,Syrrhaptes paradoxus,3.06195975692536e-12
938,Syrrhaptes paradoxus,3.30158372429529e-13
939,Syrrhaptes paradoxus,1.63698828797854e-12
940,Syrrhaptes paradoxus,5.68236386763732e-12
941,Syrrhaptes paradoxus,1.42197104785469e-11
1,Accipiter trivirgatus,0.000109336702735163
2,Accipiter trivirgatus,0.00134210323449224
3,Accipiter trivirgatus,0.00136454612948
4,Accipiter trivirgatus,0.00134588615037501
5,Accipiter trivirgatus,0.00476747751235962
6,Accipiter trivirgatus,3.60798208021151e-06
7,Accipiter trivirgatus,3.68798032468476e-06
8,Accipiter trivirgatus,1.82623043656349e-05
9,Accipiter trivirgatus,0.00471174158155918
10,Accipiter trivirgatus,0.0047902618534863
11,Accipiter trivirgatus,0.00474042491987348
12,Accipiter trivirgatus,1.62788419402204e-05
13,Accipiter trivirgatus,5.23977951161214e-06
14,Accipiter trivirgatus,2.56391831499059e-05
15,Accipiter trivirgatus,3.26997287629638e-05
16,Accipiter trivirgatus,0.0109670981764793
17,Accipiter trivirgatus,0.00518459966406226
18,Accipiter trivirgatus,0.00741881551221013
19,Accipiter trivirgatus,0.00511396816000342
20,Accipiter trivirgatus,0.0047902618534863
21,Accipiter trivirgatus,0.0047902618534863
22,Accipiter trivirgatus,0.0278281979262829
23,Accipiter trivirgatus,6.99706070008688e-05
24,Accipiter trivirgatus,7.32437110855244e-05
25,Accipiter trivirgatus,0.000126303464639932
26,Accipiter trivirgatus,0.000220866044401191
27,Accipiter trivirgatus,0.000472224492114037
28,Accipiter trivirgatus,0.00470636924728751
29,Accipiter trivirgatus,0.000372789625544101
30,Accipiter trivirgatus,0.000106417879578657
31,Accipiter trivirgatus,8.58796120155603e-05
32,Accipiter trivirgatus,0.00643903017044067
33,Accipiter trivirgatus,0.00870221387594938
34,Accipiter trivirgatus,0.0492302924394608
35,Accipiter trivirgatus,0.00643903017044067
36,Accipiter trivirgatus,0.0393221154808998
37,Accipiter trivirgatus,0.00913485791534185
38,Accipiter trivirgatus,0.00483485916629434
39,Accipiter trivirgatus,0.00472497753798962
40,Accipiter trivirgatus,0.00472497753798962
41,Accipiter trivirgatus,0.000220071320654824
42,Accipiter trivirgatus,0.00118353636935353
43,Accipiter trivirgatus,0.000102518315543421
44,Accipiter trivirgatus,0.000103204169136006
45,Accipiter trivirgatus,0.000128691433928907
46,Accipiter trivirgatus,0.000196551671251655
47,Accipiter trivirgatus,7.57298112148419e-05
48,Accipiter trivirgatus,0.000130467873532325
49,Accipiter trivirgatus,0.000577392056584358
50,Accipiter trivirgatus,0.0808235704898834
51,Accipiter trivirgatus,0.00731797050684691
52,Accipiter trivirgatus,0.0058163944631815
53,Accipiter trivirgatus,0.0211087893694639
54,Accipiter trivirgatus,0.0162736438214779
55,Accipiter trivirgatus,0.000864011817611754
56,Accipiter trivirgatus,0.00643903017044067
57,Accipiter trivirgatus,0.00652302708476782
58,Accipiter trivirgatus,0.00139366975054145
59,Accipiter trivirgatus,0.0020640161819756
60,Accipiter trivirgatus,0.00618068547919393
61,Accipiter trivirgatus,0.000256568746408448
62,Accipiter trivirgatus,0.000128562649479136
63,Accipiter trivirgatus,0.000234681094298139
64,Accipiter trivirgatus,0.000112047637230717
65,Accipiter trivirgatus,0.00136009242851287
66,Accipiter trivirgatus,0.000201059665414505
67,Accipiter trivirgatus,0.000416252936702222
68,Accipiter trivirgatus,0.00601114286109805
69,Accipiter trivirgatus,0.000847516814246774
70,Accipiter trivirgatus,0.000379692093702033
71,Accipiter trivirgatus,0.00228873104788363
72,Accipiter trivirgatus,0.00282825506292284
73,Accipiter trivirgatus,0.00279170204885304
74,Accipiter trivirgatus,0.0012028799392283
75,Accipiter trivirgatus,0.00120194291230291
76,Accipiter trivirgatus,0.000460202136309817
77,Accipiter trivirgatus,0.000367267173714936
78,Accipiter trivirgatus,0.00261826696805656
79,Accipiter trivirgatus,0.00266909971833229
80,Accipiter trivirgatus,0.00326307979412377
81,Accipiter trivirgatus,0.000634320895187557
82,Accipiter trivirgatus,0.00642781145870686
83,Accipiter trivirgatus,1.65033943630988e-05
84,Accipiter trivirgatus,3.94865637645125e-05
85,Accipiter trivirgatus,0.0146983833983541
86,Accipiter trivirgatus,0.00356837594881654
87,Accipiter trivirgatus,0.00021470662613865
88,Accipiter trivirgatus,0.00163521571084857
89,Accipiter trivirgatus,0.00102057901676744
90,Accipiter trivirgatus,0.000618551508523524
91,Accipiter trivirgatus,6.37037082924508e-05
92,Accipiter trivirgatus,0.000573410768993199
93,Accipiter trivirgatus,0.00338853965513408
94,Accipiter trivirgatus,0.00387663254514337
95,Accipiter trivirgatus,0.00123019306920469
96,Accipiter trivirgatus,0.0017489967867732
97,Accipiter trivirgatus,0.0017489967867732
98,Accipiter trivirgatus,0.0012028799392283
99,Accipiter trivirgatus,0.0012714269105345
100,Accipiter trivirgatus,0.00605435715988278
101,Accipiter trivirgatus,0.00406742142513394
102,Accipiter trivirgatus,2.22059352381621e-05
103,Accipiter trivirgatus,0.000100103927252349
104,Accipiter trivirgatus,0.000599631806835532
105,Accipiter trivirgatus,0.321902573108673
106,Accipiter trivirgatus,9.46247164392844e-05
107,Accipiter trivirgatus,0.0181314181536436
108,Accipiter trivirgatus,0.000608641072176397
109,Accipiter trivirgatus,0.000285599642666057
110,Accipiter trivirgatus,0.000433029112173244
111,Accipiter trivirgatus,0.000300478539429605
112,Accipiter trivirgatus,0.000118597112304997
113,Accipiter trivirgatus,0.00636734440922737
114,Accipiter trivirgatus,0.00395787274464965
115,Accipiter trivirgatus,0.00395787274464965
116,Accipiter trivirgatus,0.0017489967867732
117,Accipiter trivirgatus,0.0012028799392283
118,Accipiter trivirgatus,0.0012028799392283
119,Accipiter trivirgatus,0.000495775253511965
120,Accipiter trivirgatus,0.000349922513123602
121,Accipiter trivirgatus,0.000596332887653261
122,Accipiter trivirgatus,0.00548852235078812
123,Accipiter trivirgatus,1.44391760841245e-05
124,Accipiter trivirgatus,0.00118703243788332
125,Accipiter trivirgatus,0.000579156272578985
126,Accipiter trivirgatus,0.000166369354701601
127,Accipiter trivirgatus,3.39835642080288e-05
128,Accipiter trivirgatus,0.000442281801952049
129,Accipiter trivirgatus,0.00380090554244816
130,Accipiter trivirgatus,0.000635599892120808
131,Accipiter trivirgatus,0.000189909551409073
132,Accipiter trivirgatus,0.000338912795996293
133,Accipiter trivirgatus,9.53398557612672e-05
134,Accipiter trivirgatus,0.000195522181456909
135,Accipiter trivirgatus,3.36834418703802e-05
136,Accipiter trivirgatus,0.000194116961210966
137,Accipiter trivirgatus,0.000573410768993199
138,Accipiter trivirgatus,0.00395787274464965
139,Accipiter trivirgatus,0.00395787274464965
140,Accipiter trivirgatus,0.00185845512896776
141,Accipiter trivirgatus,0.0012028799392283
142,Accipiter trivirgatus,0.0012028799392283
143,Accipiter trivirgatus,0.000739503651857376
144,Accipiter trivirgatus,0.00517712952569127
145,Accipiter trivirgatus,0.000376826559659094
146,Accipiter trivirgatus,0.00183806684799492
147,Accipiter trivirgatus,0.000253637321293354
148,Accipiter trivirgatus,8.38515697978437e-05
149,Accipiter trivirgatus,0.0566844791173935
150,Accipiter trivirgatus,0.00129235885106027
151,Accipiter trivirgatus,3.38207132699608e-06
152,Accipiter trivirgatus,0.000105809289379977
153,Accipiter trivirgatus,8.98469224921428e-05
154,Accipiter trivirgatus,5.66647249797825e-05
155,Accipiter trivirgatus,8.38515697978437e-05
156,Accipiter trivirgatus,0.000296393089229241
157,Accipiter trivirgatus,0.000199053843971342
158,Accipiter trivirgatus,0.000773753330577165
159,Accipiter trivirgatus,0.000943961960729212
160,Accipiter trivirgatus,0.000243453861912712
161,Accipiter trivirgatus,0.000168131969985552
162,Accipiter trivirgatus,9.53398557612672e-05
163,Accipiter trivirgatus,4.76125824206974e-05
164,Accipiter trivirgatus,4.53162028861698e-05
165,Accipiter trivirgatus,0.00259120180271566
166,Accipiter trivirgatus,0.0110015859827399
167,Accipiter trivirgatus,0.000672967988066375
168,Accipiter trivirgatus,0.000664193998090923
169,Accipiter trivirgatus,0.00377184385433793
170,Accipiter trivirgatus,0.00338853965513408
171,Accipiter trivirgatus,0.000489360943902284
172,Accipiter trivirgatus,0.000207987512112595
173,Accipiter trivirgatus,0.000217281442019157
174,Accipiter trivirgatus,0.000380949495593086
175,Accipiter trivirgatus,0.0012028799392283
176,Accipiter trivirgatus,0.0017489967867732
177,Accipiter trivirgatus,0.00526829762384296
178,Accipiter trivirgatus,0.000155398811330087
179,Accipiter trivirgatus,0.00112665782216936
180,Accipiter trivirgatus,0.00159596069715917
181,Accipiter trivirgatus,6.54199466225691e-05
182,Accipiter trivirgatus,0.00176181364804506
183,Accipiter trivirgatus,5.88449402130209e-05
184,Accipiter trivirgatus,0.000253637321293354
185,Accipiter trivirgatus,0.000446142046712339
186,Accipiter trivirgatus,0.000124415411846712
187,Accipiter trivirgatus,9.12062096176669e-05
188,Accipiter trivirgatus,8.38515697978437e-05
189,Accipiter trivirgatus,0.000728118466213346
190,Accipiter trivirgatus,0.000139849420520477
191,Accipiter trivirgatus,7.8639313869644e-05
192,Accipiter trivirgatus,0.000394784816307947
193,Accipiter trivirgatus,0.00559524539858103
194,Accipiter trivirgatus,0.000828925403766334
195,Accipiter trivirgatus,0.00014017999637872
196,Accipiter trivirgatus,0.000305697554722428
197,Accipiter trivirgatus,1.70132188941352e-05
198,Accipiter trivirgatus,0.0245189070701599
199,Accipiter trivirgatus,0.00375211122445762
200,Accipiter trivirgatus,0.0118368864059448
201,Accipiter trivirgatus,0.000118597112304997
202,Accipiter trivirgatus,0.000118597112304997
203,Accipiter trivirgatus,0.000569120980799198
204,Accipiter trivirgatus,0.0017489967867732
205,Accipiter trivirgatus,0.0017489967867732
206,Accipiter trivirgatus,0.0012028799392283
207,Accipiter trivirgatus,0.0012028799392283
208,Accipiter trivirgatus,0.0016578861977905
209,Accipiter trivirgatus,0.00367650622501969
210,Accipiter trivirgatus,0.00263373088091612
211,Accipiter trivirgatus,0.00345572270452976
212,Accipiter trivirgatus,0.0055216453038156
213,Accipiter trivirgatus,0.00438443152233958
214,Accipiter trivirgatus,6.03745284024626e-05
215,Accipiter trivirgatus,5.88449402130209e-05
216,Accipiter trivirgatus,6.54199466225691e-05
217,Accipiter trivirgatus,4.82515752082691e-05
218,Accipiter trivirgatus,5.88449402130209e-05
219,Accipiter trivirgatus,4.82515752082691e-05
220,Accipiter trivirgatus,0.000282203836832196
221,Accipiter trivirgatus,0.000308525719447061
222,Accipiter trivirgatus,9.12062096176669e-05
223,Accipiter trivirgatus,0.000140778764034621
224,Accipiter trivirgatus,0.000943433784414083
225,Accipiter trivirgatus,0.00714278733357787
226,Accipiter trivirgatus,5.88449402130209e-05
227,Accipiter trivirgatus,7.5945608841721e-05
228,Accipiter trivirgatus,0.000313663331326097
229,Accipiter trivirgatus,0.000735230394639075
230,Accipiter trivirgatus,0.000414029083913192
231,Accipiter trivirgatus,0.000416583789046854
232,Accipiter trivirgatus,0.00018701892986428
233,Accipiter trivirgatus,0.000165870515047573
234,Accipiter trivirgatus,2.95546415145509e-05
235,Accipiter trivirgatus,0.668097078800201
236,Accipiter trivirgatus,4.4498941861093e-05
237,Accipiter trivirgatus,0.000102093181340024
238,Accipiter trivirgatus,0.000102093181340024
239,Accipiter trivirgatus,0.000118597112304997
240,Accipiter trivirgatus,0.000569120980799198
241,Accipiter trivirgatus,0.00370147242210805
242,Accipiter trivirgatus,0.0017489967867732
243,Accipiter trivirgatus,0.00370147242210805
244,Accipiter trivirgatus,0.00370147242210805
245,Accipiter trivirgatus,0.0222380459308624
246,Accipiter trivirgatus,0.00636734440922737
247,Accipiter trivirgatus,0.00985789857804775
248,Accipiter trivirgatus,0.00157319835852832
249,Accipiter trivirgatus,0.00467881187796593
250,Accipiter trivirgatus,4.99100933666341e-05
251,Accipiter trivirgatus,4.82515752082691e-05
252,Accipiter trivirgatus,4.82515752082691e-05
253,Accipiter trivirgatus,6.28384295850992e-05
254,Accipiter trivirgatus,6.28384295850992e-05
255,Accipiter trivirgatus,4.82515752082691e-05
256,Accipiter trivirgatus,0.000167729187523946
257,Accipiter trivirgatus,0.000176284782355651
258,Accipiter trivirgatus,0.000202915049158037
259,Accipiter trivirgatus,0.000211144506465644
260,Accipiter trivirgatus,0.000211144506465644
261,Accipiter trivirgatus,0.000174376385984942
262,Accipiter trivirgatus,0.00020294074784033
263,Accipiter trivirgatus,0.000611018971540034
264,Accipiter trivirgatus,0.000155235044076107
265,Accipiter trivirgatus,0.000227035547140986
266,Accipiter trivirgatus,0.000556778046302497
267,Accipiter trivirgatus,0.00645616836845875
268,Accipiter trivirgatus,0.00014017999637872
269,Accipiter trivirgatus,0.000257123319897801
270,Accipiter trivirgatus,0.000781666312832385
271,Accipiter trivirgatus,0.000388446729630232
272,Accipiter trivirgatus,0.0835993215441704
273,Accipiter trivirgatus,0.00056441075867042
274,Accipiter trivirgatus,0.000368175067706034
275,Accipiter trivirgatus,9.96459057205357e-05
276,Accipiter trivirgatus,0.000118597112304997
277,Accipiter trivirgatus,0.00676387641578913
278,Accipiter trivirgatus,0.00212765019387007
279,Accipiter trivirgatus,0.00166046421509236
280,Accipiter trivirgatus,0.00408703228458762
281,Accipiter trivirgatus,0.000118545998702757
282,Accipiter trivirgatus,4.68432590423618e-05
283,Accipiter trivirgatus,0.00166572001762688
284,Accipiter trivirgatus,0.00458845077082515
285,Accipiter trivirgatus,0.00458845077082515
286,Accipiter trivirgatus,4.99100933666341e-05
287,Accipiter trivirgatus,0.000126425540656783
288,Accipiter trivirgatus,6.28384295850992e-05
289,Accipiter trivirgatus,0.000383365695597604
290,Accipiter trivirgatus,6.28384295850992e-05
291,Accipiter trivirgatus,6.2709856138099e-05
292,Accipiter trivirgatus,6.28384295850992e-05
293,Accipiter trivirgatus,6.28384295850992e-05
294,Accipiter trivirgatus,6.28384295850992e-05
295,Accipiter trivirgatus,0.000114675160148181
296,Accipiter trivirgatus,0.000211144506465644
297,Accipiter trivirgatus,0.000211144506465644
298,Accipiter trivirgatus,0.00020294074784033
299,Accipiter trivirgatus,0.000106684638012666
300,Accipiter trivirgatus,8.38515697978437e-05
301,Accipiter trivirgatus,8.38515697978437e-05
302,Accipiter trivirgatus,0.000108661763078999
303,Accipiter trivirgatus,0.000527673808392137
304,Accipiter trivirgatus,0.000828859105240554
305,Accipiter trivirgatus,0.000313343567540869
306,Accipiter trivirgatus,0.000309129536617547
307,Accipiter trivirgatus,0.000309129536617547
308,Accipiter trivirgatus,0.000538217660505325
309,Accipiter trivirgatus,0.000101619407359976
310,Accipiter trivirgatus,0.000143245721119456
311,Accipiter trivirgatus,6.71920497552492e-05
312,Accipiter trivirgatus,2.48310589086032e-05
313,Accipiter trivirgatus,0.000134239075123332
314,Accipiter trivirgatus,0.000136691727675498
315,Accipiter trivirgatus,0.000134239075123332
316,Accipiter trivirgatus,0.000134239075123332
317,Accipiter trivirgatus,0.000280024774838239
318,Accipiter trivirgatus,0.000103958569525275
319,Accipiter trivirgatus,0.000114675160148181
320,Accipiter trivirgatus,6.28384295850992e-05
321,Accipiter trivirgatus,0.000106684638012666
322,Accipiter trivirgatus,0.00187247700523585
323,Accipiter trivirgatus,0.00467881187796593
324,Accipiter trivirgatus,0.00147543137427419
325,Accipiter trivirgatus,6.98016156093217e-05
326,Accipiter trivirgatus,0.000154210327309556
327,Accipiter trivirgatus,4.82515752082691e-05
328,Accipiter trivirgatus,6.28384295850992e-05
329,Accipiter trivirgatus,6.28384295850992e-05
330,Accipiter trivirgatus,6.28384295850992e-05
331,Accipiter trivirgatus,4.82515752082691e-05
332,Accipiter trivirgatus,6.28384295850992e-05
333,Accipiter trivirgatus,6.28384295850992e-05
334,Accipiter trivirgatus,4.82515752082691e-05
335,Accipiter trivirgatus,0.000114675160148181
336,Accipiter trivirgatus,0.000140778764034621
337,Accipiter trivirgatus,0.000267240189714357
338,Accipiter trivirgatus,0.000106684638012666
339,Accipiter trivirgatus,0.000106684638012666
340,Accipiter trivirgatus,6.98016156093217e-05
341,Accipiter trivirgatus,9.12062096176669e-05
342,Accipiter trivirgatus,0.000108661763078999
343,Accipiter trivirgatus,0.000158723138156347
344,Accipiter trivirgatus,0.000316565623506904
345,Accipiter trivirgatus,0.000322853185934946
346,Accipiter trivirgatus,9.07402209122665e-05
347,Accipiter trivirgatus,0.000183279917109758
348,Accipiter trivirgatus,6.26912296866067e-05
349,Accipiter trivirgatus,0.000338705838657916
350,Accipiter trivirgatus,0.000217393986531533
351,Accipiter trivirgatus,0.000242309615714476
352,Accipiter trivirgatus,0.000101788005849812
353,Accipiter trivirgatus,0.000101788005849812
354,Accipiter trivirgatus,0.000197519737412222
355,Accipiter trivirgatus,0.000143071883940138
356,Accipiter trivirgatus,0.000130023996462114
357,Accipiter trivirgatus,5.70820302527864e-05
358,Accipiter trivirgatus,4.82515752082691e-05
359,Accipiter trivirgatus,4.82515752082691e-05
360,Accipiter trivirgatus,4.82515752082691e-05
361,Accipiter trivirgatus,0.000211144506465644
362,Accipiter trivirgatus,6.98016156093217e-05
363,Accipiter trivirgatus,0.000167729187523946
364,Accipiter trivirgatus,0.000140778764034621
365,Accipiter trivirgatus,6.28384295850992e-05
366,Accipiter trivirgatus,0.000383365695597604
367,Accipiter trivirgatus,8.9701366960071e-05
368,Accipiter trivirgatus,6.28384295850992e-05
369,Accipiter trivirgatus,4.82515752082691e-05
370,Accipiter trivirgatus,4.82515752082691e-05
371,Accipiter trivirgatus,6.28384295850992e-05
372,Accipiter trivirgatus,6.28384295850992e-05
373,Accipiter trivirgatus,4.82515752082691e-05
374,Accipiter trivirgatus,0.000278612482361496
375,Accipiter trivirgatus,0.000278612482361496
376,Accipiter trivirgatus,0.000267788011115044
377,Accipiter trivirgatus,0.000267788011115044
378,Accipiter trivirgatus,0.00020294074784033
379,Accipiter trivirgatus,0.000140778764034621
380,Accipiter trivirgatus,9.49175519053824e-05
381,Accipiter trivirgatus,0.000108661763078999
382,Accipiter trivirgatus,0.000181550800334662
383,Accipiter trivirgatus,0.000181038616574369
384,Accipiter trivirgatus,0.000109424036054406
385,Accipiter trivirgatus,0.000122724348329939
386,Accipiter trivirgatus,7.28458835510537e-05
387,Accipiter trivirgatus,8.9359782577958e-05
388,Accipiter trivirgatus,0.000154472203576006
389,Accipiter trivirgatus,0.000118812524306122
390,Accipiter trivirgatus,0.000153744156705216
391,Accipiter trivirgatus,0.000230207006097771
392,Accipiter trivirgatus,0.000230207006097771
393,Accipiter trivirgatus,0.00046718236990273
394,Accipiter trivirgatus,0.000311846553813666
395,Accipiter trivirgatus,0.000298372760880739
396,Accipiter trivirgatus,0.000383365695597604
397,Accipiter trivirgatus,6.28384295850992e-05
398,Accipiter trivirgatus,4.82515752082691e-05
399,Accipiter trivirgatus,0.000299521401757374
400,Accipiter trivirgatus,4.82515752082691e-05
401,Accipiter trivirgatus,6.28384295850992e-05
402,Accipiter trivirgatus,6.28384295850992e-05
403,Accipiter trivirgatus,6.28384295850992e-05
404,Accipiter trivirgatus,6.28384295850992e-05
405,Accipiter trivirgatus,6.28384295850992e-05
406,Accipiter trivirgatus,6.2709856138099e-05
407,Accipiter trivirgatus,4.82515752082691e-05
408,Accipiter trivirgatus,4.82515752082691e-05
409,Accipiter trivirgatus,4.82515752082691e-05
410,Accipiter trivirgatus,6.2709856138099e-05
411,Accipiter trivirgatus,6.28384295850992e-05
412,Accipiter trivirgatus,0.000278612482361496
413,Accipiter trivirgatus,0.000278612482361496
414,Accipiter trivirgatus,0.00559727987274528
415,Accipiter trivirgatus,0.000114675160148181
416,Accipiter trivirgatus,0.000278042512945831
417,Accipiter trivirgatus,0.000267788011115044
418,Accipiter trivirgatus,0.000781262409873307
419,Accipiter trivirgatus,0.00026930813328363
420,Accipiter trivirgatus,0.000158588605700061
421,Accipiter trivirgatus,0.000181550800334662
422,Accipiter trivirgatus,0.000181550800334662
423,Accipiter trivirgatus,0.000133293913677335
424,Accipiter trivirgatus,0.000100302371720318
425,Accipiter trivirgatus,0.000158723138156347
426,Accipiter trivirgatus,0.000259388383710757
427,Accipiter trivirgatus,0.000603831314947456
428,Accipiter trivirgatus,0.000290925585431978
429,Accipiter trivirgatus,0.000263890076894313
430,Accipiter trivirgatus,0.000700980715919286
431,Accipiter trivirgatus,8.55778707773425e-05
432,Accipiter trivirgatus,0.000158723138156347
433,Accipiter trivirgatus,0.000152388049173169
434,Accipiter trivirgatus,0.000383365695597604
435,Accipiter trivirgatus,4.82515752082691e-05
436,Accipiter trivirgatus,0.000383365695597604
437,Accipiter trivirgatus,4.82515752082691e-05
438,Accipiter trivirgatus,6.28384295850992e-05
439,Accipiter trivirgatus,6.28384295850992e-05
440,Accipiter trivirgatus,6.2709856138099e-05
441,Accipiter trivirgatus,6.28384295850992e-05
442,Accipiter trivirgatus,6.28384295850992e-05
443,Accipiter trivirgatus,6.28384295850992e-05
444,Accipiter trivirgatus,6.28384295850992e-05
445,Accipiter trivirgatus,4.82515752082691e-05
446,Accipiter trivirgatus,6.28384295850992e-05
447,Accipiter trivirgatus,6.28384295850992e-05
448,Accipiter trivirgatus,6.28384295850992e-05
449,Accipiter trivirgatus,0.000149339422932826
450,Accipiter trivirgatus,0.000282203836832196
451,Accipiter trivirgatus,6.28384295850992e-05
452,Accipiter trivirgatus,7.09976156940684e-05
453,Accipiter trivirgatus,0.00018540135351941
454,Accipiter trivirgatus,0.000344547064742073
455,Accipiter trivirgatus,0.000358473131200299
456,Accipiter trivirgatus,0.000170522354892455
457,Accipiter trivirgatus,0.000108661763078999
458,Accipiter trivirgatus,0.000335812219418585
459,Accipiter trivirgatus,0.000292005570372567
460,Accipiter trivirgatus,0.000344547064742073
461,Accipiter trivirgatus,0.000344547064742073
462,Accipiter trivirgatus,0.000358473131200299
463,Accipiter trivirgatus,0.000358473131200299
464,Accipiter trivirgatus,8.87448695721105e-05
465,Accipiter trivirgatus,8.87448695721105e-05
466,Accipiter trivirgatus,9.09602749743499e-05
467,Accipiter trivirgatus,9.12444011191837e-05
468,Accipiter trivirgatus,0.000132724933791906
469,Accipiter trivirgatus,6.28384295850992e-05
470,Accipiter trivirgatus,6.28384295850992e-05
471,Accipiter trivirgatus,6.28384295850992e-05
472,Accipiter trivirgatus,6.28384295850992e-05
473,Accipiter trivirgatus,6.28384295850992e-05
474,Accipiter trivirgatus,6.28384295850992e-05
475,Accipiter trivirgatus,6.28384295850992e-05
476,Accipiter trivirgatus,6.28384295850992e-05
477,Accipiter trivirgatus,6.28384295850992e-05
478,Accipiter trivirgatus,6.28384295850992e-05
479,Accipiter trivirgatus,6.28384295850992e-05
480,Accipiter trivirgatus,6.28384295850992e-05
481,Accipiter trivirgatus,6.2709856138099e-05
482,Accipiter trivirgatus,9.47233493207023e-05
483,Accipiter trivirgatus,0.000106881590909325
484,Accipiter trivirgatus,0.000184085016371682
485,Accipiter trivirgatus,0.000352601811755449
486,Accipiter trivirgatus,0.00103471311740577
487,Accipiter trivirgatus,6.28384295850992e-05
488,Accipiter trivirgatus,6.28384295850992e-05
489,Accipiter trivirgatus,0.000151229760376737
490,Accipiter trivirgatus,0.000154210327309556
491,Accipiter trivirgatus,0.000185310826054774
492,Accipiter trivirgatus,0.00039408725569956
493,Accipiter trivirgatus,0.000363093509804457
494,Accipiter trivirgatus,0.000363093509804457
495,Accipiter trivirgatus,0.000798479130025953
496,Accipiter trivirgatus,0.000185310826054774
497,Accipiter trivirgatus,0.000185310826054774
498,Accipiter trivirgatus,8.10995406936854e-05
499,Accipiter trivirgatus,7.96938038547523e-05
500,Accipiter trivirgatus,8.87448695721105e-05
501,Accipiter trivirgatus,8.87448695721105e-05
502,Accipiter trivirgatus,8.87448695721105e-05
503,Accipiter trivirgatus,8.51770528242923e-05
504,Accipiter trivirgatus,0.000141869735671207
505,Accipiter trivirgatus,0.000534473860170692
506,Accipiter trivirgatus,8.9701366960071e-05
507,Accipiter trivirgatus,6.28384295850992e-05
508,Accipiter trivirgatus,6.28384295850992e-05
509,Accipiter trivirgatus,6.28384295850992e-05
510,Accipiter trivirgatus,6.28384295850992e-05
511,Accipiter trivirgatus,6.28384295850992e-05
512,Accipiter trivirgatus,6.2709856138099e-05
513,Accipiter trivirgatus,6.28384295850992e-05
514,Accipiter trivirgatus,6.28384295850992e-05
515,Accipiter trivirgatus,6.28384295850992e-05
516,Accipiter trivirgatus,6.28384295850992e-05
517,Accipiter trivirgatus,6.28384295850992e-05
518,Accipiter trivirgatus,6.28384295850992e-05
519,Accipiter trivirgatus,0.000858523941133171
520,Accipiter trivirgatus,0.000237352302065119
521,Accipiter trivirgatus,0.00342848803848028
522,Accipiter trivirgatus,6.28384295850992e-05
523,Accipiter trivirgatus,6.28384295850992e-05
524,Accipiter trivirgatus,6.28384295850992e-05
525,Accipiter trivirgatus,6.28384295850992e-05
526,Accipiter trivirgatus,6.28384295850992e-05
527,Accipiter trivirgatus,0.000182660762220621
528,Accipiter trivirgatus,0.000170522354892455
529,Accipiter trivirgatus,0.000358473131200299
530,Accipiter trivirgatus,0.000358473131200299
531,Accipiter trivirgatus,7.96938038547523e-05
532,Accipiter trivirgatus,0.00025584182003513
533,Accipiter trivirgatus,0.000195182088646106
534,Accipiter trivirgatus,7.96938038547523e-05
535,Accipiter trivirgatus,7.96938038547523e-05
536,Accipiter trivirgatus,7.96938038547523e-05
537,Accipiter trivirgatus,7.96938038547523e-05
538,Accipiter trivirgatus,9.09602749743499e-05
539,Accipiter trivirgatus,8.87448695721105e-05
540,Accipiter trivirgatus,8.87448695721105e-05
541,Accipiter trivirgatus,8.87448695721105e-05
542,Accipiter trivirgatus,8.87448695721105e-05
543,Accipiter trivirgatus,0.000151665008161217
544,Accipiter trivirgatus,0.000540922919753939
545,Accipiter trivirgatus,6.28384295850992e-05
546,Accipiter trivirgatus,6.28384295850992e-05
547,Accipiter trivirgatus,0.000173530264873989
548,Accipiter trivirgatus,7.51895204302855e-05
549,Accipiter trivirgatus,0.000108661763078999
550,Accipiter trivirgatus,0.000363093509804457
551,Accipiter trivirgatus,7.83881623647176e-05
552,Accipiter trivirgatus,6.28384295850992e-05
553,Accipiter trivirgatus,6.2709856138099e-05
554,Accipiter trivirgatus,6.28384295850992e-05
555,Accipiter trivirgatus,6.28384295850992e-05
556,Accipiter trivirgatus,6.28384295850992e-05
557,Accipiter trivirgatus,6.28384295850992e-05
558,Accipiter trivirgatus,6.18522317381576e-05
559,Accipiter trivirgatus,9.12062096176669e-05
560,Accipiter trivirgatus,6.28384295850992e-05
561,Accipiter trivirgatus,6.28384295850992e-05
562,Accipiter trivirgatus,6.28384295850992e-05
563,Accipiter trivirgatus,6.2709856138099e-05
564,Accipiter trivirgatus,6.28384295850992e-05
565,Accipiter trivirgatus,7.83881623647176e-05
566,Accipiter trivirgatus,0.00017529730394017
567,Accipiter trivirgatus,0.000170522354892455
568,Accipiter trivirgatus,0.000344547064742073
569,Accipiter trivirgatus,0.000108661763078999
570,Accipiter trivirgatus,0.000210435260669328
571,Accipiter trivirgatus,7.96938038547523e-05
572,Accipiter trivirgatus,7.96938038547523e-05
573,Accipiter trivirgatus,7.96938038547523e-05
574,Accipiter trivirgatus,7.96938038547523e-05
575,Accipiter trivirgatus,7.09976156940684e-05
576,Accipiter trivirgatus,7.96938038547523e-05
577,Accipiter trivirgatus,9.09602749743499e-05
578,Accipiter trivirgatus,8.87448695721105e-05
579,Accipiter trivirgatus,8.87448695721105e-05
580,Accipiter trivirgatus,8.87448695721105e-05
581,Accipiter trivirgatus,0.00327641167677939
582,Accipiter trivirgatus,6.28384295850992e-05
583,Accipiter trivirgatus,0.00387741671875119
584,Accipiter trivirgatus,0.0126274907961488
585,Accipiter trivirgatus,8.9359782577958e-05
586,Accipiter trivirgatus,0.000173470689333044
587,Accipiter trivirgatus,0.000997820636257529
588,Accipiter trivirgatus,8.62358647282235e-05
589,Accipiter trivirgatus,0.00425962964072824
590,Accipiter trivirgatus,0.000681766599882394
591,Accipiter trivirgatus,7.96938038547523e-05
592,Accipiter trivirgatus,6.28384295850992e-05
593,Accipiter trivirgatus,0.000383365695597604
594,Accipiter trivirgatus,6.28384295850992e-05
595,Accipiter trivirgatus,0.000161033924086951
596,Accipiter trivirgatus,6.28384295850992e-05
597,Accipiter trivirgatus,6.28384295850992e-05
598,Accipiter trivirgatus,6.28384295850992e-05
599,Accipiter trivirgatus,6.28384295850992e-05
600,Accipiter trivirgatus,6.28384295850992e-05
601,Accipiter trivirgatus,0.00705789215862751
602,Accipiter trivirgatus,0.000217519831494428
603,Accipiter trivirgatus,0.000344547064742073
604,Accipiter trivirgatus,0.000297414837405086
605,Accipiter trivirgatus,0.000358473131200299
606,Accipiter trivirgatus,7.96938038547523e-05
607,Accipiter trivirgatus,0.000185310826054774
608,Accipiter trivirgatus,8.26970062917098e-05
609,Accipiter trivirgatus,7.96938038547523e-05
610,Accipiter trivirgatus,7.96938038547523e-05
611,Accipiter trivirgatus,0.000116601302579511
612,Accipiter trivirgatus,7.96938038547523e-05
613,Accipiter trivirgatus,8.10995406936854e-05
614,Accipiter trivirgatus,7.96938038547523e-05
615,Accipiter trivirgatus,8.87448695721105e-05
616,Accipiter trivirgatus,8.87448695721105e-05
617,Accipiter trivirgatus,0.00567016424611211
618,Accipiter trivirgatus,0.000170522354892455
619,Accipiter trivirgatus,7.51895204302855e-05
620,Accipiter trivirgatus,0.00246719201095402
621,Accipiter trivirgatus,6.2003055063542e-05
622,Accipiter trivirgatus,9.07402209122665e-05
623,Accipiter trivirgatus,0.000209174540941603
624,Accipiter trivirgatus,0.000324244640069082
625,Accipiter trivirgatus,0.000451193627668545
626,Accipiter trivirgatus,0.000425467558670789
627,Accipiter trivirgatus,7.96938038547523e-05
628,Accipiter trivirgatus,0.000183463722351007
629,Accipiter trivirgatus,0.000170522354892455
630,Accipiter trivirgatus,0.000110451343061868
631,Accipiter trivirgatus,7.28458835510537e-05
632,Accipiter trivirgatus,0.000108661763078999
633,Accipiter trivirgatus,0.000108661763078999
634,Accipiter trivirgatus,0.000108661763078999
635,Accipiter trivirgatus,0.000108661763078999
636,Accipiter trivirgatus,7.28458835510537e-05
637,Accipiter trivirgatus,7.28458835510537e-05
638,Accipiter trivirgatus,0.000365886691724882
639,Accipiter trivirgatus,7.96938038547523e-05
640,Accipiter trivirgatus,0.000185310826054774
641,Accipiter trivirgatus,7.96938038547523e-05
642,Accipiter trivirgatus,0.000292005570372567
643,Accipiter trivirgatus,0.000484315591165796
644,Accipiter trivirgatus,0.000113761459942907
645,Accipiter trivirgatus,0.000113761459942907
646,Accipiter trivirgatus,0.000113761459942907
647,Accipiter trivirgatus,0.000113761459942907
648,Accipiter trivirgatus,0.000113761459942907
649,Accipiter trivirgatus,7.09976156940684e-05
650,Accipiter trivirgatus,7.96938038547523e-05
651,Accipiter trivirgatus,0.000115768052637577
652,Accipiter trivirgatus,0.000113761459942907
653,Accipiter trivirgatus,0.000567441573366523
654,Accipiter trivirgatus,0.000113761459942907
655,Accipiter trivirgatus,0.000113761459942907
656,Accipiter trivirgatus,0.000282203836832196
657,Accipiter trivirgatus,0.000901811174117029
658,Accipiter trivirgatus,0.000187668949365616
659,Accipiter trivirgatus,9.07402209122665e-05
660,Accipiter trivirgatus,0.0001162956978078
661,Accipiter trivirgatus,0.000577602768316865
662,Accipiter trivirgatus,0.00011498141248012
663,Accipiter trivirgatus,0.00011498141248012
664,Accipiter trivirgatus,0.00011370655556675
665,Accipiter trivirgatus,0.00011370655556675
666,Accipiter trivirgatus,0.00101588654797524
667,Accipiter trivirgatus,0.000108661763078999
668,Accipiter trivirgatus,0.000108661763078999
669,Accipiter trivirgatus,7.51895204302855e-05
670,Accipiter trivirgatus,0.000170522354892455
671,Accipiter trivirgatus,0.000108661763078999
672,Accipiter trivirgatus,0.000170522354892455
673,Accipiter trivirgatus,0.000344547064742073
674,Accipiter trivirgatus,0.000338903744705021
675,Accipiter trivirgatus,0.000108661763078999
676,Accipiter trivirgatus,0.000360031262971461
677,Accipiter trivirgatus,8.60306317918003e-05
678,Accipiter trivirgatus,0.000589935458265245
679,Accipiter trivirgatus,0.000181550800334662
680,Accipiter trivirgatus,0.000113761459942907
681,Accipiter trivirgatus,0.000320701103191823
682,Accipiter trivirgatus,0.000514527433551848
683,Accipiter trivirgatus,0.000113761459942907
684,Accipiter trivirgatus,0.000111897745227907
685,Accipiter trivirgatus,0.00010134818876395
686,Accipiter trivirgatus,8.9701366960071e-05
687,Accipiter trivirgatus,0.000165932447998784
688,Accipiter trivirgatus,0.00010134818876395
689,Accipiter trivirgatus,0.000349101901520044
690,Accipiter trivirgatus,7.96938038547523e-05
691,Accipiter trivirgatus,0.000116601302579511
692,Accipiter trivirgatus,0.000113761459942907
693,Accipiter trivirgatus,0.000113761459942907
694,Accipiter trivirgatus,0.000113761459942907
695,Accipiter trivirgatus,0.00015100663586054
696,Accipiter trivirgatus,0.00567016424611211
697,Accipiter trivirgatus,7.28458835510537e-05
698,Accipiter trivirgatus,0.0423039458692074
699,Accipiter trivirgatus,0.000857139413710684
700,Accipiter trivirgatus,9.07402209122665e-05
701,Accipiter trivirgatus,0.000115006274427287
702,Accipiter trivirgatus,0.000183544296305627
703,Accipiter trivirgatus,0.000275707774562761
704,Accipiter trivirgatus,0.00613439595326781
705,Accipiter trivirgatus,0.000487525336211547
706,Accipiter trivirgatus,0.000585045898333192
707,Accipiter trivirgatus,0.000627980218268931
708,Accipiter trivirgatus,0.000358473131200299
709,Accipiter trivirgatus,0.000185310826054774
710,Accipiter trivirgatus,0.000108661763078999
711,Accipiter trivirgatus,0.000108661763078999
712,Accipiter trivirgatus,7.28458835510537e-05
713,Accipiter trivirgatus,0.000108661763078999
714,Accipiter trivirgatus,0.000307996058836579
715,Accipiter trivirgatus,7.09976156940684e-05
716,Accipiter trivirgatus,8.41557121020742e-05
717,Accipiter trivirgatus,0.000113761459942907
718,Accipiter trivirgatus,0.000113761459942907
719,Accipiter trivirgatus,0.000113761459942907
720,Accipiter trivirgatus,0.000113817033707164
721,Accipiter trivirgatus,0.000111897745227907
722,Accipiter trivirgatus,0.000113817033707164
723,Accipiter trivirgatus,0.00010134818876395
724,Accipiter trivirgatus,0.00010134818876395
725,Accipiter trivirgatus,8.9701366960071e-05
726,Accipiter trivirgatus,8.9701366960071e-05
727,Accipiter trivirgatus,8.9701366960071e-05
728,Accipiter trivirgatus,0.000113817033707164
729,Accipiter trivirgatus,0.000154822817421518
730,Accipiter trivirgatus,0.000113761459942907
731,Accipiter trivirgatus,0.000113761459942907
732,Accipiter trivirgatus,0.000113761459942907
733,Accipiter trivirgatus,0.000103822167147882
734,Accipiter trivirgatus,0.000318679347401485
735,Accipiter trivirgatus,0.00567016424611211
736,Accipiter trivirgatus,6.50151414447464e-05
737,Accipiter trivirgatus,0.00339079229161143
738,Accipiter trivirgatus,7.3971226811409e-05
739,Accipiter trivirgatus,0.00014497090887744
740,Accipiter trivirgatus,0.000108661763078999
741,Accipiter trivirgatus,0.000110451343061868
742,Accipiter trivirgatus,0.000639354286249727
743,Accipiter trivirgatus,0.00175407761707902
744,Accipiter trivirgatus,0.000170522354892455
745,Accipiter trivirgatus,0.000181550800334662
746,Accipiter trivirgatus,0.000181550800334662
747,Accipiter trivirgatus,0.000108661763078999
748,Accipiter trivirgatus,0.000182004921953194
749,Accipiter trivirgatus,0.000284865440335125
750,Accipiter trivirgatus,0.000429542706115171
751,Accipiter trivirgatus,0.000244296563323587
752,Accipiter trivirgatus,0.000182004921953194
753,Accipiter trivirgatus,0.00018822010315489
754,Accipiter trivirgatus,0.000103507554740645
755,Accipiter trivirgatus,0.00010134818876395
756,Accipiter trivirgatus,0.00010134818876395
757,Accipiter trivirgatus,8.9701366960071e-05
758,Accipiter trivirgatus,8.9701366960071e-05
759,Accipiter trivirgatus,8.9701366960071e-05
760,Accipiter trivirgatus,0.000113761459942907
761,Accipiter trivirgatus,0.000113761459942907
762,Accipiter trivirgatus,0.000113761459942907
763,Accipiter trivirgatus,0.000113761459942907
764,Accipiter trivirgatus,0.000113761459942907
765,Accipiter trivirgatus,0.000238357271882705
766,Accipiter trivirgatus,0.000334176409523934
767,Accipiter trivirgatus,0.000134583271574229
768,Accipiter trivirgatus,9.12062096176669e-05
769,Accipiter trivirgatus,9.12062096176669e-05
770,Accipiter trivirgatus,0.000278612482361496
771,Accipiter trivirgatus,0.000258455373113975
772,Accipiter trivirgatus,0.000248779688263312
773,Accipiter trivirgatus,6.28384295850992e-05
774,Accipiter trivirgatus,0.000123478792374954
775,Accipiter trivirgatus,0.0090540898963809
776,Accipiter trivirgatus,0.000106881590909325
777,Accipiter trivirgatus,0.000606548856012523
778,Accipiter trivirgatus,0.000152388049173169
779,Accipiter trivirgatus,0.00141859892755747
780,Accipiter trivirgatus,0.000113761459942907
781,Accipiter trivirgatus,0.00010134818876395
782,Accipiter trivirgatus,8.9701366960071e-05
783,Accipiter trivirgatus,8.9701366960071e-05
784,Accipiter trivirgatus,8.9701366960071e-05
785,Accipiter trivirgatus,0.00010134818876395
786,Accipiter trivirgatus,0.000115768052637577
787,Accipiter trivirgatus,0.000113761459942907
788,Accipiter trivirgatus,0.000113761459942907
789,Accipiter trivirgatus,0.000113761459942907
790,Accipiter trivirgatus,0.000113761459942907
791,Accipiter trivirgatus,9.67023879638873e-05
792,Accipiter trivirgatus,0.00549809401854873
793,Accipiter trivirgatus,0.00021275709150359
794,Accipiter trivirgatus,0.00871655531227589
795,Accipiter trivirgatus,0.00871655531227589
796,Accipiter trivirgatus,0.0001129453885369
797,Accipiter trivirgatus,0.000128915518871509
798,Accipiter trivirgatus,0.000152388049173169
799,Accipiter trivirgatus,9.12062096176669e-05
800,Accipiter trivirgatus,0.0090540898963809
801,Accipiter trivirgatus,0.0090540898963809
802,Accipiter trivirgatus,0.0090540898963809
803,Accipiter trivirgatus,0.000122724348329939
804,Accipiter trivirgatus,0.000181550800334662
805,Accipiter trivirgatus,0.000625247077550739
806,Accipiter trivirgatus,8.9701366960071e-05
807,Accipiter trivirgatus,8.9701366960071e-05
808,Accipiter trivirgatus,8.9701366960071e-05
809,Accipiter trivirgatus,8.9701366960071e-05
810,Accipiter trivirgatus,8.9701366960071e-05
811,Accipiter trivirgatus,8.9701366960071e-05
812,Accipiter trivirgatus,0.00010134818876395
813,Accipiter trivirgatus,0.000113761459942907
814,Accipiter trivirgatus,0.000113761459942907
815,Accipiter trivirgatus,0.000113761459942907
816,Accipiter trivirgatus,0.000115768052637577
817,Accipiter trivirgatus,0.00010134818876395
818,Accipiter trivirgatus,9.42596307140775e-05
819,Accipiter trivirgatus,8.9701366960071e-05
820,Accipiter trivirgatus,0.00010134818876395
821,Accipiter trivirgatus,0.0090540898963809
822,Accipiter trivirgatus,7.7828393841628e-05
823,Accipiter trivirgatus,0.000104204002127517
824,Accipiter trivirgatus,0.0090540898963809
825,Accipiter trivirgatus,0.0090540898963809
826,Accipiter trivirgatus,0.0090540898963809
827,Accipiter trivirgatus,0.0090540898963809
828,Accipiter trivirgatus,0.00901061296463013
829,Accipiter trivirgatus,8.9701366960071e-05
830,Accipiter trivirgatus,8.9701366960071e-05
831,Accipiter trivirgatus,8.9701366960071e-05
832,Accipiter trivirgatus,0.000116029485070612
833,Accipiter trivirgatus,0.000113761459942907
834,Accipiter trivirgatus,0.000113761459942907
835,Accipiter trivirgatus,0.000111897745227907
836,Accipiter trivirgatus,0.00010134818876395
837,Accipiter trivirgatus,8.9701366960071e-05
838,Accipiter trivirgatus,8.9701366960071e-05
839,Accipiter trivirgatus,0.000239687709836289
840,Accipiter trivirgatus,0.000235206447541714
841,Accipiter trivirgatus,0.00567016424611211
842,Accipiter trivirgatus,0.0090540898963809
843,Accipiter trivirgatus,0.0090540898963809
844,Accipiter trivirgatus,0.0090540898963809
845,Accipiter trivirgatus,0.0090540898963809
846,Accipiter trivirgatus,0.0090540898963809
847,Accipiter trivirgatus,0.00872002076357603
848,Accipiter trivirgatus,0.00871655531227589
849,Accipiter trivirgatus,0.00654604751616716
850,Accipiter trivirgatus,8.9701366960071e-05
851,Accipiter trivirgatus,8.9701366960071e-05
852,Accipiter trivirgatus,8.9701366960071e-05
853,Accipiter trivirgatus,8.9701366960071e-05
854,Accipiter trivirgatus,0.000111897745227907
855,Accipiter trivirgatus,0.000113817033707164
856,Accipiter trivirgatus,0.00010134818876395
857,Accipiter trivirgatus,0.00010351507080486
858,Accipiter trivirgatus,9.73854257608764e-05
859,Accipiter trivirgatus,8.9701366960071e-05
860,Accipiter trivirgatus,0.000264967238763347
861,Accipiter trivirgatus,0.000235206447541714
862,Accipiter trivirgatus,0.00858015101402998
863,Accipiter trivirgatus,0.00872002076357603
864,Accipiter trivirgatus,0.0090540898963809
865,Accipiter trivirgatus,0.00889517273753882
866,Accipiter trivirgatus,0.00872002076357603
867,Accipiter trivirgatus,0.00858015101402998
868,Accipiter trivirgatus,0.000152388049173169
869,Accipiter trivirgatus,8.9701366960071e-05
870,Accipiter trivirgatus,0.00010134818876395
871,Accipiter trivirgatus,0.000116029485070612
872,Accipiter trivirgatus,0.00010134818876395
873,Accipiter trivirgatus,0.00010134818876395
874,Accipiter trivirgatus,0.00010134818876395
875,Accipiter trivirgatus,8.9701366960071e-05
876,Accipiter trivirgatus,0.00489707989618182
877,Accipiter trivirgatus,0.000244775990722701
878,Accipiter trivirgatus,0.00872002076357603
879,Accipiter trivirgatus,0.00872002076357603
880,Accipiter trivirgatus,0.000108529216959141
881,Accipiter trivirgatus,8.9701366960071e-05
882,Accipiter trivirgatus,8.9701366960071e-05
883,Accipiter trivirgatus,8.9701366960071e-05
884,Accipiter trivirgatus,8.9701366960071e-05
885,Accipiter trivirgatus,8.9701366960071e-05
886,Accipiter trivirgatus,8.9701366960071e-05
887,Accipiter trivirgatus,0.00010134818876395
888,Accipiter trivirgatus,8.9701366960071e-05
889,Accipiter trivirgatus,8.9701366960071e-05
890,Accipiter trivirgatus,8.9701366960071e-05
891,Accipiter trivirgatus,8.9701366960071e-05
892,Accipiter trivirgatus,8.9701366960071e-05
893,Accipiter trivirgatus,0.000447369326138869
894,Accipiter trivirgatus,0.000152388049173169
895,Accipiter trivirgatus,0.00858015101402998
896,Accipiter trivirgatus,0.00858015101402998
897,Accipiter trivirgatus,8.9701366960071e-05
898,Accipiter trivirgatus,8.9701366960071e-05
899,Accipiter trivirgatus,8.9701366960071e-05
900,Accipiter trivirgatus,8.9701366960071e-05
901,Accipiter trivirgatus,8.9701366960071e-05
902,Accipiter trivirgatus,8.9701366960071e-05
903,Accipiter trivirgatus,8.9701366960071e-05
904,Accipiter trivirgatus,8.9701366960071e-05
905,Accipiter trivirgatus,8.9701366960071e-05
906,Accipiter trivirgatus,8.9701366960071e-05
907,Accipiter trivirgatus,8.9701366960071e-05
908,Accipiter trivirgatus,0.000293162098387256
909,Accipiter trivirgatus,0.000465449382318184
910,Accipiter trivirgatus,0.000152388049173169
911,Accipiter trivirgatus,8.9701366960071e-05
912,Accipiter trivirgatus,8.9701366960071e-05
913,Accipiter trivirgatus,8.9701366960071e-05
914,Accipiter trivirgatus,8.9701366960071e-05
915,Accipiter trivirgatus,8.9701366960071e-05
916,Accipiter trivirgatus,8.9701366960071e-05
917,Accipiter trivirgatus,8.9701366960071e-05
918,Accipiter trivirgatus,8.9701366960071e-05
919,Accipiter trivirgatus,8.9701366960071e-05
920,Accipiter trivirgatus,0.000235206447541714
921,Accipiter trivirgatus,8.9701366960071e-05
922,Accipiter trivirgatus,8.9701366960071e-05
923,Accipiter trivirgatus,8.9701366960071e-05
924,Accipiter trivirgatus,8.9701366960071e-05
925,Accipiter trivirgatus,8.9701366960071e-05
926,Accipiter trivirgatus,8.9701366960071e-05
927,Accipiter trivirgatus,0.000264244328718632
928,Accipiter trivirgatus,8.9701366960071e-05
929,Accipiter trivirgatus,8.9701366960071e-05
930,Accipiter trivirgatus,8.9701366960071e-05
931,Accipiter trivirgatus,8.9701366960071e-05
932,Accipiter trivirgatus,8.9701366960071e-05
933,Accipiter trivirgatus,8.9701366960071e-05
934,Accipiter trivirgatus,8.9701366960071e-05
935,Accipiter trivirgatus,8.9701366960071e-05
936,Accipiter trivirgatus,8.9701366960071e-05
937,Accipiter trivirgatus,8.9701366960071e-05
938,Accipiter trivirgatus,8.9701366960071e-05
939,Accipiter trivirgatus,8.9701366960071e-05
940,Accipiter trivirgatus,8.9701366960071e-05
941,Accipiter trivirgatus,0.000339817721396685
1,Chrysolophus pictus,0.0123379211872816
2,Chrysolophus pictus,0.00750084919854999
3,Chrysolophus pictus,0.0139196095988154
4,Chrysolophus pictus,0.00903604831546545
5,Chrysolophus pictus,0.0373905152082443
6,Chrysolophus pictus,0.0067092040553689
7,Chrysolophus pictus,0.00546250259503722
8,Chrysolophus pictus,0.00387875479646027
9,Chrysolophus pictus,0.114490643143654
10,Chrysolophus pictus,0.0751426517963409
11,Chrysolophus pictus,0.0221154689788818
12,Chrysolophus pictus,0.00796776637434959
13,Chrysolophus pictus,0.00740055600181222
14,Chrysolophus pictus,0.012745707295835
15,Chrysolophus pictus,0.0100005436688662
16,Chrysolophus pictus,0.113266207277775
17,Chrysolophus pictus,0.171631351113319
18,Chrysolophus pictus,0.243714690208435
19,Chrysolophus pictus,0.11509507894516
20,Chrysolophus pictus,0.0541236400604248
21,Chrysolophus pictus,0.0252961982041597
22,Chrysolophus pictus,0.0302558485418558
23,Chrysolophus pictus,0.00798824056982994
24,Chrysolophus pictus,0.0121043175458908
25,Chrysolophus pictus,0.016888314858079
26,Chrysolophus pictus,0.0137126948684454
27,Chrysolophus pictus,0.0159475430846214
28,Chrysolophus pictus,0.0403387993574142
29,Chrysolophus pictus,0.0602869167923927
30,Chrysolophus pictus,0.0979664549231529
31,Chrysolophus pictus,0.158511146903038
32,Chrysolophus pictus,0.1729926019907
33,Chrysolophus pictus,0.235884428024292
34,Chrysolophus pictus,0.179116994142532
35,Chrysolophus pictus,0.163030207157135
36,Chrysolophus pictus,0.106313638389111
37,Chrysolophus pictus,0.0907171964645386
38,Chrysolophus pictus,0.0726469904184341
39,Chrysolophus pictus,0.0550703294575214
40,Chrysolophus pictus,0.078402578830719
41,Chrysolophus pictus,0.00671372143551707
42,Chrysolophus pictus,0.0099177174270153
43,Chrysolophus pictus,0.0301220752298832
44,Chrysolophus pictus,0.0365004613995552
45,Chrysolophus pictus,0.0399081557989121
46,Chrysolophus pictus,0.0464901179075241
47,Chrysolophus pictus,0.0860770642757416
48,Chrysolophus pictus,0.112206384539604
49,Chrysolophus pictus,0.155662566423416
50,Chrysolophus pictus,0.375162303447723
51,Chrysolophus pictus,0.381794393062592
52,Chrysolophus pictus,0.377380847930908
53,Chrysolophus pictus,0.331935971975327
54,Chrysolophus pictus,0.366383492946625
55,Chrysolophus pictus,0.221928521990776
56,Chrysolophus pictus,0.214189603924751
57,Chrysolophus pictus,0.105659261345863
58,Chrysolophus pictus,0.0672926157712936
59,Chrysolophus pictus,0.0503880567848682
60,Chrysolophus pictus,0.0869042351841927
61,Chrysolophus pictus,0.0402479209005833
62,Chrysolophus pictus,0.0397190116345882
63,Chrysolophus pictus,0.0673981755971909
64,Chrysolophus pictus,0.069114126265049
65,Chrysolophus pictus,0.0621644407510757
66,Chrysolophus pictus,0.0533725582063198
67,Chrysolophus pictus,0.0620969347655773
68,Chrysolophus pictus,0.243680641055107
69,Chrysolophus pictus,0.383947014808655
70,Chrysolophus pictus,0.505403161048889
71,Chrysolophus pictus,0.534558594226837
72,Chrysolophus pictus,0.520665347576141
73,Chrysolophus pictus,0.399360984563828
74,Chrysolophus pictus,0.346974909305573
75,Chrysolophus pictus,0.290564000606537
76,Chrysolophus pictus,0.359236240386963
77,Chrysolophus pictus,0.284148305654526
78,Chrysolophus pictus,0.146183103322983
79,Chrysolophus pictus,0.0834575667977333
80,Chrysolophus pictus,0.0703531578183174
81,Chrysolophus pictus,0.0802964270114899
82,Chrysolophus pictus,0.023381358012557
83,Chrysolophus pictus,0.0295204091817141
84,Chrysolophus pictus,0.077799566090107
85,Chrysolophus pictus,0.0217963196337223
86,Chrysolophus pictus,0.0219861585646868
87,Chrysolophus pictus,0.0903559252619743
88,Chrysolophus pictus,0.371948152780533
89,Chrysolophus pictus,0.543001770973206
90,Chrysolophus pictus,0.587714612483978
91,Chrysolophus pictus,0.498506426811218
92,Chrysolophus pictus,0.385971397161484
93,Chrysolophus pictus,0.293723821640015
94,Chrysolophus pictus,0.168228045105934
95,Chrysolophus pictus,0.152803137898445
96,Chrysolophus pictus,0.156925305724144
97,Chrysolophus pictus,0.192180871963501
98,Chrysolophus pictus,0.172826439142227
99,Chrysolophus pictus,0.173120394349098
100,Chrysolophus pictus,0.0580636635422707
101,Chrysolophus pictus,0.133817911148071
102,Chrysolophus pictus,0.0360929034650326
103,Chrysolophus pictus,0.0195179078727961
104,Chrysolophus pictus,0.071164108812809
105,Chrysolophus pictus,0.0161823816597462
106,Chrysolophus pictus,0.178967997431755
107,Chrysolophus pictus,0.283608824014664
108,Chrysolophus pictus,0.554375946521759
109,Chrysolophus pictus,0.665934920310974
110,Chrysolophus pictus,0.635020613670349
111,Chrysolophus pictus,0.473697036504746
112,Chrysolophus pictus,0.335525333881378
113,Chrysolophus pictus,0.23535481095314
114,Chrysolophus pictus,0.0923952683806419
115,Chrysolophus pictus,0.0396699234843254
116,Chrysolophus pictus,0.0515390187501907
117,Chrysolophus pictus,0.10792076587677
118,Chrysolophus pictus,0.220692649483681
119,Chrysolophus pictus,0.35601219534874
120,Chrysolophus pictus,0.261280685663223
121,Chrysolophus pictus,0.280502170324326
122,Chrysolophus pictus,0.25200217962265
123,Chrysolophus pictus,0.00950499158352613
124,Chrysolophus pictus,0.0543892905116081
125,Chrysolophus pictus,0.0225483514368534
126,Chrysolophus pictus,0.0539003908634186
127,Chrysolophus pictus,0.0625334456562996
128,Chrysolophus pictus,0.0501587651669979
129,Chrysolophus pictus,0.0146911907941103
130,Chrysolophus pictus,0.125424817204475
131,Chrysolophus pictus,0.689127862453461
132,Chrysolophus pictus,0.712003767490387
133,Chrysolophus pictus,0.693912327289581
134,Chrysolophus pictus,0.64681339263916
135,Chrysolophus pictus,0.54455703496933
136,Chrysolophus pictus,0.406454384326935
137,Chrysolophus pictus,0.291282087564468
138,Chrysolophus pictus,0.08194600045681
139,Chrysolophus pictus,0.0356238931417465
140,Chrysolophus pictus,0.0474177598953247
141,Chrysolophus pictus,0.0968660786747932
142,Chrysolophus pictus,0.230450212955475
143,Chrysolophus pictus,0.29220587015152
144,Chrysolophus pictus,0.359551995992661
145,Chrysolophus pictus,0.225154653191566
146,Chrysolophus pictus,0.137720584869385
147,Chrysolophus pictus,0.0167590938508511
148,Chrysolophus pictus,0.035782340914011
149,Chrysolophus pictus,0.055459126830101
150,Chrysolophus pictus,0.0441124476492405
151,Chrysolophus pictus,0.0265553556382656
152,Chrysolophus pictus,0.0607182458043098
153,Chrysolophus pictus,0.0342023074626923
154,Chrysolophus pictus,0.0197334382683039
155,Chrysolophus pictus,0.0854253843426704
156,Chrysolophus pictus,0.0153223816305399
157,Chrysolophus pictus,0.0193130504339933
158,Chrysolophus pictus,0.0321901328861713
159,Chrysolophus pictus,0.451245337724686
160,Chrysolophus pictus,0.575106680393219
161,Chrysolophus pictus,0.692865490913391
162,Chrysolophus pictus,0.678805351257324
163,Chrysolophus pictus,0.585660636425018
164,Chrysolophus pictus,0.55838930606842
165,Chrysolophus pictus,0.482873737812042
166,Chrysolophus pictus,0.363347798585892
167,Chrysolophus pictus,0.0627816095948219
168,Chrysolophus pictus,0.0385750606656075
169,Chrysolophus pictus,0.0779153034090996
170,Chrysolophus pictus,0.15108522772789
171,Chrysolophus pictus,0.177394077181816
172,Chrysolophus pictus,0.273557960987091
173,Chrysolophus pictus,0.296104401350021
174,Chrysolophus pictus,0.322128176689148
175,Chrysolophus pictus,0.152470514178276
176,Chrysolophus pictus,0.089562438428402
177,Chrysolophus pictus,0.000558217929210514
178,Chrysolophus pictus,0.25414451956749
179,Chrysolophus pictus,0.00184160261414945
180,Chrysolophus pictus,0.00626310659572482
181,Chrysolophus pictus,0.0129031594842672
182,Chrysolophus pictus,0.0270096659660339
183,Chrysolophus pictus,0.018927913159132
184,Chrysolophus pictus,0.0346964187920094
185,Chrysolophus pictus,0.135557159781456
186,Chrysolophus pictus,0.0529465228319168
187,Chrysolophus pictus,0.0180027671158314
188,Chrysolophus pictus,0.0349397696554661
189,Chrysolophus pictus,0.178057938814163
190,Chrysolophus pictus,0.00959411170333624
191,Chrysolophus pictus,0.0332640446722508
192,Chrysolophus pictus,0.0295920316129923
193,Chrysolophus pictus,0.36297407746315
194,Chrysolophus pictus,0.39288392663002
195,Chrysolophus pictus,0.73109632730484
196,Chrysolophus pictus,0.751227021217346
197,Chrysolophus pictus,0.623193204402924
198,Chrysolophus pictus,0.487733721733093
199,Chrysolophus pictus,0.511900007724762
200,Chrysolophus pictus,0.427809476852417
201,Chrysolophus pictus,0.0981929823756218
202,Chrysolophus pictus,0.0412787571549416
203,Chrysolophus pictus,0.0715209543704987
204,Chrysolophus pictus,0.103542380034924
205,Chrysolophus pictus,0.0673338547348976
206,Chrysolophus pictus,0.126127004623413
207,Chrysolophus pictus,0.223573982715607
208,Chrysolophus pictus,0.14657025039196
209,Chrysolophus pictus,0.0667367503046989
210,Chrysolophus pictus,0.1102334856987
211,Chrysolophus pictus,0.0117451697587967
212,Chrysolophus pictus,0.0377776063978672
213,Chrysolophus pictus,0.0057114539667964
214,Chrysolophus pictus,0.314766854047775
215,Chrysolophus pictus,0.00277878344058991
216,Chrysolophus pictus,0.000544883136171848
217,Chrysolophus pictus,0.00111072254367173
218,Chrysolophus pictus,0.00451419409364462
219,Chrysolophus pictus,0.0127920052036643
220,Chrysolophus pictus,0.0259926281869411
221,Chrysolophus pictus,0.136413395404816
222,Chrysolophus pictus,0.0306049007922411
223,Chrysolophus pictus,0.0226403754204512
224,Chrysolophus pictus,0.138783499598503
225,Chrysolophus pictus,0.0857419297099114
226,Chrysolophus pictus,0.00751378247514367
227,Chrysolophus pictus,0.0715258941054344
228,Chrysolophus pictus,0.399681925773621
229,Chrysolophus pictus,0.236677542328835
230,Chrysolophus pictus,0.363708645105362
231,Chrysolophus pictus,0.599197328090668
232,Chrysolophus pictus,0.777986466884613
233,Chrysolophus pictus,0.691325068473816
234,Chrysolophus pictus,0.582764863967896
235,Chrysolophus pictus,0.50035172700882
236,Chrysolophus pictus,0.556524574756622
237,Chrysolophus pictus,0.279693841934204
238,Chrysolophus pictus,0.0476938001811504
239,Chrysolophus pictus,0.0411629714071751
240,Chrysolophus pictus,0.0430343747138977
241,Chrysolophus pictus,0.120679661631584
242,Chrysolophus pictus,0.0707607343792915
243,Chrysolophus pictus,0.140981405973434
244,Chrysolophus pictus,0.0945990234613419
245,Chrysolophus pictus,0.0463054552674294
246,Chrysolophus pictus,0.0869319587945938
247,Chrysolophus pictus,0.0859649628400803
248,Chrysolophus pictus,0.229076370596886
249,Chrysolophus pictus,0.0188429560512304
250,Chrysolophus pictus,0.285752356052399
251,Chrysolophus pictus,0.0304350145161152
252,Chrysolophus pictus,0.00438990304246545
253,Chrysolophus pictus,0.00742283323779702
254,Chrysolophus pictus,0.000876202946528792
255,Chrysolophus pictus,0.00617633806541562
256,Chrysolophus pictus,0.0121751660481095
257,Chrysolophus pictus,0.11275539547205
258,Chrysolophus pictus,0.0183811690658331
259,Chrysolophus pictus,0.0309090446680784
260,Chrysolophus pictus,0.0318904854357243
261,Chrysolophus pictus,0.0849346593022347
262,Chrysolophus pictus,0.0219867844134569
263,Chrysolophus pictus,0.0503562614321709
264,Chrysolophus pictus,0.383761763572693
265,Chrysolophus pictus,0.224006772041321
266,Chrysolophus pictus,0.594554603099823
267,Chrysolophus pictus,0.410274654626846
268,Chrysolophus pictus,0.720770001411438
269,Chrysolophus pictus,0.73984694480896
270,Chrysolophus pictus,0.609490811824799
271,Chrysolophus pictus,0.617360711097717
272,Chrysolophus pictus,0.514831066131592
273,Chrysolophus pictus,0.46249184012413
274,Chrysolophus pictus,0.206078812479973
275,Chrysolophus pictus,0.0613914169371128
276,Chrysolophus pictus,0.0923161506652832
277,Chrysolophus pictus,0.14340740442276
278,Chrysolophus pictus,0.187253713607788
279,Chrysolophus pictus,0.0544384941458702
280,Chrysolophus pictus,0.049730259925127
281,Chrysolophus pictus,0.0451105423271656
282,Chrysolophus pictus,0.356108695268631
283,Chrysolophus pictus,0.115273505449295
284,Chrysolophus pictus,0.0256902985274792
285,Chrysolophus pictus,0.123640365898609
286,Chrysolophus pictus,0.686696350574493
287,Chrysolophus pictus,0.225875303149223
288,Chrysolophus pictus,0.0237765163183212
289,Chrysolophus pictus,0.0046263113617897
290,Chrysolophus pictus,0.00377590302377939
291,Chrysolophus pictus,0.00502951769158244
292,Chrysolophus pictus,0.0101268701255322
293,Chrysolophus pictus,0.00966264493763447
294,Chrysolophus pictus,0.0154303936287761
295,Chrysolophus pictus,0.0236791148781776
296,Chrysolophus pictus,0.0281685497611761
297,Chrysolophus pictus,0.0402656048536301
298,Chrysolophus pictus,0.0391726829111576
299,Chrysolophus pictus,0.0585024133324623
300,Chrysolophus pictus,0.121387757360935
301,Chrysolophus pictus,0.0758002400398254
302,Chrysolophus pictus,0.697697162628174
303,Chrysolophus pictus,0.591408848762512
304,Chrysolophus pictus,0.769700825214386
305,Chrysolophus pictus,0.763945162296295
306,Chrysolophus pictus,0.698188900947571
307,Chrysolophus pictus,0.660901963710785
308,Chrysolophus pictus,0.513437867164612
309,Chrysolophus pictus,0.132818177342415
310,Chrysolophus pictus,0.0947644710540771
311,Chrysolophus pictus,0.135405763983727
312,Chrysolophus pictus,0.0725919753313065
313,Chrysolophus pictus,0.034256599843502
314,Chrysolophus pictus,0.0234273821115494
315,Chrysolophus pictus,0.0425988622009754
316,Chrysolophus pictus,0.0198857970535755
317,Chrysolophus pictus,0.0408534556627274
318,Chrysolophus pictus,0.153613284230232
319,Chrysolophus pictus,0.0456213392317295
320,Chrysolophus pictus,0.00118616363033652
321,Chrysolophus pictus,0.495776444673538
322,Chrysolophus pictus,0.516484260559082
323,Chrysolophus pictus,0.208942472934723
324,Chrysolophus pictus,0.363688796758652
325,Chrysolophus pictus,0.642576038837433
326,Chrysolophus pictus,0.0856883004307747
327,Chrysolophus pictus,0.013229045085609
328,Chrysolophus pictus,0.00426725624129176
329,Chrysolophus pictus,0.000642667175270617
330,Chrysolophus pictus,0.00041566978325136
331,Chrysolophus pictus,0.00465267756953836
332,Chrysolophus pictus,0.00345678231678903
333,Chrysolophus pictus,0.00767909223213792
334,Chrysolophus pictus,0.0188055895268917
335,Chrysolophus pictus,0.0296963043510914
336,Chrysolophus pictus,0.00595634430646896
337,Chrysolophus pictus,0.0332112163305283
338,Chrysolophus pictus,0.0248684231191874
339,Chrysolophus pictus,0.11873634904623
340,Chrysolophus pictus,0.187295436859131
341,Chrysolophus pictus,0.175158843398094
342,Chrysolophus pictus,0.846731722354889
343,Chrysolophus pictus,0.824992775917053
344,Chrysolophus pictus,0.794198036193848
345,Chrysolophus pictus,0.644074261188507
346,Chrysolophus pictus,0.652682721614838
347,Chrysolophus pictus,0.534931898117065
348,Chrysolophus pictus,0.19294784963131
349,Chrysolophus pictus,0.0704994797706604
350,Chrysolophus pictus,0.0550704933702946
351,Chrysolophus pictus,0.0523469373583794
352,Chrysolophus pictus,0.0413592644035816
353,Chrysolophus pictus,0.0528061240911484
354,Chrysolophus pictus,0.120136350393295
355,Chrysolophus pictus,0.0956292822957039
356,Chrysolophus pictus,0.112758055329323
357,Chrysolophus pictus,0.126191943883896
358,Chrysolophus pictus,0.0661596581339836
359,Chrysolophus pictus,0.00187952246051282
360,Chrysolophus pictus,0.0463046692311764
361,Chrysolophus pictus,0.336749404668808
362,Chrysolophus pictus,0.16901621222496
363,Chrysolophus pictus,0.0528618767857552
364,Chrysolophus pictus,0.214962318539619
365,Chrysolophus pictus,0.0201611164957285
366,Chrysolophus pictus,0.00395424384623766
367,Chrysolophus pictus,0.00114337936975062
368,Chrysolophus pictus,0.000188547812285833
369,Chrysolophus pictus,0.00136737991124392
370,Chrysolophus pictus,0.00218102382495999
371,Chrysolophus pictus,0.00338764861226082
372,Chrysolophus pictus,0.0038432574365288
373,Chrysolophus pictus,0.0115400133654475
374,Chrysolophus pictus,0.00319410301744938
375,Chrysolophus pictus,0.0209588687866926
376,Chrysolophus pictus,0.0172819755971432
377,Chrysolophus pictus,0.0256294440478086
378,Chrysolophus pictus,0.0513217896223068
379,Chrysolophus pictus,0.128064692020416
380,Chrysolophus pictus,0.551195025444031
381,Chrysolophus pictus,0.737873077392578
382,Chrysolophus pictus,0.771742701530457
383,Chrysolophus pictus,0.525806605815888
384,Chrysolophus pictus,0.191847503185272
385,Chrysolophus pictus,0.629642128944397
386,Chrysolophus pictus,0.516384840011597
387,Chrysolophus pictus,0.437997102737427
388,Chrysolophus pictus,0.0902630910277367
389,Chrysolophus pictus,0.0396058857440949
390,Chrysolophus pictus,0.0172523614019156
391,Chrysolophus pictus,0.00684668309986591
392,Chrysolophus pictus,0.00769548350945115
393,Chrysolophus pictus,0.0250043757259846
394,Chrysolophus pictus,0.162183701992035
395,Chrysolophus pictus,0.26415142416954
396,Chrysolophus pictus,0.000118784337246325
397,Chrysolophus pictus,0.000177544745383784
398,Chrysolophus pictus,0.0028740328270942
399,Chrysolophus pictus,0.00395246967673302
400,Chrysolophus pictus,0.00756569858640432
401,Chrysolophus pictus,0.00253698276355863
402,Chrysolophus pictus,0.00218913075514138
403,Chrysolophus pictus,0.000764006923418492
404,Chrysolophus pictus,0.00026283334591426
405,Chrysolophus pictus,0.000125697668408975
406,Chrysolophus pictus,0.000388952030334622
407,Chrysolophus pictus,0.000587799935601652
408,Chrysolophus pictus,0.00149921316187829
409,Chrysolophus pictus,0.00704476423561573
410,Chrysolophus pictus,0.0054210526868701
411,Chrysolophus pictus,0.00740143936127424
412,Chrysolophus pictus,0.0128873474895954
413,Chrysolophus pictus,0.0100128119811416
414,Chrysolophus pictus,0.035954624414444
415,Chrysolophus pictus,0.0560841523110867
416,Chrysolophus pictus,0.115524284541607
417,Chrysolophus pictus,0.0681140497326851
418,Chrysolophus pictus,0.39355331659317
419,Chrysolophus pictus,0.460681021213532
420,Chrysolophus pictus,0.5258509516716
421,Chrysolophus pictus,0.169242203235626
422,Chrysolophus pictus,0.469489187002182
423,Chrysolophus pictus,0.0291389487683773
424,Chrysolophus pictus,0.0113869812339544
425,Chrysolophus pictus,0.230030253529549
426,Chrysolophus pictus,0.0146892480552197
427,Chrysolophus pictus,0.00803740229457617
428,Chrysolophus pictus,0.0031410560477525
429,Chrysolophus pictus,0.00138083810452372
430,Chrysolophus pictus,0.00109165871981531
431,Chrysolophus pictus,0.00381590658798814
432,Chrysolophus pictus,0.129589572548866
433,Chrysolophus pictus,0.77850478887558
434,Chrysolophus pictus,2.51659203058807e-05
435,Chrysolophus pictus,0.000539917615242302
436,Chrysolophus pictus,0.000398689007852227
437,Chrysolophus pictus,0.000212852275581099
438,Chrysolophus pictus,0.000106170002254657
439,Chrysolophus pictus,0.000647813139948994
440,Chrysolophus pictus,0.000171898675034754
441,Chrysolophus pictus,6.10865972703323e-05
442,Chrysolophus pictus,0.000124049940495752
443,Chrysolophus pictus,0.000108560001535807
444,Chrysolophus pictus,0.000418269744841382
445,Chrysolophus pictus,0.00434788502752781
446,Chrysolophus pictus,0.00322125130333006
447,Chrysolophus pictus,0.00553079973906279
448,Chrysolophus pictus,0.00988877471536398
449,Chrysolophus pictus,0.0506021678447723
450,Chrysolophus pictus,0.0147680472582579
451,Chrysolophus pictus,0.0115328235551715
452,Chrysolophus pictus,0.118657656013966
453,Chrysolophus pictus,0.214610427618027
454,Chrysolophus pictus,0.0222912020981312
455,Chrysolophus pictus,0.0346531197428703
456,Chrysolophus pictus,0.0817878991365433
457,Chrysolophus pictus,0.092499814927578
458,Chrysolophus pictus,0.0465130507946014
459,Chrysolophus pictus,0.0522747188806534
460,Chrysolophus pictus,0.0375616513192654
461,Chrysolophus pictus,0.0318090207874775
462,Chrysolophus pictus,0.0149210076779127
463,Chrysolophus pictus,0.00508335931226611
464,Chrysolophus pictus,0.000642113271169365
465,Chrysolophus pictus,0.00046920235035941
466,Chrysolophus pictus,0.000113994508865289
467,Chrysolophus pictus,0.00016702405991964
468,Chrysolophus pictus,0.000233020531595685
469,Chrysolophus pictus,2.72485590357974e-06
470,Chrysolophus pictus,2.09321406146046e-05
471,Chrysolophus pictus,0.000119356453069486
472,Chrysolophus pictus,0.000114899281470571
473,Chrysolophus pictus,5.98029619141016e-05
474,Chrysolophus pictus,5.76414640818257e-05
475,Chrysolophus pictus,3.1938157917466e-05
476,Chrysolophus pictus,8.56775732245296e-05
477,Chrysolophus pictus,3.56764539901633e-05
478,Chrysolophus pictus,3.44239342666697e-05
479,Chrysolophus pictus,6.34631578577682e-05
480,Chrysolophus pictus,0.000305073248455301
481,Chrysolophus pictus,0.0067589208483696
482,Chrysolophus pictus,0.00204379810020328
483,Chrysolophus pictus,0.010772630572319
484,Chrysolophus pictus,0.00173547479789704
485,Chrysolophus pictus,0.00827222596853972
486,Chrysolophus pictus,0.0170024875551462
487,Chrysolophus pictus,0.0258398074656725
488,Chrysolophus pictus,0.00942867156118155
489,Chrysolophus pictus,0.0892870351672173
490,Chrysolophus pictus,0.140096679329872
491,Chrysolophus pictus,0.00382469990290701
492,Chrysolophus pictus,0.000715488044079393
493,Chrysolophus pictus,0.00220410316251218
494,Chrysolophus pictus,0.00231118663214147
495,Chrysolophus pictus,0.000524553121067584
496,Chrysolophus pictus,0.000118135765660554
497,Chrysolophus pictus,0.000205828691832721
498,Chrysolophus pictus,0.00364438979886472
499,Chrysolophus pictus,0.00148600887041539
500,Chrysolophus pictus,5.44294607607299e-06
501,Chrysolophus pictus,2.33730520449171e-06
502,Chrysolophus pictus,5.27238717040746e-06
503,Chrysolophus pictus,8.56377573654754e-06
504,Chrysolophus pictus,7.12399996700697e-05
505,Chrysolophus pictus,0.0216979663819075
506,Chrysolophus pictus,1.93956975635956e-06
507,Chrysolophus pictus,8.89928833203157e-06
508,Chrysolophus pictus,1.10364426291198e-05
509,Chrysolophus pictus,8.00288762548007e-05
510,Chrysolophus pictus,8.85441259015352e-05
511,Chrysolophus pictus,1.06986744867754e-05
512,Chrysolophus pictus,1.27202383737313e-05
513,Chrysolophus pictus,1.2174305084045e-05
514,Chrysolophus pictus,1.13072401290992e-05
515,Chrysolophus pictus,0.00013339621364139
516,Chrysolophus pictus,0.000183310097781941
517,Chrysolophus pictus,3.84420418413356e-05
518,Chrysolophus pictus,0.0015070476802066
519,Chrysolophus pictus,0.00276333442889154
520,Chrysolophus pictus,0.000181842056917958
521,Chrysolophus pictus,0.00191600644029677
522,Chrysolophus pictus,0.001218720106408
523,Chrysolophus pictus,0.00308616808615625
524,Chrysolophus pictus,0.00393768539652228
525,Chrysolophus pictus,0.00303564430214465
526,Chrysolophus pictus,0.00774194952100515
527,Chrysolophus pictus,0.00873110443353653
528,Chrysolophus pictus,0.000892443698830903
529,Chrysolophus pictus,6.40410144114867e-05
530,Chrysolophus pictus,5.16934278493864e-06
531,Chrysolophus pictus,2.35679408433498e-06
532,Chrysolophus pictus,1.19631877169013e-05
533,Chrysolophus pictus,9.84155462901981e-07
534,Chrysolophus pictus,6.47170054435264e-07
535,Chrysolophus pictus,1.40958741212671e-06
536,Chrysolophus pictus,5.82785178266931e-05
537,Chrysolophus pictus,2.68234998657135e-05
538,Chrysolophus pictus,3.18247111863457e-06
539,Chrysolophus pictus,1.09842250850534e-08
540,Chrysolophus pictus,7.82008982014304e-08
541,Chrysolophus pictus,7.79297465669515e-07
542,Chrysolophus pictus,1.66101690410869e-05
543,Chrysolophus pictus,0.00165916373953223
544,Chrysolophus pictus,0.0215196255594492
545,Chrysolophus pictus,0.000146548598422669
546,Chrysolophus pictus,0.000116116476419847
547,Chrysolophus pictus,0.0290750786662102
548,Chrysolophus pictus,0.000513260194566101
549,Chrysolophus pictus,0.000350005371728912
550,Chrysolophus pictus,1.17003510240465e-05
551,Chrysolophus pictus,0.000107029030914418
552,Chrysolophus pictus,0.00016199445235543
553,Chrysolophus pictus,2.81779011856997e-05
554,Chrysolophus pictus,1.92424249689793e-05
555,Chrysolophus pictus,5.12589722347911e-05
556,Chrysolophus pictus,0.000354291609255597
557,Chrysolophus pictus,0.000418365525547415
558,Chrysolophus pictus,0.000470723054604605
559,Chrysolophus pictus,0.000967216852586716
560,Chrysolophus pictus,0.000438719900557771
561,Chrysolophus pictus,0.000366365478839725
562,Chrysolophus pictus,0.000333417905494571
563,Chrysolophus pictus,0.000829893455374986
564,Chrysolophus pictus,0.00188577477820218
565,Chrysolophus pictus,2.59372282016557e-05
566,Chrysolophus pictus,0.000844287395011634
567,Chrysolophus pictus,4.5001042963122e-06
568,Chrysolophus pictus,5.07510890201957e-07
569,Chrysolophus pictus,3.05937902567166e-07
570,Chrysolophus pictus,3.7625527511409e-06
571,Chrysolophus pictus,3.08898187029172e-08
572,Chrysolophus pictus,1.57480730678117e-08
573,Chrysolophus pictus,9.94459625758282e-09
574,Chrysolophus pictus,2.99375368939536e-09
575,Chrysolophus pictus,5.04712215843028e-06
576,Chrysolophus pictus,8.64100547914859e-06
577,Chrysolophus pictus,6.1180804777905e-07
578,Chrysolophus pictus,4.97917174158147e-09
579,Chrysolophus pictus,2.35742874110656e-08
580,Chrysolophus pictus,1.83824198529692e-07
581,Chrysolophus pictus,0.0254878681153059
582,Chrysolophus pictus,0.0209186431020498
583,Chrysolophus pictus,0.0169858336448669
584,Chrysolophus pictus,9.31501417653635e-05
585,Chrysolophus pictus,9.46757765518669e-08
586,Chrysolophus pictus,1.8551160962943e-07
587,Chrysolophus pictus,1.33772082300254e-09
588,Chrysolophus pictus,1.378984010314e-10
589,Chrysolophus pictus,4.43347714096376e-09
590,Chrysolophus pictus,1.43862899371072e-09
591,Chrysolophus pictus,1.43840317434751e-08
592,Chrysolophus pictus,2.50035263889004e-05
593,Chrysolophus pictus,0.000102831705589779
594,Chrysolophus pictus,0.000297249993309379
595,Chrysolophus pictus,0.000538009684532881
596,Chrysolophus pictus,0.00028090481646359
597,Chrysolophus pictus,0.000213078688830137
598,Chrysolophus pictus,0.00055314542260021
599,Chrysolophus pictus,0.000220660818740726
600,Chrysolophus pictus,0.000150455656694248
601,Chrysolophus pictus,1.20961175298362e-07
602,Chrysolophus pictus,1.17529467047461e-07
603,Chrysolophus pictus,3.18382546993234e-08
604,Chrysolophus pictus,4.70284192033432e-07
605,Chrysolophus pictus,3.17357318202482e-09
606,Chrysolophus pictus,6.65289068280117e-09
607,Chrysolophus pictus,2.25360863304047e-09
608,Chrysolophus pictus,2.43576581127059e-09
609,Chrysolophus pictus,2.45865283687863e-09
610,Chrysolophus pictus,5.38368349900509e-10
611,Chrysolophus pictus,8.49873088570874e-11
612,Chrysolophus pictus,6.39116564116193e-08
613,Chrysolophus pictus,3.01415269632344e-07
614,Chrysolophus pictus,2.23547246491762e-07
615,Chrysolophus pictus,2.30494667796677e-09
616,Chrysolophus pictus,1.54616586200973e-08
617,Chrysolophus pictus,1.04849905255833e-05
618,Chrysolophus pictus,0.324512481689453
619,Chrysolophus pictus,1.47755145007977e-05
620,Chrysolophus pictus,2.84572898578972e-09
621,Chrysolophus pictus,5.92960613943205e-09
622,Chrysolophus pictus,1.99262633060471e-08
623,Chrysolophus pictus,3.24606758139723e-10
624,Chrysolophus pictus,5.65340959809979e-12
625,Chrysolophus pictus,2.04459035422697e-13
626,Chrysolophus pictus,1.08411361485206e-11
627,Chrysolophus pictus,8.57450655616932e-12
628,Chrysolophus pictus,2.77462997022582e-10
629,Chrysolophus pictus,2.33228852897227e-10
630,Chrysolophus pictus,1.52172341394419e-09
631,Chrysolophus pictus,1.0872758693381e-08
632,Chrysolophus pictus,6.15456627883759e-08
633,Chrysolophus pictus,8.24813852773332e-08
634,Chrysolophus pictus,1.51954466787174e-07
635,Chrysolophus pictus,1.89673968975512e-07
636,Chrysolophus pictus,7.32462353880692e-07
637,Chrysolophus pictus,1.02866115625488e-08
638,Chrysolophus pictus,1.262058191287e-07
639,Chrysolophus pictus,9.55601264784889e-10
640,Chrysolophus pictus,4.08691969155939e-11
641,Chrysolophus pictus,1.68320357651908e-11
642,Chrysolophus pictus,2.02563166240566e-09
643,Chrysolophus pictus,1.89482096679683e-10
644,Chrysolophus pictus,1.02201892782094e-10
645,Chrysolophus pictus,1.25877242657113e-11
646,Chrysolophus pictus,5.27221885940343e-12
647,Chrysolophus pictus,2.22044604925031e-16
648,Chrysolophus pictus,3.05086576661562e-13
649,Chrysolophus pictus,5.00042729445482e-10
650,Chrysolophus pictus,6.97589497278273e-09
651,Chrysolophus pictus,1.24376375865154e-09
652,Chrysolophus pictus,5.19197485004952e-08
653,Chrysolophus pictus,1.18342402544158e-09
654,Chrysolophus pictus,8.43591241306285e-09
655,Chrysolophus pictus,3.85013350978625e-07
656,Chrysolophus pictus,0.218707323074341
657,Chrysolophus pictus,2.33916512115684e-06
658,Chrysolophus pictus,1.35356952313259e-08
659,Chrysolophus pictus,5.4788986680876e-09
660,Chrysolophus pictus,2.7890675879938e-10
661,Chrysolophus pictus,2.10143725337675e-11
662,Chrysolophus pictus,1.35990762921423e-12
663,Chrysolophus pictus,2.41126942631537e-13
664,Chrysolophus pictus,4.93472884083301e-12
665,Chrysolophus pictus,2.25570170181433e-11
666,Chrysolophus pictus,1.73867361480395e-11
667,Chrysolophus pictus,4.01125356888632e-12
668,Chrysolophus pictus,2.84075020451358e-11
669,Chrysolophus pictus,2.91678375896609e-10
670,Chrysolophus pictus,3.65843106919783e-08
671,Chrysolophus pictus,3.91437794178273e-07
672,Chrysolophus pictus,1.21926668725791e-05
673,Chrysolophus pictus,2.03267359211168e-06
674,Chrysolophus pictus,7.66433822718682e-06
675,Chrysolophus pictus,2.94065305439517e-08
676,Chrysolophus pictus,1.57976494108425e-08
677,Chrysolophus pictus,1.24748197882774e-11
678,Chrysolophus pictus,2.42646939867253e-13
679,Chrysolophus pictus,1.66219826531339e-12
680,Chrysolophus pictus,2.22044604925031e-16
681,Chrysolophus pictus,5.51363685610817e-12
682,Chrysolophus pictus,2.64491848561699e-11
683,Chrysolophus pictus,1.99795475303022e-11
684,Chrysolophus pictus,1.74123519422476e-13
685,Chrysolophus pictus,1.23731016751782e-12
686,Chrysolophus pictus,5.84433760067449e-13
687,Chrysolophus pictus,1.3168063861535e-10
688,Chrysolophus pictus,6.89934998021613e-10
689,Chrysolophus pictus,8.18884803716058e-12
690,Chrysolophus pictus,2.17987433659417e-10
691,Chrysolophus pictus,1.5079383575145e-10
692,Chrysolophus pictus,2.54532450671974e-10
693,Chrysolophus pictus,1.40053080244229e-09
694,Chrysolophus pictus,5.46763606612544e-11
695,Chrysolophus pictus,3.22533821872639e-09
696,Chrysolophus pictus,2.71790522674564e-05
697,Chrysolophus pictus,0.00112607539631426
698,Chrysolophus pictus,3.33660273099667e-06
699,Chrysolophus pictus,1.77782766286327e-07
700,Chrysolophus pictus,2.16109310713364e-06
701,Chrysolophus pictus,2.69665428875854e-10
702,Chrysolophus pictus,7.25237300769344e-11
703,Chrysolophus pictus,8.66557433448767e-12
704,Chrysolophus pictus,2.27192938941079e-12
705,Chrysolophus pictus,6.77824116279702e-12
706,Chrysolophus pictus,1.87530442563588e-11
707,Chrysolophus pictus,1.02278324698446e-11
708,Chrysolophus pictus,1.71316454355974e-08
709,Chrysolophus pictus,6.97040718478093e-08
710,Chrysolophus pictus,2.00331129462938e-09
711,Chrysolophus pictus,3.7482288384183e-09
712,Chrysolophus pictus,8.0860242945846e-09
713,Chrysolophus pictus,3.30240865764608e-08
714,Chrysolophus pictus,2.57743380416287e-07
715,Chrysolophus pictus,1.50979445834309e-07
716,Chrysolophus pictus,6.29262142393117e-10
717,Chrysolophus pictus,4.87311441199623e-11
718,Chrysolophus pictus,2.22044604925031e-16
719,Chrysolophus pictus,2.22044604925031e-16
720,Chrysolophus pictus,7.12961645017024e-13
721,Chrysolophus pictus,1.51150047881556e-13
722,Chrysolophus pictus,3.72720029753054e-13
723,Chrysolophus pictus,3.12862339117356e-13
724,Chrysolophus pictus,1.78297846864343e-13
725,Chrysolophus pictus,3.02120307937859e-12
726,Chrysolophus pictus,2.22044604925031e-16
727,Chrysolophus pictus,3.04477200830516e-13
728,Chrysolophus pictus,2.17757843007371e-11
729,Chrysolophus pictus,1.37113626008656e-10
730,Chrysolophus pictus,4.73688692437246e-11
731,Chrysolophus pictus,8.88186139219593e-12
732,Chrysolophus pictus,2.73314895021803e-11
733,Chrysolophus pictus,1.09736117762105e-11
734,Chrysolophus pictus,7.22776742970166e-12
735,Chrysolophus pictus,8.70883741299622e-06
736,Chrysolophus pictus,0.00324627477675676
737,Chrysolophus pictus,5.18435335834511e-05
738,Chrysolophus pictus,2.29526885959785e-05
739,Chrysolophus pictus,0.000191890067071654
740,Chrysolophus pictus,1.55550617364497e-06
741,Chrysolophus pictus,1.26608146189255e-09
742,Chrysolophus pictus,2.16597104835126e-11
743,Chrysolophus pictus,2.84058443433821e-09
744,Chrysolophus pictus,2.39194242190877e-09
745,Chrysolophus pictus,1.47861003441108e-08
746,Chrysolophus pictus,2.1487911894269e-08
747,Chrysolophus pictus,7.37247507487382e-09
748,Chrysolophus pictus,2.70143976632831e-11
749,Chrysolophus pictus,2.53782671960634e-13
750,Chrysolophus pictus,6.29726468453357e-13
751,Chrysolophus pictus,2.22044604925031e-16
752,Chrysolophus pictus,1.41544241605285e-11
753,Chrysolophus pictus,9.09309427754579e-09
754,Chrysolophus pictus,2.22044604925031e-16
755,Chrysolophus pictus,2.22044604925031e-16
756,Chrysolophus pictus,2.22044604925031e-16
757,Chrysolophus pictus,2.22044604925031e-16
758,Chrysolophus pictus,2.22044604925031e-16
759,Chrysolophus pictus,1.73697766781868e-13
760,Chrysolophus pictus,1.46218182960761e-12
761,Chrysolophus pictus,4.1598425008435e-13
762,Chrysolophus pictus,1.57320513495714e-13
763,Chrysolophus pictus,3.16631351129568e-13
764,Chrysolophus pictus,2.22044604925031e-16
765,Chrysolophus pictus,2.22044604925031e-16
766,Chrysolophus pictus,2.22044604925031e-16
767,Chrysolophus pictus,0.0851263850927353
768,Chrysolophus pictus,0.00276730628684163
769,Chrysolophus pictus,4.10842621931806e-05
770,Chrysolophus pictus,1.57765998665127e-06
771,Chrysolophus pictus,5.03032424603589e-07
772,Chrysolophus pictus,1.1113260370621e-05
773,Chrysolophus pictus,0.000517685490194708
774,Chrysolophus pictus,2.65595073711822e-10
775,Chrysolophus pictus,1.00153941401133e-13
776,Chrysolophus pictus,5.95357903421245e-07
777,Chrysolophus pictus,2.12836952923068e-11
778,Chrysolophus pictus,1.7627128201525e-08
779,Chrysolophus pictus,1.66644640557934e-05
780,Chrysolophus pictus,2.22044604925031e-16
781,Chrysolophus pictus,2.22044604925031e-16
782,Chrysolophus pictus,2.22044604925031e-16
783,Chrysolophus pictus,2.22044604925031e-16
784,Chrysolophus pictus,2.22044604925031e-16
785,Chrysolophus pictus,1.92787084039858e-13
786,Chrysolophus pictus,2.22044604925031e-16
787,Chrysolophus pictus,2.22044604925031e-16
788,Chrysolophus pictus,2.22044604925031e-16
789,Chrysolophus pictus,2.22044604925031e-16
790,Chrysolophus pictus,2.22044604925031e-16
791,Chrysolophus pictus,2.22044604925031e-16
792,Chrysolophus pictus,2.22044604925031e-16
793,Chrysolophus pictus,2.22044604925031e-16
794,Chrysolophus pictus,2.20763524794165e-07
795,Chrysolophus pictus,1.7761279946793e-10
796,Chrysolophus pictus,3.32928919988262e-08
797,Chrysolophus pictus,4.42164385106025e-08
798,Chrysolophus pictus,0.000126331025967374
799,Chrysolophus pictus,0.00951990392059088
800,Chrysolophus pictus,2.22044604925031e-16
801,Chrysolophus pictus,2.22044604925031e-16
802,Chrysolophus pictus,2.22044604925031e-16
803,Chrysolophus pictus,1.40981562361808e-12
804,Chrysolophus pictus,4.46758325863342e-13
805,Chrysolophus pictus,2.22044604925031e-16
806,Chrysolophus pictus,2.22044604925031e-16
807,Chrysolophus pictus,2.22044604925031e-16
808,Chrysolophus pictus,2.22044604925031e-16
809,Chrysolophus pictus,2.22044604925031e-16
810,Chrysolophus pictus,2.22044604925031e-16
811,Chrysolophus pictus,2.22044604925031e-16
812,Chrysolophus pictus,2.22044604925031e-16
813,Chrysolophus pictus,2.22044604925031e-16
814,Chrysolophus pictus,2.22044604925031e-16
815,Chrysolophus pictus,2.22044604925031e-16
816,Chrysolophus pictus,2.22044604925031e-16
817,Chrysolophus pictus,2.22044604925031e-16
818,Chrysolophus pictus,2.22044604925031e-16
819,Chrysolophus pictus,2.22044604925031e-16
820,Chrysolophus pictus,8.99574165158512e-12
821,Chrysolophus pictus,2.22044604925031e-16
822,Chrysolophus pictus,5.99403892920236e-06
823,Chrysolophus pictus,1.47092407587479e-06
824,Chrysolophus pictus,2.22044604925031e-16
825,Chrysolophus pictus,2.22044604925031e-16
826,Chrysolophus pictus,2.22044604925031e-16
827,Chrysolophus pictus,2.22044604925031e-16
828,Chrysolophus pictus,3.33006372477129e-10
829,Chrysolophus pictus,2.22044604925031e-16
830,Chrysolophus pictus,2.22044604925031e-16
831,Chrysolophus pictus,2.22044604925031e-16
832,Chrysolophus pictus,2.22044604925031e-16
833,Chrysolophus pictus,2.22044604925031e-16
834,Chrysolophus pictus,2.22044604925031e-16
835,Chrysolophus pictus,2.22044604925031e-16
836,Chrysolophus pictus,2.22044604925031e-16
837,Chrysolophus pictus,2.22044604925031e-16
838,Chrysolophus pictus,2.22044604925031e-16
839,Chrysolophus pictus,2.22044604925031e-16
840,Chrysolophus pictus,2.69295057173796e-13
841,Chrysolophus pictus,5.44878748769406e-05
842,Chrysolophus pictus,2.22044604925031e-16
843,Chrysolophus pictus,2.22044604925031e-16
844,Chrysolophus pictus,2.22044604925031e-16
845,Chrysolophus pictus,2.22044604925031e-16
846,Chrysolophus pictus,2.22044604925031e-16
847,Chrysolophus pictus,2.22044604925031e-16
848,Chrysolophus pictus,2.22044604925031e-16
849,Chrysolophus pictus,2.22044604925031e-16
850,Chrysolophus pictus,2.22044604925031e-16
851,Chrysolophus pictus,2.22044604925031e-16
852,Chrysolophus pictus,2.22044604925031e-16
853,Chrysolophus pictus,2.22044604925031e-16
854,Chrysolophus pictus,2.22044604925031e-16
855,Chrysolophus pictus,2.22044604925031e-16
856,Chrysolophus pictus,2.22044604925031e-16
857,Chrysolophus pictus,2.22044604925031e-16
858,Chrysolophus pictus,2.22044604925031e-16
859,Chrysolophus pictus,2.22044604925031e-16
860,Chrysolophus pictus,2.22044604925031e-16
861,Chrysolophus pictus,2.22044604925031e-16
862,Chrysolophus pictus,1.74519669826623e-08
863,Chrysolophus pictus,2.22044604925031e-16
864,Chrysolophus pictus,2.22044604925031e-16
865,Chrysolophus pictus,2.22044604925031e-16
866,Chrysolophus pictus,2.22044604925031e-16
867,Chrysolophus pictus,2.22044604925031e-16
868,Chrysolophus pictus,2.20647675477914e-12
869,Chrysolophus pictus,2.22044604925031e-16
870,Chrysolophus pictus,2.22044604925031e-16
871,Chrysolophus pictus,2.22044604925031e-16
872,Chrysolophus pictus,2.22044604925031e-16
873,Chrysolophus pictus,2.22044604925031e-16
874,Chrysolophus pictus,2.22044604925031e-16
875,Chrysolophus pictus,2.22044604925031e-16
876,Chrysolophus pictus,2.22044604925031e-16
877,Chrysolophus pictus,2.22044604925031e-16
878,Chrysolophus pictus,2.22044604925031e-16
879,Chrysolophus pictus,2.22044604925031e-16
880,Chrysolophus pictus,4.87011320160491e-10
881,Chrysolophus pictus,2.22044604925031e-16
882,Chrysolophus pictus,2.22044604925031e-16
883,Chrysolophus pictus,2.22044604925031e-16
884,Chrysolophus pictus,2.22044604925031e-16
885,Chrysolophus pictus,2.22044604925031e-16
886,Chrysolophus pictus,2.22044604925031e-16
887,Chrysolophus pictus,2.22044604925031e-16
888,Chrysolophus pictus,2.22044604925031e-16
889,Chrysolophus pictus,2.22044604925031e-16
890,Chrysolophus pictus,2.22044604925031e-16
891,Chrysolophus pictus,2.22044604925031e-16
892,Chrysolophus pictus,2.22044604925031e-16
893,Chrysolophus pictus,2.22044604925031e-16
894,Chrysolophus pictus,2.22044604925031e-16
895,Chrysolophus pictus,4.18605363046443e-13
896,Chrysolophus pictus,3.0634484749284e-13
897,Chrysolophus pictus,2.22044604925031e-16
898,Chrysolophus pictus,2.22044604925031e-16
899,Chrysolophus pictus,2.22044604925031e-16
900,Chrysolophus pictus,2.22044604925031e-16
901,Chrysolophus pictus,2.22044604925031e-16
902,Chrysolophus pictus,2.22044604925031e-16
903,Chrysolophus pictus,2.22044604925031e-16
904,Chrysolophus pictus,2.22044604925031e-16
905,Chrysolophus pictus,2.22044604925031e-16
906,Chrysolophus pictus,2.22044604925031e-16
907,Chrysolophus pictus,2.22044604925031e-16
908,Chrysolophus pictus,2.22044604925031e-16
909,Chrysolophus pictus,2.22044604925031e-16
910,Chrysolophus pictus,2.22044604925031e-16
911,Chrysolophus pictus,2.22044604925031e-16
912,Chrysolophus pictus,2.22044604925031e-16
913,Chrysolophus pictus,2.22044604925031e-16
914,Chrysolophus pictus,2.22044604925031e-16
915,Chrysolophus pictus,2.22044604925031e-16
916,Chrysolophus pictus,2.22044604925031e-16
917,Chrysolophus pictus,2.22044604925031e-16
918,Chrysolophus pictus,2.22044604925031e-16
919,Chrysolophus pictus,2.22044604925031e-16
920,Chrysolophus pictus,2.22044604925031e-16
921,Chrysolophus pictus,2.22044604925031e-16
922,Chrysolophus pictus,2.22044604925031e-16
923,Chrysolophus pictus,2.22044604925031e-16
924,Chrysolophus pictus,2.22044604925031e-16
925,Chrysolophus pictus,2.22044604925031e-16
926,Chrysolophus pictus,2.22044604925031e-16
927,Chrysolophus pictus,2.22044604925031e-16
928,Chrysolophus pictus,2.22044604925031e-16
929,Chrysolophus pictus,2.22044604925031e-16
930,Chrysolophus pictus,2.22044604925031e-16
931,Chrysolophus pictus,2.22044604925031e-16
932,Chrysolophus pictus,2.22044604925031e-16
933,Chrysolophus pictus,2.22044604925031e-16
934,Chrysolophus pictus,2.22044604925031e-16
935,Chrysolophus pictus,2.22044604925031e-16
936,Chrysolophus pictus,2.22044604925031e-16
937,Chrysolophus pictus,2.22044604925031e-16
938,Chrysolophus pictus,2.22044604925031e-16
939,Chrysolophus pictus,2.22044604925031e-16
940,Chrysolophus pictus,2.22044604925031e-16
941,Chrysolophus pictus,2.22044604925031e-16
