province,grid_id,bio1,bio12,bio15,elev,climate_velocity,precip_velocity,climate_exposure,warming_rate,spatial_temp_grad,spatial_prec_grad
Anhui,907,1.71096668243408,1487,52.2759246826172,13,0.0441725398814915,0.00837904939982559,0.0682618595424368,0.22778909196967,0.515680313110352,379.330078125
Anhui,908,1.5731499671936,1640,55.7731781005859,311,0.0441725398814915,0.00837904939982559,0.0682618595424368,0.22778909196967,0.515680313110352,379.330078125
Anhui,909,1.59630002975464,1632,55.8616409301758,232,0.0441725398814915,0.00837904939982559,0.0682618595424368,0.22778909196967,0.515680313110352,379.330078125
Anhui,910,1.59701671600342,1622,55.0023574829102,230,0.0441725398814915,0.00837904939982559,0.0682618595424368,0.22778909196967,0.515680313110352,379.330078125
Anhui,911,1.52588329315186,1624,52.8860816955567,379,0.0441725398814915,0.00837904939982559,0.0682618595424368,0.22778909196967,0.515680313110352,379.330078125
Anhui,978,1.50711669921875,1549,55.4388046264648,442,0.0441725398814915,0.00837904939982559,0.0682618595424368,0.22778909196967,0.515680313110352,379.330078125
Anhui,979,1.69209995269775,1477,54.0254402160645,22,0.0441725398814915,0.00837904939982559,0.0682618595424368,0.22778909196967,0.515680313110352,379.330078125
Anhui,980,1.65186672210693,1507,55.0851669311524,51,0.0441725398814915,0.00837904939982559,0.0682618595424368,0.22778909196967,0.515680313110352,379.330078125
Anhui,981,1.55430002212524,1563,54.5717697143555,254,0.0441725398814915,0.00837904939982559,0.0682618595424368,0.22778909196967,0.515680313110352,379.330078125
Anhui,982,1.52173337936401,1545,52.3611869812012,286,0.0441725398814915,0.00837904939982559,0.0682618595424368,0.22778909196967,0.515680313110352,379.330078125
Anhui,983,1.48431663513184,1520,50.9246101379395,386,0.0441725398814915,0.00837904939982559,0.0682618595424368,0.22778909196967,0.515680313110352,379.330078125
Anhui,1052,1.33213329315186,1557,56.2602462768555,705,0.0441725398814915,0.00837904939982559,0.0682618595424368,0.22778909196967,0.515680313110352,379.330078125
Anhui,1053,1.6304500579834,1468,56.9190368652344,74,0.0441725398814915,0.00837904939982559,0.0682618595424368,0.22778909196967,0.515680313110352,379.330078125
Anhui,1054,1.59261665344238,1487,57.8910293579102,143,0.0441725398814915,0.00837904939982559,0.0682618595424368,0.22778909196967,0.515680313110352,379.330078125
Anhui,1055,1.64545001983643,1388,52.6914215087891,16,0.0441725398814915,0.00837904939982559,0.0682618595424368,0.22778909196967,0.515680313110352,379.330078125
Anhui,1056,1.54348335266113,1403,51.2105865478516,224,0.0441725398814915,0.00837904939982559,0.0682618595424368,0.22778909196967,0.515680313110352,379.330078125
Anhui,1057,1.41743335723877,1449,50.5348930358887,469,0.0441725398814915,0.00837904939982559,0.0682618595424368,0.22778909196967,0.515680313110352,379.330078125
Anhui,1125,1.40404996871948,1349,57.2737426757813,486,0.0441725398814915,0.00837904939982559,0.0682618595424368,0.22778909196967,0.515680313110352,379.330078125
Anhui,1126,1.48826665878296,1360,52.7640419006348,297,0.0441725398814915,0.00837904939982559,0.0682618595424368,0.22778909196967,0.515680313110352,379.330078125
Anhui,1127,1.60060005187988,1321,53.4685173034668,70,0.0441725398814915,0.00837904939982559,0.0682618595424368,0.22778909196967,0.515680313110352,379.330078125
Anhui,1128,1.62648334503174,1336,55.4160652160645,17,0.0441725398814915,0.00837904939982559,0.0682618595424368,0.22778909196967,0.515680313110352,379.330078125
Anhui,1129,1.6246000289917,1271,51.8698654174805,14,0.0441725398814915,0.00837904939982559,0.0682618595424368,0.22778909196967,0.515680313110352,379.330078125
Anhui,1130,1.60493335723877,1229,50.8593292236328,24,0.0441725398814915,0.00837904939982559,0.0682618595424368,0.22778909196967,0.515680313110352,379.330078125
Anhui,1131,1.59945001602173,1199,48.5180549621582,13,0.0441725398814915,0.00837904939982559,0.0682618595424368,0.22778909196967,0.515680313110352,379.330078125
Anhui,1132,1.57878332138062,1184,49.8089981079102,27,0.0441725398814915,0.00837904939982559,0.0682618595424368,0.22778909196967,0.515680313110352,379.330078125
Anhui,1200,1.57426662445068,1130,51.2175712585449,54,0.0441725398814915,0.00837904939982559,0.0682618595424368,0.22778909196967,0.515680313110352,379.330078125
Anhui,1201,1.56105003356934,1144,52.0149803161621,101,0.0441725398814915,0.00837904939982559,0.0682618595424368,0.22778909196967,0.515680313110352,379.330078125
Anhui,1202,1.59158334732056,1137,53.1026649475098,6,0.0441725398814915,0.00837904939982559,0.0682618595424368,0.22778909196967,0.515680313110352,379.330078125
Anhui,1203,1.61205005645752,1166,53.6907806396484,12,0.0441725398814915,0.00837904939982559,0.0682618595424368,0.22778909196967,0.515680313110352,379.330078125
Anhui,1204,1.59596662521362,1114,52.2683372497559,5,0.0441725398814915,0.00837904939982559,0.0682618595424368,0.22778909196967,0.515680313110352,379.330078125
Anhui,1277,1.55538330078125,975,57.1795883178711,23,0.0441725398814915,0.00837904939982559,0.0682618595424368,0.22778909196967,0.515680313110352,379.330078125
Anhui,1278,1.55205001831055,981,55.6967887878418,32,0.0441725398814915,0.00837904939982559,0.0682618595424368,0.22778909196967,0.515680313110352,379.330078125
Anhui,1279,1.54674997329712,1018,56.9474296569824,66,0.0441725398814915,0.00837904939982559,0.0682618595424368,0.22778909196967,0.515680313110352,379.330078125
Anhui,1280,1.5492166519165,1015,58.525447845459,55,0.0441725398814915,0.00837904939982559,0.0682618595424368,0.22778909196967,0.515680313110352,379.330078125
Anhui,1353,1.53784999847412,918,68.6918487548828,37,0.0441725398814915,0.00837904939982559,0.0682618595424368,0.22778909196967,0.515680313110352,379.330078125
Anhui,1354,1.54658336639404,889,67.4646759033203,29,0.0441725398814915,0.00837904939982559,0.0682618595424368,0.22778909196967,0.515680313110352,379.330078125
Anhui,1355,1.53576669692993,873,64.9127807617188,25,0.0441725398814915,0.00837904939982559,0.0682618595424368,0.22778909196967,0.515680313110352,379.330078125
Anhui,1356,1.55935001373291,900,64.0954132080078,55,0.0441725398814915,0.00837904939982559,0.0682618595424368,0.22778909196967,0.515680313110352,379.330078125
Anhui,1357,1.52434997558594,901,64.9783172607422,85,0.0441725398814915,0.00837904939982559,0.0682618595424368,0.22778909196967,0.515680313110352,379.330078125
Anhui,1358,1.52758331298828,916,67.3482971191406,73,0.0441725398814915,0.00837904939982559,0.0682618595424368,0.22778909196967,0.515680313110352,379.330078125
Anhui,1359,1.52600002288818,932,66.3154373168945,37,0.0441725398814915,0.00837904939982559,0.0682618595424368,0.22778909196967,0.515680313110352,379.330078125
Anhui,1432,1.52214994430542,843,73.9480361938477,38,0.0441725398814915,0.00837904939982559,0.0682618595424368,0.22778909196967,0.515680313110352,379.330078125
Anhui,1433,1.52648334503174,819,74.1684951782227,32,0.0441725398814915,0.00837904939982559,0.0682618595424368,0.22778909196967,0.515680313110352,379.330078125
Anhui,1434,1.52448329925537,803,73.2208938598633,26,0.0441725398814915,0.00837904939982559,0.0682618595424368,0.22778909196967,0.515680313110352,379.330078125
Anhui,1435,1.53273334503174,786,72.3127670288086,23,0.0441725398814915,0.00837904939982559,0.0682618595424368,0.22778909196967,0.515680313110352,379.330078125
Anhui,1436,1.54210004806519,797,75.1155014038086,17,0.0441725398814915,0.00837904939982559,0.0682618595424368,0.22778909196967,0.515680313110352,379.330078125
Anhui,1437,1.51813335418701,818,76.7858810424805,14,0.0441725398814915,0.00837904939982559,0.0682618595424368,0.22778909196967,0.515680313110352,379.330078125
Anhui,1439,1.51486663818359,911,73.9566421508789,2,0.0441725398814915,0.00837904939982559,0.0682618595424368,0.22778909196967,0.515680313110352,379.330078125
Anhui,1511,1.49995002746582,787,83.0537261962891,34,0.0441725398814915,0.00837904939982559,0.0682618595424368,0.22778909196967,0.515680313110352,379.330078125
Anhui,1512,1.50923328399658,744,83.2498016357422,29,0.0441725398814915,0.00837904939982559,0.0682618595424368,0.22778909196967,0.515680313110352,379.330078125
Anhui,1513,1.53091669082642,714,83.0328979492188,23,0.0441725398814915,0.00837904939982559,0.0682618595424368,0.22778909196967,0.515680313110352,379.330078125
Anhui,1514,1.52486667633057,742,85.3011322021484,21,0.0441725398814915,0.00837904939982559,0.0682618595424368,0.22778909196967,0.515680313110352,379.330078125
Anhui,1591,1.48359994888306,678,89.9576950073242,28,0.0441725398814915,0.00837904939982559,0.0682618595424368,0.22778909196967,0.515680313110352,379.330078125
Anhui,1592,1.48476667404175,701,91.8095245361328,27,0.0441725398814915,0.00837904939982559,0.0682618595424368,0.22778909196967,0.515680313110352,379.330078125
Anhui,1667,1.43765001296997,687,94.6519317626953,46,0.0441725398814915,0.00837904939982559,0.0682618595424368,0.22778909196967,0.515680313110352,379.330078125
Beijing,2556,0.848600006103516,524,123.055976867676,879,0.0434172833091068,0.00611343022609904,0.0512745911076958,0.157096469842086,0.361829340457916,185.958602905273
Beijing,2557,1.23383331298828,579,139.907775878906,48,0.0434172833091068,0.00611343022609904,0.0512745911076958,0.157096469842086,0.361829340457916,185.958602905273
Beijing,2558,1.18166666030884,541,143.378509521484,19,0.0434172833091068,0.00611343022609904,0.0512745911076958,0.157096469842086,0.361829340457916,185.958602905273
Beijing,2634,1.14731664657593,514,132.554595947266,83,0.0434172833091068,0.00611343022609904,0.0512745911076958,0.157096469842086,0.361829340457916,185.958602905273
Beijing,2635,1.13411664962769,525,137.326904296875,57,0.0434172833091068,0.00611343022609904,0.0512745911076958,0.157096469842086,0.361829340457916,185.958602905273
Beijing,2712,0.875950050354004,476,123.607780456543,547,0.0434172833091068,0.00611343022609904,0.0512745911076958,0.157096469842086,0.361829340457916,185.958602905273
Beijing,2713,0.908066654205322,504,128.881546020508,414,0.0434172833091068,0.00611343022609904,0.0512745911076958,0.157096469842086,0.361829340457916,185.958602905273
Chongqing,616,1.54884996414185,1318,60.6165809631348,725,0.0019952400259006,0.00490603655803741,0.00710953190322487,0.0101790158016724,0.510164976119995,407.420196533203
Chongqing,617,1.66991672515869,1339,60.4963569641113,444,0.0019952400259006,0.00490603655803741,0.00710953190322487,0.0101790158016724,0.510164976119995,407.420196533203
Chongqing,675,1.78680000305176,1103,68.0568389892578,340,0.0019952400259006,0.00490603655803741,0.00710953190322487,0.0101790158016724,0.510164976119995,407.420196533203
Chongqing,676,1.65648326873779,1120,65.4975738525391,603,0.0019952400259006,0.00490603655803741,0.00710953190322487,0.0101790158016724,0.510164976119995,407.420196533203
Chongqing,677,1.60486660003662,1157,63.7531089782715,676,0.0019952400259006,0.00490603655803741,0.00710953190322487,0.0101790158016724,0.510164976119995,407.420196533203
Chongqing,678,1.01418333053589,1347,59.3986434936524,1702,0.0019952400259006,0.00490603655803741,0.00710953190322487,0.0101790158016724,0.510164976119995,407.420196533203
Chongqing,679,1.58676662445068,1280,62.0901107788086,635,0.0019952400259006,0.00490603655803741,0.00710953190322487,0.0101790158016724,0.510164976119995,407.420196533203
Chongqing,680,1.44141664505005,1376,60.5415573120117,911,0.0019952400259006,0.00490603655803741,0.00710953190322487,0.0101790158016724,0.510164976119995,407.420196533203
Chongqing,681,1.66251659393311,1383,61.0660438537598,439,0.0019952400259006,0.00490603655803741,0.00710953190322487,0.0101790158016724,0.510164976119995,407.420196533203
Chongqing,743,1.69710006713867,1071,77.1035461425781,469,0.0019952400259006,0.00490603655803741,0.00710953190322487,0.0101790158016724,0.510164976119995,407.420196533203
Chongqing,744,1.76895008087158,1097,72.1577377319336,341,0.0019952400259006,0.00490603655803741,0.00710953190322487,0.0101790158016724,0.510164976119995,407.420196533203
Chongqing,745,1.81695003509521,1164,68.3694229125977,324,0.0019952400259006,0.00490603655803741,0.00710953190322487,0.0101790158016724,0.510164976119995,407.420196533203
Chongqing,746,1.76348323822021,1174,64.3587875366211,325,0.0019952400259006,0.00490603655803741,0.00710953190322487,0.0101790158016724,0.510164976119995,407.420196533203
Chongqing,747,1.36254997253418,1263,61.1074905395508,1038,0.0019952400259006,0.00490603655803741,0.00710953190322487,0.0101790158016724,0.510164976119995,407.420196533203
Chongqing,748,1.30250005722046,1344,60.0668640136719,1181,0.0019952400259006,0.00490603655803741,0.00710953190322487,0.0101790158016724,0.510164976119995,407.420196533203
Chongqing,749,1.45100002288818,1391,60.3093757629395,893,0.0019952400259006,0.00490603655803741,0.00710953190322487,0.0101790158016724,0.510164976119995,407.420196533203
Chongqing,815,1.78684997558594,1099,75.5380325317383,277,0.0019952400259006,0.00490603655803741,0.00710953190322487,0.0101790158016724,0.510164976119995,407.420196533203
Chongqing,816,1.74254989624023,1147,69.7679290771484,381,0.0019952400259006,0.00490603655803741,0.00710953190322487,0.0101790158016724,0.510164976119995,407.420196533203
Chongqing,817,1.68264999389648,1197,65.0726470947266,516,0.0019952400259006,0.00490603655803741,0.00710953190322487,0.0101790158016724,0.510164976119995,407.420196533203
Chongqing,818,1.7925666809082,1237,63.6332702636719,282,0.0019952400259006,0.00490603655803741,0.00710953190322487,0.0101790158016724,0.510164976119995,407.420196533203
Chongqing,819,1.56858329772949,1282,61.050594329834,719,0.0019952400259006,0.00490603655803741,0.00710953190322487,0.0101790158016724,0.510164976119995,407.420196533203
Chongqing,890,1.71768341064453,1257,64.9192657470703,444,0.0019952400259006,0.00490603655803741,0.00710953190322487,0.0101790158016724,0.510164976119995,407.420196533203
Chongqing,891,1.66398334503174,1292,61.5224838256836,582,0.0019952400259006,0.00490603655803741,0.00710953190322487,0.0101790158016724,0.510164976119995,407.420196533203
Chongqing,963,1.78388328552246,1258,64.7688598632813,265,0.0019952400259006,0.00490603655803741,0.00710953190322487,0.0101790158016724,0.510164976119995,407.420196533203
Chongqing,964,1.79645004272461,1271,63.6777381896973,221,0.0019952400259006,0.00490603655803741,0.00710953190322487,0.0101790158016724,0.510164976119995,407.420196533203
Chongqing,965,1.48388338088989,1333,62.7396049499512,862,0.0019952400259006,0.00490603655803741,0.00710953190322487,0.0101790158016724,0.510164976119995,407.420196533203
Chongqing,966,1.39111671447754,1328,62.8959465026856,948,0.0019952400259006,0.00490603655803741,0.00710953190322487,0.0101790158016724,0.510164976119995,407.420196533203
Chongqing,1037,1.42604999542236,1214,64.6001052856445,1003,0.0019952400259006,0.00490603655803741,0.00710953190322487,0.0101790158016724,0.510164976119995,407.420196533203
Chongqing,1038,1.52030000686646,1230,64.2275924682617,759,0.0019952400259006,0.00490603655803741,0.00710953190322487,0.0101790158016724,0.510164976119995,407.420196533203
Chongqing,1039,1.26160001754761,1263,63.4047508239746,1213,0.0019952400259006,0.00490603655803741,0.00710953190322487,0.0101790158016724,0.510164976119995,407.420196533203
Chongqing,1040,1.54490003585815,1217,64.4943389892578,643,0.0019952400259006,0.00490603655803741,0.00710953190322487,0.0101790158016724,0.510164976119995,407.420196533203
Chongqing,1112,0.977733325958252,1165,64.5655975341797,1771,0.0019952400259006,0.00490603655803741,0.00710953190322487,0.0101790158016724,0.510164976119995,407.420196533203
Fujian,232,2.08916664123535,1333,61.7525978088379,105,0.0363119075403054,0.000591234616477401,0.0768936195034331,0.21065370838633,0.580122947692871,508.344940185547
Fujian,233,2.10870838165283,1168,63.0155487060547,16,0.0363119075403054,0.000591234616477401,0.0768936195034331,0.21065370838633,0.580122947692871,508.344940185547
Fujian,272,1.82983341217041,1550,59.2594451904297,637,0.0363119075403054,0.000591234616477401,0.0768936195034331,0.21065370838633,0.580122947692871,508.344940185547
Fujian,273,1.99556674957275,1343,59.3357429504395,309,0.0363119075403054,0.000591234616477401,0.0768936195034331,0.21065370838633,0.580122947692871,508.344940185547
Fujian,274,2.11725006103516,1153,59.7125473022461,33,0.0363119075403054,0.000591234616477401,0.0768936195034331,0.21065370838633,0.580122947692871,508.344940185547
Fujian,310,1.67863330841064,1758,57.5284194946289,878,0.0363119075403054,0.000591234616477401,0.0768936195034331,0.21065370838633,0.580122947692871,508.344940185547
Fujian,311,1.96593341827393,1526,57.7074394226074,327,0.0363119075403054,0.000591234616477401,0.0768936195034331,0.21065370838633,0.580122947692871,508.344940185547
Fujian,312,1.94349994659424,1467,58.6061706542969,404,0.0363119075403054,0.000591234616477401,0.0768936195034331,0.21065370838633,0.580122947692871,508.344940185547
Fujian,313,1.75869998931885,1490,59.4820785522461,732,0.0363119075403054,0.000591234616477401,0.0768936195034331,0.21065370838633,0.580122947692871,508.344940185547
Fujian,314,1.88581657409668,1288,59.9145164489746,420,0.0363119075403054,0.000591234616477401,0.0768936195034331,0.21065370838633,0.580122947692871,508.344940185547
Fujian,315,2.00028343200684,1129,59.6985778808594,130,0.0363119075403054,0.000591234616477401,0.0768936195034331,0.21065370838633,0.580122947692871,508.344940185547
Fujian,351,1.84968338012695,1592,57.3961219787598,473,0.0363119075403054,0.000591234616477401,0.0768936195034331,0.21065370838633,0.580122947692871,508.344940185547
Fujian,352,1.8329833984375,1504,58.1157073974609,517,0.0363119075403054,0.000591234616477401,0.0768936195034331,0.21065370838633,0.580122947692871,508.344940185547
Fujian,353,1.89931659698486,1422,58.0495681762695,430,0.0363119075403054,0.000591234616477401,0.0768936195034331,0.21065370838633,0.580122947692871,508.344940185547
Fujian,354,1.91436672210693,1349,59.4747734069824,372,0.0363119075403054,0.000591234616477401,0.0768936195034331,0.21065370838633,0.580122947692871,508.344940185547
Fujian,355,1.88798332214355,1269,61.3813858032227,325,0.0363119075403054,0.000591234616477401,0.0768936195034331,0.21065370838633,0.580122947692871,508.344940185547
Fujian,356,2.04420642852783,1175,62.6708068847656,22,0.0363119075403054,0.000591234616477401,0.0768936195034331,0.21065370838633,0.580122947692871,508.344940185547
Fujian,392,1.74721660614014,1648,58.065242767334,594,0.0363119075403054,0.000591234616477401,0.0768936195034331,0.21065370838633,0.580122947692871,508.344940185547
Fujian,393,1.56248331069946,1727,56.9186859130859,1020,0.0363119075403054,0.000591234616477401,0.0768936195034331,0.21065370838633,0.580122947692871,508.344940185547
Fujian,394,1.69743328094482,1591,57.5304145812988,775,0.0363119075403054,0.000591234616477401,0.0768936195034331,0.21065370838633,0.580122947692871,508.344940185547
Fujian,395,1.70499992370605,1502,58.7098350524902,734,0.0363119075403054,0.000591234616477401,0.0768936195034331,0.21065370838633,0.580122947692871,508.344940185547
Fujian,396,1.51359996795654,1596,59.6760444641113,1077,0.0363119075403054,0.000591234616477401,0.0768936195034331,0.21065370838633,0.580122947692871,508.344940185547
Fujian,397,1.90084991455078,1289,63.6420860290527,248,0.0363119075403054,0.000591234616477401,0.0768936195034331,0.21065370838633,0.580122947692871,508.344940185547
Fujian,398,2.02015628814697,1213,62.1045455932617,11,0.0363119075403054,0.000591234616477401,0.0768936195034331,0.21065370838633,0.580122947692871,508.344940185547
Fujian,434,1.70265007019043,1725,59.2329521179199,605,0.0363119075403054,0.000591234616477401,0.0768936195034331,0.21065370838633,0.580122947692871,508.344940185547
Fujian,435,1.71441669464111,1707,59.6871643066406,665,0.0363119075403054,0.000591234616477401,0.0768936195034331,0.21065370838633,0.580122947692871,508.344940185547
Fujian,436,1.94200000762939,1555,61.5288047790527,268,0.0363119075403054,0.000591234616477401,0.0768936195034331,0.21065370838633,0.580122947692871,508.344940185547
Fujian,437,1.85995006561279,1555,60.7624015808106,405,0.0363119075403054,0.000591234616477401,0.0768936195034331,0.21065370838633,0.580122947692871,508.344940185547
Fujian,438,1.59298334121704,1637,59.2559547424316,870,0.0363119075403054,0.000591234616477401,0.0768936195034331,0.21065370838633,0.580122947692871,508.344940185547
Fujian,439,1.73921661376953,1507,60.2757110595703,532,0.0363119075403054,0.000591234616477401,0.0768936195034331,0.21065370838633,0.580122947692871,508.344940185547
Fujian,440,1.89680004119873,1378,56.8460731506348,213,0.0363119075403054,0.000591234616477401,0.0768936195034331,0.21065370838633,0.580122947692871,508.344940185547
Fujian,476,1.69323329925537,1771,60.9289169311523,519,0.0363119075403054,0.000591234616477401,0.0768936195034331,0.21065370838633,0.580122947692871,508.344940185547
Fujian,477,1.73334999084473,1749,61.4965972900391,525,0.0363119075403054,0.000591234616477401,0.0768936195034331,0.21065370838633,0.580122947692871,508.344940185547
Fujian,478,1.66983337402344,1774,60.4152145385742,727,0.0363119075403054,0.000591234616477401,0.0768936195034331,0.21065370838633,0.580122947692871,508.344940185547
Fujian,479,1.93929996490479,1669,63.6188354492188,257,0.0363119075403054,0.000591234616477401,0.0768936195034331,0.21065370838633,0.580122947692871,508.344940185547
Fujian,480,1.69188327789307,1677,60.5718154907227,680,0.0363119075403054,0.000591234616477401,0.0768936195034331,0.21065370838633,0.580122947692871,508.344940185547
Fujian,481,1.73866672515869,1607,59.9096145629883,492,0.0363119075403054,0.000591234616477401,0.0768936195034331,0.21065370838633,0.580122947692871,508.344940185547
Fujian,523,1.56645002365112,1894,59.7353630065918,804,0.0363119075403054,0.000591234616477401,0.0768936195034331,0.21065370838633,0.580122947692871,508.344940185547
Fujian,524,1.83386669158936,1737,64.3399505615234,286,0.0363119075403054,0.000591234616477401,0.0768936195034331,0.21065370838633,0.580122947692871,508.344940185547
Fujian,525,1.90266666412354,1686,64.9320678710938,182,0.0363119075403054,0.000591234616477401,0.0768936195034331,0.21065370838633,0.580122947692871,508.344940185547
Fujian,526,1.65771675109863,1755,60.8621559143067,667,0.0363119075403054,0.000591234616477401,0.0768936195034331,0.21065370838633,0.580122947692871,508.344940185547
Fujian,527,1.64021663665772,1722,58.3076019287109,628,0.0363119075403054,0.000591234616477401,0.0768936195034331,0.21065370838633,0.580122947692871,508.344940185547
Fujian,528,1.74903335571289,1664,56.3468246459961,340,0.0363119075403054,0.000591234616477401,0.0768936195034331,0.21065370838633,0.580122947692871,508.344940185547
Fujian,575,1.67551670074463,1858,62.1745796203613,505,0.0363119075403054,0.000591234616477401,0.0768936195034331,0.21065370838633,0.580122947692871,508.344940185547
Fujian,576,1.61520004272461,1880,61.7232818603516,636,0.0363119075403054,0.000591234616477401,0.0768936195034331,0.21065370838633,0.580122947692871,508.344940185547
Fujian,577,1.7704833984375,1745,65.3424377441406,359,0.0363119075403054,0.000591234616477401,0.0768936195034331,0.21065370838633,0.580122947692871,508.344940185547
Fujian,578,1.68136672973633,1748,61.1838493347168,571,0.0363119075403054,0.000591234616477401,0.0768936195034331,0.21065370838633,0.580122947692871,508.344940185547
Fujian,579,1.43421669006348,1874,56.1817016601563,994,0.0363119075403054,0.000591234616477401,0.0768936195034331,0.21065370838633,0.580122947692871,508.344940185547
Fujian,635,1.61228332519531,1809,62.7362747192383,588,0.0363119075403054,0.000591234616477401,0.0768936195034331,0.21065370838633,0.580122947692871,508.344940185547
Gansu,1255,0.210350012779236,810,74.9970321655274,3346,0.0823993028940886,0.0165490259941173,0.0604800763272079,0.170586572735392,0.207024291157722,101.736473083496
Gansu,1256,1.11561670303345,723,84.6725311279297,1575,0.0823993028940886,0.0165490259941173,0.0604800763272079,0.170586572735392,0.207024291157722,101.736473083496
Gansu,1333,0.929899978637695,655,80.8284225463867,1900,0.0823993028940886,0.0165490259941173,0.0604800763272079,0.170586572735392,0.207024291157722,101.736473083496
Gansu,1334,1.04316663742065,653,81.7261199951172,1666,0.0823993028940886,0.0165490259941173,0.0604800763272079,0.170586572735392,0.207024291157722,101.736473083496
Gansu,1335,1.00089998245239,720,81.1494216918945,1692,0.0823993028940886,0.0165490259941173,0.0604800763272079,0.170586572735392,0.207024291157722,101.736473083496
Gansu,1407,-0.0329000025987625,738,87.4774551391602,3815,0.0823993028940886,0.0165490259941173,0.0604800763272079,0.170586572735392,0.207024291157722,101.736473083496
Gansu,1408,0.210416650772095,686,86.9415130615234,3438,0.0823993028940886,0.0165490259941173,0.0604800763272079,0.170586572735392,0.207024291157722,101.736473083496
Gansu,1412,0.770766639709473,632,80.4224090576172,1993,0.0823993028940886,0.0165490259941173,0.0604800763272079,0.170586572735392,0.207024291157722,101.736473083496
Gansu,1413,0.705066680908203,655,79.4144821166992,2091,0.0823993028940886,0.0165490259941173,0.0604800763272079,0.170586572735392,0.207024291157722,101.736473083496
Gansu,1414,1.17453336715698,644,81.4321746826172,1343,0.0823993028940886,0.0165490259941173,0.0604800763272079,0.170586572735392,0.207024291157722,101.736473083496
Gansu,1415,1.19879999160767,711,80.5624542236328,1247,0.0823993028940886,0.0165490259941173,0.0604800763272079,0.170586572735392,0.207024291157722,101.736473083496
Gansu,1484,-0.286316657066345,681,89.5214614868164,4156,0.0823993028940886,0.0165490259941173,0.0604800763272079,0.170586572735392,0.207024291157722,101.736473083496
Gansu,1485,0.0587833404541016,670,88.5722274780274,3548,0.0823993028940886,0.0165490259941173,0.0604800763272079,0.170586572735392,0.207024291157722,101.736473083496
Gansu,1486,0.00643332302570343,686,88.2665252685547,3780,0.0823993028940886,0.0165490259941173,0.0604800763272079,0.170586572735392,0.207024291157722,101.736473083496
Gansu,1488,0.285233330726624,648,84.277099609375,3136,0.0823993028940886,0.0165490259941173,0.0604800763272079,0.170586572735392,0.207024291157722,101.736473083496
Gansu,1489,0.697166681289673,612,83.4672546386719,2158,0.0823993028940886,0.0165490259941173,0.0604800763272079,0.170586572735392,0.207024291157722,101.736473083496
Gansu,1490,0.570016670227051,625,80.7492446899414,2410,0.0823993028940886,0.0165490259941173,0.0604800763272079,0.170586572735392,0.207024291157722,101.736473083496
Gansu,1491,0.72848334312439,640,80.4717025756836,1899,0.0823993028940886,0.0165490259941173,0.0604800763272079,0.170586572735392,0.207024291157722,101.736473083496
Gansu,1492,0.85178337097168,657,78.9501647949219,1792,0.0823993028940886,0.0165490259941173,0.0604800763272079,0.170586572735392,0.207024291157722,101.736473083496
Gansu,1493,1.09331665039063,673,79.7887802124023,1305,0.0823993028940886,0.0165490259941173,0.0604800763272079,0.170586572735392,0.207024291157722,101.736473083496
Gansu,1564,0.111433327198029,631,89.5711059570313,3458,0.0823993028940886,0.0165490259941173,0.0604800763272079,0.170586572735392,0.207024291157722,101.736473083496
Gansu,1565,0.248616671562195,612,88.8294296264649,3125,0.0823993028940886,0.0165490259941173,0.0604800763272079,0.170586572735392,0.207024291157722,101.736473083496
Gansu,1566,0.286100006103516,604,87.0574722290039,2942,0.0823993028940886,0.0165490259941173,0.0604800763272079,0.170586572735392,0.207024291157722,101.736473083496
Gansu,1567,0.392233347892761,610,83.7632522583008,2755,0.0823993028940886,0.0165490259941173,0.0604800763272079,0.170586572735392,0.207024291157722,101.736473083496
Gansu,1568,0.440516662597656,597,83.4345321655274,2570,0.0823993028940886,0.0165490259941173,0.0604800763272079,0.170586572735392,0.207024291157722,101.736473083496
Gansu,1569,0.595050001144409,610,80.6976699829102,2068,0.0823993028940886,0.0165490259941173,0.0604800763272079,0.170586572735392,0.207024291157722,101.736473083496
Gansu,1570,0.843050003051758,624,80.0983276367188,1672,0.0823993028940886,0.0165490259941173,0.0604800763272079,0.170586572735392,0.207024291157722,101.736473083496
Gansu,1571,1.07721662521362,617,79.3322906494141,1274,0.0823993028940886,0.0165490259941173,0.0604800763272079,0.170586572735392,0.207024291157722,101.736473083496
Gansu,1641,-0.000383338588289917,610,91.7116928100586,3608,0.0823993028940886,0.0165490259941173,0.0604800763272079,0.170586572735392,0.207024291157722,101.736473083496
Gansu,1642,0.142749989032745,600,89.6831130981445,3314,0.0823993028940886,0.0165490259941173,0.0604800763272079,0.170586572735392,0.207024291157722,101.736473083496
Gansu,1643,0.000383341312408447,610,88.2214431762695,3535,0.0823993028940886,0.0165490259941173,0.0604800763272079,0.170586572735392,0.207024291157722,101.736473083496
Gansu,1644,0.311949992179871,560,87.4296264648438,2832,0.0823993028940886,0.0165490259941173,0.0604800763272079,0.170586572735392,0.207024291157722,101.736473083496
Gansu,1645,0.581400012969971,536,82.8353881835938,2093,0.0823993028940886,0.0165490259941173,0.0604800763272079,0.170586572735392,0.207024291157722,101.736473083496
Gansu,1646,0.638816642761231,549,81.8246917724609,1909,0.0823993028940886,0.0165490259941173,0.0604800763272079,0.170586572735392,0.207024291157722,101.736473083496
Gansu,1647,0.886483287811279,571,81.1617584228516,1471,0.0823993028940886,0.0165490259941173,0.0604800763272079,0.170586572735392,0.207024291157722,101.736473083496
Gansu,1648,0.796149969100952,588,80.2949142456055,1715,0.0823993028940886,0.0165490259941173,0.0604800763272079,0.170586572735392,0.207024291157722,101.736473083496
Gansu,1650,0.946033382415771,609,78.5714721679688,1235,0.0823993028940886,0.0165490259941173,0.0604800763272079,0.170586572735392,0.207024291157722,101.736473083496
Gansu,1717,0.161099994182587,566,92.1814346313477,3286,0.0823993028940886,0.0165490259941173,0.0604800763272079,0.170586572735392,0.207024291157722,101.736473083496
Gansu,1718,0.564549970626831,506,88.0909042358399,2246,0.0823993028940886,0.0165490259941173,0.0604800763272079,0.170586572735392,0.207024291157722,101.736473083496
Gansu,1719,0.737766647338867,460,86.6127166748047,1882,0.0823993028940886,0.0165490259941173,0.0604800763272079,0.170586572735392,0.207024291157722,101.736473083496
Gansu,1720,0.457433319091797,482,85.5444183349609,2423,0.0823993028940886,0.0165490259941173,0.0604800763272079,0.170586572735392,0.207024291157722,101.736473083496
Gansu,1721,0.521283340454102,483,84.8713073730469,2186,0.0823993028940886,0.0165490259941173,0.0604800763272079,0.170586572735392,0.207024291157722,101.736473083496
Gansu,1722,0.688466691970825,500,82.4613342285156,1829,0.0823993028940886,0.0165490259941173,0.0604800763272079,0.170586572735392,0.207024291157722,101.736473083496
Gansu,1724,0.688150024414063,560,81.0657043457031,1892,0.0823993028940886,0.0165490259941173,0.0604800763272079,0.170586572735392,0.207024291157722,101.736473083496
Gansu,1725,0.957216644287109,565,80.9779891967773,1239,0.0823993028940886,0.0165490259941173,0.0604800763272079,0.170586572735392,0.207024291157722,101.736473083496
Gansu,1726,0.965783309936523,583,80.802604675293,1151,0.0823993028940886,0.0165490259941173,0.0604800763272079,0.170586572735392,0.207024291157722,101.736473083496
Gansu,1727,0.892166709899902,586,80.4672164916992,1344,0.0823993028940886,0.0165490259941173,0.0604800763272079,0.170586572735392,0.207024291157722,101.736473083496
Gansu,1791,0.748166656494141,426,90.1085586547852,1962,0.0823993028940886,0.0165490259941173,0.0604800763272079,0.170586572735392,0.207024291157722,101.736473083496
Gansu,1792,0.494966650009155,425,90.4661102294922,2393,0.0823993028940886,0.0165490259941173,0.0604800763272079,0.170586572735392,0.207024291157722,101.736473083496
Gansu,1793,0.632483339309692,389,88.0122299194336,2091,0.0823993028940886,0.0165490259941173,0.0604800763272079,0.170586572735392,0.207024291157722,101.736473083496
Gansu,1794,0.75968337059021,371,88.159309387207,1734,0.0823993028940886,0.0165490259941173,0.0604800763272079,0.170586572735392,0.207024291157722,101.736473083496
Gansu,1798,0.874183368682861,520,85.104133605957,1425,0.0823993028940886,0.0165490259941173,0.0604800763272079,0.170586572735392,0.207024291157722,101.736473083496
Gansu,1799,0.918533325195312,546,83.5495223999024,1286,0.0823993028940886,0.0165490259941173,0.0604800763272079,0.170586572735392,0.207024291157722,101.736473083496
Gansu,1800,0.83546667098999,540,85.1138763427734,1424,0.0823993028940886,0.0165490259941173,0.0604800763272079,0.170586572735392,0.207024291157722,101.736473083496
Gansu,1864,0.856083297729492,356,91.5404891967773,1831,0.0823993028940886,0.0165490259941173,0.0604800763272079,0.170586572735392,0.207024291157722,101.736473083496
Gansu,1865,0.839050006866455,317,91.9377670288086,1763,0.0823993028940886,0.0165490259941173,0.0604800763272079,0.170586572735392,0.207024291157722,101.736473083496
Gansu,1866,0.654633331298828,303,92.6487808227539,2048,0.0823993028940886,0.0165490259941173,0.0604800763272079,0.170586572735392,0.207024291157722,101.736473083496
Gansu,1867,0.816433334350586,291,92.4505920410156,1711,0.0823993028940886,0.0165490259941173,0.0604800763272079,0.170586572735392,0.207024291157722,101.736473083496
Gansu,1870,0.740833330154419,449,86.5500106811524,1765,0.0823993028940886,0.0165490259941173,0.0604800763272079,0.170586572735392,0.207024291157722,101.736473083496
Gansu,1871,0.8760666847229,471,87.1603622436524,1434,0.0823993028940886,0.0165490259941173,0.0604800763272079,0.170586572735392,0.207024291157722,101.736473083496
Gansu,1872,0.887899971008301,493,87.2406616210938,1363,0.0823993028940886,0.0165490259941173,0.0604800763272079,0.170586572735392,0.207024291157722,101.736473083496
Gansu,1873,0.832450008392334,495,88.3879699707031,1380,0.0823993028940886,0.0165490259941173,0.0604800763272079,0.170586572735392,0.207024291157722,101.736473083496
Gansu,1936,0.373066663742065,376,96.2278518676758,2471,0.0823993028940886,0.0165490259941173,0.0604800763272079,0.170586572735392,0.207024291157722,101.736473083496
Gansu,1937,0.612566661834717,309,93.5343780517578,2125,0.0823993028940886,0.0165490259941173,0.0604800763272079,0.170586572735392,0.207024291157722,101.736473083496
Gansu,1938,0.606883335113525,278,95.3575973510742,2135,0.0823993028940886,0.0165490259941173,0.0604800763272079,0.170586572735392,0.207024291157722,101.736473083496
Gansu,1939,0.763100004196167,219,97.8932952880859,1844,0.0823993028940886,0.0165490259941173,0.0604800763272079,0.170586572735392,0.207024291157722,101.736473083496
Gansu,1940,0.713516664505005,266,95.1214599609375,1918,0.0823993028940886,0.0165490259941173,0.0604800763272079,0.170586572735392,0.207024291157722,101.736473083496
Gansu,1943,0.721366691589356,394,89.3465728759766,1775,0.0823993028940886,0.0165490259941173,0.0604800763272079,0.170586572735392,0.207024291157722,101.736473083496
Gansu,1944,0.84399995803833,406,90.7486953735352,1475,0.0823993028940886,0.0165490259941173,0.0604800763272079,0.170586572735392,0.207024291157722,101.736473083496
Gansu,1945,0.808100032806397,450,90.2930755615234,1524,0.0823993028940886,0.0165490259941173,0.0604800763272079,0.170586572735392,0.207024291157722,101.736473083496
Gansu,2009,-0.228666663169861,476,97.7683334350586,3477,0.0823993028940886,0.0165490259941173,0.0604800763272079,0.170586572735392,0.207024291157722,101.736473083496
Gansu,2010,-0.0112666726112366,391,98.5330123901367,3158,0.0823993028940886,0.0165490259941173,0.0604800763272079,0.170586572735392,0.207024291157722,101.736473083496
Gansu,2011,0.67078332901001,224,94.763801574707,1936,0.0823993028940886,0.0165490259941173,0.0604800763272079,0.170586572735392,0.207024291157722,101.736473083496
Gansu,2012,0.908333301544189,190,100.618789672852,1422,0.0823993028940886,0.0165490259941173,0.0604800763272079,0.170586572735392,0.207024291157722,101.736473083496
Gansu,2083,-0.671416664123535,526,95.3400650024414,4244,0.0823993028940886,0.0165490259941173,0.0604800763272079,0.170586572735392,0.207024291157722,101.736473083496
Gansu,2084,0.290549993515015,333,94.1192321777344,2628,0.0823993028940886,0.0165490259941173,0.0604800763272079,0.170586572735392,0.207024291157722,101.736473083496
Gansu,2085,0.706599998474121,205,89.9889526367188,1852,0.0823993028940886,0.0165490259941173,0.0604800763272079,0.170586572735392,0.207024291157722,101.736473083496
Gansu,2086,0.765083312988281,182,92.4956512451172,1650,0.0823993028940886,0.0165490259941173,0.0604800763272079,0.170586572735392,0.207024291157722,101.736473083496
Gansu,2158,-0.0786499977111816,436,98.3794326782227,3149,0.0823993028940886,0.0165490259941173,0.0604800763272079,0.170586572735392,0.207024291157722,101.736473083496
Gansu,2159,0.0861500084400177,384,95.2060699462891,2918,0.0823993028940886,0.0165490259941173,0.0604800763272079,0.170586572735392,0.207024291157722,101.736473083496
Gansu,2160,0.731183338165283,156,84.7346649169922,1478,0.0823993028940886,0.0165490259941173,0.0604800763272079,0.170586572735392,0.207024291157722,101.736473083496
Gansu,2161,0.837683391571045,150,88.6922607421875,1511,0.0823993028940886,0.0165490259941173,0.0604800763272079,0.170586572735392,0.207024291157722,101.736473083496
Gansu,2227,-0.797283315658569,256,98.809211730957,4735,0.0823993028940886,0.0165490259941173,0.0604800763272079,0.170586572735392,0.207024291157722,101.736473083496
Gansu,2234,-0.159833323955536,421,108.205543518066,3221,0.0823993028940886,0.0165490259941173,0.0604800763272079,0.170586572735392,0.207024291157722,101.736473083496
Gansu,2235,0.298366665840149,329,101.919860839844,2359,0.0823993028940886,0.0165490259941173,0.0604800763272079,0.170586572735392,0.207024291157722,101.736473083496
Gansu,2236,0.209616684913635,343,94.3781585693359,2595,0.0823993028940886,0.0165490259941173,0.0604800763272079,0.170586572735392,0.207024291157722,101.736473083496
Gansu,2237,0.454349994659424,214,95.0328750610352,1984,0.0823993028940886,0.0165490259941173,0.0604800763272079,0.170586572735392,0.207024291157722,101.736473083496
Gansu,2238,0.772283315658569,135,84.7726364135742,1383,0.0823993028940886,0.0165490259941173,0.0604800763272079,0.170586572735392,0.207024291157722,101.736473083496
Gansu,2239,0.842799949645996,127,88.7655410766602,1401,0.0823993028940886,0.0165490259941173,0.0604800763272079,0.170586572735392,0.207024291157722,101.736473083496
Gansu,2303,-0.172133338451386,111,102.164131164551,3726,0.0823993028940886,0.0165490259941173,0.0604800763272079,0.170586572735392,0.207024291157722,101.736473083496
Gansu,2304,-0.215583324432373,138,100.587364196777,3752,0.0823993028940886,0.0165490259941173,0.0604800763272079,0.170586572735392,0.207024291157722,101.736473083496
Gansu,2305,-0.831766700744629,275,101.536491394043,4910,0.0823993028940886,0.0165490259941173,0.0604800763272079,0.170586572735392,0.207024291157722,101.736473083496
Gansu,2306,-0.301250004768372,208,102.265838623047,4001,0.0823993028940886,0.0165490259941173,0.0604800763272079,0.170586572735392,0.207024291157722,101.736473083496
Gansu,2311,0.0245833471417427,338,110.836791992188,2442,0.0823993028940886,0.0165490259941173,0.0604800763272079,0.170586572735392,0.207024291157722,101.736473083496
Gansu,2312,0.589966678619385,228,100.679512023926,1601,0.0823993028940886,0.0165490259941173,0.0604800763272079,0.170586572735392,0.207024291157722,101.736473083496
Gansu,2313,0.517283344268799,245,101.938507080078,2058,0.0823993028940886,0.0165490259941173,0.0604800763272079,0.170586572735392,0.207024291157722,101.736473083496
Gansu,2315,0.75053334236145,127,82.8432159423828,1339,0.0823993028940886,0.0165490259941173,0.0604800763272079,0.170586572735392,0.207024291157722,101.736473083496
Gansu,2316,0.759116649627686,123,78.3327941894531,1402,0.0823993028940886,0.0165490259941173,0.0604800763272079,0.170586572735392,0.207024291157722,101.736473083496
Gansu,2317,0.848200035095215,112,84.1974258422852,1332,0.0823993028940886,0.0165490259941173,0.0604800763272079,0.170586572735392,0.207024291157722,101.736473083496
Gansu,2318,0.867266654968262,120,87.1107330322266,1317,0.0823993028940886,0.0165490259941173,0.0604800763272079,0.170586572735392,0.207024291157722,101.736473083496
Gansu,2374,0.167016649246216,37,91.3095550537109,2952,0.0823993028940886,0.0165490259941173,0.0604800763272079,0.170586572735392,0.207024291157722,101.736473083496
Gansu,2375,0.224883341789246,46,95.7648162841797,2888,0.0823993028940886,0.0165490259941173,0.0604800763272079,0.170586572735392,0.207024291157722,101.736473083496
Gansu,2376,-0.0390500158071518,95,98.985237121582,3435,0.0823993028940886,0.0165490259941173,0.0604800763272079,0.170586572735392,0.207024291157722,101.736473083496
Gansu,2377,-0.475416660308838,180,103.215354919434,4179,0.0823993028940886,0.0165490259941173,0.0604800763272079,0.170586572735392,0.207024291157722,101.736473083496
Gansu,2378,-0.124750006198883,156,102.292823791504,3665,0.0823993028940886,0.0165490259941173,0.0604800763272079,0.170586572735392,0.207024291157722,101.736473083496
Gansu,2379,-0.510533332824707,236,101.04224395752,4180,0.0823993028940886,0.0165490259941173,0.0604800763272079,0.170586572735392,0.207024291157722,101.736473083496
Gansu,2380,-0.549550008773804,274,105.675422668457,4254,0.0823993028940886,0.0165490259941173,0.0604800763272079,0.170586572735392,0.207024291157722,101.736473083496
Gansu,2381,-0.40203332901001,306,108.471549987793,4098,0.0823993028940886,0.0165490259941173,0.0604800763272079,0.170586572735392,0.207024291157722,101.736473083496
Gansu,2382,-0.850666618347168,396,102.600662231445,4763,0.0823993028940886,0.0165490259941173,0.0604800763272079,0.170586572735392,0.207024291157722,101.736473083496
Gansu,2383,0.275883316993713,213,100.786399841309,1956,0.0823993028940886,0.0165490259941173,0.0604800763272079,0.170586572735392,0.207024291157722,101.736473083496
Gansu,2384,0.537016677856445,184,104.043426513672,1550,0.0823993028940886,0.0165490259941173,0.0604800763272079,0.170586572735392,0.207024291157722,101.736473083496
Gansu,2385,0.736133337020874,168,97.7731857299805,1413,0.0823993028940886,0.0165490259941173,0.0604800763272079,0.170586572735392,0.207024291157722,101.736473083496
Gansu,2391,0.871366691589356,104,91.6111679077149,1292,0.0823993028940886,0.0165490259941173,0.0604800763272079,0.170586572735392,0.207024291157722,101.736473083496
Gansu,2444,0.422000026702881,27,77.7577133178711,2355,0.0823993028940886,0.0165490259941173,0.0604800763272079,0.170586572735392,0.207024291157722,101.736473083496
Gansu,2445,0.118116676807404,39,84.6137313842774,2915,0.0823993028940886,0.0165490259941173,0.0604800763272079,0.170586572735392,0.207024291157722,101.736473083496
Gansu,2446,-0.308833336830139,90,99.763801574707,3669,0.0823993028940886,0.0165490259941173,0.0604800763272079,0.170586572735392,0.207024291157722,101.736473083496
Gansu,2447,-0.0694333434104919,80,100.317420959473,3361,0.0823993028940886,0.0165490259941173,0.0604800763272079,0.170586572735392,0.207024291157722,101.736473083496
Gansu,2448,0.291100001335144,65,93.3785018920898,2620,0.0823993028940886,0.0165490259941173,0.0604800763272079,0.170586572735392,0.207024291157722,101.736473083496
Gansu,2449,-0.18771665096283,136,94.829475402832,3511,0.0823993028940886,0.0165490259941173,0.0604800763272079,0.170586572735392,0.207024291157722,101.736473083496
Gansu,2450,-0.0977833271026611,153,99.3381576538086,3480,0.0823993028940886,0.0165490259941173,0.0604800763272079,0.170586572735392,0.207024291157722,101.736473083496
Gansu,2451,-0.153033339977264,190,100.235443115234,3548,0.0823993028940886,0.0165490259941173,0.0604800763272079,0.170586572735392,0.207024291157722,101.736473083496
Gansu,2452,-0.112366652488709,207,98.7718658447266,3424,0.0823993028940886,0.0165490259941173,0.0604800763272079,0.170586572735392,0.207024291157722,101.736473083496
Gansu,2453,0.188616669178009,183,99.9924697875977,2726,0.0823993028940886,0.0165490259941173,0.0604800763272079,0.170586572735392,0.207024291157722,101.736473083496
Gansu,2454,0.676433324813843,106,85.9452819824219,1556,0.0823993028940886,0.0165490259941173,0.0604800763272079,0.170586572735392,0.207024291157722,101.736473083496
Gansu,2455,0.620633316040039,119,91.3076400756836,1369,0.0823993028940886,0.0165490259941173,0.0604800763272079,0.170586572735392,0.207024291157722,101.736473083496
Gansu,2456,0.696383333206177,135,97.1596908569336,1412,0.0823993028940886,0.0165490259941173,0.0604800763272079,0.170586572735392,0.207024291157722,101.736473083496
Gansu,2518,0.716449975967407,24,77.8498916625977,1810,0.0823993028940886,0.0165490259941173,0.0604800763272079,0.170586572735392,0.207024291157722,101.736473083496
Gansu,2519,0.798916673660278,28,70.4530792236328,1601,0.0823993028940886,0.0165490259941173,0.0604800763272079,0.170586572735392,0.207024291157722,101.736473083496
Gansu,2520,0.863049983978272,32,76.5523071289063,1428,0.0823993028940886,0.0165490259941173,0.0604800763272079,0.170586572735392,0.207024291157722,101.736473083496
Gansu,2521,0.757283306121826,48,82.2413330078125,1707,0.0823993028940886,0.0165490259941173,0.0604800763272079,0.170586572735392,0.207024291157722,101.736473083496
Gansu,2522,0.638899993896484,62,81.1792984008789,1877,0.0823993028940886,0.0165490259941173,0.0604800763272079,0.170586572735392,0.207024291157722,101.736473083496
Gansu,2523,0.608566665649414,74,77.7656402587891,1952,0.0823993028940886,0.0165490259941173,0.0604800763272079,0.170586572735392,0.207024291157722,101.736473083496
Gansu,2524,0.53323335647583,89,84.8423538208008,2101,0.0823993028940886,0.0165490259941173,0.0604800763272079,0.170586572735392,0.207024291157722,101.736473083496
Gansu,2525,0.672700023651123,81,78.8000030517578,1704,0.0823993028940886,0.0165490259941173,0.0604800763272079,0.170586572735392,0.207024291157722,101.736473083496
Gansu,2526,0.73730001449585,74,77.7656402587891,1400,0.0823993028940886,0.0165490259941173,0.0604800763272079,0.170586572735392,0.207024291157722,101.736473083496
Gansu,2527,0.764433336257935,74,87.4099197387695,1292,0.0823993028940886,0.0165490259941173,0.0604800763272079,0.170586572735392,0.207024291157722,101.736473083496
Gansu,2528,0.75861668586731,85,92.4956512451172,1230,0.0823993028940886,0.0165490259941173,0.0604800763272079,0.170586572735392,0.207024291157722,101.736473083496
Gansu,2529,0.805049991607666,90,98.6221542358398,1193,0.0823993028940886,0.0165490259941173,0.0604800763272079,0.170586572735392,0.207024291157722,101.736473083496
Gansu,2595,1.1123833656311,15,71.2246551513672,869,0.0823993028940886,0.0165490259941173,0.0604800763272079,0.170586572735392,0.207024291157722,101.736473083496
Gansu,2596,1.00468339920044,23,61.0848121643067,1010,0.0823993028940886,0.0165490259941173,0.0604800763272079,0.170586572735392,0.207024291157722,101.736473083496
Gansu,2597,0.95848331451416,32,77.4305648803711,1104,0.0823993028940886,0.0165490259941173,0.0604800763272079,0.170586572735392,0.207024291157722,101.736473083496
Gansu,2598,1.01274995803833,38,72.2420196533203,1064,0.0823993028940886,0.0165490259941173,0.0604800763272079,0.170586572735392,0.207024291157722,101.736473083496
Gansu,2599,0.903666687011719,45,64.1862030029297,1114,0.0823993028940886,0.0165490259941173,0.0604800763272079,0.170586572735392,0.207024291157722,101.736473083496
Gansu,2600,0.85426664352417,48,83.1209411621094,1360,0.0823993028940886,0.0165490259941173,0.0604800763272079,0.170586572735392,0.207024291157722,101.736473083496
Gansu,2601,0.772499990463257,61,67.7619781494141,1386,0.0823993028940886,0.0165490259941173,0.0604800763272079,0.170586572735392,0.207024291157722,101.736473083496
Gansu,2602,0.745766687393189,75,54.2636756896973,1367,0.0823993028940886,0.0165490259941173,0.0604800763272079,0.170586572735392,0.207024291157722,101.736473083496
Gansu,2603,0.788066673278809,64,77.1567230224609,1291,0.0823993028940886,0.0165490259941173,0.0604800763272079,0.170586572735392,0.207024291157722,101.736473083496
Gansu,2604,0.751466655731201,81,81.2586669921875,1443,0.0823993028940886,0.0165490259941173,0.0604800763272079,0.170586572735392,0.207024291157722,101.736473083496
Gansu,2605,0.659100008010864,98,97.6662292480469,1683,0.0823993028940886,0.0165490259941173,0.0604800763272079,0.170586572735392,0.207024291157722,101.736473083496
Gansu,2606,0.823449993133545,79,98.914421081543,1257,0.0823993028940886,0.0165490259941173,0.0604800763272079,0.170586572735392,0.207024291157722,101.736473083496
Gansu,2607,0.865116691589356,69,100.503784179688,1104,0.0823993028940886,0.0165490259941173,0.0604800763272079,0.170586572735392,0.207024291157722,101.736473083496
Gansu,2675,0.862516689300537,41,83.8643951416016,1412,0.0823993028940886,0.0165490259941173,0.0604800763272079,0.170586572735392,0.207024291157722,101.736473083496
Gansu,2676,0.849749946594238,46,85.0009689331055,1413,0.0823993028940886,0.0165490259941173,0.0604800763272079,0.170586572735392,0.207024291157722,101.736473083496
Gansu,2677,0.84176664352417,49,85.7317352294922,1384,0.0823993028940886,0.0165490259941173,0.0604800763272079,0.170586572735392,0.207024291157722,101.736473083496
Gansu,2678,0.740950012207031,57,84.9167861938477,1534,0.0823993028940886,0.0165490259941173,0.0604800763272079,0.170586572735392,0.207024291157722,101.736473083496
Gansu,2679,0.669066667556763,67,83.8158569335938,1663,0.0823993028940886,0.0165490259941173,0.0604800763272079,0.170586572735392,0.207024291157722,101.736473083496
Gansu,2680,0.592600011825562,84,75.3778381347656,1751,0.0823993028940886,0.0165490259941173,0.0604800763272079,0.170586572735392,0.207024291157722,101.736473083496
Gansu,2681,0.696250009536743,73,77.66650390625,1463,0.0823993028940886,0.0165490259941173,0.0604800763272079,0.170586572735392,0.207024291157722,101.736473083496
Gansu,2756,0.84801664352417,41,77.5110397338867,1275,0.0823993028940886,0.0165490259941173,0.0604800763272079,0.170586572735392,0.207024291157722,101.736473083496
Gansu,2757,0.690966653823853,60,81.0287399291992,1599,0.0823993028940886,0.0165490259941173,0.0604800763272079,0.170586572735392,0.207024291157722,101.736473083496
Gansu,2758,0.562633323669434,72,82.1781387329102,1803,0.0823993028940886,0.0165490259941173,0.0604800763272079,0.170586572735392,0.207024291157722,101.736473083496
Gansu,2759,0.468800020217896,81,92.2500686645508,2016,0.0823993028940886,0.0165490259941173,0.0604800763272079,0.170586572735392,0.207024291157722,101.736473083496
Gansu,2760,0.406099987030029,85,98.1869277954102,2084,0.0823993028940886,0.0165490259941173,0.0604800763272079,0.170586572735392,0.207024291157722,101.736473083496
Gansu,2761,0.4864333152771,84,88.5489044189453,1890,0.0823993028940886,0.0165490259941173,0.0604800763272079,0.170586572735392,0.207024291157722,101.736473083496
Gansu,2840,0.419850015640259,83,87.9206619262695,1965,0.0823993028940886,0.0165490259941173,0.0604800763272079,0.170586572735392,0.207024291157722,101.736473083496
Gansu,2841,0.335249996185303,87,102.347434997559,2138,0.0823993028940886,0.0165490259941173,0.0604800763272079,0.170586572735392,0.207024291157722,101.736473083496
Gansu,2842,0.468916654586792,76,95.7786712646484,1750,0.0823993028940886,0.0165490259941173,0.0604800763272079,0.170586572735392,0.207024291157722,101.736473083496
Gansu,2843,0.549399995803833,72,84.4055938720703,1550,0.0823993028940886,0.0165490259941173,0.0604800763272079,0.170586572735392,0.207024291157722,101.736473083496
Gansu,2922,0.413583326339722,76,95.7786712646484,1859,0.0823993028940886,0.0165490259941173,0.0604800763272079,0.170586572735392,0.207024291157722,101.736473083496
Gansu,2923,0.454400014877319,70,100.585060119629,1754,0.0823993028940886,0.0165490259941173,0.0604800763272079,0.170586572735392,0.207024291157722,101.736473083496
Gansu,2997,0.51545000076294,57,95.2921752929688,1500,0.0823993028940886,0.0165490259941173,0.0604800763272079,0.170586572735392,0.207024291157722,101.736473083496
Gansu,2998,0.645466661453247,46,103.573593139648,1198,0.0823993028940886,0.0165490259941173,0.0604800763272079,0.170586572735392,0.207024291157722,101.736473083496
Guangdong,18,2.35066661834717,1746,71.2128677368164,137,0.0242739372407283,0.00357122120546872,0.0586741474778168,0.162594727376706,0.669832527637482,558.830200195313
Guangdong,19,2.32299995422363,1637,73.0437316894531,24,0.0242739372407283,0.00357122120546872,0.0586741474778168,0.162594727376706,0.669832527637482,558.830200195313
Guangdong,22,2.31751670837402,1741,71.445182800293,19,0.0242739372407283,0.00357122120546872,0.0586741474778168,0.162594727376706,0.669832527637482,558.830200195313
Guangdong,23,2.3341667175293,1813,71.8957061767578,8,0.0242739372407283,0.00357122120546872,0.0586741474778168,0.162594727376706,0.669832527637482,558.830200195313
Guangdong,24,,,,,0.0242739372407283,0.00357122120546872,0.0586741474778168,0.162594727376706,0.669832527637482,558.830200195313
Guangdong,35,2.2556999206543,1706,70.2550354003906,55,0.0242739372407283,0.00357122120546872,0.0586741474778168,0.162594727376706,0.669832527637482,558.830200195313
Guangdong,36,2.30574989318848,1808,72.128776550293,32,0.0242739372407283,0.00357122120546872,0.0586741474778168,0.162594727376706,0.669832527637482,558.830200195313
Guangdong,37,2.30165004730225,1953,74.2353591918945,47,0.0242739372407283,0.00357122120546872,0.0586741474778168,0.162594727376706,0.669832527637482,558.830200195313
Guangdong,38,2.3112060546875,2102,74.752067565918,5,0.0242739372407283,0.00357122120546872,0.0586741474778168,0.162594727376706,0.669832527637482,558.830200195313
Guangdong,39,2.21610298156738,2183,74.406852722168,145,0.0242739372407283,0.00357122120546872,0.0586741474778168,0.162594727376706,0.669832527637482,558.830200195313
Guangdong,54,1.69233341217041,2021,72.5902709960938,1245,0.0242739372407283,0.00357122120546872,0.0586741474778168,0.162594727376706,0.669832527637482,558.830200195313
Guangdong,55,2.19996662139893,2044,73.8901062011719,190,0.0242739372407283,0.00357122120546872,0.0586741474778168,0.162594727376706,0.669832527637482,558.830200195313
Guangdong,56,2.12988338470459,2151,73.743782043457,337,0.0242739372407283,0.00357122120546872,0.0586741474778168,0.162594727376706,0.669832527637482,558.830200195313
Guangdong,57,2.25405006408691,2104,72.3761444091797,44,0.0242739372407283,0.00357122120546872,0.0586741474778168,0.162594727376706,0.669832527637482,558.830200195313
Guangdong,58,2.25556659698486,2059,73.145393371582,3,0.0242739372407283,0.00357122120546872,0.0586741474778168,0.162594727376706,0.669832527637482,558.830200195313
Guangdong,79,2.17878341674805,1784,71.5176544189453,208,0.0242739372407283,0.00357122120546872,0.0586741474778168,0.162594727376706,0.669832527637482,558.830200195313
Guangdong,80,2.16380004882812,1906,71.8709335327149,268,0.0242739372407283,0.00357122120546872,0.0586741474778168,0.162594727376706,0.669832527637482,558.830200195313
Guangdong,81,2.24816665649414,1947,70.8105010986328,45,0.0242739372407283,0.00357122120546872,0.0586741474778168,0.162594727376706,0.669832527637482,558.830200195313
Guangdong,82,2.06291675567627,2003,70.2029342651367,404,0.0242739372407283,0.00357122120546872,0.0586741474778168,0.162594727376706,0.669832527637482,558.830200195313
Guangdong,83,2.25796661376953,1888,70.0151138305664,-1,0.0242739372407283,0.00357122120546872,0.0586741474778168,0.162594727376706,0.669832527637482,558.830200195313
Guangdong,110,2.23090000152588,1742,68.4777374267578,36,0.0242739372407283,0.00357122120546872,0.0586741474778168,0.162594727376706,0.669832527637482,558.830200195313
Guangdong,111,2.17133331298828,1793,67.3875122070313,105,0.0242739372407283,0.00357122120546872,0.0586741474778168,0.162594727376706,0.669832527637482,558.830200195313
Guangdong,112,2.20904998779297,1756,65.4420623779297,3,0.0242739372407283,0.00357122120546872,0.0586741474778168,0.162594727376706,0.669832527637482,558.830200195313
Guangdong,113,2.23024997711182,1696,66.2892456054688,2,0.0242739372407283,0.00357122120546872,0.0586741474778168,0.162594727376706,0.669832527637482,558.830200195313
Guangdong,114,2.24781665802002,1791,68.8546371459961,19,0.0242739372407283,0.00357122120546872,0.0586741474778168,0.162594727376706,0.669832527637482,558.830200195313
Guangdong,115,2.12783336639404,1920,72.054069519043,214,0.0242739372407283,0.00357122120546872,0.0586741474778168,0.162594727376706,0.669832527637482,558.830200195313
Guangdong,116,2.18343334197998,1846,71.074462890625,95,0.0242739372407283,0.00357122120546872,0.0586741474778168,0.162594727376706,0.669832527637482,558.830200195313
Guangdong,117,2.22471656799316,1638,69.0797729492188,8,0.0242739372407283,0.00357122120546872,0.0586741474778168,0.162594727376706,0.669832527637482,558.830200195313
Guangdong,144,2.14303340911865,1632,65.9157180786133,89,0.0242739372407283,0.00357122120546872,0.0586741474778168,0.162594727376706,0.669832527637482,558.830200195313
Guangdong,145,2.04048328399658,1727,66.0325546264649,300,0.0242739372407283,0.00357122120546872,0.0586741474778168,0.162594727376706,0.669832527637482,558.830200195313
Guangdong,146,2.1179666519165,1714,65.1020202636719,138,0.0242739372407283,0.00357122120546872,0.0586741474778168,0.162594727376706,0.669832527637482,558.830200195313
Guangdong,147,2.17224998474121,1701,65.3632736206055,30,0.0242739372407283,0.00357122120546872,0.0586741474778168,0.162594727376706,0.669832527637482,558.830200195313
Guangdong,148,2.16011657714844,1714,65.9876556396484,37,0.0242739372407283,0.00357122120546872,0.0586741474778168,0.162594727376706,0.669832527637482,558.830200195313
Guangdong,149,2.11079998016357,1828,67.4839324951172,148,0.0242739372407283,0.00357122120546872,0.0586741474778168,0.162594727376706,0.669832527637482,558.830200195313
Guangdong,150,2.1386833190918,1837,67.6916427612305,128,0.0242739372407283,0.00357122120546872,0.0586741474778168,0.162594727376706,0.669832527637482,558.830200195313
Guangdong,151,2.06749992370605,1735,64.9258651733399,260,0.0242739372407283,0.00357122120546872,0.0586741474778168,0.162594727376706,0.669832527637482,558.830200195313
Guangdong,152,2.108766746521,1597,64.2648086547852,158,0.0242739372407283,0.00357122120546872,0.0586741474778168,0.162594727376706,0.669832527637482,558.830200195313
Guangdong,153,2.07188339233398,1609,66.7267532348633,217,0.0242739372407283,0.00357122120546872,0.0586741474778168,0.162594727376706,0.669832527637482,558.830200195313
Guangdong,182,2.0691499710083,1631,64.0984878540039,145,0.0242739372407283,0.00357122120546872,0.0586741474778168,0.162594727376706,0.669832527637482,558.830200195313
Guangdong,183,2.07900009155273,1689,64.9421081542969,115,0.0242739372407283,0.00357122120546872,0.0586741474778168,0.162594727376706,0.669832527637482,558.830200195313
Guangdong,184,2.07728328704834,1740,66.7927169799805,112,0.0242739372407283,0.00357122120546872,0.0586741474778168,0.162594727376706,0.669832527637482,558.830200195313
Guangdong,185,1.89540004730225,1841,66.8459320068359,555,0.0242739372407283,0.00357122120546872,0.0586741474778168,0.162594727376706,0.669832527637482,558.830200195313
Guangdong,186,2.02714996337891,1848,67.5716323852539,320,0.0242739372407283,0.00357122120546872,0.0586741474778168,0.162594727376706,0.669832527637482,558.830200195313
Guangdong,187,2.18526668548584,1854,68.3921356201172,49,0.0242739372407283,0.00357122120546872,0.0586741474778168,0.162594727376706,0.669832527637482,558.830200195313
Guangdong,188,1.86863327026367,1846,62.6566848754883,636,0.0242739372407283,0.00357122120546872,0.0586741474778168,0.162594727376706,0.669832527637482,558.830200195313
Guangdong,189,2.06703338623047,1639,60.1125106811524,259,0.0242739372407283,0.00357122120546872,0.0586741474778168,0.162594727376706,0.669832527637482,558.830200195313
Guangdong,190,2.17843341827393,1531,60.9616508483887,19,0.0242739372407283,0.00357122120546872,0.0586741474778168,0.162594727376706,0.669832527637482,558.830200195313
Guangdong,191,2.15566673278809,1523,64.6130981445313,9,0.0242739372407283,0.00357122120546872,0.0586741474778168,0.162594727376706,0.669832527637482,558.830200195313
Guangdong,222,1.78831672668457,1656,61.7807006835938,594,0.0242739372407283,0.00357122120546872,0.0586741474778168,0.162594727376706,0.669832527637482,558.830200195313
Guangdong,223,2.0375,1609,64.8655853271484,149,0.0242739372407283,0.00357122120546872,0.0586741474778168,0.162594727376706,0.669832527637482,558.830200195313
Guangdong,224,2.02194995880127,1682,67.1846237182617,211,0.0242739372407283,0.00357122120546872,0.0586741474778168,0.162594727376706,0.669832527637482,558.830200195313
Guangdong,225,2.02526664733887,1717,66.68359375,209,0.0242739372407283,0.00357122120546872,0.0586741474778168,0.162594727376706,0.669832527637482,558.830200195313
Guangdong,226,1.90653343200684,1812,65.7984466552734,479,0.0242739372407283,0.00357122120546872,0.0586741474778168,0.162594727376706,0.669832527637482,558.830200195313
Guangdong,227,2.0849666595459,1752,63.8784370422363,173,0.0242739372407283,0.00357122120546872,0.0586741474778168,0.162594727376706,0.669832527637482,558.830200195313
Guangdong,228,2.01678333282471,1708,60.2394561767578,316,0.0242739372407283,0.00357122120546872,0.0586741474778168,0.162594727376706,0.669832527637482,558.830200195313
Guangdong,229,2.07765007019043,1576,58.0513763427734,192,0.0242739372407283,0.00357122120546872,0.0586741474778168,0.162594727376706,0.669832527637482,558.830200195313
Guangdong,230,2.00669994354248,1549,59.2590065002441,305,0.0242739372407283,0.00357122120546872,0.0586741474778168,0.162594727376706,0.669832527637482,558.830200195313
Guangdong,231,1.93544998168945,1549,61.8183364868164,452,0.0242739372407283,0.00357122120546872,0.0586741474778168,0.162594727376706,0.669832527637482,558.830200195313
Guangdong,263,1.91256675720215,1529,59.683650970459,257,0.0242739372407283,0.00357122120546872,0.0586741474778168,0.162594727376706,0.669832527637482,558.830200195313
Guangdong,264,1.6574333190918,1569,63.4038391113281,771,0.0242739372407283,0.00357122120546872,0.0586741474778168,0.162594727376706,0.669832527637482,558.830200195313
Guangdong,265,2.01816673278809,1510,64.4134368896484,104,0.0242739372407283,0.00357122120546872,0.0586741474778168,0.162594727376706,0.669832527637482,558.830200195313
Guangdong,266,1.78793334960938,1674,63.2462463378906,582,0.0242739372407283,0.00357122120546872,0.0586741474778168,0.162594727376706,0.669832527637482,558.830200195313
Guangdong,269,1.86126670837402,1735,59.4356918334961,530,0.0242739372407283,0.00357122120546872,0.0586741474778168,0.162594727376706,0.669832527637482,558.830200195313
Guangdong,270,2.00046672821045,1585,58.6234283447266,291,0.0242739372407283,0.00357122120546872,0.0586741474778168,0.162594727376706,0.669832527637482,558.830200195313
Guangdong,271,2.0287166595459,1501,58.0884895324707,268,0.0242739372407283,0.00357122120546872,0.0586741474778168,0.162594727376706,0.669832527637482,558.830200195313
Guangdong,304,1.87503337860107,1406,59.6117782592773,241,0.0242739372407283,0.00357122120546872,0.0586741474778168,0.162594727376706,0.669832527637482,558.830200195313
Guangdong,305,1.54646663665772,1647,59.0307960510254,958,0.0242739372407283,0.00357122120546872,0.0586741474778168,0.162594727376706,0.669832527637482,558.830200195313
Guangdong,306,1.72158336639404,1603,59.6083755493164,611,0.0242739372407283,0.00357122120546872,0.0586741474778168,0.162594727376706,0.669832527637482,558.830200195313
Guangdong,307,2.00429992675781,1555,58.5451202392578,147,0.0242739372407283,0.00357122120546872,0.0586741474778168,0.162594727376706,0.669832527637482,558.830200195313
Guangxi,21,2.2825439453125,1632,75.1634750366211,3,0.0366689971097029,0.0184285914879468,0.0800731827586212,0.233121858022171,0.635746479034424,495.694396972656
Guangxi,29,2.14570007324219,1632,80.6134567260742,309,0.0366689971097029,0.0184285914879468,0.0800731827586212,0.233121858022171,0.635746479034424,495.694396972656
Guangxi,30,2.14676666259766,1976,84.8357849121094,271,0.0366689971097029,0.0184285914879468,0.0800731827586212,0.233121858022171,0.635746479034424,495.694396972656
Guangxi,31,2.16119995117188,1919,81.6948623657227,96,0.0366689971097029,0.0184285914879468,0.0800731827586212,0.233121858022171,0.635746479034424,495.694396972656
Guangxi,32,2.16721668243408,1737,77.3120269775391,27,0.0366689971097029,0.0184285914879468,0.0800731827586212,0.233121858022171,0.635746479034424,495.694396972656
Guangxi,33,2.19974994659424,1648,73.5390319824219,44,0.0366689971097029,0.0184285914879468,0.0800731827586212,0.233121858022171,0.635746479034424,495.694396972656
Guangxi,34,2.19794998168945,1657,70.8335113525391,98,0.0366689971097029,0.0184285914879468,0.0800731827586212,0.233121858022171,0.635746479034424,495.694396972656
Guangxi,45,2.2046667098999,1363,74.8295288085938,247,0.0366689971097029,0.0184285914879468,0.0800731827586212,0.233121858022171,0.635746479034424,495.694396972656
Guangxi,46,2.26100006103516,1554,77.8588104248047,147,0.0366689971097029,0.0184285914879468,0.0800731827586212,0.233121858022171,0.635746479034424,495.694396972656
Guangxi,47,2.20598335266113,1680,77.7117385864258,141,0.0366689971097029,0.0184285914879468,0.0800731827586212,0.233121858022171,0.635746479034424,495.694396972656
Guangxi,48,2.14773330688477,1626,74.7275619506836,137,0.0366689971097029,0.0184285914879468,0.0800731827586212,0.233121858022171,0.635746479034424,495.694396972656
Guangxi,49,2.14435005187988,1603,72.4638900756836,65,0.0366689971097029,0.0184285914879468,0.0800731827586212,0.233121858022171,0.635746479034424,495.694396972656
Guangxi,50,2.11063327789307,1602,71.2362747192383,202,0.0366689971097029,0.0184285914879468,0.0800731827586212,0.233121858022171,0.635746479034424,495.694396972656
Guangxi,51,2.14231662750244,1608,68.5524520874024,152,0.0366689971097029,0.0184285914879468,0.0800731827586212,0.233121858022171,0.635746479034424,495.694396972656
Guangxi,52,2.18859996795654,1667,68.2406845092774,131,0.0366689971097029,0.0184285914879468,0.0800731827586212,0.233121858022171,0.635746479034424,495.694396972656
Guangxi,53,2.21521663665771,1769,72.4865112304688,174,0.0366689971097029,0.0184285914879468,0.0800731827586212,0.233121858022171,0.635746479034424,495.694396972656
Guangxi,70,2.10294990539551,1511,81.298713684082,508,0.0366689971097029,0.0184285914879468,0.0800731827586212,0.233121858022171,0.635746479034424,495.694396972656
Guangxi,71,2.05458335876465,1559,77.2437896728516,555,0.0366689971097029,0.0184285914879468,0.0800731827586212,0.233121858022171,0.635746479034424,495.694396972656
Guangxi,72,2.22893333435059,1541,71.9673080444336,100,0.0366689971097029,0.0184285914879468,0.0800731827586212,0.233121858022171,0.635746479034424,495.694396972656
Guangxi,73,2.17256660461426,1415,67.1941223144531,107,0.0366689971097029,0.0184285914879468,0.0800731827586212,0.233121858022171,0.635746479034424,495.694396972656
Guangxi,74,2.14341659545898,1521,68.2876968383789,97,0.0366689971097029,0.0184285914879468,0.0800731827586212,0.233121858022171,0.635746479034424,495.694396972656
Guangxi,75,2.17256660461426,1534,70.4866714477539,72,0.0366689971097029,0.0184285914879468,0.0800731827586212,0.233121858022171,0.635746479034424,495.694396972656
Guangxi,76,2.03570003509522,1555,67.6681747436524,413,0.0366689971097029,0.0184285914879468,0.0800731827586212,0.233121858022171,0.635746479034424,495.694396972656
Guangxi,77,2.1769832611084,1569,65.3826675415039,117,0.0366689971097029,0.0184285914879468,0.0800731827586212,0.233121858022171,0.635746479034424,495.694396972656
Guangxi,78,1.97779998779297,1751,69.9591979980469,616,0.0366689971097029,0.0184285914879468,0.0800731827586212,0.233121858022171,0.635746479034424,495.694396972656
Guangxi,98,1.86078338623047,1411,87.3840942382813,1067,0.0366689971097029,0.0184285914879468,0.0800731827586212,0.233121858022171,0.635746479034424,495.694396972656
Guangxi,99,1.9267333984375,1462,86.5932998657227,941,0.0366689971097029,0.0184285914879468,0.0800731827586212,0.233121858022171,0.635746479034424,495.694396972656
Guangxi,100,2.17700004577637,1437,80.620735168457,316,0.0366689971097029,0.0184285914879468,0.0800731827586212,0.233121858022171,0.635746479034424,495.694396972656
Guangxi,101,2.12413330078125,1551,76.4152221679688,452,0.0366689971097029,0.0184285914879468,0.0800731827586212,0.233121858022171,0.635746479034424,495.694396972656
Guangxi,102,2.11398334503174,1641,71.2060623168945,292,0.0366689971097029,0.0184285914879468,0.0800731827586212,0.233121858022171,0.635746479034424,495.694396972656
Guangxi,103,2.14551658630371,1725,66.6228866577148,153,0.0366689971097029,0.0184285914879468,0.0800731827586212,0.233121858022171,0.635746479034424,495.694396972656
Guangxi,104,2.14551658630371,1590,65.3561248779297,96,0.0366689971097029,0.0184285914879468,0.0800731827586212,0.233121858022171,0.635746479034424,495.694396972656
Guangxi,105,2.13031673431396,1408,66.8148345947266,141,0.0366689971097029,0.0184285914879468,0.0800731827586212,0.233121858022171,0.635746479034424,495.694396972656
Guangxi,106,2.17338333129883,1374,65.5970458984375,60,0.0366689971097029,0.0184285914879468,0.0800731827586212,0.233121858022171,0.635746479034424,495.694396972656
Guangxi,107,2.15726661682129,1481,65.6991348266602,94,0.0366689971097029,0.0184285914879468,0.0800731827586212,0.233121858022171,0.635746479034424,495.694396972656
Guangxi,108,2.19613342285156,1566,67.6386489868164,64,0.0366689971097029,0.0184285914879468,0.0800731827586212,0.233121858022171,0.635746479034424,495.694396972656
Guangxi,109,2.16639995574951,1671,69.3681411743164,183,0.0366689971097029,0.0184285914879468,0.0800731827586212,0.233121858022171,0.635746479034424,495.694396972656
Guangxi,133,2.05125007629395,1332,84.8004913330078,573,0.0366689971097029,0.0184285914879468,0.0800731827586212,0.233121858022171,0.635746479034424,495.694396972656
Guangxi,134,2.25806674957275,1413,80.3270111083984,163,0.0366689971097029,0.0184285914879468,0.0800731827586212,0.233121858022171,0.635746479034424,495.694396972656
Guangxi,135,2.09069995880127,1516,75.1411285400391,349,0.0366689971097029,0.0184285914879468,0.0800731827586212,0.233121858022171,0.635746479034424,495.694396972656
Guangxi,136,2.11451663970947,1653,70.334587097168,239,0.0366689971097029,0.0184285914879468,0.0800731827586212,0.233121858022171,0.635746479034424,495.694396972656
Guangxi,137,1.9670166015625,1726,67.1450119018555,467,0.0366689971097029,0.0184285914879468,0.0800731827586212,0.233121858022171,0.635746479034424,495.694396972656
Guangxi,138,2.11529998779297,1617,65.0447006225586,122,0.0366689971097029,0.0184285914879468,0.0800731827586212,0.233121858022171,0.635746479034424,495.694396972656
Guangxi,139,2.12409992218018,1397,65.1182556152344,77,0.0366689971097029,0.0184285914879468,0.0800731827586212,0.233121858022171,0.635746479034424,495.694396972656
Guangxi,140,1.88623332977295,1498,65.4748077392578,582,0.0366689971097029,0.0184285914879468,0.0800731827586212,0.233121858022171,0.635746479034424,495.694396972656
Guangxi,141,2.11373329162598,1497,65.3638381958008,150,0.0366689971097029,0.0184285914879468,0.0800731827586212,0.233121858022171,0.635746479034424,495.694396972656
Guangxi,142,2.08729991912842,1538,66.8785552978516,200,0.0366689971097029,0.0184285914879468,0.0800731827586212,0.233121858022171,0.635746479034424,495.694396972656
Guangxi,143,2.15258331298828,1569,67.0538635253906,80,0.0366689971097029,0.0184285914879468,0.0800731827586212,0.233121858022171,0.635746479034424,495.694396972656
Guangxi,168,1.85908336639404,1210,87.7084426879883,911,0.0366689971097029,0.0184285914879468,0.0800731827586212,0.233121858022171,0.635746479034424,495.694396972656
Guangxi,169,2.00046672821045,1226,88.2012939453125,580,0.0366689971097029,0.0184285914879468,0.0800731827586212,0.233121858022171,0.635746479034424,495.694396972656
Guangxi,170,1.79378337860107,1303,84.0575180053711,979,0.0366689971097029,0.0184285914879468,0.0800731827586212,0.233121858022171,0.635746479034424,495.694396972656
Guangxi,171,1.87503337860107,1369,79.1008758544922,749,0.0366689971097029,0.0184285914879468,0.0800731827586212,0.233121858022171,0.635746479034424,495.694396972656
Guangxi,172,1.95319995880127,1464,74.5005187988281,554,0.0366689971097029,0.0184285914879468,0.0800731827586212,0.233121858022171,0.635746479034424,495.694396972656
Guangxi,173,1.93196659088135,1561,70.8643798828125,515,0.0366689971097029,0.0184285914879468,0.0800731827586212,0.233121858022171,0.635746479034424,495.694396972656
Guangxi,174,1.92051658630371,1631,67.4401397705078,512,0.0366689971097029,0.0184285914879468,0.0800731827586212,0.233121858022171,0.635746479034424,495.694396972656
Guangxi,175,1.94158325195313,1620,65.8197479248047,385,0.0366689971097029,0.0184285914879468,0.0800731827586212,0.233121858022171,0.635746479034424,495.694396972656
Guangxi,176,2.06924991607666,1558,66.3547668457031,108,0.0366689971097029,0.0184285914879468,0.0800731827586212,0.233121858022171,0.635746479034424,495.694396972656
Guangxi,177,2.0666332244873,1556,66.3050308227539,141,0.0366689971097029,0.0184285914879468,0.0800731827586212,0.233121858022171,0.635746479034424,495.694396972656
Guangxi,178,1.92259998321533,1626,64.9067077636719,386,0.0366689971097029,0.0184285914879468,0.0800731827586212,0.233121858022171,0.635746479034424,495.694396972656
Guangxi,179,1.86893329620361,1588,65.9421234130859,521,0.0366689971097029,0.0184285914879468,0.0800731827586212,0.233121858022171,0.635746479034424,495.694396972656
Guangxi,180,1.9525333404541,1548,65.6936340332031,352,0.0366689971097029,0.0184285914879468,0.0800731827586212,0.233121858022171,0.635746479034424,495.694396972656
Guangxi,181,2.02428340911865,1590,64.0426559448242,233,0.0366689971097029,0.0184285914879468,0.0800731827586212,0.233121858022171,0.635746479034424,495.694396972656
Guangxi,207,1.75739994049072,1234,81.2242889404297,1130,0.0366689971097029,0.0184285914879468,0.0800731827586212,0.233121858022171,0.635746479034424,495.694396972656
Guangxi,208,1.90066661834717,1335,87.0909194946289,761,0.0366689971097029,0.0184285914879468,0.0800731827586212,0.233121858022171,0.635746479034424,495.694396972656
Guangxi,210,1.66383323669434,1270,82.3343811035156,1121,0.0366689971097029,0.0184285914879468,0.0800731827586212,0.233121858022171,0.635746479034424,495.694396972656
Guangxi,211,1.77941665649414,1321,76.3282165527344,767,0.0366689971097029,0.0184285914879468,0.0800731827586212,0.233121858022171,0.635746479034424,495.694396972656
Guangxi,212,1.76861667633057,1399,73.0284652709961,769,0.0366689971097029,0.0184285914879468,0.0800731827586212,0.233121858022171,0.635746479034424,495.694396972656
Guangxi,213,1.96143341064453,1461,71.2032775878906,339,0.0366689971097029,0.0184285914879468,0.0800731827586212,0.233121858022171,0.635746479034424,495.694396972656
Guangxi,214,2.00503330230713,1525,67.3913040161133,223,0.0366689971097029,0.0184285914879468,0.0800731827586212,0.233121858022171,0.635746479034424,495.694396972656
Guangxi,215,1.95044994354248,1590,66.7828674316406,278,0.0366689971097029,0.0184285914879468,0.0800731827586212,0.233121858022171,0.635746479034424,495.694396972656
Guangxi,216,1.97485008239746,1673,68.0471725463867,220,0.0366689971097029,0.0184285914879468,0.0800731827586212,0.233121858022171,0.635746479034424,495.694396972656
Guangxi,217,1.92761669158936,1765,69.5583877563477,285,0.0366689971097029,0.0184285914879468,0.0800731827586212,0.233121858022171,0.635746479034424,495.694396972656
Guangxi,218,1.99524993896484,1728,65.3715591430664,165,0.0366689971097029,0.0184285914879468,0.0800731827586212,0.233121858022171,0.635746479034424,495.694396972656
Guangxi,219,1.97813339233398,1635,63.3503761291504,222,0.0366689971097029,0.0184285914879468,0.0800731827586212,0.233121858022171,0.635746479034424,495.694396972656
Guangxi,220,2.02854995727539,1559,61.8044776916504,135,0.0366689971097029,0.0184285914879468,0.0800731827586212,0.233121858022171,0.635746479034424,495.694396972656
Guangxi,221,1.86264991760254,1604,61.5464401245117,457,0.0366689971097029,0.0184285914879468,0.0800731827586212,0.233121858022171,0.635746479034424,495.694396972656
Guangxi,252,1.78404998779297,1256,73.1548385620117,606,0.0366689971097029,0.0184285914879468,0.0800731827586212,0.233121858022171,0.635746479034424,495.694396972656
Guangxi,253,1.66868343353271,1329,70.533332824707,830,0.0366689971097029,0.0184285914879468,0.0800731827586212,0.233121858022171,0.635746479034424,495.694396972656
Guangxi,254,1.74080009460449,1388,68.7245025634766,649,0.0366689971097029,0.0184285914879468,0.0800731827586212,0.233121858022171,0.635746479034424,495.694396972656
Guangxi,255,1.84680004119873,1430,66.9944839477539,425,0.0366689971097029,0.0184285914879468,0.0800731827586212,0.233121858022171,0.635746479034424,495.694396972656
Guangxi,256,1.84406661987305,1534,66.3140029907227,374,0.0366689971097029,0.0184285914879468,0.0800731827586212,0.233121858022171,0.635746479034424,495.694396972656
Guangxi,257,1.8316333770752,1693,67.8243942260742,406,0.0366689971097029,0.0184285914879468,0.0800731827586212,0.233121858022171,0.635746479034424,495.694396972656
Guangxi,258,1.81876659393311,1872,69.8031692504883,406,0.0366689971097029,0.0184285914879468,0.0800731827586212,0.233121858022171,0.635746479034424,495.694396972656
Guangxi,259,1.85965003967285,1792,65.4018249511719,331,0.0366689971097029,0.0184285914879468,0.0800731827586212,0.233121858022171,0.635746479034424,495.694396972656
Guangxi,260,1.54486665725708,1715,61.383960723877,968,0.0366689971097029,0.0184285914879468,0.0800731827586212,0.233121858022171,0.635746479034424,495.694396972656
Guangxi,297,1.86126670837402,1562,64.3590469360352,224,0.0366689971097029,0.0184285914879468,0.0800731827586212,0.233121858022171,0.635746479034424,495.694396972656
Guangxi,298,1.53228330612183,1726,61.8459625244141,942,0.0366689971097029,0.0184285914879468,0.0800731827586212,0.233121858022171,0.635746479034424,495.694396972656
Guangxi,299,1.73588333129883,1711,62.0765838623047,459,0.0366689971097029,0.0184285914879468,0.0800731827586212,0.233121858022171,0.635746479034424,495.694396972656
Guangxi,300,1.50668334960938,1701,57.6826591491699,976,0.0366689971097029,0.0184285914879468,0.0800731827586212,0.233121858022171,0.635746479034424,495.694396972656
Guangxi,337,1.70415000915527,1440,59.1524810791016,477,0.0366689971097029,0.0184285914879468,0.0800731827586212,0.233121858022171,0.635746479034424,495.694396972656
Guangxi,338,1.57251663208008,1576,58.0987510681152,745,0.0366689971097029,0.0184285914879468,0.0800731827586212,0.233121858022171,0.635746479034424,495.694396972656
Guangxi,339,1.27808332443237,1682,56.1707878112793,1388,0.0366689971097029,0.0184285914879468,0.0800731827586212,0.233121858022171,0.635746479034424,495.694396972656
Guangxi,340,1.82473335266113,1497,55.6558036804199,205,0.0366689971097029,0.0184285914879468,0.0800731827586212,0.233121858022171,0.635746479034424,495.694396972656
Guizhou,209,1.91599998474121,1236,86.2202758789063,678,0.0298168180438408,0.00441322620023696,0.0560273132062786,0.144323990786465,0.484035521745682,380.364501953125
Guizhou,248,1.68446674346924,1266,80.7645721435547,1275,0.0298168180438408,0.00441322620023696,0.0560273132062786,0.144323990786465,0.484035521745682,380.364501953125
Guizhou,249,1.57178335189819,1309,81.0507583618164,1394,0.0298168180438408,0.00441322620023696,0.0560273132062786,0.144323990786465,0.484035521745682,380.364501953125
Guizhou,250,1.80353336334229,1255,81.1186294555664,775,0.0298168180438408,0.00441322620023696,0.0560273132062786,0.144323990786465,0.484035521745682,380.364501953125
Guizhou,251,1.77801666259766,1242,77.3861999511719,772,0.0298168180438408,0.00441322620023696,0.0560273132062786,0.144323990786465,0.484035521745682,380.364501953125
Guizhou,287,1.32908334732056,1153,82.7310562133789,2009,0.0298168180438408,0.00441322620023696,0.0560273132062786,0.144323990786465,0.484035521745682,380.364501953125
Guizhou,288,1.48669996261597,1265,80.4474868774414,1587,0.0298168180438408,0.00441322620023696,0.0560273132062786,0.144323990786465,0.484035521745682,380.364501953125
Guizhou,289,1.48170003890991,1292,78.7024612426758,1493,0.0298168180438408,0.00441322620023696,0.0560273132062786,0.144323990786465,0.484035521745682,380.364501953125
Guizhou,290,1.66813335418701,1245,77.1474304199219,1024,0.0298168180438408,0.00441322620023696,0.0560273132062786,0.144323990786465,0.484035521745682,380.364501953125
Guizhou,291,1.67473335266113,1218,74.1562576293945,869,0.0298168180438408,0.00441322620023696,0.0560273132062786,0.144323990786465,0.484035521745682,380.364501953125
Guizhou,292,1.58036670684814,1238,71.5287399291992,1008,0.0298168180438408,0.00441322620023696,0.0560273132062786,0.144323990786465,0.484035521745682,380.364501953125
Guizhou,293,1.56051664352417,1272,68.8170394897461,996,0.0298168180438408,0.00441322620023696,0.0560273132062786,0.144323990786465,0.484035521745682,380.364501953125
Guizhou,294,1.69855003356934,1286,66.3931045532227,660,0.0298168180438408,0.00441322620023696,0.0560273132062786,0.144323990786465,0.484035521745682,380.364501953125
Guizhou,295,1.5646333694458,1366,63.904972076416,902,0.0298168180438408,0.00441322620023696,0.0560273132062786,0.144323990786465,0.484035521745682,380.364501953125
Guizhou,296,1.75498332977295,1430,63.5818824768067,486,0.0298168180438408,0.00441322620023696,0.0560273132062786,0.144323990786465,0.484035521745682,380.364501953125
Guizhou,327,1.38205003738403,1122,84.1731033325195,1800,0.0298168180438408,0.00441322620023696,0.0560273132062786,0.144323990786465,0.484035521745682,380.364501953125
Guizhou,328,1.67036666870117,1184,79.7371520996094,1081,0.0298168180438408,0.00441322620023696,0.0560273132062786,0.144323990786465,0.484035521745682,380.364501953125
Guizhou,329,1.50761671066284,1223,77.4523391723633,1337,0.0298168180438408,0.00441322620023696,0.0560273132062786,0.144323990786465,0.484035521745682,380.364501953125
Guizhou,330,1.44351673126221,1209,74.9523773193359,1388,0.0298168180438408,0.00441322620023696,0.0560273132062786,0.144323990786465,0.484035521745682,380.364501953125
Guizhou,331,1.51158332824707,1182,72.5082244873047,1175,0.0298168180438408,0.00441322620023696,0.0560273132062786,0.144323990786465,0.484035521745682,380.364501953125
Guizhou,332,1.48226671218872,1199,69.6895751953125,1161,0.0298168180438408,0.00441322620023696,0.0560273132062786,0.144323990786465,0.484035521745682,380.364501953125
Guizhou,333,1.57796669006348,1203,66.7726669311524,871,0.0298168180438408,0.00441322620023696,0.0560273132062786,0.144323990786465,0.484035521745682,380.364501953125
Guizhou,334,1.6781665802002,1212,64.2668609619141,610,0.0298168180438408,0.00441322620023696,0.0560273132062786,0.144323990786465,0.484035521745682,380.364501953125
Guizhou,335,1.67216663360596,1216,61.8909645080566,590,0.0298168180438408,0.00441322620023696,0.0560273132062786,0.144323990786465,0.484035521745682,380.364501953125
Guizhou,336,1.63346672058105,1326,59.9959106445313,646,0.0298168180438408,0.00441322620023696,0.0560273132062786,0.144323990786465,0.484035521745682,380.364501953125
Guizhou,369,1.2606333732605,1109,78.8980178833008,1847,0.0298168180438408,0.00441322620023696,0.0560273132062786,0.144323990786465,0.484035521745682,380.364501953125
Guizhou,370,1.18109998703003,1162,76.2078399658203,1945,0.0298168180438408,0.00441322620023696,0.0560273132062786,0.144323990786465,0.484035521745682,380.364501953125
Guizhou,371,1.39654998779297,1153,73.7136306762695,1411,0.0298168180438408,0.00441322620023696,0.0560273132062786,0.144323990786465,0.484035521745682,380.364501953125
Guizhou,372,1.44686670303345,1132,71.1072235107422,1297,0.0298168180438408,0.00441322620023696,0.0560273132062786,0.144323990786465,0.484035521745682,380.364501953125
Guizhou,373,1.46169996261597,1140,68.8331680297852,1159,0.0298168180438408,0.00441322620023696,0.0560273132062786,0.144323990786465,0.484035521745682,380.364501953125
Guizhou,374,1.48576669692993,1180,64.7594909667969,1039,0.0298168180438408,0.00441322620023696,0.0560273132062786,0.144323990786465,0.484035521745682,380.364501953125
Guizhou,375,1.45113334655762,1219,61.8940315246582,1062,0.0298168180438408,0.00441322620023696,0.0560273132062786,0.144323990786465,0.484035521745682,380.364501953125
Guizhou,376,1.5429666519165,1200,59.4794006347656,765,0.0298168180438408,0.00441322620023696,0.0560273132062786,0.144323990786465,0.484035521745682,380.364501953125
Guizhou,377,1.55930004119873,1267,57.5737075805664,701,0.0298168180438408,0.00441322620023696,0.0560273132062786,0.144323990786465,0.484035521745682,380.364501953125
Guizhou,409,1.102649974823,921,86.7729721069336,2289,0.0298168180438408,0.00441322620023696,0.0560273132062786,0.144323990786465,0.484035521745682,380.364501953125
Guizhou,410,0.951833343505859,977,83.2463302612305,2430,0.0298168180438408,0.00441322620023696,0.0560273132062786,0.144323990786465,0.484035521745682,380.364501953125
Guizhou,411,1.14549999237061,1041,78.0411224365234,1954,0.0298168180438408,0.00441322620023696,0.0560273132062786,0.144323990786465,0.484035521745682,380.364501953125
Guizhou,412,1.2986499786377,1083,74.8233871459961,1649,0.0298168180438408,0.00441322620023696,0.0560273132062786,0.144323990786465,0.484035521745682,380.364501953125
Guizhou,413,1.45381669998169,1086,72.0580978393555,1270,0.0298168180438408,0.00441322620023696,0.0560273132062786,0.144323990786465,0.484035521745682,380.364501953125
Guizhou,414,1.43613328933716,1094,70.3045425415039,1253,0.0298168180438408,0.00441322620023696,0.0560273132062786,0.144323990786465,0.484035521745682,380.364501953125
Guizhou,415,1.45086669921875,1106,67.6150741577149,1149,0.0298168180438408,0.00441322620023696,0.0560273132062786,0.144323990786465,0.484035521745682,380.364501953125
Guizhou,416,1.35113334655762,1173,63.9997177124024,1291,0.0298168180438408,0.00441322620023696,0.0560273132062786,0.144323990786465,0.484035521745682,380.364501953125
Guizhou,417,1.53616666793823,1156,61.0232353210449,796,0.0298168180438408,0.00441322620023696,0.0560273132062786,0.144323990786465,0.484035521745682,380.364501953125
Guizhou,418,1.48280000686646,1170,57.821044921875,839,0.0298168180438408,0.00441322620023696,0.0560273132062786,0.144323990786465,0.484035521745682,380.364501953125
Guizhou,419,1.51326665878296,1222,56.4900245666504,743,0.0298168180438408,0.00441322620023696,0.0560273132062786,0.144323990786465,0.484035521745682,380.364501953125
Guizhou,451,1.19955005645752,889,81.5737838745117,1840,0.0298168180438408,0.00441322620023696,0.0560273132062786,0.144323990786465,0.484035521745682,380.364501953125
Guizhou,452,1.13800001144409,945,79.1877517700195,1894,0.0298168180438408,0.00441322620023696,0.0560273132062786,0.144323990786465,0.484035521745682,380.364501953125
Guizhou,454,1.27046670913696,1043,72.2683258056641,1594,0.0298168180438408,0.00441322620023696,0.0560273132062786,0.144323990786465,0.484035521745682,380.364501953125
Guizhou,455,1.28601665496826,1072,70.7485275268555,1507,0.0298168180438408,0.00441322620023696,0.0560273132062786,0.144323990786465,0.484035521745682,380.364501953125
Guizhou,456,1.55381669998169,1056,68.1522598266602,938,0.0298168180438408,0.00441322620023696,0.0560273132062786,0.144323990786465,0.484035521745682,380.364501953125
Guizhou,457,1.56213331222534,1069,66.1500854492188,857,0.0298168180438408,0.00441322620023696,0.0560273132062786,0.144323990786465,0.484035521745682,380.364501953125
Guizhou,458,1.55139999389648,1104,63.7820739746094,792,0.0298168180438408,0.00441322620023696,0.0560273132062786,0.144323990786465,0.484035521745682,380.364501953125
Guizhou,459,1.37163333892822,1175,60.5075263977051,1130,0.0298168180438408,0.00441322620023696,0.0560273132062786,0.144323990786465,0.484035521745682,380.364501953125
Guizhou,460,1.5426833152771,1152,58.3512115478516,703,0.0298168180438408,0.00441322620023696,0.0560273132062786,0.144323990786465,0.484035521745682,380.364501953125
Guizhou,461,1.6841833114624,1181,56.6971626281738,376,0.0298168180438408,0.00441322620023696,0.0560273132062786,0.144323990786465,0.484035521745682,380.364501953125
Guizhou,502,1.32740001678467,1073,67.7696151733399,1391,0.0298168180438408,0.00441322620023696,0.0560273132062786,0.144323990786465,0.484035521745682,380.364501953125
Guizhou,503,1.51236667633057,1069,65.9244689941406,919,0.0298168180438408,0.00441322620023696,0.0560273132062786,0.144323990786465,0.484035521745682,380.364501953125
Guizhou,504,1.50456666946411,1111,63.4621734619141,812,0.0298168180438408,0.00441322620023696,0.0560273132062786,0.144323990786465,0.484035521745682,380.364501953125
Guizhou,505,1.61926670074463,1134,61.2892837524414,623,0.0298168180438408,0.00441322620023696,0.0560273132062786,0.144323990786465,0.484035521745682,380.364501953125
Guizhou,506,1.46458330154419,1210,59.685302734375,872,0.0298168180438408,0.00441322620023696,0.0560273132062786,0.144323990786465,0.484035521745682,380.364501953125
Guizhou,507,1.67258338928223,1219,58.3640327453613,433,0.0298168180438408,0.00441322620023696,0.0560273132062786,0.144323990786465,0.484035521745682,380.364501953125
Guizhou,553,1.59204998016357,1060,66.8025054931641,800,0.0298168180438408,0.00441322620023696,0.0560273132062786,0.144323990786465,0.484035521745682,380.364501953125
Guizhou,554,1.32816667556763,1082,66.4730682373047,1327,0.0298168180438408,0.00441322620023696,0.0560273132062786,0.144323990786465,0.484035521745682,380.364501953125
Guizhou,555,1.49596662521362,1092,65.1267471313477,912,0.0298168180438408,0.00441322620023696,0.0560273132062786,0.144323990786465,0.484035521745682,380.364501953125
Guizhou,556,1.28295001983643,1196,61.9790153503418,1279,0.0298168180438408,0.00441322620023696,0.0560273132062786,0.144323990786465,0.484035521745682,380.364501953125
Guizhou,557,1.63741664886475,1177,62.7678260803223,575,0.0298168180438408,0.00441322620023696,0.0560273132062786,0.144323990786465,0.484035521745682,380.364501953125
Guizhou,558,1.5558500289917,1241,60.6315307617188,704,0.0298168180438408,0.00441322620023696,0.0560273132062786,0.144323990786465,0.484035521745682,380.364501953125
Guizhou,559,1.60540008544922,1293,59.330753326416,610,0.0298168180438408,0.00441322620023696,0.0560273132062786,0.144323990786465,0.484035521745682,380.364501953125
Guizhou,612,1.45640001296997,1103,65.47509765625,1011,0.0298168180438408,0.00441322620023696,0.0560273132062786,0.144323990786465,0.484035521745682,380.364501953125
Guizhou,613,1.5925666809082,1130,65.0560913085938,723,0.0298168180438408,0.00441322620023696,0.0560273132062786,0.144323990786465,0.484035521745682,380.364501953125
Guizhou,614,1.35714998245239,1225,61.4143791198731,1084,0.0298168180438408,0.00441322620023696,0.0560273132062786,0.144323990786465,0.484035521745682,380.364501953125
Guizhou,615,1.58234996795654,1246,61.9742660522461,625,0.0298168180438408,0.00441322620023696,0.0560273132062786,0.144323990786465,0.484035521745682,380.364501953125
Hainan,1,,,,,0.0227746414362233,0.0152593020365477,0.0529328433991583,0.172162696920853,0.755940318107605,494.578582763672
Hainan,2,,,,,0.0227746414362233,0.0152593020365477,0.0529328433991583,0.172162696920853,0.755940318107605,494.578582763672
Hainan,3,2.5050594329834,1426,79.3385009765625,124,0.0227746414362233,0.0152593020365477,0.0529328433991583,0.172162696920853,0.755940318107605,494.578582763672
Hainan,4,2.52847232818604,1174,79.5477752685547,22,0.0227746414362233,0.0152593020365477,0.0529328433991583,0.172162696920853,0.755940318107605,494.578582763672
Hainan,5,2.46066665649414,1337,77.6365509033203,170,0.0227746414362233,0.0152593020365477,0.0529328433991583,0.172162696920853,0.755940318107605,494.578582763672
Hainan,6,2.46555004119873,1487,75.8174285888672,144,0.0227746414362233,0.0152593020365477,0.0529328433991583,0.172162696920853,0.755940318107605,494.578582763672
Hainan,7,2.44148330688477,1595,73.2438583374024,152,0.0227746414362233,0.0152593020365477,0.0529328433991583,0.172162696920853,0.755940318107605,494.578582763672
Hainan,8,2.51175003051758,1105,82.6403045654297,19,0.0227746414362233,0.0152593020365477,0.0529328433991583,0.172162696920853,0.755940318107605,494.578582763672
Hainan,9,2.22906665802002,1461,79.3269348144531,503,0.0227746414362233,0.0152593020365477,0.0529328433991583,0.172162696920853,0.755940318107605,494.578582763672
Hainan,10,2.26445007324219,1645,76.0303497314453,459,0.0227746414362233,0.0152593020365477,0.0529328433991583,0.172162696920853,0.755940318107605,494.578582763672
Hainan,11,2.41256675720215,1660,72.722053527832,151,0.0227746414362233,0.0152593020365477,0.0529328433991583,0.172162696920853,0.755940318107605,494.578582763672
Hainan,12,2.45919990539551,1469,78.543098449707,34,0.0227746414362233,0.0152593020365477,0.0529328433991583,0.172162696920853,0.755940318107605,494.578582763672
Hainan,13,2.40388336181641,1719,75.6162185668945,112,0.0227746414362233,0.0152593020365477,0.0529328433991583,0.172162696920853,0.755940318107605,494.578582763672
Hainan,14,2.42386665344238,1716,71.4459075927734,66,0.0227746414362233,0.0152593020365477,0.0529328433991583,0.172162696920853,0.755940318107605,494.578582763672
Hainan,15,2.40284996032715,1745,70.1890411376953,100,0.0227746414362233,0.0152593020365477,0.0529328433991583,0.172162696920853,0.755940318107605,494.578582763672
Hainan,16,2.4360294342041,1686,70.1215362548828,2,0.0227746414362233,0.0152593020365477,0.0529328433991583,0.172162696920853,0.755940318107605,494.578582763672
Hainan,17,2.42029991149902,1731,67.9846649169922,5,0.0227746414362233,0.0152593020365477,0.0529328433991583,0.172162696920853,0.755940318107605,494.578582763672
Hebei,1956,1.33463335037231,579,109.771499633789,273,0.0981936742313489,0.0225664837587183,0.0923150000809967,0.325590305177595,0.331579715013504,171.668746948242
Hebei,1957,1.3470666885376,536,110.398345947266,62,0.0981936742313489,0.0225664837587183,0.0923150000809967,0.325590305177595,0.331579715013504,171.668746948242
Hebei,1958,1.33608331680298,524,108.085601806641,43,0.0981936742313489,0.0225664837587183,0.0923150000809967,0.325590305177595,0.331579715013504,171.668746948242
Hebei,2029,1.29033336639404,590,109.836448669434,340,0.0981936742313489,0.0225664837587183,0.0923150000809967,0.325590305177595,0.331579715013504,171.668746948242
Hebei,2030,1.31815004348755,528,114.541000366211,44,0.0981936742313489,0.0225664837587183,0.0923150000809967,0.325590305177595,0.331579715013504,171.668746948242
Hebei,2031,1.31735000610352,508,113.413940429688,38,0.0981936742313489,0.0225664837587183,0.0923150000809967,0.325590305177595,0.331579715013504,171.668746948242
Hebei,2104,1.09983329772949,575,110.952949523926,649,0.0981936742313489,0.0225664837587183,0.0923150000809967,0.325590305177595,0.331579715013504,171.668746948242
Hebei,2105,1.33743333816528,523,117.625205993652,33,0.0981936742313489,0.0225664837587183,0.0923150000809967,0.325590305177595,0.331579715013504,171.668746948242
Hebei,2106,1.33059997558594,505,119.634414672852,31,0.0981936742313489,0.0225664837587183,0.0923150000809967,0.325590305177595,0.331579715013504,171.668746948242
Hebei,2180,1.21824998855591,525,113.249717712402,370,0.0981936742313489,0.0225664837587183,0.0923150000809967,0.325590305177595,0.331579715013504,171.668746948242
Hebei,2181,1.32516660690308,475,120.138664245605,38,0.0981936742313489,0.0225664837587183,0.0923150000809967,0.325590305177595,0.331579715013504,171.668746948242
Hebei,2182,1.32901668548584,450,125.433059692383,25,0.0981936742313489,0.0225664837587183,0.0923150000809967,0.325590305177595,0.331579715013504,171.668746948242
Hebei,2183,1.30438327789307,463,126.441848754883,23,0.0981936742313489,0.0225664837587183,0.0923150000809967,0.325590305177595,0.331579715013504,171.668746948242
Hebei,2257,0.968249988555908,447,115.238433837891,772,0.0981936742313489,0.0225664837587183,0.0923150000809967,0.325590305177595,0.331579715013504,171.668746948242
Hebei,2258,1.30246667861938,495,113.905502319336,117,0.0981936742313489,0.0225664837587183,0.0923150000809967,0.325590305177595,0.331579715013504,171.668746948242
Hebei,2259,1.31180000305176,434,123.707427978516,50,0.0981936742313489,0.0225664837587183,0.0923150000809967,0.325590305177595,0.331579715013504,171.668746948242
Hebei,2260,1.30963335037231,415,127.723251342773,29,0.0981936742313489,0.0225664837587183,0.0923150000809967,0.325590305177595,0.331579715013504,171.668746948242
Hebei,2261,1.3037166595459,407,126.577911376953,17,0.0981936742313489,0.0225664837587183,0.0923150000809967,0.325590305177595,0.331579715013504,171.668746948242
Hebei,2262,1.30034999847412,459,130.875839233398,12,0.0981936742313489,0.0225664837587183,0.0923150000809967,0.325590305177595,0.331579715013504,171.668746948242
Hebei,2263,1.30076665878296,516,130.457504272461,11,0.0981936742313489,0.0225664837587183,0.0923150000809967,0.325590305177595,0.331579715013504,171.668746948242
Hebei,2335,0.758916664123535,447,115.168312072754,1071,0.0981936742313489,0.0225664837587183,0.0923150000809967,0.325590305177595,0.331579715013504,171.668746948242
Hebei,2336,1.24293336868286,455,117.040069580078,225,0.0981936742313489,0.0225664837587183,0.0923150000809967,0.325590305177595,0.331579715013504,171.668746948242
Hebei,2337,1.29496669769287,452,125.876022338867,61,0.0981936742313489,0.0225664837587183,0.0923150000809967,0.325590305177595,0.331579715013504,171.668746948242
Hebei,2338,1.31466665267944,448,130.013549804688,21,0.0981936742313489,0.0225664837587183,0.0923150000809967,0.325590305177595,0.331579715013504,171.668746948242
Hebei,2339,1.3010666847229,428,134.673828125,11,0.0981936742313489,0.0225664837587183,0.0923150000809967,0.325590305177595,0.331579715013504,171.668746948242
Hebei,2340,1.29783334732056,471,134.629653930664,9,0.0981936742313489,0.0225664837587183,0.0923150000809967,0.325590305177595,0.331579715013504,171.668746948242
Hebei,2341,1.31321668624878,524,131.861099243164,4,0.0981936742313489,0.0225664837587183,0.0923150000809967,0.325590305177595,0.331579715013504,171.668746948242
Hebei,2342,1.30437498092651,579,124.947357177734,2,0.0981936742313489,0.0225664837587183,0.0923150000809967,0.325590305177595,0.331579715013504,171.668746948242
Hebei,2409,0.580933332443237,490,110.707977294922,1392,0.0981936742313489,0.0225664837587183,0.0923150000809967,0.325590305177595,0.331579715013504,171.668746948242
Hebei,2410,1.15436668395996,477,126.803100585938,374,0.0981936742313489,0.0225664837587183,0.0923150000809967,0.325590305177595,0.331579715013504,171.668746948242
Hebei,2411,1.28571662902832,514,135.51628112793,18,0.0981936742313489,0.0225664837587183,0.0923150000809967,0.325590305177595,0.331579715013504,171.668746948242
Hebei,2412,1.28048334121704,486,141.244888305664,9,0.0981936742313489,0.0225664837587183,0.0923150000809967,0.325590305177595,0.331579715013504,171.668746948242
Hebei,2482,0.769099998474121,481,117.339218139648,1003,0.0981936742313489,0.0225664837587183,0.0923150000809967,0.325590305177595,0.331579715013504,171.668746948242
Hebei,2483,1.2440333366394,573,143.920028686523,46,0.0981936742313489,0.0225664837587183,0.0923150000809967,0.325590305177595,0.331579715013504,171.668746948242
Hebei,2484,1.22736663818359,556,150.668914794922,22,0.0981936742313489,0.0225664837587183,0.0923150000809967,0.325590305177595,0.331579715013504,171.668746948242
Hebei,2485,1.24023332595825,536,142.650360107422,14,0.0981936742313489,0.0225664837587183,0.0923150000809967,0.325590305177595,0.331579715013504,171.668746948242
Hebei,2554,0.688700008392334,418,103.312934875488,1103,0.0981936742313489,0.0225664837587183,0.0923150000809967,0.325590305177595,0.331579715013504,171.668746948242
Hebei,2555,0.448999977111816,496,106.284103393555,1511,0.0981936742313489,0.0225664837587183,0.0923150000809967,0.325590305177595,0.331579715013504,171.668746948242
Hebei,2560,1.16296663284302,615,128.731491088867,23,0.0981936742313489,0.0225664837587183,0.0923150000809967,0.325590305177595,0.331579715013504,171.668746948242
Hebei,2561,1.10349998474121,624,126.998725891113,24,0.0981936742313489,0.0225664837587183,0.0923150000809967,0.325590305177595,0.331579715013504,171.668746948242
Hebei,2562,1.0823166847229,615,125.612937927246,3,0.0981936742313489,0.0225664837587183,0.0923150000809967,0.325590305177595,0.331579715013504,171.668746948242
Hebei,2631,0.477316665649414,404,100.155372619629,1443,0.0981936742313489,0.0225664837587183,0.0923150000809967,0.325590305177595,0.331579715013504,171.668746948242
Hebei,2632,0.970083332061768,393,113.16618347168,550,0.0981936742313489,0.0225664837587183,0.0923150000809967,0.325590305177595,0.331579715013504,171.668746948242
Hebei,2633,0.95228328704834,457,120.04761505127,549,0.0981936742313489,0.0225664837587183,0.0923150000809967,0.325590305177595,0.331579715013504,171.668746948242
Hebei,2637,1.02231664657593,579,129.854385375977,211,0.0981936742313489,0.0225664837587183,0.0923150000809967,0.325590305177595,0.331579715013504,171.668746948242
Hebei,2638,1.0753999710083,596,126.117515563965,55,0.0981936742313489,0.0225664837587183,0.0923150000809967,0.325590305177595,0.331579715013504,171.668746948242
Hebei,2639,1.04838333129883,606,124.57349395752,38,0.0981936742313489,0.0225664837587183,0.0923150000809967,0.325590305177595,0.331579715013504,171.668746948242
Hebei,2709,0.71710000038147,360,101.067985534668,1035,0.0981936742313489,0.0225664837587183,0.0923150000809967,0.325590305177595,0.331579715013504,171.668746948242
Hebei,2710,0.577933359146118,430,97.4824142456055,1326,0.0981936742313489,0.0225664837587183,0.0923150000809967,0.325590305177595,0.331579715013504,171.668746948242
Hebei,2711,0.732616662979126,442,110.25447845459,962,0.0981936742313489,0.0225664837587183,0.0923150000809967,0.325590305177595,0.331579715013504,171.668746948242
Hebei,2714,0.850250053405762,533,126.079048156738,550,0.0981936742313489,0.0225664837587183,0.0923150000809967,0.325590305177595,0.331579715013504,171.668746948242
Hebei,2715,0.909983348846436,538,127.413948059082,397,0.0981936742313489,0.0225664837587183,0.0923150000809967,0.325590305177595,0.331579715013504,171.668746948242
Hebei,2716,0.638100004196167,594,123.56095123291,967,0.0981936742313489,0.0225664837587183,0.0923150000809967,0.325590305177595,0.331579715013504,171.668746948242
Hebei,2717,0.821199989318848,582,124.600631713867,477,0.0981936742313489,0.0225664837587183,0.0923150000809967,0.325590305177595,0.331579715013504,171.668746948242
Hebei,2788,0.432583332061768,329,102.766876220703,1367,0.0981936742313489,0.0225664837587183,0.0923150000809967,0.325590305177595,0.331579715013504,171.668746948242
Hebei,2789,0.452383327484131,366,97.9461059570313,1359,0.0981936742313489,0.0225664837587183,0.0923150000809967,0.325590305177595,0.331579715013504,171.668746948242
Hebei,2790,0.188883340358734,453,93.9795913696289,1822,0.0981936742313489,0.0225664837587183,0.0923150000809967,0.325590305177595,0.331579715013504,171.668746948242
Hebei,2791,0.339566659927368,468,103.46826171875,1591,0.0981936742313489,0.0225664837587183,0.0923150000809967,0.325590305177595,0.331579715013504,171.668746948242
Hebei,2792,0.677466678619385,464,116.945411682129,838,0.0981936742313489,0.0225664837587183,0.0923150000809967,0.325590305177595,0.331579715013504,171.668746948242
Hebei,2793,0.760733318328857,480,122.865753173828,673,0.0981936742313489,0.0225664837587183,0.0923150000809967,0.325590305177595,0.331579715013504,171.668746948242
Hebei,2794,0.848283290863037,488,123.714157104492,569,0.0981936742313489,0.0225664837587183,0.0923150000809967,0.325590305177595,0.331579715013504,171.668746948242
Hebei,2795,0.860750007629395,492,123.29647064209,490,0.0981936742313489,0.0225664837587183,0.0923150000809967,0.325590305177595,0.331579715013504,171.668746948242
Hebei,2866,0.369749999046326,359,99.0763778686524,1414,0.0981936742313489,0.0225664837587183,0.0923150000809967,0.325590305177595,0.331579715013504,171.668746948242
Hebei,2867,0.364733338356018,388,97.8598251342773,1386,0.0981936742313489,0.0225664837587183,0.0923150000809967,0.325590305177595,0.331579715013504,171.668746948242
Hebei,2868,0.272816681861877,427,101.981399536133,1471,0.0981936742313489,0.0225664837587183,0.0923150000809967,0.325590305177595,0.331579715013504,171.668746948242
Hebei,2869,0.40533332824707,452,112.467338562012,1264,0.0981936742313489,0.0225664837587183,0.0923150000809967,0.325590305177595,0.331579715013504,171.668746948242
Hebei,2870,0.607016658782959,449,118.713935852051,891,0.0981936742313489,0.0225664837587183,0.0923150000809967,0.325590305177595,0.331579715013504,171.668746948242
Hebei,2871,0.702366638183594,460,120.718711853027,807,0.0981936742313489,0.0225664837587183,0.0923150000809967,0.325590305177595,0.331579715013504,171.668746948242
Hebei,2944,0.467516660690308,437,114.338348388672,1105,0.0981936742313489,0.0225664837587183,0.0923150000809967,0.325590305177595,0.331579715013504,171.668746948242
Hebei,2945,0.550549983978272,439,116.695762634277,1075,0.0981936742313489,0.0225664837587183,0.0923150000809967,0.325590305177595,0.331579715013504,171.668746948242
Hebei,3010,0.0602333307266235,446,110.354202270508,1618,0.0981936742313489,0.0225664837587183,0.0923150000809967,0.325590305177595,0.331579715013504,171.668746948242
Hebei,3011,0.525733327865601,417,113.203491210938,1052,0.0981936742313489,0.0225664837587183,0.0923150000809967,0.325590305177595,0.331579715013504,171.668746948242
Heilongjiang,3344,0.102216672897339,650,101.695304870605,1015,0.12331782628698,0.00460321392267238,0.0238698217419419,0.11804982044742,0.0957281067967415,211.720581054688
Heilongjiang,3382,0.149766671657562,658,103.108062744141,782,0.12331782628698,0.00460321392267238,0.0238698217419419,0.11804982044742,0.0957281067967415,211.720581054688
Heilongjiang,3383,0.168766665458679,637,103.130241394043,816,0.12331782628698,0.00460321392267238,0.0238698217419419,0.11804982044742,0.0957281067967415,211.720581054688
Heilongjiang,3384,0.364516663551331,570,99.1037063598633,445,0.12331782628698,0.00460321392267238,0.0238698217419419,0.11804982044742,0.0957281067967415,211.720581054688
Heilongjiang,3387,0.253200006484985,649,84.6942291259766,625,0.12331782628698,0.00460321392267238,0.0238698217419419,0.11804982044742,0.0957281067967415,211.720581054688
Heilongjiang,3422,0.34941668510437,583,104.550689697266,238,0.12331782628698,0.00460321392267238,0.0238698217419419,0.11804982044742,0.0957281067967415,211.720581054688
Heilongjiang,3423,0.329916667938232,598,100.598678588867,340,0.12331782628698,0.00460321392267238,0.0238698217419419,0.11804982044742,0.0957281067967415,211.720581054688
Heilongjiang,3424,0.189699995517731,615,105.936790466309,730,0.12331782628698,0.00460321392267238,0.0238698217419419,0.11804982044742,0.0957281067967415,211.720581054688
Heilongjiang,3425,0.3496333360672,574,100.09912109375,458,0.12331782628698,0.00460321392267238,0.0238698217419419,0.11804982044742,0.0957281067967415,211.720581054688
Heilongjiang,3426,0.109966659545898,634,98.8822784423828,914,0.12331782628698,0.00460321392267238,0.0238698217419419,0.11804982044742,0.0957281067967415,211.720581054688
Heilongjiang,3427,0.186866676807404,617,94.3202133178711,801,0.12331782628698,0.00460321392267238,0.0238698217419419,0.11804982044742,0.0957281067967415,211.720581054688
Heilongjiang,3428,0.370816683769226,602,85.9483795166016,411,0.12331782628698,0.00460321392267238,0.0238698217419419,0.11804982044742,0.0957281067967415,211.720581054688
Heilongjiang,3457,0.487966680526733,447,118.78044128418,132,0.12331782628698,0.00460321392267238,0.0238698217419419,0.11804982044742,0.0957281067967415,211.720581054688
Heilongjiang,3458,0.476283311843872,466,119.253868103027,126,0.12331782628698,0.00460321392267238,0.0238698217419419,0.11804982044742,0.0957281067967415,211.720581054688
Heilongjiang,3459,0.474366664886475,502,114.368003845215,123,0.12331782628698,0.00460321392267238,0.0238698217419419,0.11804982044742,0.0957281067967415,211.720581054688
Heilongjiang,3460,0.433366680145264,538,111.576965332031,165,0.12331782628698,0.00460321392267238,0.0238698217419419,0.11804982044742,0.0957281067967415,211.720581054688
Heilongjiang,3461,0.370583343505859,567,107.43497467041,193,0.12331782628698,0.00460321392267238,0.0238698217419419,0.11804982044742,0.0957281067967415,211.720581054688
Heilongjiang,3462,0.321933341026306,586,105.196281433105,302,0.12331782628698,0.00460321392267238,0.0238698217419419,0.11804982044742,0.0957281067967415,211.720581054688
Heilongjiang,3463,0.340450000762939,580,103.207809448242,311,0.12331782628698,0.00460321392267238,0.0238698217419419,0.11804982044742,0.0957281067967415,211.720581054688
Heilongjiang,3464,0.277099990844727,597,97.8142929077148,385,0.12331782628698,0.00460321392267238,0.0238698217419419,0.11804982044742,0.0957281067967415,211.720581054688
Heilongjiang,3465,0.255866670608521,594,100.760406494141,571,0.12331782628698,0.00460321392267238,0.0238698217419419,0.11804982044742,0.0957281067967415,211.720581054688
Heilongjiang,3466,0.330116653442383,576,96.1214447021484,433,0.12331782628698,0.00460321392267238,0.0238698217419419,0.11804982044742,0.0957281067967415,211.720581054688
Heilongjiang,3467,0.242966675758362,596,91.3468399047852,563,0.12331782628698,0.00460321392267238,0.0238698217419419,0.11804982044742,0.0957281067967415,211.720581054688
Heilongjiang,3486,0.522300004959106,398,123.715133666992,140,0.12331782628698,0.00460321392267238,0.0238698217419419,0.11804982044742,0.0957281067967415,211.720581054688
Heilongjiang,3488,0.465566682815552,454,114.873161315918,131,0.12331782628698,0.00460321392267238,0.0238698217419419,0.11804982044742,0.0957281067967415,211.720581054688
Heilongjiang,3489,0.418900012969971,470,117.528175354004,162,0.12331782628698,0.00460321392267238,0.0238698217419419,0.11804982044742,0.0957281067967415,211.720581054688
Heilongjiang,3490,0.411866664886475,501,114.213928222656,150,0.12331782628698,0.00460321392267238,0.0238698217419419,0.11804982044742,0.0957281067967415,211.720581054688
Heilongjiang,3491,0.424233341217041,518,111.998344421387,118,0.12331782628698,0.00460321392267238,0.0238698217419419,0.11804982044742,0.0957281067967415,211.720581054688
Heilongjiang,3492,0.380383324623108,544,108.544914245605,175,0.12331782628698,0.00460321392267238,0.0238698217419419,0.11804982044742,0.0957281067967415,211.720581054688
Heilongjiang,3493,0.300099992752075,580,107.299652099609,366,0.12331782628698,0.00460321392267238,0.0238698217419419,0.11804982044742,0.0957281067967415,211.720581054688
Heilongjiang,3494,0.328416633605957,571,102.384880065918,176,0.12331782628698,0.00460321392267238,0.0238698217419419,0.11804982044742,0.0957281067967415,211.720581054688
Heilongjiang,3495,0.261199998855591,589,98.3319244384766,269,0.12331782628698,0.00460321392267238,0.0238698217419419,0.11804982044742,0.0957281067967415,211.720581054688
Heilongjiang,3496,0.161633324623108,611,103.301742553711,702,0.12331782628698,0.00460321392267238,0.0238698217419419,0.11804982044742,0.0957281067967415,211.720581054688
Heilongjiang,3497,0.306883335113525,574,97.1890869140625,404,0.12331782628698,0.00460321392267238,0.0238698217419419,0.11804982044742,0.0957281067967415,211.720581054688
Heilongjiang,3498,0.256749987602234,591,91.3419799804688,537,0.12331782628698,0.00460321392267238,0.0238698217419419,0.11804982044742,0.0957281067967415,211.720581054688
Heilongjiang,3518,0.442199993133545,419,118.532279968262,139,0.12331782628698,0.00460321392267238,0.0238698217419419,0.11804982044742,0.0957281067967415,211.720581054688
Heilongjiang,3519,0.405683326721191,436,120.160850524902,140,0.12331782628698,0.00460321392267238,0.0238698217419419,0.11804982044742,0.0957281067967415,211.720581054688
Heilongjiang,3520,0.39113335609436,467,118.001640319824,147,0.12331782628698,0.00460321392267238,0.0238698217419419,0.11804982044742,0.0957281067967415,211.720581054688
Heilongjiang,3521,0.358833336830139,492,115.928848266602,163,0.12331782628698,0.00460321392267238,0.0238698217419419,0.11804982044742,0.0957281067967415,211.720581054688
Heilongjiang,3522,0.363516664505005,505,112.816268920898,127,0.12331782628698,0.00460321392267238,0.0238698217419419,0.11804982044742,0.0957281067967415,211.720581054688
Heilongjiang,3523,0.357383346557617,535,108.942611694336,120,0.12331782628698,0.00460321392267238,0.0238698217419419,0.11804982044742,0.0957281067967415,211.720581054688
Heilongjiang,3524,0.318350005149841,558,105.84147644043,131,0.12331782628698,0.00460321392267238,0.0238698217419419,0.11804982044742,0.0957281067967415,211.720581054688
Heilongjiang,3525,0.28788332939148,562,103.213119506836,102,0.12331782628698,0.00460321392267238,0.0238698217419419,0.11804982044742,0.0957281067967415,211.720581054688
Heilongjiang,3526,0.289033341407776,570,100.670707702637,156,0.12331782628698,0.00460321392267238,0.0238698217419419,0.11804982044742,0.0957281067967415,211.720581054688
Heilongjiang,3527,0.255466651916504,600,97.7142562866211,417,0.12331782628698,0.00460321392267238,0.0238698217419419,0.11804982044742,0.0957281067967415,211.720581054688
Heilongjiang,3528,0.125300002098084,626,96.1870346069336,688,0.12331782628698,0.00460321392267238,0.0238698217419419,0.11804982044742,0.0957281067967415,211.720581054688
Heilongjiang,3529,0.261350011825562,592,91.1089019775391,469,0.12331782628698,0.00460321392267238,0.0238698217419419,0.11804982044742,0.0957281067967415,211.720581054688
Heilongjiang,3530,0.373800015449524,554,84.6987762451172,135,0.12331782628698,0.00460321392267238,0.0238698217419419,0.11804982044742,0.0957281067967415,211.720581054688
Heilongjiang,3531,0.403583335876465,560,79.3799438476563,64,0.12331782628698,0.00460321392267238,0.0238698217419419,0.11804982044742,0.0957281067967415,211.720581054688
Heilongjiang,3532,0.361849999427795,598,73.0201263427734,69,0.12331782628698,0.00460321392267238,0.0238698217419419,0.11804982044742,0.0957281067967415,211.720581054688
Heilongjiang,3552,0.372299981117249,420,123.711090087891,227,0.12331782628698,0.00460321392267238,0.0238698217419419,0.11804982044742,0.0957281067967415,211.720581054688
Heilongjiang,3553,0.412916660308838,415,120.366584777832,152,0.12331782628698,0.00460321392267238,0.0238698217419419,0.11804982044742,0.0957281067967415,211.720581054688
Heilongjiang,3554,0.380583333969116,419,118.157127380371,142,0.12331782628698,0.00460321392267238,0.0238698217419419,0.11804982044742,0.0957281067967415,211.720581054688
Heilongjiang,3555,0.354199981689453,445,118.37370300293,150,0.12331782628698,0.00460321392267238,0.0238698217419419,0.11804982044742,0.0957281067967415,211.720581054688
Heilongjiang,3556,0.313183331489563,464,118.676605224609,159,0.12331782628698,0.00460321392267238,0.0238698217419419,0.11804982044742,0.0957281067967415,211.720581054688
Heilongjiang,3557,0.310483312606812,489,116.296669006348,180,0.12331782628698,0.00460321392267238,0.0238698217419419,0.11804982044742,0.0957281067967415,211.720581054688
Heilongjiang,3558,0.310800004005432,511,112.40258026123,141,0.12331782628698,0.00460321392267238,0.0238698217419419,0.11804982044742,0.0957281067967415,211.720581054688
Heilongjiang,3559,0.297399997711182,548,110.019813537598,190,0.12331782628698,0.00460321392267238,0.0238698217419419,0.11804982044742,0.0957281067967415,211.720581054688
Heilongjiang,3560,0.21729998588562,590,108.539604187012,360,0.12331782628698,0.00460321392267238,0.0238698217419419,0.11804982044742,0.0957281067967415,211.720581054688
Heilongjiang,3561,0.116633319854736,623,106.765823364258,533,0.12331782628698,0.00460321392267238,0.0238698217419419,0.11804982044742,0.0957281067967415,211.720581054688
Heilongjiang,3562,0.252416682243347,580,101.35994720459,141,0.12331782628698,0.00460321392267238,0.0238698217419419,0.11804982044742,0.0957281067967415,211.720581054688
Heilongjiang,3563,0.327616667747498,572,98.3391342163086,145,0.12331782628698,0.00460321392267238,0.0238698217419419,0.11804982044742,0.0957281067967415,211.720581054688
Heilongjiang,3564,0.335349988937378,569,94.7038497924805,215,0.12331782628698,0.00460321392267238,0.0238698217419419,0.11804982044742,0.0957281067967415,211.720581054688
Heilongjiang,3565,0.310983324050903,563,91.1399078369141,235,0.12331782628698,0.00460321392267238,0.0238698217419419,0.11804982044742,0.0957281067967415,211.720581054688
Heilongjiang,3566,0.337683320045471,563,87.1831970214844,249,0.12331782628698,0.00460321392267238,0.0238698217419419,0.11804982044742,0.0957281067967415,211.720581054688
Heilongjiang,3567,0.377200031280518,558,82.5262145996094,89,0.12331782628698,0.00460321392267238,0.0238698217419419,0.11804982044742,0.0957281067967415,211.720581054688
Heilongjiang,3568,0.352550005912781,590,77.5982360839844,66,0.12331782628698,0.00460321392267238,0.0238698217419419,0.11804982044742,0.0957281067967415,211.720581054688
Heilongjiang,3587,0.299483346939087,433,123.170295715332,278,0.12331782628698,0.00460321392267238,0.0238698217419419,0.11804982044742,0.0957281067967415,211.720581054688
Heilongjiang,3588,0.338849973678589,429,118.331802368164,154,0.12331782628698,0.00460321392267238,0.0238698217419419,0.11804982044742,0.0957281067967415,211.720581054688
Heilongjiang,3589,0.322983336448669,441,115.711044311523,152,0.12331782628698,0.00460321392267238,0.0238698217419419,0.11804982044742,0.0957281067967415,211.720581054688
Heilongjiang,3590,0.28473334312439,450,118.20841217041,159,0.12331782628698,0.00460321392267238,0.0238698217419419,0.11804982044742,0.0957281067967415,211.720581054688
Heilongjiang,3591,0.243733334541321,475,117.786270141602,220,0.12331782628698,0.00460321392267238,0.0238698217419419,0.11804982044742,0.0957281067967415,211.720581054688
Heilongjiang,3592,0.26101667881012,499,114.754188537598,175,0.12331782628698,0.00460321392267238,0.0238698217419419,0.11804982044742,0.0957281067967415,211.720581054688
Heilongjiang,3593,0.256733345985413,530,112.136283874512,219,0.12331782628698,0.00460321392267238,0.0238698217419419,0.11804982044742,0.0957281067967415,211.720581054688
Heilongjiang,3594,0.233466672897339,556,108.884674072266,202,0.12331782628698,0.00460321392267238,0.0238698217419419,0.11804982044742,0.0957281067967415,211.720581054688
Heilongjiang,3595,0.20421667098999,591,106.358551025391,265,0.12331782628698,0.00460321392267238,0.0238698217419419,0.11804982044742,0.0957281067967415,211.720581054688
Heilongjiang,3596,0.119783329963684,628,105.074043273926,400,0.12331782628698,0.00460321392267238,0.0238698217419419,0.11804982044742,0.0957281067967415,211.720581054688
Heilongjiang,3597,0.148399996757507,620,104.502014160156,420,0.12331782628698,0.00460321392267238,0.0238698217419419,0.11804982044742,0.0957281067967415,211.720581054688
Heilongjiang,3598,0.220550012588501,592,100.105400085449,291,0.12331782628698,0.00460321392267238,0.0238698217419419,0.11804982044742,0.0957281067967415,211.720581054688
Heilongjiang,3599,0.226833343505859,578,96.3781204223633,259,0.12331782628698,0.00460321392267238,0.0238698217419419,0.11804982044742,0.0957281067967415,211.720581054688
Heilongjiang,3600,0.251333332061768,572,93.9557571411133,348,0.12331782628698,0.00460321392267238,0.0238698217419419,0.11804982044742,0.0957281067967415,211.720581054688
Heilongjiang,3601,0.33824999332428,566,88.6449432373047,258,0.12331782628698,0.00460321392267238,0.0238698217419419,0.11804982044742,0.0957281067967415,211.720581054688
Heilongjiang,3602,0.33071665763855,562,84.6992874145508,148,0.12331782628698,0.00460321392267238,0.0238698217419419,0.11804982044742,0.0957281067967415,211.720581054688
Heilongjiang,3603,0.328766655921936,590,79.8194961547852,60,0.12331782628698,0.00460321392267238,0.0238698217419419,0.11804982044742,0.0957281067967415,211.720581054688
Heilongjiang,3619,0.279250001907349,448,119.877922058105,179,0.12331782628698,0.00460321392267238,0.0238698217419419,0.11804982044742,0.0957281067967415,211.720581054688
Heilongjiang,3620,0.24026665687561,448,118.199241638184,164,0.12331782628698,0.00460321392267238,0.0238698217419419,0.11804982044742,0.0957281067967415,211.720581054688
Heilongjiang,3621,0.228433346748352,465,117.529472351074,192,0.12331782628698,0.00460321392267238,0.0238698217419419,0.11804982044742,0.0957281067967415,211.720581054688
Heilongjiang,3622,0.205200004577637,481,118.644752502441,254,0.12331782628698,0.00460321392267238,0.0238698217419419,0.11804982044742,0.0957281067967415,211.720581054688
Heilongjiang,3623,0.200900006294251,507,113.845222473145,245,0.12331782628698,0.00460321392267238,0.0238698217419419,0.11804982044742,0.0957281067967415,211.720581054688
Heilongjiang,3624,0.194500005245209,532,111.666595458984,220,0.12331782628698,0.00460321392267238,0.0238698217419419,0.11804982044742,0.0957281067967415,211.720581054688
Heilongjiang,3625,0.157500004768372,574,107.350471496582,265,0.12331782628698,0.00460321392267238,0.0238698217419419,0.11804982044742,0.0957281067967415,211.720581054688
Heilongjiang,3626,0.0421666651964188,642,107.297027587891,583,0.12331782628698,0.00460321392267238,0.0238698217419419,0.11804982044742,0.0957281067967415,211.720581054688
Heilongjiang,3627,0.0177500009536743,660,108.452491760254,616,0.12331782628698,0.00460321392267238,0.0238698217419419,0.11804982044742,0.0957281067967415,211.720581054688
Heilongjiang,3628,0.132316672801971,624,101.511283874512,332,0.12331782628698,0.00460321392267238,0.0238698217419419,0.11804982044742,0.0957281067967415,211.720581054688
Heilongjiang,3629,0.275966668128967,581,98.5503616333008,84,0.12331782628698,0.00460321392267238,0.0238698217419419,0.11804982044742,0.0957281067967415,211.720581054688
Heilongjiang,3630,0.330483317375183,560,96.7202301025391,77,0.12331782628698,0.00460321392267238,0.0238698217419419,0.11804982044742,0.0957281067967415,211.720581054688
Heilongjiang,3631,0.364066672325134,545,93.7752227783203,65,0.12331782628698,0.00460321392267238,0.0238698217419419,0.11804982044742,0.0957281067967415,211.720581054688
Heilongjiang,3632,0.365733337402344,540,89.5991744995117,61,0.12331782628698,0.00460321392267238,0.0238698217419419,0.11804982044742,0.0957281067967415,211.720581054688
Heilongjiang,3633,0.311216640472412,555,86.3331985473633,60,0.12331782628698,0.00460321392267238,0.0238698217419419,0.11804982044742,0.0957281067967415,211.720581054688
Heilongjiang,3634,0.236999988555908,637,80.5244445800781,277,0.12331782628698,0.00460321392267238,0.0238698217419419,0.11804982044742,0.0957281067967415,211.720581054688
Heilongjiang,3650,0.189583337306976,466,118.095176696777,181,0.12331782628698,0.00460321392267238,0.0238698217419419,0.11804982044742,0.0957281067967415,211.720581054688
Heilongjiang,3651,0.143150019645691,484,117.356658935547,279,0.12331782628698,0.00460321392267238,0.0238698217419419,0.11804982044742,0.0957281067967415,211.720581054688
Heilongjiang,3652,0.141633331775665,498,115.847190856934,288,0.12331782628698,0.00460321392267238,0.0238698217419419,0.11804982044742,0.0957281067967415,211.720581054688
Heilongjiang,3653,0.130233347415924,514,112.791328430176,270,0.12331782628698,0.00460321392267238,0.0238698217419419,0.11804982044742,0.0957281067967415,211.720581054688
Heilongjiang,3654,0.0703333497047424,549,109.496704101563,339,0.12331782628698,0.00460321392267238,0.0238698217419419,0.11804982044742,0.0957281067967415,211.720581054688
Heilongjiang,3655,0.0743166625499725,590,108.629425048828,427,0.12331782628698,0.00460321392267238,0.0238698217419419,0.11804982044742,0.0957281067967415,211.720581054688
Heilongjiang,3656,0.0657166838645935,625,106.721214294434,408,0.12331782628698,0.00460321392267238,0.0238698217419419,0.11804982044742,0.0957281067967415,211.720581054688
Heilongjiang,3657,0.0621833264827728,636,107.043968200684,425,0.12331782628698,0.00460321392267238,0.0238698217419419,0.11804982044742,0.0957281067967415,211.720581054688
Heilongjiang,3658,0.0654166698455811,639,103.130378723145,426,0.12331782628698,0.00460321392267238,0.0238698217419419,0.11804982044742,0.0957281067967415,211.720581054688
Heilongjiang,3659,0.238333320617676,597,97.9260940551758,119,0.12331782628698,0.00460321392267238,0.0238698217419419,0.11804982044742,0.0957281067967415,211.720581054688
Heilongjiang,3660,0.274900007247925,573,96.3889312744141,65,0.12331782628698,0.00460321392267238,0.0238698217419419,0.11804982044742,0.0957281067967415,211.720581054688
Heilongjiang,3661,0.3066166639328,544,94.0424423217774,58,0.12331782628698,0.00460321392267238,0.0238698217419419,0.11804982044742,0.0957281067967415,211.720581054688
Heilongjiang,3662,0.312399983406067,534,93.0822372436523,57,0.12331782628698,0.00460321392267238,0.0238698217419419,0.11804982044742,0.0957281067967415,211.720581054688
Heilongjiang,3663,0.256199979782105,564,87.5405731201172,55,0.12331782628698,0.00460321392267238,0.0238698217419419,0.11804982044742,0.0957281067967415,211.720581054688
Heilongjiang,3664,0.172683334350586,661,78.5152893066406,327,0.12331782628698,0.00460321392267238,0.0238698217419419,0.11804982044742,0.0957281067967415,211.720581054688
Heilongjiang,3678,0.125066661834717,487,116.552474975586,241,0.12331782628698,0.00460321392267238,0.0238698217419419,0.11804982044742,0.0957281067967415,211.720581054688
Heilongjiang,3679,0.0754499971866608,495,114.5341796875,315,0.12331782628698,0.00460321392267238,0.0238698217419419,0.11804982044742,0.0957281067967415,211.720581054688
Heilongjiang,3680,0.0825833320617676,509,113.179740905762,339,0.12331782628698,0.00460321392267238,0.0238698217419419,0.11804982044742,0.0957281067967415,211.720581054688
Heilongjiang,3681,0.0508333146572113,523,108.987014770508,283,0.12331782628698,0.00460321392267238,0.0238698217419419,0.11804982044742,0.0957281067967415,211.720581054688
Heilongjiang,3682,-0.00445000343024731,574,104.947860717773,432,0.12331782628698,0.00460321392267238,0.0238698217419419,0.11804982044742,0.0957281067967415,211.720581054688
Heilongjiang,3683,-0.0246833294630051,598,102.438850402832,425,0.12331782628698,0.00460321392267238,0.0238698217419419,0.11804982044742,0.0957281067967415,211.720581054688
Heilongjiang,3684,0.0175999835133553,615,102.631912231445,351,0.12331782628698,0.00460321392267238,0.0238698217419419,0.11804982044742,0.0957281067967415,211.720581054688
Heilongjiang,3685,0.030049991607666,625,102.618728637695,346,0.12331782628698,0.00460321392267238,0.0238698217419419,0.11804982044742,0.0957281067967415,211.720581054688
Heilongjiang,3686,0.0415333360433579,641,99.6925354003906,429,0.12331782628698,0.00460321392267238,0.0238698217419419,0.11804982044742,0.0957281067967415,211.720581054688
Heilongjiang,3687,0.0936833322048187,632,98.7316589355469,397,0.12331782628698,0.00460321392267238,0.0238698217419419,0.11804982044742,0.0957281067967415,211.720581054688
Heilongjiang,3688,0.230416679382324,570,91.4873504638672,52,0.12331782628698,0.00460321392267238,0.0238698217419419,0.11804982044742,0.0957281067967415,211.720581054688
Heilongjiang,3689,0.211066675186157,562,91.3264312744141,53,0.12331782628698,0.00460321392267238,0.0238698217419419,0.11804982044742,0.0957281067967415,211.720581054688
Heilongjiang,3690,0.199100029468536,580,89.0019226074219,53,0.12331782628698,0.00460321392267238,0.0238698217419419,0.11804982044742,0.0957281067967415,211.720581054688
Heilongjiang,3691,0.215866661071777,613,84.1519241333008,57,0.12331782628698,0.00460321392267238,0.0238698217419419,0.11804982044742,0.0957281067967415,211.720581054688
Heilongjiang,3702,0.0100500009953976,504,113.696479797363,354,0.12331782628698,0.00460321392267238,0.0238698217419419,0.11804982044742,0.0957281067967415,211.720581054688
Heilongjiang,3703,0.00314999520778656,517,109.836273193359,311,0.12331782628698,0.00460321392267238,0.0238698217419419,0.11804982044742,0.0957281067967415,211.720581054688
Heilongjiang,3704,-0.049466660618782,540,106.168243408203,392,0.12331782628698,0.00460321392267238,0.0238698217419419,0.11804982044742,0.0957281067967415,211.720581054688
Heilongjiang,3705,-0.0613166809082031,569,102.661796569824,448,0.12331782628698,0.00460321392267238,0.0238698217419419,0.11804982044742,0.0957281067967415,211.720581054688
Heilongjiang,3706,-0.0819999992847443,604,100.327972412109,509,0.12331782628698,0.00460321392267238,0.0238698217419419,0.11804982044742,0.0957281067967415,211.720581054688
Heilongjiang,3707,-0.0422833234071732,609,99.2051620483399,425,0.12331782628698,0.00460321392267238,0.0238698217419419,0.11804982044742,0.0957281067967415,211.720581054688
Heilongjiang,3708,-0.023683325946331,621,98.8929595947266,411,0.12331782628698,0.00460321392267238,0.0238698217419419,0.11804982044742,0.0957281067967415,211.720581054688
Heilongjiang,3709,0.0642333328723908,610,97.1893157958984,244,0.12331782628698,0.00460321392267238,0.0238698217419419,0.11804982044742,0.0957281067967415,211.720581054688
Heilongjiang,3710,0.0894000053405762,612,93.8392715454102,178,0.12331782628698,0.00460321392267238,0.0238698217419419,0.11804982044742,0.0957281067967415,211.720581054688
Heilongjiang,3711,0.144649994373322,611,88.0669174194336,55,0.12331782628698,0.00460321392267238,0.0238698217419419,0.11804982044742,0.0957281067967415,211.720581054688
Heilongjiang,3712,0.189366674423218,641,84.6761093139648,53,0.12331782628698,0.00460321392267238,0.0238698217419419,0.11804982044742,0.0957281067967415,211.720581054688
Heilongjiang,3713,0.230183339118958,685,79.7136077880859,43,0.12331782628698,0.00460321392267238,0.0238698217419419,0.11804982044742,0.0957281067967415,211.720581054688
Heilongjiang,3723,-0.0432666569948196,507,110.500465393066,290,0.12331782628698,0.00460321392267238,0.0238698217419419,0.11804982044742,0.0957281067967415,211.720581054688
Heilongjiang,3724,-0.113466656208038,537,106.883094787598,466,0.12331782628698,0.00460321392267238,0.0238698217419419,0.11804982044742,0.0957281067967415,211.720581054688
Heilongjiang,3725,-0.0645166635513306,554,101.557098388672,392,0.12331782628698,0.00460321392267238,0.0238698217419419,0.11804982044742,0.0957281067967415,211.720581054688
Heilongjiang,3726,-0.0126166552305222,548,99.6510620117188,289,0.12331782628698,0.00460321392267238,0.0238698217419419,0.11804982044742,0.0957281067967415,211.720581054688
Heilongjiang,3727,-0.00713334083557129,558,97.2179107666016,295,0.12331782628698,0.00460321392267238,0.0238698217419419,0.11804982044742,0.0957281067967415,211.720581054688
Heilongjiang,3728,-0.00236665513366461,575,96.2396392822266,309,0.12331782628698,0.00460321392267238,0.0238698217419419,0.11804982044742,0.0957281067967415,211.720581054688
Heilongjiang,3729,0.022450003027916,580,95.4967498779297,260,0.12331782628698,0.00460321392267238,0.0238698217419419,0.11804982044742,0.0957281067967415,211.720581054688
Heilongjiang,3730,0.165566670894623,667,85.4856796264649,41,0.12331782628698,0.00460321392267238,0.0238698217419419,0.11804982044742,0.0957281067967415,211.720581054688
Heilongjiang,3740,-0.134450006484985,520,108.681434631348,443,0.12331782628698,0.00460321392267238,0.0238698217419419,0.11804982044742,0.0957281067967415,211.720581054688
Heilongjiang,3741,-0.163783347606659,563,101.413116455078,579,0.12331782628698,0.00460321392267238,0.0238698217419419,0.11804982044742,0.0957281067967415,211.720581054688
Heilongjiang,3742,-0.0110333405435085,557,98.5196228027344,317,0.12331782628698,0.00460321392267238,0.0238698217419419,0.11804982044742,0.0957281067967415,211.720581054688
Heilongjiang,3751,-0.164416646957397,518,105.041313171387,382,0.12331782628698,0.00460321392267238,0.0238698217419419,0.11804982044742,0.0957281067967415,211.720581054688
Heilongjiang,3752,-0.126150012016296,546,100.390769958496,417,0.12331782628698,0.00460321392267238,0.0238698217419419,0.11804982044742,0.0957281067967415,211.720581054688
Heilongjiang,3753,-0.0114333383738995,552,96.8961486816406,241,0.12331782628698,0.00460321392267238,0.0238698217419419,0.11804982044742,0.0957281067967415,211.720581054688
Heilongjiang,3758,-0.452633333206177,542,108.695709228516,924,0.12331782628698,0.00460321392267238,0.0238698217419419,0.11804982044742,0.0957281067967415,211.720581054688
Heilongjiang,3762,-0.176600003242493,510,102.889472961426,354,0.12331782628698,0.00460321392267238,0.0238698217419419,0.11804982044742,0.0957281067967415,211.720581054688
Heilongjiang,3763,-0.153949999809265,529,101.008750915527,387,0.12331782628698,0.00460321392267238,0.0238698217419419,0.11804982044742,0.0957281067967415,211.720581054688
Heilongjiang,3766,-0.563916683197022,548,105.066902160645,1025,0.12331782628698,0.00460321392267238,0.0238698217419419,0.11804982044742,0.0957281067967415,211.720581054688
Heilongjiang,3767,-0.418066644668579,535,102.993049621582,811,0.12331782628698,0.00460321392267238,0.0238698217419419,0.11804982044742,0.0957281067967415,211.720581054688
Heilongjiang,3768,-0.369916677474976,544,103.073944091797,791,0.12331782628698,0.00460321392267238,0.0238698217419419,0.11804982044742,0.0957281067967415,211.720581054688
Heilongjiang,3769,-0.313350009918213,534,103.190368652344,676,0.12331782628698,0.00460321392267238,0.0238698217419419,0.11804982044742,0.0957281067967415,211.720581054688
Heilongjiang,3770,-0.21431667804718,516,101.486877441406,467,0.12331782628698,0.00460321392267238,0.0238698217419419,0.11804982044742,0.0957281067967415,211.720581054688
Heilongjiang,3771,-0.141716682910919,510,100.508560180664,363,0.12331782628698,0.00460321392267238,0.0238698217419419,0.11804982044742,0.0957281067967415,211.720581054688
Heilongjiang,3772,-0.100150012969971,496,100.438957214355,202,0.12331782628698,0.00460321392267238,0.0238698217419419,0.11804982044742,0.0957281067967415,211.720581054688
Heilongjiang,3777,-0.529383325576782,526,104.53604888916,971,0.12331782628698,0.00460321392267238,0.0238698217419419,0.11804982044742,0.0957281067967415,211.720581054688
Heilongjiang,3778,-0.386600017547607,511,101.525459289551,662,0.12331782628698,0.00460321392267238,0.0238698217419419,0.11804982044742,0.0957281067967415,211.720581054688
Heilongjiang,3779,-0.347083330154419,523,103.22834777832,716,0.12331782628698,0.00460321392267238,0.0238698217419419,0.11804982044742,0.0957281067967415,211.720581054688
Heilongjiang,3780,-0.256983327865601,518,99.9394607543945,520,0.12331782628698,0.00460321392267238,0.0238698217419419,0.11804982044742,0.0957281067967415,211.720581054688
Heilongjiang,3781,-0.169799995422363,508,98.7359619140625,406,0.12331782628698,0.00460321392267238,0.0238698217419419,0.11804982044742,0.0957281067967415,211.720581054688
Heilongjiang,3782,-0.10771666765213,488,101.583106994629,289,0.12331782628698,0.00460321392267238,0.0238698217419419,0.11804982044742,0.0957281067967415,211.720581054688
Heilongjiang,3785,-0.446683359146118,456,101.509735107422,497,0.12331782628698,0.00460321392267238,0.0238698217419419,0.11804982044742,0.0957281067967415,211.720581054688
Heilongjiang,3786,-0.455849981307983,500,101.407768249512,778,0.12331782628698,0.00460321392267238,0.0238698217419419,0.11804982044742,0.0957281067967415,211.720581054688
Heilongjiang,3787,-0.331316661834717,493,102.539085388184,557,0.12331782628698,0.00460321392267238,0.0238698217419419,0.11804982044742,0.0957281067967415,211.720581054688
Heilongjiang,3788,-0.302849984169006,509,100.954780578613,580,0.12331782628698,0.00460321392267238,0.0238698217419419,0.11804982044742,0.0957281067967415,211.720581054688
Heilongjiang,3789,-0.26726667881012,525,97.0559768676758,575,0.12331782628698,0.00460321392267238,0.0238698217419419,0.11804982044742,0.0957281067967415,211.720581054688
Heilongjiang,3790,-0.198016667366028,500,96.1084747314453,301,0.12331782628698,0.00460321392267238,0.0238698217419419,0.11804982044742,0.0957281067967415,211.720581054688
Heilongjiang,3791,-0.441266679763794,454,100.076416015625,542,0.12331782628698,0.00460321392267238,0.0238698217419419,0.11804982044742,0.0957281067967415,211.720581054688
Heilongjiang,3792,-0.37368335723877,464,99.6549911499024,487,0.12331782628698,0.00460321392267238,0.0238698217419419,0.11804982044742,0.0957281067967415,211.720581054688
Heilongjiang,3793,-0.328266668319702,479,98.1613235473633,441,0.12331782628698,0.00460321392267238,0.0238698217419419,0.11804982044742,0.0957281067967415,211.720581054688
Heilongjiang,3794,-0.279316687583923,489,98.4985656738281,417,0.12331782628698,0.00460321392267238,0.0238698217419419,0.11804982044742,0.0957281067967415,211.720581054688
Heilongjiang,3795,-0.217983341217041,495,95.537353515625,300,0.12331782628698,0.00460321392267238,0.0238698217419419,0.11804982044742,0.0957281067967415,211.720581054688
Henan,1196,1.53155002593994,1092,59.9700622558594,127,0.0439882479651097,0.0104666539549818,0.0594135815288783,0.213808908135841,0.486059159040451,260.203979492188
Henan,1197,1.56991662979126,1103,59.5916595458984,76,0.0439882479651097,0.0104666539549818,0.0594135815288783,0.213808908135841,0.486059159040451,260.203979492188
Henan,1198,1.57969999313355,1127,59.9870414733887,73,0.0439882479651097,0.0104666539549818,0.0594135815288783,0.213808908135841,0.486059159040451,260.203979492188
Henan,1199,1.54709997177124,1154,57.8078155517578,135,0.0439882479651097,0.0104666539549818,0.0594135815288783,0.213808908135841,0.486059159040451,260.203979492188
Henan,1269,1.57171669006348,965,62.5266952514649,129,0.0439882479651097,0.0104666539549818,0.0594135815288783,0.213808908135841,0.486059159040451,260.203979492188
Henan,1270,1.56106662750244,939,62.9861450195313,87,0.0439882479651097,0.0104666539549818,0.0594135815288783,0.213808908135841,0.486059159040451,260.203979492188
Henan,1271,1.52788333892822,950,63.9198875427246,165,0.0439882479651097,0.0104666539549818,0.0594135815288783,0.213808908135841,0.486059159040451,260.203979492188
Henan,1272,1.52065000534058,979,63.1600151062012,135,0.0439882479651097,0.0104666539549818,0.0594135815288783,0.213808908135841,0.486059159040451,260.203979492188
Henan,1273,1.53416662216187,1017,62.7360038757324,88,0.0439882479651097,0.0104666539549818,0.0594135815288783,0.213808908135841,0.486059159040451,260.203979492188
Henan,1274,1.56351661682129,1029,63.5064735412598,50,0.0439882479651097,0.0104666539549818,0.0594135815288783,0.213808908135841,0.486059159040451,260.203979492188
Henan,1275,1.55968332290649,1030,63.0102005004883,47,0.0439882479651097,0.0104666539549818,0.0594135815288783,0.213808908135841,0.486059159040451,260.203979492188
Henan,1276,1.56626663208008,1012,60.6568603515625,35,0.0439882479651097,0.0104666539549818,0.0594135815288783,0.213808908135841,0.486059159040451,260.203979492188
Henan,1346,1.57426662445068,898,64.6699981689453,269,0.0439882479651097,0.0104666539549818,0.0594135815288783,0.213808908135841,0.486059159040451,260.203979492188
Henan,1347,1.55024995803833,910,63.60595703125,166,0.0439882479651097,0.0104666539549818,0.0594135815288783,0.213808908135841,0.486059159040451,260.203979492188
Henan,1348,1.54476671218872,885,64.4344177246094,125,0.0439882479651097,0.0104666539549818,0.0594135815288783,0.213808908135841,0.486059159040451,260.203979492188
Henan,1349,1.51441669464111,893,65.6793823242188,148,0.0439882479651097,0.0104666539549818,0.0594135815288783,0.213808908135841,0.486059159040451,260.203979492188
Henan,1350,1.49603328704834,905,67.9941024780274,142,0.0439882479651097,0.0104666539549818,0.0594135815288783,0.213808908135841,0.486059159040451,260.203979492188
Henan,1351,1.51175003051758,919,67.7362823486328,61,0.0439882479651097,0.0104666539549818,0.0594135815288783,0.213808908135841,0.486059159040451,260.203979492188
Henan,1352,1.52551670074463,923,68.4404754638672,44,0.0439882479651097,0.0104666539549818,0.0594135815288783,0.213808908135841,0.486059159040451,260.203979492188
Henan,1425,1.43928337097168,796,68.1002731323242,491,0.0439882479651097,0.0104666539549818,0.0594135815288783,0.213808908135841,0.486059159040451,260.203979492188
Henan,1426,1.31653337478638,846,67.8534622192383,708,0.0439882479651097,0.0104666539549818,0.0594135815288783,0.213808908135841,0.486059159040451,260.203979492188
Henan,1427,1.49123334884644,821,67.6623687744141,238,0.0439882479651097,0.0104666539549818,0.0594135815288783,0.213808908135841,0.486059159040451,260.203979492188
Henan,1428,1.50151662826538,831,69.2835235595703,151,0.0439882479651097,0.0104666539549818,0.0594135815288783,0.213808908135841,0.486059159040451,260.203979492188
Henan,1429,1.50231666564941,832,72.0308303833008,81,0.0439882479651097,0.0104666539549818,0.0594135815288783,0.213808908135841,0.486059159040451,260.203979492188
Henan,1430,1.50756664276123,835,73.7372894287109,62,0.0439882479651097,0.0104666539549818,0.0594135815288783,0.213808908135841,0.486059159040451,260.203979492188
Henan,1431,1.50950002670288,841,74.0396499633789,43,0.0439882479651097,0.0104666539549818,0.0594135815288783,0.213808908135841,0.486059159040451,260.203979492188
Henan,1502,1.25574998855591,718,72.7346267700195,965,0.0439882479651097,0.0104666539549818,0.0594135815288783,0.213808908135841,0.486059159040451,260.203979492188
Henan,1503,1.01828336715698,799,73.3707427978516,1407,0.0439882479651097,0.0104666539549818,0.0594135815288783,0.213808908135841,0.486059159040451,260.203979492188
Henan,1504,1.21265001296997,765,72.7021636962891,876,0.0439882479651097,0.0104666539549818,0.0594135815288783,0.213808908135841,0.486059159040451,260.203979492188
Henan,1505,1.47456665039063,736,73.1737976074219,267,0.0439882479651097,0.0104666539549818,0.0594135815288783,0.213808908135841,0.486059159040451,260.203979492188
Henan,1506,1.47980003356934,752,75.3252105712891,204,0.0439882479651097,0.0104666539549818,0.0594135815288783,0.213808908135841,0.486059159040451,260.203979492188
Henan,1507,1.5010666847229,752,77.6388778686524,66,0.0439882479651097,0.0104666539549818,0.0594135815288783,0.213808908135841,0.486059159040451,260.203979492188
Henan,1508,1.48713331222534,756,78.4934463500977,52,0.0439882479651097,0.0104666539549818,0.0594135815288783,0.213808908135841,0.486059159040451,260.203979492188
Henan,1509,1.48751668930054,769,79.575813293457,46,0.0439882479651097,0.0104666539549818,0.0594135815288783,0.213808908135841,0.486059159040451,260.203979492188
Henan,1510,1.48514995574951,789,82.6729507446289,39,0.0439882479651097,0.0104666539549818,0.0594135815288783,0.213808908135841,0.486059159040451,260.203979492188
Henan,1579,0.780850028991699,725,76.0619583129883,1772,0.0439882479651097,0.0104666539549818,0.0594135815288783,0.213808908135841,0.486059159040451,260.203979492188
Henan,1580,1.18893337249756,642,75.7887191772461,902,0.0439882479651097,0.0104666539549818,0.0594135815288783,0.213808908135841,0.486059159040451,260.203979492188
Henan,1581,1.41741666793823,632,76.2355194091797,363,0.0439882479651097,0.0104666539549818,0.0594135815288783,0.213808908135841,0.486059159040451,260.203979492188
Henan,1582,1.44458332061768,663,77.8139038085938,356,0.0439882479651097,0.0104666539549818,0.0594135815288783,0.213808908135841,0.486059159040451,260.203979492188
Henan,1583,1.42093334197998,679,78.2351226806641,335,0.0439882479651097,0.0104666539549818,0.0594135815288783,0.213808908135841,0.486059159040451,260.203979492188
Henan,1584,1.43795003890991,675,81.2559967041016,206,0.0439882479651097,0.0104666539549818,0.0594135815288783,0.213808908135841,0.486059159040451,260.203979492188
Henan,1585,1.46311664581299,682,84.0218124389648,88,0.0439882479651097,0.0104666539549818,0.0594135815288783,0.213808908135841,0.486059159040451,260.203979492188
Henan,1586,1.46268329620361,693,84.0918273925781,60,0.0439882479651097,0.0104666539549818,0.0594135815288783,0.213808908135841,0.486059159040451,260.203979492188
Henan,1587,1.45501670837402,717,87.0749893188477,51,0.0439882479651097,0.0104666539549818,0.0594135815288783,0.213808908135841,0.486059159040451,260.203979492188
Henan,1588,1.4529333114624,744,88.9352569580078,47,0.0439882479651097,0.0104666539549818,0.0594135815288783,0.213808908135841,0.486059159040451,260.203979492188
Henan,1589,1.46163330078125,752,90.3140335083008,39,0.0439882479651097,0.0104666539549818,0.0594135815288783,0.213808908135841,0.486059159040451,260.203979492188
Henan,1590,1.4775333404541,712,89.375244140625,35,0.0439882479651097,0.0104666539549818,0.0594135815288783,0.213808908135841,0.486059159040451,260.203979492188
Henan,1658,1.29460000991821,607,81.1798400878906,624,0.0439882479651097,0.0104666539549818,0.0594135815288783,0.213808908135841,0.486059159040451,260.203979492188
Henan,1659,1.43688335418701,595,83.2725372314453,288,0.0439882479651097,0.0104666539549818,0.0594135815288783,0.213808908135841,0.486059159040451,260.203979492188
Henan,1660,1.4893500328064,614,83.4364776611328,139,0.0439882479651097,0.0104666539549818,0.0594135815288783,0.213808908135841,0.486059159040451,260.203979492188
Henan,1661,1.41011667251587,613,86.151237487793,207,0.0439882479651097,0.0104666539549818,0.0594135815288783,0.213808908135841,0.486059159040451,260.203979492188
Henan,1662,1.44305000305176,620,86.9066543579102,103,0.0439882479651097,0.0104666539549818,0.0594135815288783,0.213808908135841,0.486059159040451,260.203979492188
Henan,1663,1.44615001678467,639,89.1544036865234,68,0.0439882479651097,0.0104666539549818,0.0594135815288783,0.213808908135841,0.486059159040451,260.203979492188
Henan,1664,1.43051671981812,669,90.9438781738281,59,0.0439882479651097,0.0104666539549818,0.0594135815288783,0.213808908135841,0.486059159040451,260.203979492188
Henan,1665,1.4408166885376,697,93.1614456176758,52,0.0439882479651097,0.0104666539549818,0.0594135815288783,0.213808908135841,0.486059159040451,260.203979492188
Henan,1666,1.44623336791992,702,94.4540023803711,47,0.0439882479651097,0.0104666539549818,0.0594135815288783,0.213808908135841,0.486059159040451,260.203979492188
Henan,1734,1.07839994430542,625,86.9292526245117,1008,0.0439882479651097,0.0104666539549818,0.0594135815288783,0.213808908135841,0.486059159040451,260.203979492188
Henan,1735,1.44425001144409,567,90.2625732421875,196,0.0439882479651097,0.0104666539549818,0.0594135815288783,0.213808908135841,0.486059159040451,260.203979492188
Henan,1736,1.43266668319702,560,92.9268951416016,90,0.0439882479651097,0.0104666539549818,0.0594135815288783,0.213808908135841,0.486059159040451,260.203979492188
Henan,1737,1.41488332748413,568,95.4840240478516,77,0.0439882479651097,0.0104666539549818,0.0594135815288783,0.213808908135841,0.486059159040451,260.203979492188
Henan,1738,1.41199998855591,595,96.170295715332,69,0.0439882479651097,0.0104666539549818,0.0594135815288783,0.213808908135841,0.486059159040451,260.203979492188
Henan,1810,1.39051666259766,574,100.205696105957,213,0.0439882479651097,0.0104666539549818,0.0594135815288783,0.213808908135841,0.486059159040451,260.203979492188
Henan,1811,1.4054666519165,569,100.697578430176,62,0.0439882479651097,0.0104666539549818,0.0594135815288783,0.213808908135841,0.486059159040451,260.203979492188
Henan,1812,1.39966669082642,591,100.464370727539,59,0.0439882479651097,0.0104666539549818,0.0594135815288783,0.213808908135841,0.486059159040451,260.203979492188
Henan,1883,1.32076663970947,580,104.916412353516,357,0.0439882479651097,0.0104666539549818,0.0594135815288783,0.213808908135841,0.486059159040451,260.203979492188
Henan,1884,1.39701671600342,545,106.579734802246,58,0.0439882479651097,0.0104666539549818,0.0594135815288783,0.213808908135841,0.486059159040451,260.203979492188
Henan,1885,1.37014999389648,557,103.483695983887,51,0.0439882479651097,0.0104666539549818,0.0594135815288783,0.213808908135841,0.486059159040451,260.203979492188
Henan,1886,1.37281665802002,590,103.800170898438,50,0.0439882479651097,0.0104666539549818,0.0594135815288783,0.213808908135841,0.486059159040451,260.203979492188
Hubei,750,1.51818332672119,1445,60.9870643615723,771,0.0431056373179286,0.00252064524958792,0.0631284864935155,0.217144813451741,0.503750383853912,393.34716796875
Hubei,759,1.71828327178955,1394,53.6491394042969,103,0.0431056373179286,0.00252064524958792,0.0631284864935155,0.217144813451741,0.503750383853912,393.34716796875
Hubei,820,1.27419996261597,1399,59.6232528686524,1258,0.0431056373179286,0.00252064524958792,0.0631284864935155,0.217144813451741,0.503750383853912,393.34716796875
Hubei,821,1.36691665649414,1458,60.463794708252,1053,0.0431056373179286,0.00252064524958792,0.0631284864935155,0.217144813451741,0.503750383853912,393.34716796875
Hubei,822,1.19704999923706,1485,59.4387817382813,1338,0.0431056373179286,0.00252064524958792,0.0631284864935155,0.217144813451741,0.503750383853912,393.34716796875
Hubei,823,1.1654167175293,1480,58.4630355834961,1389,0.0431056373179286,0.00252064524958792,0.0631284864935155,0.217144813451741,0.503750383853912,393.34716796875
Hubei,827,1.68174991607666,1159,48.1618957519531,31,0.0431056373179286,0.00252064524958792,0.0631284864935155,0.217144813451741,0.503750383853912,393.34716796875
Hubei,828,1.70976676940918,1199,48.7090225219727,28,0.0431056373179286,0.00252064524958792,0.0631284864935155,0.217144813451741,0.503750383853912,393.34716796875
Hubei,829,1.71774997711182,1243,50.7526092529297,21,0.0431056373179286,0.00252064524958792,0.0631284864935155,0.217144813451741,0.503750383853912,393.34716796875
Hubei,830,1.71469993591309,1324,53.8014106750488,71,0.0431056373179286,0.00252064524958792,0.0631284864935155,0.217144813451741,0.503750383853912,393.34716796875
Hubei,831,1.66718330383301,1418,55.7358474731445,188,0.0431056373179286,0.00252064524958792,0.0631284864935155,0.217144813451741,0.503750383853912,393.34716796875
Hubei,832,1.67846660614014,1442,56.475025177002,144,0.0431056373179286,0.00252064524958792,0.0631284864935155,0.217144813451741,0.503750383853912,393.34716796875
Hubei,892,1.26741666793823,1362,60.4504241943359,1299,0.0431056373179286,0.00252064524958792,0.0631284864935155,0.217144813451741,0.503750383853912,393.34716796875
Hubei,893,1.10170001983643,1419,60.2630310058594,1533,0.0431056373179286,0.00252064524958792,0.0631284864935155,0.217144813451741,0.503750383853912,393.34716796875
Hubei,894,1.51048336029053,1405,62.1006011962891,654,0.0431056373179286,0.00252064524958792,0.0631284864935155,0.217144813451741,0.503750383853912,393.34716796875
Hubei,895,1.41548328399658,1348,61.2472610473633,843,0.0431056373179286,0.00252064524958792,0.0631284864935155,0.217144813451741,0.503750383853912,393.34716796875
Hubei,896,1.57176666259766,1231,61.7975997924805,411,0.0431056373179286,0.00252064524958792,0.0631284864935155,0.217144813451741,0.503750383853912,393.34716796875
Hubei,897,1.6492000579834,1141,60.4318580627442,183,0.0431056373179286,0.00252064524958792,0.0631284864935155,0.217144813451741,0.503750383853912,393.34716796875
Hubei,898,1.67006664276123,1083,53.4676208496094,38,0.0431056373179286,0.00252064524958792,0.0631284864935155,0.217144813451741,0.503750383853912,393.34716796875
Hubei,899,1.66889991760254,1092,50.6848602294922,29,0.0431056373179286,0.00252064524958792,0.0631284864935155,0.217144813451741,0.503750383853912,393.34716796875
Hubei,900,1.6711332321167,1134,51.1337585449219,32,0.0431056373179286,0.00252064524958792,0.0631284864935155,0.217144813451741,0.503750383853912,393.34716796875
Hubei,901,1.70028343200684,1197,50.6090660095215,24,0.0431056373179286,0.00252064524958792,0.0631284864935155,0.217144813451741,0.503750383853912,393.34716796875
Hubei,902,1.70728340148926,1259,53.3561019897461,25,0.0431056373179286,0.00252064524958792,0.0631284864935155,0.217144813451741,0.503750383853912,393.34716796875
Hubei,903,1.71219997406006,1320,54.7255592346192,23,0.0431056373179286,0.00252064524958792,0.0631284864935155,0.217144813451741,0.503750383853912,393.34716796875
Hubei,904,1.73425006866455,1379,56.0529937744141,23,0.0431056373179286,0.00252064524958792,0.0631284864935155,0.217144813451741,0.503750383853912,393.34716796875
Hubei,905,1.72414989471436,1402,54.1181602478027,47,0.0431056373179286,0.00252064524958792,0.0631284864935155,0.217144813451741,0.503750383853912,393.34716796875
Hubei,906,1.73833332061768,1397,50.9973258972168,16,0.0431056373179286,0.00252064524958792,0.0631284864935155,0.217144813451741,0.503750383853912,393.34716796875
Hubei,967,1.29440002441406,1310,62.510669708252,1037,0.0431056373179286,0.00252064524958792,0.0631284864935155,0.217144813451741,0.503750383853912,393.34716796875
Hubei,968,1.41928329467773,1215,63.4569091796875,720,0.0431056373179286,0.00252064524958792,0.0631284864935155,0.217144813451741,0.503750383853912,393.34716796875
Hubei,969,1.66428337097168,1073,66.9624176025391,122,0.0431056373179286,0.00252064524958792,0.0631284864935155,0.217144813451741,0.503750383853912,393.34716796875
Hubei,970,1.65225009918213,1032,57.2744789123535,50,0.0431056373179286,0.00252064524958792,0.0631284864935155,0.217144813451741,0.503750383853912,393.34716796875
Hubei,971,1.62661666870117,1026,53.6285247802734,77,0.0431056373179286,0.00252064524958792,0.0631284864935155,0.217144813451741,0.503750383853912,393.34716796875
Hubei,972,1.64903335571289,1064,52.9205017089844,35,0.0431056373179286,0.00252064524958792,0.0631284864935155,0.217144813451741,0.503750383853912,393.34716796875
Hubei,973,1.66183338165283,1133,53.7050323486328,26,0.0431056373179286,0.00252064524958792,0.0631284864935155,0.217144813451741,0.503750383853912,393.34716796875
Hubei,974,1.68010005950928,1215,55.0245208740234,26,0.0431056373179286,0.00252064524958792,0.0631284864935155,0.217144813451741,0.503750383853912,393.34716796875
Hubei,975,1.69268341064453,1268,54.4136810302734,22,0.0431056373179286,0.00252064524958792,0.0631284864935155,0.217144813451741,0.503750383853912,393.34716796875
Hubei,976,1.69966659545898,1335,57.3312339782715,36,0.0431056373179286,0.00252064524958792,0.0631284864935155,0.217144813451741,0.503750383853912,393.34716796875
Hubei,977,1.5166166305542,1495,58.3355751037598,423,0.0431056373179286,0.00252064524958792,0.0631284864935155,0.217144813451741,0.503750383853912,393.34716796875
Hubei,1041,1.36809997558594,1202,64.1996994018555,846,0.0431056373179286,0.00252064524958792,0.0631284864935155,0.217144813451741,0.503750383853912,393.34716796875
Hubei,1042,1.29289999008179,1185,64.0864868164063,978,0.0431056373179286,0.00252064524958792,0.0631284864935155,0.217144813451741,0.503750383853912,393.34716796875
Hubei,1043,1.39698333740234,1107,64.2409210205078,665,0.0431056373179286,0.00252064524958792,0.0631284864935155,0.217144813451741,0.503750383853912,393.34716796875
Hubei,1044,1.55243330001831,1011,62.1653099060059,216,0.0431056373179286,0.00252064524958792,0.0631284864935155,0.217144813451741,0.503750383853912,393.34716796875
Hubei,1045,1.61921672821045,982,59.2138824462891,84,0.0431056373179286,0.00252064524958792,0.0631284864935155,0.217144813451741,0.503750383853912,393.34716796875
Hubei,1046,1.53696670532227,1059,57.6352996826172,281,0.0431056373179286,0.00252064524958792,0.0631284864935155,0.217144813451741,0.503750383853912,393.34716796875
Hubei,1047,1.62763328552246,1092,54.6454315185547,56,0.0431056373179286,0.00252064524958792,0.0631284864935155,0.217144813451741,0.503750383853912,393.34716796875
Hubei,1048,1.63691673278809,1157,55.5208511352539,53,0.0431056373179286,0.00252064524958792,0.0631284864935155,0.217144813451741,0.503750383853912,393.34716796875
Hubei,1049,1.64475002288818,1214,57.3375968933106,51,0.0431056373179286,0.00252064524958792,0.0631284864935155,0.217144813451741,0.503750383853912,393.34716796875
Hubei,1050,1.5736499786377,1330,59.771297454834,269,0.0431056373179286,0.00252064524958792,0.0631284864935155,0.217144813451741,0.503750383853912,393.34716796875
Hubei,1051,1.49899997711182,1439,59.1243591308594,421,0.0431056373179286,0.00252064524958792,0.0631284864935155,0.217144813451741,0.503750383853912,393.34716796875
Hubei,1114,1.03111667633057,1193,64.6563720703125,1599,0.0431056373179286,0.00252064524958792,0.0631284864935155,0.217144813451741,0.503750383853912,393.34716796875
Hubei,1115,1.11496667861938,1161,64.4037933349609,1365,0.0431056373179286,0.00252064524958792,0.0631284864935155,0.217144813451741,0.503750383853912,393.34716796875
Hubei,1116,1.36065006256104,1086,65.2292633056641,784,0.0431056373179286,0.00252064524958792,0.0631284864935155,0.217144813451741,0.503750383853912,393.34716796875
Hubei,1117,1.07449998855591,1177,62.9975471496582,1399,0.0431056373179286,0.00252064524958792,0.0631284864935155,0.217144813451741,0.503750383853912,393.34716796875
Hubei,1118,1.60088329315186,980,62.4284172058106,92,0.0431056373179286,0.00252064524958792,0.0631284864935155,0.217144813451741,0.503750383853912,393.34716796875
Hubei,1119,1.60030002593994,985,61.4612503051758,113,0.0431056373179286,0.00252064524958792,0.0631284864935155,0.217144813451741,0.503750383853912,393.34716796875
Hubei,1120,1.49748334884644,1035,59.8011360168457,303,0.0431056373179286,0.00252064524958792,0.0631284864935155,0.217144813451741,0.503750383853912,393.34716796875
Hubei,1121,1.59660005569458,1058,57.7856254577637,75,0.0431056373179286,0.00252064524958792,0.0631284864935155,0.217144813451741,0.503750383853912,393.34716796875
Hubei,1122,1.58363332748413,1123,57.6547889709473,111,0.0431056373179286,0.00252064524958792,0.0631284864935155,0.217144813451741,0.503750383853912,393.34716796875
Hubei,1123,1.57153329849243,1163,59.5238037109375,128,0.0431056373179286,0.00252064524958792,0.0631284864935155,0.217144813451741,0.503750383853912,393.34716796875
Hubei,1124,1.50193328857422,1257,59.7143402099609,330,0.0431056373179286,0.00252064524958792,0.0631284864935155,0.217144813451741,0.503750383853912,393.34716796875
Hubei,1188,1.38673334121704,1043,66.3705291748047,781,0.0431056373179286,0.00252064524958792,0.0631284864935155,0.217144813451741,0.503750383853912,393.34716796875
Hubei,1189,1.39184999465942,1029,66.4385147094727,726,0.0431056373179286,0.00252064524958792,0.0631284864935155,0.217144813451741,0.503750383853912,393.34716796875
Hubei,1190,1.30946664810181,1041,65.769401550293,874,0.0431056373179286,0.00252064524958792,0.0631284864935155,0.217144813451741,0.503750383853912,393.34716796875
Hubei,1191,1.50254993438721,997,64.6360397338867,357,0.0431056373179286,0.00252064524958792,0.0631284864935155,0.217144813451741,0.503750383853912,393.34716796875
Hubei,1192,1.60254993438721,977,61.9454498291016,70,0.0431056373179286,0.00252064524958792,0.0631284864935155,0.217144813451741,0.503750383853912,393.34716796875
Hubei,1193,1.57763338088989,971,62.2539482116699,93,0.0431056373179286,0.00252064524958792,0.0631284864935155,0.217144813451741,0.503750383853912,393.34716796875
Hubei,1194,1.53756666183472,990,61.429069519043,171,0.0431056373179286,0.00252064524958792,0.0631284864935155,0.217144813451741,0.503750383853912,393.34716796875
Hubei,1195,1.4561333656311,1063,61.1086120605469,336,0.0431056373179286,0.00252064524958792,0.0631284864935155,0.217144813451741,0.503750383853912,393.34716796875
Hubei,1266,1.40628328323364,956,67.5246658325195,751,0.0431056373179286,0.00252064524958792,0.0631284864935155,0.217144813451741,0.503750383853912,393.34716796875
Hubei,1267,1.54968328475952,935,65.7646942138672,358,0.0431056373179286,0.00252064524958792,0.0631284864935155,0.217144813451741,0.503750383853912,393.34716796875
Hubei,1268,1.59798336029053,948,63.7778472900391,206,0.0431056373179286,0.00252064524958792,0.0631284864935155,0.217144813451741,0.503750383853912,393.34716796875
Hubei,1343,1.40469999313355,843,68.4629974365234,627,0.0431056373179286,0.00252064524958792,0.0631284864935155,0.217144813451741,0.503750383853912,393.34716796875
Hubei,1344,1.52849998474121,843,68.4734573364258,449,0.0431056373179286,0.00252064524958792,0.0631284864935155,0.217144813451741,0.503750383853912,393.34716796875
Hubei,1345,1.56680002212524,857,67.0616989135742,362,0.0431056373179286,0.00252064524958792,0.0631284864935155,0.217144813451741,0.503750383853912,393.34716796875
Hunan,261,1.87583332061768,1582,58.7805633544922,342,0.0189702283469961,0.00756605205339091,0.0347710350255269,0.103357874200594,0.544842541217804,460.582000732422
Hunan,262,1.72398338317871,1590,58.9237937927246,593,0.0189702283469961,0.00756605205339091,0.0347710350255269,0.103357874200594,0.544842541217804,460.582000732422
Hunan,301,1.87530002593994,1520,56.0360450744629,222,0.0189702283469961,0.00756605205339091,0.0347710350255269,0.103357874200594,0.544842541217804,460.582000732422
Hunan,302,1.78846664428711,1511,55.2263526916504,377,0.0189702283469961,0.00756605205339091,0.0347710350255269,0.103357874200594,0.544842541217804,460.582000732422
Hunan,303,1.77466659545898,1496,56.0617485046387,455,0.0189702283469961,0.00756605205339091,0.0347710350255269,0.103357874200594,0.544842541217804,460.582000732422
Hunan,341,1.58293333053589,1555,52.7963752746582,720,0.0189702283469961,0.00756605205339091,0.0347710350255269,0.103357874200594,0.544842541217804,460.582000732422
Hunan,342,1.79541664123535,1451,51.7869110107422,287,0.0189702283469961,0.00756605205339091,0.0347710350255269,0.103357874200594,0.544842541217804,460.582000732422
Hunan,343,1.84371662139893,1427,52.5869483947754,191,0.0189702283469961,0.00756605205339091,0.0347710350255269,0.103357874200594,0.544842541217804,460.582000732422
Hunan,344,1.83153343200684,1433,53.6424751281738,222,0.0189702283469961,0.00756605205339091,0.0347710350255269,0.103357874200594,0.544842541217804,460.582000732422
Hunan,345,1.72388324737549,1483,54.938606262207,448,0.0189702283469961,0.00756605205339091,0.0347710350255269,0.103357874200594,0.544842541217804,460.582000732422
Hunan,378,1.61361675262451,1345,55.7569923400879,567,0.0189702283469961,0.00756605205339091,0.0347710350255269,0.103357874200594,0.544842541217804,460.582000732422
Hunan,379,1.51116666793823,1463,55.0051193237305,797,0.0189702283469961,0.00756605205339091,0.0347710350255269,0.103357874200594,0.544842541217804,460.582000732422
Hunan,380,1.2047833442688,1636,54.0097770690918,1505,0.0189702283469961,0.00756605205339091,0.0347710350255269,0.103357874200594,0.544842541217804,460.582000732422
Hunan,381,1.36346664428711,1638,51.7647094726563,1164,0.0189702283469961,0.00756605205339091,0.0347710350255269,0.103357874200594,0.544842541217804,460.582000732422
Hunan,382,1.81723327636719,1369,49.6095848083496,130,0.0189702283469961,0.00756605205339091,0.0347710350255269,0.103357874200594,0.544842541217804,460.582000732422
Hunan,383,1.67836666107178,1482,48.5317268371582,498,0.0189702283469961,0.00756605205339091,0.0347710350255269,0.103357874200594,0.544842541217804,460.582000732422
Hunan,384,1.64726657867432,1528,48.4125099182129,576,0.0189702283469961,0.00756605205339091,0.0347710350255269,0.103357874200594,0.544842541217804,460.582000732422
Hunan,385,1.78381671905518,1437,49.9623908996582,198,0.0189702283469961,0.00756605205339091,0.0347710350255269,0.103357874200594,0.544842541217804,460.582000732422
Hunan,386,1.57194995880127,1595,50.0776557922363,710,0.0189702283469961,0.00756605205339091,0.0347710350255269,0.103357874200594,0.544842541217804,460.582000732422
Hunan,387,1.23218336105347,1860,51.9593963623047,1453,0.0189702283469961,0.00756605205339091,0.0347710350255269,0.103357874200594,0.544842541217804,460.582000732422
Hunan,420,1.61601657867432,1287,55.2788619995117,509,0.0189702283469961,0.00756605205339091,0.0347710350255269,0.103357874200594,0.544842541217804,460.582000732422
Hunan,421,1.64214992523193,1340,54.5608100891113,404,0.0189702283469961,0.00756605205339091,0.0347710350255269,0.103357874200594,0.544842541217804,460.582000732422
Hunan,422,1.64219989776611,1399,52.9419403076172,430,0.0189702283469961,0.00756605205339091,0.0347710350255269,0.103357874200594,0.544842541217804,460.582000732422
Hunan,423,1.67913341522217,1397,50.3846397399902,387,0.0189702283469961,0.00756605205339091,0.0347710350255269,0.103357874200594,0.544842541217804,460.582000732422
Hunan,424,1.69068336486816,1408,48.5112609863281,384,0.0189702283469961,0.00756605205339091,0.0347710350255269,0.103357874200594,0.544842541217804,460.582000732422
Hunan,425,1.82046661376953,1390,47.0222892761231,124,0.0189702283469961,0.00756605205339091,0.0347710350255269,0.103357874200594,0.544842541217804,460.582000732422
Hunan,426,1.83446674346924,1424,46.5441055297852,85,0.0189702283469961,0.00756605205339091,0.0347710350255269,0.103357874200594,0.544842541217804,460.582000732422
Hunan,427,1.80511665344238,1452,47.6628799438477,116,0.0189702283469961,0.00756605205339091,0.0347710350255269,0.103357874200594,0.544842541217804,460.582000732422
Hunan,428,1.77641658782959,1460,48.1829566955566,161,0.0189702283469961,0.00756605205339091,0.0347710350255269,0.103357874200594,0.544842541217804,460.582000732422
Hunan,462,1.64318332672119,1233,56.915901184082,391,0.0189702283469961,0.00756605205339091,0.0347710350255269,0.103357874200594,0.544842541217804,460.582000732422
Hunan,463,1.66721668243408,1302,55.5919570922852,344,0.0189702283469961,0.00756605205339091,0.0347710350255269,0.103357874200594,0.544842541217804,460.582000732422
Hunan,464,1.43463335037231,1461,52.3960571289063,872,0.0189702283469961,0.00756605205339091,0.0347710350255269,0.103357874200594,0.544842541217804,460.582000732422
Hunan,465,1.67776660919189,1365,50.6907768249512,339,0.0189702283469961,0.00756605205339091,0.0347710350255269,0.103357874200594,0.544842541217804,460.582000732422
Hunan,466,1.73449993133545,1362,47.6624908447266,247,0.0189702283469961,0.00756605205339091,0.0347710350255269,0.103357874200594,0.544842541217804,460.582000732422
Hunan,467,1.7837833404541,1391,46.4215126037598,155,0.0189702283469961,0.00756605205339091,0.0347710350255269,0.103357874200594,0.544842541217804,460.582000732422
Hunan,468,1.69561672210693,1511,45.1994132995606,351,0.0189702283469961,0.00756605205339091,0.0347710350255269,0.103357874200594,0.544842541217804,460.582000732422
Hunan,469,1.74718341827393,1484,46.152099609375,193,0.0189702283469961,0.00756605205339091,0.0347710350255269,0.103357874200594,0.544842541217804,460.582000732422
Hunan,470,1.4488166809082,1704,45.8377914428711,805,0.0189702283469961,0.00756605205339091,0.0347710350255269,0.103357874200594,0.544842541217804,460.582000732422
Hunan,508,1.6954833984375,1261,58.3498039245606,330,0.0189702283469961,0.00756605205339091,0.0347710350255269,0.103357874200594,0.544842541217804,460.582000732422
Hunan,509,1.68651657104492,1314,56.63623046875,299,0.0189702283469961,0.00756605205339091,0.0347710350255269,0.103357874200594,0.544842541217804,460.582000732422
Hunan,510,1.62845001220703,1369,54.0805969238281,392,0.0189702283469961,0.00756605205339091,0.0347710350255269,0.103357874200594,0.544842541217804,460.582000732422
Hunan,511,1.54293336868286,1447,50.4231719970703,637,0.0189702283469961,0.00756605205339091,0.0347710350255269,0.103357874200594,0.544842541217804,460.582000732422
Hunan,512,1.7275333404541,1375,47.5789337158203,235,0.0189702283469961,0.00756605205339091,0.0347710350255269,0.103357874200594,0.544842541217804,460.582000732422
Hunan,513,1.76971664428711,1397,45.9978904724121,158,0.0189702283469961,0.00756605205339091,0.0347710350255269,0.103357874200594,0.544842541217804,460.582000732422
Hunan,514,1.76860008239746,1421,46.0073089599609,111,0.0189702283469961,0.00756605205339091,0.0347710350255269,0.103357874200594,0.544842541217804,460.582000732422
Hunan,515,1.77121658325195,1441,46.0899353027344,69,0.0189702283469961,0.00756605205339091,0.0347710350255269,0.103357874200594,0.544842541217804,460.582000732422
Hunan,560,1.68826675415039,1327,59.5097694396973,401,0.0189702283469961,0.00756605205339091,0.0347710350255269,0.103357874200594,0.544842541217804,460.582000732422
Hunan,561,1.68980007171631,1365,58.6104125976563,289,0.0189702283469961,0.00756605205339091,0.0347710350255269,0.103357874200594,0.544842541217804,460.582000732422
Hunan,562,1.58321666717529,1419,55.4337730407715,477,0.0189702283469961,0.00756605205339091,0.0347710350255269,0.103357874200594,0.544842541217804,460.582000732422
Hunan,563,1.58240003585815,1426,50.9578971862793,460,0.0189702283469961,0.00756605205339091,0.0347710350255269,0.103357874200594,0.544842541217804,460.582000732422
Hunan,564,1.66353340148926,1394,47.6645126342774,291,0.0189702283469961,0.00756605205339091,0.0347710350255269,0.103357874200594,0.544842541217804,460.582000732422
Hunan,565,1.73794994354248,1372,47.0222969055176,127,0.0189702283469961,0.00756605205339091,0.0347710350255269,0.103357874200594,0.544842541217804,460.582000732422
Hunan,566,1.73083324432373,1397,46.8782577514649,124,0.0189702283469961,0.00756605205339091,0.0347710350255269,0.103357874200594,0.544842541217804,460.582000732422
Hunan,567,1.73678340911865,1421,47.7319755554199,81,0.0189702283469961,0.00756605205339091,0.0347710350255269,0.103357874200594,0.544842541217804,460.582000732422
Hunan,568,1.73325004577637,1475,48.8583869934082,110,0.0189702283469961,0.00756605205339091,0.0347710350255269,0.103357874200594,0.544842541217804,460.582000732422
Hunan,618,1.63605003356934,1398,59.5252647399902,523,0.0189702283469961,0.00756605205339091,0.0347710350255269,0.103357874200594,0.544842541217804,460.582000732422
Hunan,619,1.55659999847412,1446,59.2109184265137,603,0.0189702283469961,0.00756605205339091,0.0347710350255269,0.103357874200594,0.544842541217804,460.582000732422
Hunan,620,1.6816333770752,1387,56.4479446411133,171,0.0189702283469961,0.00756605205339091,0.0347710350255269,0.103357874200594,0.544842541217804,460.582000732422
Hunan,621,1.61936664581299,1394,51.2450828552246,334,0.0189702283469961,0.00756605205339091,0.0347710350255269,0.103357874200594,0.544842541217804,460.582000732422
Hunan,622,1.67156658172607,1353,47.611629486084,182,0.0189702283469961,0.00756605205339091,0.0347710350255269,0.103357874200594,0.544842541217804,460.582000732422
Hunan,623,1.72163333892822,1343,46.8474960327148,87,0.0189702283469961,0.00756605205339091,0.0347710350255269,0.103357874200594,0.544842541217804,460.582000732422
Hunan,624,1.75321674346924,1352,46.6906509399414,30,0.0189702283469961,0.00756605205339091,0.0347710350255269,0.103357874200594,0.544842541217804,460.582000732422
Hunan,625,1.72281665802002,1388,49.1499557495117,64,0.0189702283469961,0.00756605205339091,0.0347710350255269,0.103357874200594,0.544842541217804,460.582000732422
Hunan,626,1.45410003662109,1638,49.2865409851074,694,0.0189702283469961,0.00756605205339091,0.0347710350255269,0.103357874200594,0.544842541217804,460.582000732422
Hunan,682,1.56613330841064,1436,60.4970664978027,628,0.0189702283469961,0.00756605205339091,0.0347710350255269,0.103357874200594,0.544842541217804,460.582000732422
Hunan,683,1.61958332061768,1415,60.1882095336914,420,0.0189702283469961,0.00756605205339091,0.0347710350255269,0.103357874200594,0.544842541217804,460.582000732422
Hunan,684,1.4748833656311,1454,55.6636695861817,713,0.0189702283469961,0.00756605205339091,0.0347710350255269,0.103357874200594,0.544842541217804,460.582000732422
Hunan,685,1.66283340454102,1336,51.4339981079102,208,0.0189702283469961,0.00756605205339091,0.0347710350255269,0.103357874200594,0.544842541217804,460.582000732422
Hunan,686,1.73491668701172,1309,47.4183654785156,33,0.0189702283469961,0.00756605205339091,0.0347710350255269,0.103357874200594,0.544842541217804,460.582000732422
Hunan,687,1.71278324127197,1288,46.6634788513184,33,0.0189702283469961,0.00756605205339091,0.0347710350255269,0.103357874200594,0.544842541217804,460.582000732422
Hunan,688,1.72988338470459,1317,48.0867080688477,28,0.0189702283469961,0.00756605205339091,0.0347710350255269,0.103357874200594,0.544842541217804,460.582000732422
Hunan,689,1.73541660308838,1363,50.3664855957031,63,0.0189702283469961,0.00756605205339091,0.0347710350255269,0.103357874200594,0.544842541217804,460.582000732422
Hunan,690,1.58795003890991,1503,52.3100852966309,387,0.0189702283469961,0.00756605205339091,0.0347710350255269,0.103357874200594,0.544842541217804,460.582000732422
Hunan,751,1.36618337631226,1488,59.8859519958496,1007,0.0189702283469961,0.00756605205339091,0.0347710350255269,0.103357874200594,0.544842541217804,460.582000732422
Hunan,752,1.57268333435059,1410,59.9555778503418,541,0.0189702283469961,0.00756605205339091,0.0347710350255269,0.103357874200594,0.544842541217804,460.582000732422
Hunan,753,1.56908330917358,1365,56.7953567504883,493,0.0189702283469961,0.00756605205339091,0.0347710350255269,0.103357874200594,0.544842541217804,460.582000732422
Hunan,754,1.60496673583984,1300,53.0220146179199,315,0.0189702283469961,0.00756605205339091,0.0347710350255269,0.103357874200594,0.544842541217804,460.582000732422
Hunan,755,1.67946662902832,1241,49.0233268737793,93,0.0189702283469961,0.00756605205339091,0.0347710350255269,0.103357874200594,0.544842541217804,460.582000732422
Hunan,756,1.7078332901001,1236,47.606086730957,31,0.0189702283469961,0.00756605205339091,0.0347710350255269,0.103357874200594,0.544842541217804,460.582000732422
Hunan,757,1.71790008544922,1265,49.4661407470703,27,0.0189702283469961,0.00756605205339091,0.0347710350255269,0.103357874200594,0.544842541217804,460.582000732422
Hunan,758,1.70601673126221,1327,51.5183563232422,98,0.0189702283469961,0.00756605205339091,0.0347710350255269,0.103357874200594,0.544842541217804,460.582000732422
Hunan,824,1.57089996337891,1298,58.8698501586914,413,0.0189702283469961,0.00756605205339091,0.0347710350255269,0.103357874200594,0.544842541217804,460.582000732422
Hunan,825,1.60336666107178,1234,56.0979995727539,312,0.0189702283469961,0.00756605205339091,0.0347710350255269,0.103357874200594,0.544842541217804,460.582000732422
Hunan,826,1.67138328552246,1167,50.8963661193848,82,0.0189702283469961,0.00756605205339091,0.0347710350255269,0.103357874200594,0.544842541217804,460.582000732422
Inner Mongolia,2087,0.764966630935669,185,94.2404251098633,1662,0.025231014378407,0.0182168161740964,0.0107402151845823,0.0422685521945524,0.167526170611382,111.579971313477
Inner Mongolia,2088,0.943200016021729,186,94.7930679321289,1286,0.025231014378407,0.0182168161740964,0.0107402151845823,0.0422685521945524,0.167526170611382,111.579971313477
Inner Mongolia,2162,0.84461669921875,154,91.118408203125,1478,0.025231014378407,0.0182168161740964,0.0107402151845823,0.0422685521945524,0.167526170611382,111.579971313477
Inner Mongolia,2163,0.856400012969971,162,92.0819396972656,1459,0.025231014378407,0.0182168161740964,0.0107402151845823,0.0422685521945524,0.167526170611382,111.579971313477
Inner Mongolia,2164,0.898099994659424,178,92.1103210449219,1349,0.025231014378407,0.0182168161740964,0.0107402151845823,0.0422685521945524,0.167526170611382,111.579971313477
Inner Mongolia,2165,0.814700031280518,201,93.938102722168,1514,0.025231014378407,0.0182168161740964,0.0107402151845823,0.0422685521945524,0.167526170611382,111.579971313477
Inner Mongolia,2169,0.777216672897339,328,98.79296875,1366,0.025231014378407,0.0182168161740964,0.0107402151845823,0.0422685521945524,0.167526170611382,111.579971313477
Inner Mongolia,2170,0.815333366394043,365,99.3895034790039,1291,0.025231014378407,0.0182168161740964,0.0107402151845823,0.0422685521945524,0.167526170611382,111.579971313477
Inner Mongolia,2240,0.875349998474121,132,91.0793838500977,1364,0.025231014378407,0.0182168161740964,0.0107402151845823,0.0422685521945524,0.167526170611382,111.579971313477
Inner Mongolia,2241,0.865083312988281,144,89.2862167358399,1332,0.025231014378407,0.0182168161740964,0.0107402151845823,0.0422685521945524,0.167526170611382,111.579971313477
Inner Mongolia,2242,0.894366645812988,164,90.9813766479492,1358,0.025231014378407,0.0182168161740964,0.0107402151845823,0.0422685521945524,0.167526170611382,111.579971313477
Inner Mongolia,2243,0.877550029754639,187,87.5536804199219,1294,0.025231014378407,0.0182168161740964,0.0107402151845823,0.0422685521945524,0.167526170611382,111.579971313477
Inner Mongolia,2245,0.812049961090088,228,101.129981994629,1298,0.025231014378407,0.0182168161740964,0.0107402151845823,0.0422685521945524,0.167526170611382,111.579971313477
Inner Mongolia,2246,0.736833333969116,290,96.3500137329102,1456,0.025231014378407,0.0182168161740964,0.0107402151845823,0.0422685521945524,0.167526170611382,111.579971313477
Inner Mongolia,2247,0.740733337402344,301,104.362335205078,1415,0.025231014378407,0.0182168161740964,0.0107402151845823,0.0422685521945524,0.167526170611382,111.579971313477
Inner Mongolia,2248,0.766266679763794,341,101.149917602539,1319,0.025231014378407,0.0182168161740964,0.0107402151845823,0.0422685521945524,0.167526170611382,111.579971313477
Inner Mongolia,2249,0.799133348464966,372,101.03337097168,1242,0.025231014378407,0.0182168161740964,0.0107402151845823,0.0422685521945524,0.167526170611382,111.579971313477
Inner Mongolia,2314,0.626883316040039,190,92.9274826049805,1797,0.025231014378407,0.0182168161740964,0.0107402151845823,0.0422685521945524,0.167526170611382,111.579971313477
Inner Mongolia,2319,0.862683296203613,134,87.6751251220703,1351,0.025231014378407,0.0182168161740964,0.0107402151845823,0.0422685521945524,0.167526170611382,111.579971313477
Inner Mongolia,2320,0.878250026702881,149,89.5233001708984,1333,0.025231014378407,0.0182168161740964,0.0107402151845823,0.0422685521945524,0.167526170611382,111.579971313477
Inner Mongolia,2321,0.82693338394165,178,88.2089080810547,1395,0.025231014378407,0.0182168161740964,0.0107402151845823,0.0422685521945524,0.167526170611382,111.579971313477
Inner Mongolia,2324,0.80533332824707,248,102.550582885742,1214,0.025231014378407,0.0182168161740964,0.0107402151845823,0.0422685521945524,0.167526170611382,111.579971313477
Inner Mongolia,2325,0.747749996185303,290,107.43628692627,1376,0.025231014378407,0.0182168161740964,0.0107402151845823,0.0422685521945524,0.167526170611382,111.579971313477
Inner Mongolia,2326,0.725349998474121,315,105.667282104492,1393,0.025231014378407,0.0182168161740964,0.0107402151845823,0.0422685521945524,0.167526170611382,111.579971313477
Inner Mongolia,2327,0.728600025177002,341,104.94246673584,1325,0.025231014378407,0.0182168161740964,0.0107402151845823,0.0422685521945524,0.167526170611382,111.579971313477
Inner Mongolia,2386,0.691133308410645,172,94.1537322998047,1653,0.025231014378407,0.0182168161740964,0.0107402151845823,0.0422685521945524,0.167526170611382,111.579971313477
Inner Mongolia,2387,0.733699989318848,128,93.491340637207,1538,0.025231014378407,0.0182168161740964,0.0107402151845823,0.0422685521945524,0.167526170611382,111.579971313477
Inner Mongolia,2388,0.719099998474121,115,92.5316390991211,1550,0.025231014378407,0.0182168161740964,0.0107402151845823,0.0422685521945524,0.167526170611382,111.579971313477
Inner Mongolia,2389,0.881750011444092,88,98.8663024902344,1279,0.025231014378407,0.0182168161740964,0.0107402151845823,0.0422685521945524,0.167526170611382,111.579971313477
Inner Mongolia,2390,0.888583374023438,97,86.6174468994141,1265,0.025231014378407,0.0182168161740964,0.0107402151845823,0.0422685521945524,0.167526170611382,111.579971313477
Inner Mongolia,2392,0.859433364868164,117,92.8645553588867,1339,0.025231014378407,0.0182168161740964,0.0107402151845823,0.0422685521945524,0.167526170611382,111.579971313477
Inner Mongolia,2393,0.893499946594238,131,83.4155426025391,1218,0.025231014378407,0.0182168161740964,0.0107402151845823,0.0422685521945524,0.167526170611382,111.579971313477
Inner Mongolia,2394,0.8993332862854,138,85.8582305908203,1143,0.025231014378407,0.0182168161740964,0.0107402151845823,0.0422685521945524,0.167526170611382,111.579971313477
Inner Mongolia,2395,0.745866680145264,159,98.2513122558594,1379,0.025231014378407,0.0182168161740964,0.0107402151845823,0.0422685521945524,0.167526170611382,111.579971313477
Inner Mongolia,2396,0.80086669921875,164,107.896354675293,1108,0.025231014378407,0.0182168161740964,0.0107402151845823,0.0422685521945524,0.167526170611382,111.579971313477
Inner Mongolia,2397,0.704400014877319,218,106.619537353516,1380,0.025231014378407,0.0182168161740964,0.0107402151845823,0.0422685521945524,0.167526170611382,111.579971313477
Inner Mongolia,2398,0.711100006103516,281,105.585235595703,1402,0.025231014378407,0.0182168161740964,0.0107402151845823,0.0422685521945524,0.167526170611382,111.579971313477
Inner Mongolia,2399,0.680700016021729,286,111.394691467285,1419,0.025231014378407,0.0182168161740964,0.0107402151845823,0.0422685521945524,0.167526170611382,111.579971313477
Inner Mongolia,2400,0.701316690444946,328,107.055885314941,1340,0.025231014378407,0.0182168161740964,0.0107402151845823,0.0422685521945524,0.167526170611382,111.579971313477
Inner Mongolia,2401,0.664949989318848,361,107.425743103027,1407,0.025231014378407,0.0182168161740964,0.0107402151845823,0.0422685521945524,0.167526170611382,111.579971313477
Inner Mongolia,2457,0.769566631317139,128,93.491340637207,1335,0.025231014378407,0.0182168161740964,0.0107402151845823,0.0422685521945524,0.167526170611382,111.579971313477
Inner Mongolia,2458,0.834016704559326,114,97.5054779052734,1352,0.025231014378407,0.0182168161740964,0.0107402151845823,0.0422685521945524,0.167526170611382,111.579971313477
Inner Mongolia,2459,0.900083351135254,92,95.8246078491211,1309,0.025231014378407,0.0182168161740964,0.0107402151845823,0.0422685521945524,0.167526170611382,111.579971313477
Inner Mongolia,2460,0.910616683959961,83,95.359992980957,1282,0.025231014378407,0.0182168161740964,0.0107402151845823,0.0422685521945524,0.167526170611382,111.579971313477
Inner Mongolia,2461,0.885683345794678,87,91.3122406005859,1367,0.025231014378407,0.0182168161740964,0.0107402151845823,0.0422685521945524,0.167526170611382,111.579971313477
Inner Mongolia,2462,0.739266681671143,99,102.054077148438,1641,0.025231014378407,0.0182168161740964,0.0107402151845823,0.0422685521945524,0.167526170611382,111.579971313477
Inner Mongolia,2463,0.815383338928223,101,91.4035491943359,1425,0.025231014378407,0.0182168161740964,0.0107402151845823,0.0422685521945524,0.167526170611382,111.579971313477
Inner Mongolia,2464,0.755983352661133,112,88.8229064941406,1424,0.025231014378407,0.0182168161740964,0.0107402151845823,0.0422685521945524,0.167526170611382,111.579971313477
Inner Mongolia,2465,0.744449996948242,120,98.9805297851563,1520,0.025231014378407,0.0182168161740964,0.0107402151845823,0.0422685521945524,0.167526170611382,111.579971313477
Inner Mongolia,2466,0.945366668701172,108,99.5444183349609,1088,0.025231014378407,0.0182168161740964,0.0107402151845823,0.0422685521945524,0.167526170611382,111.579971313477
Inner Mongolia,2467,0.881233310699463,128,91.7607574462891,1030,0.025231014378407,0.0182168161740964,0.0107402151845823,0.0422685521945524,0.167526170611382,111.579971313477
Inner Mongolia,2468,0.812899971008301,157,101.347038269043,1082,0.025231014378407,0.0182168161740964,0.0107402151845823,0.0422685521945524,0.167526170611382,111.579971313477
Inner Mongolia,2469,0.707100009918213,233,92.2836380004883,1388,0.025231014378407,0.0182168161740964,0.0107402151845823,0.0422685521945524,0.167526170611382,111.579971313477
Inner Mongolia,2470,0.711366653442383,268,97.9909515380859,1363,0.025231014378407,0.0182168161740964,0.0107402151845823,0.0422685521945524,0.167526170611382,111.579971313477
Inner Mongolia,2471,0.700583362579346,270,108.284744262695,1334,0.025231014378407,0.0182168161740964,0.0107402151845823,0.0422685521945524,0.167526170611382,111.579971313477
Inner Mongolia,2472,0.589633321762085,327,104.737930297852,1508,0.025231014378407,0.0182168161740964,0.0107402151845823,0.0422685521945524,0.167526170611382,111.579971313477
Inner Mongolia,2473,0.615233325958252,344,106.925811767578,1429,0.025231014378407,0.0182168161740964,0.0107402151845823,0.0422685521945524,0.167526170611382,111.579971313477
Inner Mongolia,2474,0.61191668510437,372,108.931732177734,1344,0.025231014378407,0.0182168161740964,0.0107402151845823,0.0422685521945524,0.167526170611382,111.579971313477
Inner Mongolia,2475,0.699749994277954,383,109.309219360352,1093,0.025231014378407,0.0182168161740964,0.0107402151845823,0.0422685521945524,0.167526170611382,111.579971313477
Inner Mongolia,2476,0.621250009536743,400,109.490989685059,1182,0.025231014378407,0.0182168161740964,0.0107402151845823,0.0422685521945524,0.167526170611382,111.579971313477
Inner Mongolia,2530,0.87413330078125,94,100.311820983887,1269,0.025231014378407,0.0182168161740964,0.0107402151845823,0.0422685521945524,0.167526170611382,111.579971313477
Inner Mongolia,2531,0.913183307647705,85,99.1738739013672,1258,0.025231014378407,0.0182168161740964,0.0107402151845823,0.0422685521945524,0.167526170611382,111.579971313477
Inner Mongolia,2532,0.920433330535889,75,94.4921417236328,1234,0.025231014378407,0.0182168161740964,0.0107402151845823,0.0422685521945524,0.167526170611382,111.579971313477
Inner Mongolia,2533,0.898516654968262,71,95.7950134277344,1301,0.025231014378407,0.0182168161740964,0.0107402151845823,0.0422685521945524,0.167526170611382,111.579971313477
Inner Mongolia,2534,0.892850017547607,71,98.3399887084961,1316,0.025231014378407,0.0182168161740964,0.0107402151845823,0.0422685521945524,0.167526170611382,111.579971313477
Inner Mongolia,2535,0.831633377075195,80,100.163124084473,1427,0.025231014378407,0.0182168161740964,0.0107402151845823,0.0422685521945524,0.167526170611382,111.579971313477
Inner Mongolia,2536,0.673000001907349,108,88.5232391357422,1631,0.025231014378407,0.0182168161740964,0.0107402151845823,0.0422685521945524,0.167526170611382,111.579971313477
Inner Mongolia,2537,0.742616701126099,104,96.0690994262695,1456,0.025231014378407,0.0182168161740964,0.0107402151845823,0.0422685521945524,0.167526170611382,111.579971313477
Inner Mongolia,2538,0.722016668319702,116,93.8635711669922,1499,0.025231014378407,0.0182168161740964,0.0107402151845823,0.0422685521945524,0.167526170611382,111.579971313477
Inner Mongolia,2539,0.655316638946533,127,101.379692077637,1641,0.025231014378407,0.0182168161740964,0.0107402151845823,0.0422685521945524,0.167526170611382,111.579971313477
Inner Mongolia,2540,0.892366695404053,118,90.5995788574219,1033,0.025231014378407,0.0182168161740964,0.0107402151845823,0.0422685521945524,0.167526170611382,111.579971313477
Inner Mongolia,2541,0.834099960327148,138,98.3056488037109,1059,0.025231014378407,0.0182168161740964,0.0107402151845823,0.0422685521945524,0.167526170611382,111.579971313477
Inner Mongolia,2542,0.796799993515015,173,100.657775878906,1178,0.025231014378407,0.0182168161740964,0.0107402151845823,0.0422685521945524,0.167526170611382,111.579971313477
Inner Mongolia,2543,0.726716661453247,215,101.345962524414,1244,0.025231014378407,0.0182168161740964,0.0107402151845823,0.0422685521945524,0.167526170611382,111.579971313477
Inner Mongolia,2544,0.710500001907349,242,106.689018249512,1201,0.025231014378407,0.0182168161740964,0.0107402151845823,0.0422685521945524,0.167526170611382,111.579971313477
Inner Mongolia,2545,0.685300016403198,281,109.665725708008,1248,0.025231014378407,0.0182168161740964,0.0107402151845823,0.0422685521945524,0.167526170611382,111.579971313477
Inner Mongolia,2546,0.678049993515015,315,108.682952880859,1196,0.025231014378407,0.0182168161740964,0.0107402151845823,0.0422685521945524,0.167526170611382,111.579971313477
Inner Mongolia,2547,0.635716676712036,339,108.974739074707,1099,0.025231014378407,0.0182168161740964,0.0107402151845823,0.0422685521945524,0.167526170611382,111.579971313477
Inner Mongolia,2548,0.628016662597656,343,110.988777160645,1107,0.025231014378407,0.0182168161740964,0.0107402151845823,0.0422685521945524,0.167526170611382,111.579971313477
Inner Mongolia,2549,0.575349998474121,373,108.082023620605,1226,0.025231014378407,0.0182168161740964,0.0107402151845823,0.0422685521945524,0.167526170611382,111.579971313477
Inner Mongolia,2550,0.373049998283386,393,107.702598571777,1554,0.025231014378407,0.0182168161740964,0.0107402151845823,0.0422685521945524,0.167526170611382,111.579971313477
Inner Mongolia,2608,0.946766662597656,61,98.9926910400391,1048,0.025231014378407,0.0182168161740964,0.0107402151845823,0.0422685521945524,0.167526170611382,111.579971313477
Inner Mongolia,2609,0.945450019836426,60,81.0287399291992,1040,0.025231014378407,0.0182168161740964,0.0107402151845823,0.0422685521945524,0.167526170611382,111.579971313477
Inner Mongolia,2610,0.93551664352417,56,98.4944839477539,1207,0.025231014378407,0.0182168161740964,0.0107402151845823,0.0422685521945524,0.167526170611382,111.579971313477
Inner Mongolia,2611,0.81870002746582,66,102.575759887695,1405,0.025231014378407,0.0182168161740964,0.0107402151845823,0.0422685521945524,0.167526170611382,111.579971313477
Inner Mongolia,2612,0.758183336257935,74,98.4565505981445,1435,0.025231014378407,0.0182168161740964,0.0107402151845823,0.0422685521945524,0.167526170611382,111.579971313477
Inner Mongolia,2613,0.783599996566773,83,91.9527130126953,1303,0.025231014378407,0.0182168161740964,0.0107402151845823,0.0422685521945524,0.167526170611382,111.579971313477
Inner Mongolia,2614,0.762416648864746,85,111.2099609375,1349,0.025231014378407,0.0182168161740964,0.0107402151845823,0.0422685521945524,0.167526170611382,111.579971313477
Inner Mongolia,2615,0.814999961853027,88,108.825134277344,1219,0.025231014378407,0.0182168161740964,0.0107402151845823,0.0422685521945524,0.167526170611382,111.579971313477
Inner Mongolia,2616,0.729949998855591,110,90.3277206420898,1303,0.025231014378407,0.0182168161740964,0.0107402151845823,0.0422685521945524,0.167526170611382,111.579971313477
Inner Mongolia,2617,0.52519998550415,138,94.1951522827148,1699,0.025231014378407,0.0182168161740964,0.0107402151845823,0.0422685521945524,0.167526170611382,111.579971313477
Inner Mongolia,2618,0.825283336639404,131,99.5135726928711,1036,0.025231014378407,0.0182168161740964,0.0107402151845823,0.0422685521945524,0.167526170611382,111.579971313477
Inner Mongolia,2619,0.805200004577637,143,104.102584838867,1040,0.025231014378407,0.0182168161740964,0.0107402151845823,0.0422685521945524,0.167526170611382,111.579971313477
Inner Mongolia,2620,0.792849969863892,179,107.307670593262,1054,0.025231014378407,0.0182168161740964,0.0107402151845823,0.0422685521945524,0.167526170611382,111.579971313477
Inner Mongolia,2621,0.727016639709473,215,110.162269592285,1021,0.025231014378407,0.0182168161740964,0.0107402151845823,0.0422685521945524,0.167526170611382,111.579971313477
Inner Mongolia,2622,0.709966659545898,260,109.11400604248,1031,0.025231014378407,0.0182168161740964,0.0107402151845823,0.0422685521945524,0.167526170611382,111.579971313477
Inner Mongolia,2623,0.688749980926514,297,107.254089355469,1062,0.025231014378407,0.0182168161740964,0.0107402151845823,0.0422685521945524,0.167526170611382,111.579971313477
Inner Mongolia,2624,0.496916675567627,321,112.266464233398,1379,0.025231014378407,0.0182168161740964,0.0107402151845823,0.0422685521945524,0.167526170611382,111.579971313477
Inner Mongolia,2625,0.599616670608521,302,111.202766418457,989,0.025231014378407,0.0182168161740964,0.0107402151845823,0.0422685521945524,0.167526170611382,111.579971313477
Inner Mongolia,2626,0.623699998855591,317,109.23950958252,1024,0.025231014378407,0.0182168161740964,0.0107402151845823,0.0422685521945524,0.167526170611382,111.579971313477
Inner Mongolia,2627,0.286883330345154,364,110.960510253906,1681,0.025231014378407,0.0182168161740964,0.0107402151845823,0.0422685521945524,0.167526170611382,111.579971313477
Inner Mongolia,2628,0.516300010681152,361,106.995704650879,1292,0.025231014378407,0.0182168161740964,0.0107402151845823,0.0422685521945524,0.167526170611382,111.579971313477
Inner Mongolia,2629,0.484100008010864,360,102.665267944336,1363,0.025231014378407,0.0182168161740964,0.0107402151845823,0.0422685521945524,0.167526170611382,111.579971313477
Inner Mongolia,2682,0.764750003814697,68,85.4134292602539,1328,0.025231014378407,0.0182168161740964,0.0107402151845823,0.0422685521945524,0.167526170611382,111.579971313477
Inner Mongolia,2683,0.694799995422363,81,93.5534439086914,1505,0.025231014378407,0.0182168161740964,0.0107402151845823,0.0422685521945524,0.167526170611382,111.579971313477
Inner Mongolia,2684,0.790966653823853,73,95.458366394043,1311,0.025231014378407,0.0182168161740964,0.0107402151845823,0.0422685521945524,0.167526170611382,111.579971313477
Inner Mongolia,2685,0.840733337402344,62,91.9496841430664,1166,0.025231014378407,0.0182168161740964,0.0107402151845823,0.0422685521945524,0.167526170611382,111.579971313477
Inner Mongolia,2686,0.917049980163574,47,97.9111175537109,1031,0.025231014378407,0.0182168161740964,0.0107402151845823,0.0422685521945524,0.167526170611382,111.579971313477
Inner Mongolia,2687,0.983883380889893,43,90.4185104370117,985,0.025231014378407,0.0182168161740964,0.0107402151845823,0.0422685521945524,0.167526170611382,111.579971313477
Inner Mongolia,2688,0.933500003814697,46,96.9762268066406,1139,0.025231014378407,0.0182168161740964,0.0107402151845823,0.0422685521945524,0.167526170611382,111.579971313477
Inner Mongolia,2689,0.922516632080078,52,95.0478363037109,1183,0.025231014378407,0.0182168161740964,0.0107402151845823,0.0422685521945524,0.167526170611382,111.579971313477
Inner Mongolia,2690,0.855633354187012,63,103.719902038574,1253,0.025231014378407,0.0182168161740964,0.0107402151845823,0.0422685521945524,0.167526170611382,111.579971313477
Inner Mongolia,2691,0.873750019073486,66,107.89192199707,1148,0.025231014378407,0.0182168161740964,0.0107402151845823,0.0422685521945524,0.167526170611382,111.579971313477
Inner Mongolia,2692,0.90625,75,93.9414291381836,952,0.025231014378407,0.0182168161740964,0.0107402151845823,0.0422685521945524,0.167526170611382,111.579971313477
Inner Mongolia,2693,0.84689998626709,77,114.618759155273,1150,0.025231014378407,0.0182168161740964,0.0107402151845823,0.0422685521945524,0.167526170611382,111.579971313477
Inner Mongolia,2694,0.830099964141846,93,93.372200012207,1037,0.025231014378407,0.0182168161740964,0.0107402151845823,0.0422685521945524,0.167526170611382,111.579971313477
Inner Mongolia,2695,0.612966680526733,114,97.9273986816406,1458,0.025231014378407,0.0182168161740964,0.0107402151845823,0.0422685521945524,0.167526170611382,111.579971313477
Inner Mongolia,2696,0.235000014305115,174,103.170806884766,2150,0.025231014378407,0.0182168161740964,0.0107402151845823,0.0422685521945524,0.167526170611382,111.579971313477
Inner Mongolia,2697,0.764949989318848,135,105.986785888672,1030,0.025231014378407,0.0182168161740964,0.0107402151845823,0.0422685521945524,0.167526170611382,111.579971313477
Inner Mongolia,2698,0.716816663742065,168,107.571914672852,1027,0.025231014378407,0.0182168161740964,0.0107402151845823,0.0422685521945524,0.167526170611382,111.579971313477
Inner Mongolia,2699,0.68488335609436,197,112.097709655762,1021,0.025231014378407,0.0182168161740964,0.0107402151845823,0.0422685521945524,0.167526170611382,111.579971313477
Inner Mongolia,2700,0.611033344268799,241,111.665626525879,1222,0.025231014378407,0.0182168161740964,0.0107402151845823,0.0422685521945524,0.167526170611382,111.579971313477
Inner Mongolia,2701,0.431150007247925,306,104.458984375,1539,0.025231014378407,0.0182168161740964,0.0107402151845823,0.0422685521945524,0.167526170611382,111.579971313477
Inner Mongolia,2702,0.262916660308838,323,106.21208190918,1785,0.025231014378407,0.0182168161740964,0.0107402151845823,0.0422685521945524,0.167526170611382,111.579971313477
Inner Mongolia,2703,0.182683324813843,324,110.331344604492,1980,0.025231014378407,0.0182168161740964,0.0107402151845823,0.0422685521945524,0.167526170611382,111.579971313477
Inner Mongolia,2704,0.258800005912781,305,113.592864990234,1764,0.025231014378407,0.0182168161740964,0.0107402151845823,0.0422685521945524,0.167526170611382,111.579971313477
Inner Mongolia,2705,0.426233339309692,291,116.706520080566,1371,0.025231014378407,0.0182168161740964,0.0107402151845823,0.0422685521945524,0.167526170611382,111.579971313477
Inner Mongolia,2706,0.374749994277954,353,109.708648681641,1542,0.025231014378407,0.0182168161740964,0.0107402151845823,0.0422685521945524,0.167526170611382,111.579971313477
Inner Mongolia,2707,0.498849964141846,350,103.550064086914,1341,0.025231014378407,0.0182168161740964,0.0107402151845823,0.0422685521945524,0.167526170611382,111.579971313477
Inner Mongolia,2708,0.56375002861023,341,101.791816711426,1226,0.025231014378407,0.0182168161740964,0.0107402151845823,0.0422685521945524,0.167526170611382,111.579971313477
Inner Mongolia,2762,0.653699970245361,71,85.967658996582,1546,0.025231014378407,0.0182168161740964,0.0107402151845823,0.0422685521945524,0.167526170611382,111.579971313477
Inner Mongolia,2763,0.733716678619385,63,92.3235397338867,1374,0.025231014378407,0.0182168161740964,0.0107402151845823,0.0422685521945524,0.167526170611382,111.579971313477
Inner Mongolia,2764,0.765883350372315,60,88.4775848388672,1148,0.025231014378407,0.0182168161740964,0.0107402151845823,0.0422685521945524,0.167526170611382,111.579971313477
Inner Mongolia,2765,0.817599964141846,56,93.4804611206055,1092,0.025231014378407,0.0182168161740964,0.0107402151845823,0.0422685521945524,0.167526170611382,111.579971313477
Inner Mongolia,2766,0.845633316040039,44,101.061157226563,1010,0.025231014378407,0.0182168161740964,0.0107402151845823,0.0422685521945524,0.167526170611382,111.579971313477
Inner Mongolia,2767,0.898149967193604,40,96.579475402832,994,0.025231014378407,0.0182168161740964,0.0107402151845823,0.0422685521945524,0.167526170611382,111.579971313477
Inner Mongolia,2768,0.954250049591064,41,79.2942733764649,930,0.025231014378407,0.0182168161740964,0.0107402151845823,0.0422685521945524,0.167526170611382,111.579971313477
Inner Mongolia,2769,0.986483287811279,36,92.3186187744141,928,0.025231014378407,0.0182168161740964,0.0107402151845823,0.0422685521945524,0.167526170611382,111.579971313477
Inner Mongolia,2770,0.912833309173584,40,100.509727478027,971,0.025231014378407,0.0182168161740964,0.0107402151845823,0.0422685521945524,0.167526170611382,111.579971313477
Inner Mongolia,2771,0.898900032043457,52,96.7144927978516,965,0.025231014378407,0.0182168161740964,0.0107402151845823,0.0422685521945524,0.167526170611382,111.579971313477
Inner Mongolia,2772,0.88439998626709,58,103.848037719727,957,0.025231014378407,0.0182168161740964,0.0107402151845823,0.0422685521945524,0.167526170611382,111.579971313477
Inner Mongolia,2773,0.931949996948242,61,108.238883972168,841,0.025231014378407,0.0182168161740964,0.0107402151845823,0.0422685521945524,0.167526170611382,111.579971313477
Inner Mongolia,2774,0.806099987030029,81,105.850074768066,1010,0.025231014378407,0.0182168161740964,0.0107402151845823,0.0422685521945524,0.167526170611382,111.579971313477
Inner Mongolia,2775,0.690866661071777,103,94.5389785766602,1202,0.025231014378407,0.0182168161740964,0.0107402151845823,0.0422685521945524,0.167526170611382,111.579971313477
Inner Mongolia,2776,0.539599990844727,129,96.7729034423828,1507,0.025231014378407,0.0182168161740964,0.0107402151845823,0.0422685521945524,0.167526170611382,111.579971313477
Inner Mongolia,2777,0.419649982452393,171,97.9075469970703,1733,0.025231014378407,0.0182168161740964,0.0107402151845823,0.0422685521945524,0.167526170611382,111.579971313477
Inner Mongolia,2778,0.447749996185303,185,109.535659790039,1673,0.025231014378407,0.0182168161740964,0.0107402151845823,0.0422685521945524,0.167526170611382,111.579971313477
Inner Mongolia,2779,0.530599975585938,214,108.813247680664,1371,0.025231014378407,0.0182168161740964,0.0107402151845823,0.0422685521945524,0.167526170611382,111.579971313477
Inner Mongolia,2780,0.376066660881043,260,102.318588256836,1569,0.025231014378407,0.0182168161740964,0.0107402151845823,0.0422685521945524,0.167526170611382,111.579971313477
Inner Mongolia,2781,0.393716669082642,278,104.023475646973,1563,0.025231014378407,0.0182168161740964,0.0107402151845823,0.0422685521945524,0.167526170611382,111.579971313477
Inner Mongolia,2782,0.410666656494141,286,106.191535949707,1471,0.025231014378407,0.0182168161740964,0.0107402151845823,0.0422685521945524,0.167526170611382,111.579971313477
Inner Mongolia,2783,0.295516657829285,258,113.065635681152,1648,0.025231014378407,0.0182168161740964,0.0107402151845823,0.0422685521945524,0.167526170611382,111.579971313477
Inner Mongolia,2784,0.315899991989136,246,118.05827331543,1575,0.025231014378407,0.0182168161740964,0.0107402151845823,0.0422685521945524,0.167526170611382,111.579971313477
Inner Mongolia,2785,0.291533350944519,303,108.71411895752,1679,0.025231014378407,0.0182168161740964,0.0107402151845823,0.0422685521945524,0.167526170611382,111.579971313477
Inner Mongolia,2786,0.280533337593079,318,110.606552124023,1711,0.025231014378407,0.0182168161740964,0.0107402151845823,0.0422685521945524,0.167526170611382,111.579971313477
Inner Mongolia,2787,0.424916648864746,326,105.566932678223,1436,0.025231014378407,0.0182168161740964,0.0107402151845823,0.0422685521945524,0.167526170611382,111.579971313477
Inner Mongolia,2844,0.551999998092651,71,95.9931793212891,1597,0.025231014378407,0.0182168161740964,0.0107402151845823,0.0422685521945524,0.167526170611382,111.579971313477
Inner Mongolia,2845,0.664916658401489,61,96.2242889404297,1322,0.025231014378407,0.0182168161740964,0.0107402151845823,0.0422685521945524,0.167526170611382,111.579971313477
Inner Mongolia,2846,0.820583343505859,45,103.185234069824,992,0.025231014378407,0.0182168161740964,0.0107402151845823,0.0422685521945524,0.167526170611382,111.579971313477
Inner Mongolia,2847,0.835133361816406,42,100.503784179688,958,0.025231014378407,0.0182168161740964,0.0107402151845823,0.0422685521945524,0.167526170611382,111.579971313477
Inner Mongolia,2848,0.869116687774658,39,91.4735565185547,952,0.025231014378407,0.0182168161740964,0.0107402151845823,0.0422685521945524,0.167526170611382,111.579971313477
Inner Mongolia,2849,0.919016647338867,34,94.27685546875,930,0.025231014378407,0.0182168161740964,0.0107402151845823,0.0422685521945524,0.167526170611382,111.579971313477
Inner Mongolia,2850,0.877816677093506,39,101.390151977539,990,0.025231014378407,0.0182168161740964,0.0107402151845823,0.0422685521945524,0.167526170611382,111.579971313477
Inner Mongolia,2851,0.821866703033447,50,104.010940551758,1165,0.025231014378407,0.0182168161740964,0.0107402151845823,0.0422685521945524,0.167526170611382,111.579971313477
Inner Mongolia,2852,0.825483322143555,88,98.6011276245117,899,0.025231014378407,0.0182168161740964,0.0107402151845823,0.0422685521945524,0.167526170611382,111.579971313477
Inner Mongolia,2853,0.740516662597656,114,88.8321838378906,1028,0.025231014378407,0.0182168161740964,0.0107402151845823,0.0422685521945524,0.167526170611382,111.579971313477
Inner Mongolia,2854,0.581333351135254,140,97.816764831543,1335,0.025231014378407,0.0182168161740964,0.0107402151845823,0.0422685521945524,0.167526170611382,111.579971313477
Inner Mongolia,2855,0.556400012969971,163,100.925582885742,1318,0.025231014378407,0.0182168161740964,0.0107402151845823,0.0422685521945524,0.167526170611382,111.579971313477
Inner Mongolia,2856,0.485033321380615,206,93.7936019897461,1368,0.025231014378407,0.0182168161740964,0.0107402151845823,0.0422685521945524,0.167526170611382,111.579971313477
Inner Mongolia,2857,0.447650003433228,217,101.84285736084,1443,0.025231014378407,0.0182168161740964,0.0107402151845823,0.0422685521945524,0.167526170611382,111.579971313477
Inner Mongolia,2858,0.466266679763794,216,110.788024902344,1445,0.025231014378407,0.0182168161740964,0.0107402151845823,0.0422685521945524,0.167526170611382,111.579971313477
Inner Mongolia,2859,0.50683331489563,236,107.492904663086,1276,0.025231014378407,0.0182168161740964,0.0107402151845823,0.0422685521945524,0.167526170611382,111.579971313477
Inner Mongolia,2860,0.411100006103516,239,105.66136932373,1346,0.025231014378407,0.0182168161740964,0.0107402151845823,0.0422685521945524,0.167526170611382,111.579971313477
Inner Mongolia,2861,0.339066648483276,208,118.966247558594,1442,0.025231014378407,0.0182168161740964,0.0107402151845823,0.0422685521945524,0.167526170611382,111.579971313477
Inner Mongolia,2862,0.285033345222473,258,110.186050415039,1621,0.025231014378407,0.0182168161740964,0.0107402151845823,0.0422685521945524,0.167526170611382,111.579971313477
Inner Mongolia,2863,0.380249977111816,260,112.263168334961,1435,0.025231014378407,0.0182168161740964,0.0107402151845823,0.0422685521945524,0.167526170611382,111.579971313477
Inner Mongolia,2864,0.305599999427795,318,104.019882202148,1563,0.025231014378407,0.0182168161740964,0.0107402151845823,0.0422685521945524,0.167526170611382,111.579971313477
Inner Mongolia,2865,0.379500007629395,325,103.842460632324,1387,0.025231014378407,0.0182168161740964,0.0107402151845823,0.0422685521945524,0.167526170611382,111.579971313477
Inner Mongolia,2872,0.524916648864746,493,117.353240966797,1086,0.025231014378407,0.0182168161740964,0.0107402151845823,0.0422685521945524,0.167526170611382,111.579971313477
Inner Mongolia,2873,0.696716642379761,478,118.386795043945,822,0.025231014378407,0.0182168161740964,0.0107402151845823,0.0422685521945524,0.167526170611382,111.579971313477
Inner Mongolia,2924,0.550933313369751,61,100.958404541016,1479,0.025231014378407,0.0182168161740964,0.0107402151845823,0.0422685521945524,0.167526170611382,111.579971313477
Inner Mongolia,2925,0.621500015258789,53,108.639190673828,1357,0.025231014378407,0.0182168161740964,0.0107402151845823,0.0422685521945524,0.167526170611382,111.579971313477
Inner Mongolia,2926,0.70939998626709,48,106.17310333252,1104,0.025231014378407,0.0182168161740964,0.0107402151845823,0.0422685521945524,0.167526170611382,111.579971313477
Inner Mongolia,2927,0.794783353805542,41,106.836143493652,929,0.025231014378407,0.0182168161740964,0.0107402151845823,0.0422685521945524,0.167526170611382,111.579971313477
Inner Mongolia,2928,0.766966676712036,42,111.916275024414,1017,0.025231014378407,0.0182168161740964,0.0107402151845823,0.0422685521945524,0.167526170611382,111.579971313477
Inner Mongolia,2929,0.822016620635986,52,81.2718505859375,894,0.025231014378407,0.0182168161740964,0.0107402151845823,0.0422685521945524,0.167526170611382,111.579971313477
Inner Mongolia,2930,0.86458330154419,40,105.216293334961,959,0.025231014378407,0.0182168161740964,0.0107402151845823,0.0422685521945524,0.167526170611382,111.579971313477
Inner Mongolia,2931,0.530649995803833,160,113.254531860352,1221,0.025231014378407,0.0182168161740964,0.0107402151845823,0.0422685521945524,0.167526170611382,111.579971313477
Inner Mongolia,2932,0.572166681289673,166,113.750328063965,1136,0.025231014378407,0.0182168161740964,0.0107402151845823,0.0422685521945524,0.167526170611382,111.579971313477
Inner Mongolia,2933,0.557866668701172,178,110.672492980957,1113,0.025231014378407,0.0182168161740964,0.0107402151845823,0.0422685521945524,0.167526170611382,111.579971313477
Inner Mongolia,2934,0.506916666030884,202,101.972389221191,1119,0.025231014378407,0.0182168161740964,0.0107402151845823,0.0422685521945524,0.167526170611382,111.579971313477
Inner Mongolia,2935,0.396350002288818,193,115.289070129395,1284,0.025231014378407,0.0182168161740964,0.0107402151845823,0.0422685521945524,0.167526170611382,111.579971313477
Inner Mongolia,2936,0.459033346176148,210,112.029609680176,1238,0.025231014378407,0.0182168161740964,0.0107402151845823,0.0422685521945524,0.167526170611382,111.579971313477
Inner Mongolia,2937,0.445699977874756,256,103.088264465332,1299,0.025231014378407,0.0182168161740964,0.0107402151845823,0.0422685521945524,0.167526170611382,111.579971313477
Inner Mongolia,2938,0.382216668128967,260,110.339561462402,1346,0.025231014378407,0.0182168161740964,0.0107402151845823,0.0422685521945524,0.167526170611382,111.579971313477
Inner Mongolia,2939,0.309383344650269,301,105.862396240234,1448,0.025231014378407,0.0182168161740964,0.0107402151845823,0.0422685521945524,0.167526170611382,111.579971313477
Inner Mongolia,2940,0.38953332901001,316,104.826469421387,1294,0.025231014378407,0.0182168161740964,0.0107402151845823,0.0422685521945524,0.167526170611382,111.579971313477
Inner Mongolia,2941,0.307933330535889,370,102.694023132324,1401,0.025231014378407,0.0182168161740964,0.0107402151845823,0.0422685521945524,0.167526170611382,111.579971313477
Inner Mongolia,2942,0.227683329582214,385,107.953674316406,1463,0.025231014378407,0.0182168161740964,0.0107402151845823,0.0422685521945524,0.167526170611382,111.579971313477
Inner Mongolia,2943,0.306699967384338,410,111.839942932129,1290,0.025231014378407,0.0182168161740964,0.0107402151845823,0.0422685521945524,0.167526170611382,111.579971313477
Inner Mongolia,2946,0.535833358764648,451,114.634178161621,1127,0.025231014378407,0.0182168161740964,0.0107402151845823,0.0422685521945524,0.167526170611382,111.579971313477
Inner Mongolia,2947,0.756166648864746,424,115.640007019043,655,0.025231014378407,0.0182168161740964,0.0107402151845823,0.0422685521945524,0.167526170611382,111.579971313477
Inner Mongolia,2999,0.56729998588562,144,118.262481689453,1039,0.025231014378407,0.0182168161740964,0.0107402151845823,0.0422685521945524,0.167526170611382,111.579971313477
Inner Mongolia,3000,0.542400026321411,157,112.980712890625,961,0.025231014378407,0.0182168161740964,0.0107402151845823,0.0422685521945524,0.167526170611382,111.579971313477
Inner Mongolia,3001,0.441100025177002,181,108.681709289551,1119,0.025231014378407,0.0182168161740964,0.0107402151845823,0.0422685521945524,0.167526170611382,111.579971313477
Inner Mongolia,3002,0.493883323669434,191,111.462341308594,1089,0.025231014378407,0.0182168161740964,0.0107402151845823,0.0422685521945524,0.167526170611382,111.579971313477
Inner Mongolia,3003,0.559600019454956,197,113.743202209473,990,0.025231014378407,0.0182168161740964,0.0107402151845823,0.0422685521945524,0.167526170611382,111.579971313477
Inner Mongolia,3004,0.470099973678589,237,111.311454772949,1094,0.025231014378407,0.0182168161740964,0.0107402151845823,0.0422685521945524,0.167526170611382,111.579971313477
Inner Mongolia,3005,0.437750005722046,276,104.913986206055,1122,0.025231014378407,0.0182168161740964,0.0107402151845823,0.0422685521945524,0.167526170611382,111.579971313477
Inner Mongolia,3006,0.37153332233429,288,107.574920654297,1179,0.025231014378407,0.0182168161740964,0.0107402151845823,0.0422685521945524,0.167526170611382,111.579971313477
Inner Mongolia,3007,0.301016664505005,327,105.215385437012,1213,0.025231014378407,0.0182168161740964,0.0107402151845823,0.0422685521945524,0.167526170611382,111.579971313477
Inner Mongolia,3008,0.178266656398773,356,110.82014465332,1444,0.025231014378407,0.0182168161740964,0.0107402151845823,0.0422685521945524,0.167526170611382,111.579971313477
Inner Mongolia,3009,0.167233335971832,389,110.935905456543,1380,0.025231014378407,0.0182168161740964,0.0107402151845823,0.0422685521945524,0.167526170611382,111.579971313477
Inner Mongolia,3012,0.666966676712036,392,114.152565002441,839,0.025231014378407,0.0182168161740964,0.0107402151845823,0.0422685521945524,0.167526170611382,111.579971313477
Inner Mongolia,3013,0.741550016403198,387,112.524658203125,620,0.025231014378407,0.0182168161740964,0.0107402151845823,0.0422685521945524,0.167526170611382,111.579971313477
Inner Mongolia,3015,0.675466680526733,464,118.027320861816,592,0.025231014378407,0.0182168161740964,0.0107402151845823,0.0422685521945524,0.167526170611382,111.579971313477
Inner Mongolia,3063,0.389816665649414,164,103.252876281738,1163,0.025231014378407,0.0182168161740964,0.0107402151845823,0.0422685521945524,0.167526170611382,111.579971313477
Inner Mongolia,3064,0.434716653823853,170,110.680473327637,1053,0.025231014378407,0.0182168161740964,0.0107402151845823,0.0422685521945524,0.167526170611382,111.579971313477
Inner Mongolia,3065,0.407866668701172,189,109.852073669434,1078,0.025231014378407,0.0182168161740964,0.0107402151845823,0.0422685521945524,0.167526170611382,111.579971313477
Inner Mongolia,3066,0.487800025939941,199,110.424415588379,1009,0.025231014378407,0.0182168161740964,0.0107402151845823,0.0422685521945524,0.167526170611382,111.579971313477
Inner Mongolia,3067,0.453833341598511,238,104.399787902832,1028,0.025231014378407,0.0182168161740964,0.0107402151845823,0.0422685521945524,0.167526170611382,111.579971313477
Inner Mongolia,3068,0.396616649627686,285,99.3154449462891,1103,0.025231014378407,0.0182168161740964,0.0107402151845823,0.0422685521945524,0.167526170611382,111.579971313477
Inner Mongolia,3069,0.307716655731201,316,98.19775390625,1178,0.025231014378407,0.0182168161740964,0.0107402151845823,0.0422685521945524,0.167526170611382,111.579971313477
Inner Mongolia,3070,0.222916674613953,300,109.475738525391,1258,0.025231014378407,0.0182168161740964,0.0107402151845823,0.0422685521945524,0.167526170611382,111.579971313477
Inner Mongolia,3071,0.165933322906494,332,112.026901245117,1320,0.025231014378407,0.0182168161740964,0.0107402151845823,0.0422685521945524,0.167526170611382,111.579971313477
Inner Mongolia,3072,0.177866661548615,366,110.970848083496,1334,0.025231014378407,0.0182168161740964,0.0107402151845823,0.0422685521945524,0.167526170611382,111.579971313477
Inner Mongolia,3073,0.0756333410739899,421,108.836074829102,1582,0.025231014378407,0.0182168161740964,0.0107402151845823,0.0422685521945524,0.167526170611382,111.579971313477
Inner Mongolia,3074,0.223166680335999,445,109.660102844238,1549,0.025231014378407,0.0182168161740964,0.0107402151845823,0.0422685521945524,0.167526170611382,111.579971313477
Inner Mongolia,3075,0.554633331298828,397,112.688499450684,963,0.025231014378407,0.0182168161740964,0.0107402151845823,0.0422685521945524,0.167526170611382,111.579971313477
Inner Mongolia,3076,0.739699983596802,386,112.731956481934,590,0.025231014378407,0.0182168161740964,0.0107402151845823,0.0422685521945524,0.167526170611382,111.579971313477
Inner Mongolia,3077,0.718666648864746,419,114.307106018066,513,0.025231014378407,0.0182168161740964,0.0107402151845823,0.0422685521945524,0.167526170611382,111.579971313477
Inner Mongolia,3078,0.729783344268799,439,116.209411621094,421,0.025231014378407,0.0182168161740964,0.0107402151845823,0.0422685521945524,0.167526170611382,111.579971313477
Inner Mongolia,3079,0.655949974060059,478,115.496109008789,555,0.025231014378407,0.0182168161740964,0.0107402151845823,0.0422685521945524,0.167526170611382,111.579971313477
Inner Mongolia,3121,0.400816679000855,161,108.892227172852,964,0.025231014378407,0.0182168161740964,0.0107402151845823,0.0422685521945524,0.167526170611382,111.579971313477
Inner Mongolia,3122,0.412066650390625,181,110.573127746582,931,0.025231014378407,0.0182168161740964,0.0107402151845823,0.0422685521945524,0.167526170611382,111.579971313477
Inner Mongolia,3123,0.359783339500427,193,114.066719055176,1034,0.025231014378407,0.0182168161740964,0.0107402151845823,0.0422685521945524,0.167526170611382,111.579971313477
Inner Mongolia,3124,0.319216680526733,218,111.697677612305,1132,0.025231014378407,0.0182168161740964,0.0107402151845823,0.0422685521945524,0.167526170611382,111.579971313477
Inner Mongolia,3125,0.297250008583069,235,112.486511230469,1167,0.025231014378407,0.0182168161740964,0.0107402151845823,0.0422685521945524,0.167526170611382,111.579971313477
Inner Mongolia,3126,0.287533330917358,247,110.888626098633,1020,0.025231014378407,0.0182168161740964,0.0107402151845823,0.0422685521945524,0.167526170611382,111.579971313477
Inner Mongolia,3127,0.175716662406921,282,111.637756347656,1234,0.025231014378407,0.0182168161740964,0.0107402151845823,0.0422685521945524,0.167526170611382,111.579971313477
Inner Mongolia,3128,0.0639666736125946,324,112.5888671875,1455,0.025231014378407,0.0182168161740964,0.0107402151845823,0.0422685521945524,0.167526170611382,111.579971313477
Inner Mongolia,3129,0.16493331193924,339,112.401802062988,1242,0.025231014378407,0.0182168161740964,0.0107402151845823,0.0422685521945524,0.167526170611382,111.579971313477
Inner Mongolia,3130,0.31784999370575,361,115.047058105469,1138,0.025231014378407,0.0182168161740964,0.0107402151845823,0.0422685521945524,0.167526170611382,111.579971313477
Inner Mongolia,3131,0.540399980545044,374,113.66072845459,810,0.025231014378407,0.0182168161740964,0.0107402151845823,0.0422685521945524,0.167526170611382,111.579971313477
Inner Mongolia,3132,0.64326663017273,368,114.418151855469,651,0.025231014378407,0.0182168161740964,0.0107402151845823,0.0422685521945524,0.167526170611382,111.579971313477
Inner Mongolia,3133,0.657049989700317,393,107.405784606934,552,0.025231014378407,0.0182168161740964,0.0107402151845823,0.0422685521945524,0.167526170611382,111.579971313477
Inner Mongolia,3134,0.711566686630249,401,114.227592468262,417,0.025231014378407,0.0182168161740964,0.0107402151845823,0.0422685521945524,0.167526170611382,111.579971313477
Inner Mongolia,3135,0.71933331489563,454,110.174728393555,359,0.025231014378407,0.0182168161740964,0.0107402151845823,0.0422685521945524,0.167526170611382,111.579971313477
Inner Mongolia,3136,0.701616668701172,472,110.259437561035,334,0.025231014378407,0.0182168161740964,0.0107402151845823,0.0422685521945524,0.167526170611382,111.579971313477
Inner Mongolia,3137,0.713000011444092,484,109.877235412598,268,0.025231014378407,0.0182168161740964,0.0107402151845823,0.0422685521945524,0.167526170611382,111.579971313477
Inner Mongolia,3138,0.686016654968262,520,107.8955078125,247,0.025231014378407,0.0182168161740964,0.0107402151845823,0.0422685521945524,0.167526170611382,111.579971313477
Inner Mongolia,3174,0.310600018501282,155,113.592384338379,1027,0.025231014378407,0.0182168161740964,0.0107402151845823,0.0422685521945524,0.167526170611382,111.579971313477
Inner Mongolia,3175,0.296583318710327,179,114.208587646484,1088,0.025231014378407,0.0182168161740964,0.0107402151845823,0.0422685521945524,0.167526170611382,111.579971313477
Inner Mongolia,3176,0.327466654777527,192,114.366012573242,958,0.025231014378407,0.0182168161740964,0.0107402151845823,0.0422685521945524,0.167526170611382,111.579971313477
Inner Mongolia,3177,0.27024998664856,207,116.427368164063,1065,0.025231014378407,0.0182168161740964,0.0107402151845823,0.0422685521945524,0.167526170611382,111.579971313477
Inner Mongolia,3178,0.248466658592224,215,119.243156433105,1037,0.025231014378407,0.0182168161740964,0.0107402151845823,0.0422685521945524,0.167526170611382,111.579971313477
Inner Mongolia,3179,0.134500002861023,241,115.889778137207,1247,0.025231014378407,0.0182168161740964,0.0107402151845823,0.0422685521945524,0.167526170611382,111.579971313477
Inner Mongolia,3180,0.189916670322418,259,116.582443237305,1165,0.025231014378407,0.0182168161740964,0.0107402151845823,0.0422685521945524,0.167526170611382,111.579971313477
Inner Mongolia,3181,0.214249992370605,288,113.137084960938,1120,0.025231014378407,0.0182168161740964,0.0107402151845823,0.0422685521945524,0.167526170611382,111.579971313477
Inner Mongolia,3182,0.0807333290576935,336,112.258102416992,1333,0.025231014378407,0.0182168161740964,0.0107402151845823,0.0422685521945524,0.167526170611382,111.579971313477
Inner Mongolia,3183,-0.00579999871551991,400,108.400848388672,1623,0.025231014378407,0.0182168161740964,0.0107402151845823,0.0422685521945524,0.167526170611382,111.579971313477
Inner Mongolia,3184,0.493066692352295,363,118.034820556641,850,0.025231014378407,0.0182168161740964,0.0107402151845823,0.0422685521945524,0.167526170611382,111.579971313477
Inner Mongolia,3185,0.554733324050903,368,118.665458679199,674,0.025231014378407,0.0182168161740964,0.0107402151845823,0.0422685521945524,0.167526170611382,111.579971313477
Inner Mongolia,3186,0.666099977493286,380,120.911026000977,492,0.025231014378407,0.0182168161740964,0.0107402151845823,0.0422685521945524,0.167526170611382,111.579971313477
Inner Mongolia,3187,0.678716659545898,400,115.35620880127,370,0.025231014378407,0.0182168161740964,0.0107402151845823,0.0422685521945524,0.167526170611382,111.579971313477
Inner Mongolia,3188,0.693316650390625,398,117.761833190918,298,0.025231014378407,0.0182168161740964,0.0107402151845823,0.0422685521945524,0.167526170611382,111.579971313477
Inner Mongolia,3189,0.702533340454102,433,114.883758544922,259,0.025231014378407,0.0182168161740964,0.0107402151845823,0.0422685521945524,0.167526170611382,111.579971313477
Inner Mongolia,3190,0.703499984741211,463,112.792465209961,218,0.025231014378407,0.0182168161740964,0.0107402151845823,0.0422685521945524,0.167526170611382,111.579971313477
Inner Mongolia,3191,0.694049978256226,501,109.43189239502,217,0.025231014378407,0.0182168161740964,0.0107402151845823,0.0422685521945524,0.167526170611382,111.579971313477
Inner Mongolia,3192,0.721383333206177,516,111.213844299316,159,0.025231014378407,0.0182168161740964,0.0107402151845823,0.0422685521945524,0.167526170611382,111.579971313477
Inner Mongolia,3225,0.233566665649414,165,114.33056640625,1134,0.025231014378407,0.0182168161740964,0.0107402151845823,0.0422685521945524,0.167526170611382,111.579971313477
Inner Mongolia,3226,0.181583321094513,197,110.264739990234,1221,0.025231014378407,0.0182168161740964,0.0107402151845823,0.0422685521945524,0.167526170611382,111.579971313477
Inner Mongolia,3227,0.137733328342438,212,113.074447631836,1306,0.025231014378407,0.0182168161740964,0.0107402151845823,0.0422685521945524,0.167526170611382,111.579971313477
Inner Mongolia,3228,0.147283327579498,222,117.155540466309,1251,0.025231014378407,0.0182168161740964,0.0107402151845823,0.0422685521945524,0.167526170611382,111.579971313477
Inner Mongolia,3229,0.146583330631256,231,113.397109985352,1070,0.025231014378407,0.0182168161740964,0.0107402151845823,0.0422685521945524,0.167526170611382,111.579971313477
Inner Mongolia,3230,0.0670499920845032,240,115.416481018066,1259,0.025231014378407,0.0182168161740964,0.0107402151845823,0.0422685521945524,0.167526170611382,111.579971313477
Inner Mongolia,3231,0.209850001335144,254,112.967720031738,1118,0.025231014378407,0.0182168161740964,0.0107402151845823,0.0422685521945524,0.167526170611382,111.579971313477
Inner Mongolia,3232,0.172866666316986,271,114.601196289063,1065,0.025231014378407,0.0182168161740964,0.0107402151845823,0.0422685521945524,0.167526170611382,111.579971313477
Inner Mongolia,3233,0.0791166603565216,314,112.121269226074,1281,0.025231014378407,0.0182168161740964,0.0107402151845823,0.0422685521945524,0.167526170611382,111.579971313477
Inner Mongolia,3234,0.158399999141693,350,110.530883789063,1219,0.025231014378407,0.0182168161740964,0.0107402151845823,0.0422685521945524,0.167526170611382,111.579971313477
Inner Mongolia,3235,0.308550000190735,362,115.991806030273,998,0.025231014378407,0.0182168161740964,0.0107402151845823,0.0422685521945524,0.167526170611382,111.579971313477
Inner Mongolia,3236,0.247583317756653,398,119.507942199707,1212,0.025231014378407,0.0182168161740964,0.0107402151845823,0.0422685521945524,0.167526170611382,111.579971313477
Inner Mongolia,3237,0.55053334236145,387,122.220664978027,561,0.025231014378407,0.0182168161740964,0.0107402151845823,0.0422685521945524,0.167526170611382,111.579971313477
Inner Mongolia,3238,0.644533348083496,388,123.344306945801,422,0.025231014378407,0.0182168161740964,0.0107402151845823,0.0422685521945524,0.167526170611382,111.579971313477
Inner Mongolia,3239,0.694199991226196,427,113.164360046387,285,0.025231014378407,0.0182168161740964,0.0107402151845823,0.0422685521945524,0.167526170611382,111.579971313477
Inner Mongolia,3240,0.698216676712036,403,119.949844360352,226,0.025231014378407,0.0182168161740964,0.0107402151845823,0.0422685521945524,0.167526170611382,111.579971313477
Inner Mongolia,3241,0.692983341217041,424,118.928115844727,191,0.025231014378407,0.0182168161740964,0.0107402151845823,0.0422685521945524,0.167526170611382,111.579971313477
Inner Mongolia,3242,0.692500019073486,460,116.83521270752,169,0.025231014378407,0.0182168161740964,0.0107402151845823,0.0422685521945524,0.167526170611382,111.579971313477
Inner Mongolia,3243,0.709983348846436,482,114.897560119629,147,0.025231014378407,0.0182168161740964,0.0107402151845823,0.0422685521945524,0.167526170611382,111.579971313477
Inner Mongolia,3276,0.191683340072632,172,115.308708190918,1087,0.025231014378407,0.0182168161740964,0.0107402151845823,0.0422685521945524,0.167526170611382,111.579971313477
Inner Mongolia,3277,0.00261666178703308,231,116.101905822754,1389,0.025231014378407,0.0182168161740964,0.0107402151845823,0.0422685521945524,0.167526170611382,111.579971313477
Inner Mongolia,3278,0.0100000128149986,243,115.149971008301,1368,0.025231014378407,0.0182168161740964,0.0107402151845823,0.0422685521945524,0.167526170611382,111.579971313477
Inner Mongolia,3279,0.118166661262512,237,112.912261962891,1130,0.025231014378407,0.0182168161740964,0.0107402151845823,0.0422685521945524,0.167526170611382,111.579971313477
Inner Mongolia,3280,0.202383327484131,242,111.487930297852,959,0.025231014378407,0.0182168161740964,0.0107402151845823,0.0422685521945524,0.167526170611382,111.579971313477
Inner Mongolia,3281,0.216866660118103,255,109.97469329834,900,0.025231014378407,0.0182168161740964,0.0107402151845823,0.0422685521945524,0.167526170611382,111.579971313477
Inner Mongolia,3282,0.133300006389618,286,110.397720336914,1034,0.025231014378407,0.0182168161740964,0.0107402151845823,0.0422685521945524,0.167526170611382,111.579971313477
Inner Mongolia,3283,0.123066663742065,319,112.545623779297,1093,0.025231014378407,0.0182168161740964,0.0107402151845823,0.0422685521945524,0.167526170611382,111.579971313477
Inner Mongolia,3284,0.0404333353042603,374,112.393653869629,1311,0.025231014378407,0.0182168161740964,0.0107402151845823,0.0422685521945524,0.167526170611382,111.579971313477
Inner Mongolia,3285,0.277149987220764,382,117.21183013916,957,0.025231014378407,0.0182168161740964,0.0107402151845823,0.0422685521945524,0.167526170611382,111.579971313477
Inner Mongolia,3286,0.357933330535889,389,123.427314758301,857,0.025231014378407,0.0182168161740964,0.0107402151845823,0.0422685521945524,0.167526170611382,111.579971313477
Inner Mongolia,3287,0.595349979400635,387,121.04434967041,405,0.025231014378407,0.0182168161740964,0.0107402151845823,0.0422685521945524,0.167526170611382,111.579971313477
Inner Mongolia,3288,0.698600006103516,391,124.671226501465,320,0.025231014378407,0.0182168161740964,0.0107402151845823,0.0422685521945524,0.167526170611382,111.579971313477
Inner Mongolia,3289,0.687599992752075,417,118.261726379395,204,0.025231014378407,0.0182168161740964,0.0107402151845823,0.0422685521945524,0.167526170611382,111.579971313477
Inner Mongolia,3290,0.677116680145264,436,116.428024291992,172,0.025231014378407,0.0182168161740964,0.0107402151845823,0.0422685521945524,0.167526170611382,111.579971313477
Inner Mongolia,3291,0.682016658782959,436,119.5458984375,151,0.025231014378407,0.0182168161740964,0.0107402151845823,0.0422685521945524,0.167526170611382,111.579971313477
Inner Mongolia,3292,0.679533338546753,455,118.081672668457,136,0.025231014378407,0.0182168161740964,0.0107402151845823,0.0422685521945524,0.167526170611382,111.579971313477
Inner Mongolia,3321,-0.115116679668427,251,112.68221282959,1437,0.025231014378407,0.0182168161740964,0.0107402151845823,0.0422685521945524,0.167526170611382,111.579971313477
Inner Mongolia,3322,-0.0135833442211151,260,108.169372558594,1326,0.025231014378407,0.0182168161740964,0.0107402151845823,0.0422685521945524,0.167526170611382,111.579971313477
Inner Mongolia,3323,0.152133333683014,242,109.800758361816,999,0.025231014378407,0.0182168161740964,0.0107402151845823,0.0422685521945524,0.167526170611382,111.579971313477
Inner Mongolia,3324,0.19593334197998,242,108.910110473633,848,0.025231014378407,0.0182168161740964,0.0107402151845823,0.0422685521945524,0.167526170611382,111.579971313477
Inner Mongolia,3325,0.20426664352417,263,109.990997314453,877,0.025231014378407,0.0182168161740964,0.0107402151845823,0.0422685521945524,0.167526170611382,111.579971313477
Inner Mongolia,3326,0.172183322906494,296,111.695175170898,906,0.025231014378407,0.0182168161740964,0.0107402151845823,0.0422685521945524,0.167526170611382,111.579971313477
Inner Mongolia,3327,0.102283346652985,339,113.866966247559,1059,0.025231014378407,0.0182168161740964,0.0107402151845823,0.0422685521945524,0.167526170611382,111.579971313477
Inner Mongolia,3328,0.0819000065326691,376,114.742858886719,1068,0.025231014378407,0.0182168161740964,0.0107402151845823,0.0422685521945524,0.167526170611382,111.579971313477
Inner Mongolia,3329,0.291266679763794,384,121.329147338867,840,0.025231014378407,0.0182168161740964,0.0107402151845823,0.0422685521945524,0.167526170611382,111.579971313477
Inner Mongolia,3330,0.40004997253418,395,125.402214050293,747,0.025231014378407,0.0182168161740964,0.0107402151845823,0.0422685521945524,0.167526170611382,111.579971313477
Inner Mongolia,3331,0.525216674804688,394,128.079162597656,559,0.025231014378407,0.0182168161740964,0.0107402151845823,0.0422685521945524,0.167526170611382,111.579971313477
Inner Mongolia,3332,0.656366682052612,414,117.860862731934,189,0.025231014378407,0.0182168161740964,0.0107402151845823,0.0422685521945524,0.167526170611382,111.579971313477
Inner Mongolia,3364,0.121616661548615,237,108.194938659668,930,0.025231014378407,0.0182168161740964,0.0107402151845823,0.0422685521945524,0.167526170611382,111.579971313477
Inner Mongolia,3365,0.111699998378754,265,105.703620910645,1022,0.025231014378407,0.0182168161740964,0.0107402151845823,0.0422685521945524,0.167526170611382,111.579971313477
Inner Mongolia,3366,0.161466670036316,282,111.962875366211,836,0.025231014378407,0.0182168161740964,0.0107402151845823,0.0422685521945524,0.167526170611382,111.579971313477
Inner Mongolia,3367,0.115166664123535,320,113.22737121582,870,0.025231014378407,0.0182168161740964,0.0107402151845823,0.0422685521945524,0.167526170611382,111.579971313477
Inner Mongolia,3368,0.102133333683014,352,117.748023986816,912,0.025231014378407,0.0182168161740964,0.0107402151845823,0.0422685521945524,0.167526170611382,111.579971313477
Inner Mongolia,3369,0.0800999939441681,404,117.02074432373,1064,0.025231014378407,0.0182168161740964,0.0107402151845823,0.0422685521945524,0.167526170611382,111.579971313477
Inner Mongolia,3370,0.356566667556763,387,125.487144470215,673,0.025231014378407,0.0182168161740964,0.0107402151845823,0.0422685521945524,0.167526170611382,111.579971313477
Inner Mongolia,3371,0.536783313751221,394,126.425300598145,404,0.025231014378407,0.0182168161740964,0.0107402151845823,0.0422685521945524,0.167526170611382,111.579971313477
Inner Mongolia,3372,0.591666650772095,422,120.654151916504,259,0.025231014378407,0.0182168161740964,0.0107402151845823,0.0422685521945524,0.167526170611382,111.579971313477
Inner Mongolia,3405,0.0531833291053772,240,105.526527404785,934,0.025231014378407,0.0182168161740964,0.0107402151845823,0.0422685521945524,0.167526170611382,111.579971313477
Inner Mongolia,3406,0.00206666886806488,264,107.319351196289,1050,0.025231014378407,0.0182168161740964,0.0107402151845823,0.0422685521945524,0.167526170611382,111.579971313477
Inner Mongolia,3407,0.0372833341360092,289,110.26643371582,960,0.025231014378407,0.0182168161740964,0.0107402151845823,0.0422685521945524,0.167526170611382,111.579971313477
Inner Mongolia,3408,0.0504166603088379,316,113.648635864258,902,0.025231014378407,0.0182168161740964,0.0107402151845823,0.0422685521945524,0.167526170611382,111.579971313477
Inner Mongolia,3409,0.02473334223032,350,116.411773681641,914,0.025231014378407,0.0182168161740964,0.0107402151845823,0.0422685521945524,0.167526170611382,111.579971313477
Inner Mongolia,3410,0.0249166518449783,412,114.488891601563,1076,0.025231014378407,0.0182168161740964,0.0107402151845823,0.0422685521945524,0.167526170611382,111.579971313477
Inner Mongolia,3411,0.278833341598511,393,122.896415710449,652,0.025231014378407,0.0182168161740964,0.0107402151845823,0.0422685521945524,0.167526170611382,111.579971313477
Inner Mongolia,3412,0.33493332862854,407,127.983924865723,620,0.025231014378407,0.0182168161740964,0.0107402151845823,0.0422685521945524,0.167526170611382,111.579971313477
Inner Mongolia,3413,0.527600002288818,407,128.617416381836,294,0.025231014378407,0.0182168161740964,0.0107402151845823,0.0422685521945524,0.167526170611382,111.579971313477
Inner Mongolia,3446,0.0141333401203156,254,109.744468688965,877,0.025231014378407,0.0182168161740964,0.0107402151845823,0.0422685521945524,0.167526170611382,111.579971313477
Inner Mongolia,3447,0.0205166682600975,279,112.975257873535,840,0.025231014378407,0.0182168161740964,0.0107402151845823,0.0422685521945524,0.167526170611382,111.579971313477
Inner Mongolia,3448,-0.00143334968015552,317,112.501129150391,878,0.025231014378407,0.0182168161740964,0.0107402151845823,0.0422685521945524,0.167526170611382,111.579971313477
Inner Mongolia,3449,-0.112183320522308,370,112.746055603027,1023,0.025231014378407,0.0182168161740964,0.0107402151845823,0.0422685521945524,0.167526170611382,111.579971313477
Inner Mongolia,3450,0.059466689825058,395,115.021789550781,856,0.025231014378407,0.0182168161740964,0.0107402151845823,0.0422685521945524,0.167526170611382,111.579971313477
Inner Mongolia,3451,0.204200005531311,406,121.341209411621,682,0.025231014378407,0.0182168161740964,0.0107402151845823,0.0422685521945524,0.167526170611382,111.579971313477
Inner Mongolia,3452,0.176649987697601,431,125.280113220215,791,0.025231014378407,0.0182168161740964,0.0107402151845823,0.0422685521945524,0.167526170611382,111.579971313477
Inner Mongolia,3454,0.505299997329712,425,125.326713562012,244,0.025231014378407,0.0182168161740964,0.0107402151845823,0.0422685521945524,0.167526170611382,111.579971313477
Inner Mongolia,3481,-0.108666670322418,418,111.449119567871,999,0.025231014378407,0.0182168161740964,0.0107402151845823,0.0422685521945524,0.167526170611382,111.579971313477
Inner Mongolia,3482,0.0368666648864746,423,119.409057617188,842,0.025231014378407,0.0182168161740964,0.0107402151845823,0.0422685521945524,0.167526170611382,111.579971313477
Inner Mongolia,3483,0.25513334274292,407,127.259422302246,458,0.025231014378407,0.0182168161740964,0.0107402151845823,0.0422685521945524,0.167526170611382,111.579971313477
Inner Mongolia,3484,0.345183324813843,430,127.645561218262,416,0.025231014378407,0.0182168161740964,0.0107402151845823,0.0422685521945524,0.167526170611382,111.579971313477
Inner Mongolia,3485,0.473799991607666,414,126.817459106445,227,0.025231014378407,0.0182168161740964,0.0107402151845823,0.0422685521945524,0.167526170611382,111.579971313477
Inner Mongolia,3512,-0.310016655921936,465,106.236686706543,1263,0.025231014378407,0.0182168161740964,0.0107402151845823,0.0422685521945524,0.167526170611382,111.579971313477
Inner Mongolia,3513,-0.0210000082850456,435,117.682502746582,811,0.025231014378407,0.0182168161740964,0.0107402151845823,0.0422685521945524,0.167526170611382,111.579971313477
Inner Mongolia,3514,0.108599984645844,433,125.029403686523,696,0.025231014378407,0.0182168161740964,0.0107402151845823,0.0422685521945524,0.167526170611382,111.579971313477
Inner Mongolia,3515,0.340683341026306,427,126.898918151855,389,0.025231014378407,0.0182168161740964,0.0107402151845823,0.0422685521945524,0.167526170611382,111.579971313477
Inner Mongolia,3516,0.413683319091797,403,126.590805053711,206,0.025231014378407,0.0182168161740964,0.0107402151845823,0.0422685521945524,0.167526170611382,111.579971313477
Inner Mongolia,3517,0.446933317184448,396,122.89754486084,137,0.025231014378407,0.0182168161740964,0.0107402151845823,0.0422685521945524,0.167526170611382,111.579971313477
Inner Mongolia,3545,0.168650007247925,193,109.86572265625,644,0.025231014378407,0.0182168161740964,0.0107402151845823,0.0422685521945524,0.167526170611382,111.579971313477
Inner Mongolia,3546,0.185266673564911,200,109.714553833008,538,0.025231014378407,0.0182168161740964,0.0107402151845823,0.0422685521945524,0.167526170611382,111.579971313477
Inner Mongolia,3547,-0.27868332862854,405,106.76872253418,1081,0.025231014378407,0.0182168161740964,0.0107402151845823,0.0422685521945524,0.167526170611382,111.579971313477
Inner Mongolia,3548,-0.34026665687561,467,106.101867675781,1195,0.025231014378407,0.0182168161740964,0.0107402151845823,0.0422685521945524,0.167526170611382,111.579971313477
Inner Mongolia,3549,-0.0894666731357575,450,119.257019042969,942,0.025231014378407,0.0182168161740964,0.0107402151845823,0.0422685521945524,0.167526170611382,111.579971313477
Inner Mongolia,3550,0.0446166604757309,447,123.675354003906,730,0.025231014378407,0.0182168161740964,0.0107402151845823,0.0422685521945524,0.167526170611382,111.579971313477
Inner Mongolia,3551,0.231966662406921,438,125.899429321289,530,0.025231014378407,0.0182168161740964,0.0107402151845823,0.0422685521945524,0.167526170611382,111.579971313477
Inner Mongolia,3577,0.112216675281525,210,112.053321838379,688,0.025231014378407,0.0182168161740964,0.0107402151845823,0.0422685521945524,0.167526170611382,111.579971313477
Inner Mongolia,3578,0.0502166867256165,236,114.30632019043,747,0.025231014378407,0.0182168161740964,0.0107402151845823,0.0422685521945524,0.167526170611382,111.579971313477
Inner Mongolia,3579,0.0406499862670898,247,119.576477050781,588,0.025231014378407,0.0182168161740964,0.0107402151845823,0.0422685521945524,0.167526170611382,111.579971313477
Inner Mongolia,3580,-0.0318333178758621,277,120.245346069336,700,0.025231014378407,0.0182168161740964,0.0107402151845823,0.0422685521945524,0.167526170611382,111.579971313477
Inner Mongolia,3581,-0.0956500053405762,318,114.567756652832,745,0.025231014378407,0.0182168161740964,0.0107402151845823,0.0422685521945524,0.167526170611382,111.579971313477
Inner Mongolia,3582,-0.184316658973694,367,116.494766235352,837,0.025231014378407,0.0182168161740964,0.0107402151845823,0.0422685521945524,0.167526170611382,111.579971313477
Inner Mongolia,3583,-0.269799995422363,441,110.071510314941,1011,0.025231014378407,0.0182168161740964,0.0107402151845823,0.0422685521945524,0.167526170611382,111.579971313477
Inner Mongolia,3584,-0.191516661643982,472,117.920143127441,1096,0.025231014378407,0.0182168161740964,0.0107402151845823,0.0422685521945524,0.167526170611382,111.579971313477
Inner Mongolia,3585,0.0345000088214874,454,124.35799407959,741,0.025231014378407,0.0182168161740964,0.0107402151845823,0.0422685521945524,0.167526170611382,111.579971313477
Inner Mongolia,3586,0.210049986839294,446,125.534889221191,490,0.025231014378407,0.0182168161740964,0.0107402151845823,0.0422685521945524,0.167526170611382,111.579971313477
Inner Mongolia,3608,0.121433329582214,223,113.838264465332,680,0.025231014378407,0.0182168161740964,0.0107402151845823,0.0422685521945524,0.167526170611382,111.579971313477
Inner Mongolia,3609,0.0624833226203919,240,117.241714477539,540,0.025231014378407,0.0182168161740964,0.0107402151845823,0.0422685521945524,0.167526170611382,111.579971313477
Inner Mongolia,3610,0.0289666801691055,258,122.297500610352,571,0.025231014378407,0.0182168161740964,0.0107402151845823,0.0422685521945524,0.167526170611382,111.579971313477
Inner Mongolia,3611,-0.0631166696548462,300,115.547668457031,681,0.025231014378407,0.0182168161740964,0.0107402151845823,0.0422685521945524,0.167526170611382,111.579971313477
Inner Mongolia,3612,-0.1380499958992,331,116.545036315918,741,0.025231014378407,0.0182168161740964,0.0107402151845823,0.0422685521945524,0.167526170611382,111.579971313477
Inner Mongolia,3613,-0.114649999141693,364,117.083686828613,709,0.025231014378407,0.0182168161740964,0.0107402151845823,0.0422685521945524,0.167526170611382,111.579971313477
Inner Mongolia,3614,-0.253633332252502,429,114.926643371582,939,0.025231014378407,0.0182168161740964,0.0107402151845823,0.0422685521945524,0.167526170611382,111.579971313477
Inner Mongolia,3615,-0.284683322906494,491,117.35343170166,1141,0.025231014378407,0.0182168161740964,0.0107402151845823,0.0422685521945524,0.167526170611382,111.579971313477
Inner Mongolia,3616,0.0408166617155075,457,126.035766601563,648,0.025231014378407,0.0182168161740964,0.0107402151845823,0.0422685521945524,0.167526170611382,111.579971313477
Inner Mongolia,3617,0.146166670322418,455,125.714256286621,501,0.025231014378407,0.0182168161740964,0.0107402151845823,0.0422685521945524,0.167526170611382,111.579971313477
Inner Mongolia,3618,0.238166689872742,453,121.970390319824,314,0.025231014378407,0.0182168161740964,0.0107402151845823,0.0422685521945524,0.167526170611382,111.579971313477
Inner Mongolia,3638,-0.039999994635582,246,117.37328338623,758,0.025231014378407,0.0182168161740964,0.0107402151845823,0.0422685521945524,0.167526170611382,111.579971313477
Inner Mongolia,3639,0.0374000102281571,266,118.825668334961,673,0.025231014378407,0.0182168161740964,0.0107402151845823,0.0422685521945524,0.167526170611382,111.579971313477
Inner Mongolia,3640,0.0164999827742577,290,118.56339263916,549,0.025231014378407,0.0182168161740964,0.0107402151845823,0.0422685521945524,0.167526170611382,111.579971313477
Inner Mongolia,3641,-0.0806166648864746,306,120.877937316895,670,0.025231014378407,0.0182168161740964,0.0107402151845823,0.0422685521945524,0.167526170611382,111.579971313477
Inner Mongolia,3642,-0.12868332862854,326,120.99292755127,675,0.025231014378407,0.0182168161740964,0.0107402151845823,0.0422685521945524,0.167526170611382,111.579971313477
Inner Mongolia,3643,-0.142299997806549,359,120.167938232422,692,0.025231014378407,0.0182168161740964,0.0107402151845823,0.0422685521945524,0.167526170611382,111.579971313477
Inner Mongolia,3644,-0.244099998474121,429,116.866493225098,908,0.025231014378407,0.0182168161740964,0.0107402151845823,0.0422685521945524,0.167526170611382,111.579971313477
Inner Mongolia,3645,-0.236066675186157,470,118.981483459473,945,0.025231014378407,0.0182168161740964,0.0107402151845823,0.0422685521945524,0.167526170611382,111.579971313477
Inner Mongolia,3646,-0.0340666651725769,477,125.099227905273,730,0.025231014378407,0.0182168161740964,0.0107402151845823,0.0422685521945524,0.167526170611382,111.579971313477
Inner Mongolia,3647,-0.0033999890089035,488,124.162002563477,685,0.025231014378407,0.0182168161740964,0.0107402151845823,0.0422685521945524,0.167526170611382,111.579971313477
Inner Mongolia,3648,0.112216675281525,485,121.23014831543,480,0.025231014378407,0.0182168161740964,0.0107402151845823,0.0422685521945524,0.167526170611382,111.579971313477
Inner Mongolia,3649,0.180400002002716,476,120.299278259277,273,0.025231014378407,0.0182168161740964,0.0107402151845823,0.0422685521945524,0.167526170611382,111.579971313477
Inner Mongolia,3666,-0.0674000144004822,266,119.932411193848,674,0.025231014378407,0.0182168161740964,0.0107402151845823,0.0422685521945524,0.167526170611382,111.579971313477
Inner Mongolia,3667,-0.0303166836500168,298,120.083221435547,686,0.025231014378407,0.0182168161740964,0.0107402151845823,0.0422685521945524,0.167526170611382,111.579971313477
Inner Mongolia,3668,-0.0375499844551086,304,118.861183166504,559,0.025231014378407,0.0182168161740964,0.0107402151845823,0.0422685521945524,0.167526170611382,111.579971313477
Inner Mongolia,3669,-0.104183328151703,319,119.477142333984,611,0.025231014378407,0.0182168161740964,0.0107402151845823,0.0422685521945524,0.167526170611382,111.579971313477
Inner Mongolia,3670,-0.133333337306976,336,121.29271697998,625,0.025231014378407,0.0182168161740964,0.0107402151845823,0.0422685521945524,0.167526170611382,111.579971313477
Inner Mongolia,3671,-0.193550002574921,366,119.647361755371,631,0.025231014378407,0.0182168161740964,0.0107402151845823,0.0422685521945524,0.167526170611382,111.579971313477
Inner Mongolia,3672,-0.218766665458679,404,121.461479187012,651,0.025231014378407,0.0182168161740964,0.0107402151845823,0.0422685521945524,0.167526170611382,111.579971313477
Inner Mongolia,3673,-0.318766665458679,485,118.426086425781,978,0.025231014378407,0.0182168161740964,0.0107402151845823,0.0422685521945524,0.167526170611382,111.579971313477
Inner Mongolia,3674,-0.165233325958252,496,122.165184020996,848,0.025231014378407,0.0182168161740964,0.0107402151845823,0.0422685521945524,0.167526170611382,111.579971313477
Inner Mongolia,3675,-0.079966676235199,500,121.974662780762,673,0.025231014378407,0.0182168161740964,0.0107402151845823,0.0422685521945524,0.167526170611382,111.579971313477
Inner Mongolia,3676,0.0196333363652229,497,120.298599243164,440,0.025231014378407,0.0182168161740964,0.0107402151845823,0.0422685521945524,0.167526170611382,111.579971313477
Inner Mongolia,3677,0.0937666594982147,496,119.274147033691,353,0.025231014378407,0.0182168161740964,0.0107402151845823,0.0422685521945524,0.167526170611382,111.579971313477
Inner Mongolia,3692,-0.129650008678436,343,115.312683105469,525,0.025231014378407,0.0182168161740964,0.0107402151845823,0.0422685521945524,0.167526170611382,111.579971313477
Inner Mongolia,3693,-0.185049986839294,351,120.700263977051,556,0.025231014378407,0.0182168161740964,0.0107402151845823,0.0422685521945524,0.167526170611382,111.579971313477
Inner Mongolia,3694,-0.298383331298828,405,117.829978942871,746,0.025231014378407,0.0182168161740964,0.0107402151845823,0.0422685521945524,0.167526170611382,111.579971313477
Inner Mongolia,3695,-0.377799987792969,450,117.490226745605,888,0.025231014378407,0.0182168161740964,0.0107402151845823,0.0422685521945524,0.167526170611382,111.579971313477
Inner Mongolia,3696,-0.333766674995422,472,119.202194213867,793,0.025231014378407,0.0182168161740964,0.0107402151845823,0.0422685521945524,0.167526170611382,111.579971313477
Inner Mongolia,3697,-0.342199993133545,510,120.055557250977,936,0.025231014378407,0.0182168161740964,0.0107402151845823,0.0422685521945524,0.167526170611382,111.579971313477
Inner Mongolia,3698,-0.162050008773804,508,119.827743530273,696,0.025231014378407,0.0182168161740964,0.0107402151845823,0.0422685521945524,0.167526170611382,111.579971313477
Inner Mongolia,3699,-0.0334833413362503,499,119.152267456055,414,0.025231014378407,0.0182168161740964,0.0107402151845823,0.0422685521945524,0.167526170611382,111.579971313477
Inner Mongolia,3700,-0.0103333339095116,510,115.490852355957,394,0.025231014378407,0.0182168161740964,0.0107402151845823,0.0422685521945524,0.167526170611382,111.579971313477
Inner Mongolia,3701,-0.00913333371281624,505,114.081169128418,394,0.025231014378407,0.0182168161740964,0.0107402151845823,0.0422685521945524,0.167526170611382,111.579971313477
Inner Mongolia,3714,-0.248333334922791,386,117.033752441406,540,0.025231014378407,0.0182168161740964,0.0107402151845823,0.0422685521945524,0.167526170611382,111.579971313477
Inner Mongolia,3715,-0.28216667175293,404,118.874244689941,618,0.025231014378407,0.0182168161740964,0.0107402151845823,0.0422685521945524,0.167526170611382,111.579971313477
Inner Mongolia,3716,-0.368816661834717,446,117.029083251953,722,0.025231014378407,0.0182168161740964,0.0107402151845823,0.0422685521945524,0.167526170611382,111.579971313477
Inner Mongolia,3717,-0.450683355331421,512,116.752380371094,1058,0.025231014378407,0.0182168161740964,0.0107402151845823,0.0422685521945524,0.167526170611382,111.579971313477
Inner Mongolia,3718,-0.262533330917358,495,117.631530761719,703,0.025231014378407,0.0182168161740964,0.0107402151845823,0.0422685521945524,0.167526170611382,111.579971313477
Inner Mongolia,3719,-0.274200010299683,534,115.297523498535,857,0.025231014378407,0.0182168161740964,0.0107402151845823,0.0422685521945524,0.167526170611382,111.579971313477
Inner Mongolia,3720,-0.129116666316986,515,115.412284851074,506,0.025231014378407,0.0182168161740964,0.0107402151845823,0.0422685521945524,0.167526170611382,111.579971313477
Inner Mongolia,3721,-0.0584666728973389,505,114.731872558594,390,0.025231014378407,0.0182168161740964,0.0107402151845823,0.0422685521945524,0.167526170611382,111.579971313477
Inner Mongolia,3722,-0.0580833375453949,501,112.754295349121,345,0.025231014378407,0.0182168161740964,0.0107402151845823,0.0422685521945524,0.167526170611382,111.579971313477
Inner Mongolia,3731,-0.34614999294281,437,112.708160400391,874,0.025231014378407,0.0182168161740964,0.0107402151845823,0.0422685521945524,0.167526170611382,111.579971313477
Inner Mongolia,3732,-0.367283344268799,438,113.208488464355,661,0.025231014378407,0.0182168161740964,0.0107402151845823,0.0422685521945524,0.167526170611382,111.579971313477
Inner Mongolia,3733,-0.402050018310547,466,114.353569030762,792,0.025231014378407,0.0182168161740964,0.0107402151845823,0.0422685521945524,0.167526170611382,111.579971313477
Inner Mongolia,3734,-0.441550016403198,504,113.306617736816,910,0.025231014378407,0.0182168161740964,0.0107402151845823,0.0422685521945524,0.167526170611382,111.579971313477
Inner Mongolia,3735,-0.343483328819275,509,114.879951477051,802,0.025231014378407,0.0182168161740964,0.0107402151845823,0.0422685521945524,0.167526170611382,111.579971313477
Inner Mongolia,3736,-0.269983339309692,519,112.566734313965,678,0.025231014378407,0.0182168161740964,0.0107402151845823,0.0422685521945524,0.167526170611382,111.579971313477
Inner Mongolia,3737,-0.215566658973694,534,110.561386108398,700,0.025231014378407,0.0182168161740964,0.0107402151845823,0.0422685521945524,0.167526170611382,111.579971313477
Inner Mongolia,3738,-0.135200011730194,511,110.885055541992,432,0.025231014378407,0.0182168161740964,0.0107402151845823,0.0422685521945524,0.167526170611382,111.579971313477
Inner Mongolia,3739,-0.105166661739349,506,109.703170776367,349,0.025231014378407,0.0182168161740964,0.0107402151845823,0.0422685521945524,0.167526170611382,111.579971313477
Inner Mongolia,3743,-0.452850008010864,483,112.346282958984,1004,0.025231014378407,0.0182168161740964,0.0107402151845823,0.0422685521945524,0.167526170611382,111.579971313477
Inner Mongolia,3744,-0.52330002784729,508,111.641380310059,1066,0.025231014378407,0.0182168161740964,0.0107402151845823,0.0422685521945524,0.167526170611382,111.579971313477
Inner Mongolia,3745,-0.475866651535034,498,112.201232910156,809,0.025231014378407,0.0182168161740964,0.0107402151845823,0.0422685521945524,0.167526170611382,111.579971313477
Inner Mongolia,3746,-0.492399978637695,539,110.798538208008,1020,0.025231014378407,0.0182168161740964,0.0107402151845823,0.0422685521945524,0.167526170611382,111.579971313477
Inner Mongolia,3747,-0.382433342933655,547,110.789573669434,968,0.025231014378407,0.0182168161740964,0.0107402151845823,0.0422685521945524,0.167526170611382,111.579971313477
Inner Mongolia,3748,-0.277416658401489,537,108.672378540039,724,0.025231014378407,0.0182168161740964,0.0107402151845823,0.0422685521945524,0.167526170611382,111.579971313477
Inner Mongolia,3749,-0.168450009822845,515,107.587348937988,476,0.025231014378407,0.0182168161740964,0.0107402151845823,0.0422685521945524,0.167526170611382,111.579971313477
Inner Mongolia,3750,-0.15314998626709,505,106.87279510498,367,0.025231014378407,0.0182168161740964,0.0107402151845823,0.0422685521945524,0.167526170611382,111.579971313477
Inner Mongolia,3754,-0.428816652297974,475,109.000045776367,885,0.025231014378407,0.0182168161740964,0.0107402151845823,0.0422685521945524,0.167526170611382,111.579971313477
Inner Mongolia,3755,-0.420983362197876,481,109.336395263672,779,0.025231014378407,0.0182168161740964,0.0107402151845823,0.0422685521945524,0.167526170611382,111.579971313477
Inner Mongolia,3756,-0.499000024795532,515,109.23949432373,951,0.025231014378407,0.0182168161740964,0.0107402151845823,0.0422685521945524,0.167526170611382,111.579971313477
Inner Mongolia,3757,-0.50861668586731,537,108.979690551758,994,0.025231014378407,0.0182168161740964,0.0107402151845823,0.0422685521945524,0.167526170611382,111.579971313477
Inner Mongolia,3759,-0.289166641235352,522,107.522010803223,652,0.025231014378407,0.0182168161740964,0.0107402151845823,0.0422685521945524,0.167526170611382,111.579971313477
Inner Mongolia,3760,-0.245816659927368,527,105.40177154541,590,0.025231014378407,0.0182168161740964,0.0107402151845823,0.0422685521945524,0.167526170611382,111.579971313477
Inner Mongolia,3761,-0.176116669178009,513,103.389671325684,430,0.025231014378407,0.0182168161740964,0.0107402151845823,0.0422685521945524,0.167526170611382,111.579971313477
Inner Mongolia,3764,-0.46933331489563,469,107.807685852051,694,0.025231014378407,0.0182168161740964,0.0107402151845823,0.0422685521945524,0.167526170611382,111.579971313477
Inner Mongolia,3765,-0.49118332862854,502,106.428199768066,883,0.025231014378407,0.0182168161740964,0.0107402151845823,0.0422685521945524,0.167526170611382,111.579971313477
Inner Mongolia,3773,-0.431866693496704,415,104.861083984375,445,0.025231014378407,0.0182168161740964,0.0107402151845823,0.0422685521945524,0.167526170611382,111.579971313477
Inner Mongolia,3774,-0.447800016403198,430,111.710815429688,628,0.025231014378407,0.0182168161740964,0.0107402151845823,0.0422685521945524,0.167526170611382,111.579971313477
Inner Mongolia,3775,-0.523066663742065,481,104.593032836914,805,0.025231014378407,0.0182168161740964,0.0107402151845823,0.0422685521945524,0.167526170611382,111.579971313477
Inner Mongolia,3776,-0.520749998092651,488,104.334564208984,728,0.025231014378407,0.0182168161740964,0.0107402151845823,0.0422685521945524,0.167526170611382,111.579971313477
Inner Mongolia,3783,-0.45920000076294,431,110.627403259277,666,0.025231014378407,0.0182168161740964,0.0107402151845823,0.0422685521945524,0.167526170611382,111.579971313477
Inner Mongolia,3784,-0.494399976730347,464,106.33610534668,793,0.025231014378407,0.0182168161740964,0.0107402151845823,0.0422685521945524,0.167526170611382,111.579971313477
Jiangsu,1205,1.56988334655762,1101,50.8894996643067,4,0.0217271318036011,0.00581270806452776,0.0534683116468678,0.108386098725391,0.498851388692856,306.400817871094
Jiangsu,1206,1.58118333816528,1130,48.3338279724121,12,0.0217271318036011,0.00581270806452776,0.0534683116468678,0.108386098725391,0.498851388692856,306.400817871094
Jiangsu,1207,1.56893329620361,1047,52.8764266967774,0,0.0217271318036011,0.00581270806452776,0.0534683116468678,0.108386098725391,0.498851388692856,306.400817871094
Jiangsu,1208,1.62291660308838,953,54.059684753418,8,0.0217271318036011,0.00581270806452776,0.0534683116468678,0.108386098725391,0.498851388692856,306.400817871094
Jiangsu,1209,1.58934993743896,1014,52.0040550231934,5,0.0217271318036011,0.00581270806452776,0.0534683116468678,0.108386098725391,0.498851388692856,306.400817871094
Jiangsu,1281,1.55205001831055,1019,58.9642448425293,28,0.0217271318036011,0.00581270806452776,0.0534683116468678,0.108386098725391,0.498851388692856,306.400817871094
Jiangsu,1282,1.54846668243408,1050,56.7687377929688,33,0.0217271318036011,0.00581270806452776,0.0534683116468678,0.108386098725391,0.498851388692856,306.400817871094
Jiangsu,1283,1.55261669158936,1017,54.1446952819824,5,0.0217271318036011,0.00581270806452776,0.0534683116468678,0.108386098725391,0.498851388692856,306.400817871094
Jiangsu,1284,1.58421669006348,1012,54.8551597595215,4,0.0217271318036011,0.00581270806452776,0.0534683116468678,0.108386098725391,0.498851388692856,306.400817871094
Jiangsu,1285,1.55939998626709,980,61.3753929138184,6,0.0217271318036011,0.00581270806452776,0.0534683116468678,0.108386098725391,0.498851388692856,306.400817871094
Jiangsu,1286,1.55527172088623,1031,54.4229583740234,5,0.0217271318036011,0.00581270806452776,0.0534683116468678,0.108386098725391,0.498851388692856,306.400817871094
Jiangsu,1360,1.52519998550415,980,65.0027465820313,42,0.0217271318036011,0.00581270806452776,0.0534683116468678,0.108386098725391,0.498851388692856,306.400817871094
Jiangsu,1361,1.53818330764771,982,61.587345123291,3,0.0217271318036011,0.00581270806452776,0.0534683116468678,0.108386098725391,0.498851388692856,306.400817871094
Jiangsu,1362,1.52004995346069,984,60.3503952026367,5,0.0217271318036011,0.00581270806452776,0.0534683116468678,0.108386098725391,0.498851388692856,306.400817871094
Jiangsu,1363,1.51405000686646,1008,57.5389137268066,5,0.0217271318036011,0.00581270806452776,0.0534683116468678,0.108386098725391,0.498851388692856,306.400817871094
Jiangsu,1364,1.51606664657593,1034,54.3932228088379,4,0.0217271318036011,0.00581270806452776,0.0534683116468678,0.108386098725391,0.498851388692856,306.400817871094
Jiangsu,1365,1.53276958465576,1020,52.4089088439941,3,0.0217271318036011,0.00581270806452776,0.0534683116468678,0.108386098725391,0.498851388692856,306.400817871094
Jiangsu,1438,1.49703330993652,855,79.4243240356445,44,0.0217271318036011,0.00581270806452776,0.0534683116468678,0.108386098725391,0.498851388692856,306.400817871094
Jiangsu,1440,1.51248331069946,952,70.1573944091797,2,0.0217271318036011,0.00581270806452776,0.0534683116468678,0.108386098725391,0.498851388692856,306.400817871094
Jiangsu,1441,1.50198335647583,988,65.6356887817383,1,0.0217271318036011,0.00581270806452776,0.0534683116468678,0.108386098725391,0.498851388692856,306.400817871094
Jiangsu,1442,1.49484996795654,1017,60.2940673828125,4,0.0217271318036011,0.00581270806452776,0.0534683116468678,0.108386098725391,0.498851388692856,306.400817871094
Jiangsu,1515,1.50768337249756,778,87.8696212768555,16,0.0217271318036011,0.00581270806452776,0.0534683116468678,0.108386098725391,0.498851388692856,306.400817871094
Jiangsu,1516,1.46476669311523,819,86.2591323852539,10,0.0217271318036011,0.00581270806452776,0.0534683116468678,0.108386098725391,0.498851388692856,306.400817871094
Jiangsu,1517,1.46258335113525,876,79.3676452636719,6,0.0217271318036011,0.00581270806452776,0.0534683116468678,0.108386098725391,0.498851388692856,306.400817871094
Jiangsu,1518,1.48346672058105,927,74.2017364501953,1,0.0217271318036011,0.00581270806452776,0.0534683116468678,0.108386098725391,0.498851388692856,306.400817871094
Jiangsu,1519,1.46260004043579,996,71.3545761108399,2,0.0217271318036011,0.00581270806452776,0.0534683116468678,0.108386098725391,0.498851388692856,306.400817871094
Jiangsu,1520,1.50150003433228,1003,66.32666015625,1,0.0217271318036011,0.00581270806452776,0.0534683116468678,0.108386098725391,0.498851388692856,306.400817871094
Jiangsu,1593,1.46873331069946,749,94.287956237793,20,0.0217271318036011,0.00581270806452776,0.0534683116468678,0.108386098725391,0.498851388692856,306.400817871094
Jiangsu,1594,1.42963333129883,818,90.4002532958984,13,0.0217271318036011,0.00581270806452776,0.0534683116468678,0.108386098725391,0.498851388692856,306.400817871094
Jiangsu,1595,1.42399997711182,821,82.2894744873047,5,0.0217271318036011,0.00581270806452776,0.0534683116468678,0.108386098725391,0.498851388692856,306.400817871094
Jiangsu,1596,1.42223329544067,834,78.640007019043,-2,0.0217271318036011,0.00581270806452776,0.0534683116468678,0.108386098725391,0.498851388692856,306.400817871094
Jiangsu,1597,1.42379999160767,993,78.3046035766602,0,0.0217271318036011,0.00581270806452776,0.0534683116468678,0.108386098725391,0.498851388692856,306.400817871094
Jiangsu,1668,1.43733329772949,678,94.1367568969727,35,0.0217271318036011,0.00581270806452776,0.0534683116468678,0.108386098725391,0.498851388692856,306.400817871094
Jiangsu,1669,1.44236669540405,683,94.0000991821289,26,0.0217271318036011,0.00581270806452776,0.0534683116468678,0.108386098725391,0.498851388692856,306.400817871094
Jiangsu,1670,1.42218332290649,733,97.1055679321289,40,0.0217271318036011,0.00581270806452776,0.0534683116468678,0.108386098725391,0.498851388692856,306.400817871094
Jiangsu,1671,1.40883331298828,800,94.0979309082031,4,0.0217271318036011,0.00581270806452776,0.0534683116468678,0.108386098725391,0.498851388692856,306.400817871094
Jiangsu,1672,1.38976669311523,760,82.7447891235352,1,0.0217271318036011,0.00581270806452776,0.0534683116468678,0.108386098725391,0.498851388692856,306.400817871094
Jiangsu,1673,1.38093338012695,813,80.7028503417969,2,0.0217271318036011,0.00581270806452776,0.0534683116468678,0.108386098725391,0.498851388692856,306.400817871094
Jiangsu,1742,1.41098337173462,681,98.5648422241211,38,0.0217271318036011,0.00581270806452776,0.0534683116468678,0.108386098725391,0.498851388692856,306.400817871094
Jiangsu,1746,1.3548999786377,845,99.4792251586914,3,0.0217271318036011,0.00581270806452776,0.0534683116468678,0.108386098725391,0.498851388692856,306.400817871094
Jiangsu,1747,1.38411664962769,815,89.8752975463867,0,0.0217271318036011,0.00581270806452776,0.0534683116468678,0.108386098725391,0.498851388692856,306.400817871094
Jiangxi,267,1.87719993591309,1703,62.1853332519531,434,0.0555181677950237,0.00309992464135601,0.0727307499262645,0.316090936826047,0.569346845149994,527.761657714844
Jiangxi,268,1.83193340301514,1763,60.178653717041,579,0.0555181677950237,0.00309992464135601,0.0727307499262645,0.316090936826047,0.569346845149994,527.761657714844
Jiangxi,308,1.96830005645752,1590,57.0376014709473,194,0.0555181677950237,0.00309992464135601,0.0727307499262645,0.316090936826047,0.569346845149994,527.761657714844
Jiangxi,309,1.84489994049072,1675,57.4955635070801,493,0.0555181677950237,0.00309992464135601,0.0727307499262645,0.316090936826047,0.569346845149994,527.761657714844
Jiangxi,346,1.61243324279785,1619,54.697135925293,753,0.0555181677950237,0.00309992464135601,0.0727307499262645,0.316090936826047,0.569346845149994,527.761657714844
Jiangxi,347,1.84815006256104,1510,54.227653503418,285,0.0555181677950237,0.00309992464135601,0.0727307499262645,0.316090936826047,0.569346845149994,527.761657714844
Jiangxi,348,1.92094993591309,1499,53.2226791381836,180,0.0555181677950237,0.00309992464135601,0.0727307499262645,0.316090936826047,0.569346845149994,527.761657714844
Jiangxi,349,1.8988000869751,1556,55.5374069213867,257,0.0555181677950237,0.00309992464135601,0.0727307499262645,0.316090936826047,0.569346845149994,527.761657714844
Jiangxi,350,1.76995010375977,1653,57.0774459838867,577,0.0555181677950237,0.00309992464135601,0.0727307499262645,0.316090936826047,0.569346845149994,527.761657714844
Jiangxi,388,1.72498340606689,1542,52.0987167358399,447,0.0555181677950237,0.00309992464135601,0.0727307499262645,0.316090936826047,0.569346845149994,527.761657714844
Jiangxi,389,1.84589996337891,1490,51.7991142272949,221,0.0555181677950237,0.00309992464135601,0.0727307499262645,0.316090936826047,0.569346845149994,527.761657714844
Jiangxi,390,1.9228832244873,1530,54.7554550170899,160,0.0555181677950237,0.00309992464135601,0.0727307499262645,0.316090936826047,0.569346845149994,527.761657714844
Jiangxi,391,1.89428329467773,1592,57.5130195617676,253,0.0555181677950237,0.00309992464135601,0.0727307499262645,0.316090936826047,0.569346845149994,527.761657714844
Jiangxi,429,1.45830001831055,1680,49.3293800354004,840,0.0555181677950237,0.00309992464135601,0.0727307499262645,0.316090936826047,0.569346845149994,527.761657714844
Jiangxi,430,1.77153339385986,1495,50.3493537902832,233,0.0555181677950237,0.00309992464135601,0.0727307499262645,0.316090936826047,0.569346845149994,527.761657714844
Jiangxi,431,1.68751659393311,1609,52.5515785217285,455,0.0555181677950237,0.00309992464135601,0.0727307499262645,0.316090936826047,0.569346845149994,527.761657714844
Jiangxi,432,1.76336669921875,1628,56.1414070129395,365,0.0555181677950237,0.00309992464135601,0.0727307499262645,0.316090936826047,0.569346845149994,527.761657714844
Jiangxi,433,1.78561668395996,1663,59.6264266967773,358,0.0555181677950237,0.00309992464135601,0.0727307499262645,0.316090936826047,0.569346845149994,527.761657714844
Jiangxi,471,1.78178329467773,1484,48.949405670166,138,0.0555181677950237,0.00309992464135601,0.0727307499262645,0.316090936826047,0.569346845149994,527.761657714844
Jiangxi,472,1.79846668243408,1507,50.7124748229981,115,0.0555181677950237,0.00309992464135601,0.0727307499262645,0.316090936826047,0.569346845149994,527.761657714844
Jiangxi,473,1.84131660461426,1539,53.6955528259277,81,0.0555181677950237,0.00309992464135601,0.0727307499262645,0.316090936826047,0.569346845149994,527.761657714844
Jiangxi,474,1.73126659393311,1653,57.4592208862305,323,0.0555181677950237,0.00309992464135601,0.0727307499262645,0.316090936826047,0.569346845149994,527.761657714844
Jiangxi,475,1.73129997253418,1719,61.057544708252,350,0.0555181677950237,0.00309992464135601,0.0727307499262645,0.316090936826047,0.569346845149994,527.761657714844
Jiangxi,516,1.74106674194336,1479,47.112190246582,140,0.0555181677950237,0.00309992464135601,0.0727307499262645,0.316090936826047,0.569346845149994,527.761657714844
Jiangxi,517,1.23715000152588,1864,47.6990203857422,1239,0.0555181677950237,0.00309992464135601,0.0727307499262645,0.316090936826047,0.569346845149994,527.761657714844
Jiangxi,518,1.74833335876465,1525,51.5455741882324,151,0.0555181677950237,0.00309992464135601,0.0727307499262645,0.316090936826047,0.569346845149994,527.761657714844
Jiangxi,519,1.78623332977295,1561,55.1340370178223,102,0.0555181677950237,0.00309992464135601,0.0727307499262645,0.316090936826047,0.569346845149994,527.761657714844
Jiangxi,520,1.79358329772949,1625,58.9077110290527,124,0.0555181677950237,0.00309992464135601,0.0727307499262645,0.316090936826047,0.569346845149994,527.761657714844
Jiangxi,521,1.72081661224365,1724,61.2928428649902,306,0.0555181677950237,0.00309992464135601,0.0727307499262645,0.316090936826047,0.569346845149994,527.761657714844
Jiangxi,522,1.74909992218018,1760,62.5751304626465,354,0.0555181677950237,0.00309992464135601,0.0727307499262645,0.316090936826047,0.569346845149994,527.761657714844
Jiangxi,569,1.71703338623047,1506,49.9765968322754,159,0.0555181677950237,0.00309992464135601,0.0727307499262645,0.316090936826047,0.569346845149994,527.761657714844
Jiangxi,570,1.72343330383301,1540,52.8580780029297,182,0.0555181677950237,0.00309992464135601,0.0727307499262645,0.316090936826047,0.569346845149994,527.761657714844
Jiangxi,571,1.79581661224365,1562,55.9189605712891,52,0.0555181677950237,0.00309992464135601,0.0727307499262645,0.316090936826047,0.569346845149994,527.761657714844
Jiangxi,572,1.69375,1674,59.5359954833984,286,0.0555181677950237,0.00309992464135601,0.0727307499262645,0.316090936826047,0.569346845149994,527.761657714844
Jiangxi,573,1.81861667633057,1685,62.0881118774414,79,0.0555181677950237,0.00309992464135601,0.0727307499262645,0.316090936826047,0.569346845149994,527.761657714844
Jiangxi,574,1.78010005950928,1761,62.4964027404785,207,0.0555181677950237,0.00309992464135601,0.0727307499262645,0.316090936826047,0.569346845149994,527.761657714844
Jiangxi,627,1.47078332901001,1649,51.8107109069824,644,0.0555181677950237,0.00309992464135601,0.0727307499262645,0.316090936826047,0.569346845149994,527.761657714844
Jiangxi,628,1.74733333587647,1520,55.4989585876465,82,0.0555181677950237,0.00309992464135601,0.0727307499262645,0.316090936826047,0.569346845149994,527.761657714844
Jiangxi,629,1.774049949646,1550,58.1544914245606,51,0.0555181677950237,0.00309992464135601,0.0727307499262645,0.316090936826047,0.569346845149994,527.761657714844
Jiangxi,630,1.81426658630371,1607,59.8345375061035,23,0.0555181677950237,0.00309992464135601,0.0727307499262645,0.316090936826047,0.569346845149994,527.761657714844
Jiangxi,631,1.80993328094482,1663,62.0717735290527,42,0.0555181677950237,0.00309992464135601,0.0727307499262645,0.316090936826047,0.569346845149994,527.761657714844
Jiangxi,632,1.8326000213623,1746,62.7625389099121,53,0.0555181677950237,0.00309992464135601,0.0727307499262645,0.316090936826047,0.569346845149994,527.761657714844
Jiangxi,633,1.76940002441406,1816,62.4754791259766,242,0.0555181677950237,0.00309992464135601,0.0727307499262645,0.316090936826047,0.569346845149994,527.761657714844
Jiangxi,634,1.71494998931885,1817,62.8181686401367,404,0.0555181677950237,0.00309992464135601,0.0727307499262645,0.316090936826047,0.569346845149994,527.761657714844
Jiangxi,691,1.52936668395996,1596,54.1378021240234,497,0.0555181677950237,0.00309992464135601,0.0727307499262645,0.316090936826047,0.569346845149994,527.761657714844
Jiangxi,692,1.2941499710083,1774,53.735237121582,1017,0.0555181677950237,0.00309992464135601,0.0727307499262645,0.316090936826047,0.569346845149994,527.761657714844
Jiangxi,693,1.74638328552246,1522,59.0362739562988,65,0.0555181677950237,0.00309992464135601,0.0727307499262645,0.316090936826047,0.569346845149994,527.761657714844
Jiangxi,694,1.80983333587647,1579,59.8216094970703,18,0.0555181677950237,0.00309992464135601,0.0727307499262645,0.316090936826047,0.569346845149994,527.761657714844
Jiangxi,695,1.77343330383301,1606,60.9011383056641,19,0.0555181677950237,0.00309992464135601,0.0727307499262645,0.316090936826047,0.569346845149994,527.761657714844
Jiangxi,696,1.78864994049072,1727,61.8857269287109,71,0.0555181677950237,0.00309992464135601,0.0727307499262645,0.316090936826047,0.569346845149994,527.761657714844
Jiangxi,697,1.8125,1765,61.2626724243164,80,0.0555181677950237,0.00309992464135601,0.0727307499262645,0.316090936826047,0.569346845149994,527.761657714844
Jiangxi,698,1.84594993591309,1746,60.0961074829102,105,0.0555181677950237,0.00309992464135601,0.0727307499262645,0.316090936826047,0.569346845149994,527.761657714844
Jiangxi,699,1.59215002059937,1824,58.0867576599121,598,0.0555181677950237,0.00309992464135601,0.0727307499262645,0.316090936826047,0.569346845149994,527.761657714844
Jiangxi,760,1.53481664657593,1553,55.4245491027832,479,0.0555181677950237,0.00309992464135601,0.0727307499262645,0.316090936826047,0.569346845149994,527.761657714844
Jiangxi,761,1.69771671295166,1489,57.0999374389649,123,0.0555181677950237,0.00309992464135601,0.0727307499262645,0.316090936826047,0.569346845149994,527.761657714844
Jiangxi,762,1.62835006713867,1540,56.5845069885254,285,0.0555181677950237,0.00309992464135601,0.0727307499262645,0.316090936826047,0.569346845149994,527.761657714844
Jiangxi,763,1.75803337097168,1487,56.9842376708984,16,0.0555181677950237,0.00309992464135601,0.0727307499262645,0.316090936826047,0.569346845149994,527.761657714844
Jiangxi,764,1.76006660461426,1547,58.2762222290039,10,0.0555181677950237,0.00309992464135601,0.0727307499262645,0.316090936826047,0.569346845149994,527.761657714844
Jiangxi,765,1.78236675262451,1657,59.249641418457,49,0.0555181677950237,0.00309992464135601,0.0727307499262645,0.316090936826047,0.569346845149994,527.761657714844
Jiangxi,766,1.77228336334229,1694,59.510986328125,75,0.0555181677950237,0.00309992464135601,0.0727307499262645,0.316090936826047,0.569346845149994,527.761657714844
Jiangxi,767,1.39556665420532,1970,55.7382926940918,886,0.0555181677950237,0.00309992464135601,0.0727307499262645,0.316090936826047,0.569346845149994,527.761657714844
Jiangxi,833,1.52546663284302,1563,54.7995109558106,481,0.0555181677950237,0.00309992464135601,0.0727307499262645,0.316090936826047,0.569346845149994,527.761657714844
Jiangxi,834,1.23998336791992,1817,54.4890022277832,1087,0.0555181677950237,0.00309992464135601,0.0727307499262645,0.316090936826047,0.569346845149994,527.761657714844
Jiangxi,835,1.709983253479,1522,55.4441604614258,77,0.0555181677950237,0.00309992464135601,0.0727307499262645,0.316090936826047,0.569346845149994,527.761657714844
Jiangxi,836,1.66926670074463,1648,57.4880294799805,204,0.0555181677950237,0.00309992464135601,0.0727307499262645,0.316090936826047,0.569346845149994,527.761657714844
Jiangxi,837,1.61518325805664,1726,57.3709907531738,310,0.0555181677950237,0.00309992464135601,0.0727307499262645,0.316090936826047,0.569346845149994,527.761657714844
Jiangxi,838,1.65648326873779,1677,57.5923881530762,216,0.0555181677950237,0.00309992464135601,0.0727307499262645,0.316090936826047,0.569346845149994,527.761657714844
Jilin,2958,0.631850004196167,968,102.734268188477,353,0.073517564422611,0.0130584389103411,0.022873542755,0.114589651661273,0.155867040157318,227.166778564453
Jilin,3024,0.502533340454102,937,99.5461883544922,492,0.073517564422611,0.0130584389103411,0.022873542755,0.114589651661273,0.155867040157318,227.166778564453
Jilin,3025,0.655933332443237,900,100.243659973145,347,0.073517564422611,0.0130584389103411,0.022873542755,0.114589651661273,0.155867040157318,227.166778564453
Jilin,3086,0.441116666793823,871,98.9767456054688,544,0.073517564422611,0.0130584389103411,0.022873542755,0.114589651661273,0.155867040157318,227.166778564453
Jilin,3087,0.428833341598511,885,97.7514877319336,571,0.073517564422611,0.0130584389103411,0.022873542755,0.114589651661273,0.155867040157318,227.166778564453
Jilin,3088,0.462050008773804,883,97.9771575927735,625,0.073517564422611,0.0130584389103411,0.022873542755,0.114589651661273,0.155867040157318,227.166778564453
Jilin,3089,0.175549983978271,782,96.6971740722656,1040,0.073517564422611,0.0130584389103411,0.022873542755,0.114589651661273,0.155867040157318,227.166778564453
Jilin,3143,0.510550022125244,796,99.2443237304688,373,0.073517564422611,0.0130584389103411,0.022873542755,0.114589651661273,0.155867040157318,227.166778564453
Jilin,3144,0.48914999961853,810,98.0910873413086,382,0.073517564422611,0.0130584389103411,0.022873542755,0.114589651661273,0.155867040157318,227.166778564453
Jilin,3145,0.311949992179871,849,98.3651657104492,786,0.073517564422611,0.0130584389103411,0.022873542755,0.114589651661273,0.155867040157318,227.166778564453
Jilin,3146,0.311316680908203,791,97.5777435302734,767,0.073517564422611,0.0130584389103411,0.022873542755,0.114589651661273,0.155867040157318,227.166778564453
Jilin,3147,0.111699998378754,770,97.9321365356445,1114,0.073517564422611,0.0130584389103411,0.022873542755,0.114589651661273,0.155867040157318,227.166778564453
Jilin,3195,0.53546667098999,705,103.214836120605,333,0.073517564422611,0.0130584389103411,0.022873542755,0.114589651661273,0.155867040157318,227.166778564453
Jilin,3196,0.453583335876465,753,101.240013122559,375,0.073517564422611,0.0130584389103411,0.022873542755,0.114589651661273,0.155867040157318,227.166778564453
Jilin,3197,0.477699995040894,757,99.7112579345703,323,0.073517564422611,0.0130584389103411,0.022873542755,0.114589651661273,0.155867040157318,227.166778564453
Jilin,3198,0.359366679191589,787,97.9448852539063,629,0.073517564422611,0.0130584389103411,0.022873542755,0.114589651661273,0.155867040157318,227.166778564453
Jilin,3199,0.337199997901917,745,96.6572189331055,644,0.073517564422611,0.0130584389103411,0.022873542755,0.114589651661273,0.155867040157318,227.166778564453
Jilin,3200,0.211099982261658,718,97.78173828125,915,0.073517564422611,0.0130584389103411,0.022873542755,0.114589651661273,0.155867040157318,227.166778564453
Jilin,3201,0.183516669273376,685,96.8244552612305,981,0.073517564422611,0.0130584389103411,0.022873542755,0.114589651661273,0.155867040157318,227.166778564453
Jilin,3245,0.59980001449585,600,106.750259399414,178,0.073517564422611,0.0130584389103411,0.022873542755,0.114589651661273,0.155867040157318,227.166778564453
Jilin,3246,0.489566659927368,659,103.376091003418,256,0.073517564422611,0.0130584389103411,0.022873542755,0.114589651661273,0.155867040157318,227.166778564453
Jilin,3247,0.410750007629395,701,104.227966308594,368,0.073517564422611,0.0130584389103411,0.022873542755,0.114589651661273,0.155867040157318,227.166778564453
Jilin,3248,0.384999990463257,738,100.876159667969,389,0.073517564422611,0.0130584389103411,0.022873542755,0.114589651661273,0.155867040157318,227.166778564453
Jilin,3249,0.439949989318848,716,98.2051773071289,315,0.073517564422611,0.0130584389103411,0.022873542755,0.114589651661273,0.155867040157318,227.166778564453
Jilin,3250,0.27976667881012,721,99.0329284667969,713,0.073517564422611,0.0130584389103411,0.022873542755,0.114589651661273,0.155867040157318,227.166778564453
Jilin,3251,0.307833337783814,655,96.5268707275391,582,0.073517564422611,0.0130584389103411,0.022873542755,0.114589651661273,0.155867040157318,227.166778564453
Jilin,3252,0.133616673946381,677,99.3130722045898,1022,0.073517564422611,0.0130584389103411,0.022873542755,0.114589651661273,0.155867040157318,227.166778564453
Jilin,3253,0.250783324241638,657,95.0507278442383,882,0.073517564422611,0.0130584389103411,0.022873542755,0.114589651661273,0.155867040157318,227.166778564453
Jilin,3293,0.61158332824707,482,117.569725036621,187,0.073517564422611,0.0130584389103411,0.022873542755,0.114589651661273,0.155867040157318,227.166778564453
Jilin,3294,0.533566665649414,543,112.599098205566,175,0.073517564422611,0.0130584389103411,0.022873542755,0.114589651661273,0.155867040157318,227.166778564453
Jilin,3295,0.492066669464111,597,110.607215881348,219,0.073517564422611,0.0130584389103411,0.022873542755,0.114589651661273,0.155867040157318,227.166778564453
Jilin,3296,0.441300010681152,651,105.272354125977,217,0.073517564422611,0.0130584389103411,0.022873542755,0.114589651661273,0.155867040157318,227.166778564453
Jilin,3297,0.349733328819275,703,102.779426574707,359,0.073517564422611,0.0130584389103411,0.022873542755,0.114589651661273,0.155867040157318,227.166778564453
Jilin,3298,0.36928334236145,688,100.604774475098,384,0.073517564422611,0.0130584389103411,0.022873542755,0.114589651661273,0.155867040157318,227.166778564453
Jilin,3299,0.108000004291534,712,101.422706604004,915,0.073517564422611,0.0130584389103411,0.022873542755,0.114589651661273,0.155867040157318,227.166778564453
Jilin,3300,0.30881667137146,635,98.3124389648438,571,0.073517564422611,0.0130584389103411,0.022873542755,0.114589651661273,0.155867040157318,227.166778564453
Jilin,3301,0.372916674613953,597,96.3270950317383,479,0.073517564422611,0.0130584389103411,0.022873542755,0.114589651661273,0.155867040157318,227.166778564453
Jilin,3302,0.427850008010864,573,96.9310913085938,424,0.073517564422611,0.0130584389103411,0.022873542755,0.114589651661273,0.155867040157318,227.166778564453
Jilin,3333,0.653900003433228,437,117.541954040527,169,0.073517564422611,0.0130584389103411,0.022873542755,0.114589651661273,0.155867040157318,227.166778564453
Jilin,3334,0.653450012207031,433,121.712539672852,155,0.073517564422611,0.0130584389103411,0.022873542755,0.114589651661273,0.155867040157318,227.166778564453
Jilin,3335,0.632649993896484,456,117.857467651367,147,0.073517564422611,0.0130584389103411,0.022873542755,0.114589651661273,0.155867040157318,227.166778564453
Jilin,3336,0.568083333969116,463,120.294975280762,195,0.073517564422611,0.0130584389103411,0.022873542755,0.114589651661273,0.155867040157318,227.166778564453
Jilin,3337,0.506866645812988,515,116.376190185547,234,0.073517564422611,0.0130584389103411,0.022873542755,0.114589651661273,0.155867040157318,227.166778564453
Jilin,3338,0.495483350753784,560,114.051712036133,182,0.073517564422611,0.0130584389103411,0.022873542755,0.114589651661273,0.155867040157318,227.166778564453
Jilin,3339,0.40455002784729,621,109.887588500977,266,0.073517564422611,0.0130584389103411,0.022873542755,0.114589651661273,0.155867040157318,227.166778564453
Jilin,3340,0.358166670799255,654,104.505912780762,199,0.073517564422611,0.0130584389103411,0.022873542755,0.114589651661273,0.155867040157318,227.166778564453
Jilin,3341,0.137083339691162,709,103.544380187988,826,0.073517564422611,0.0130584389103411,0.022873542755,0.114589651661273,0.155867040157318,227.166778564453
Jilin,3342,0.278183341026306,643,100.835884094238,509,0.073517564422611,0.0130584389103411,0.022873542755,0.114589651661273,0.155867040157318,227.166778564453
Jilin,3343,0.366416668891907,596,100.121116638184,393,0.073517564422611,0.0130584389103411,0.022873542755,0.114589651661273,0.155867040157318,227.166778564453
Jilin,3345,0.434966659545898,560,95.4878997802734,282,0.073517564422611,0.0130584389103411,0.022873542755,0.114589651661273,0.155867040157318,227.166778564453
Jilin,3346,0.235383319854736,619,94.9641876220703,698,0.073517564422611,0.0130584389103411,0.022873542755,0.114589651661273,0.155867040157318,227.166778564453
Jilin,3347,0.21324999332428,673,90.0056076049805,781,0.073517564422611,0.0130584389103411,0.022873542755,0.114589651661273,0.155867040157318,227.166778564453
Jilin,3373,0.60683331489563,400,124.754280090332,165,0.073517564422611,0.0130584389103411,0.022873542755,0.114589651661273,0.155867040157318,227.166778564453
Jilin,3374,0.612316656112671,447,116.717124938965,149,0.073517564422611,0.0130584389103411,0.022873542755,0.114589651661273,0.155867040157318,227.166778564453
Jilin,3375,0.59413332939148,432,122.038597106934,145,0.073517564422611,0.0130584389103411,0.022873542755,0.114589651661273,0.155867040157318,227.166778564453
Jilin,3376,0.53803334236145,456,119.973503112793,156,0.073517564422611,0.0130584389103411,0.022873542755,0.114589651661273,0.155867040157318,227.166778564453
Jilin,3377,0.460400009155273,505,117.031059265137,235,0.073517564422611,0.0130584389103411,0.022873542755,0.114589651661273,0.155867040157318,227.166778564453
Jilin,3378,0.499883317947388,533,114.835418701172,157,0.073517564422611,0.0130584389103411,0.022873542755,0.114589651661273,0.155867040157318,227.166778564453
Jilin,3379,0.44375,584,110.507827758789,210,0.073517564422611,0.0130584389103411,0.022873542755,0.114589651661273,0.155867040157318,227.166778564453
Jilin,3380,0.364049983024597,627,103.030372619629,204,0.073517564422611,0.0130584389103411,0.022873542755,0.114589651661273,0.155867040157318,227.166778564453
Jilin,3381,0.326200008392334,614,103.935737609863,305,0.073517564422611,0.0130584389103411,0.022873542755,0.114589651661273,0.155867040157318,227.166778564453
Jilin,3385,0.22409999370575,605,98.3749008178711,720,0.073517564422611,0.0130584389103411,0.022873542755,0.114589651661273,0.155867040157318,227.166778564453
Jilin,3386,0.350283336639404,593,90.966667175293,451,0.073517564422611,0.0130584389103411,0.022873542755,0.114589651661273,0.155867040157318,227.166778564453
Jilin,3414,0.568816661834717,417,121.711929321289,157,0.073517564422611,0.0130584389103411,0.022873542755,0.114589651661273,0.155867040157318,227.166778564453
Jilin,3415,0.584250020980835,429,121.481094360352,143,0.073517564422611,0.0130584389103411,0.022873542755,0.114589651661273,0.155867040157318,227.166778564453
Jilin,3416,0.55149998664856,463,113.459213256836,134,0.073517564422611,0.0130584389103411,0.022873542755,0.114589651661273,0.155867040157318,227.166778564453
Jilin,3417,0.497333335876465,429,123.710266113281,126,0.073517564422611,0.0130584389103411,0.022873542755,0.114589651661273,0.155867040157318,227.166778564453
Jilin,3418,0.468333339691162,479,118.94100189209,138,0.073517564422611,0.0130584389103411,0.022873542755,0.114589651661273,0.155867040157318,227.166778564453
Jilin,3419,0.490733337402344,534,113.245475769043,206,0.073517564422611,0.0130584389103411,0.022873542755,0.114589651661273,0.155867040157318,227.166778564453
Jilin,3420,0.441083335876465,550,111.905212402344,175,0.073517564422611,0.0130584389103411,0.022873542755,0.114589651661273,0.155867040157318,227.166778564453
Jilin,3421,0.378749990463257,578,107.96858215332,193,0.073517564422611,0.0130584389103411,0.022873542755,0.114589651661273,0.155867040157318,227.166778564453
Jilin,3453,0.428049993515015,422,127.624435424805,373,0.073517564422611,0.0130584389103411,0.022873542755,0.114589651661273,0.155867040157318,227.166778564453
Jilin,3455,0.559083318710327,422,119.222854614258,138,0.073517564422611,0.0130584389103411,0.022873542755,0.114589651661273,0.155867040157318,227.166778564453
Jilin,3456,0.521199989318848,427,117.499160766602,126,0.073517564422611,0.0130584389103411,0.022873542755,0.114589651661273,0.155867040157318,227.166778564453
Jilin,3487,0.483316659927368,405,122.804336547852,131,0.073517564422611,0.0130584389103411,0.022873542755,0.114589651661273,0.155867040157318,227.166778564453
Liaoning,2640,0.977933311462402,632,105.716201782227,26,0.0863163654593768,0.0160916042924581,0.0709852748416341,0.241593679938866,0.2798932492733,239.773971557617
Liaoning,2641,0.97678337097168,694,103.086570739746,65,0.0863163654593768,0.0160916042924581,0.0709852748416341,0.241593679938866,0.2798932492733,239.773971557617
Liaoning,2718,0.934299945831299,580,124.076370239258,121,0.0863163654593768,0.0160916042924581,0.0709852748416341,0.241593679938866,0.2798932492733,239.773971557617
Liaoning,2719,0.778749990463257,714,107.431083679199,367,0.0863163654593768,0.0160916042924581,0.0709852748416341,0.241593679938866,0.2798932492733,239.773971557617
Liaoning,2720,0.870283317565918,775,106.049964904785,273,0.0863163654593768,0.0160916042924581,0.0709852748416341,0.241593679938866,0.2798932492733,239.773971557617
Liaoning,2721,0.972633361816406,837,101.199699401855,2,0.0863163654593768,0.0160916042924581,0.0709852748416341,0.241593679938866,0.2798932492733,239.773971557617
Liaoning,2722,0.930000019073486,918,100.514991760254,3,0.0863163654593768,0.0160916042924581,0.0709852748416341,0.241593679938866,0.2798932492733,239.773971557617
Liaoning,2796,0.796250009536743,517,122.642051696777,591,0.0863163654593768,0.0160916042924581,0.0709852748416341,0.241593679938866,0.2798932492733,239.773971557617
Liaoning,2797,0.825683307647705,529,122.332984924316,462,0.0863163654593768,0.0160916042924581,0.0709852748416341,0.241593679938866,0.2798932492733,239.773971557617
Liaoning,2798,0.876333332061768,538,123.428703308106,226,0.0863163654593768,0.0160916042924581,0.0709852748416341,0.241593679938866,0.2798932492733,239.773971557617
Liaoning,2799,0.878400039672852,563,119.002975463867,51,0.0863163654593768,0.0160916042924581,0.0709852748416341,0.241593679938866,0.2798932492733,239.773971557617
Liaoning,2800,0.905799961090088,672,108.194175720215,94,0.0863163654593768,0.0160916042924581,0.0709852748416341,0.241593679938866,0.2798932492733,239.773971557617
Liaoning,2801,0.774900007247925,786,106.527893066406,340,0.0863163654593768,0.0160916042924581,0.0709852748416341,0.241593679938866,0.2798932492733,239.773971557617
Liaoning,2802,0.844050025939941,870,105.068260192871,175,0.0863163654593768,0.0160916042924581,0.0709852748416341,0.241593679938866,0.2798932492733,239.773971557617
Liaoning,2803,0.846266651153565,955,104.404251098633,93,0.0863163654593768,0.0160916042924581,0.0709852748416341,0.241593679938866,0.2798932492733,239.773971557617
Liaoning,2874,0.721066665649414,496,120.442260742188,638,0.0863163654593768,0.0160916042924581,0.0709852748416341,0.241593679938866,0.2798932492733,239.773971557617
Liaoning,2875,0.727883338928223,523,121.31941986084,595,0.0863163654593768,0.0160916042924581,0.0709852748416341,0.241593679938866,0.2798932492733,239.773971557617
Liaoning,2876,0.846216678619385,529,120.902351379395,238,0.0863163654593768,0.0160916042924581,0.0709852748416341,0.241593679938866,0.2798932492733,239.773971557617
Liaoning,2877,0.894600009918213,575,110.524101257324,10,0.0863163654593768,0.0160916042924581,0.0709852748416341,0.241593679938866,0.2798932492733,239.773971557617
Liaoning,2878,0.910233306884766,594,109.508224487305,3,0.0863163654593768,0.0160916042924581,0.0709852748416341,0.241593679938866,0.2798932492733,239.773971557617
Liaoning,2879,0.902550029754639,655,104.99568939209,11,0.0863163654593768,0.0160916042924581,0.0709852748416341,0.241593679938866,0.2798932492733,239.773971557617
Liaoning,2880,0.761333322525024,752,106.785980224609,284,0.0863163654593768,0.0160916042924581,0.0709852748416341,0.241593679938866,0.2798932492733,239.773971557617
Liaoning,2881,0.731666660308838,883,105.287231445313,308,0.0863163654593768,0.0160916042924581,0.0709852748416341,0.241593679938866,0.2798932492733,239.773971557617
Liaoning,2882,0.782399988174439,939,104.375541687012,169,0.0863163654593768,0.0160916042924581,0.0709852748416341,0.241593679938866,0.2798932492733,239.773971557617
Liaoning,2883,0.816349983215332,969,102.663719177246,148,0.0863163654593768,0.0160916042924581,0.0709852748416341,0.241593679938866,0.2798932492733,239.773971557617
Liaoning,2948,0.638866662979126,467,118.098304748535,812,0.0863163654593768,0.0160916042924581,0.0709852748416341,0.241593679938866,0.2798932492733,239.773971557617
Liaoning,2949,0.827099990844727,476,121.227867126465,372,0.0863163654593768,0.0160916042924581,0.0709852748416341,0.241593679938866,0.2798932492733,239.773971557617
Liaoning,2950,0.84375,504,119.321716308594,247,0.0863163654593768,0.0160916042924581,0.0709852748416341,0.241593679938866,0.2798932492733,239.773971557617
Liaoning,2951,0.875333309173584,534,111.345016479492,85,0.0863163654593768,0.0160916042924581,0.0709852748416341,0.241593679938866,0.2798932492733,239.773971557617
Liaoning,2952,0.884899997711182,560,109.414405822754,6,0.0863163654593768,0.0160916042924581,0.0709852748416341,0.241593679938866,0.2798932492733,239.773971557617
Liaoning,2953,0.869883346557617,620,106.200607299805,9,0.0863163654593768,0.0160916042924581,0.0709852748416341,0.241593679938866,0.2798932492733,239.773971557617
Liaoning,2954,0.864266681671143,702,104.907783508301,53,0.0863163654593768,0.0160916042924581,0.0709852748416341,0.241593679938866,0.2798932492733,239.773971557617
Liaoning,2955,0.691683340072632,836,104.62190246582,359,0.0863163654593768,0.0160916042924581,0.0709852748416341,0.241593679938866,0.2798932492733,239.773971557617
Liaoning,2956,0.551550006866455,935,103.613693237305,530,0.0863163654593768,0.0160916042924581,0.0709852748416341,0.241593679938866,0.2798932492733,239.773971557617
Liaoning,2957,0.586483335494995,962,101.86979675293,392,0.0863163654593768,0.0160916042924581,0.0709852748416341,0.241593679938866,0.2798932492733,239.773971557617
Liaoning,3014,0.689099979400635,433,113.849082946777,605,0.0863163654593768,0.0160916042924581,0.0709852748416341,0.241593679938866,0.2798932492733,239.773971557617
Liaoning,3016,0.814883327484131,472,116.547309875488,209,0.0863163654593768,0.0160916042924581,0.0709852748416341,0.241593679938866,0.2798932492733,239.773971557617
Liaoning,3017,0.822900009155273,495,112.007377624512,128,0.0863163654593768,0.0160916042924581,0.0709852748416341,0.241593679938866,0.2798932492733,239.773971557617
Liaoning,3018,0.859316635131836,534,109.912086486816,39,0.0863163654593768,0.0160916042924581,0.0709852748416341,0.241593679938866,0.2798932492733,239.773971557617
Liaoning,3019,0.826749992370606,608,102.10090637207,23,0.0863163654593768,0.0160916042924581,0.0709852748416341,0.241593679938866,0.2798932492733,239.773971557617
Liaoning,3020,0.829749965667725,665,101.37816619873,41,0.0863163654593768,0.0160916042924581,0.0709852748416341,0.241593679938866,0.2798932492733,239.773971557617
Liaoning,3021,0.72024998664856,766,103.01350402832,230,0.0863163654593768,0.0160916042924581,0.0709852748416341,0.241593679938866,0.2798932492733,239.773971557617
Liaoning,3022,0.552250003814697,876,102.042686462402,480,0.0863163654593768,0.0160916042924581,0.0709852748416341,0.241593679938866,0.2798932492733,239.773971557617
Liaoning,3023,0.473583316802979,927,100.888771057129,563,0.0863163654593768,0.0160916042924581,0.0709852748416341,0.241593679938866,0.2798932492733,239.773971557617
Liaoning,3080,0.735400009155273,481,112.488067626953,261,0.0863163654593768,0.0160916042924581,0.0709852748416341,0.241593679938866,0.2798932492733,239.773971557617
Liaoning,3081,0.790433359146118,514,108.126617431641,87,0.0863163654593768,0.0160916042924581,0.0709852748416341,0.241593679938866,0.2798932492733,239.773971557617
Liaoning,3082,0.786899995803833,565,105.582672119141,50,0.0863163654593768,0.0160916042924581,0.0709852748416341,0.241593679938866,0.2798932492733,239.773971557617
Liaoning,3083,0.762449979782105,620,102.813613891602,47,0.0863163654593768,0.0160916042924581,0.0709852748416341,0.241593679938866,0.2798932492733,239.773971557617
Liaoning,3084,0.639116668701172,736,103.6904296875,349,0.0863163654593768,0.0160916042924581,0.0709852748416341,0.241593679938866,0.2798932492733,239.773971557617
Liaoning,3085,0.628649997711182,794,99.8635787963867,265,0.0863163654593768,0.0160916042924581,0.0709852748416341,0.241593679938866,0.2798932492733,239.773971557617
Liaoning,3139,0.746649980545044,534,108.997375488281,109,0.0863163654593768,0.0160916042924581,0.0709852748416341,0.241593679938866,0.2798932492733,239.773971557617
Liaoning,3140,0.741166639328003,603,105.116317749023,121,0.0863163654593768,0.0160916042924581,0.0709852748416341,0.241593679938866,0.2798932492733,239.773971557617
Liaoning,3141,0.664783334732056,680,103.870933532715,244,0.0863163654593768,0.0160916042924581,0.0709852748416341,0.241593679938866,0.2798932492733,239.773971557617
Liaoning,3142,0.60538330078125,755,99.5876693725586,276,0.0863163654593768,0.0160916042924581,0.0709852748416341,0.241593679938866,0.2798932492733,239.773971557617
Liaoning,3193,0.723333311080933,561,107.98917388916,97,0.0863163654593768,0.0160916042924581,0.0709852748416341,0.241593679938866,0.2798932492733,239.773971557617
Liaoning,3194,0.63473334312439,650,105.586265563965,250,0.0863163654593768,0.0160916042924581,0.0709852748416341,0.241593679938866,0.2798932492733,239.773971557617
Liaoning,3244,0.693766641616821,515,112.529670715332,124,0.0863163654593768,0.0160916042924581,0.0709852748416341,0.241593679938866,0.2798932492733,239.773971557617
Ningxia,1723,0.636100006103516,544,80.8617477416992,1983,0.0390005142637616,0.00382240331042391,0.0480386607642616,0.106306392115411,0.272576898336411,104.000061035156
Ningxia,1795,0.650783348083496,436,83.621467590332,1928,0.0390005142637616,0.00382240331042391,0.0480386607642616,0.106306392115411,0.272576898336411,104.000061035156
Ningxia,1796,0.506150007247925,466,84.273681640625,2181,0.0390005142637616,0.00382240331042391,0.0480386607642616,0.106306392115411,0.272576898336411,104.000061035156
Ningxia,1797,0.803999996185303,492,84.1610107421875,1607,0.0390005142637616,0.00382240331042391,0.0480386607642616,0.106306392115411,0.272576898336411,104.000061035156
Ningxia,1868,0.492866659164429,401,86.1259231567383,2270,0.0390005142637616,0.00382240331042391,0.0480386607642616,0.106306392115411,0.272576898336411,104.000061035156
Ningxia,1869,0.824616622924805,374,87.5983428955078,1523,0.0390005142637616,0.00382240331042391,0.0480386607642616,0.106306392115411,0.272576898336411,104.000061035156
Ningxia,1941,0.791466665267944,292,93.1891098022461,1733,0.0390005142637616,0.00382240331042391,0.0480386607642616,0.106306392115411,0.272576898336411,104.000061035156
Ningxia,1942,0.870366668701172,320,91.4956207275391,1506,0.0390005142637616,0.00382240331042391,0.0480386607642616,0.106306392115411,0.272576898336411,104.000061035156
Ningxia,2013,0.727716684341431,223,96.8246002197266,1852,0.0390005142637616,0.00382240331042391,0.0480386607642616,0.106306392115411,0.272576898336411,104.000061035156
Ningxia,2014,0.782966661453247,249,96.8026809692383,1730,0.0390005142637616,0.00382240331042391,0.0480386607642616,0.106306392115411,0.272576898336411,104.000061035156
Ningxia,2015,0.784466695785523,288,92.9359512329102,1678,0.0390005142637616,0.00382240331042391,0.0480386607642616,0.106306392115411,0.272576898336411,104.000061035156
Ningxia,2016,0.834966659545898,316,92.9916687011719,1503,0.0390005142637616,0.00382240331042391,0.0480386607642616,0.106306392115411,0.272576898336411,104.000061035156
Ningxia,2017,0.809816646575928,377,91.17431640625,1506,0.0390005142637616,0.00382240331042391,0.0480386607642616,0.106306392115411,0.272576898336411,104.000061035156
Ningxia,2089,0.920600032806396,204,101.448539733887,1431,0.0390005142637616,0.00382240331042391,0.0480386607642616,0.106306392115411,0.272576898336411,104.000061035156
Ningxia,2090,0.90426664352417,241,97.424072265625,1383,0.0390005142637616,0.00382240331042391,0.0480386607642616,0.106306392115411,0.272576898336411,104.000061035156
Ningxia,2091,0.876200008392334,305,90.6860885620117,1363,0.0390005142637616,0.00382240331042391,0.0480386607642616,0.106306392115411,0.272576898336411,104.000061035156
Ningxia,2092,0.858966636657715,316,96.5860366821289,1376,0.0390005142637616,0.00382240331042391,0.0480386607642616,0.106306392115411,0.272576898336411,104.000061035156
Ningxia,2166,0.92368335723877,205,93.741455078125,1122,0.0390005142637616,0.00382240331042391,0.0480386607642616,0.106306392115411,0.272576898336411,104.000061035156
Ningxia,2167,0.83318338394165,245,100.371002197266,1357,0.0390005142637616,0.00382240331042391,0.0480386607642616,0.106306392115411,0.272576898336411,104.000061035156
Ningxia,2168,0.797333335876465,298,98.1902236938477,1420,0.0390005142637616,0.00382240331042391,0.0480386607642616,0.106306392115411,0.272576898336411,104.000061035156
Ningxia,2244,0.891216659545898,190,94.8411331176758,1111,0.0390005142637616,0.00382240331042391,0.0480386607642616,0.106306392115411,0.272576898336411,104.000061035156
Ningxia,2322,0.628433322906494,205,99.4402084350586,1675,0.0390005142637616,0.00382240331042391,0.0480386607642616,0.106306392115411,0.272576898336411,104.000061035156
Ningxia,2323,0.774866676330566,197,97.6677627563477,1096,0.0390005142637616,0.00382240331042391,0.0480386607642616,0.106306392115411,0.272576898336411,104.000061035156
Qinghai,1162,-0.0883833348751068,605,99.1235885620117,4602,0.0199916177277117,0.0135156883655631,0.019640334825541,0.025943770905657,0.129773244261742,109.420608520508
Qinghai,1163,-0.012849996984005,588,97.8979034423828,4448,0.0199916177277117,0.0135156883655631,0.019640334825541,0.025943770905657,0.129773244261742,109.420608520508
Qinghai,1164,0.280900001525879,536,97.6997299194336,3978,0.0199916177277117,0.0135156883655631,0.019640334825541,0.025943770905657,0.129773244261742,109.420608520508
Qinghai,1238,-0.0872333347797394,585,100.250480651855,4504,0.0199916177277117,0.0135156883655631,0.019640334825541,0.025943770905657,0.129773244261742,109.420608520508
Qinghai,1239,-0.0501666724681854,571,100.773422241211,4397,0.0199916177277117,0.0135156883655631,0.019640334825541,0.025943770905657,0.129773244261742,109.420608520508
Qinghai,1240,0.209300017356873,533,100.478172302246,4028,0.0199916177277117,0.0135156883655631,0.019640334825541,0.025943770905657,0.129773244261742,109.420608520508
Qinghai,1241,-0.145833337306976,590,96.5223999023438,4575,0.0199916177277117,0.0135156883655631,0.019640334825541,0.025943770905657,0.129773244261742,109.420608520508
Qinghai,1247,-0.342600011825562,696,88.7468414306641,4586,0.0199916177277117,0.0135156883655631,0.019640334825541,0.025943770905657,0.129773244261742,109.420608520508
Qinghai,1248,-0.123933339118958,720,88.7148132324219,4222,0.0199916177277117,0.0135156883655631,0.019640334825541,0.025943770905657,0.129773244261742,109.420608520508
Qinghai,1249,-0.19174998998642,747,87.7955780029297,4329,0.0199916177277117,0.0135156883655631,0.019640334825541,0.025943770905657,0.129773244261742,109.420608520508
Qinghai,1313,-0.402783346176147,527,105.65796661377,4897,0.0199916177277117,0.0135156883655631,0.019640334825541,0.025943770905657,0.129773244261742,109.420608520508
Qinghai,1314,-0.356599998474121,543,103.579345703125,4797,0.0199916177277117,0.0135156883655631,0.019640334825541,0.025943770905657,0.129773244261742,109.420608520508
Qinghai,1315,-0.48066668510437,594,101.222793579102,4988,0.0199916177277117,0.0135156883655631,0.019640334825541,0.025943770905657,0.129773244261742,109.420608520508
Qinghai,1316,-0.421299982070923,589,101.237594604492,4884,0.0199916177277117,0.0135156883655631,0.019640334825541,0.025943770905657,0.129773244261742,109.420608520508
Qinghai,1317,-0.473633337020874,605,99.1756134033203,4920,0.0199916177277117,0.0135156883655631,0.019640334825541,0.025943770905657,0.129773244261742,109.420608520508
Qinghai,1318,-0.237483334541321,567,99.3488082885742,4531,0.0199916177277117,0.0135156883655631,0.019640334825541,0.025943770905657,0.129773244261742,109.420608520508
Qinghai,1319,-0.0998499929904938,558,98.7027435302734,4439,0.0199916177277117,0.0135156883655631,0.019640334825541,0.025943770905657,0.129773244261742,109.420608520508
Qinghai,1320,-0.0707666754722595,544,96.8158798217774,4260,0.0199916177277117,0.0135156883655631,0.019640334825541,0.025943770905657,0.129773244261742,109.420608520508
Qinghai,1324,-0.363016676902771,624,90.5231475830078,4597,0.0199916177277117,0.0135156883655631,0.019640334825541,0.025943770905657,0.129773244261742,109.420608520508
Qinghai,1325,-0.223850011825562,659,88.9834976196289,4329,0.0199916177277117,0.0135156883655631,0.019640334825541,0.025943770905657,0.129773244261742,109.420608520508
Qinghai,1326,-0.169033324718475,711,87.5405120849609,4284,0.0199916177277117,0.0135156883655631,0.019640334825541,0.025943770905657,0.129773244261742,109.420608520508
Qinghai,1389,-0.687733316421509,435,115.422760009766,5255,0.0199916177277117,0.0135156883655631,0.019640334825541,0.025943770905657,0.129773244261742,109.420608520508
Qinghai,1390,-0.641449975967407,450,112.960548400879,5223,0.0199916177277117,0.0135156883655631,0.019640334825541,0.025943770905657,0.129773244261742,109.420608520508
Qinghai,1391,-0.412383365631104,436,109.933227539063,4816,0.0199916177277117,0.0135156883655631,0.019640334825541,0.025943770905657,0.129773244261742,109.420608520508
Qinghai,1392,-0.362566661834717,461,108.061370849609,4784,0.0199916177277117,0.0135156883655631,0.019640334825541,0.025943770905657,0.129773244261742,109.420608520508
Qinghai,1393,-0.317866659164429,485,105.794799804688,4688,0.0199916177277117,0.0135156883655631,0.019640334825541,0.025943770905657,0.129773244261742,109.420608520508
Qinghai,1394,-0.265533328056335,503,102.622718811035,4611,0.0199916177277117,0.0135156883655631,0.019640334825541,0.025943770905657,0.129773244261742,109.420608520508
Qinghai,1395,-0.283633327484131,523,102.67748260498,4559,0.0199916177277117,0.0135156883655631,0.019640334825541,0.025943770905657,0.129773244261742,109.420608520508
Qinghai,1396,-0.496549987792969,569,100.755325317383,4852,0.0199916177277117,0.0135156883655631,0.019640334825541,0.025943770905657,0.129773244261742,109.420608520508
Qinghai,1397,-0.508866691589356,571,99.732292175293,4862,0.0199916177277117,0.0135156883655631,0.019640334825541,0.025943770905657,0.129773244261742,109.420608520508
Qinghai,1398,0.118699991703033,481,99.9048156738281,3918,0.0199916177277117,0.0135156883655631,0.019640334825541,0.025943770905657,0.129773244261742,109.420608520508
Qinghai,1399,-0.198799991607666,520,96.7242660522461,4311,0.0199916177277117,0.0135156883655631,0.019640334825541,0.025943770905657,0.129773244261742,109.420608520508
Qinghai,1402,-0.411816692352295,563,91.0007858276367,4511,0.0199916177277117,0.0135156883655631,0.019640334825541,0.025943770905657,0.129773244261742,109.420608520508
Qinghai,1403,-0.238666677474976,574,91.1407470703125,4322,0.0199916177277117,0.0135156883655631,0.019640334825541,0.025943770905657,0.129773244261742,109.420608520508
Qinghai,1404,-0.23125,624,90.1900405883789,4237,0.0199916177277117,0.0135156883655631,0.019640334825541,0.025943770905657,0.129773244261742,109.420608520508
Qinghai,1405,-0.317149996757507,681,88.9502410888672,4324,0.0199916177277117,0.0135156883655631,0.019640334825541,0.025943770905657,0.129773244261742,109.420608520508
Qinghai,1406,-0.274416661262512,720,88.1124114990234,4242,0.0199916177277117,0.0135156883655631,0.019640334825541,0.025943770905657,0.129773244261742,109.420608520508
Qinghai,1465,-0.669966650009155,388,118.837554931641,5281,0.0199916177277117,0.0135156883655631,0.019640334825541,0.025943770905657,0.129773244261742,109.420608520508
Qinghai,1466,-0.930500030517578,430,119.147163391113,5710,0.0199916177277117,0.0135156883655631,0.019640334825541,0.025943770905657,0.129773244261742,109.420608520508
Qinghai,1467,-0.553350019454956,381,116.810447692871,5011,0.0199916177277117,0.0135156883655631,0.019640334825541,0.025943770905657,0.129773244261742,109.420608520508
Qinghai,1468,-0.721216678619385,408,115.737533569336,5197,0.0199916177277117,0.0135156883655631,0.019640334825541,0.025943770905657,0.129773244261742,109.420608520508
Qinghai,1469,-0.327600002288818,373,112.297943115234,4659,0.0199916177277117,0.0135156883655631,0.019640334825541,0.025943770905657,0.129773244261742,109.420608520508
Qinghai,1470,-0.336133337020874,393,110.265693664551,4631,0.0199916177277117,0.0135156883655631,0.019640334825541,0.025943770905657,0.129773244261742,109.420608520508
Qinghai,1471,-0.28841667175293,414,106.640525817871,4548,0.0199916177277117,0.0135156883655631,0.019640334825541,0.025943770905657,0.129773244261742,109.420608520508
Qinghai,1472,-0.491699981689453,477,104.461006164551,4831,0.0199916177277117,0.0135156883655631,0.019640334825541,0.025943770905657,0.129773244261742,109.420608520508
Qinghai,1473,-0.717399978637695,531,101.193992614746,5093,0.0199916177277117,0.0135156883655631,0.019640334825541,0.025943770905657,0.129773244261742,109.420608520508
Qinghai,1474,-0.465483331680298,515,102.259384155273,4824,0.0199916177277117,0.0135156883655631,0.019640334825541,0.025943770905657,0.129773244261742,109.420608520508
Qinghai,1475,-0.162933325767517,463,101.627792358398,4224,0.0199916177277117,0.0135156883655631,0.019640334825541,0.025943770905657,0.129773244261742,109.420608520508
Qinghai,1476,-0.276066660881043,485,99.2557220458984,4335,0.0199916177277117,0.0135156883655631,0.019640334825541,0.025943770905657,0.129773244261742,109.420608520508
Qinghai,1477,-0.464716672897339,506,95.877082824707,4490,0.0199916177277117,0.0135156883655631,0.019640334825541,0.025943770905657,0.129773244261742,109.420608520508
Qinghai,1480,-0.345000004768372,497,91.3714447021484,4358,0.0199916177277117,0.0135156883655631,0.019640334825541,0.025943770905657,0.129773244261742,109.420608520508
Qinghai,1481,-0.237766671180725,516,91.6345062255859,4179,0.0199916177277117,0.0135156883655631,0.019640334825541,0.025943770905657,0.129773244261742,109.420608520508
Qinghai,1482,-0.261899995803833,578,90.8338851928711,4224,0.0199916177277117,0.0135156883655631,0.019640334825541,0.025943770905657,0.129773244261742,109.420608520508
Qinghai,1483,-0.358550000190735,651,89.7944717407227,4368,0.0199916177277117,0.0135156883655631,0.019640334825541,0.025943770905657,0.129773244261742,109.420608520508
Qinghai,1542,-0.503700017929077,323,118.514060974121,5007,0.0199916177277117,0.0135156883655631,0.019640334825541,0.025943770905657,0.129773244261742,109.420608520508
Qinghai,1543,-0.68361668586731,353,119.894187927246,5242,0.0199916177277117,0.0135156883655631,0.019640334825541,0.025943770905657,0.129773244261742,109.420608520508
Qinghai,1544,-0.599749994277954,338,120.465148925781,5028,0.0199916177277117,0.0135156883655631,0.019640334825541,0.025943770905657,0.129773244261742,109.420608520508
Qinghai,1545,-0.448099994659424,321,118.845680236816,4794,0.0199916177277117,0.0135156883655631,0.019640334825541,0.025943770905657,0.129773244261742,109.420608520508
Qinghai,1546,-0.366116666793823,305,117.305282592773,4623,0.0199916177277117,0.0135156883655631,0.019640334825541,0.025943770905657,0.129773244261742,109.420608520508
Qinghai,1547,-0.309866666793823,313,114.287712097168,4530,0.0199916177277117,0.0135156883655631,0.019640334825541,0.025943770905657,0.129773244261742,109.420608520508
Qinghai,1548,-0.281683349609375,331,109.800308227539,4464,0.0199916177277117,0.0135156883655631,0.019640334825541,0.025943770905657,0.129773244261742,109.420608520508
Qinghai,1549,-0.396099996566772,382,108.218948364258,4695,0.0199916177277117,0.0135156883655631,0.019640334825541,0.025943770905657,0.129773244261742,109.420608520508
Qinghai,1550,-0.465416669845581,407,105.514976501465,4715,0.0199916177277117,0.0135156883655631,0.019640334825541,0.025943770905657,0.129773244261742,109.420608520508
Qinghai,1551,-0.453566646575928,424,103.73649597168,4665,0.0199916177277117,0.0135156883655631,0.019640334825541,0.025943770905657,0.129773244261742,109.420608520508
Qinghai,1552,-0.169483327865601,398,103.153671264648,4203,0.0199916177277117,0.0135156883655631,0.019640334825541,0.025943770905657,0.129773244261742,109.420608520508
Qinghai,1553,-0.567616653442383,465,100.886604309082,4716,0.0199916177277117,0.0135156883655631,0.019640334825541,0.025943770905657,0.129773244261742,109.420608520508
Qinghai,1554,-0.535699987411499,459,98.0214691162109,4636,0.0199916177277117,0.0135156883655631,0.019640334825541,0.025943770905657,0.129773244261742,109.420608520508
Qinghai,1555,-0.530299997329712,456,94.8434371948242,4563,0.0199916177277117,0.0135156883655631,0.019640334825541,0.025943770905657,0.129773244261742,109.420608520508
Qinghai,1556,-0.612550020217896,458,92.6779022216797,4693,0.0199916177277117,0.0135156883655631,0.019640334825541,0.025943770905657,0.129773244261742,109.420608520508
Qinghai,1557,-0.456750011444092,428,92.7953109741211,4433,0.0199916177277117,0.0135156883655631,0.019640334825541,0.025943770905657,0.129773244261742,109.420608520508
Qinghai,1558,-0.400699996948242,442,90.9345626831055,4323,0.0199916177277117,0.0135156883655631,0.019640334825541,0.025943770905657,0.129773244261742,109.420608520508
Qinghai,1559,-0.627449989318848,537,89.2757568359375,4672,0.0199916177277117,0.0135156883655631,0.019640334825541,0.025943770905657,0.129773244261742,109.420608520508
Qinghai,1560,-0.349283337593079,534,92.7324829101562,4249,0.0199916177277117,0.0135156883655631,0.019640334825541,0.025943770905657,0.129773244261742,109.420608520508
Qinghai,1561,-0.199316668510437,582,93.5361633300781,3992,0.0199916177277117,0.0135156883655631,0.019640334825541,0.025943770905657,0.129773244261742,109.420608520508
Qinghai,1562,0.0446333229541779,583,92.1911849975586,3541,0.0199916177277117,0.0135156883655631,0.019640334825541,0.025943770905657,0.129773244261742,109.420608520508
Qinghai,1563,-0.184799993038178,649,89.643798828125,4003,0.0199916177277117,0.0135156883655631,0.019640334825541,0.025943770905657,0.129773244261742,109.420608520508
Qinghai,1619,-0.626200008392334,300,120.21363067627,5141,0.0199916177277117,0.0135156883655631,0.019640334825541,0.025943770905657,0.129773244261742,109.420608520508
Qinghai,1620,-0.814816665649414,329,121.08341217041,5326,0.0199916177277117,0.0135156883655631,0.019640334825541,0.025943770905657,0.129773244261742,109.420608520508
Qinghai,1621,-0.558850002288818,304,118.706672668457,4921,0.0199916177277117,0.0135156883655631,0.019640334825541,0.025943770905657,0.129773244261742,109.420608520508
Qinghai,1622,-0.459700012207031,280,118.982536315918,4708,0.0199916177277117,0.0135156883655631,0.019640334825541,0.025943770905657,0.129773244261742,109.420608520508
Qinghai,1623,-0.456216669082642,289,118.429267883301,4748,0.0199916177277117,0.0135156883655631,0.019640334825541,0.025943770905657,0.129773244261742,109.420608520508
Qinghai,1624,-0.431750011444092,299,116.076240539551,4689,0.0199916177277117,0.0135156883655631,0.019640334825541,0.025943770905657,0.129773244261742,109.420608520508
Qinghai,1625,-0.377049994468689,312,112.227836608887,4606,0.0199916177277117,0.0135156883655631,0.019640334825541,0.025943770905657,0.129773244261742,109.420608520508
Qinghai,1626,-0.317916655540466,319,108.348114013672,4547,0.0199916177277117,0.0135156883655631,0.019640334825541,0.025943770905657,0.129773244261742,109.420608520508
Qinghai,1627,-0.491366672515869,366,107.643264770508,4781,0.0199916177277117,0.0135156883655631,0.019640334825541,0.025943770905657,0.129773244261742,109.420608520508
Qinghai,1628,-0.294916677474976,337,105.045997619629,4437,0.0199916177277117,0.0135156883655631,0.019640334825541,0.025943770905657,0.129773244261742,109.420608520508
Qinghai,1629,-0.330550003051758,361,103.309066772461,4426,0.0199916177277117,0.0135156883655631,0.019640334825541,0.025943770905657,0.129773244261742,109.420608520508
Qinghai,1630,-0.601733350753784,410,100.09561920166,4737,0.0199916177277117,0.0135156883655631,0.019640334825541,0.025943770905657,0.129773244261742,109.420608520508
Qinghai,1631,-0.513516664505005,393,98.3282165527344,4576,0.0199916177277117,0.0135156883655631,0.019640334825541,0.025943770905657,0.129773244261742,109.420608520508
Qinghai,1632,-0.395283341407776,360,96.4412612915039,4357,0.0199916177277117,0.0135156883655631,0.019640334825541,0.025943770905657,0.129773244261742,109.420608520508
Qinghai,1633,-0.381816673278809,345,92.467529296875,4317,0.0199916177277117,0.0135156883655631,0.019640334825541,0.025943770905657,0.129773244261742,109.420608520508
Qinghai,1634,-0.347266674041748,345,92.311882019043,4231,0.0199916177277117,0.0135156883655631,0.019640334825541,0.025943770905657,0.129773244261742,109.420608520508
Qinghai,1635,-0.608433341979981,434,90.625732421875,4634,0.0199916177277117,0.0135156883655631,0.019640334825541,0.025943770905657,0.129773244261742,109.420608520508
Qinghai,1636,-0.900316619873047,532,87.1067504882813,5067,0.0199916177277117,0.0135156883655631,0.019640334825541,0.025943770905657,0.129773244261742,109.420608520508
Qinghai,1637,-0.223816657066345,477,96.9423980712891,4051,0.0199916177277117,0.0135156883655631,0.019640334825541,0.025943770905657,0.129773244261742,109.420608520508
Qinghai,1638,-0.157866668701172,514,96.3730545043945,3863,0.0199916177277117,0.0135156883655631,0.019640334825541,0.025943770905657,0.129773244261742,109.420608520508
Qinghai,1639,-0.220416665077209,576,93.6675872802734,4003,0.0199916177277117,0.0135156883655631,0.019640334825541,0.025943770905657,0.129773244261742,109.420608520508
Qinghai,1640,-0.0308000028133392,580,92.2781448364258,3652,0.0199916177277117,0.0135156883655631,0.019640334825541,0.025943770905657,0.129773244261742,109.420608520508
Qinghai,1694,-0.783799982070923,285,122.322738647461,5282,0.0199916177277117,0.0135156883655631,0.019640334825541,0.025943770905657,0.129773244261742,109.420608520508
Qinghai,1695,-0.60886664390564,271,121.53702545166,4957,0.0199916177277117,0.0135156883655631,0.019640334825541,0.025943770905657,0.129773244261742,109.420608520508
Qinghai,1696,-0.667933320999146,284,120.601783752441,5057,0.0199916177277117,0.0135156883655631,0.019640334825541,0.025943770905657,0.129773244261742,109.420608520508
Qinghai,1697,-0.618450021743774,277,120.557777404785,4934,0.0199916177277117,0.0135156883655631,0.019640334825541,0.025943770905657,0.129773244261742,109.420608520508
Qinghai,1698,-0.57906665802002,280,116.676193237305,4837,0.0199916177277117,0.0135156883655631,0.019640334825541,0.025943770905657,0.129773244261742,109.420608520508
Qinghai,1699,-0.506166648864746,276,116.001892089844,4692,0.0199916177277117,0.0135156883655631,0.019640334825541,0.025943770905657,0.129773244261742,109.420608520508
Qinghai,1700,-0.392350006103516,279,111.168251037598,4558,0.0199916177277117,0.0135156883655631,0.019640334825541,0.025943770905657,0.129773244261742,109.420608520508
Qinghai,1701,-0.513466644287109,308,109.182136535645,4763,0.0199916177277117,0.0135156883655631,0.019640334825541,0.025943770905657,0.129773244261742,109.420608520508
Qinghai,1702,-0.413450002670288,294,106.527381896973,4610,0.0199916177277117,0.0135156883655631,0.019640334825541,0.025943770905657,0.129773244261742,109.420608520508
Qinghai,1703,-0.327383327484131,284,104.656188964844,4457,0.0199916177277117,0.0135156883655631,0.019640334825541,0.025943770905657,0.129773244261742,109.420608520508
Qinghai,1704,-0.430933332443237,312,102.785743713379,4570,0.0199916177277117,0.0135156883655631,0.019640334825541,0.025943770905657,0.129773244261742,109.420608520508
Qinghai,1705,-0.434299993515015,313,99.5424957275391,4473,0.0199916177277117,0.0135156883655631,0.019640334825541,0.025943770905657,0.129773244261742,109.420608520508
Qinghai,1706,-0.340400004386902,298,97.0740203857422,4341,0.0199916177277117,0.0135156883655631,0.019640334825541,0.025943770905657,0.129773244261742,109.420608520508
Qinghai,1707,-0.456933355331421,325,96.8943176269531,4485,0.0199916177277117,0.0135156883655631,0.019640334825541,0.025943770905657,0.129773244261742,109.420608520508
Qinghai,1708,-0.418050003051758,327,94.8168716430664,4445,0.0199916177277117,0.0135156883655631,0.019640334825541,0.025943770905657,0.129773244261742,109.420608520508
Qinghai,1709,-0.391733336448669,324,93.9866333007813,4301,0.0199916177277117,0.0135156883655631,0.019640334825541,0.025943770905657,0.129773244261742,109.420608520508
Qinghai,1710,-0.311150002479553,335,95.796630859375,4144,0.0199916177277117,0.0135156883655631,0.019640334825541,0.025943770905657,0.129773244261742,109.420608520508
Qinghai,1711,-0.347650003433228,402,97.3851852416992,4253,0.0199916177277117,0.0135156883655631,0.019640334825541,0.025943770905657,0.129773244261742,109.420608520508
Qinghai,1712,0.163499999046326,374,102.533561706543,3252,0.0199916177277117,0.0135156883655631,0.019640334825541,0.025943770905657,0.129773244261742,109.420608520508
Qinghai,1713,0.0273999959230423,462,99.8257827758789,3631,0.0199916177277117,0.0135156883655631,0.019640334825541,0.025943770905657,0.129773244261742,109.420608520508
Qinghai,1714,0.0956499993801117,494,96.7763977050781,3436,0.0199916177277117,0.0135156883655631,0.019640334825541,0.025943770905657,0.129773244261742,109.420608520508
Qinghai,1715,-0.0709833383560181,562,95.3824844360352,3680,0.0199916177277117,0.0135156883655631,0.019640334825541,0.025943770905657,0.129773244261742,109.420608520508
Qinghai,1716,-0.031100007891655,570,93.2530059814453,3599,0.0199916177277117,0.0135156883655631,0.019640334825541,0.025943770905657,0.129773244261742,109.420608520508
Qinghai,1767,-0.714166641235352,252,121.689826965332,5095,0.0199916177277117,0.0135156883655631,0.019640334825541,0.025943770905657,0.129773244261742,109.420608520508
Qinghai,1768,-0.58580002784729,237,120.685478210449,4853,0.0199916177277117,0.0135156883655631,0.019640334825541,0.025943770905657,0.129773244261742,109.420608520508
Qinghai,1769,-0.689933347702026,258,120.924240112305,4976,0.0199916177277117,0.0135156883655631,0.019640334825541,0.025943770905657,0.129773244261742,109.420608520508
Qinghai,1770,-0.577633333206177,238,120.371788024902,4773,0.0199916177277117,0.0135156883655631,0.019640334825541,0.025943770905657,0.129773244261742,109.420608520508
Qinghai,1771,-0.549483346939087,248,111.90559387207,4696,0.0199916177277117,0.0135156883655631,0.019640334825541,0.025943770905657,0.129773244261742,109.420608520508
Qinghai,1772,-0.526716661453247,253,115.052543640137,4689,0.0199916177277117,0.0135156883655631,0.019640334825541,0.025943770905657,0.129773244261742,109.420608520508
Qinghai,1773,-0.475999975204468,249,112.023544311523,4573,0.0199916177277117,0.0135156883655631,0.019640334825541,0.025943770905657,0.129773244261742,109.420608520508
Qinghai,1774,-0.388650012016296,233,108.831695556641,4468,0.0199916177277117,0.0135156883655631,0.019640334825541,0.025943770905657,0.129773244261742,109.420608520508
Qinghai,1775,-0.498716688156128,275,108.175262451172,4744,0.0199916177277117,0.0135156883655631,0.019640334825541,0.025943770905657,0.129773244261742,109.420608520508
Qinghai,1776,-0.508383321762085,273,103.947761535645,4681,0.0199916177277117,0.0135156883655631,0.019640334825541,0.025943770905657,0.129773244261742,109.420608520508
Qinghai,1777,-0.438116645812988,261,103.258438110352,4533,0.0199916177277117,0.0135156883655631,0.019640334825541,0.025943770905657,0.129773244261742,109.420608520508
Qinghai,1778,-0.252966666221619,238,98.4948577880859,4251,0.0199916177277117,0.0135156883655631,0.019640334825541,0.025943770905657,0.129773244261742,109.420608520508
Qinghai,1779,-0.586833333969116,311,98.8600692749024,4721,0.0199916177277117,0.0135156883655631,0.019640334825541,0.025943770905657,0.129773244261742,109.420608520508
Qinghai,1780,-0.186249995231628,246,96.3159332275391,4127,0.0199916177277117,0.0135156883655631,0.019640334825541,0.025943770905657,0.129773244261742,109.420608520508
Qinghai,1781,-0.640583324432373,344,94.8115158081055,4825,0.0199916177277117,0.0135156883655631,0.019640334825541,0.025943770905657,0.129773244261742,109.420608520508
Qinghai,1782,-0.332233333587647,299,95.2623291015625,4310,0.0199916177277117,0.0135156883655631,0.019640334825541,0.025943770905657,0.129773244261742,109.420608520508
Qinghai,1783,-0.36596667766571,330,94.8077011108398,4228,0.0199916177277117,0.0135156883655631,0.019640334825541,0.025943770905657,0.129773244261742,109.420608520508
Qinghai,1784,-0.790866661071777,466,88.4661331176758,4893,0.0199916177277117,0.0135156883655631,0.019640334825541,0.025943770905657,0.129773244261742,109.420608520508
Qinghai,1785,-0.0596833348274231,382,102.446647644043,3732,0.0199916177277117,0.0135156883655631,0.019640334825541,0.025943770905657,0.129773244261742,109.420608520508
Qinghai,1786,0.217366671562195,389,101.123291015625,3143,0.0199916177277117,0.0135156883655631,0.019640334825541,0.025943770905657,0.129773244261742,109.420608520508
Qinghai,1787,0.190199995040894,452,98.3830490112305,3231,0.0199916177277117,0.0135156883655631,0.019640334825541,0.025943770905657,0.129773244261742,109.420608520508
Qinghai,1788,0.319849991798401,470,96.9347457885742,2970,0.0199916177277117,0.0135156883655631,0.019640334825541,0.025943770905657,0.129773244261742,109.420608520508
Qinghai,1789,0.397883319854736,477,94.5697479248047,2758,0.0199916177277117,0.0135156883655631,0.019640334825541,0.025943770905657,0.129773244261742,109.420608520508
Qinghai,1790,0.735166645050049,437,91.6120147705078,2053,0.0199916177277117,0.0135156883655631,0.019640334825541,0.025943770905657,0.129773244261742,109.420608520508
Qinghai,1840,-0.655316638946533,220,121.790763854981,4945,0.0199916177277117,0.0135156883655631,0.019640334825541,0.025943770905657,0.129773244261742,109.420608520508
Qinghai,1841,-0.673666667938232,230,119.567306518555,4943,0.0199916177277117,0.0135156883655631,0.019640334825541,0.025943770905657,0.129773244261742,109.420608520508
Qinghai,1842,-0.818050003051758,247,122.239646911621,5111,0.0199916177277117,0.0135156883655631,0.019640334825541,0.025943770905657,0.129773244261742,109.420608520508
Qinghai,1843,-0.831816673278809,249,122.024269104004,5099,0.0199916177277117,0.0135156883655631,0.019640334825541,0.025943770905657,0.129773244261742,109.420608520508
Qinghai,1844,-0.673333311080933,235,117.706527709961,4860,0.0199916177277117,0.0135156883655631,0.019640334825541,0.025943770905657,0.129773244261742,109.420608520508
Qinghai,1845,-0.543983316421509,223,114.957214355469,4677,0.0199916177277117,0.0135156883655631,0.019640334825541,0.025943770905657,0.129773244261742,109.420608520508
Qinghai,1846,-0.511416673660278,227,114.363586425781,4672,0.0199916177277117,0.0135156883655631,0.019640334825541,0.025943770905657,0.129773244261742,109.420608520508
Qinghai,1847,-0.83663330078125,287,109.034202575684,5083,0.0199916177277117,0.0135156883655631,0.019640334825541,0.025943770905657,0.129773244261742,109.420608520508
Qinghai,1848,-0.250266671180725,167,105.281021118164,4209,0.0199916177277117,0.0135156883655631,0.019640334825541,0.025943770905657,0.129773244261742,109.420608520508
Qinghai,1849,-0.0240999966859818,125,104.874214172363,3842,0.0199916177277117,0.0135156883655631,0.019640334825541,0.025943770905657,0.129773244261742,109.420608520508
Qinghai,1850,-0.79854998588562,317,105.12084197998,5199,0.0199916177277117,0.0135156883655631,0.019640334825541,0.025943770905657,0.129773244261742,109.420608520508
Qinghai,1851,-0.130833339691162,164,101.227439880371,3971,0.0199916177277117,0.0135156883655631,0.019640334825541,0.025943770905657,0.129773244261742,109.420608520508
Qinghai,1852,-0.0312500029802322,157,102.381942749023,3802,0.0199916177277117,0.0135156883655631,0.019640334825541,0.025943770905657,0.129773244261742,109.420608520508
Qinghai,1853,-0.0281333267688751,196,99.7542724609375,3949,0.0199916177277117,0.0135156883655631,0.019640334825541,0.025943770905657,0.129773244261742,109.420608520508
Qinghai,1854,0.463100004196167,152,92.7820663452149,2929,0.0199916177277117,0.0135156883655631,0.019640334825541,0.025943770905657,0.129773244261742,109.420608520508
Qinghai,1855,0.0784166693687439,235,87.1164855957031,3525,0.0199916177277117,0.0135156883655631,0.019640334825541,0.025943770905657,0.129773244261742,109.420608520508
Qinghai,1856,-0.658033323287964,371,91.0476303100586,4641,0.0199916177277117,0.0135156883655631,0.019640334825541,0.025943770905657,0.129773244261742,109.420608520508
Qinghai,1857,-0.339249992370605,347,102.576438903809,4159,0.0199916177277117,0.0135156883655631,0.019640334825541,0.025943770905657,0.129773244261742,109.420608520508
Qinghai,1858,0.188866662979126,315,102.968017578125,3103,0.0199916177277117,0.0135156883655631,0.019640334825541,0.025943770905657,0.129773244261742,109.420608520508
Qinghai,1859,0.290450000762939,359,102.511085510254,2975,0.0199916177277117,0.0135156883655631,0.019640334825541,0.025943770905657,0.129773244261742,109.420608520508
Qinghai,1860,0.228749990463257,441,99.8613510131836,3153,0.0199916177277117,0.0135156883655631,0.019640334825541,0.025943770905657,0.129773244261742,109.420608520508
Qinghai,1861,-0.0977666676044464,538,97.0572891235352,3736,0.0199916177277117,0.0135156883655631,0.019640334825541,0.025943770905657,0.129773244261742,109.420608520508
Qinghai,1862,-0.117750000953674,545,96.1040802001953,3659,0.0199916177277117,0.0135156883655631,0.019640334825541,0.025943770905657,0.129773244261742,109.420608520508
Qinghai,1863,0.670133352279663,375,94.1080780029297,2135,0.0199916177277117,0.0135156883655631,0.019640334825541,0.025943770905657,0.129773244261742,109.420608520508
Qinghai,1914,-0.890983295440674,232,121.689506530762,5157,0.0199916177277117,0.0135156883655631,0.019640334825541,0.025943770905657,0.129773244261742,109.420608520508
Qinghai,1915,-0.786316680908203,215,119.647270202637,4918,0.0199916177277117,0.0135156883655631,0.019640334825541,0.025943770905657,0.129773244261742,109.420608520508
Qinghai,1916,-0.784833335876465,225,120.345794677734,5008,0.0199916177277117,0.0135156883655631,0.019640334825541,0.025943770905657,0.129773244261742,109.420608520508
Qinghai,1917,-0.614083337783814,209,116.560180664063,4787,0.0199916177277117,0.0135156883655631,0.019640334825541,0.025943770905657,0.129773244261742,109.420608520508
Qinghai,1918,-0.399066662788391,169,112.065711975098,4370,0.0199916177277117,0.0135156883655631,0.019640334825541,0.025943770905657,0.129773244261742,109.420608520508
Qinghai,1919,-0.742233324050903,239,111.609909057617,4941,0.0199916177277117,0.0135156883655631,0.019640334825541,0.025943770905657,0.129773244261742,109.420608520508
Qinghai,1920,-0.342499995231628,155,105.137153625488,4252,0.0199916177277117,0.0135156883655631,0.019640334825541,0.025943770905657,0.129773244261742,109.420608520508
Qinghai,1921,0.393766689300537,50,88.4386672973633,3083,0.0199916177277117,0.0135156883655631,0.019640334825541,0.025943770905657,0.129773244261742,109.420608520508
Qinghai,1922,0.503333330154419,46,86.8129196166992,2938,0.0199916177277117,0.0135156883655631,0.019640334825541,0.025943770905657,0.129773244261742,109.420608520508
Qinghai,1923,0.51913332939148,49,91.2962341308594,2835,0.0199916177277117,0.0135156883655631,0.019640334825541,0.025943770905657,0.129773244261742,109.420608520508
Qinghai,1924,0.503266668319702,51,94.0620040893555,2786,0.0199916177277117,0.0135156883655631,0.019640334825541,0.025943770905657,0.129773244261742,109.420608520508
Qinghai,1925,0.474933338165283,55,92.7384338378906,2792,0.0199916177277117,0.0135156883655631,0.019640334825541,0.025943770905657,0.129773244261742,109.420608520508
Qinghai,1926,0.522583341598511,93,95.1358795166016,2737,0.0199916177277117,0.0135156883655631,0.019640334825541,0.025943770905657,0.129773244261742,109.420608520508
Qinghai,1927,0.469150018692017,142,92.7854919433594,2854,0.0199916177277117,0.0135156883655631,0.019640334825541,0.025943770905657,0.129773244261742,109.420608520508
Qinghai,1928,0.121933341026306,220,90.6503753662109,3478,0.0199916177277117,0.0135156883655631,0.019640334825541,0.025943770905657,0.129773244261742,109.420608520508
Qinghai,1929,-0.0542666673660278,250,97.5873184204102,3597,0.0199916177277117,0.0135156883655631,0.019640334825541,0.025943770905657,0.129773244261742,109.420608520508
Qinghai,1930,0.126399993896484,246,98.7557144165039,3096,0.0199916177277117,0.0135156883655631,0.019640334825541,0.025943770905657,0.129773244261742,109.420608520508
Qinghai,1931,-0.0431166768074036,347,104.829216003418,3518,0.0199916177277117,0.0135156883655631,0.019640334825541,0.025943770905657,0.129773244261742,109.420608520508
Qinghai,1932,0.0977166593074799,381,101.814590454102,3198,0.0199916177277117,0.0135156883655631,0.019640334825541,0.025943770905657,0.129773244261742,109.420608520508
Qinghai,1933,-0.0333833307027817,469,100.376991271973,3405,0.0199916177277117,0.0135156883655631,0.019640334825541,0.025943770905657,0.129773244261742,109.420608520508
Qinghai,1934,0.407816648483276,422,97.9898529052734,2596,0.0199916177277117,0.0135156883655631,0.019640334825541,0.025943770905657,0.129773244261742,109.420608520508
Qinghai,1935,0.33381667137146,421,98.0498428344727,2715,0.0199916177277117,0.0135156883655631,0.019640334825541,0.025943770905657,0.129773244261742,109.420608520508
Qinghai,1989,-0.825150012969971,220,118.696029663086,5065,0.0199916177277117,0.0135156883655631,0.019640334825541,0.025943770905657,0.129773244261742,109.420608520508
Qinghai,1990,-0.230783343315125,114,111.325294494629,3936,0.0199916177277117,0.0135156883655631,0.019640334825541,0.025943770905657,0.129773244261742,109.420608520508
Qinghai,1991,0.101383340358734,72,104.268814086914,3391,0.0199916177277117,0.0135156883655631,0.019640334825541,0.025943770905657,0.129773244261742,109.420608520508
Qinghai,1992,0.0373666793107986,77,99.1569061279297,3558,0.0199916177277117,0.0135156883655631,0.019640334825541,0.025943770905657,0.129773244261742,109.420608520508
Qinghai,1993,0.252099990844727,48,92.6380996704102,3175,0.0199916177277117,0.0135156883655631,0.019640334825541,0.025943770905657,0.129773244261742,109.420608520508
Qinghai,1994,0.482733345031738,32,74.7648468017578,2728,0.0199916177277117,0.0135156883655631,0.019640334825541,0.025943770905657,0.129773244261742,109.420608520508
Qinghai,1995,0.563433313369751,36,79.7723999023438,2696,0.0199916177277117,0.0135156883655631,0.019640334825541,0.025943770905657,0.129773244261742,109.420608520508
Qinghai,1996,0.527316665649414,36,95.3462600708008,2682,0.0199916177277117,0.0135156883655631,0.019640334825541,0.025943770905657,0.129773244261742,109.420608520508
Qinghai,1997,0.510733366012573,50,84.5002365112305,2683,0.0199916177277117,0.0135156883655631,0.019640334825541,0.025943770905657,0.129773244261742,109.420608520508
Qinghai,1998,0.552616691589356,58,94.4154968261719,2701,0.0199916177277117,0.0135156883655631,0.019640334825541,0.025943770905657,0.129773244261742,109.420608520508
Qinghai,1999,0.457016658782959,107,97.3379516601562,2908,0.0199916177277117,0.0135156883655631,0.019640334825541,0.025943770905657,0.129773244261742,109.420608520508
Qinghai,2000,0.319400000572205,164,98.5621643066406,3123,0.0199916177277117,0.0135156883655631,0.019640334825541,0.025943770905657,0.129773244261742,109.420608520508
Qinghai,2001,0.258683323860168,198,98.9293365478516,3171,0.0199916177277117,0.0135156883655631,0.019640334825541,0.025943770905657,0.129773244261742,109.420608520508
Qinghai,2002,-0.0398000091314316,256,99.3610458374024,3475,0.0199916177277117,0.0135156883655631,0.019640334825541,0.025943770905657,0.129773244261742,109.420608520508
Qinghai,2003,-0.0865666687488556,295,107.195327758789,3554,0.0199916177277117,0.0135156883655631,0.019640334825541,0.025943770905657,0.129773244261742,109.420608520508
Qinghai,2004,0.0397500038146973,335,101.826171875,3195,0.0199916177277117,0.0135156883655631,0.019640334825541,0.025943770905657,0.129773244261742,109.420608520508
Qinghai,2005,0.0204666718840599,380,104.818412780762,3204,0.0199916177277117,0.0135156883655631,0.019640334825541,0.025943770905657,0.129773244261742,109.420608520508
Qinghai,2006,-0.0181833356618881,460,100.417633056641,3319,0.0199916177277117,0.0135156883655631,0.019640334825541,0.025943770905657,0.129773244261742,109.420608520508
Qinghai,2007,0.0841833353042603,498,96.5800857543945,2929,0.0199916177277117,0.0135156883655631,0.019640334825541,0.025943770905657,0.129773244261742,109.420608520508
Qinghai,2008,-0.0186999931931496,458,97.7019805908203,3088,0.0199916177277117,0.0135156883655631,0.019640334825541,0.025943770905657,0.129773244261742,109.420608520508
Qinghai,2064,-0.314883351325989,119,115.965682983398,4104,0.0199916177277117,0.0135156883655631,0.019640334825541,0.025943770905657,0.129773244261742,109.420608520508
Qinghai,2065,-0.557333326339722,154,112.110008239746,4474,0.0199916177277117,0.0135156883655631,0.019640334825541,0.025943770905657,0.129773244261742,109.420608520508
Qinghai,2066,0.132816672325134,56,103.812202453613,3262,0.0199916177277117,0.0135156883655631,0.019640334825541,0.025943770905657,0.129773244261742,109.420608520508
Qinghai,2067,0.320933318138123,39,70.3203506469727,2869,0.0199916177277117,0.0135156883655631,0.019640334825541,0.025943770905657,0.129773244261742,109.420608520508
Qinghai,2068,0.363116669654846,31,65.6726455688477,2748,0.0199916177277117,0.0135156883655631,0.019640334825541,0.025943770905657,0.129773244261742,109.420608520508
Qinghai,2069,0.46966667175293,27,77.7577133178711,2688,0.0199916177277117,0.0135156883655631,0.019640334825541,0.025943770905657,0.129773244261742,109.420608520508
Qinghai,2070,0.480983352661133,36,74.6202545166016,2684,0.0199916177277117,0.0135156883655631,0.019640334825541,0.025943770905657,0.129773244261742,109.420608520508
Qinghai,2071,0.413233327865601,49,92.8248443603516,2833,0.0199916177277117,0.0135156883655631,0.019640334825541,0.025943770905657,0.129773244261742,109.420608520508
Qinghai,2072,0.286916661262512,76,100.093872070313,3100,0.0199916177277117,0.0135156883655631,0.019640334825541,0.025943770905657,0.129773244261742,109.420608520508
Qinghai,2073,-0.0165500074625015,148,105.162208557129,3819,0.0199916177277117,0.0135156883655631,0.019640334825541,0.025943770905657,0.129773244261742,109.420608520508
Qinghai,2074,0.390016674995422,130,98.5403213500977,3009,0.0199916177277117,0.0135156883655631,0.019640334825541,0.025943770905657,0.129773244261742,109.420608520508
Qinghai,2075,0.186133348941803,198,98.3575668334961,3393,0.0199916177277117,0.0135156883655631,0.019640334825541,0.025943770905657,0.129773244261742,109.420608520508
Qinghai,2076,-0.130366671085358,265,97.3167266845703,3750,0.0199916177277117,0.0135156883655631,0.019640334825541,0.025943770905657,0.129773244261742,109.420608520508
Qinghai,2077,-0.161349999904633,289,105.826622009277,3786,0.0199916177277117,0.0135156883655631,0.019640334825541,0.025943770905657,0.129773244261742,109.420608520508
Qinghai,2078,-0.23585000038147,340,106.23853302002,3839,0.0199916177277117,0.0135156883655631,0.019640334825541,0.025943770905657,0.129773244261742,109.420608520508
Qinghai,2079,-0.326950001716614,400,106.58568572998,3946,0.0199916177277117,0.0135156883655631,0.019640334825541,0.025943770905657,0.129773244261742,109.420608520508
Qinghai,2080,-0.260633325576782,446,104.061485290527,3803,0.0199916177277117,0.0135156883655631,0.019640334825541,0.025943770905657,0.129773244261742,109.420608520508
Qinghai,2081,-0.407033348083496,483,100.641899108887,3941,0.0199916177277117,0.0135156883655631,0.019640334825541,0.025943770905657,0.129773244261742,109.420608520508
Qinghai,2082,-0.251433348655701,503,97.3100357055664,3711,0.0199916177277117,0.0135156883655631,0.019640334825541,0.025943770905657,0.129773244261742,109.420608520508
Qinghai,2140,-0.930666637420654,203,117.930931091309,5029,0.0199916177277117,0.0135156883655631,0.019640334825541,0.025943770905657,0.129773244261742,109.420608520508
Qinghai,2141,-0.242716670036316,95,113.614059448242,3889,0.0199916177277117,0.0135156883655631,0.019640334825541,0.025943770905657,0.129773244261742,109.420608520508
Qinghai,2142,0.244099998474121,37,97.0973205566406,2959,0.0199916177277117,0.0135156883655631,0.019640334825541,0.025943770905657,0.129773244261742,109.420608520508
Qinghai,2143,0.377633333206177,25,93.2405700683594,2776,0.0199916177277117,0.0135156883655631,0.019640334825541,0.025943770905657,0.129773244261742,109.420608520508
Qinghai,2144,0.376800012588501,23,81.9973297119141,2691,0.0199916177277117,0.0135156883655631,0.019640334825541,0.025943770905657,0.129773244261742,109.420608520508
Qinghai,2145,0.393016672134399,27,85.1540374755859,2743,0.0199916177277117,0.0135156883655631,0.019640334825541,0.025943770905657,0.129773244261742,109.420608520508
Qinghai,2146,0.315499997138977,42,96.3998413085938,2931,0.0199916177277117,0.0135156883655631,0.019640334825541,0.025943770905657,0.129773244261742,109.420608520508
Qinghai,2147,0.086516660451889,80,108.608657836914,3430,0.0199916177277117,0.0135156883655631,0.019640334825541,0.025943770905657,0.129773244261742,109.420608520508
Qinghai,2148,-0.303949999809265,158,104.908172607422,4197,0.0199916177277117,0.0135156883655631,0.019640334825541,0.025943770905657,0.129773244261742,109.420608520508
Qinghai,2149,-0.208716654777527,167,101.446899414063,3948,0.0199916177277117,0.0135156883655631,0.019640334825541,0.025943770905657,0.129773244261742,109.420608520508
Qinghai,2150,-0.400466680526733,227,98.9344482421875,4212,0.0199916177277117,0.0135156883655631,0.019640334825541,0.025943770905657,0.129773244261742,109.420608520508
Qinghai,2151,-0.625933313369751,296,100.537506103516,4554,0.0199916177277117,0.0135156883655631,0.019640334825541,0.025943770905657,0.129773244261742,109.420608520508
Qinghai,2152,-0.549266672134399,325,100.594787597656,4426,0.0199916177277117,0.0135156883655631,0.019640334825541,0.025943770905657,0.129773244261742,109.420608520508
Qinghai,2153,-0.599450016021729,363,100.334854125977,4435,0.0199916177277117,0.0135156883655631,0.019640334825541,0.025943770905657,0.129773244261742,109.420608520508
Qinghai,2154,-0.523016691207886,384,106.056671142578,4262,0.0199916177277117,0.0135156883655631,0.019640334825541,0.025943770905657,0.129773244261742,109.420608520508
Qinghai,2155,-0.344916677474976,390,107.609580993652,3835,0.0199916177277117,0.0135156883655631,0.019640334825541,0.025943770905657,0.129773244261742,109.420608520508
Qinghai,2156,-0.366516661643982,452,103.497245788574,3870,0.0199916177277117,0.0135156883655631,0.019640334825541,0.025943770905657,0.129773244261742,109.420608520508
Qinghai,2157,-0.322250008583069,471,100.731201171875,3826,0.0199916177277117,0.0135156883655631,0.019640334825541,0.025943770905657,0.129773244261742,109.420608520508
Qinghai,2218,0.0641000211238861,63,108.544082641602,3243,0.0199916177277117,0.0135156883655631,0.019640334825541,0.025943770905657,0.129773244261742,109.420608520508
Qinghai,2219,0.128750002384186,49,102.205047607422,3113,0.0199916177277117,0.0135156883655631,0.019640334825541,0.025943770905657,0.129773244261742,109.420608520508
Qinghai,2220,0.328649997711182,29,92.0975799560547,2745,0.0199916177277117,0.0135156883655631,0.019640334825541,0.025943770905657,0.129773244261742,109.420608520508
Qinghai,2221,0.303166675567627,29,66.5764694213867,2757,0.0199916177277117,0.0135156883655631,0.019640334825541,0.025943770905657,0.129773244261742,109.420608520508
Qinghai,2222,0.356599998474121,24,79.1367568969727,2725,0.0199916177277117,0.0135156883655631,0.019640334825541,0.025943770905657,0.129773244261742,109.420608520508
Qinghai,2223,0.34486665725708,28,81.2403869628906,2782,0.0199916177277117,0.0135156883655631,0.019640334825541,0.025943770905657,0.129773244261742,109.420608520508
Qinghai,2224,0.33398334980011,41,94.8186798095703,2846,0.0199916177277117,0.0135156883655631,0.019640334825541,0.025943770905657,0.129773244261742,109.420608520508
Qinghai,2225,-0.156833338737488,117,103.443824768066,3855,0.0199916177277117,0.0135156883655631,0.019640334825541,0.025943770905657,0.129773244261742,109.420608520508
Qinghai,2226,-0.488299989700317,180,101.760078430176,4308,0.0199916177277117,0.0135156883655631,0.019640334825541,0.025943770905657,0.129773244261742,109.420608520508
Qinghai,2228,-0.52848334312439,239,103.475547790527,4367,0.0199916177277117,0.0135156883655631,0.019640334825541,0.025943770905657,0.129773244261742,109.420608520508
Qinghai,2229,-0.336066675186157,273,99.1710815429688,4076,0.0199916177277117,0.0135156883655631,0.019640334825541,0.025943770905657,0.129773244261742,109.420608520508
Qinghai,2230,-0.63420000076294,325,102.129989624023,4462,0.0199916177277117,0.0135156883655631,0.019640334825541,0.025943770905657,0.129773244261742,109.420608520508
Qinghai,2231,-0.362416696548462,322,110.449714660645,3994,0.0199916177277117,0.0135156883655631,0.019640334825541,0.025943770905657,0.129773244261742,109.420608520508
Qinghai,2232,-0.37776665687561,365,110.150009155273,3894,0.0199916177277117,0.0135156883655631,0.019640334825541,0.025943770905657,0.129773244261742,109.420608520508
Qinghai,2233,-0.373883318901062,409,108.180198669434,3893,0.0199916177277117,0.0135156883655631,0.019640334825541,0.025943770905657,0.129773244261742,109.420608520508
Qinghai,2296,0.0150166645646095,67,108.855407714844,3333,0.0199916177277117,0.0135156883655631,0.019640334825541,0.025943770905657,0.129773244261742,109.420608520508
Qinghai,2297,0.24796667098999,42,94.9924697875977,2893,0.0199916177277117,0.0135156883655631,0.019640334825541,0.025943770905657,0.129773244261742,109.420608520508
Qinghai,2298,0.293483328819275,28,93.4198760986328,2718,0.0199916177277117,0.0135156883655631,0.019640334825541,0.025943770905657,0.129773244261742,109.420608520508
Qinghai,2299,0.300399994850159,24,85.2802886962891,2722,0.0199916177277117,0.0135156883655631,0.019640334825541,0.025943770905657,0.129773244261742,109.420608520508
Qinghai,2300,0.270166659355164,25,75.0589141845703,2771,0.0199916177277117,0.0135156883655631,0.019640334825541,0.025943770905657,0.129773244261742,109.420608520508
Qinghai,2301,0.263266658782959,33,88.8989868164063,2911,0.0199916177277117,0.0135156883655631,0.019640334825541,0.025943770905657,0.129773244261742,109.420608520508
Qinghai,2302,0.135700011253357,54,101.528511047363,3140,0.0199916177277117,0.0135156883655631,0.019640334825541,0.025943770905657,0.129773244261742,109.420608520508
Qinghai,2307,-0.702266645431519,304,104.930801391602,4705,0.0199916177277117,0.0135156883655631,0.019640334825541,0.025943770905657,0.129773244261742,109.420608520508
Qinghai,2308,-0.166466653347015,260,110.018371582031,3634,0.0199916177277117,0.0135156883655631,0.019640334825541,0.025943770905657,0.129773244261742,109.420608520508
Qinghai,2309,-0.260883331298828,316,112.139678955078,3857,0.0199916177277117,0.0135156883655631,0.019640334825541,0.025943770905657,0.129773244261742,109.420608520508
Qinghai,2310,-0.475033330917358,393,106.772300720215,4259,0.0199916177277117,0.0135156883655631,0.019640334825541,0.025943770905657,0.129773244261742,109.420608520508
Qinghai,2369,-0.200633335113525,83,113.039108276367,3604,0.0199916177277117,0.0135156883655631,0.019640334825541,0.025943770905657,0.129773244261742,109.420608520508
Qinghai,2370,0.283833336830139,41,97.2451400756836,2725,0.0199916177277117,0.0135156883655631,0.019640334825541,0.025943770905657,0.129773244261742,109.420608520508
Qinghai,2371,-0.0756333351135254,60,105.887306213379,3429,0.0199916177277117,0.0135156883655631,0.019640334825541,0.025943770905657,0.129773244261742,109.420608520508
Qinghai,2372,0.147633326053619,34,89.5655975341797,3000,0.0199916177277117,0.0135156883655631,0.019640334825541,0.025943770905657,0.129773244261742,109.420608520508
Qinghai,2373,0.284183359146118,21,89.2408905029297,2732,0.0199916177277117,0.0135156883655631,0.019640334825541,0.025943770905657,0.129773244261742,109.420608520508
Shaanxi,1113,0.797300004959106,1204,64.4350738525391,2022,0.0548750555002221,0.00836032547982516,0.0571667460837103,0.192968737556714,0.351651102304459,217.534225463867
Shaanxi,1186,1.21561670303345,1046,66.7950973510742,1188,0.0548750555002221,0.00836032547982516,0.0571667460837103,0.192968737556714,0.351651102304459,217.534225463867
Shaanxi,1187,1.24534997940063,1058,66.5599060058594,1091,0.0548750555002221,0.00836032547982516,0.0571667460837103,0.192968737556714,0.351651102304459,217.534225463867
Shaanxi,1259,0.936833381652832,909,76.6671600341797,1752,0.0548750555002221,0.00836032547982516,0.0571667460837103,0.192968737556714,0.351651102304459,217.534225463867
Shaanxi,1260,1,941,73.8674545288086,1593,0.0548750555002221,0.00836032547982516,0.0571667460837103,0.192968737556714,0.351651102304459,217.534225463867
Shaanxi,1261,0.735099983215332,984,70.0021591186524,2095,0.0548750555002221,0.00836032547982516,0.0571667460837103,0.192968737556714,0.351651102304459,217.534225463867
Shaanxi,1262,1.38373336791992,927,69.8034744262695,680,0.0548750555002221,0.00836032547982516,0.0571667460837103,0.192968737556714,0.351651102304459,217.534225463867
Shaanxi,1263,1.35325002670288,949,68.0334548950195,782,0.0548750555002221,0.00836032547982516,0.0571667460837103,0.192968737556714,0.351651102304459,217.534225463867
Shaanxi,1264,1.45336666107178,928,67.3607482910156,548,0.0548750555002221,0.00836032547982516,0.0571667460837103,0.192968737556714,0.351651102304459,217.534225463867
Shaanxi,1265,1.38826665878296,951,67.5391616821289,761,0.0548750555002221,0.00836032547982516,0.0571667460837103,0.192968737556714,0.351651102304459,217.534225463867
Shaanxi,1336,1.4195333480835,777,86.0361099243164,814,0.0548750555002221,0.00836032547982516,0.0571667460837103,0.192968737556714,0.351651102304459,217.534225463867
Shaanxi,1337,1.39756669998169,821,80.7738342285156,761,0.0548750555002221,0.00836032547982516,0.0571667460837103,0.192968737556714,0.351651102304459,217.534225463867
Shaanxi,1338,1.45220003128052,830,75.8231658935547,517,0.0548750555002221,0.00836032547982516,0.0571667460837103,0.192968737556714,0.351651102304459,217.534225463867
Shaanxi,1339,1.38514995574951,828,72.582878112793,584,0.0548750555002221,0.00836032547982516,0.0571667460837103,0.192968737556714,0.351651102304459,217.534225463867
Shaanxi,1340,1.23933334350586,838,69.9742279052734,829,0.0548750555002221,0.00836032547982516,0.0571667460837103,0.192968737556714,0.351651102304459,217.534225463867
Shaanxi,1341,1.06885004043579,869,68.7562484741211,1265,0.0548750555002221,0.00836032547982516,0.0571667460837103,0.192968737556714,0.351651102304459,217.534225463867
Shaanxi,1342,1.13186664581299,878,68.5120239257813,1138,0.0548750555002221,0.00836032547982516,0.0571667460837103,0.192968737556714,0.351651102304459,217.534225463867
Shaanxi,1416,0.753600025177002,783,76.0924758911133,1995,0.0548750555002221,0.00836032547982516,0.0571667460837103,0.192968737556714,0.351651102304459,217.534225463867
Shaanxi,1417,0.702400016784668,819,74.4211044311524,2030,0.0548750555002221,0.00836032547982516,0.0571667460837103,0.192968737556714,0.351651102304459,217.534225463867
Shaanxi,1418,0.81676664352417,823,72.7249603271484,1736,0.0548750555002221,0.00836032547982516,0.0571667460837103,0.192968737556714,0.351651102304459,217.534225463867
Shaanxi,1419,0.88658332824707,795,71.7213821411133,1482,0.0548750555002221,0.00836032547982516,0.0571667460837103,0.192968737556714,0.351651102304459,217.534225463867
Shaanxi,1420,1.11935005187988,747,70.1187438964844,993,0.0548750555002221,0.00836032547982516,0.0571667460837103,0.192968737556714,0.351651102304459,217.534225463867
Shaanxi,1421,1.19204998016357,760,69.9978866577149,938,0.0548750555002221,0.00836032547982516,0.0571667460837103,0.192968737556714,0.351651102304459,217.534225463867
Shaanxi,1422,1.23601665496826,785,70.5143508911133,1007,0.0548750555002221,0.00836032547982516,0.0571667460837103,0.192968737556714,0.351651102304459,217.534225463867
Shaanxi,1423,1.38811664581299,789,70.1059722900391,841,0.0548750555002221,0.00836032547982516,0.0571667460837103,0.192968737556714,0.351651102304459,217.534225463867
Shaanxi,1424,1.50343332290649,780,69.0471572875977,494,0.0548750555002221,0.00836032547982516,0.0571667460837103,0.192968737556714,0.351651102304459,217.534225463867
Shaanxi,1494,0.926799964904785,713,77.4400024414063,1602,0.0548750555002221,0.00836032547982516,0.0571667460837103,0.192968737556714,0.351651102304459,217.534225463867
Shaanxi,1495,0.766816663742065,733,75.7294921875,1836,0.0548750555002221,0.00836032547982516,0.0571667460837103,0.192968737556714,0.351651102304459,217.534225463867
Shaanxi,1496,0.679616641998291,744,75.182731628418,1922,0.0548750555002221,0.00836032547982516,0.0571667460837103,0.192968737556714,0.351651102304459,217.534225463867
Shaanxi,1497,1.22360000610352,663,71.4662857055664,618,0.0548750555002221,0.00836032547982516,0.0571667460837103,0.192968737556714,0.351651102304459,217.534225463867
Shaanxi,1498,1.07790002822876,684,69.7060546875,1047,0.0548750555002221,0.00836032547982516,0.0571667460837103,0.192968737556714,0.351651102304459,217.534225463867
Shaanxi,1499,1.13843336105347,683,69.5436325073242,974,0.0548750555002221,0.00836032547982516,0.0571667460837103,0.192968737556714,0.351651102304459,217.534225463867
Shaanxi,1500,1.23498334884644,710,72.0746383666992,885,0.0548750555002221,0.00836032547982516,0.0571667460837103,0.192968737556714,0.351651102304459,217.534225463867
Shaanxi,1501,1.26038331985474,708,72.7733459472656,891,0.0548750555002221,0.00836032547982516,0.0571667460837103,0.192968737556714,0.351651102304459,217.534225463867
Shaanxi,1572,0.979699993133545,649,78.5226058959961,1401,0.0548750555002221,0.00836032547982516,0.0571667460837103,0.192968737556714,0.351651102304459,217.534225463867
Shaanxi,1573,1.19259996414185,665,77.6882629394531,891,0.0548750555002221,0.00836032547982516,0.0571667460837103,0.192968737556714,0.351651102304459,217.534225463867
Shaanxi,1574,1.1949333190918,664,76.3157196044922,763,0.0548750555002221,0.00836032547982516,0.0571667460837103,0.192968737556714,0.351651102304459,217.534225463867
Shaanxi,1575,1.23513336181641,623,74.0302429199219,586,0.0548750555002221,0.00836032547982516,0.0571667460837103,0.192968737556714,0.351651102304459,217.534225463867
Shaanxi,1576,1.30500001907349,617,72.2420806884766,429,0.0548750555002221,0.00836032547982516,0.0571667460837103,0.192968737556714,0.351651102304459,217.534225463867
Shaanxi,1577,1.30729999542236,608,70.1175384521484,528,0.0548750555002221,0.00836032547982516,0.0571667460837103,0.192968737556714,0.351651102304459,217.534225463867
Shaanxi,1578,0.871083354949951,672,74.6350173950195,1536,0.0548750555002221,0.00836032547982516,0.0571667460837103,0.192968737556714,0.351651102304459,217.534225463867
Shaanxi,1649,0.883066654205322,598,80.7487411499024,1494,0.0548750555002221,0.00836032547982516,0.0571667460837103,0.192968737556714,0.351651102304459,217.534225463867
Shaanxi,1651,0.963850021362305,617,77.9352874755859,1175,0.0548750555002221,0.00836032547982516,0.0571667460837103,0.192968737556714,0.351651102304459,217.534225463867
Shaanxi,1652,1.01444997787476,613,76.9937591552734,1060,0.0548750555002221,0.00836032547982516,0.0571667460837103,0.192968737556714,0.351651102304459,217.534225463867
Shaanxi,1653,1.18383331298828,614,76.2659606933594,759,0.0548750555002221,0.00836032547982516,0.0571667460837103,0.192968737556714,0.351651102304459,217.534225463867
Shaanxi,1654,1.32613334655762,583,74.5819854736328,442,0.0548750555002221,0.00836032547982516,0.0571667460837103,0.192968737556714,0.351651102304459,217.534225463867
Shaanxi,1655,1.38248329162598,558,72.7265167236328,359,0.0548750555002221,0.00836032547982516,0.0571667460837103,0.192968737556714,0.351651102304459,217.534225463867
Shaanxi,1728,0.821966648101807,577,82.5953903198242,1473,0.0548750555002221,0.00836032547982516,0.0571667460837103,0.192968737556714,0.351651102304459,217.534225463867
Shaanxi,1729,1.15450000762939,556,80.4852828979492,751,0.0548750555002221,0.00836032547982516,0.0571667460837103,0.192968737556714,0.351651102304459,217.534225463867
Shaanxi,1730,1.16666669845581,558,79.4770126342774,852,0.0548750555002221,0.00836032547982516,0.0571667460837103,0.192968737556714,0.351651102304459,217.534225463867
Shaanxi,1801,0.837333297729492,532,86.7046356201172,1422,0.0548750555002221,0.00836032547982516,0.0571667460837103,0.192968737556714,0.351651102304459,217.534225463867
Shaanxi,1802,0.980983352661133,540,84.8307342529297,1113,0.0548750555002221,0.00836032547982516,0.0571667460837103,0.192968737556714,0.351651102304459,217.534225463867
Shaanxi,1803,0.80959997177124,530,88.0958938598633,1445,0.0548750555002221,0.00836032547982516,0.0571667460837103,0.192968737556714,0.351651102304459,217.534225463867
Shaanxi,1874,0.82185001373291,500,90.9782028198242,1427,0.0548750555002221,0.00836032547982516,0.0571667460837103,0.192968737556714,0.351651102304459,217.534225463867
Shaanxi,1875,0.869083309173584,509,91.7815322875977,1302,0.0548750555002221,0.00836032547982516,0.0571667460837103,0.192968737556714,0.351651102304459,217.534225463867
Shaanxi,1876,0.992850017547607,513,90.1053619384766,1064,0.0548750555002221,0.00836032547982516,0.0571667460837103,0.192968737556714,0.351651102304459,217.534225463867
Shaanxi,1946,0.864750003814697,463,92.211051940918,1340,0.0548750555002221,0.00836032547982516,0.0571667460837103,0.192968737556714,0.351651102304459,217.534225463867
Shaanxi,1947,0.853083324432373,478,93.5336151123047,1387,0.0548750555002221,0.00836032547982516,0.0571667460837103,0.192968737556714,0.351651102304459,217.534225463867
Shaanxi,1948,1.01283330917358,524,92.1222152709961,1007,0.0548750555002221,0.00836032547982516,0.0571667460837103,0.192968737556714,0.351651102304459,217.534225463867
Shaanxi,1949,0.984883308410645,489,95.0823059082031,1067,0.0548750555002221,0.00836032547982516,0.0571667460837103,0.192968737556714,0.351651102304459,217.534225463867
Shaanxi,2018,0.780250024795532,409,93.9592971801758,1529,0.0548750555002221,0.00836032547982516,0.0571667460837103,0.192968737556714,0.351651102304459,217.534225463867
Shaanxi,2019,0.745300006866455,430,95.010871887207,1593,0.0548750555002221,0.00836032547982516,0.0571667460837103,0.192968737556714,0.351651102304459,217.534225463867
Shaanxi,2020,0.868683338165283,450,95.7266311645508,1317,0.0548750555002221,0.00836032547982516,0.0571667460837103,0.192968737556714,0.351651102304459,217.534225463867
Shaanxi,2021,0.91651668548584,471,97.2506408691406,1215,0.0548750555002221,0.00836032547982516,0.0571667460837103,0.192968737556714,0.351651102304459,217.534225463867
Shaanxi,2022,0.985933303833008,483,96.5784149169922,975,0.0548750555002221,0.00836032547982516,0.0571667460837103,0.192968737556714,0.351651102304459,217.534225463867
Shaanxi,2093,0.823649978637695,357,97.1375350952149,1393,0.0548750555002221,0.00836032547982516,0.0571667460837103,0.192968737556714,0.351651102304459,217.534225463867
Shaanxi,2094,0.826749992370606,398,92.2412185668945,1359,0.0548750555002221,0.00836032547982516,0.0571667460837103,0.192968737556714,0.351651102304459,217.534225463867
Shaanxi,2095,0.863466644287109,419,97.3027496337891,1311,0.0548750555002221,0.00836032547982516,0.0571667460837103,0.192968737556714,0.351651102304459,217.534225463867
Shaanxi,2096,0.93973331451416,443,98.850471496582,1082,0.0548750555002221,0.00836032547982516,0.0571667460837103,0.192968737556714,0.351651102304459,217.534225463867
Shaanxi,2097,0.959000015258789,470,98.9255828857422,945,0.0548750555002221,0.00836032547982516,0.0571667460837103,0.192968737556714,0.351651102304459,217.534225463867
Shaanxi,2098,1.0304666519165,476,99.1251983642578,781,0.0548750555002221,0.00836032547982516,0.0571667460837103,0.192968737556714,0.351651102304459,217.534225463867
Shaanxi,2171,0.890299987792969,377,101.858604431152,1118,0.0548750555002221,0.00836032547982516,0.0571667460837103,0.192968737556714,0.351651102304459,217.534225463867
Shaanxi,2172,0.901766681671143,402,101.426689147949,1085,0.0548750555002221,0.00836032547982516,0.0571667460837103,0.192968737556714,0.351651102304459,217.534225463867
Shaanxi,2173,0.855000019073486,460,100.224342346191,1132,0.0548750555002221,0.00836032547982516,0.0571667460837103,0.192968737556714,0.351651102304459,217.534225463867
Shaanxi,2250,0.818916702270508,386,103.082015991211,1141,0.0548750555002221,0.00836032547982516,0.0571667460837103,0.192968737556714,0.351651102304459,217.534225463867
Shaanxi,2251,0.84980001449585,415,103.891174316406,1076,0.0548750555002221,0.00836032547982516,0.0571667460837103,0.192968737556714,0.351651102304459,217.534225463867
Shaanxi,2328,0.725566673278809,374,104.595100402832,1297,0.0548750555002221,0.00836032547982516,0.0571667460837103,0.192968737556714,0.351651102304459,217.534225463867
Shaanxi,2329,0.729666662216187,403,106.560523986816,1255,0.0548750555002221,0.00836032547982516,0.0571667460837103,0.192968737556714,0.351651102304459,217.534225463867
Shaanxi,2330,0.779616689682007,455,104.443237304688,1095,0.0548750555002221,0.00836032547982516,0.0571667460837103,0.192968737556714,0.351651102304459,217.534225463867
Shaanxi,2402,0.712483358383179,385,108.697425842285,1227,0.0548750555002221,0.00836032547982516,0.0571667460837103,0.192968737556714,0.351651102304459,217.534225463867
Shaanxi,2403,0.702533340454102,423,107.699485778809,1211,0.0548750555002221,0.00836032547982516,0.0571667460837103,0.192968737556714,0.351651102304459,217.534225463867
Shandong,1739,1.41794996261597,626,96.0565490722656,63,0.0517345386028746,0.00674055193394728,0.0617252986181039,0.231115717790218,0.446733891963959,232.187072753906
Shandong,1740,1.41771669387817,652,97.3934173583984,50,0.0517345386028746,0.00674055193394728,0.0617252986181039,0.231115717790218,0.446733891963959,232.187072753906
Shandong,1741,1.42891664505005,675,96.7878875732422,41,0.0517345386028746,0.00674055193394728,0.0617252986181039,0.231115717790218,0.446733891963959,232.187072753906
Shandong,1743,1.42586669921875,705,98.4907531738281,52,0.0517345386028746,0.00674055193394728,0.0617252986181039,0.231115717790218,0.446733891963959,232.187072753906
Shandong,1744,1.38686666488647,701,99.692024230957,41,0.0517345386028746,0.00674055193394728,0.0617252986181039,0.231115717790218,0.446733891963959,232.187072753906
Shandong,1745,1.3706000328064,740,99.2616500854492,39,0.0517345386028746,0.00674055193394728,0.0617252986181039,0.231115717790218,0.446733891963959,232.187072753906
Shandong,1813,1.39361667633057,618,101.122131347656,51,0.0517345386028746,0.00674055193394728,0.0617252986181039,0.231115717790218,0.446733891963959,232.187072753906
Shandong,1814,1.40666666030884,662,100.097969055176,39,0.0517345386028746,0.00674055193394728,0.0617252986181039,0.231115717790218,0.446733891963959,232.187072753906
Shandong,1815,1.384850025177,683,103.491004943848,38,0.0517345386028746,0.00674055193394728,0.0617252986181039,0.231115717790218,0.446733891963959,232.187072753906
Shandong,1816,1.30991668701172,731,103.27628326416,265,0.0517345386028746,0.00674055193394728,0.0617252986181039,0.231115717790218,0.446733891963959,232.187072753906
Shandong,1817,1.30071668624878,743,104.945442199707,221,0.0517345386028746,0.00674055193394728,0.0617252986181039,0.231115717790218,0.446733891963959,232.187072753906
Shandong,1818,1.30448331832886,789,104.991661071777,72,0.0517345386028746,0.00674055193394728,0.0617252986181039,0.231115717790218,0.446733891963959,232.187072753906
Shandong,1819,1.31324996948242,884,101.832695007324,62,0.0517345386028746,0.00674055193394728,0.0617252986181039,0.231115717790218,0.446733891963959,232.187072753906
Shandong,1887,1.35915002822876,642,105.655693054199,39,0.0517345386028746,0.00674055193394728,0.0617252986181039,0.231115717790218,0.446733891963959,232.187072753906
Shandong,1888,1.34846668243408,695,109.309272766113,71,0.0517345386028746,0.00674055193394728,0.0617252986181039,0.231115717790218,0.446733891963959,232.187072753906
Shandong,1889,1.33675003051758,719,107.958427429199,120,0.0517345386028746,0.00674055193394728,0.0617252986181039,0.231115717790218,0.446733891963959,232.187072753906
Shandong,1890,1.26871662139893,756,108.412979125977,236,0.0517345386028746,0.00674055193394728,0.0617252986181039,0.231115717790218,0.446733891963959,232.187072753906
Shandong,1891,1.26674995422363,800,110.359619140625,106,0.0517345386028746,0.00674055193394728,0.0617252986181039,0.231115717790218,0.446733891963959,232.187072753906
Shandong,1892,1.20828332901001,855,105.357597351074,232,0.0517345386028746,0.00674055193394728,0.0617252986181039,0.231115717790218,0.446733891963959,232.187072753906
Shandong,1959,1.34280004501343,562,108.325744628906,38,0.0517345386028746,0.00674055193394728,0.0617252986181039,0.231115717790218,0.446733891963959,232.187072753906
Shandong,1960,1.3496000289917,637,110.632598876953,79,0.0517345386028746,0.00674055193394728,0.0617252986181039,0.231115717790218,0.446733891963959,232.187072753906
Shandong,1961,1.30626668930054,708,111.171447753906,166,0.0517345386028746,0.00674055193394728,0.0617252986181039,0.231115717790218,0.446733891963959,232.187072753906
Shandong,1962,1.27818336486816,729,111.761428833008,232,0.0517345386028746,0.00674055193394728,0.0617252986181039,0.231115717790218,0.446733891963959,232.187072753906
Shandong,1963,1.18625001907349,766,110.334655761719,399,0.0517345386028746,0.00674055193394728,0.0617252986181039,0.231115717790218,0.446733891963959,232.187072753906
Shandong,1964,1.20036668777466,785,109.797653198242,304,0.0517345386028746,0.00674055193394728,0.0617252986181039,0.231115717790218,0.446733891963959,232.187072753906
Shandong,1965,1.24793329238892,778,105.387580871582,93,0.0517345386028746,0.00674055193394728,0.0617252986181039,0.231115717790218,0.446733891963959,232.187072753906
Shandong,1966,1.23903331756592,764,94.0733489990234,104,0.0517345386028746,0.00674055193394728,0.0617252986181039,0.231115717790218,0.446733891963959,232.187072753906
Shandong,2032,1.30391664505005,516,120.421401977539,34,0.0517345386028746,0.00674055193394728,0.0617252986181039,0.231115717790218,0.446733891963959,232.187072753906
Shandong,2033,1.31466665267944,600,117.46272277832,27,0.0517345386028746,0.00674055193394728,0.0617252986181039,0.231115717790218,0.446733891963959,232.187072753906
Shandong,2034,1.3518500328064,721,113.935386657715,138,0.0517345386028746,0.00674055193394728,0.0617252986181039,0.231115717790218,0.446733891963959,232.187072753906
Shandong,2035,1.17644996643066,716,112.769714355469,438,0.0517345386028746,0.00674055193394728,0.0617252986181039,0.231115717790218,0.446733891963959,232.187072753906
Shandong,2036,1.23365001678467,713,111.873580932617,316,0.0517345386028746,0.00674055193394728,0.0617252986181039,0.231115717790218,0.446733891963959,232.187072753906
Shandong,2037,1.22443332672119,739,109.854301452637,260,0.0517345386028746,0.00674055193394728,0.0617252986181039,0.231115717790218,0.446733891963959,232.187072753906
Shandong,2038,1.25131664276123,724,105.875213623047,72,0.0517345386028746,0.00674055193394728,0.0617252986181039,0.231115717790218,0.446733891963959,232.187072753906
Shandong,2039,1.25784997940063,702,97.9323501586914,25,0.0517345386028746,0.00674055193394728,0.0617252986181039,0.231115717790218,0.446733891963959,232.187072753906
Shandong,2040,1.31123332977295,695,90.1435775756836,4,0.0517345386028746,0.00674055193394728,0.0617252986181039,0.231115717790218,0.446733891963959,232.187072753906
Shandong,2107,1.2986499786377,508,124.398933410645,31,0.0517345386028746,0.00674055193394728,0.0617252986181039,0.231115717790218,0.446733891963959,232.187072753906
Shandong,2108,1.30498332977295,556,123.423858642578,23,0.0517345386028746,0.00674055193394728,0.0617252986181039,0.231115717790218,0.446733891963959,232.187072753906
Shandong,2109,1.31791667938232,592,121.567008972168,19,0.0517345386028746,0.00674055193394728,0.0617252986181039,0.231115717790218,0.446733891963959,232.187072753906
Shandong,2110,1.34641666412354,622,116.943801879883,15,0.0517345386028746,0.00674055193394728,0.0617252986181039,0.231115717790218,0.446733891963959,232.187072753906
Shandong,2111,1.37523336410522,632,115.58895111084,24,0.0517345386028746,0.00674055193394728,0.0617252986181039,0.231115717790218,0.446733891963959,232.187072753906
Shandong,2112,1.36233329772949,682,112.634307861328,21,0.0517345386028746,0.00674055193394728,0.0617252986181039,0.231115717790218,0.446733891963959,232.187072753906
Shandong,2113,1.26485004425049,676,106.082527160645,8,0.0517345386028746,0.00674055193394728,0.0617252986181039,0.231115717790218,0.446733891963959,232.187072753906
Shandong,2114,1.24761667251587,682,101.780784606934,37,0.0517345386028746,0.00674055193394728,0.0617252986181039,0.231115717790218,0.446733891963959,232.187072753906
Shandong,2115,1.24060001373291,698,100.752899169922,36,0.0517345386028746,0.00674055193394728,0.0617252986181039,0.231115717790218,0.446733891963959,232.187072753906
Shandong,2116,1.24975690841675,718,95.7559661865234,5,0.0517345386028746,0.00674055193394728,0.0617252986181039,0.231115717790218,0.446733891963959,232.187072753906
Shandong,2184,1.30054998397827,492,127.407752990723,21,0.0517345386028746,0.00674055193394728,0.0617252986181039,0.231115717790218,0.446733891963959,232.187072753906
Shandong,2185,1.30976667404175,524,126.503196716309,14,0.0517345386028746,0.00674055193394728,0.0617252986181039,0.231115717790218,0.446733891963959,232.187072753906
Shandong,2186,1.32969999313355,583,119.923194885254,11,0.0517345386028746,0.00674055193394728,0.0617252986181039,0.231115717790218,0.446733891963959,232.187072753906
Shandong,2187,1.34420003890991,597,115.303848266602,8,0.0517345386028746,0.00674055193394728,0.0617252986181039,0.231115717790218,0.446733891963959,232.187072753906
Shandong,2188,1.33661670684814,587,116.599449157715,0,0.0517345386028746,0.00674055193394728,0.0617252986181039,0.231115717790218,0.446733891963959,232.187072753906
Shandong,2189,1.24526672363281,658,104.107269287109,78,0.0517345386028746,0.00674055193394728,0.0617252986181039,0.231115717790218,0.446733891963959,232.187072753906
Shandong,2190,1.17080001831055,685,102.919502258301,137,0.0517345386028746,0.00674055193394728,0.0617252986181039,0.231115717790218,0.446733891963959,232.187072753906
Shandong,2191,1.17236671447754,715,99.4376220703125,145,0.0517345386028746,0.00674055193394728,0.0617252986181039,0.231115717790218,0.446733891963959,232.187072753906
Shandong,2192,1.1657000541687,721,94.3381652832031,122,0.0517345386028746,0.00674055193394728,0.0617252986181039,0.231115717790218,0.446733891963959,232.187072753906
Shandong,2193,1.1809666633606,710,92.4082183837891,36,0.0517345386028746,0.00674055193394728,0.0617252986181039,0.231115717790218,0.446733891963959,232.187072753906
Shandong,2264,1.31881666183472,567,123.134643554688,5,0.0517345386028746,0.00674055193394728,0.0617252986181039,0.231115717790218,0.446733891963959,232.187072753906
Shandong,2265,1.31254997253418,585,118.95671081543,7,0.0517345386028746,0.00674055193394728,0.0617252986181039,0.231115717790218,0.446733891963959,232.187072753906
Shandong,2266,1.28618335723877,605,114.478630065918,3,0.0517345386028746,0.00674055193394728,0.0617252986181039,0.231115717790218,0.446733891963959,232.187072753906
Shandong,2267,1.19204998016357,603,102.654190063477,90,0.0517345386028746,0.00674055193394728,0.0617252986181039,0.231115717790218,0.446733891963959,232.187072753906
Shandong,2268,1.19939994812012,665,97.8309860229492,65,0.0517345386028746,0.00674055193394728,0.0617252986181039,0.231115717790218,0.446733891963959,232.187072753906
Shandong,2269,1.20541667938232,683,95.1919479370117,7,0.0517345386028746,0.00674055193394728,0.0617252986181039,0.231115717790218,0.446733891963959,232.187072753906
Shandong,2270,1.17913331985474,723,92.9690628051758,32,0.0517345386028746,0.00674055193394728,0.0617252986181039,0.231115717790218,0.446733891963959,232.187072753906
Shanghai,1210,1.6357666015625,1020,51.660083770752,4,0.0101659534813005,0.0055760852175742,0.0342461633537944,0.0536895101930057,0.52813059091568,331.867309570313
Shanghai,1287,1.55761671066284,1025,52.3297119140625,4,0.0101659534813005,0.0055760852175742,0.0342461633537944,0.0536895101930057,0.52813059091568,331.867309570313
Shanxi,1656,1.30416669845581,575,76.0144119262695,526,0.0200895135714721,0.0021273014297621,0.0300524363560955,0.0564238582203988,0.280862241983414,172.029251098633
Shanxi,1657,1.37550001144409,575,77.1307678222656,450,0.0200895135714721,0.0021273014297621,0.0300524363560955,0.0564238582203988,0.280862241983414,172.029251098633
Shanxi,1731,1.27426662445068,541,80.7198181152344,578,0.0200895135714721,0.0021273014297621,0.0300524363560955,0.0564238582203988,0.280862241983414,172.029251098633
Shanxi,1732,1.33858337402344,545,82.0651245117188,461,0.0200895135714721,0.0021273014297621,0.0300524363560955,0.0564238582203988,0.280862241983414,172.029251098633
Shanxi,1733,1.33858337402344,554,85.8203048706055,463,0.0200895135714721,0.0021273014297621,0.0300524363560955,0.0564238582203988,0.280862241983414,172.029251098633
Shanxi,1804,1.21371669769287,525,85.2849426269531,683,0.0200895135714721,0.0021273014297621,0.0300524363560955,0.0564238582203988,0.280862241983414,172.029251098633
Shanxi,1805,1.29616670608521,524,85.7857894897461,470,0.0200895135714721,0.0021273014297621,0.0300524363560955,0.0564238582203988,0.280862241983414,172.029251098633
Shanxi,1806,1.25476665496826,530,90.3484497070312,586,0.0200895135714721,0.0021273014297621,0.0300524363560955,0.0564238582203988,0.280862241983414,172.029251098633
Shanxi,1807,1.0981333732605,571,91.7384033203125,874,0.0200895135714721,0.0021273014297621,0.0300524363560955,0.0564238582203988,0.280862241983414,172.029251098633
Shanxi,1808,1.14309997558594,606,94.0550308227539,826,0.0200895135714721,0.0021273014297621,0.0300524363560955,0.0564238582203988,0.280862241983414,172.029251098633
Shanxi,1809,0.990983295440674,638,94.4244003295898,1007,0.0200895135714721,0.0021273014297621,0.0300524363560955,0.0564238582203988,0.280862241983414,172.029251098633
Shanxi,1877,0.914200019836426,510,92.2331161499024,1208,0.0200895135714721,0.0021273014297621,0.0300524363560955,0.0564238582203988,0.280862241983414,172.029251098633
Shanxi,1878,0.880449962615967,534,93.3366394042969,1285,0.0200895135714721,0.0021273014297621,0.0300524363560955,0.0564238582203988,0.280862241983414,172.029251098633
Shanxi,1879,1.1871166229248,494,95.4946517944336,676,0.0200895135714721,0.0021273014297621,0.0300524363560955,0.0564238582203988,0.280862241983414,172.029251098633
Shanxi,1880,0.92408332824707,566,95.9717330932617,1126,0.0200895135714721,0.0021273014297621,0.0300524363560955,0.0564238582203988,0.280862241983414,172.029251098633
Shanxi,1881,1.02666664123535,595,93.9917449951172,935,0.0200895135714721,0.0021273014297621,0.0300524363560955,0.0564238582203988,0.280862241983414,172.029251098633
Shanxi,1882,0.704649972915649,697,95.4752426147461,1568,0.0200895135714721,0.0021273014297621,0.0300524363560955,0.0564238582203988,0.280862241983414,172.029251098633
Shanxi,1950,0.951883316040039,501,94.1350402832031,1110,0.0200895135714721,0.0021273014297621,0.0300524363560955,0.0564238582203988,0.280862241983414,172.029251098633
Shanxi,1951,0.785616683959961,518,96.0055999755859,1374,0.0200895135714721,0.0021273014297621,0.0300524363560955,0.0564238582203988,0.280862241983414,172.029251098633
Shanxi,1952,1.12256669998169,488,99.8413314819336,707,0.0200895135714721,0.0021273014297621,0.0300524363560955,0.0564238582203988,0.280862241983414,172.029251098633
Shanxi,1953,0.852999973297119,555,100.126281738281,1220,0.0200895135714721,0.0021273014297621,0.0300524363560955,0.0564238582203988,0.280862241983414,172.029251098633
Shanxi,1954,1.01546669006348,583,99.0214920043945,914,0.0200895135714721,0.0021273014297621,0.0300524363560955,0.0564238582203988,0.280862241983414,172.029251098633
Shanxi,1955,0.926550006866455,624,102.086708068848,1090,0.0200895135714721,0.0021273014297621,0.0300524363560955,0.0564238582203988,0.280862241983414,172.029251098633
Shanxi,2023,0.888116645812988,492,97.9431838989258,1171,0.0200895135714721,0.0021273014297621,0.0300524363560955,0.0564238582203988,0.280862241983414,172.029251098633
Shanxi,2024,0.711016654968262,510,99.81787109375,1469,0.0200895135714721,0.0021273014297621,0.0300524363560955,0.0564238582203988,0.280862241983414,172.029251098633
Shanxi,2025,1.10211668014526,466,101.940727233887,742,0.0200895135714721,0.0021273014297621,0.0300524363560955,0.0564238582203988,0.280862241983414,172.029251098633
Shanxi,2026,0.606500005722046,561,102.694023132324,1625,0.0200895135714721,0.0021273014297621,0.0300524363560955,0.0564238582203988,0.280862241983414,172.029251098633
Shanxi,2027,0.897683334350586,583,102.745483398438,1113,0.0200895135714721,0.0021273014297621,0.0300524363560955,0.0564238582203988,0.280862241983414,172.029251098633
Shanxi,2028,0.949683380126953,591,106.395782470703,981,0.0200895135714721,0.0021273014297621,0.0300524363560955,0.0564238582203988,0.280862241983414,172.029251098633
Shanxi,2099,0.768766689300537,497,99.9039688110352,1269,0.0200895135714721,0.0021273014297621,0.0300524363560955,0.0564238582203988,0.280862241983414,172.029251098633
Shanxi,2100,0.72083330154419,491,104.883682250977,1394,0.0200895135714721,0.0021273014297621,0.0300524363560955,0.0564238582203988,0.280862241983414,172.029251098633
Shanxi,2101,1.0315333366394,441,106.177528381348,779,0.0200895135714721,0.0021273014297621,0.0300524363560955,0.0564238582203988,0.280862241983414,172.029251098633
Shanxi,2102,0.581533336639404,531,109.683090209961,1582,0.0200895135714721,0.0021273014297621,0.0300524363560955,0.0564238582203988,0.280862241983414,172.029251098633
Shanxi,2103,0.718716669082642,556,109.349502563477,1326,0.0200895135714721,0.0021273014297621,0.0300524363560955,0.0564238582203988,0.280862241983414,172.029251098633
Shanxi,2174,0.870716667175293,483,98.8096771240235,1029,0.0200895135714721,0.0021273014297621,0.0300524363560955,0.0564238582203988,0.280862241983414,172.029251098633
Shanxi,2175,0.489349985122681,498,104.190887451172,1728,0.0200895135714721,0.0021273014297621,0.0300524363560955,0.0564238582203988,0.280862241983414,172.029251098633
Shanxi,2176,0.636816644668579,475,107.228477478027,1486,0.0200895135714721,0.0021273014297621,0.0300524363560955,0.0564238582203988,0.280862241983414,172.029251098633
Shanxi,2177,1.01630001068115,417,103.377021789551,791,0.0200895135714721,0.0021273014297621,0.0300524363560955,0.0564238582203988,0.280862241983414,172.029251098633
Shanxi,2178,0.819716644287109,392,118.469352722168,1064,0.0200895135714721,0.0021273014297621,0.0300524363560955,0.0564238582203988,0.280862241983414,172.029251098633
Shanxi,2179,1.01774997711182,478,112.342071533203,757,0.0200895135714721,0.0021273014297621,0.0300524363560955,0.0564238582203988,0.280862241983414,172.029251098633
Shanxi,2252,0.877566623687744,468,102.169647216797,955,0.0200895135714721,0.0021273014297621,0.0300524363560955,0.0564238582203988,0.280862241983414,172.029251098633
Shanxi,2253,0.421350002288818,497,103.924835205078,1785,0.0200895135714721,0.0021273014297621,0.0300524363560955,0.0564238582203988,0.280862241983414,172.029251098633
Shanxi,2254,0.641833353042603,452,109.047157287598,1379,0.0200895135714721,0.0021273014297621,0.0300524363560955,0.0564238582203988,0.280862241983414,172.029251098633
Shanxi,2255,0.878833293914795,425,107.566184997559,923,0.0200895135714721,0.0021273014297621,0.0300524363560955,0.0564238582203988,0.280862241983414,172.029251098633
Shanxi,2256,0.710799980163574,409,117.463218688965,1220,0.0200895135714721,0.0021273014297621,0.0300524363560955,0.0564238582203988,0.280862241983414,172.029251098633
Shanxi,2331,0.470916652679443,471,105.790489196777,1622,0.0200895135714721,0.0021273014297621,0.0300524363560955,0.0564238582203988,0.280862241983414,172.029251098633
Shanxi,2332,0.20533332824707,504,108.831245422363,2067,0.0200895135714721,0.0021273014297621,0.0300524363560955,0.0564238582203988,0.280862241983414,172.029251098633
Shanxi,2333,0.818833351135254,426,112.067245483398,1046,0.0200895135714721,0.0021273014297621,0.0300524363560955,0.0564238582203988,0.280862241983414,172.029251098633
Shanxi,2334,0.761450004577637,413,112.854248046875,1112,0.0200895135714721,0.0021273014297621,0.0300524363560955,0.0564238582203988,0.280862241983414,172.029251098633
Shanxi,2404,0.573566675186157,437,107.270835876465,1364,0.0200895135714721,0.0021273014297621,0.0300524363560955,0.0564238582203988,0.280862241983414,172.029251098633
Shanxi,2405,0.375216674804688,466,104.658485412598,1683,0.0200895135714721,0.0021273014297621,0.0300524363560955,0.0564238582203988,0.280862241983414,172.029251098633
Shanxi,2406,0.728233337402344,411,109.043876647949,1096,0.0200895135714721,0.0021273014297621,0.0300524363560955,0.0564238582203988,0.280862241983414,172.029251098633
Shanxi,2407,0.795916652679443,406,107.644775390625,964,0.0200895135714721,0.0021273014297621,0.0300524363560955,0.0564238582203988,0.280862241983414,172.029251098633
Shanxi,2408,0.634299993515015,449,108.906753540039,1295,0.0200895135714721,0.0021273014297621,0.0300524363560955,0.0564238582203988,0.280862241983414,172.029251098633
Shanxi,2477,0.36191668510437,447,104.397499084473,1648,0.0200895135714721,0.0021273014297621,0.0300524363560955,0.0564238582203988,0.280862241983414,172.029251098633
Shanxi,2478,0.449700021743774,437,106.712471008301,1576,0.0200895135714721,0.0021273014297621,0.0300524363560955,0.0564238582203988,0.280862241983414,172.029251098633
Shanxi,2479,0.732566690444946,384,105.686073303223,1016,0.0200895135714721,0.0021273014297621,0.0300524363560955,0.0564238582203988,0.280862241983414,172.029251098633
Shanxi,2480,0.322483325004578,478,99.7999572753906,1698,0.0200895135714721,0.0021273014297621,0.0300524363560955,0.0564238582203988,0.280862241983414,172.029251098633
Shanxi,2481,0.290333342552185,518,99.8041381835938,1782,0.0200895135714721,0.0021273014297621,0.0300524363560955,0.0564238582203988,0.280862241983414,172.029251098633
Shanxi,2551,0.52703332901001,389,106.564064025879,1299,0.0200895135714721,0.0021273014297621,0.0300524363560955,0.0564238582203988,0.280862241983414,172.029251098633
Shanxi,2552,0.71526665687561,358,106.904853820801,1034,0.0200895135714721,0.0021273014297621,0.0300524363560955,0.0564238582203988,0.280862241983414,172.029251098633
Shanxi,2553,0.753416681289673,361,103.454689025879,894,0.0200895135714721,0.0021273014297621,0.0300524363560955,0.0564238582203988,0.280862241983414,172.029251098633
Shanxi,2630,0.68658332824707,356,102.30207824707,1059,0.0200895135714721,0.0021273014297621,0.0300524363560955,0.0564238582203988,0.280862241983414,172.029251098633
Sichuan,363,1.54448337554932,852,94.5298156738281,2100,0.0614651285579834,0.00483292830482234,0.0502349422385811,0.172594181637433,0.28080016374588,283.352813720703
Sichuan,364,1.47078332901001,901,95.1749572753906,2125,0.0614651285579834,0.00483292830482234,0.0502349422385811,0.172594181637433,0.28080016374588,283.352813720703
Sichuan,365,1.83108329772949,803,90.8652038574219,1309,0.0614651285579834,0.00483292830482234,0.0502349422385811,0.172594181637433,0.28080016374588,283.352813720703
Sichuan,404,1.72353324890137,812,87.9643478393555,1690,0.0614651285579834,0.00483292830482234,0.0502349422385811,0.172594181637433,0.28080016374588,283.352813720703
Sichuan,405,1.59989995956421,903,95.7795486450195,1865,0.0614651285579834,0.00483292830482234,0.0502349422385811,0.172594181637433,0.28080016374588,283.352813720703
Sichuan,406,1.05871667861938,949,91.7795257568359,2691,0.0614651285579834,0.00483292830482234,0.0502349422385811,0.172594181637433,0.28080016374588,283.352813720703
Sichuan,446,1.07271671295166,829,87.6557769775391,2855,0.0614651285579834,0.00483292830482234,0.0502349422385811,0.172594181637433,0.28080016374588,283.352813720703
Sichuan,447,1.70141658782959,896,97.6841812133789,1627,0.0614651285579834,0.00483292830482234,0.0502349422385811,0.172594181637433,0.28080016374588,283.352813720703
Sichuan,448,0.761749982833862,953,88.0205917358398,3227,0.0614651285579834,0.00483292830482234,0.0502349422385811,0.172594181637433,0.28080016374588,283.352813720703
Sichuan,491,0.859733390808106,798,82.5301361083984,3205,0.0614651285579834,0.00483292830482234,0.0502349422385811,0.172594181637433,0.28080016374588,283.352813720703
Sichuan,492,0.887650012969971,825,89.1745910644531,3086,0.0614651285579834,0.00483292830482234,0.0502349422385811,0.172594181637433,0.28080016374588,283.352813720703
Sichuan,493,1.36671667098999,895,96.1891326904297,2247,0.0614651285579834,0.00483292830482234,0.0502349422385811,0.172594181637433,0.28080016374588,283.352813720703
Sichuan,494,1.03914995193481,916,94.8477096557617,2652,0.0614651285579834,0.00483292830482234,0.0502349422385811,0.172594181637433,0.28080016374588,283.352813720703
Sichuan,495,0.952449989318848,913,90.2081069946289,2717,0.0614651285579834,0.00483292830482234,0.0502349422385811,0.172594181637433,0.28080016374588,283.352813720703
Sichuan,496,1.11656665802002,912,84.4146728515625,2192,0.0614651285579834,0.00483292830482234,0.0502349422385811,0.172594181637433,0.28080016374588,283.352813720703
Sichuan,500,1.34551668167114,1032,69.9528732299805,1321,0.0614651285579834,0.00483292830482234,0.0502349422385811,0.172594181637433,0.28080016374588,283.352813720703
Sichuan,501,1.54018335342407,1044,68.5338745117188,972,0.0614651285579834,0.00483292830482234,0.0502349422385811,0.172594181637433,0.28080016374588,283.352813720703
Sichuan,542,0.00491666868329048,732,82.3629379272461,4538,0.0614651285579834,0.00483292830482234,0.0502349422385811,0.172594181637433,0.28080016374588,283.352813720703
Sichuan,543,0.698283338546753,772,88.5336761474609,3474,0.0614651285579834,0.00483292830482234,0.0502349422385811,0.172594181637433,0.28080016374588,283.352813720703
Sichuan,544,1.00120000839233,839,93.3955383300781,2885,0.0614651285579834,0.00483292830482234,0.0502349422385811,0.172594181637433,0.28080016374588,283.352813720703
Sichuan,545,1.2949333190918,904,97.4942245483398,2274,0.0614651285579834,0.00483292830482234,0.0502349422385811,0.172594181637433,0.28080016374588,283.352813720703
Sichuan,546,1.23950004577637,938,95.8243179321289,2211,0.0614651285579834,0.00483292830482234,0.0502349422385811,0.172594181637433,0.28080016374588,283.352813720703
Sichuan,547,1.12653331756592,931,88.4079895019531,2195,0.0614651285579834,0.00483292830482234,0.0502349422385811,0.172594181637433,0.28080016374588,283.352813720703
Sichuan,548,1.04064998626709,890,82.0194244384766,1945,0.0614651285579834,0.00483292830482234,0.0502349422385811,0.172594181637433,0.28080016374588,283.352813720703
Sichuan,550,1.72779998779297,1092,76.5303268432617,503,0.0614651285579834,0.00483292830482234,0.0502349422385811,0.172594181637433,0.28080016374588,283.352813720703
Sichuan,551,1.59631662368774,1071,71.5192718505859,726,0.0614651285579834,0.00483292830482234,0.0502349422385811,0.172594181637433,0.28080016374588,283.352813720703
Sichuan,552,1.75051670074463,1082,67.6668319702149,423,0.0614651285579834,0.00483292830482234,0.0502349422385811,0.172594181637433,0.28080016374588,283.352813720703
Sichuan,598,0.843466663360596,668,78.0156555175781,2918,0.0614651285579834,0.00483292830482234,0.0502349422385811,0.172594181637433,0.28080016374588,283.352813720703
Sichuan,600,0.0859833359718323,702,88.148307800293,4406,0.0614651285579834,0.00483292830482234,0.0502349422385811,0.172594181637433,0.28080016374588,283.352813720703
Sichuan,601,0.486649990081787,762,92.8104248046875,3718,0.0614651285579834,0.00483292830482234,0.0502349422385811,0.172594181637433,0.28080016374588,283.352813720703
Sichuan,602,0.261349987983704,816,93.2484359741211,4130,0.0614651285579834,0.00483292830482234,0.0502349422385811,0.172594181637433,0.28080016374588,283.352813720703
Sichuan,603,0.686500024795532,926,92.0201034545899,3317,0.0614651285579834,0.00483292830482234,0.0502349422385811,0.172594181637433,0.28080016374588,283.352813720703
Sichuan,604,0.278916668891907,923,90.1680908203125,3933,0.0614651285579834,0.00483292830482234,0.0502349422385811,0.172594181637433,0.28080016374588,283.352813720703
Sichuan,605,0.478749990463257,920,88.2195663452148,3384,0.0614651285579834,0.00483292830482234,0.0502349422385811,0.172594181637433,0.28080016374588,283.352813720703
Sichuan,606,1.35751667022705,1045,84.2028503417969,1282,0.0614651285579834,0.00483292830482234,0.0502349422385811,0.172594181637433,0.28080016374588,283.352813720703
Sichuan,607,1.27333335876465,1012,80.3837203979492,1385,0.0614651285579834,0.00483292830482234,0.0502349422385811,0.172594181637433,0.28080016374588,283.352813720703
Sichuan,608,1.79353332519531,1160,80.8683242797852,326,0.0614651285579834,0.00483292830482234,0.0502349422385811,0.172594181637433,0.28080016374588,283.352813720703
Sichuan,609,1.77463340759277,1126,73.3050308227539,362,0.0614651285579834,0.00483292830482234,0.0502349422385811,0.172594181637433,0.28080016374588,283.352813720703
Sichuan,610,1.77121658325195,1111,66.9671325683594,366,0.0614651285579834,0.00483292830482234,0.0502349422385811,0.172594181637433,0.28080016374588,283.352813720703
Sichuan,611,1.538450050354,1081,66.4953765869141,866,0.0614651285579834,0.00483292830482234,0.0502349422385811,0.172594181637433,0.28080016374588,283.352813720703
Sichuan,662,0.0771999895572662,603,84.5665435791016,4343,0.0614651285579834,0.00483292830482234,0.0502349422385811,0.172594181637433,0.28080016374588,283.352813720703
Sichuan,663,0.0341166615486145,652,88.5670700073242,4490,0.0614651285579834,0.00483292830482234,0.0502349422385811,0.172594181637433,0.28080016374588,283.352813720703
Sichuan,664,0.238016676902771,648,94.4150390625,4240,0.0614651285579834,0.00483292830482234,0.0502349422385811,0.172594181637433,0.28080016374588,283.352813720703
Sichuan,665,0.51158332824707,733,97.4885864257813,3629,0.0614651285579834,0.00483292830482234,0.0502349422385811,0.172594181637433,0.28080016374588,283.352813720703
Sichuan,666,0.145316660404205,788,95.3164596557617,4178,0.0614651285579834,0.00483292830482234,0.0502349422385811,0.172594181637433,0.28080016374588,283.352813720703
Sichuan,667,-0.169733333587646,825,91.3196792602539,4795,0.0614651285579834,0.00483292830482234,0.0502349422385811,0.172594181637433,0.28080016374588,283.352813720703
Sichuan,668,1.47506666183472,1059,92.3637924194336,1434,0.0614651285579834,0.00483292830482234,0.0502349422385811,0.172594181637433,0.28080016374588,283.352813720703
Sichuan,669,1.2764666557312,1066,88.5372543334961,1641,0.0614651285579834,0.00483292830482234,0.0502349422385811,0.172594181637433,0.28080016374588,283.352813720703
Sichuan,670,1.22033338546753,1114,85.0936965942383,1533,0.0614651285579834,0.00483292830482234,0.0502349422385811,0.172594181637433,0.28080016374588,283.352813720703
Sichuan,671,1.77845001220703,1371,91.1713409423828,363,0.0614651285579834,0.00483292830482234,0.0502349422385811,0.172594181637433,0.28080016374588,283.352813720703
Sichuan,672,1.77275009155273,1218,84.9453048706055,349,0.0614651285579834,0.00483292830482234,0.0502349422385811,0.172594181637433,0.28080016374588,283.352813720703
Sichuan,673,1.80321674346924,1139,78.5194473266602,297,0.0614651285579834,0.00483292830482234,0.0502349422385811,0.172594181637433,0.28080016374588,283.352813720703
Sichuan,674,1.78950004577637,1106,71.6519927978516,310,0.0614651285579834,0.00483292830482234,0.0502349422385811,0.172594181637433,0.28080016374588,283.352813720703
Sichuan,731,-0.229833340644836,628,88.7423934936524,4862,0.0614651285579834,0.00483292830482234,0.0502349422385811,0.172594181637433,0.28080016374588,283.352813720703
Sichuan,732,0.0383499979972839,615,95.3071823120117,4395,0.0614651285579834,0.00483292830482234,0.0502349422385811,0.172594181637433,0.28080016374588,283.352813720703
Sichuan,733,-0.0300166577100754,647,99.6507339477539,4516,0.0614651285579834,0.00483292830482234,0.0502349422385811,0.172594181637433,0.28080016374588,283.352813720703
Sichuan,734,0.0729499995708466,701,99.3401107788086,4406,0.0614651285579834,0.00483292830482234,0.0502349422385811,0.172594181637433,0.28080016374588,283.352813720703
Sichuan,735,0.602883338928223,759,100.003921508789,3507,0.0614651285579834,0.00483292830482234,0.0502349422385811,0.172594181637433,0.28080016374588,283.352813720703
Sichuan,736,-0.737683296203613,843,80.5345993041992,5523,0.0614651285579834,0.00483292830482234,0.0502349422385811,0.172594181637433,0.28080016374588,283.352813720703
Sichuan,737,1.03245000839233,941,86.7788772583008,2329,0.0614651285579834,0.00483292830482234,0.0502349422385811,0.172594181637433,0.28080016374588,283.352813720703
Sichuan,738,1.17495002746582,1092,85.2613906860352,1738,0.0614651285579834,0.00483292830482234,0.0502349422385811,0.172594181637433,0.28080016374588,283.352813720703
Sichuan,739,1.63601665496826,1514,95.4169998168945,720,0.0614651285579834,0.00483292830482234,0.0502349422385811,0.172594181637433,0.28080016374588,283.352813720703
Sichuan,740,1.72646675109863,1457,95.3406982421875,416,0.0614651285579834,0.00483292830482234,0.0502349422385811,0.172594181637433,0.28080016374588,283.352813720703
Sichuan,741,1.60109996795654,1188,88.7836990356445,615,0.0614651285579834,0.00483292830482234,0.0502349422385811,0.172594181637433,0.28080016374588,283.352813720703
Sichuan,742,1.752516746521,1086,84.7201232910156,342,0.0614651285579834,0.00483292830482234,0.0502349422385811,0.172594181637433,0.28080016374588,283.352813720703
Sichuan,802,0.140950000286102,583,93.7068939208984,4193,0.0614651285579834,0.00483292830482234,0.0502349422385811,0.172594181637433,0.28080016374588,283.352813720703
Sichuan,803,-0.381949996948242,653,91.6011352539063,5018,0.0614651285579834,0.00483292830482234,0.0502349422385811,0.172594181637433,0.28080016374588,283.352813720703
Sichuan,804,0.39593334197998,599,109.278221130371,3936,0.0614651285579834,0.00483292830482234,0.0502349422385811,0.172594181637433,0.28080016374588,283.352813720703
Sichuan,805,0.137933325767517,679,102.465438842773,4269,0.0614651285579834,0.00483292830482234,0.0502349422385811,0.172594181637433,0.28080016374588,283.352813720703
Sichuan,806,0.0665500044822693,716,98.5265960693359,4361,0.0614651285579834,0.00483292830482234,0.0502349422385811,0.172594181637433,0.28080016374588,283.352813720703
Sichuan,807,-0.00794998928904533,773,92.9242477416992,4414,0.0614651285579834,0.00483292830482234,0.0502349422385811,0.172594181637433,0.28080016374588,283.352813720703
Sichuan,808,0.894733333587647,857,84.4710006713867,2584,0.0614651285579834,0.00483292830482234,0.0502349422385811,0.172594181637433,0.28080016374588,283.352813720703
Sichuan,809,1.59400005340576,1451,94.4731216430664,828,0.0614651285579834,0.00483292830482234,0.0502349422385811,0.172594181637433,0.28080016374588,283.352813720703
Sichuan,810,1.64060001373291,1476,96.419807434082,702,0.0614651285579834,0.00483292830482234,0.0502349422385811,0.172594181637433,0.28080016374588,283.352813720703
Sichuan,811,1.68011665344238,1273,96.2081604003906,471,0.0614651285579834,0.00483292830482234,0.0502349422385811,0.172594181637433,0.28080016374588,283.352813720703
Sichuan,812,1.68815002441406,1115,93.2429885864258,422,0.0614651285579834,0.00483292830482234,0.0502349422385811,0.172594181637433,0.28080016374588,283.352813720703
Sichuan,813,1.68228340148926,1051,87.834602355957,439,0.0614651285579834,0.00483292830482234,0.0502349422385811,0.172594181637433,0.28080016374588,283.352813720703
Sichuan,814,1.75515003204346,1059,81.3991622924805,299,0.0614651285579834,0.00483292830482234,0.0502349422385811,0.172594181637433,0.28080016374588,283.352813720703
Sichuan,874,0.0821833372116089,607,94.3349075317383,4198,0.0614651285579834,0.00483292830482234,0.0502349422385811,0.172594181637433,0.28080016374588,283.352813720703
Sichuan,875,-0.223266673088074,632,95.824348449707,4809,0.0614651285579834,0.00483292830482234,0.0502349422385811,0.172594181637433,0.28080016374588,283.352813720703
Sichuan,876,0.184883332252502,645,103.357124328613,4126,0.0614651285579834,0.00483292830482234,0.0502349422385811,0.172594181637433,0.28080016374588,283.352813720703
Sichuan,877,0.00611667260527611,683,100.480140686035,4433,0.0614651285579834,0.00483292830482234,0.0502349422385811,0.172594181637433,0.28080016374588,283.352813720703
Sichuan,878,0.37793333530426,677,98.9737396240234,3733,0.0614651285579834,0.00483292830482234,0.0502349422385811,0.172594181637433,0.28080016374588,283.352813720703
Sichuan,879,-0.0923500001430511,763,92.2427139282227,4481,0.0614651285579834,0.00483292830482234,0.0502349422385811,0.172594181637433,0.28080016374588,283.352813720703
Sichuan,880,0.422533321380615,736,88.7556991577148,3467,0.0614651285579834,0.00483292830482234,0.0502349422385811,0.172594181637433,0.28080016374588,283.352813720703
Sichuan,881,1.1364333152771,933,80.1640625,1885,0.0614651285579834,0.00483292830482234,0.0502349422385811,0.172594181637433,0.28080016374588,283.352813720703
Sichuan,882,1.64305000305176,1276,94.9565734863281,636,0.0614651285579834,0.00483292830482234,0.0502349422385811,0.172594181637433,0.28080016374588,283.352813720703
Sichuan,883,1.64375,1039,97.3442306518555,515,0.0614651285579834,0.00483292830482234,0.0502349422385811,0.172594181637433,0.28080016374588,283.352813720703
Sichuan,884,1.66044998168945,995,95.6266937255859,438,0.0614651285579834,0.00483292830482234,0.0502349422385811,0.172594181637433,0.28080016374588,283.352813720703
Sichuan,885,1.66196670532227,1013,91.4908218383789,439,0.0614651285579834,0.00483292830482234,0.0502349422385811,0.172594181637433,0.28080016374588,283.352813720703
Sichuan,886,1.73166656494141,1052,86.1493759155274,330,0.0614651285579834,0.00483292830482234,0.0502349422385811,0.172594181637433,0.28080016374588,283.352813720703
Sichuan,887,1.76644992828369,1087,78.1404724121094,286,0.0614651285579834,0.00483292830482234,0.0502349422385811,0.172594181637433,0.28080016374588,283.352813720703
Sichuan,888,1.72994995117188,1138,72.6982269287109,392,0.0614651285579834,0.00483292830482234,0.0502349422385811,0.172594181637433,0.28080016374588,283.352813720703
Sichuan,889,1.7494499206543,1194,67.4972076416016,345,0.0614651285579834,0.00483292830482234,0.0502349422385811,0.172594181637433,0.28080016374588,283.352813720703
Sichuan,946,0.130983340740204,600,95.3572540283203,4230,0.0614651285579834,0.00483292830482234,0.0502349422385811,0.172594181637433,0.28080016374588,283.352813720703
Sichuan,947,0.0925999999046326,620,96.512809753418,4354,0.0614651285579834,0.00483292830482234,0.0502349422385811,0.172594181637433,0.28080016374588,283.352813720703
Sichuan,948,0.55203332901001,607,99.2621612548828,3551,0.0614651285579834,0.00483292830482234,0.0502349422385811,0.172594181637433,0.28080016374588,283.352813720703
Sichuan,949,-0.0761333346366882,692,96.6789855957031,4543,0.0614651285579834,0.00483292830482234,0.0502349422385811,0.172594181637433,0.28080016374588,283.352813720703
Sichuan,950,0.0203666657209396,702,94.5029220581055,4317,0.0614651285579834,0.00483292830482234,0.0502349422385811,0.172594181637433,0.28080016374588,283.352813720703
Sichuan,951,0.376133322715759,699,91.7964172363281,3756,0.0614651285579834,0.00483292830482234,0.0502349422385811,0.172594181637433,0.28080016374588,283.352813720703
Sichuan,952,0.346383333206177,708,88.8478469848633,3789,0.0614651285579834,0.00483292830482234,0.0502349422385811,0.172594181637433,0.28080016374588,283.352813720703
Sichuan,953,0.213883328437805,737,85.422721862793,3790,0.0614651285579834,0.00483292830482234,0.0502349422385811,0.172594181637433,0.28080016374588,283.352813720703
Sichuan,954,1.11936664581299,937,79.0067977905274,1764,0.0614651285579834,0.00483292830482234,0.0502349422385811,0.172594181637433,0.28080016374588,283.352813720703
Sichuan,955,1.61919994354248,978,96.6724090576172,597,0.0614651285579834,0.00483292830482234,0.0502349422385811,0.172594181637433,0.28080016374588,283.352813720703
Sichuan,956,1.59018335342407,935,97.4184951782227,608,0.0614651285579834,0.00483292830482234,0.0502349422385811,0.172594181637433,0.28080016374588,283.352813720703
Sichuan,957,1.64096660614014,976,95.1694946289063,455,0.0614651285579834,0.00483292830482234,0.0502349422385811,0.172594181637433,0.28080016374588,283.352813720703
Sichuan,958,1.65873336791992,1017,89.6258926391602,449,0.0614651285579834,0.00483292830482234,0.0502349422385811,0.172594181637433,0.28080016374588,283.352813720703
Sichuan,959,1.71219997406006,1073,82.116584777832,361,0.0614651285579834,0.00483292830482234,0.0502349422385811,0.172594181637433,0.28080016374588,283.352813720703
Sichuan,960,1.66444988250732,1136,75.5107955932617,502,0.0614651285579834,0.00483292830482234,0.0502349422385811,0.172594181637433,0.28080016374588,283.352813720703
Sichuan,961,1.76488342285156,1182,70.5609359741211,311,0.0614651285579834,0.00483292830482234,0.0502349422385811,0.172594181637433,0.28080016374588,283.352813720703
Sichuan,962,1.73218326568604,1247,66.114616394043,403,0.0614651285579834,0.00483292830482234,0.0502349422385811,0.172594181637433,0.28080016374588,283.352813720703
Sichuan,1020,0.236866664886475,618,95.0526351928711,3985,0.0614651285579834,0.00483292830482234,0.0502349422385811,0.172594181637433,0.28080016374588,283.352813720703
Sichuan,1021,-0.00900000482797623,639,93.8435516357422,4430,0.0614651285579834,0.00483292830482234,0.0502349422385811,0.172594181637433,0.28080016374588,283.352813720703
Sichuan,1022,0.196933329105377,660,95.2154312133789,3985,0.0614651285579834,0.00483292830482234,0.0502349422385811,0.172594181637433,0.28080016374588,283.352813720703
Sichuan,1023,0.606216669082642,625,96.6009826660156,3418,0.0614651285579834,0.00483292830482234,0.0502349422385811,0.172594181637433,0.28080016374588,283.352813720703
Sichuan,1024,-0.0744666635990143,724,91.1754455566406,4376,0.0614651285579834,0.00483292830482234,0.0502349422385811,0.172594181637433,0.28080016374588,283.352813720703
Sichuan,1025,-0.0833333313465118,750,89.1083602905274,4420,0.0614651285579834,0.00483292830482234,0.0502349422385811,0.172594181637433,0.28080016374588,283.352813720703
Sichuan,1026,-0.101083326339722,784,85.5412673950195,4453,0.0614651285579834,0.00483292830482234,0.0502349422385811,0.172594181637433,0.28080016374588,283.352813720703
Sichuan,1027,0.408549976348877,734,80.9706344604492,3318,0.0614651285579834,0.00483292830482234,0.0502349422385811,0.172594181637433,0.28080016374588,283.352813720703
Sichuan,1028,0.225133323669434,822,78.5686264038086,3692,0.0614651285579834,0.00483292830482234,0.0502349422385811,0.172594181637433,0.28080016374588,283.352813720703
Sichuan,1029,0.787166690826416,875,76.1759490966797,2243,0.0614651285579834,0.00483292830482234,0.0502349422385811,0.172594181637433,0.28080016374588,283.352813720703
Sichuan,1030,1.6091667175293,931,99.9309158325195,548,0.0614651285579834,0.00483292830482234,0.0502349422385811,0.172594181637433,0.28080016374588,283.352813720703
Sichuan,1031,1.63673324584961,954,99.1478118896485,477,0.0614651285579834,0.00483292830482234,0.0502349422385811,0.172594181637433,0.28080016374588,283.352813720703
Sichuan,1032,1.62171669006348,994,93.5226974487305,512,0.0614651285579834,0.00483292830482234,0.0502349422385811,0.172594181637433,0.28080016374588,283.352813720703
Sichuan,1033,1.68950004577637,1044,86.4397201538086,395,0.0614651285579834,0.00483292830482234,0.0502349422385811,0.172594181637433,0.28080016374588,283.352813720703
Sichuan,1034,1.6337833404541,1100,78.3252563476563,532,0.0614651285579834,0.00483292830482234,0.0502349422385811,0.172594181637433,0.28080016374588,283.352813720703
Sichuan,1035,1.67733325958252,1154,71.3357925415039,458,0.0614651285579834,0.00483292830482234,0.0502349422385811,0.172594181637433,0.28080016374588,283.352813720703
Sichuan,1036,1.61354999542236,1192,67.338752746582,620,0.0614651285579834,0.00483292830482234,0.0502349422385811,0.172594181637433,0.28080016374588,283.352813720703
Sichuan,1093,0.600333309173584,550,95.3811492919922,3459,0.0614651285579834,0.00483292830482234,0.0502349422385811,0.172594181637433,0.28080016374588,283.352813720703
Sichuan,1094,-0.271449995040894,668,88.649299621582,4693,0.0614651285579834,0.00483292830482234,0.0502349422385811,0.172594181637433,0.28080016374588,283.352813720703
Sichuan,1095,0.294250011444092,622,92.6402435302734,3961,0.0614651285579834,0.00483292830482234,0.0502349422385811,0.172594181637433,0.28080016374588,283.352813720703
Sichuan,1096,0.313133335113525,655,92.7428207397461,3833,0.0614651285579834,0.00483292830482234,0.0502349422385811,0.172594181637433,0.28080016374588,283.352813720703
Sichuan,1097,0.148933327198029,688,91.9962921142578,3984,0.0614651285579834,0.00483292830482234,0.0502349422385811,0.172594181637433,0.28080016374588,283.352813720703
Sichuan,1098,0.523183298110962,665,91.4322814941406,3346,0.0614651285579834,0.00483292830482234,0.0502349422385811,0.172594181637433,0.28080016374588,283.352813720703
Sichuan,1099,0.333483338356018,681,88.9686279296875,3666,0.0614651285579834,0.00483292830482234,0.0502349422385811,0.172594181637433,0.28080016374588,283.352813720703
Sichuan,1100,0.612983322143555,674,85.1161270141602,3187,0.0614651285579834,0.00483292830482234,0.0502349422385811,0.172594181637433,0.28080016374588,283.352813720703
Sichuan,1101,-0.0276500076055527,776,81.3865356445313,4140,0.0614651285579834,0.00483292830482234,0.0502349422385811,0.172594181637433,0.28080016374588,283.352813720703
Sichuan,1102,0.597550010681152,724,78.366813659668,2933,0.0614651285579834,0.00483292830482234,0.0502349422385811,0.172594181637433,0.28080016374588,283.352813720703
Sichuan,1103,0.821749973297119,816,76.989128112793,2278,0.0614651285579834,0.00483292830482234,0.0502349422385811,0.172594181637433,0.28080016374588,283.352813720703
Sichuan,1104,1.37398328781128,874,94.7849655151367,1090,0.0614651285579834,0.00483292830482234,0.0502349422385811,0.172594181637433,0.28080016374588,283.352813720703
Sichuan,1105,1.57563333511353,920,99.8713989257813,647,0.0614651285579834,0.00483292830482234,0.0502349422385811,0.172594181637433,0.28080016374588,283.352813720703
Sichuan,1106,1.51879997253418,964,94.7154312133789,754,0.0614651285579834,0.00483292830482234,0.0502349422385811,0.172594181637433,0.28080016374588,283.352813720703
Sichuan,1107,1.63693332672119,1014,89.7721862792969,476,0.0614651285579834,0.00483292830482234,0.0502349422385811,0.172594181637433,0.28080016374588,283.352813720703
Sichuan,1108,1.61831665039063,1046,81.2943954467774,522,0.0614651285579834,0.00483292830482234,0.0502349422385811,0.172594181637433,0.28080016374588,283.352813720703
Sichuan,1109,1.55880002975464,1076,73.7739944458008,658,0.0614651285579834,0.00483292830482234,0.0502349422385811,0.172594181637433,0.28080016374588,283.352813720703
Sichuan,1110,1.47766666412354,1104,69.3542709350586,836,0.0614651285579834,0.00483292830482234,0.0502349422385811,0.172594181637433,0.28080016374588,283.352813720703
Sichuan,1111,1.4091667175293,1125,66.6103973388672,967,0.0614651285579834,0.00483292830482234,0.0502349422385811,0.172594181637433,0.28080016374588,283.352813720703
Sichuan,1167,-0.0830000042915344,603,93.1401977539062,4414,0.0614651285579834,0.00483292830482234,0.0502349422385811,0.172594181637433,0.28080016374588,283.352813720703
Sichuan,1168,-0.0554499983787537,623,92.7419128417969,4311,0.0614651285579834,0.00483292830482234,0.0502349422385811,0.172594181637433,0.28080016374588,283.352813720703
Sichuan,1169,-0.08078333735466,656,91.9390869140625,4356,0.0614651285579834,0.00483292830482234,0.0502349422385811,0.172594181637433,0.28080016374588,283.352813720703
Sichuan,1170,0.14651665687561,666,90.4041976928711,3947,0.0614651285579834,0.00483292830482234,0.0502349422385811,0.172594181637433,0.28080016374588,283.352813720703
Sichuan,1171,-0.205166673660278,724,89.8161849975586,4445,0.0614651285579834,0.00483292830482234,0.0502349422385811,0.172594181637433,0.28080016374588,283.352813720703
Sichuan,1172,0.105433344841003,714,88.6236877441406,4006,0.0614651285579834,0.00483292830482234,0.0502349422385811,0.172594181637433,0.28080016374588,283.352813720703
Sichuan,1173,0.179700016975403,733,86.7992401123047,3839,0.0614651285579834,0.00483292830482234,0.0502349422385811,0.172594181637433,0.28080016374588,283.352813720703
Sichuan,1174,0.0559833288192749,739,84.4261932373047,3989,0.0614651285579834,0.00483292830482234,0.0502349422385811,0.172594181637433,0.28080016374588,283.352813720703
Sichuan,1175,-0.0430500030517578,775,80.9098205566406,4142,0.0614651285579834,0.00483292830482234,0.0502349422385811,0.172594181637433,0.28080016374588,283.352813720703
Sichuan,1176,0.249100017547607,746,79.0111389160156,3570,0.0614651285579834,0.00483292830482234,0.0502349422385811,0.172594181637433,0.28080016374588,283.352813720703
Sichuan,1177,0.170766663551331,808,75.3063049316406,3533,0.0614651285579834,0.00483292830482234,0.0502349422385811,0.172594181637433,0.28080016374588,283.352813720703
Sichuan,1178,0.943433380126953,807,79.972541809082,1947,0.0614651285579834,0.00483292830482234,0.0502349422385811,0.172594181637433,0.28080016374588,283.352813720703
Sichuan,1179,1.130299949646,820,86.816276550293,1588,0.0614651285579834,0.00483292830482234,0.0502349422385811,0.172594181637433,0.28080016374588,283.352813720703
Sichuan,1180,1.55965003967285,910,97.2556381225586,641,0.0614651285579834,0.00483292830482234,0.0502349422385811,0.172594181637433,0.28080016374588,283.352813720703
Sichuan,1181,1.3559666633606,939,87.3080139160156,1079,0.0614651285579834,0.00483292830482234,0.0502349422385811,0.172594181637433,0.28080016374588,283.352813720703
Sichuan,1182,1.30978336334229,979,80.0983047485352,1153,0.0614651285579834,0.00483292830482234,0.0502349422385811,0.172594181637433,0.28080016374588,283.352813720703
Sichuan,1183,1.45474996566772,998,75.9852981567383,755,0.0614651285579834,0.00483292830482234,0.0502349422385811,0.172594181637433,0.28080016374588,283.352813720703
Sichuan,1184,1.34626665115356,1030,70.2483749389648,998,0.0614651285579834,0.00483292830482234,0.0502349422385811,0.172594181637433,0.28080016374588,283.352813720703
Sichuan,1185,1.38590002059937,1029,68.163444519043,875,0.0614651285579834,0.00483292830482234,0.0502349422385811,0.172594181637433,0.28080016374588,283.352813720703
Sichuan,1243,-0.166416656970978,596,93.367546081543,4619,0.0614651285579834,0.00483292830482234,0.0502349422385811,0.172594181637433,0.28080016374588,283.352813720703
Sichuan,1244,-0.096750009059906,578,93.5666885375977,4357,0.0614651285579834,0.00483292830482234,0.0502349422385811,0.172594181637433,0.28080016374588,283.352813720703
Sichuan,1245,-0.220799994468689,626,90.7221832275391,4581,0.0614651285579834,0.00483292830482234,0.0502349422385811,0.172594181637433,0.28080016374588,283.352813720703
Sichuan,1246,-0.207816672325134,642,90.7957763671875,4434,0.0614651285579834,0.00483292830482234,0.0502349422385811,0.172594181637433,0.28080016374588,283.352813720703
Sichuan,1250,0.146450006961823,739,86.348030090332,3769,0.0614651285579834,0.00483292830482234,0.0502349422385811,0.172594181637433,0.28080016374588,283.352813720703
Sichuan,1251,0.226349997520447,722,84.2869262695313,3669,0.0614651285579834,0.00483292830482234,0.0502349422385811,0.172594181637433,0.28080016374588,283.352813720703
Sichuan,1252,0.17224999666214,724,81.3327865600586,3654,0.0614651285579834,0.00483292830482234,0.0502349422385811,0.172594181637433,0.28080016374588,283.352813720703
Sichuan,1253,0.225850009918213,729,78.8114471435547,3488,0.0614651285579834,0.00483292830482234,0.0502349422385811,0.172594181637433,0.28080016374588,283.352813720703
Sichuan,1254,0.332450008392334,735,76.4733657836914,3136,0.0614651285579834,0.00483292830482234,0.0502349422385811,0.172594181637433,0.28080016374588,283.352813720703
Sichuan,1257,1.33133335113525,779,88.8970184326172,1130,0.0614651285579834,0.00483292830482234,0.0502349422385811,0.172594181637433,0.28080016374588,283.352813720703
Sichuan,1258,1.32203330993652,855,86.3414611816406,1090,0.0614651285579834,0.00483292830482234,0.0502349422385811,0.172594181637433,0.28080016374588,283.352813720703
Sichuan,1321,-0.229383325576782,557,94.8520202636719,4455,0.0614651285579834,0.00483292830482234,0.0502349422385811,0.172594181637433,0.28080016374588,283.352813720703
Sichuan,1322,-0.201666665077209,564,93.2372360229492,4433,0.0614651285579834,0.00483292830482234,0.0502349422385811,0.172594181637433,0.28080016374588,283.352813720703
Sichuan,1323,-0.492850017547607,616,89.0287551879883,4787,0.0614651285579834,0.00483292830482234,0.0502349422385811,0.172594181637433,0.28080016374588,283.352813720703
Sichuan,1327,-0.395133328437805,761,86.2825469970703,4515,0.0614651285579834,0.00483292830482234,0.0502349422385811,0.172594181637433,0.28080016374588,283.352813720703
Sichuan,1328,-0.0230666637420654,747,86.6466217041016,3909,0.0614651285579834,0.00483292830482234,0.0502349422385811,0.172594181637433,0.28080016374588,283.352813720703
Sichuan,1329,0.0296166628599167,726,85.3436813354492,3864,0.0614651285579834,0.00483292830482234,0.0502349422385811,0.172594181637433,0.28080016374588,283.352813720703
Sichuan,1330,0.232333326339722,690,83.2197952270508,3482,0.0614651285579834,0.00483292830482234,0.0502349422385811,0.172594181637433,0.28080016374588,283.352813720703
Sichuan,1331,0.0272666722536087,726,81.183952331543,3798,0.0614651285579834,0.00483292830482234,0.0502349422385811,0.172594181637433,0.28080016374588,283.352813720703
Sichuan,1332,0.515816688537598,679,78.1264114379883,2679,0.0614651285579834,0.00483292830482234,0.0502349422385811,0.172594181637433,0.28080016374588,283.352813720703
Sichuan,1400,-0.34851667881012,534,93.1341171264648,4536,0.0614651285579834,0.00483292830482234,0.0502349422385811,0.172594181637433,0.28080016374588,283.352813720703
Sichuan,1401,-0.451566648483276,541,92.6876220703125,4583,0.0614651285579834,0.00483292830482234,0.0502349422385811,0.172594181637433,0.28080016374588,283.352813720703
Sichuan,1409,0.189650011062622,668,85.8655014038086,3458,0.0614651285579834,0.00483292830482234,0.0502349422385811,0.172594181637433,0.28080016374588,283.352813720703
Sichuan,1410,0.345316648483276,650,83.3687591552734,3016,0.0614651285579834,0.00483292830482234,0.0502349422385811,0.172594181637433,0.28080016374588,283.352813720703
Sichuan,1411,0.339816665649414,680,80.5848236083985,3051,0.0614651285579834,0.00483292830482234,0.0502349422385811,0.172594181637433,0.28080016374588,283.352813720703
Sichuan,1478,-0.648083353042603,520,91.9889221191406,4806,0.0614651285579834,0.00483292830482234,0.0502349422385811,0.172594181637433,0.28080016374588,283.352813720703
Sichuan,1479,-0.510216665267944,496,92.0810089111328,4555,0.0614651285579834,0.00483292830482234,0.0502349422385811,0.172594181637433,0.28080016374588,283.352813720703
Sichuan,1487,0.21358335018158,649,87.2625274658203,3353,0.0614651285579834,0.00483292830482234,0.0502349422385811,0.172594181637433,0.28080016374588,283.352813720703
Tianjin,2413,1.28955001831055,504,138.902725219727,6,0.0236811882055906,0.0217304700401648,0.0626627916789563,0.101836937794206,0.430033057928085,191.666809082031
Tianjin,2414,1.27321662902832,533,134.223159790039,3,0.0236811882055906,0.0217304700401648,0.0626627916789563,0.101836937794206,0.430033057928085,191.666809082031
Tianjin,2486,1.25108337402344,559,134.020767211914,5,0.0236811882055906,0.0217304700401648,0.0626627916789563,0.101836937794206,0.430033057928085,191.666809082031
Tianjin,2559,1.17703332901001,560,135.901702880859,4,0.0236811882055906,0.0217304700401648,0.0626627916789563,0.101836937794206,0.430033057928085,191.666809082031
Tianjin,2636,1.03839998245239,551,133.295761108398,205,0.0236811882055906,0.0217304700401648,0.0626627916789563,0.101836937794206,0.430033057928085,191.666809082031
Tibet,482,1.33283338546753,1421,85.1584243774414,2242,0.042174245586323,0.0182189183365156,0.0244374209082694,-0.0559222994950152,0.132598221302032,123.939453125
Tibet,483,2.15853328704834,2393,94.5647659301758,615,0.042174245586323,0.0182189183365156,0.0244374209082694,-0.0559222994950152,0.132598221302032,123.939453125
Tibet,484,1.6454833984375,1711,90.051628112793,1658,0.042174245586323,0.0182189183365156,0.0244374209082694,-0.0559222994950152,0.132598221302032,123.939453125
Tibet,485,1.81958332061768,2065,89.0932464599609,1365,0.042174245586323,0.0182189183365156,0.0244374209082694,-0.0559222994950152,0.132598221302032,123.939453125
Tibet,529,1.76973342895508,976,80.6345596313477,1519,0.042174245586323,0.0182189183365156,0.0244374209082694,-0.0559222994950152,0.132598221302032,123.939453125
Tibet,530,0.172733330726624,528,73.4587249755859,4294,0.042174245586323,0.0182189183365156,0.0244374209082694,-0.0559222994950152,0.132598221302032,123.939453125
Tibet,531,1.67496662139893,1496,90.1096115112305,1524,0.042174245586323,0.0182189183365156,0.0244374209082694,-0.0559222994950152,0.132598221302032,123.939453125
Tibet,532,1.34488334655762,1237,89.5877990722656,2154,0.042174245586323,0.0182189183365156,0.0244374209082694,-0.0559222994950152,0.132598221302032,123.939453125
Tibet,533,1.75179996490479,1975,89.7483825683594,1373,0.042174245586323,0.0182189183365156,0.0244374209082694,-0.0559222994950152,0.132598221302032,123.939453125
Tibet,534,1.88453330993652,2287,86.9150695800781,1117,0.042174245586323,0.0182189183365156,0.0244374209082694,-0.0559222994950152,0.132598221302032,123.939453125
Tibet,535,1.91319999694824,2335,83.728759765625,1038,0.042174245586323,0.0182189183365156,0.0244374209082694,-0.0559222994950152,0.132598221302032,123.939453125
Tibet,536,1.23873338699341,1993,89.7945861816406,2015,0.042174245586323,0.0182189183365156,0.0244374209082694,-0.0559222994950152,0.132598221302032,123.939453125
Tibet,537,-0.102866673469543,821,74.1568222045899,4544,0.042174245586323,0.0182189183365156,0.0244374209082694,-0.0559222994950152,0.132598221302032,123.939453125
Tibet,581,-0.0538000106811523,384,111.182876586914,4587,0.042174245586323,0.0182189183365156,0.0244374209082694,-0.0559222994950152,0.132598221302032,123.939453125
Tibet,582,1.24499998092651,971,83.770622253418,2446,0.042174245586323,0.0182189183365156,0.0244374209082694,-0.0559222994950152,0.132598221302032,123.939453125
Tibet,583,-0.245150017738342,403,75.6389236450195,4892,0.042174245586323,0.0182189183365156,0.0244374209082694,-0.0559222994950152,0.132598221302032,123.939453125
Tibet,584,-0.260500001907349,381,77.7618408203125,5138,0.042174245586323,0.0182189183365156,0.0244374209082694,-0.0559222994950152,0.132598221302032,123.939453125
Tibet,585,-0.835166645050049,450,81.1718978881836,6021,0.042174245586323,0.0182189183365156,0.0244374209082694,-0.0559222994950152,0.132598221302032,123.939453125
Tibet,586,1.20188331604004,999,91.2230072021484,2287,0.042174245586323,0.0182189183365156,0.0244374209082694,-0.0559222994950152,0.132598221302032,123.939453125
Tibet,587,1.50220003128052,1476,89.9657821655273,1770,0.042174245586323,0.0182189183365156,0.0244374209082694,-0.0559222994950152,0.132598221302032,123.939453125
Tibet,588,1.9578332901001,2333,87.9498062133789,838,0.042174245586323,0.0182189183365156,0.0244374209082694,-0.0559222994950152,0.132598221302032,123.939453125
Tibet,589,2.16704998016357,2616,83.6562957763672,354,0.042174245586323,0.0182189183365156,0.0244374209082694,-0.0559222994950152,0.132598221302032,123.939453125
Tibet,590,2.03314990997314,2394,82.5959854125977,653,0.042174245586323,0.0182189183365156,0.0244374209082694,-0.0559222994950152,0.132598221302032,123.939453125
Tibet,591,1.5981499671936,1916,86.5368423461914,1596,0.042174245586323,0.0182189183365156,0.0244374209082694,-0.0559222994950152,0.132598221302032,123.939453125
Tibet,592,0.734983348846436,1204,83.4199600219727,3109,0.042174245586323,0.0182189183365156,0.0244374209082694,-0.0559222994950152,0.132598221302032,123.939453125
Tibet,593,0.639833354949951,1169,82.5535888671875,3147,0.042174245586323,0.0182189183365156,0.0244374209082694,-0.0559222994950152,0.132598221302032,123.939453125
Tibet,594,0.296350002288818,905,78.4444198608399,3747,0.042174245586323,0.0182189183365156,0.0244374209082694,-0.0559222994950152,0.132598221302032,123.939453125
Tibet,595,-0.25220000743866,723,73.9776306152344,4793,0.042174245586323,0.0182189183365156,0.0244374209082694,-0.0559222994950152,0.132598221302032,123.939453125
Tibet,596,0.534466648101807,832,75.0642700195313,3221,0.042174245586323,0.0182189183365156,0.0244374209082694,-0.0559222994950152,0.132598221302032,123.939453125
Tibet,640,0.168900001049042,661,63.3811798095703,4335,0.042174245586323,0.0182189183365156,0.0244374209082694,-0.0559222994950152,0.132598221302032,123.939453125
Tibet,641,-0.71710000038147,273,88.3595123291016,5760,0.042174245586323,0.0182189183365156,0.0244374209082694,-0.0559222994950152,0.132598221302032,123.939453125
Tibet,642,-0.227900004386902,261,124.441207885742,5048,0.042174245586323,0.0182189183365156,0.0244374209082694,-0.0559222994950152,0.132598221302032,123.939453125
Tibet,643,-0.259966659545898,254,127.552291870117,5135,0.042174245586323,0.0182189183365156,0.0244374209082694,-0.0559222994950152,0.132598221302032,123.939453125
Tibet,644,-0.712150001525879,252,120.620109558105,5723,0.042174245586323,0.0182189183365156,0.0244374209082694,-0.0559222994950152,0.132598221302032,123.939453125
Tibet,645,-0.67795000076294,295,106.441146850586,5737,0.042174245586323,0.0182189183365156,0.0244374209082694,-0.0559222994950152,0.132598221302032,123.939453125
Tibet,646,-0.307466673851013,327,93.8386993408203,5154,0.042174245586323,0.0182189183365156,0.0244374209082694,-0.0559222994950152,0.132598221302032,123.939453125
Tibet,647,-0.193933343887329,334,88.3336334228516,5143,0.042174245586323,0.0182189183365156,0.0244374209082694,-0.0559222994950152,0.132598221302032,123.939453125
Tibet,648,0.022183333337307,317,90.0101089477539,4817,0.042174245586323,0.0182189183365156,0.0244374209082694,-0.0559222994950152,0.132598221302032,123.939453125
Tibet,649,-0.127916657924652,351,91.2662887573242,5085,0.042174245586323,0.0182189183365156,0.0244374209082694,-0.0559222994950152,0.132598221302032,123.939453125
Tibet,650,0.511549997329712,445,104.694854736328,3510,0.042174245586323,0.0182189183365156,0.0244374209082694,-0.0559222994950152,0.132598221302032,123.939453125
Tibet,651,0.395366668701172,525,95.5094909667969,3651,0.042174245586323,0.0182189183365156,0.0244374209082694,-0.0559222994950152,0.132598221302032,123.939453125
Tibet,652,0.534549999237061,661,89.2841110229492,3517,0.042174245586323,0.0182189183365156,0.0244374209082694,-0.0559222994950152,0.132598221302032,123.939453125
Tibet,653,1.69109992980957,1804,86.7342224121094,1292,0.042174245586323,0.0182189183365156,0.0244374209082694,-0.0559222994950152,0.132598221302032,123.939453125
Tibet,654,0.852983283996582,1016,85.9404220581055,2943,0.042174245586323,0.0182189183365156,0.0244374209082694,-0.0559222994950152,0.132598221302032,123.939453125
Tibet,655,0.890483283996582,1125,85.2064895629883,2835,0.042174245586323,0.0182189183365156,0.0244374209082694,-0.0559222994950152,0.132598221302032,123.939453125
Tibet,656,0.22206666469574,840,81.2696151733399,3990,0.042174245586323,0.0182189183365156,0.0244374209082694,-0.0559222994950152,0.132598221302032,123.939453125
Tibet,657,0.640916681289673,1055,85.101806640625,3215,0.042174245586323,0.0182189183365156,0.0244374209082694,-0.0559222994950152,0.132598221302032,123.939453125
Tibet,658,0.0969500005245209,775,78.0294494628906,4113,0.042174245586323,0.0182189183365156,0.0244374209082694,-0.0559222994950152,0.132598221302032,123.939453125
Tibet,659,0.0992666661739349,713,78.3035354614258,4207,0.042174245586323,0.0182189183365156,0.0244374209082694,-0.0559222994950152,0.132598221302032,123.939453125
Tibet,660,-0.0485333323478699,648,78.7810974121094,4474,0.042174245586323,0.0182189183365156,0.0244374209082694,-0.0559222994950152,0.132598221302032,123.939453125
Tibet,661,-0.179350006580353,646,80.7458724975586,4831,0.042174245586323,0.0182189183365156,0.0244374209082694,-0.0559222994950152,0.132598221302032,123.939453125
Tibet,705,-0.114816665649414,471,33.6697845458984,4834,0.042174245586323,0.0182189183365156,0.0244374209082694,-0.0559222994950152,0.132598221302032,123.939453125
Tibet,706,0.00931666642427444,467,32.9502906799316,4738,0.042174245586323,0.0182189183365156,0.0244374209082694,-0.0559222994950152,0.132598221302032,123.939453125
Tibet,707,-0.240116667747498,334,39.6770858764648,5253,0.042174245586323,0.0182189183365156,0.0244374209082694,-0.0559222994950152,0.132598221302032,123.939453125
Tibet,708,0.218549990653992,495,60.4877815246582,4428,0.042174245586323,0.0182189183365156,0.0244374209082694,-0.0559222994950152,0.132598221302032,123.939453125
Tibet,709,0.174866652488709,389,82.8865127563477,4507,0.042174245586323,0.0182189183365156,0.0244374209082694,-0.0559222994950152,0.132598221302032,123.939453125
Tibet,710,0.178649997711182,301,112.055519104004,4528,0.042174245586323,0.0182189183365156,0.0244374209082694,-0.0559222994950152,0.132598221302032,123.939453125
Tibet,711,-0.470766687393189,208,130.771270751953,5496,0.042174245586323,0.0182189183365156,0.0244374209082694,-0.0559222994950152,0.132598221302032,123.939453125
Tibet,712,-0.0657500088214874,231,136.303527832031,4892,0.042174245586323,0.0182189183365156,0.0244374209082694,-0.0559222994950152,0.132598221302032,123.939453125
Tibet,713,-0.160283327102661,240,128.322677612305,5040,0.042174245586323,0.0182189183365156,0.0244374209082694,-0.0559222994950152,0.132598221302032,123.939453125
Tibet,714,0.17720000743866,299,116.506866455078,4524,0.042174245586323,0.0182189183365156,0.0244374209082694,-0.0559222994950152,0.132598221302032,123.939453125
Tibet,715,0.138166666030884,313,109.105926513672,4661,0.042174245586323,0.0182189183365156,0.0244374209082694,-0.0559222994950152,0.132598221302032,123.939453125
Tibet,716,0.0902166604995728,312,104.458534240723,4658,0.042174245586323,0.0182189183365156,0.0244374209082694,-0.0559222994950152,0.132598221302032,123.939453125
Tibet,717,-0.410483312606812,346,96.9155578613281,5460,0.042174245586323,0.0182189183365156,0.0244374209082694,-0.0559222994950152,0.132598221302032,123.939453125
Tibet,718,0.489416646957398,313,119.483345031738,3896,0.042174245586323,0.0182189183365156,0.0244374209082694,-0.0559222994950152,0.132598221302032,123.939453125
Tibet,719,0.510349988937378,375,110.637886047363,3825,0.042174245586323,0.0182189183365156,0.0244374209082694,-0.0559222994950152,0.132598221302032,123.939453125
Tibet,720,-0.124433326721191,466,94.1450500488281,4783,0.042174245586323,0.0182189183365156,0.0244374209082694,-0.0559222994950152,0.132598221302032,123.939453125
Tibet,721,0.467116689682007,569,93.4091796875,3757,0.042174245586323,0.0182189183365156,0.0244374209082694,-0.0559222994950152,0.132598221302032,123.939453125
Tibet,722,0.225150012969971,656,86.7375106811524,3965,0.042174245586323,0.0182189183365156,0.0244374209082694,-0.0559222994950152,0.132598221302032,123.939453125
Tibet,723,1.6420166015625,1610,87.5209732055664,1265,0.042174245586323,0.0182189183365156,0.0244374209082694,-0.0559222994950152,0.132598221302032,123.939453125
Tibet,724,0.414900016784668,799,85.0850219726563,3626,0.042174245586323,0.0182189183365156,0.0244374209082694,-0.0559222994950152,0.132598221302032,123.939453125
Tibet,725,-0.027783340215683,723,82.0357360839844,4332,0.042174245586323,0.0182189183365156,0.0244374209082694,-0.0559222994950152,0.132598221302032,123.939453125
Tibet,726,-0.376500010490418,667,81.733039855957,4890,0.042174245586323,0.0182189183365156,0.0244374209082694,-0.0559222994950152,0.132598221302032,123.939453125
Tibet,727,-0.459999990463257,671,79.0521621704102,5166,0.042174245586323,0.0182189183365156,0.0244374209082694,-0.0559222994950152,0.132598221302032,123.939453125
Tibet,728,0.0238333344459534,650,83.0420608520508,4505,0.042174245586323,0.0182189183365156,0.0244374209082694,-0.0559222994950152,0.132598221302032,123.939453125
Tibet,729,-0.0481833308935165,619,83.8002166748047,4684,0.042174245586323,0.0182189183365156,0.0244374209082694,-0.0559222994950152,0.132598221302032,123.939453125
Tibet,730,0.320466661453247,572,84.464225769043,3962,0.042174245586323,0.0182189183365156,0.0244374209082694,-0.0559222994950152,0.132598221302032,123.939453125
Tibet,775,0.917533397674561,861,94.2013931274414,3012,0.042174245586323,0.0182189183365156,0.0244374209082694,-0.0559222994950152,0.132598221302032,123.939453125
Tibet,776,-0.574933338165283,295,51.7610702514649,5706,0.042174245586323,0.0182189183365156,0.0244374209082694,-0.0559222994950152,0.132598221302032,123.939453125
Tibet,777,-0.254916667938232,287,45.3241500854492,5400,0.042174245586323,0.0182189183365156,0.0244374209082694,-0.0559222994950152,0.132598221302032,123.939453125
Tibet,778,0.250333333015442,407,38.6265029907227,4532,0.042174245586323,0.0182189183365156,0.0244374209082694,-0.0559222994950152,0.132598221302032,123.939453125
Tibet,779,-0.202166676521301,257,53.1741485595703,5197,0.042174245586323,0.0182189183365156,0.0244374209082694,-0.0559222994950152,0.132598221302032,123.939453125
Tibet,780,0.195783340930939,346,88.2552947998047,4517,0.042174245586323,0.0182189183365156,0.0244374209082694,-0.0559222994950152,0.132598221302032,123.939453125
Tibet,781,-0.286766672134399,217,115.531692504883,5261,0.042174245586323,0.0182189183365156,0.0244374209082694,-0.0559222994950152,0.132598221302032,123.939453125
Tibet,782,0.0557666540145874,250,136.762313842773,4781,0.042174245586323,0.0182189183365156,0.0244374209082694,-0.0559222994950152,0.132598221302032,123.939453125
Tibet,783,0.195799994468689,271,139.390472412109,4457,0.042174245586323,0.0182189183365156,0.0244374209082694,-0.0559222994950152,0.132598221302032,123.939453125
Tibet,784,0.273449993133545,286,133.188781738281,4343,0.042174245586323,0.0182189183365156,0.0244374209082694,-0.0559222994950152,0.132598221302032,123.939453125
Tibet,785,-0.0328333288431168,285,125.614868164063,4856,0.042174245586323,0.0182189183365156,0.0244374209082694,-0.0559222994950152,0.132598221302032,123.939453125
Tibet,786,0.51118335723877,357,122.421363830566,4068,0.042174245586323,0.0182189183365156,0.0244374209082694,-0.0559222994950152,0.132598221302032,123.939453125
Tibet,787,0.680966663360596,370,122.581413269043,3711,0.042174245586323,0.0182189183365156,0.0244374209082694,-0.0559222994950152,0.132598221302032,123.939453125
Tibet,788,-0.141450011730194,347,107.762825012207,4920,0.042174245586323,0.0182189183365156,0.0244374209082694,-0.0559222994950152,0.132598221302032,123.939453125
Tibet,789,-0.018699999153614,365,107.346557617188,4659,0.042174245586323,0.0182189183365156,0.0244374209082694,-0.0559222994950152,0.132598221302032,123.939453125
Tibet,790,-0.129083335399628,438,99.5342712402344,4834,0.042174245586323,0.0182189183365156,0.0244374209082694,-0.0559222994950152,0.132598221302032,123.939453125
Tibet,791,-0.253666663169861,511,93.2754211425781,4970,0.042174245586323,0.0182189183365156,0.0244374209082694,-0.0559222994950152,0.132598221302032,123.939453125
Tibet,792,-0.192066669464111,569,90.4134216308594,4801,0.042174245586323,0.0182189183365156,0.0244374209082694,-0.0559222994950152,0.132598221302032,123.939453125
Tibet,793,0.269050002098084,626,89.0693435668945,4124,0.042174245586323,0.0182189183365156,0.0244374209082694,-0.0559222994950152,0.132598221302032,123.939453125
Tibet,794,-0.960666656494141,643,86.6964950561524,6208,0.042174245586323,0.0182189183365156,0.0244374209082694,-0.0559222994950152,0.132598221302032,123.939453125
Tibet,795,0.332750010490418,727,85.7216491699219,3730,0.042174245586323,0.0182189183365156,0.0244374209082694,-0.0559222994950152,0.132598221302032,123.939453125
Tibet,796,0.49026665687561,759,87.3592224121094,3540,0.042174245586323,0.0182189183365156,0.0244374209082694,-0.0559222994950152,0.132598221302032,123.939453125
Tibet,797,-0.275049996376038,644,85.5315933227539,4920,0.042174245586323,0.0182189183365156,0.0244374209082694,-0.0559222994950152,0.132598221302032,123.939453125
Tibet,798,-0.121133327484131,631,86.605712890625,4701,0.042174245586323,0.0182189183365156,0.0244374209082694,-0.0559222994950152,0.132598221302032,123.939453125
Tibet,799,0.107200002670288,611,87.3362121582031,4472,0.042174245586323,0.0182189183365156,0.0244374209082694,-0.0559222994950152,0.132598221302032,123.939453125
Tibet,800,0.060833340883255,591,87.476318359375,4562,0.042174245586323,0.0182189183365156,0.0244374209082694,-0.0559222994950152,0.132598221302032,123.939453125
Tibet,801,0.290766668319702,596,89.845832824707,3954,0.042174245586323,0.0182189183365156,0.0244374209082694,-0.0559222994950152,0.132598221302032,123.939453125
Tibet,846,-0.0616333305835724,378,46.2283782958984,5008,0.042174245586323,0.0182189183365156,0.0244374209082694,-0.0559222994950152,0.132598221302032,123.939453125
Tibet,847,0.170233333110809,356,45.7860832214356,4647,0.042174245586323,0.0182189183365156,0.0244374209082694,-0.0559222994950152,0.132598221302032,123.939453125
Tibet,848,-0.352049994468689,254,56.9284019470215,5505,0.042174245586323,0.0182189183365156,0.0244374209082694,-0.0559222994950152,0.132598221302032,123.939453125
Tibet,849,-0.00456665530800819,273,47.2673034667969,5028,0.042174245586323,0.0182189183365156,0.0244374209082694,-0.0559222994950152,0.132598221302032,123.939453125
Tibet,850,-0.082233327627182,245,40.6792869567871,5136,0.042174245586323,0.0182189183365156,0.0244374209082694,-0.0559222994950152,0.132598221302032,123.939453125
Tibet,851,0.257200002670288,324,58.3079261779785,4572,0.042174245586323,0.0182189183365156,0.0244374209082694,-0.0559222994950152,0.132598221302032,123.939453125
Tibet,852,0.547550010681152,460,95.3510513305664,4042,0.042174245586323,0.0182189183365156,0.0244374209082694,-0.0559222994950152,0.132598221302032,123.939453125
Tibet,853,0.38766667842865,369,122.714363098145,4266,0.042174245586323,0.0182189183365156,0.0244374209082694,-0.0559222994950152,0.132598221302032,123.939453125
Tibet,854,0.35843334197998,355,140.246170043945,4264,0.042174245586323,0.0182189183365156,0.0244374209082694,-0.0559222994950152,0.132598221302032,123.939453125
Tibet,855,0.176016664505005,308,139.318557739258,4557,0.042174245586323,0.0182189183365156,0.0244374209082694,-0.0559222994950152,0.132598221302032,123.939453125
Tibet,856,-0.502966690063477,253,132.535339355469,5495,0.042174245586323,0.0182189183365156,0.0244374209082694,-0.0559222994950152,0.132598221302032,123.939453125
Tibet,857,0.0414666742086411,315,127.978439331055,4748,0.042174245586323,0.0182189183365156,0.0244374209082694,-0.0559222994950152,0.132598221302032,123.939453125
Tibet,858,0.421233320236206,388,126.404113769531,4134,0.042174245586323,0.0182189183365156,0.0244374209082694,-0.0559222994950152,0.132598221302032,123.939453125
Tibet,859,0.320266675949097,372,122.264091491699,4308,0.042174245586323,0.0182189183365156,0.0244374209082694,-0.0559222994950152,0.132598221302032,123.939453125
Tibet,860,0.278666663169861,380,118.361747741699,4245,0.042174245586323,0.0182189183365156,0.0244374209082694,-0.0559222994950152,0.132598221302032,123.939453125
Tibet,861,-0.225833320617676,434,103.272216796875,5010,0.042174245586323,0.0182189183365156,0.0244374209082694,-0.0559222994950152,0.132598221302032,123.939453125
Tibet,862,-0.228333330154419,500,98.0579833984375,4975,0.042174245586323,0.0182189183365156,0.0244374209082694,-0.0559222994950152,0.132598221302032,123.939453125
Tibet,863,-0.210983324050903,580,93.3286666870117,4855,0.042174245586323,0.0182189183365156,0.0244374209082694,-0.0559222994950152,0.132598221302032,123.939453125
Tibet,864,0.465183353424072,592,94.3935165405273,3669,0.042174245586323,0.0182189183365156,0.0244374209082694,-0.0559222994950152,0.132598221302032,123.939453125
Tibet,865,-0.000766662741079927,643,89.2732162475586,4341,0.042174245586323,0.0182189183365156,0.0244374209082694,-0.0559222994950152,0.132598221302032,123.939453125
Tibet,866,0.522249984741211,696,88.8056793212891,3449,0.042174245586323,0.0182189183365156,0.0244374209082694,-0.0559222994950152,0.132598221302032,123.939453125
Tibet,867,0.0926999926567078,675,86.7279357910156,4343,0.042174245586323,0.0182189183365156,0.0244374209082694,-0.0559222994950152,0.132598221302032,123.939453125
Tibet,868,-0.175599992275238,658,85.8915252685547,4633,0.042174245586323,0.0182189183365156,0.0244374209082694,-0.0559222994950152,0.132598221302032,123.939453125
Tibet,869,-0.313583326339722,636,87.1891326904297,5052,0.042174245586323,0.0182189183365156,0.0244374209082694,-0.0559222994950152,0.132598221302032,123.939453125
Tibet,870,-0.03388332426548,593,89.1116638183594,4657,0.042174245586323,0.0182189183365156,0.0244374209082694,-0.0559222994950152,0.132598221302032,123.939453125
Tibet,871,-0.0997166693210602,598,89.9491271972656,4761,0.042174245586323,0.0182189183365156,0.0244374209082694,-0.0559222994950152,0.132598221302032,123.939453125
Tibet,872,0.239849996566772,572,91.1691284179688,4185,0.042174245586323,0.0182189183365156,0.0244374209082694,-0.0559222994950152,0.132598221302032,123.939453125
Tibet,873,0.0458166688680649,593,91.2649841308594,4453,0.042174245586323,0.0182189183365156,0.0244374209082694,-0.0559222994950152,0.132598221302032,123.939453125
Tibet,918,0.278499984741211,336,47.6901321411133,4614,0.042174245586323,0.0182189183365156,0.0244374209082694,-0.0559222994950152,0.132598221302032,123.939453125
Tibet,919,0.176033329963684,290,53.708122253418,4721,0.042174245586323,0.0182189183365156,0.0244374209082694,-0.0559222994950152,0.132598221302032,123.939453125
Tibet,920,-0.134933340549469,233,60.0041656494141,5219,0.042174245586323,0.0182189183365156,0.0244374209082694,-0.0559222994950152,0.132598221302032,123.939453125
Tibet,921,-0.063483327627182,229,52.0264625549316,5067,0.042174245586323,0.0182189183365156,0.0244374209082694,-0.0559222994950152,0.132598221302032,123.939453125
Tibet,922,0.173049998283386,259,41.4295272827148,4709,0.042174245586323,0.0182189183365156,0.0244374209082694,-0.0559222994950152,0.132598221302032,123.939453125
Tibet,923,-0.415100002288818,178,57.3712730407715,5543,0.042174245586323,0.0182189183365156,0.0244374209082694,-0.0559222994950152,0.132598221302032,123.939453125
Tibet,924,0.285383343696594,324,90.8626937866211,4461,0.042174245586323,0.0182189183365156,0.0244374209082694,-0.0559222994950152,0.132598221302032,123.939453125
Tibet,925,-0.285866665840149,224,107.93635559082,5320,0.042174245586323,0.0182189183365156,0.0244374209082694,-0.0559222994950152,0.132598221302032,123.939453125
Tibet,926,-0.094266664981842,282,125.412498474121,4981,0.042174245586323,0.0182189183365156,0.0244374209082694,-0.0559222994950152,0.132598221302032,123.939453125
Tibet,927,-0.0122499950230122,308,133.536895751953,4862,0.042174245586323,0.0182189183365156,0.0244374209082694,-0.0559222994950152,0.132598221302032,123.939453125
Tibet,928,-0.110300004482269,318,130.490600585938,4946,0.042174245586323,0.0182189183365156,0.0244374209082694,-0.0559222994950152,0.132598221302032,123.939453125
Tibet,929,-0.479916667938232,314,125.799652099609,5509,0.042174245586323,0.0182189183365156,0.0244374209082694,-0.0559222994950152,0.132598221302032,123.939453125
Tibet,930,-0.292233347892761,356,121.664115905762,5216,0.042174245586323,0.0182189183365156,0.0244374209082694,-0.0559222994950152,0.132598221302032,123.939453125
Tibet,931,-0.0138833299279213,396,118.645492553711,4694,0.042174245586323,0.0182189183365156,0.0244374209082694,-0.0559222994950152,0.132598221302032,123.939453125
Tibet,932,-0.326349997520447,423,110.477195739746,5174,0.042174245586323,0.0182189183365156,0.0244374209082694,-0.0559222994950152,0.132598221302032,123.939453125
Tibet,933,-0.415283346176147,486,103.359428405762,5144,0.042174245586323,0.0182189183365156,0.0244374209082694,-0.0559222994950152,0.132598221302032,123.939453125
Tibet,934,-0.412099981307983,566,97.0597915649414,5117,0.042174245586323,0.0182189183365156,0.0244374209082694,-0.0559222994950152,0.132598221302032,123.939453125
Tibet,935,-0.208200001716614,650,92.3770980834961,4741,0.042174245586323,0.0182189183365156,0.0244374209082694,-0.0559222994950152,0.132598221302032,123.939453125
Tibet,936,0.121700000762939,643,93.8780670166016,4143,0.042174245586323,0.0182189183365156,0.0244374209082694,-0.0559222994950152,0.132598221302032,123.939453125
Tibet,937,-0.495016670227051,695,88.599235534668,5010,0.042174245586323,0.0182189183365156,0.0244374209082694,-0.0559222994950152,0.132598221302032,123.939453125
Tibet,938,-0.359299993515015,684,88.1045074462891,4849,0.042174245586323,0.0182189183365156,0.0244374209082694,-0.0559222994950152,0.132598221302032,123.939453125
Tibet,939,-0.448600006103516,660,88.673225402832,5097,0.042174245586323,0.0182189183365156,0.0244374209082694,-0.0559222994950152,0.132598221302032,123.939453125
Tibet,940,-0.000966667383909225,626,93.1292114257812,4575,0.042174245586323,0.0182189183365156,0.0244374209082694,-0.0559222994950152,0.132598221302032,123.939453125
Tibet,941,-0.118250012397766,619,91.7451858520508,4784,0.042174245586323,0.0182189183365156,0.0244374209082694,-0.0559222994950152,0.132598221302032,123.939453125
Tibet,942,-0.0528833270072937,604,91.055290222168,4702,0.042174245586323,0.0182189183365156,0.0244374209082694,-0.0559222994950152,0.132598221302032,123.939453125
Tibet,943,0.453066682815552,550,92.6299133300781,4066,0.042174245586323,0.0182189183365156,0.0244374209082694,-0.0559222994950152,0.132598221302032,123.939453125
Tibet,944,0.0898833274841309,581,92.8395614624023,4420,0.042174245586323,0.0182189183365156,0.0244374209082694,-0.0559222994950152,0.132598221302032,123.939453125
Tibet,945,0.240799999237061,592,93.5879592895508,3998,0.042174245586323,0.0182189183365156,0.0244374209082694,-0.0559222994950152,0.132598221302032,123.939453125
Tibet,990,-0.405249977111816,339,68.2535781860352,5506,0.042174245586323,0.0182189183365156,0.0244374209082694,-0.0559222994950152,0.132598221302032,123.939453125
Tibet,991,0.200300002098084,324,51.3726234436035,4674,0.042174245586323,0.0182189183365156,0.0244374209082694,-0.0559222994950152,0.132598221302032,123.939453125
Tibet,992,0.128533327579498,266,55.089485168457,4790,0.042174245586323,0.0182189183365156,0.0244374209082694,-0.0559222994950152,0.132598221302032,123.939453125
Tibet,993,-0.35406665802002,195,61.456485748291,5572,0.042174245586323,0.0182189183365156,0.0244374209082694,-0.0559222994950152,0.132598221302032,123.939453125
Tibet,994,-0.591333341598511,167,61.2731132507324,5771,0.042174245586323,0.0182189183365156,0.0244374209082694,-0.0559222994950152,0.132598221302032,123.939453125
Tibet,995,-0.257266664505005,175,53.721363067627,5323,0.042174245586323,0.0182189183365156,0.0244374209082694,-0.0559222994950152,0.132598221302032,123.939453125
Tibet,996,-0.0336666643619537,196,44.0975494384766,4964,0.042174245586323,0.0182189183365156,0.0244374209082694,-0.0559222994950152,0.132598221302032,123.939453125
Tibet,997,-0.128650009632111,202,54.9331550598145,5101,0.042174245586323,0.0182189183365156,0.0244374209082694,-0.0559222994950152,0.132598221302032,123.939453125
Tibet,998,-0.190866661071777,211,81.3981323242188,5293,0.042174245586323,0.0182189183365156,0.0244374209082694,-0.0559222994950152,0.132598221302032,123.939453125
Tibet,999,-0.045349994301796,278,103.031135559082,4982,0.042174245586323,0.0182189183365156,0.0244374209082694,-0.0559222994950152,0.132598221302032,123.939453125
Tibet,1000,-0.0257666736841202,319,115.738395690918,4910,0.042174245586323,0.0182189183365156,0.0244374209082694,-0.0559222994950152,0.132598221302032,123.939453125
Tibet,1001,-0.15641667842865,326,120.594505310059,5112,0.042174245586323,0.0182189183365156,0.0244374209082694,-0.0559222994950152,0.132598221302032,123.939453125
Tibet,1002,-0.228666663169861,346,123.670455932617,5178,0.042174245586323,0.0182189183365156,0.0244374209082694,-0.0559222994950152,0.132598221302032,123.939453125
Tibet,1003,-0.0339833289384842,385,125.209396362305,4783,0.042174245586323,0.0182189183365156,0.0244374209082694,-0.0559222994950152,0.132598221302032,123.939453125
Tibet,1004,-0.283866667747498,391,120.876487731934,5078,0.042174245586323,0.0182189183365156,0.0244374209082694,-0.0559222994950152,0.132598221302032,123.939453125
Tibet,1005,0.094816666841507,418,118.875701904297,4551,0.042174245586323,0.0182189183365156,0.0244374209082694,-0.0559222994950152,0.132598221302032,123.939453125
Tibet,1006,-0.442566680908203,454,109.130172729492,5243,0.042174245586323,0.0182189183365156,0.0244374209082694,-0.0559222994950152,0.132598221302032,123.939453125
Tibet,1007,-0.386816668510437,506,104.084739685059,5217,0.042174245586323,0.0182189183365156,0.0244374209082694,-0.0559222994950152,0.132598221302032,123.939453125
Tibet,1008,-0.38914999961853,584,98.0801391601562,5118,0.042174245586323,0.0182189183365156,0.0244374209082694,-0.0559222994950152,0.132598221302032,123.939453125
Tibet,1009,-0.152466666698456,674,94.0824432373047,4746,0.042174245586323,0.0182189183365156,0.0244374209082694,-0.0559222994950152,0.132598221302032,123.939453125
Tibet,1010,-0.703816652297974,697,91.5798110961914,5479,0.042174245586323,0.0182189183365156,0.0244374209082694,-0.0559222994950152,0.132598221302032,123.939453125
Tibet,1011,-0.545849990844727,698,91.3837203979492,5257,0.042174245586323,0.0182189183365156,0.0244374209082694,-0.0559222994950152,0.132598221302032,123.939453125
Tibet,1012,-0.103633344173431,671,94.3400268554688,4701,0.042174245586323,0.0182189183365156,0.0244374209082694,-0.0559222994950152,0.132598221302032,123.939453125
Tibet,1013,0.144016671180725,636,93.9330596923828,4369,0.042174245586323,0.0182189183365156,0.0244374209082694,-0.0559222994950152,0.132598221302032,123.939453125
Tibet,1014,-0.351900005340576,645,92.5615615844727,5001,0.042174245586323,0.0182189183365156,0.0244374209082694,-0.0559222994950152,0.132598221302032,123.939453125
Tibet,1015,-0.159399998188019,617,94.2921447753906,4781,0.042174245586323,0.0182189183365156,0.0244374209082694,-0.0559222994950152,0.132598221302032,123.939453125
Tibet,1016,0.341916656494141,555,94.2695693969727,3922,0.042174245586323,0.0182189183365156,0.0244374209082694,-0.0559222994950152,0.132598221302032,123.939453125
Tibet,1017,-0.221483325958252,613,92.9762344360352,4806,0.042174245586323,0.0182189183365156,0.0244374209082694,-0.0559222994950152,0.132598221302032,123.939453125
Tibet,1018,0.271866679191589,559,93.3184967041016,4119,0.042174245586323,0.0182189183365156,0.0244374209082694,-0.0559222994950152,0.132598221302032,123.939453125
Tibet,1019,0.625600004196167,570,95.3877944946289,3443,0.042174245586323,0.0182189183365156,0.0244374209082694,-0.0559222994950152,0.132598221302032,123.939453125
Tibet,1063,-0.555033349990845,349,83.9199295043945,5606,0.042174245586323,0.0182189183365156,0.0244374209082694,-0.0559222994950152,0.132598221302032,123.939453125
Tibet,1064,0.118700003623962,320,60.2322006225586,4719,0.042174245586323,0.0182189183365156,0.0244374209082694,-0.0559222994950152,0.132598221302032,123.939453125
Tibet,1065,-0.0172166660428047,239,57.0238838195801,4947,0.042174245586323,0.0182189183365156,0.0244374209082694,-0.0559222994950152,0.132598221302032,123.939453125
Tibet,1066,-0.483500003814697,180,60.1253433227539,5587,0.042174245586323,0.0182189183365156,0.0244374209082694,-0.0559222994950152,0.132598221302032,123.939453125
Tibet,1067,-0.579433345794678,156,58.9015083312988,5768,0.042174245586323,0.0182189183365156,0.0244374209082694,-0.0559222994950152,0.132598221302032,123.939453125
Tibet,1068,-0.416966676712036,151,55.3113098144531,5584,0.042174245586323,0.0182189183365156,0.0244374209082694,-0.0559222994950152,0.132598221302032,123.939453125
Tibet,1069,-0.0306666642427444,176,45.9746360778809,4959,0.042174245586323,0.0182189183365156,0.0244374209082694,-0.0559222994950152,0.132598221302032,123.939453125
Tibet,1070,-0.0437999993562698,183,45.7605628967285,5005,0.042174245586323,0.0182189183365156,0.0244374209082694,-0.0559222994950152,0.132598221302032,123.939453125
Tibet,1071,-0.1755499958992,192,58.5017929077149,5208,0.042174245586323,0.0182189183365156,0.0244374209082694,-0.0559222994950152,0.132598221302032,123.939453125
Tibet,1072,-0.163483333587646,228,79.6012802124024,5189,0.042174245586323,0.0182189183365156,0.0244374209082694,-0.0559222994950152,0.132598221302032,123.939453125
Tibet,1073,-0.141049993038178,281,94.2781829833984,5102,0.042174245586323,0.0182189183365156,0.0244374209082694,-0.0559222994950152,0.132598221302032,123.939453125
Tibet,1074,-0.471449995040894,289,106.574920654297,5547,0.042174245586323,0.0182189183365156,0.0244374209082694,-0.0559222994950152,0.132598221302032,123.939453125
Tibet,1075,-0.0911999940872192,361,112.273818969727,5074,0.042174245586323,0.0182189183365156,0.0244374209082694,-0.0559222994950152,0.132598221302032,123.939453125
Tibet,1076,0.022483329474926,401,119.308311462402,4752,0.042174245586323,0.0182189183365156,0.0244374209082694,-0.0559222994950152,0.132598221302032,123.939453125
Tibet,1077,-0.0552833318710327,410,120.62451171875,4812,0.042174245586323,0.0182189183365156,0.0244374209082694,-0.0559222994950152,0.132598221302032,123.939453125
Tibet,1078,-0.191866672039032,414,119.797370910645,4970,0.042174245586323,0.0182189183365156,0.0244374209082694,-0.0559222994950152,0.132598221302032,123.939453125
Tibet,1079,-0.271350002288818,426,116.35701751709,4990,0.042174245586323,0.0182189183365156,0.0244374209082694,-0.0559222994950152,0.132598221302032,123.939453125
Tibet,1080,-0.116516673564911,434,112.583419799805,4681,0.042174245586323,0.0182189183365156,0.0244374209082694,-0.0559222994950152,0.132598221302032,123.939453125
Tibet,1081,-0.0801500082015991,465,107.523262023926,4572,0.042174245586323,0.0182189183365156,0.0244374209082694,-0.0559222994950152,0.132598221302032,123.939453125
Tibet,1082,-0.401916646957397,571,100.497863769531,5056,0.042174245586323,0.0182189183365156,0.0244374209082694,-0.0559222994950152,0.132598221302032,123.939453125
Tibet,1083,-0.440933322906494,646,96.9574127197266,5089,0.042174245586323,0.0182189183365156,0.0244374209082694,-0.0559222994950152,0.132598221302032,123.939453125
Tibet,1084,-0.469416666030884,680,96.299446105957,5173,0.042174245586323,0.0182189183365156,0.0244374209082694,-0.0559222994950152,0.132598221302032,123.939453125
Tibet,1085,-0.135316669940948,668,96.3909912109375,4713,0.042174245586323,0.0182189183365156,0.0244374209082694,-0.0559222994950152,0.132598221302032,123.939453125
Tibet,1086,-0.418233346939087,680,95.6157073974609,5037,0.042174245586323,0.0182189183365156,0.0244374209082694,-0.0559222994950152,0.132598221302032,123.939453125
Tibet,1087,-0.0227333411574364,629,97.0806503295898,4473,0.042174245586323,0.0182189183365156,0.0244374209082694,-0.0559222994950152,0.132598221302032,123.939453125
Tibet,1088,-0.350833344459534,644,94.4232864379883,4901,0.042174245586323,0.0182189183365156,0.0244374209082694,-0.0559222994950152,0.132598221302032,123.939453125
Tibet,1089,0.00221666339784861,590,97.2085647583008,4476,0.042174245586323,0.0182189183365156,0.0244374209082694,-0.0559222994950152,0.132598221302032,123.939453125
Tibet,1090,0.165750002861023,564,96.6451110839844,4184,0.042174245586323,0.0182189183365156,0.0244374209082694,-0.0559222994950152,0.132598221302032,123.939453125
Tibet,1091,-0.0904500007629395,594,94.2794342041016,4632,0.042174245586323,0.0182189183365156,0.0244374209082694,-0.0559222994950152,0.132598221302032,123.939453125
Tibet,1092,0.056766664981842,585,93.8898086547852,4402,0.042174245586323,0.0182189183365156,0.0244374209082694,-0.0559222994950152,0.132598221302032,123.939453125
Tibet,1136,-0.610283327102661,380,96.8073501586914,5476,0.042174245586323,0.0182189183365156,0.0244374209082694,-0.0559222994950152,0.132598221302032,123.939453125
Tibet,1137,-0.142000007629395,305,78.8198318481445,5007,0.042174245586323,0.0182189183365156,0.0244374209082694,-0.0559222994950152,0.132598221302032,123.939453125
Tibet,1138,-0.0659500002861023,249,63.439338684082,4852,0.042174245586323,0.0182189183365156,0.0244374209082694,-0.0559222994950152,0.132598221302032,123.939453125
Tibet,1139,-0.45295000076294,182,61.6209220886231,5462,0.042174245586323,0.0182189183365156,0.0244374209082694,-0.0559222994950152,0.132598221302032,123.939453125
Tibet,1140,-0.371949982643127,158,54.9940643310547,5386,0.042174245586323,0.0182189183365156,0.0244374209082694,-0.0559222994950152,0.132598221302032,123.939453125
Tibet,1141,-0.142983341217041,152,48.9685935974121,5076,0.042174245586323,0.0182189183365156,0.0244374209082694,-0.0559222994950152,0.132598221302032,123.939453125
Tibet,1142,0.013533341884613,154,46.0131416320801,4906,0.042174245586323,0.0182189183365156,0.0244374209082694,-0.0559222994950152,0.132598221302032,123.939453125
Tibet,1143,0.109266662597656,173,46.812183380127,4612,0.042174245586323,0.0182189183365156,0.0244374209082694,-0.0559222994950152,0.132598221302032,123.939453125
Tibet,1144,-0.120733332633972,167,49.6318550109863,5120,0.042174245586323,0.0182189183365156,0.0244374209082694,-0.0559222994950152,0.132598221302032,123.939453125
Tibet,1145,0.0525833308696747,208,63.539478302002,4779,0.042174245586323,0.0182189183365156,0.0244374209082694,-0.0559222994950152,0.132598221302032,123.939453125
Tibet,1146,0.108249998092651,261,78.1632614135742,4705,0.042174245586323,0.0182189183365156,0.0244374209082694,-0.0559222994950152,0.132598221302032,123.939453125
Tibet,1147,-0.168483328819275,281,90.7845153808594,5131,0.042174245586323,0.0182189183365156,0.0244374209082694,-0.0559222994950152,0.132598221302032,123.939453125
Tibet,1148,0.0754166543483734,358,100.439041137695,4785,0.042174245586323,0.0182189183365156,0.0244374209082694,-0.0559222994950152,0.132598221302032,123.939453125
Tibet,1149,-0.0741166710853577,376,107.787216186523,4963,0.042174245586323,0.0182189183365156,0.0244374209082694,-0.0559222994950152,0.132598221302032,123.939453125
Tibet,1150,-0.196283328533173,399,113.032676696777,5024,0.042174245586323,0.0182189183365156,0.0244374209082694,-0.0559222994950152,0.132598221302032,123.939453125
Tibet,1151,-0.115883326530457,420,117.624732971191,4817,0.042174245586323,0.0182189183365156,0.0244374209082694,-0.0559222994950152,0.132598221302032,123.939453125
Tibet,1152,-0.140833342075348,426,118.178337097168,4852,0.042174245586323,0.0182189183365156,0.0244374209082694,-0.0559222994950152,0.132598221302032,123.939453125
Tibet,1153,-0.066783344745636,421,118.40421295166,4577,0.042174245586323,0.0182189183365156,0.0244374209082694,-0.0559222994950152,0.132598221302032,123.939453125
Tibet,1154,-0.0972000062465668,422,114.081130981445,4602,0.042174245586323,0.0182189183365156,0.0244374209082694,-0.0559222994950152,0.132598221302032,123.939453125
Tibet,1155,-0.145733320713043,436,109.772911071777,4588,0.042174245586323,0.0182189183365156,0.0244374209082694,-0.0559222994950152,0.132598221302032,123.939453125
Tibet,1156,-0.3316166639328,524,103.959754943848,4885,0.042174245586323,0.0182189183365156,0.0244374209082694,-0.0559222994950152,0.132598221302032,123.939453125
Tibet,1157,-0.329533338546753,593,100.43302154541,4888,0.042174245586323,0.0182189183365156,0.0244374209082694,-0.0559222994950152,0.132598221302032,123.939453125
Tibet,1158,0.136066675186157,589,101.434303283691,4210,0.042174245586323,0.0182189183365156,0.0244374209082694,-0.0559222994950152,0.132598221302032,123.939453125
Tibet,1159,-0.28163332939148,654,98.1594924926758,4899,0.042174245586323,0.0182189183365156,0.0244374209082694,-0.0559222994950152,0.132598221302032,123.939453125
Tibet,1160,-0.490366649627686,659,98.1356201171875,5013,0.042174245586323,0.0182189183365156,0.0244374209082694,-0.0559222994950152,0.132598221302032,123.939453125
Tibet,1161,-0.502650022506714,654,96.467170715332,5028,0.042174245586323,0.0182189183365156,0.0244374209082694,-0.0559222994950152,0.132598221302032,123.939453125
Tibet,1165,0.193633341789246,546,96.0678024291992,4108,0.042174245586323,0.0182189183365156,0.0244374209082694,-0.0559222994950152,0.132598221302032,123.939453125
Tibet,1166,-0.298900008201599,619,92.1920623779297,4725,0.042174245586323,0.0182189183365156,0.0244374209082694,-0.0559222994950152,0.132598221302032,123.939453125
Tibet,1211,0.0939333379268646,737,90.8168792724609,4470,0.042174245586323,0.0182189183365156,0.0244374209082694,-0.0559222994950152,0.132598221302032,123.939453125
Tibet,1212,-0.294083333015442,459,100.194732666016,5072,0.042174245586323,0.0182189183365156,0.0244374209082694,-0.0559222994950152,0.132598221302032,123.939453125
Tibet,1213,-0.62039999961853,299,106.161399841309,5634,0.042174245586323,0.0182189183365156,0.0244374209082694,-0.0559222994950152,0.132598221302032,123.939453125
Tibet,1214,-0.448250007629395,236,90.3670806884766,5410,0.042174245586323,0.0182189183365156,0.0244374209082694,-0.0559222994950152,0.132598221302032,123.939453125
Tibet,1215,-0.217016673088074,193,72.6616439819336,5095,0.042174245586323,0.0182189183365156,0.0244374209082694,-0.0559222994950152,0.132598221302032,123.939453125
Tibet,1216,-0.297716665267944,151,61.230224609375,5211,0.042174245586323,0.0182189183365156,0.0244374209082694,-0.0559222994950152,0.132598221302032,123.939453125
Tibet,1217,0.122533333301544,151,49.0811500549317,4642,0.042174245586323,0.0182189183365156,0.0244374209082694,-0.0559222994950152,0.132598221302032,123.939453125
Tibet,1218,-0.45716667175293,123,50.0145874023438,5533,0.042174245586323,0.0182189183365156,0.0244374209082694,-0.0559222994950152,0.132598221302032,123.939453125
Tibet,1219,-0.0417666703462601,138,42.8103637695313,4959,0.042174245586323,0.0182189183365156,0.0244374209082694,-0.0559222994950152,0.132598221302032,123.939453125
Tibet,1220,0.0186500012874603,146,46.9115791320801,4770,0.042174245586323,0.0182189183365156,0.0244374209082694,-0.0559222994950152,0.132598221302032,123.939453125
Tibet,1221,-0.112783324718475,156,54.398380279541,4972,0.042174245586323,0.0182189183365156,0.0244374209082694,-0.0559222994950152,0.132598221302032,123.939453125
Tibet,1222,-0.22408332824707,183,68.2305374145508,5115,0.042174245586323,0.0182189183365156,0.0244374209082694,-0.0559222994950152,0.132598221302032,123.939453125
Tibet,1223,-0.128649997711182,225,79.1537322998047,5035,0.042174245586323,0.0182189183365156,0.0244374209082694,-0.0559222994950152,0.132598221302032,123.939453125
Tibet,1224,0.0840666770935059,298,90.0263290405274,4686,0.042174245586323,0.0182189183365156,0.0244374209082694,-0.0559222994950152,0.132598221302032,123.939453125
Tibet,1225,-0.0147500053048134,342,97.7723159790039,4809,0.042174245586323,0.0182189183365156,0.0244374209082694,-0.0559222994950152,0.132598221302032,123.939453125
Tibet,1226,0.0185666635632515,375,104.928764343262,4750,0.042174245586323,0.0182189183365156,0.0244374209082694,-0.0559222994950152,0.132598221302032,123.939453125
Tibet,1227,0.0673000156879425,401,112.04322052002,4591,0.042174245586323,0.0182189183365156,0.0244374209082694,-0.0559222994950152,0.132598221302032,123.939453125
Tibet,1228,-0.0047499842941761,416,116.201240539551,4608,0.042174245586323,0.0182189183365156,0.0244374209082694,-0.0559222994950152,0.132598221302032,123.939453125
Tibet,1229,-0.101300001144409,422,117.667900085449,4664,0.042174245586323,0.0182189183365156,0.0244374209082694,-0.0559222994950152,0.132598221302032,123.939453125
Tibet,1230,-0.287849998474121,439,116.888633728027,4898,0.042174245586323,0.0182189183365156,0.0244374209082694,-0.0559222994950152,0.132598221302032,123.939453125
Tibet,1231,-0.208699989318848,421,115.181915283203,4610,0.042174245586323,0.0182189183365156,0.0244374209082694,-0.0559222994950152,0.132598221302032,123.939453125
Tibet,1232,-0.423216676712036,458,111.694114685059,4967,0.042174245586323,0.0182189183365156,0.0244374209082694,-0.0559222994950152,0.132598221302032,123.939453125
Tibet,1233,-0.313300013542175,485,107.292060852051,4785,0.042174245586323,0.0182189183365156,0.0244374209082694,-0.0559222994950152,0.132598221302032,123.939453125
Tibet,1234,-0.322333335876465,533,104.663330078125,4804,0.042174245586323,0.0182189183365156,0.0244374209082694,-0.0559222994950152,0.132598221302032,123.939453125
Tibet,1235,-0.0886000037193298,548,103.417037963867,4460,0.042174245586323,0.0182189183365156,0.0244374209082694,-0.0559222994950152,0.132598221302032,123.939453125
Tibet,1236,-0.469883346557617,625,100.255630493164,4998,0.042174245586323,0.0182189183365156,0.0244374209082694,-0.0559222994950152,0.132598221302032,123.939453125
Tibet,1237,-0.303500008583069,603,101.68872833252,4759,0.042174245586323,0.0182189183365156,0.0244374209082694,-0.0559222994950152,0.132598221302032,123.939453125
Tibet,1242,-0.223250007629395,598,94.9754257202149,4558,0.042174245586323,0.0182189183365156,0.0244374209082694,-0.0559222994950152,0.132598221302032,123.939453125
Tibet,1288,-0.38108332157135,674,101.11946105957,5054,0.042174245586323,0.0182189183365156,0.0244374209082694,-0.0559222994950152,0.132598221302032,123.939453125
Tibet,1289,-0.0834833323955536,556,97.3013229370117,4725,0.042174245586323,0.0182189183365156,0.0244374209082694,-0.0559222994950152,0.132598221302032,123.939453125
Tibet,1290,0.0162666693329811,419,97.1070098876953,4635,0.042174245586323,0.0182189183365156,0.0244374209082694,-0.0559222994950152,0.132598221302032,123.939453125
Tibet,1291,-0.434166669845581,252,105.21703338623,5245,0.042174245586323,0.0182189183365156,0.0244374209082694,-0.0559222994950152,0.132598221302032,123.939453125
Tibet,1292,-0.782333326339722,188,109.275299072266,5818,0.042174245586323,0.0182189183365156,0.0244374209082694,-0.0559222994950152,0.132598221302032,123.939453125
Tibet,1293,-0.209083342552185,151,79.876350402832,5064,0.042174245586323,0.0182189183365156,0.0244374209082694,-0.0559222994950152,0.132598221302032,123.939453125
Tibet,1294,-0.0834500014781952,133,61.9769439697266,4763,0.042174245586323,0.0182189183365156,0.0244374209082694,-0.0559222994950152,0.132598221302032,123.939453125
Tibet,1295,0.112450003623962,128,51.730712890625,4424,0.042174245586323,0.0182189183365156,0.0244374209082694,-0.0559222994950152,0.132598221302032,123.939453125
Tibet,1296,-0.0395500004291534,114,48.1357269287109,4814,0.042174245586323,0.0182189183365156,0.0244374209082694,-0.0559222994950152,0.132598221302032,123.939453125
Tibet,1297,-0.849733352661133,114,72.0177688598633,5960,0.042174245586323,0.0182189183365156,0.0244374209082694,-0.0559222994950152,0.132598221302032,123.939453125
Tibet,1298,-0.285450005531311,125,54.9498481750488,5107,0.042174245586323,0.0182189183365156,0.0244374209082694,-0.0559222994950152,0.132598221302032,123.939453125
Tibet,1299,-0.0371166676282883,151,59.5991172790527,4705,0.042174245586323,0.0182189183365156,0.0244374209082694,-0.0559222994950152,0.132598221302032,123.939453125
Tibet,1300,-0.0504166662693024,174,71.9736785888672,4773,0.042174245586323,0.0182189183365156,0.0244374209082694,-0.0559222994950152,0.132598221302032,123.939453125
Tibet,1301,0.137950003147125,226,81.0390853881836,4540,0.042174245586323,0.0182189183365156,0.0244374209082694,-0.0559222994950152,0.132598221302032,123.939453125
Tibet,1302,0.0979666709899902,270,90.5329895019531,4580,0.042174245586323,0.0182189183365156,0.0244374209082694,-0.0559222994950152,0.132598221302032,123.939453125
Tibet,1303,0.0787333369255066,322,98.1883239746094,4523,0.042174245586323,0.0182189183365156,0.0244374209082694,-0.0559222994950152,0.132598221302032,123.939453125
Tibet,1304,0.0023000031709671,350,105.006210327148,4679,0.042174245586323,0.0182189183365156,0.0244374209082694,-0.0559222994950152,0.132598221302032,123.939453125
Tibet,1305,0.0331833481788635,378,110.055976867676,4591,0.042174245586323,0.0182189183365156,0.0244374209082694,-0.0559222994950152,0.132598221302032,123.939453125
Tibet,1306,-0.0981833398342133,394,114.67227935791,4673,0.042174245586323,0.0182189183365156,0.0244374209082694,-0.0559222994950152,0.132598221302032,123.939453125
Tibet,1307,-0.159799993038178,409,116.617599487305,4696,0.042174245586323,0.0182189183365156,0.0244374209082694,-0.0559222994950152,0.132598221302032,123.939453125
Tibet,1308,-0.263499999046326,421,118.533874511719,4800,0.042174245586323,0.0182189183365156,0.0244374209082694,-0.0559222994950152,0.132598221302032,123.939453125
Tibet,1309,-0.533216667175293,441,116.024871826172,5140,0.042174245586323,0.0182189183365156,0.0244374209082694,-0.0559222994950152,0.132598221302032,123.939453125
Tibet,1310,-0.468050003051758,438,114.305282592773,4987,0.042174245586323,0.0182189183365156,0.0244374209082694,-0.0559222994950152,0.132598221302032,123.939453125
Tibet,1311,-0.66618332862854,492,109.589668273926,5235,0.042174245586323,0.0182189183365156,0.0244374209082694,-0.0559222994950152,0.132598221302032,123.939453125
Tibet,1312,-0.72170000076294,533,106.363388061523,5341,0.042174245586323,0.0182189183365156,0.0244374209082694,-0.0559222994950152,0.132598221302032,123.939453125
Tibet,1366,-0.729733324050903,599,109.569839477539,5453,0.042174245586323,0.0182189183365156,0.0244374209082694,-0.0559222994950152,0.132598221302032,123.939453125
Tibet,1367,0.176866662502289,686,84.4201812744141,4277,0.042174245586323,0.0182189183365156,0.0244374209082694,-0.0559222994950152,0.132598221302032,123.939453125
Tibet,1368,0.0208666667342186,449,97.2160415649414,4534,0.042174245586323,0.0182189183365156,0.0244374209082694,-0.0559222994950152,0.132598221302032,123.939453125
Tibet,1369,-0.77243332862854,241,131.529067993164,5737,0.042174245586323,0.0182189183365156,0.0244374209082694,-0.0559222994950152,0.132598221302032,123.939453125
Tibet,1370,-0.467483329772949,189,118.261161804199,5307,0.042174245586323,0.0182189183365156,0.0244374209082694,-0.0559222994950152,0.132598221302032,123.939453125
Tibet,1371,-0.151383328437805,154,100.348434448242,4878,0.042174245586323,0.0182189183365156,0.0244374209082694,-0.0559222994950152,0.132598221302032,123.939453125
Tibet,1372,-0.0242166697978973,126,85.481559753418,4724,0.042174245586323,0.0182189183365156,0.0244374209082694,-0.0559222994950152,0.132598221302032,123.939453125
Tibet,1373,-0.626350021362305,101,93.0707931518555,5534,0.042174245586323,0.0182189183365156,0.0244374209082694,-0.0559222994950152,0.132598221302032,123.939453125
Tibet,1374,-0.264083337783814,95,70.0305557250977,5083,0.042174245586323,0.0182189183365156,0.0244374209082694,-0.0559222994950152,0.132598221302032,123.939453125
Tibet,1375,-0.0278000056743622,98,58.2540855407715,4635,0.042174245586323,0.0182189183365156,0.0244374209082694,-0.0559222994950152,0.132598221302032,123.939453125
Tibet,1376,-0.075516676902771,103,58.0913124084473,4780,0.042174245586323,0.0182189183365156,0.0244374209082694,-0.0559222994950152,0.132598221302032,123.939453125
Tibet,1377,-0.199483323097229,112,65.4189071655274,4925,0.042174245586323,0.0182189183365156,0.0244374209082694,-0.0559222994950152,0.132598221302032,123.939453125
Tibet,1378,0.047500005364418,133,66.3439025878906,4557,0.042174245586323,0.0182189183365156,0.0244374209082694,-0.0559222994950152,0.132598221302032,123.939453125
Tibet,1379,-0.0162000000476837,158,76.3132858276367,4716,0.042174245586323,0.0182189183365156,0.0244374209082694,-0.0559222994950152,0.132598221302032,123.939453125
Tibet,1380,-0.592283344268799,187,97.1127777099609,5616,0.042174245586323,0.0182189183365156,0.0244374209082694,-0.0559222994950152,0.132598221302032,123.939453125
Tibet,1381,-0.57388334274292,229,100.563842773438,5500,0.042174245586323,0.0182189183365156,0.0244374209082694,-0.0559222994950152,0.132598221302032,123.939453125
Tibet,1382,-0.148116660118103,278,98.8363800048828,4834,0.042174245586323,0.0182189183365156,0.0244374209082694,-0.0559222994950152,0.132598221302032,123.939453125
Tibet,1383,-0.180533337593079,318,105.306251525879,4865,0.042174245586323,0.0182189183365156,0.0244374209082694,-0.0559222994950152,0.132598221302032,123.939453125
Tibet,1384,-0.214516663551331,348,110.151412963867,4855,0.042174245586323,0.0182189183365156,0.0244374209082694,-0.0559222994950152,0.132598221302032,123.939453125
Tibet,1385,-0.371549987792969,373,114.363075256348,5021,0.042174245586323,0.0182189183365156,0.0244374209082694,-0.0559222994950152,0.132598221302032,123.939453125
Tibet,1386,-0.464516687393189,393,117.083061218262,5116,0.042174245586323,0.0182189183365156,0.0244374209082694,-0.0559222994950152,0.132598221302032,123.939453125
Tibet,1387,-0.465116691589356,409,117.971435546875,5051,0.042174245586323,0.0182189183365156,0.0244374209082694,-0.0559222994950152,0.132598221302032,123.939453125
Tibet,1388,-0.508699989318848,407,117.498344421387,5005,0.042174245586323,0.0182189183365156,0.0244374209082694,-0.0559222994950152,0.132598221302032,123.939453125
Tibet,1443,-0.172983336448669,692,77.2666473388672,4644,0.042174245586323,0.0182189183365156,0.0244374209082694,-0.0559222994950152,0.132598221302032,123.939453125
Tibet,1444,0.157200002670288,667,73.1496505737305,4236,0.042174245586323,0.0182189183365156,0.0244374209082694,-0.0559222994950152,0.132598221302032,123.939453125
Tibet,1445,-0.745916652679443,311,129.178588867188,5634,0.042174245586323,0.0182189183365156,0.0244374209082694,-0.0559222994950152,0.132598221302032,123.939453125
Tibet,1446,-0.761483335494995,231,134.979644775391,5600,0.042174245586323,0.0182189183365156,0.0244374209082694,-0.0559222994950152,0.132598221302032,123.939453125
Tibet,1447,-0.220466661453247,189,123.540916442871,4909,0.042174245586323,0.0182189183365156,0.0244374209082694,-0.0559222994950152,0.132598221302032,123.939453125
Tibet,1448,-0.347100019454956,139,124.388610839844,5193,0.042174245586323,0.0182189183365156,0.0244374209082694,-0.0559222994950152,0.132598221302032,123.939453125
Tibet,1449,-0.0827499985694885,115,112.772743225098,4725,0.042174245586323,0.0182189183365156,0.0244374209082694,-0.0559222994950152,0.132598221302032,123.939453125
Tibet,1450,-0.404666662216187,92,110.051582336426,5159,0.042174245586323,0.0182189183365156,0.0244374209082694,-0.0559222994950152,0.132598221302032,123.939453125
Tibet,1451,-0.409999990463257,84,99.4301910400391,5180,0.042174245586323,0.0182189183365156,0.0244374209082694,-0.0559222994950152,0.132598221302032,123.939453125
Tibet,1452,-0.241416668891907,81,86.3166961669922,4947,0.042174245586323,0.0182189183365156,0.0244374209082694,-0.0559222994950152,0.132598221302032,123.939453125
Tibet,1453,0.0577333390712738,84,66.5718994140625,4519,0.042174245586323,0.0182189183365156,0.0244374209082694,-0.0559222994950152,0.132598221302032,123.939453125
Tibet,1454,-0.275216674804688,88,76.4674606323242,4961,0.042174245586323,0.0182189183365156,0.0244374209082694,-0.0559222994950152,0.132598221302032,123.939453125
Tibet,1455,-0.348283338546753,101,79.5279388427734,5084,0.042174245586323,0.0182189183365156,0.0244374209082694,-0.0559222994950152,0.132598221302032,123.939453125
Tibet,1456,-0.343599987030029,115,82.5164642333984,5050,0.042174245586323,0.0182189183365156,0.0244374209082694,-0.0559222994950152,0.132598221302032,123.939453125
Tibet,1457,-0.171033334732056,142,84.7645111083985,4779,0.042174245586323,0.0182189183365156,0.0244374209082694,-0.0559222994950152,0.132598221302032,123.939453125
Tibet,1458,-0.255816650390625,167,94.0051727294922,4934,0.042174245586323,0.0182189183365156,0.0244374209082694,-0.0559222994950152,0.132598221302032,123.939453125
Tibet,1459,-0.325250005722046,208,98.493537902832,5002,0.042174245586323,0.0182189183365156,0.0244374209082694,-0.0559222994950152,0.132598221302032,123.939453125
Tibet,1460,-0.29578332901001,251,103.617317199707,5021,0.042174245586323,0.0182189183365156,0.0244374209082694,-0.0559222994950152,0.132598221302032,123.939453125
Tibet,1461,-0.253649997711182,294,106.277732849121,4943,0.042174245586323,0.0182189183365156,0.0244374209082694,-0.0559222994950152,0.132598221302032,123.939453125
Tibet,1462,-0.324733328819275,312,112.016510009766,4915,0.042174245586323,0.0182189183365156,0.0244374209082694,-0.0559222994950152,0.132598221302032,123.939453125
Tibet,1463,-0.366083335876465,341,113.308395385742,4897,0.042174245586323,0.0182189183365156,0.0244374209082694,-0.0559222994950152,0.132598221302032,123.939453125
Tibet,1464,-0.451966667175293,356,118.239143371582,5001,0.042174245586323,0.0182189183365156,0.0244374209082694,-0.0559222994950152,0.132598221302032,123.939453125
Tibet,1521,-0.183916664123535,469,72.3567657470703,4717,0.042174245586323,0.0182189183365156,0.0244374209082694,-0.0559222994950152,0.132598221302032,123.939453125
Tibet,1522,0.123266673088074,396,68.5420913696289,4213,0.042174245586323,0.0182189183365156,0.0244374209082694,-0.0559222994950152,0.132598221302032,123.939453125
Tibet,1523,-0.713899993896484,214,134.36181640625,5513,0.042174245586323,0.0182189183365156,0.0244374209082694,-0.0559222994950152,0.132598221302032,123.939453125
Tibet,1524,-0.392016649246216,152,135.830993652344,5094,0.042174245586323,0.0182189183365156,0.0244374209082694,-0.0559222994950152,0.132598221302032,123.939453125
Tibet,1525,-0.125183320045471,117,131.622009277344,4672,0.042174245586323,0.0182189183365156,0.0244374209082694,-0.0559222994950152,0.132598221302032,123.939453125
Tibet,1526,-0.399433326721191,95,138.470367431641,5103,0.042174245586323,0.0182189183365156,0.0244374209082694,-0.0559222994950152,0.132598221302032,123.939453125
Tibet,1527,0.0248333185911179,85,115.143821716309,4477,0.042174245586323,0.0182189183365156,0.0244374209082694,-0.0559222994950152,0.132598221302032,123.939453125
Tibet,1528,-0.0446999996900558,73,108.098030090332,4617,0.042174245586323,0.0182189183365156,0.0244374209082694,-0.0559222994950152,0.132598221302032,123.939453125
Tibet,1529,0.00246668122708797,69,99.1043548583984,4558,0.042174245586323,0.0182189183365156,0.0244374209082694,-0.0559222994950152,0.132598221302032,123.939453125
Tibet,1530,-0.203216671943665,69,95.8289642333984,4822,0.042174245586323,0.0182189183365156,0.0244374209082694,-0.0559222994950152,0.132598221302032,123.939453125
Tibet,1531,-0.122916662693024,71,87.5012817382813,4668,0.042174245586323,0.0182189183365156,0.0244374209082694,-0.0559222994950152,0.132598221302032,123.939453125
Tibet,1532,-0.38108332157135,79,92.9831161499023,5052,0.042174245586323,0.0182189183365156,0.0244374209082694,-0.0559222994950152,0.132598221302032,123.939453125
Tibet,1533,-0.339350008964539,88,93.1391906738281,5024,0.042174245586323,0.0182189183365156,0.0244374209082694,-0.0559222994950152,0.132598221302032,123.939453125
Tibet,1534,-0.368583345413208,102,93.344367980957,4994,0.042174245586323,0.0182189183365156,0.0244374209082694,-0.0559222994950152,0.132598221302032,123.939453125
Tibet,1535,-0.433383321762085,125,99.1304321289063,5168,0.042174245586323,0.0182189183365156,0.0244374209082694,-0.0559222994950152,0.132598221302032,123.939453125
Tibet,1536,-0.177666664123535,156,93.3801422119141,4719,0.042174245586323,0.0182189183365156,0.0244374209082694,-0.0559222994950152,0.132598221302032,123.939453125
Tibet,1537,-0.369849991798401,189,103.34725189209,5037,0.042174245586323,0.0182189183365156,0.0244374209082694,-0.0559222994950152,0.132598221302032,123.939453125
Tibet,1538,-0.505266666412354,227,108.438743591309,5178,0.042174245586323,0.0182189183365156,0.0244374209082694,-0.0559222994950152,0.132598221302032,123.939453125
Tibet,1539,-0.465199995040894,258,111.240325927734,5098,0.042174245586323,0.0182189183365156,0.0244374209082694,-0.0559222994950152,0.132598221302032,123.939453125
Tibet,1540,-0.503983354568481,289,115.012649536133,5118,0.042174245586323,0.0182189183365156,0.0244374209082694,-0.0559222994950152,0.132598221302032,123.939453125
Tibet,1541,-0.471083354949951,309,117.256965637207,5047,0.042174245586323,0.0182189183365156,0.0244374209082694,-0.0559222994950152,0.132598221302032,123.939453125
Tibet,1598,-0.290683341026306,305,66.6593704223633,4711,0.042174245586323,0.0182189183365156,0.0244374209082694,-0.0559222994950152,0.132598221302032,123.939453125
Tibet,1599,-0.251566672325134,198,87.4287414550781,4710,0.042174245586323,0.0182189183365156,0.0244374209082694,-0.0559222994950152,0.132598221302032,123.939453125
Tibet,1600,-0.181083333492279,116,121.47004699707,4748,0.042174245586323,0.0182189183365156,0.0244374209082694,-0.0559222994950152,0.132598221302032,123.939453125
Tibet,1601,-0.249316668510437,87,137.148040771484,4741,0.042174245586323,0.0182189183365156,0.0244374209082694,-0.0559222994950152,0.132598221302032,123.939453125
Tibet,1602,-0.619600009918213,89,144.226104736328,5422,0.042174245586323,0.0182189183365156,0.0244374209082694,-0.0559222994950152,0.132598221302032,123.939453125
Tibet,1603,-0.0599333345890045,67,129.451934814453,4555,0.042174245586323,0.0182189183365156,0.0244374209082694,-0.0559222994950152,0.132598221302032,123.939453125
Tibet,1604,-0.240283346176147,63,124.146537780762,4854,0.042174245586323,0.0182189183365156,0.0244374209082694,-0.0559222994950152,0.132598221302032,123.939453125
Tibet,1605,-0.193883347511292,59,118.300712585449,4801,0.042174245586323,0.0182189183365156,0.0244374209082694,-0.0559222994950152,0.132598221302032,123.939453125
Tibet,1606,-0.0703000068664551,62,102.521499633789,4557,0.042174245586323,0.0182189183365156,0.0244374209082694,-0.0559222994950152,0.132598221302032,123.939453125
Tibet,1607,-0.505700016021729,67,112.08332824707,5274,0.042174245586323,0.0182189183365156,0.0244374209082694,-0.0559222994950152,0.132598221302032,123.939453125
Tibet,1608,-0.146916663646698,58,98.2971878051758,4546,0.042174245586323,0.0182189183365156,0.0244374209082694,-0.0559222994950152,0.132598221302032,123.939453125
Tibet,1609,-0.534216690063477,75,105.065727233887,5187,0.042174245586323,0.0182189183365156,0.0244374209082694,-0.0559222994950152,0.132598221302032,123.939453125
Tibet,1610,-0.625716686248779,88,104.780288696289,5300,0.042174245586323,0.0182189183365156,0.0244374209082694,-0.0559222994950152,0.132598221302032,123.939453125
Tibet,1611,-0.373066663742065,97,102.252151489258,4989,0.042174245586323,0.0182189183365156,0.0244374209082694,-0.0559222994950152,0.132598221302032,123.939453125
Tibet,1612,-0.367883324623108,118,100.181655883789,4938,0.042174245586323,0.0182189183365156,0.0244374209082694,-0.0559222994950152,0.132598221302032,123.939453125
Tibet,1613,-0.310750007629395,142,102.616081237793,4863,0.042174245586323,0.0182189183365156,0.0244374209082694,-0.0559222994950152,0.132598221302032,123.939453125
Tibet,1614,-0.545283317565918,175,109.978088378906,5167,0.042174245586323,0.0182189183365156,0.0244374209082694,-0.0559222994950152,0.132598221302032,123.939453125
Tibet,1615,-0.616866683959961,212,112.472938537598,5256,0.042174245586323,0.0182189183365156,0.0244374209082694,-0.0559222994950152,0.132598221302032,123.939453125
Tibet,1616,-0.586149978637695,239,113.986259460449,5204,0.042174245586323,0.0182189183365156,0.0244374209082694,-0.0559222994950152,0.132598221302032,123.939453125
Tibet,1617,-0.752749967575073,272,118.053497314453,5357,0.042174245586323,0.0182189183365156,0.0244374209082694,-0.0559222994950152,0.132598221302032,123.939453125
Tibet,1618,-0.75901665687561,294,120.830375671387,5368,0.042174245586323,0.0182189183365156,0.0244374209082694,-0.0559222994950152,0.132598221302032,123.939453125
Tibet,1674,-0.480116701126099,190,78.7633819580078,4998,0.042174245586323,0.0182189183365156,0.0244374209082694,-0.0559222994950152,0.132598221302032,123.939453125
Tibet,1675,-0.105200004577637,71,109.49462890625,4504,0.042174245586323,0.0182189183365156,0.0244374209082694,-0.0559222994950152,0.132598221302032,123.939453125
Tibet,1676,-0.952916717529297,92,146.888107299805,5739,0.042174245586323,0.0182189183365156,0.0244374209082694,-0.0559222994950152,0.132598221302032,123.939453125
Tibet,1677,-0.0436333358287811,47,127.889801025391,4440,0.042174245586323,0.0182189183365156,0.0244374209082694,-0.0559222994950152,0.132598221302032,123.939453125
Tibet,1678,-0.099700003862381,47,123.400161743164,4495,0.042174245586323,0.0182189183365156,0.0244374209082694,-0.0559222994950152,0.132598221302032,123.939453125
Tibet,1679,-0.244183325767517,49,118.466667175293,4735,0.042174245586323,0.0182189183365156,0.0244374209082694,-0.0559222994950152,0.132598221302032,123.939453125
Tibet,1680,-0.397666668891907,54,115.122512817383,5013,0.042174245586323,0.0182189183365156,0.0244374209082694,-0.0559222994950152,0.132598221302032,123.939453125
Tibet,1681,-0.2878666639328,53,105.455284118652,4785,0.042174245586323,0.0182189183365156,0.0244374209082694,-0.0559222994950152,0.132598221302032,123.939453125
Tibet,1682,-0.559666681289673,62,109.947494506836,5175,0.042174245586323,0.0182189183365156,0.0244374209082694,-0.0559222994950152,0.132598221302032,123.939453125
Tibet,1683,-0.523600006103516,66,107.091232299805,5194,0.042174245586323,0.0182189183365156,0.0244374209082694,-0.0559222994950152,0.132598221302032,123.939453125
Tibet,1684,-0.289666652679443,65,102.184844970703,4786,0.042174245586323,0.0182189183365156,0.0244374209082694,-0.0559222994950152,0.132598221302032,123.939453125
Tibet,1685,-0.618666696548462,86,110.492301940918,5327,0.042174245586323,0.0182189183365156,0.0244374209082694,-0.0559222994950152,0.132598221302032,123.939453125
Tibet,1686,-0.497833347320557,91,108.890640258789,5105,0.042174245586323,0.0182189183365156,0.0244374209082694,-0.0559222994950152,0.132598221302032,123.939453125
Tibet,1687,-0.465216684341431,109,107.435707092285,5007,0.042174245586323,0.0182189183365156,0.0244374209082694,-0.0559222994950152,0.132598221302032,123.939453125
Tibet,1688,-0.592549991607666,136,115.255157470703,5292,0.042174245586323,0.0182189183365156,0.0244374209082694,-0.0559222994950152,0.132598221302032,123.939453125
Tibet,1689,-0.648733329772949,162,114.856811523438,5264,0.042174245586323,0.0182189183365156,0.0244374209082694,-0.0559222994950152,0.132598221302032,123.939453125
Tibet,1690,-0.500900030136108,184,113.474456787109,4971,0.042174245586323,0.0182189183365156,0.0244374209082694,-0.0559222994950152,0.132598221302032,123.939453125
Tibet,1691,-0.628283309936523,216,117.001052856445,5179,0.042174245586323,0.0182189183365156,0.0244374209082694,-0.0559222994950152,0.132598221302032,123.939453125
Tibet,1692,-0.506516647338867,233,117.355278015137,4939,0.042174245586323,0.0182189183365156,0.0244374209082694,-0.0559222994950152,0.132598221302032,123.939453125
Tibet,1693,-0.529516649246216,250,119.640510559082,4935,0.042174245586323,0.0182189183365156,0.0244374209082694,-0.0559222994950152,0.132598221302032,123.939453125
Tibet,1748,-0.931933307647705,93,138.617614746094,5716,0.042174245586323,0.0182189183365156,0.0244374209082694,-0.0559222994950152,0.132598221302032,123.939453125
Tibet,1749,-0.164983332157135,41,116.837181091309,4585,0.042174245586323,0.0182189183365156,0.0244374209082694,-0.0559222994950152,0.132598221302032,123.939453125
Tibet,1750,-0.456516647338867,41,131.121276855469,4920,0.042174245586323,0.0182189183365156,0.0244374209082694,-0.0559222994950152,0.132598221302032,123.939453125
Tibet,1751,-0.314633321762085,36,126.131248474121,4714,0.042174245586323,0.0182189183365156,0.0244374209082694,-0.0559222994950152,0.132598221302032,123.939453125
Tibet,1752,-0.722049999237061,59,127.390663146973,5459,0.042174245586323,0.0182189183365156,0.0244374209082694,-0.0559222994950152,0.132598221302032,123.939453125
Tibet,1753,-0.755833339691162,61,115.69832611084,5393,0.042174245586323,0.0182189183365156,0.0244374209082694,-0.0559222994950152,0.132598221302032,123.939453125
Tibet,1754,-0.614066648483276,55,114.672225952148,5200,0.042174245586323,0.0182189183365156,0.0244374209082694,-0.0559222994950152,0.132598221302032,123.939453125
Tibet,1755,-0.453499984741211,51,112.284057617188,4919,0.042174245586323,0.0182189183365156,0.0244374209082694,-0.0559222994950152,0.132598221302032,123.939453125
Tibet,1756,-0.626683330535889,61,118.010772705078,5181,0.042174245586323,0.0182189183365156,0.0244374209082694,-0.0559222994950152,0.132598221302032,123.939453125
Tibet,1757,-0.623416662216187,73,112.371559143066,5235,0.042174245586323,0.0182189183365156,0.0244374209082694,-0.0559222994950152,0.132598221302032,123.939453125
Tibet,1758,-0.47848334312439,77,110.058143615723,4995,0.042174245586323,0.0182189183365156,0.0244374209082694,-0.0559222994950152,0.132598221302032,123.939453125
Tibet,1759,-0.695483303070068,100,112.77409362793,5287,0.042174245586323,0.0182189183365156,0.0244374209082694,-0.0559222994950152,0.132598221302032,123.939453125
Tibet,1760,-0.814416694641113,118,121.496849060059,5482,0.042174245586323,0.0182189183365156,0.0244374209082694,-0.0559222994950152,0.132598221302032,123.939453125
Tibet,1761,-0.683099985122681,131,115.806312561035,5192,0.042174245586323,0.0182189183365156,0.0244374209082694,-0.0559222994950152,0.132598221302032,123.939453125
Tibet,1762,-0.521483325958252,148,112.810180664063,4968,0.042174245586323,0.0182189183365156,0.0244374209082694,-0.0559222994950152,0.132598221302032,123.939453125
Tibet,1763,-0.682100009918213,178,118.856300354004,5185,0.042174245586323,0.0182189183365156,0.0244374209082694,-0.0559222994950152,0.132598221302032,123.939453125
Tibet,1764,-0.50310001373291,189,117.298278808594,4907,0.042174245586323,0.0182189183365156,0.0244374209082694,-0.0559222994950152,0.132598221302032,123.939453125
Tibet,1765,-0.517999982833862,208,117.846954345703,4897,0.042174245586323,0.0182189183365156,0.0244374209082694,-0.0559222994950152,0.132598221302032,123.939453125
Tibet,1766,-0.63600001335144,234,119.89395904541,5030,0.042174245586323,0.0182189183365156,0.0244374209082694,-0.0559222994950152,0.132598221302032,123.939453125
Tibet,1820,-0.223416662216187,72,82.8526611328125,4676,0.042174245586323,0.0182189183365156,0.0244374209082694,-0.0559222994950152,0.132598221302032,123.939453125
Tibet,1821,-0.29391667842865,51,109.307144165039,4849,0.042174245586323,0.0182189183365156,0.0244374209082694,-0.0559222994950152,0.132598221302032,123.939453125
Tibet,1822,-0.313850021362305,40,114.048202514648,4773,0.042174245586323,0.0182189183365156,0.0244374209082694,-0.0559222994950152,0.132598221302032,123.939453125
Tibet,1823,-0.403733348846436,33,127.699142456055,4871,0.042174245586323,0.0182189183365156,0.0244374209082694,-0.0559222994950152,0.132598221302032,123.939453125
Tibet,1824,-0.590299987792969,39,133.52717590332,5195,0.042174245586323,0.0182189183365156,0.0244374209082694,-0.0559222994950152,0.132598221302032,123.939453125
Tibet,1825,-0.478916645050049,37,118.354553222656,4938,0.042174245586323,0.0182189183365156,0.0244374209082694,-0.0559222994950152,0.132598221302032,123.939453125
Tibet,1826,-1.00376663208008,63,118.389190673828,5570,0.042174245586323,0.0182189183365156,0.0244374209082694,-0.0559222994950152,0.132598221302032,123.939453125
Tibet,1827,-0.658433341979981,53,120.021514892578,5251,0.042174245586323,0.0182189183365156,0.0244374209082694,-0.0559222994950152,0.132598221302032,123.939453125
Tibet,1828,-0.779900026321411,64,115.113296508789,5408,0.042174245586323,0.0182189183365156,0.0244374209082694,-0.0559222994950152,0.132598221302032,123.939453125
Tibet,1829,-0.518233346939087,56,114.695594787598,5011,0.042174245586323,0.0182189183365156,0.0244374209082694,-0.0559222994950152,0.132598221302032,123.939453125
Tibet,1830,-0.520966672897339,67,114.306991577148,5030,0.042174245586323,0.0182189183365156,0.0244374209082694,-0.0559222994950152,0.132598221302032,123.939453125
Tibet,1831,-0.723466682434082,82,117.360153198242,5308,0.042174245586323,0.0182189183365156,0.0244374209082694,-0.0559222994950152,0.132598221302032,123.939453125
Tibet,1832,-0.758533334732056,98,118.579116821289,5305,0.042174245586323,0.0182189183365156,0.0244374209082694,-0.0559222994950152,0.132598221302032,123.939453125
Tibet,1833,-0.606883335113525,102,117.173118591309,5029,0.042174245586323,0.0182189183365156,0.0244374209082694,-0.0559222994950152,0.132598221302032,123.939453125
Tibet,1834,-0.510949993133545,115,116.594421386719,4887,0.042174245586323,0.0182189183365156,0.0244374209082694,-0.0559222994950152,0.132598221302032,123.939453125
Tibet,1835,-0.506816673278809,134,116.069297790527,4816,0.042174245586323,0.0182189183365156,0.0244374209082694,-0.0559222994950152,0.132598221302032,123.939453125
Tibet,1836,-0.574816656112671,159,119.621475219727,4959,0.042174245586323,0.0182189183365156,0.0244374209082694,-0.0559222994950152,0.132598221302032,123.939453125
Tibet,1837,-0.615383338928223,179,119.730667114258,4962,0.042174245586323,0.0182189183365156,0.0244374209082694,-0.0559222994950152,0.132598221302032,123.939453125
Tibet,1838,-0.80334997177124,215,123.121536254883,5260,0.042174245586323,0.0182189183365156,0.0244374209082694,-0.0559222994950152,0.132598221302032,123.939453125
Tibet,1839,-0.567049980163574,201,117.050178527832,4787,0.042174245586323,0.0182189183365156,0.0244374209082694,-0.0559222994950152,0.132598221302032,123.939453125
Tibet,1893,-0.687083339691162,81,111.965103149414,5278,0.042174245586323,0.0182189183365156,0.0244374209082694,-0.0559222994950152,0.132598221302032,123.939453125
Tibet,1894,-0.782350015640259,64,127.26912689209,5408,0.042174245586323,0.0182189183365156,0.0244374209082694,-0.0559222994950152,0.132598221302032,123.939453125
Tibet,1895,-1.10708332061768,81,136.790237426758,6007,0.042174245586323,0.0182189183365156,0.0244374209082694,-0.0559222994950152,0.132598221302032,123.939453125
Tibet,1896,-0.713466644287109,50,124.844055175781,5335,0.042174245586323,0.0182189183365156,0.0244374209082694,-0.0559222994950152,0.132598221302032,123.939453125
Tibet,1897,-0.809949970245361,47,134.203201293945,5411,0.042174245586323,0.0182189183365156,0.0244374209082694,-0.0559222994950152,0.132598221302032,123.939453125
Tibet,1898,-0.998000049591064,56,122.107940673828,5544,0.042174245586323,0.0182189183365156,0.0244374209082694,-0.0559222994950152,0.132598221302032,123.939453125
Tibet,1899,-0.653533315658569,49,116.972381591797,5166,0.042174245586323,0.0182189183365156,0.0244374209082694,-0.0559222994950152,0.132598221302032,123.939453125
Tibet,1900,-0.671183347702026,50,123.196479797363,5196,0.042174245586323,0.0182189183365156,0.0244374209082694,-0.0559222994950152,0.132598221302032,123.939453125
Tibet,1901,-0.624383306503296,53,117.411567687988,5096,0.042174245586323,0.0182189183365156,0.0244374209082694,-0.0559222994950152,0.132598221302032,123.939453125
Tibet,1902,-0.737316656112671,63,118.977462768555,5210,0.042174245586323,0.0182189183365156,0.0244374209082694,-0.0559222994950152,0.132598221302032,123.939453125
Tibet,1903,-0.665266704559326,67,118.45238494873,5078,0.042174245586323,0.0182189183365156,0.0244374209082694,-0.0559222994950152,0.132598221302032,123.939453125
Tibet,1904,-0.592766666412354,73,118.033592224121,4952,0.042174245586323,0.0182189183365156,0.0244374209082694,-0.0559222994950152,0.132598221302032,123.939453125
Tibet,1905,-0.596416664123535,86,119.500686645508,4962,0.042174245586323,0.0182189183365156,0.0244374209082694,-0.0559222994950152,0.132598221302032,123.939453125
Tibet,1906,-0.645116662979126,101,118.725677490234,4996,0.042174245586323,0.0182189183365156,0.0244374209082694,-0.0559222994950152,0.132598221302032,123.939453125
Tibet,1907,-0.584233331680298,117,116.397399902344,4904,0.042174245586323,0.0182189183365156,0.0244374209082694,-0.0559222994950152,0.132598221302032,123.939453125
Tibet,1908,-0.593716669082642,130,122.506507873535,4909,0.042174245586323,0.0182189183365156,0.0244374209082694,-0.0559222994950152,0.132598221302032,123.939453125
Tibet,1909,-0.770616674423218,164,122.359413146973,5211,0.042174245586323,0.0182189183365156,0.0244374209082694,-0.0559222994950152,0.132598221302032,123.939453125
Tibet,1910,-0.752666664123535,182,121.120956420898,5129,0.042174245586323,0.0182189183365156,0.0244374209082694,-0.0559222994950152,0.132598221302032,123.939453125
Tibet,1911,-0.832183361053467,203,123.123710632324,5218,0.042174245586323,0.0182189183365156,0.0244374209082694,-0.0559222994950152,0.132598221302032,123.939453125
Tibet,1912,-0.77238335609436,201,121.999061584473,5024,0.042174245586323,0.0182189183365156,0.0244374209082694,-0.0559222994950152,0.132598221302032,123.939453125
Tibet,1913,-0.753516674041748,210,122.927742004395,4980,0.042174245586323,0.0182189183365156,0.0244374209082694,-0.0559222994950152,0.132598221302032,123.939453125
Tibet,1969,-0.775233316421509,50,124.844055175781,5317,0.042174245586323,0.0182189183365156,0.0244374209082694,-0.0559222994950152,0.132598221302032,123.939453125
Tibet,1970,-0.708550024032593,42,125.529182434082,5211,0.042174245586323,0.0182189183365156,0.0244374209082694,-0.0559222994950152,0.132598221302032,123.939453125
Tibet,1971,-0.735033369064331,44,124.390907287598,5226,0.042174245586323,0.0182189183365156,0.0244374209082694,-0.0559222994950152,0.132598221302032,123.939453125
Tibet,1972,-0.64801664352417,44,122.019187927246,5098,0.042174245586323,0.0182189183365156,0.0244374209082694,-0.0559222994950152,0.132598221302032,123.939453125
Tibet,1973,-0.892616653442383,56,129.314498901367,5418,0.042174245586323,0.0182189183365156,0.0244374209082694,-0.0559222994950152,0.132598221302032,123.939453125
Tibet,1974,-0.581233310699463,49,114.541000366211,4900,0.042174245586323,0.0182189183365156,0.0244374209082694,-0.0559222994950152,0.132598221302032,123.939453125
Tibet,1977,-0.612333345413208,73,123.582878112793,4940,0.042174245586323,0.0182189183365156,0.0244374209082694,-0.0559222994950152,0.132598221302032,123.939453125
Tibet,1978,-0.640833330154419,89,121.319175720215,4987,0.042174245586323,0.0182189183365156,0.0244374209082694,-0.0559222994950152,0.132598221302032,123.939453125
Tibet,1979,-0.901700019836426,118,124.457290649414,5355,0.042174245586323,0.0182189183365156,0.0244374209082694,-0.0559222994950152,0.132598221302032,123.939453125
Tibet,1980,-0.681750011444092,116,125.354614257813,5016,0.042174245586323,0.0182189183365156,0.0244374209082694,-0.0559222994950152,0.132598221302032,123.939453125
Tibet,1981,-0.608183336257935,123,124.912536621094,4829,0.042174245586323,0.0182189183365156,0.0244374209082694,-0.0559222994950152,0.132598221302032,123.939453125
Tibet,1982,-0.643183326721191,145,119.546089172363,4810,0.042174245586323,0.0182189183365156,0.0244374209082694,-0.0559222994950152,0.132598221302032,123.939453125
Tibet,1983,-0.712349987030029,162,124.224975585938,4932,0.042174245586323,0.0182189183365156,0.0244374209082694,-0.0559222994950152,0.132598221302032,123.939453125
Tibet,1984,-0.792816686630249,187,122.896194458008,5057,0.042174245586323,0.0182189183365156,0.0244374209082694,-0.0559222994950152,0.132598221302032,123.939453125
Tibet,1985,-0.710783338546753,186,122.785926818848,4885,0.042174245586323,0.0182189183365156,0.0244374209082694,-0.0559222994950152,0.132598221302032,123.939453125
Tibet,2045,-1.37368335723877,88,125.47509765625,6045,0.042174245586323,0.0182189183365156,0.0244374209082694,-0.0559222994950152,0.132598221302032,123.939453125
Xinjiang,1967,-0.944733333587646,72,129.935043334961,5597,0.0491553825225537,0.0112249258649716,0.0365092249655955,0.138596983544164,0.281956881284714,41.6846771240234
Xinjiang,1968,-0.710766649246216,47,129.642135620117,5218,0.0491553825225537,0.0112249258649716,0.0365092249655955,0.138596983544164,0.281956881284714,41.6846771240234
Xinjiang,1975,-0.629283332824707,56,120.474052429199,5001,0.0491553825225537,0.0112249258649716,0.0365092249655955,0.138596983544164,0.281956881284714,41.6846771240234
Xinjiang,1976,-0.582866668701172,62,123.272979736328,4924,0.0491553825225537,0.0112249258649716,0.0365092249655955,0.138596983544164,0.281956881284714,41.6846771240234
Xinjiang,1986,-0.627433347702026,178,121.988067626953,4737,0.0491553825225537,0.0112249258649716,0.0365092249655955,0.138596983544164,0.281956881284714,41.6846771240234
Xinjiang,1987,-0.931400012969971,223,122.135810852051,5154,0.0491553825225537,0.0112249258649716,0.0365092249655955,0.138596983544164,0.281956881284714,41.6846771240234
Xinjiang,1988,-0.809500026702881,197,121.858772277832,4904,0.0491553825225537,0.0112249258649716,0.0365092249655955,0.138596983544164,0.281956881284714,41.6846771240234
Xinjiang,2041,-1.05895004272461,95,120.167900085449,5720,0.0491553825225537,0.0112249258649716,0.0365092249655955,0.138596983544164,0.281956881284714,41.6846771240234
Xinjiang,2042,-0.814383316040039,62,133.334442138672,5343,0.0491553825225537,0.0112249258649716,0.0365092249655955,0.138596983544164,0.281956881284714,41.6846771240234
Xinjiang,2043,-0.545849990844727,43,124.975730895996,4938,0.0491553825225537,0.0112249258649716,0.0365092249655955,0.138596983544164,0.281956881284714,41.6846771240234
Xinjiang,2044,-0.511066675186157,39,127.748176574707,4993,0.0491553825225537,0.0112249258649716,0.0365092249655955,0.138596983544164,0.281956881284714,41.6846771240234
Xinjiang,2046,-1.67910003662109,93,140.658401489258,6341,0.0491553825225537,0.0112249258649716,0.0365092249655955,0.138596983544164,0.281956881284714,41.6846771240234
Xinjiang,2047,-0.833300018310547,51,130.236129760742,5280,0.0491553825225537,0.0112249258649716,0.0365092249655955,0.138596983544164,0.281956881284714,41.6846771240234
Xinjiang,2048,-1.43301668167114,98,119.21607208252,6031,0.0491553825225537,0.0112249258649716,0.0365092249655955,0.138596983544164,0.281956881284714,41.6846771240234
Xinjiang,2049,-0.829150009155273,61,123.104888916016,5231,0.0491553825225537,0.0112249258649716,0.0365092249655955,0.138596983544164,0.281956881284714,41.6846771240234
Xinjiang,2050,-0.618566656112671,62,121.515106201172,4967,0.0491553825225537,0.0112249258649716,0.0365092249655955,0.138596983544164,0.281956881284714,41.6846771240234
Xinjiang,2051,-0.781483316421509,78,123.713584899902,5199,0.0491553825225537,0.0112249258649716,0.0365092249655955,0.138596983544164,0.281956881284714,41.6846771240234
Xinjiang,2052,-0.783850002288818,86,123.538749694824,5114,0.0491553825225537,0.0112249258649716,0.0365092249655955,0.138596983544164,0.281956881284714,41.6846771240234
Xinjiang,2053,-0.767716646194458,96,124.72191619873,5082,0.0491553825225537,0.0112249258649716,0.0365092249655955,0.138596983544164,0.281956881284714,41.6846771240234
Xinjiang,2054,-0.810400009155273,111,126.667129516602,5126,0.0491553825225537,0.0112249258649716,0.0365092249655955,0.138596983544164,0.281956881284714,41.6846771240234
Xinjiang,2055,-0.806266689300537,124,127.440010070801,5099,0.0491553825225537,0.0112249258649716,0.0365092249655955,0.138596983544164,0.281956881284714,41.6846771240234
Xinjiang,2056,-0.959683322906494,152,124.735404968262,5271,0.0491553825225537,0.0112249258649716,0.0365092249655955,0.138596983544164,0.281956881284714,41.6846771240234
Xinjiang,2057,-1.55474996566772,230,122.904541015625,5982,0.0491553825225537,0.0112249258649716,0.0365092249655955,0.138596983544164,0.281956881284714,41.6846771240234
Xinjiang,2058,-0.779899978637695,160,128.34635925293,4955,0.0491553825225537,0.0112249258649716,0.0365092249655955,0.138596983544164,0.281956881284714,41.6846771240234
Xinjiang,2059,-0.914433288574219,193,122.137687683105,5154,0.0491553825225537,0.0112249258649716,0.0365092249655955,0.138596983544164,0.281956881284714,41.6846771240234
Xinjiang,2060,-0.672600030899048,170,120.886383056641,4717,0.0491553825225537,0.0112249258649716,0.0365092249655955,0.138596983544164,0.281956881284714,41.6846771240234
Xinjiang,2061,-0.708633327484131,182,119.676467895508,4767,0.0491553825225537,0.0112249258649716,0.0365092249655955,0.138596983544164,0.281956881284714,41.6846771240234
Xinjiang,2062,-0.721500015258789,181,119.140670776367,4744,0.0491553825225537,0.0112249258649716,0.0365092249655955,0.138596983544164,0.281956881284714,41.6846771240234
Xinjiang,2063,-0.594199991226196,167,117.147087097168,4592,0.0491553825225537,0.0112249258649716,0.0365092249655955,0.138596983544164,0.281956881284714,41.6846771240234
Xinjiang,2117,-0.993316650390625,86,121.984275817871,5580,0.0491553825225537,0.0112249258649716,0.0365092249655955,0.138596983544164,0.281956881284714,41.6846771240234
Xinjiang,2118,-0.732200002670288,67,128.639221191406,5284,0.0491553825225537,0.0112249258649716,0.0365092249655955,0.138596983544164,0.281956881284714,41.6846771240234
Xinjiang,2119,-0.578249979019165,50,129.398300170898,5019,0.0491553825225537,0.0112249258649716,0.0365092249655955,0.138596983544164,0.281956881284714,41.6846771240234
Xinjiang,2120,-1.50986661911011,96,129.403366088867,6084,0.0491553825225537,0.0112249258649716,0.0365092249655955,0.138596983544164,0.281956881284714,41.6846771240234
Xinjiang,2121,-0.658033323287964,49,116.972381591797,4933,0.0491553825225537,0.0112249258649716,0.0365092249655955,0.138596983544164,0.281956881284714,41.6846771240234
Xinjiang,2122,-0.715250015258789,45,127.940116882324,5003,0.0491553825225537,0.0112249258649716,0.0365092249655955,0.138596983544164,0.281956881284714,41.6846771240234
Xinjiang,2123,-0.681033325195313,49,119.648651123047,4912,0.0491553825225537,0.0112249258649716,0.0365092249655955,0.138596983544164,0.281956881284714,41.6846771240234
Xinjiang,2124,-0.486016654968262,45,119.4716796875,4728,0.0491553825225537,0.0112249258649716,0.0365092249655955,0.138596983544164,0.281956881284714,41.6846771240234
Xinjiang,2125,-0.392400002479553,46,120.586608886719,4547,0.0491553825225537,0.0112249258649716,0.0365092249655955,0.138596983544164,0.281956881284714,41.6846771240234
Xinjiang,2126,-0.682266664505005,65,123.332496643066,4935,0.0491553825225537,0.0112249258649716,0.0365092249655955,0.138596983544164,0.281956881284714,41.6846771240234
Xinjiang,2127,-0.766016674041748,78,123.058662414551,5030,0.0491553825225537,0.0112249258649716,0.0365092249655955,0.138596983544164,0.281956881284714,41.6846771240234
Xinjiang,2128,-0.665083312988281,81,125.960502624512,4877,0.0491553825225537,0.0112249258649716,0.0365092249655955,0.138596983544164,0.281956881284714,41.6846771240234
Xinjiang,2129,-0.583799982070923,85,126.101554870605,4769,0.0491553825225537,0.0112249258649716,0.0365092249655955,0.138596983544164,0.281956881284714,41.6846771240234
Xinjiang,2130,-0.693449974060059,107,125.983177185059,4887,0.0491553825225537,0.0112249258649716,0.0365092249655955,0.138596983544164,0.281956881284714,41.6846771240234
Xinjiang,2131,-0.708599996566773,119,128.568542480469,4908,0.0491553825225537,0.0112249258649716,0.0365092249655955,0.138596983544164,0.281956881284714,41.6846771240234
Xinjiang,2132,-0.662449979782105,131,126.885108947754,4815,0.0491553825225537,0.0112249258649716,0.0365092249655955,0.138596983544164,0.281956881284714,41.6846771240234
Xinjiang,2133,-0.63033332824707,130,127.084518432617,4643,0.0491553825225537,0.0112249258649716,0.0365092249655955,0.138596983544164,0.281956881284714,41.6846771240234
Xinjiang,2134,-0.643149995803833,142,126.601127624512,4657,0.0491553825225537,0.0112249258649716,0.0365092249655955,0.138596983544164,0.281956881284714,41.6846771240234
Xinjiang,2135,-0.416400003433228,131,124.439804077148,4269,0.0491553825225537,0.0112249258649716,0.0365092249655955,0.138596983544164,0.281956881284714,41.6846771240234
Xinjiang,2136,-0.523850011825562,139,124.619186401367,4361,0.0491553825225537,0.0112249258649716,0.0365092249655955,0.138596983544164,0.281956881284714,41.6846771240234
Xinjiang,2137,-0.352533340454102,126,121.428176879883,4092,0.0491553825225537,0.0112249258649716,0.0365092249655955,0.138596983544164,0.281956881284714,41.6846771240234
Xinjiang,2138,-0.358399987220764,124,121.643356323242,4098,0.0491553825225537,0.0112249258649716,0.0365092249655955,0.138596983544164,0.281956881284714,41.6846771240234
Xinjiang,2139,-0.492000007629395,138,117.104461669922,4316,0.0491553825225537,0.0112249258649716,0.0365092249655955,0.138596983544164,0.281956881284714,41.6846771240234
Xinjiang,2194,-0.924033355712891,82,107.476013183594,5374,0.0491553825225537,0.0112249258649716,0.0365092249655955,0.138596983544164,0.281956881284714,41.6846771240234
Xinjiang,2195,-1.04449996948242,84,120.132499694824,5542,0.0491553825225537,0.0112249258649716,0.0365092249655955,0.138596983544164,0.281956881284714,41.6846771240234
Xinjiang,2196,-0.599683332443237,55,122.540199279785,4880,0.0491553825225537,0.0112249258649716,0.0365092249655955,0.138596983544164,0.281956881284714,41.6846771240234
Xinjiang,2197,-0.614116668701172,56,125.311813354492,5052,0.0491553825225537,0.0112249258649716,0.0365092249655955,0.138596983544164,0.281956881284714,41.6846771240234
Xinjiang,2198,-0.75475001335144,55,123.724380493164,5026,0.0491553825225537,0.0112249258649716,0.0365092249655955,0.138596983544164,0.281956881284714,41.6846771240234
Xinjiang,2199,0.245383334159851,31,95.536865234375,3407,0.0491553825225537,0.0112249258649716,0.0365092249655955,0.138596983544164,0.281956881284714,41.6846771240234
Xinjiang,2200,0.706183338165283,29,86.876091003418,2590,0.0491553825225537,0.0112249258649716,0.0365092249655955,0.138596983544164,0.281956881284714,41.6846771240234
Xinjiang,2201,0.741249990463257,33,82.8775405883789,2462,0.0491553825225537,0.0112249258649716,0.0365092249655955,0.138596983544164,0.281956881284714,41.6846771240234
Xinjiang,2202,0.583900022506714,32,96.8318557739258,2604,0.0491553825225537,0.0112249258649716,0.0365092249655955,0.138596983544164,0.281956881284714,41.6846771240234
Xinjiang,2203,0.229566669464111,39,103.356689453125,3189,0.0491553825225537,0.0112249258649716,0.0365092249655955,0.138596983544164,0.281956881284714,41.6846771240234
Xinjiang,2204,0.519566679000855,37,102.558982849121,2730,0.0491553825225537,0.0112249258649716,0.0365092249655955,0.138596983544164,0.281956881284714,41.6846771240234
Xinjiang,2205,0.43144998550415,40,105.675422668457,2844,0.0491553825225537,0.0112249258649716,0.0365092249655955,0.138596983544164,0.281956881284714,41.6846771240234
Xinjiang,2206,-0.209116673469543,64,117.837478637695,3954,0.0491553825225537,0.0112249258649716,0.0365092249655955,0.138596983544164,0.281956881284714,41.6846771240234
Xinjiang,2207,-0.763600015640259,98,124.194175720215,4773,0.0491553825225537,0.0112249258649716,0.0365092249655955,0.138596983544164,0.281956881284714,41.6846771240234
Xinjiang,2208,-0.466466665267944,93,120.370483398438,4343,0.0491553825225537,0.0112249258649716,0.0365092249655955,0.138596983544164,0.281956881284714,41.6846771240234
Xinjiang,2209,-0.773749971389771,121,129.123657226563,4858,0.0491553825225537,0.0112249258649716,0.0365092249655955,0.138596983544164,0.281956881284714,41.6846771240234
Xinjiang,2210,-0.439833354949951,104,126.800086975098,4278,0.0491553825225537,0.0112249258649716,0.0365092249655955,0.138596983544164,0.281956881284714,41.6846771240234
Xinjiang,2211,-0.580483341217041,135,126.374908447266,4578,0.0491553825225537,0.0112249258649716,0.0365092249655955,0.138596983544164,0.281956881284714,41.6846771240234
Xinjiang,2212,-1.05430002212524,197,123.446998596191,5264,0.0491553825225537,0.0112249258649716,0.0365092249655955,0.138596983544164,0.281956881284714,41.6846771240234
Xinjiang,2213,-0.912800025939941,180,125.453720092773,4992,0.0491553825225537,0.0112249258649716,0.0365092249655955,0.138596983544164,0.281956881284714,41.6846771240234
Xinjiang,2214,-0.50368332862854,141,123.700469970703,4324,0.0491553825225537,0.0112249258649716,0.0365092249655955,0.138596983544164,0.281956881284714,41.6846771240234
Xinjiang,2215,-0.308400011062622,110,123.12654876709,3876,0.0491553825225537,0.0112249258649716,0.0365092249655955,0.138596983544164,0.281956881284714,41.6846771240234
Xinjiang,2216,-0.37114999294281,121,120.342613220215,4043,0.0491553825225537,0.0112249258649716,0.0365092249655955,0.138596983544164,0.281956881284714,41.6846771240234
Xinjiang,2217,-0.542733335494995,149,116.792411804199,4451,0.0491553825225537,0.0112249258649716,0.0365092249655955,0.138596983544164,0.281956881284714,41.6846771240234
Xinjiang,2271,-1.28810005187988,120,92.3033599853516,5876,0.0491553825225537,0.0112249258649716,0.0365092249655955,0.138596983544164,0.281956881284714,41.6846771240234
Xinjiang,2272,-0.547183322906494,67,100.018203735352,4991,0.0491553825225537,0.0112249258649716,0.0365092249655955,0.138596983544164,0.281956881284714,41.6846771240234
Xinjiang,2273,-0.798216676712036,71,120.877769470215,5275,0.0491553825225537,0.0112249258649716,0.0365092249655955,0.138596983544164,0.281956881284714,41.6846771240234
Xinjiang,2274,-0.137966656684876,39,112.675712585449,4234,0.0491553825225537,0.0112249258649716,0.0365092249655955,0.138596983544164,0.281956881284714,41.6846771240234
Xinjiang,2275,0.241833329200745,28,91.6515121459961,3232,0.0491553825225537,0.0112249258649716,0.0365092249655955,0.138596983544164,0.281956881284714,41.6846771240234
Xinjiang,2276,0.691149997711182,27,76.6428451538086,2420,0.0491553825225537,0.0112249258649716,0.0365092249655955,0.138596983544164,0.281956881284714,41.6846771240234
Xinjiang,2277,-0.292216658592224,43,115.62264251709,4181,0.0491553825225537,0.0112249258649716,0.0365092249655955,0.138596983544164,0.281956881284714,41.6846771240234
Xinjiang,2278,1.12481670379639,34,71.0803375244141,1768,0.0491553825225537,0.0112249258649716,0.0365092249655955,0.138596983544164,0.281956881284714,41.6846771240234
Xinjiang,2279,1.23463335037231,38,65.393913269043,1504,0.0491553825225537,0.0112249258649716,0.0365092249655955,0.138596983544164,0.281956881284714,41.6846771240234
Xinjiang,2280,1.23286666870117,38,69.2820358276367,1447,0.0491553825225537,0.0112249258649716,0.0365092249655955,0.138596983544164,0.281956881284714,41.6846771240234
Xinjiang,2281,1.19203338623047,35,81.8024063110352,1485,0.0491553825225537,0.0112249258649716,0.0365092249655955,0.138596983544164,0.281956881284714,41.6846771240234
Xinjiang,2282,1.1621000289917,32,77.4305648803711,1438,0.0491553825225537,0.0112249258649716,0.0365092249655955,0.138596983544164,0.281956881284714,41.6846771240234
Xinjiang,2283,1.04448337554932,30,88.2734832763672,1658,0.0491553825225537,0.0112249258649716,0.0365092249655955,0.138596983544164,0.281956881284714,41.6846771240234
Xinjiang,2284,0.961216640472412,32,92.5472259521484,1758,0.0491553825225537,0.0112249258649716,0.0365092249655955,0.138596983544164,0.281956881284714,41.6846771240234
Xinjiang,2285,0.860916709899902,37,103.616775512695,1936,0.0491553825225537,0.0112249258649716,0.0365092249655955,0.138596983544164,0.281956881284714,41.6846771240234
Xinjiang,2286,0.695450019836426,43,109.865020751953,2163,0.0491553825225537,0.0112249258649716,0.0365092249655955,0.138596983544164,0.281956881284714,41.6846771240234
Xinjiang,2287,0.63066668510437,51,109.307144165039,2241,0.0491553825225537,0.0112249258649716,0.0365092249655955,0.138596983544164,0.281956881284714,41.6846771240234
Xinjiang,2288,0.00376666039228439,77,120.933349609375,3287,0.0491553825225537,0.0112249258649716,0.0365092249655955,0.138596983544164,0.281956881284714,41.6846771240234
Xinjiang,2289,0.0489499986171722,81,121.183578491211,3263,0.0491553825225537,0.0112249258649716,0.0365092249655955,0.138596983544164,0.281956881284714,41.6846771240234
Xinjiang,2290,-0.431683349609375,121,123.858032226563,4064,0.0491553825225537,0.0112249258649716,0.0365092249655955,0.138596983544164,0.281956881284714,41.6846771240234
Xinjiang,2291,-0.467183351516724,134,123.204620361328,4186,0.0491553825225537,0.0112249258649716,0.0365092249655955,0.138596983544164,0.281956881284714,41.6846771240234
Xinjiang,2292,-0.343266654014587,121,121.627174377441,3931,0.0491553825225537,0.0112249258649716,0.0365092249655955,0.138596983544164,0.281956881284714,41.6846771240234
Xinjiang,2293,-0.131200015544891,96,120.604537963867,3535,0.0491553825225537,0.0112249258649716,0.0365092249655955,0.138596983544164,0.281956881284714,41.6846771240234
Xinjiang,2294,-0.108200001716614,91,118.026252746582,3568,0.0491553825225537,0.0112249258649716,0.0365092249655955,0.138596983544164,0.281956881284714,41.6846771240234
Xinjiang,2295,0.159433341026306,61,106.407745361328,2954,0.0491553825225537,0.0112249258649716,0.0365092249655955,0.138596983544164,0.281956881284714,41.6846771240234
Xinjiang,2343,-0.919149971008301,112,61.5290908813477,5271,0.0491553825225537,0.0112249258649716,0.0365092249655955,0.138596983544164,0.281956881284714,41.6846771240234
Xinjiang,2344,-0.114383327960968,43,74.6924591064453,4123,0.0491553825225537,0.0112249258649716,0.0365092249655955,0.138596983544164,0.281956881284714,41.6846771240234
Xinjiang,2345,-0.235500001907349,43,97.3333435058594,4289,0.0491553825225537,0.0112249258649716,0.0365092249655955,0.138596983544164,0.281956881284714,41.6846771240234
Xinjiang,2346,-0.53638334274292,51,107.174118041992,4552,0.0491553825225537,0.0112249258649716,0.0365092249655955,0.138596983544164,0.281956881284714,41.6846771240234
Xinjiang,2347,-0.499266672134399,50,110.980697631836,4369,0.0491553825225537,0.0112249258649716,0.0365092249655955,0.138596983544164,0.281956881284714,41.6846771240234
Xinjiang,2348,0.30164999961853,30,100.092720031738,3315,0.0491553825225537,0.0112249258649716,0.0365092249655955,0.138596983544164,0.281956881284714,41.6846771240234
Xinjiang,2349,1.15670003890991,31,64.585578918457,1673,0.0491553825225537,0.0112249258649716,0.0365092249655955,0.138596983544164,0.281956881284714,41.6846771240234
Xinjiang,2350,1.25656661987305,39,60.3022689819336,1365,0.0491553825225537,0.0112249258649716,0.0365092249655955,0.138596983544164,0.281956881284714,41.6846771240234
Xinjiang,2351,1.29031667709351,39,61.9490509033203,1328,0.0491553825225537,0.0112249258649716,0.0365092249655955,0.138596983544164,0.281956881284714,41.6846771240234
Xinjiang,2352,1.27058334350586,37,71.9382858276367,1327,0.0491553825225537,0.0112249258649716,0.0365092249655955,0.138596983544164,0.281956881284714,41.6846771240234
Xinjiang,2353,1.24221668243408,34,73.6451797485352,1382,0.0491553825225537,0.0112249258649716,0.0365092249655955,0.138596983544164,0.281956881284714,41.6846771240234
Xinjiang,2354,1.20750007629395,33,78.0572204589844,1363,0.0491553825225537,0.0112249258649716,0.0365092249655955,0.138596983544164,0.281956881284714,41.6846771240234
Xinjiang,2355,1.18561668395996,31,76.6191558837891,1333,0.0491553825225537,0.0112249258649716,0.0365092249655955,0.138596983544164,0.281956881284714,41.6846771240234
Xinjiang,2356,1.14729995727539,25,89.0438842773438,1333,0.0491553825225537,0.0112249258649716,0.0365092249655955,0.138596983544164,0.281956881284714,41.6846771240234
Xinjiang,2357,1.1257833480835,26,87.0918579101563,1315,0.0491553825225537,0.0112249258649716,0.0365092249655955,0.138596983544164,0.281956881284714,41.6846771240234
Xinjiang,2358,1.12805004119873,29,100.197196960449,1321,0.0491553825225537,0.0112249258649716,0.0365092249655955,0.138596983544164,0.281956881284714,41.6846771240234
Xinjiang,2359,1.05804996490479,35,94.5704956054688,1391,0.0491553825225537,0.0112249258649716,0.0365092249655955,0.138596983544164,0.281956881284714,41.6846771240234
Xinjiang,2360,1.008899974823,39,96.8195037841797,1432,0.0491553825225537,0.0112249258649716,0.0365092249655955,0.138596983544164,0.281956881284714,41.6846771240234
Xinjiang,2361,0.927933311462402,43,97.3333435058594,1480,0.0491553825225537,0.0112249258649716,0.0365092249655955,0.138596983544164,0.281956881284714,41.6846771240234
Xinjiang,2362,0.43459997177124,61,115.910461425781,2408,0.0491553825225537,0.0112249258649716,0.0365092249655955,0.138596983544164,0.281956881284714,41.6846771240234
Xinjiang,2363,0.304100012779236,71,118.335762023926,2658,0.0491553825225537,0.0112249258649716,0.0365092249655955,0.138596983544164,0.281956881284714,41.6846771240234
Xinjiang,2364,-0.190316665172577,105,120.336624145508,3556,0.0491553825225537,0.0112249258649716,0.0365092249655955,0.138596983544164,0.281956881284714,41.6846771240234
Xinjiang,2365,-0.108166670799255,103,117.42204284668,3448,0.0491553825225537,0.0112249258649716,0.0365092249655955,0.138596983544164,0.281956881284714,41.6846771240234
Xinjiang,2366,-0.403466653823853,128,114.493316650391,3947,0.0491553825225537,0.0112249258649716,0.0365092249655955,0.138596983544164,0.281956881284714,41.6846771240234
Xinjiang,2367,-0.00658333078026772,76,117.783821105957,3169,0.0491553825225537,0.0112249258649716,0.0365092249655955,0.138596983544164,0.281956881284714,41.6846771240234
Xinjiang,2368,-0.242716670036316,95,118.442794799805,3653,0.0491553825225537,0.0112249258649716,0.0365092249655955,0.138596983544164,0.281956881284714,41.6846771240234
Xinjiang,2415,0.0480833381414414,54,68.2506561279297,4023,0.0491553825225537,0.0112249258649716,0.0365092249655955,0.138596983544164,0.281956881284714,41.6846771240234
Xinjiang,2416,-0.692799997329712,72,84.8440704345703,4940,0.0491553825225537,0.0112249258649716,0.0365092249655955,0.138596983544164,0.281956881284714,41.6846771240234
Xinjiang,2417,-0.207316660881042,44,94.6627655029297,4139,0.0491553825225537,0.0112249258649716,0.0365092249655955,0.138596983544164,0.281956881284714,41.6846771240234
Xinjiang,2418,-0.0666666626930237,40,97.5768814086914,3815,0.0491553825225537,0.0112249258649716,0.0365092249655955,0.138596983544164,0.281956881284714,41.6846771240234
Xinjiang,2419,0.805116653442383,23,61.0848121643067,2287,0.0491553825225537,0.0112249258649716,0.0365092249655955,0.138596983544164,0.281956881284714,41.6846771240234
Xinjiang,2420,1.17216663360596,25,59.4147682189941,1678,0.0491553825225537,0.0112249258649716,0.0365092249655955,0.138596983544164,0.281956881284714,41.6846771240234
Xinjiang,2421,1.29053335189819,30,56.4897727966309,1309,0.0491553825225537,0.0112249258649716,0.0365092249655955,0.138596983544164,0.281956881284714,41.6846771240234
Xinjiang,2422,1.27541666030884,34,69.317741394043,1291,0.0491553825225537,0.0112249258649716,0.0365092249655955,0.138596983544164,0.281956881284714,41.6846771240234
Xinjiang,2423,1.28275003433228,34,73.6451797485352,1269,0.0491553825225537,0.0112249258649716,0.0365092249655955,0.138596983544164,0.281956881284714,41.6846771240234
Xinjiang,2424,1.26246671676636,33,73.800163269043,1274,0.0491553825225537,0.0112249258649716,0.0365092249655955,0.138596983544164,0.281956881284714,41.6846771240234
Xinjiang,2425,1.27075004577637,33,73.800163269043,1291,0.0491553825225537,0.0112249258649716,0.0365092249655955,0.138596983544164,0.281956881284714,41.6846771240234
Xinjiang,2426,1.24721670150757,31,81.1079177856445,1271,0.0491553825225537,0.0112249258649716,0.0365092249655955,0.138596983544164,0.281956881284714,41.6846771240234
Xinjiang,2427,1.18748331069946,26,90.1606063842774,1268,0.0491553825225537,0.0112249258649716,0.0365092249655955,0.138596983544164,0.281956881284714,41.6846771240234
Xinjiang,2428,1.15408334732056,24,93.203369140625,1236,0.0491553825225537,0.0112249258649716,0.0365092249655955,0.138596983544164,0.281956881284714,41.6846771240234
Xinjiang,2429,1.12443332672119,24,93.203369140625,1231,0.0491553825225537,0.0112249258649716,0.0365092249655955,0.138596983544164,0.281956881284714,41.6846771240234
Xinjiang,2430,1.12976665496826,26,99.7099761962891,1218,0.0491553825225537,0.0112249258649716,0.0365092249655955,0.138596983544164,0.281956881284714,41.6846771240234
Xinjiang,2431,1.12504997253418,29,100.197196960449,1198,0.0491553825225537,0.0112249258649716,0.0365092249655955,0.138596983544164,0.281956881284714,41.6846771240234
Xinjiang,2432,1.11551666259766,33,100.503784179688,1162,0.0491553825225537,0.0112249258649716,0.0365092249655955,0.138596983544164,0.281956881284714,41.6846771240234
Xinjiang,2433,1.11076669692993,34,97.5027618408203,1102,0.0491553825225537,0.0112249258649716,0.0365092249655955,0.138596983544164,0.281956881284714,41.6846771240234
Xinjiang,2434,1.07874994277954,39,95.2472305297852,1068,0.0491553825225537,0.0112249258649716,0.0365092249655955,0.138596983544164,0.281956881284714,41.6846771240234
Xinjiang,2435,1.02053337097168,40,96.579475402832,1030,0.0491553825225537,0.0112249258649716,0.0365092249655955,0.138596983544164,0.281956881284714,41.6846771240234
Xinjiang,2436,0.852566719055176,45,95.4782257080078,1299,0.0491553825225537,0.0112249258649716,0.0365092249655955,0.138596983544164,0.281956881284714,41.6846771240234
Xinjiang,2437,0.256566667556763,68,112.674110412598,2486,0.0491553825225537,0.0112249258649716,0.0365092249655955,0.138596983544164,0.281956881284714,41.6846771240234
Xinjiang,2438,0.308683323860168,65,111.08814239502,2465,0.0491553825225537,0.0112249258649716,0.0365092249655955,0.138596983544164,0.281956881284714,41.6846771240234
Xinjiang,2439,0.207916665077209,65,111.880340576172,2713,0.0491553825225537,0.0112249258649716,0.0365092249655955,0.138596983544164,0.281956881284714,41.6846771240234
Xinjiang,2440,0.156450009346008,62,107.529159545898,2772,0.0491553825225537,0.0112249258649716,0.0365092249655955,0.138596983544164,0.281956881284714,41.6846771240234
Xinjiang,2441,-0.19853333234787,93,106.556838989258,3555,0.0491553825225537,0.0112249258649716,0.0365092249655955,0.138596983544164,0.281956881284714,41.6846771240234
Xinjiang,2442,0.102866673469543,51,109.307144165039,2971,0.0491553825225537,0.0112249258649716,0.0365092249655955,0.138596983544164,0.281956881284714,41.6846771240234
Xinjiang,2443,0.187999987602234,38,102.761863708496,2798,0.0491553825225537,0.0112249258649716,0.0365092249655955,0.138596983544164,0.281956881284714,41.6846771240234
Xinjiang,2487,-1.14385004043579,161,49.2666091918945,5435,0.0491553825225537,0.0112249258649716,0.0365092249655955,0.138596983544164,0.281956881284714,41.6846771240234
Xinjiang,2488,0.601566648483276,44,78.2460784912109,2968,0.0491553825225537,0.0112249258649716,0.0365092249655955,0.138596983544164,0.281956881284714,41.6846771240234
Xinjiang,2489,-0.0676166832447052,49,81.9552917480469,3838,0.0491553825225537,0.0112249258649716,0.0365092249655955,0.138596983544164,0.281956881284714,41.6846771240234
Xinjiang,2490,0.722916698455811,27,77.7577133178711,2576,0.0491553825225537,0.0112249258649716,0.0365092249655955,0.138596983544164,0.281956881284714,41.6846771240234
Xinjiang,2491,1.03186664581299,24,63.5641708374024,1925,0.0491553825225537,0.0112249258649716,0.0365092249655955,0.138596983544164,0.281956881284714,41.6846771240234
Xinjiang,2492,1.20453329086304,25,54.3725280761719,1524,0.0491553825225537,0.0112249258649716,0.0365092249655955,0.138596983544164,0.281956881284714,41.6846771240234
Xinjiang,2493,1.26678333282471,28,60.4528350830078,1318,0.0491553825225537,0.0112249258649716,0.0365092249655955,0.138596983544164,0.281956881284714,41.6846771240234
Xinjiang,2494,1.28920001983643,29,62.969612121582,1273,0.0491553825225537,0.0112249258649716,0.0365092249655955,0.138596983544164,0.281956881284714,41.6846771240234
Xinjiang,2495,1.26193332672119,32,69.1256942749024,1255,0.0491553825225537,0.0112249258649716,0.0365092249655955,0.138596983544164,0.281956881284714,41.6846771240234
Xinjiang,2496,1.25788335800171,32,70.0970687866211,1229,0.0491553825225537,0.0112249258649716,0.0365092249655955,0.138596983544164,0.281956881284714,41.6846771240234
Xinjiang,2497,1.26288328170776,34,73.6451797485352,1221,0.0491553825225537,0.0112249258649716,0.0365092249655955,0.138596983544164,0.281956881284714,41.6846771240234
Xinjiang,2498,1.2470666885376,30,80.3517303466797,1210,0.0491553825225537,0.0112249258649716,0.0365092249655955,0.138596983544164,0.281956881284714,41.6846771240234
Xinjiang,2499,1.24471664428711,31,83.6856842041016,1183,0.0491553825225537,0.0112249258649716,0.0365092249655955,0.138596983544164,0.281956881284714,41.6846771240234
Xinjiang,2500,1.19558334350586,27,92.8886184692383,1190,0.0491553825225537,0.0112249258649716,0.0365092249655955,0.138596983544164,0.281956881284714,41.6846771240234
Xinjiang,2501,1.17913331985474,27,97.4113540649414,1181,0.0491553825225537,0.0112249258649716,0.0365092249655955,0.138596983544164,0.281956881284714,41.6846771240234
Xinjiang,2502,1.16094999313355,27,97.4113540649414,1163,0.0491553825225537,0.0112249258649716,0.0365092249655955,0.138596983544164,0.281956881284714,41.6846771240234
Xinjiang,2503,1.15241661071777,29,100.197196960449,1149,0.0491553825225537,0.0112249258649716,0.0365092249655955,0.138596983544164,0.281956881284714,41.6846771240234
Xinjiang,2504,1.14825000762939,31,98.4565505981445,1133,0.0491553825225537,0.0112249258649716,0.0365092249655955,0.138596983544164,0.281956881284714,41.6846771240234
Xinjiang,2505,1.13839998245239,32,104.877304077148,1113,0.0491553825225537,0.0112249258649716,0.0365092249655955,0.138596983544164,0.281956881284714,41.6846771240234
Xinjiang,2506,1.10893335342407,33,106.135040283203,1087,0.0491553825225537,0.0112249258649716,0.0365092249655955,0.138596983544164,0.281956881284714,41.6846771240234
Xinjiang,2507,1.08909997940063,36,98.8571090698242,1026,0.0491553825225537,0.0112249258649716,0.0365092249655955,0.138596983544164,0.281956881284714,41.6846771240234
Xinjiang,2508,1.09626665115356,38,92.0079040527344,916,0.0491553825225537,0.0112249258649716,0.0365092249655955,0.138596983544164,0.281956881284714,41.6846771240234
Xinjiang,2509,1.06978330612183,35,91.3835906982422,831,0.0491553825225537,0.0112249258649716,0.0365092249655955,0.138596983544164,0.281956881284714,41.6846771240234
Xinjiang,2510,1.084850025177,30,97.0817260742188,811,0.0491553825225537,0.0112249258649716,0.0365092249655955,0.138596983544164,0.281956881284714,41.6846771240234
Xinjiang,2511,1.04759998321533,26,90.1606063842774,859,0.0491553825225537,0.0112249258649716,0.0365092249655955,0.138596983544164,0.281956881284714,41.6846771240234
Xinjiang,2512,1.02536668777466,22,94.9826583862305,934,0.0491553825225537,0.0112249258649716,0.0365092249655955,0.138596983544164,0.281956881284714,41.6846771240234
Xinjiang,2513,0.806750011444092,28,94.291618347168,1524,0.0491553825225537,0.0112249258649716,0.0365092249655955,0.138596983544164,0.281956881284714,41.6846771240234
Xinjiang,2514,0.874766635894775,23,88.2734832763672,1386,0.0491553825225537,0.0112249258649716,0.0365092249655955,0.138596983544164,0.281956881284714,41.6846771240234
Xinjiang,2515,0.835583305358887,19,83.2823944091797,1490,0.0491553825225537,0.0112249258649716,0.0365092249655955,0.138596983544164,0.281956881284714,41.6846771240234
Xinjiang,2516,0.847133350372315,17,75.8050537109375,1474,0.0491553825225537,0.0112249258649716,0.0365092249655955,0.138596983544164,0.281956881284714,41.6846771240234
Xinjiang,2517,0.828033351898193,20,72.1031494140625,1551,0.0491553825225537,0.0112249258649716,0.0365092249655955,0.138596983544164,0.281956881284714,41.6846771240234
Xinjiang,2563,-0.664400005340576,153,40.921028137207,4771,0.0491553825225537,0.0112249258649716,0.0365092249655955,0.138596983544164,0.281956881284714,41.6846771240234
Xinjiang,2564,-0.448716688156128,98,56.5579147338867,4462,0.0491553825225537,0.0112249258649716,0.0365092249655955,0.138596983544164,0.281956881284714,41.6846771240234
Xinjiang,2565,-0.218983316421509,75,70.6074142456055,4247,0.0491553825225537,0.0112249258649716,0.0365092249655955,0.138596983544164,0.281956881284714,41.6846771240234
Xinjiang,2566,-0.0327666670084,53,89.2211227416992,3807,0.0491553825225537,0.0112249258649716,0.0365092249655955,0.138596983544164,0.281956881284714,41.6846771240234
Xinjiang,2567,0.965383338928223,32,77.4305648803711,2016,0.0491553825225537,0.0112249258649716,0.0365092249655955,0.138596983544164,0.281956881284714,41.6846771240234
Xinjiang,2568,1.22836666107178,33,58.11865234375,1423,0.0491553825225537,0.0112249258649716,0.0365092249655955,0.138596983544164,0.281956881284714,41.6846771240234
Xinjiang,2569,1.29811668395996,28,57.6825180053711,1300,0.0491553825225537,0.0112249258649716,0.0365092249655955,0.138596983544164,0.281956881284714,41.6846771240234
Xinjiang,2570,1.25075006484985,29,62.969612121582,1267,0.0491553825225537,0.0112249258649716,0.0365092249655955,0.138596983544164,0.281956881284714,41.6846771240234
Xinjiang,2571,1.26800003051758,31,66.7420120239258,1239,0.0491553825225537,0.0112249258649716,0.0365092249655955,0.138596983544164,0.281956881284714,41.6846771240234
Xinjiang,2572,1.24720001220703,31,66.7420120239258,1227,0.0491553825225537,0.0112249258649716,0.0365092249655955,0.138596983544164,0.281956881284714,41.6846771240234
Xinjiang,2573,1.24516668319702,32,70.0970687866211,1206,0.0491553825225537,0.0112249258649716,0.0365092249655955,0.138596983544164,0.281956881284714,41.6846771240234
Xinjiang,2574,1.25363330841064,30,83.9648284912109,1202,0.0491553825225537,0.0112249258649716,0.0365092249655955,0.138596983544164,0.281956881284714,41.6846771240234
Xinjiang,2575,1.24309997558594,29,87.7679138183594,1167,0.0491553825225537,0.0112249258649716,0.0365092249655955,0.138596983544164,0.281956881284714,41.6846771240234
Xinjiang,2576,1.22390003204346,31,89.4119338989258,1150,0.0491553825225537,0.0112249258649716,0.0365092249655955,0.138596983544164,0.281956881284714,41.6846771240234
Xinjiang,2577,1.21619997024536,31,93.2871551513672,1135,0.0491553825225537,0.0112249258649716,0.0365092249655955,0.138596983544164,0.281956881284714,41.6846771240234
Xinjiang,2578,1.19879999160767,31,100.590713500977,1135,0.0491553825225537,0.0112249258649716,0.0365092249655955,0.138596983544164,0.281956881284714,41.6846771240234
Xinjiang,2579,1.1918833732605,31,101.292106628418,1118,0.0491553825225537,0.0112249258649716,0.0365092249655955,0.138596983544164,0.281956881284714,41.6846771240234
Xinjiang,2580,1.17433338165283,32,104.877304077148,1090,0.0491553825225537,0.0112249258649716,0.0365092249655955,0.138596983544164,0.281956881284714,41.6846771240234
Xinjiang,2581,1.17403335571289,33,106.135040283203,1064,0.0491553825225537,0.0112249258649716,0.0365092249655955,0.138596983544164,0.281956881284714,41.6846771240234
Xinjiang,2582,1.16286668777466,32,104.877304077148,1045,0.0491553825225537,0.0112249258649716,0.0365092249655955,0.138596983544164,0.281956881284714,41.6846771240234
Xinjiang,2583,1.13844995498657,32,104.877304077148,1017,0.0491553825225537,0.0112249258649716,0.0365092249655955,0.138596983544164,0.281956881284714,41.6846771240234
Xinjiang,2584,1.11381664276123,33,101.144958496094,973,0.0491553825225537,0.0112249258649716,0.0365092249655955,0.138596983544164,0.281956881284714,41.6846771240234
Xinjiang,2585,1.11813335418701,36,92.3186187744141,912,0.0491553825225537,0.0112249258649716,0.0365092249655955,0.138596983544164,0.281956881284714,41.6846771240234
Xinjiang,2586,1.10328330993652,34,90.9365844726562,855,0.0491553825225537,0.0112249258649716,0.0365092249655955,0.138596983544164,0.281956881284714,41.6846771240234
Xinjiang,2587,1.06276664733887,33,86.6899719238281,815,0.0491553825225537,0.0112249258649716,0.0365092249655955,0.138596983544164,0.281956881284714,41.6846771240234
Xinjiang,2588,1.05263328552246,30,82.1781387329102,807,0.0491553825225537,0.0112249258649716,0.0365092249655955,0.138596983544164,0.281956881284714,41.6846771240234
Xinjiang,2589,1.08141670227051,24,77.8498916625977,796,0.0491553825225537,0.0112249258649716,0.0365092249655955,0.138596983544164,0.281956881284714,41.6846771240234
Xinjiang,2590,1.12245006561279,18,82.6823043823242,794,0.0491553825225537,0.0112249258649716,0.0365092249655955,0.138596983544164,0.281956881284714,41.6846771240234
Xinjiang,2591,1.13443326950073,15,78.4244384765625,790,0.0491553825225537,0.0112249258649716,0.0365092249655955,0.138596983544164,0.281956881284714,41.6846771240234
Xinjiang,2592,1.14431667327881,13,69.2820358276367,801,0.0491553825225537,0.0112249258649716,0.0365092249655955,0.138596983544164,0.281956881284714,41.6846771240234
Xinjiang,2593,1.03533334732056,13,80.4713363647461,1014,0.0491553825225537,0.0112249258649716,0.0365092249655955,0.138596983544164,0.281956881284714,41.6846771240234
Xinjiang,2594,1.02910003662109,13,80.4713363647461,1000,0.0491553825225537,0.0112249258649716,0.0365092249655955,0.138596983544164,0.281956881284714,41.6846771240234
Xinjiang,2642,-0.478283309936523,91,60.732723236084,4272,0.0491553825225537,0.0112249258649716,0.0365092249655955,0.138596983544164,0.281956881284714,41.6846771240234
Xinjiang,2643,-0.254516673088074,76,76.5523071289063,4144,0.0491553825225537,0.0112249258649716,0.0365092249655955,0.138596983544164,0.281956881284714,41.6846771240234
Xinjiang,2644,0.441916656494141,50,88.0527496337891,2941,0.0491553825225537,0.0112249258649716,0.0365092249655955,0.138596983544164,0.281956881284714,41.6846771240234
Xinjiang,2645,0.861816692352295,40,84.265007019043,2190,0.0491553825225537,0.0112249258649716,0.0365092249655955,0.138596983544164,0.281956881284714,41.6846771240234
Xinjiang,2646,1.25673332214355,37,62.181755065918,1256,0.0491553825225537,0.0112249258649716,0.0365092249655955,0.138596983544164,0.281956881284714,41.6846771240234
Xinjiang,2647,1.30895004272461,31,61.2086334228516,1211,0.0491553825225537,0.0112249258649716,0.0365092249655955,0.138596983544164,0.281956881284714,41.6846771240234
Xinjiang,2648,1.28175001144409,32,66.1260299682617,1217,0.0491553825225537,0.0112249258649716,0.0365092249655955,0.138596983544164,0.281956881284714,41.6846771240234
Xinjiang,2649,1.26236667633057,31,66.7420120239258,1204,0.0491553825225537,0.0112249258649716,0.0365092249655955,0.138596983544164,0.281956881284714,41.6846771240234
Xinjiang,2650,1.23938331604004,33,67.3900146484375,1195,0.0491553825225537,0.0112249258649716,0.0365092249655955,0.138596983544164,0.281956881284714,41.6846771240234
Xinjiang,2651,1.23629999160767,32,74.7648468017578,1197,0.0491553825225537,0.0112249258649716,0.0365092249655955,0.138596983544164,0.281956881284714,41.6846771240234
Xinjiang,2652,1.22985000610352,31,86.186393737793,1142,0.0491553825225537,0.0112249258649716,0.0365092249655955,0.138596983544164,0.281956881284714,41.6846771240234
Xinjiang,2653,1.21848335266113,32,90.328727722168,1132,0.0491553825225537,0.0112249258649716,0.0365092249655955,0.138596983544164,0.281956881284714,41.6846771240234
Xinjiang,2654,1.2162166595459,34,92.9551467895508,1114,0.0491553825225537,0.0112249258649716,0.0365092249655955,0.138596983544164,0.281956881284714,41.6846771240234
Xinjiang,2655,1.22323331832886,36,97.117546081543,1093,0.0491553825225537,0.0112249258649716,0.0365092249655955,0.138596983544164,0.281956881284714,41.6846771240234
Xinjiang,2656,1.21878328323364,36,101.129981994629,1078,0.0491553825225537,0.0112249258649716,0.0365092249655955,0.138596983544164,0.281956881284714,41.6846771240234
Xinjiang,2657,1.21558332443237,38,105.278846740723,1060,0.0491553825225537,0.0112249258649716,0.0365092249655955,0.138596983544164,0.281956881284714,41.6846771240234
Xinjiang,2658,1.19636669158936,37,103.089233398438,1048,0.0491553825225537,0.0112249258649716,0.0365092249655955,0.138596983544164,0.281956881284714,41.6846771240234
Xinjiang,2659,1.18916664123535,38,99.1307678222656,1017,0.0491553825225537,0.0112249258649716,0.0365092249655955,0.138596983544164,0.281956881284714,41.6846771240234
Xinjiang,2660,1.17124996185303,36,106.600357055664,994,0.0491553825225537,0.0112249258649716,0.0365092249655955,0.138596983544164,0.281956881284714,41.6846771240234
Xinjiang,2661,1.18108329772949,34,105.429176330566,952,0.0491553825225537,0.0112249258649716,0.0365092249655955,0.138596983544164,0.281956881284714,41.6846771240234
Xinjiang,2662,1.17608337402344,33,101.144958496094,920,0.0491553825225537,0.0112249258649716,0.0365092249655955,0.138596983544164,0.281956881284714,41.6846771240234
Xinjiang,2663,1.15948333740234,33,93.8513793945313,887,0.0491553825225537,0.0112249258649716,0.0365092249655955,0.138596983544164,0.281956881284714,41.6846771240234
Xinjiang,2664,1.12568330764771,34,90.2536926269531,856,0.0491553825225537,0.0112249258649716,0.0365092249655955,0.138596983544164,0.281956881284714,41.6846771240234
Xinjiang,2665,1.0797833442688,33,86.6899719238281,836,0.0491553825225537,0.0112249258649716,0.0365092249655955,0.138596983544164,0.281956881284714,41.6846771240234
Xinjiang,2666,1.06071672439575,30,83.076286315918,817,0.0491553825225537,0.0112249258649716,0.0365092249655955,0.138596983544164,0.281956881284714,41.6846771240234
Xinjiang,2667,1.06373329162598,25,75.0589141845703,807,0.0491553825225537,0.0112249258649716,0.0365092249655955,0.138596983544164,0.281956881284714,41.6846771240234
Xinjiang,2668,1.0900333404541,21,69.5590896606445,792,0.0491553825225537,0.0112249258649716,0.0365092249655955,0.138596983544164,0.281956881284714,41.6846771240234
Xinjiang,2669,1.11881666183472,17,69.3718414306641,792,0.0491553825225537,0.0112249258649716,0.0365092249655955,0.138596983544164,0.281956881284714,41.6846771240234
Xinjiang,2670,1.11459999084473,18,64.9475326538086,791,0.0491553825225537,0.0112249258649716,0.0365092249655955,0.138596983544164,0.281956881284714,41.6846771240234
Xinjiang,2671,0.901749992370605,22,92.5674438476562,1336,0.0491553825225537,0.0112249258649716,0.0365092249655955,0.138596983544164,0.281956881284714,41.6846771240234
Xinjiang,2672,1.03518333435059,17,85.4575576782227,1068,0.0491553825225537,0.0112249258649716,0.0365092249655955,0.138596983544164,0.281956881284714,41.6846771240234
Xinjiang,2673,1.07224998474121,17,85.4575576782227,951,0.0491553825225537,0.0112249258649716,0.0365092249655955,0.138596983544164,0.281956881284714,41.6846771240234
Xinjiang,2674,0.907266712188721,31,85.3609619140625,1256,0.0491553825225537,0.0112249258649716,0.0365092249655955,0.138596983544164,0.281956881284714,41.6846771240234
Xinjiang,2723,-0.522483348846436,111,49.419319152832,4518,0.0491553825225537,0.0112249258649716,0.0365092249655955,0.138596983544164,0.281956881284714,41.6846771240234
Xinjiang,2724,-0.849683284759522,124,63.2181930541992,4837,0.0491553825225537,0.0112249258649716,0.0365092249655955,0.138596983544164,0.281956881284714,41.6846771240234
Xinjiang,2725,0.274766659736633,64,93.371337890625,3140,0.0491553825225537,0.0112249258649716,0.0365092249655955,0.138596983544164,0.281956881284714,41.6846771240234
Xinjiang,2726,1.20848331451416,46,70.4848327636719,1459,0.0491553825225537,0.0112249258649716,0.0365092249655955,0.138596983544164,0.281956881284714,41.6846771240234
Xinjiang,2727,1.32465000152588,42,63.2100524902344,1197,0.0491553825225537,0.0112249258649716,0.0365092249655955,0.138596983544164,0.281956881284714,41.6846771240234
Xinjiang,2728,1.27338333129883,42,59.5531425476074,1181,0.0491553825225537,0.0112249258649716,0.0365092249655955,0.138596983544164,0.281956881284714,41.6846771240234
Xinjiang,2729,1.28431663513184,36,63.0656242370606,1170,0.0491553825225537,0.0112249258649716,0.0365092249655955,0.138596983544164,0.281956881284714,41.6846771240234
Xinjiang,2730,1.26538333892822,35,70.0983734130859,1173,0.0491553825225537,0.0112249258649716,0.0365092249655955,0.138596983544164,0.281956881284714,41.6846771240234
Xinjiang,2731,1.24086666107178,34,69.317741394043,1148,0.0491553825225537,0.0112249258649716,0.0365092249655955,0.138596983544164,0.281956881284714,41.6846771240234
Xinjiang,2732,1.21408338546753,34,75.3065567016602,1135,0.0491553825225537,0.0112249258649716,0.0365092249655955,0.138596983544164,0.281956881284714,41.6846771240234
Xinjiang,2733,1.21671667098999,33,85.1854782104492,1117,0.0491553825225537,0.0112249258649716,0.0365092249655955,0.138596983544164,0.281956881284714,41.6846771240234
Xinjiang,2734,1.20348329544067,33,90.341667175293,1095,0.0491553825225537,0.0112249258649716,0.0365092249655955,0.138596983544164,0.281956881284714,41.6846771240234
Xinjiang,2735,1.19206666946411,38,96.4534759521484,1082,0.0491553825225537,0.0112249258649716,0.0365092249655955,0.138596983544164,0.281956881284714,41.6846771240234
Xinjiang,2736,1.20461664199829,45,94.2037124633789,1055,0.0491553825225537,0.0112249258649716,0.0365092249655955,0.138596983544164,0.281956881284714,41.6846771240234
Xinjiang,2737,1.22370004653931,46,98.5682830810547,1031,0.0491553825225537,0.0112249258649716,0.0365092249655955,0.138596983544164,0.281956881284714,41.6846771240234
Xinjiang,2738,1.23388338088989,48,101.980392456055,1015,0.0491553825225537,0.0112249258649716,0.0365092249655955,0.138596983544164,0.281956881284714,41.6846771240234
Xinjiang,2739,1.22086668014526,48,101.980392456055,993,0.0491553825225537,0.0112249258649716,0.0365092249655955,0.138596983544164,0.281956881284714,41.6846771240234
Xinjiang,2740,1.20548334121704,45,100.414649963379,975,0.0491553825225537,0.0112249258649716,0.0365092249655955,0.138596983544164,0.281956881284714,41.6846771240234
Xinjiang,2741,1.20725002288818,41,98.1989364624024,952,0.0491553825225537,0.0112249258649716,0.0365092249655955,0.138596983544164,0.281956881284714,41.6846771240234
Xinjiang,2742,1.20706663131714,38,100.702980041504,933,0.0491553825225537,0.0112249258649716,0.0365092249655955,0.138596983544164,0.281956881284714,41.6846771240234
Xinjiang,2743,1.19246664047241,37,97.6572341918945,913,0.0491553825225537,0.0112249258649716,0.0365092249655955,0.138596983544164,0.281956881284714,41.6846771240234
Xinjiang,2744,1.16944999694824,37,93.0836791992188,894,0.0491553825225537,0.0112249258649716,0.0365092249655955,0.138596983544164,0.281956881284714,41.6846771240234
Xinjiang,2745,1.12674999237061,36,85.9439544677734,860,0.0491553825225537,0.0112249258649716,0.0365092249655955,0.138596983544164,0.281956881284714,41.6846771240234
Xinjiang,2746,1.09601669311523,33,82.0938110351563,837,0.0491553825225537,0.0112249258649716,0.0365092249655955,0.138596983544164,0.281956881284714,41.6846771240234
Xinjiang,2747,1.09418334960937,31,81.1079177856445,825,0.0491553825225537,0.0112249258649716,0.0365092249655955,0.138596983544164,0.281956881284714,41.6846771240234
Xinjiang,2748,1.12503328323364,22,96.1675186157227,828,0.0491553825225537,0.0112249258649716,0.0365092249655955,0.138596983544164,0.281956881284714,41.6846771240234
Xinjiang,2749,1.09373331069946,20,95.0478363037109,861,0.0491553825225537,0.0112249258649716,0.0365092249655955,0.138596983544164,0.281956881284714,41.6846771240234
Xinjiang,2750,1.10446662902832,20,73.8548965454102,801,0.0491553825225537,0.0112249258649716,0.0365092249655955,0.138596983544164,0.281956881284714,41.6846771240234
Xinjiang,2751,1.12741661071777,18,64.9475326538086,791,0.0491553825225537,0.0112249258649716,0.0365092249655955,0.138596983544164,0.281956881284714,41.6846771240234
Xinjiang,2752,1.0632833480835,17,92.4568252563477,934,0.0491553825225537,0.0112249258649716,0.0365092249655955,0.138596983544164,0.281956881284714,41.6846771240234
Xinjiang,2753,0.892416667938232,27,81.0102996826172,1233,0.0491553825225537,0.0112249258649716,0.0365092249655955,0.138596983544164,0.281956881284714,41.6846771240234
Xinjiang,2754,0.7190833568573,43,79.7366027832031,1650,0.0491553825225537,0.0112249258649716,0.0365092249655955,0.138596983544164,0.281956881284714,41.6846771240234
Xinjiang,2755,0.836499977111816,36,75.3778381347656,1248,0.0491553825225537,0.0112249258649716,0.0365092249655955,0.138596983544164,0.281956881284714,41.6846771240234
Xinjiang,2804,-0.599550008773804,133,53.9183502197266,4549,0.0491553825225537,0.0112249258649716,0.0365092249655955,0.138596983544164,0.281956881284714,41.6846771240234
Xinjiang,2805,0.0745000064373016,85,81.9689331054688,3217,0.0491553825225537,0.0112249258649716,0.0365092249655955,0.138596983544164,0.281956881284714,41.6846771240234
Xinjiang,2806,0.949983310699463,71,75.6188278198242,1891,0.0491553825225537,0.0112249258649716,0.0365092249655955,0.138596983544164,0.281956881284714,41.6846771240234
Xinjiang,2807,1.28823328018188,58,63.2338180541992,1244,0.0491553825225537,0.0112249258649716,0.0365092249655955,0.138596983544164,0.281956881284714,41.6846771240234
Xinjiang,2808,1.27696666717529,59,57.8603553771973,1189,0.0491553825225537,0.0112249258649716,0.0365092249655955,0.138596983544164,0.281956881284714,41.6846771240234
Xinjiang,2809,1.27426671981812,57,61.2074203491211,1163,0.0491553825225537,0.0112249258649716,0.0365092249655955,0.138596983544164,0.281956881284714,41.6846771240234
Xinjiang,2810,1.24575004577637,42,62.495792388916,1144,0.0491553825225537,0.0112249258649716,0.0365092249655955,0.138596983544164,0.281956881284714,41.6846771240234
Xinjiang,2811,1.2706000328064,40,67.6986618041992,1119,0.0491553825225537,0.0112249258649716,0.0365092249655955,0.138596983544164,0.281956881284714,41.6846771240234
Xinjiang,2812,1.23233337402344,37,71.1763381958008,1098,0.0491553825225537,0.0112249258649716,0.0365092249655955,0.138596983544164,0.281956881284714,41.6846771240234
Xinjiang,2813,1.21418333053589,37,74.9085998535156,1089,0.0491553825225537,0.0112249258649716,0.0365092249655955,0.138596983544164,0.281956881284714,41.6846771240234
Xinjiang,2814,1.20103330612183,37,79.1553573608399,1074,0.0491553825225537,0.0112249258649716,0.0365092249655955,0.138596983544164,0.281956881284714,41.6846771240234
Xinjiang,2815,1.19384994506836,38,87.9338607788086,1064,0.0491553825225537,0.0112249258649716,0.0365092249655955,0.138596983544164,0.281956881284714,41.6846771240234
Xinjiang,2816,1.18411664962769,46,88.5878143310547,1046,0.0491553825225537,0.0112249258649716,0.0365092249655955,0.138596983544164,0.281956881284714,41.6846771240234
Xinjiang,2817,1.20016670227051,54,91.2390670776367,1023,0.0491553825225537,0.0112249258649716,0.0365092249655955,0.138596983544164,0.281956881284714,41.6846771240234
Xinjiang,2818,1.21511669158936,59,93.5379409790039,996,0.0491553825225537,0.0112249258649716,0.0365092249655955,0.138596983544164,0.281956881284714,41.6846771240234
Xinjiang,2819,1.22728328704834,63,98.8957214355469,965,0.0491553825225537,0.0112249258649716,0.0365092249655955,0.138596983544164,0.281956881284714,41.6846771240234
Xinjiang,2820,1.2113166809082,61,96.2242889404297,942,0.0491553825225537,0.0112249258649716,0.0365092249655955,0.138596983544164,0.281956881284714,41.6846771240234
Xinjiang,2821,1.19301671981812,56,94.0842208862305,930,0.0491553825225537,0.0112249258649716,0.0365092249655955,0.138596983544164,0.281956881284714,41.6846771240234
Xinjiang,2822,1.19324998855591,48,97.9795913696289,920,0.0491553825225537,0.0112249258649716,0.0365092249655955,0.138596983544164,0.281956881284714,41.6846771240234
Xinjiang,2823,1.19193334579468,44,95.9765777587891,910,0.0491553825225537,0.0112249258649716,0.0365092249655955,0.138596983544164,0.281956881284714,41.6846771240234
Xinjiang,2824,1.19499998092651,38,94.2569046020508,903,0.0491553825225537,0.0112249258649716,0.0365092249655955,0.138596983544164,0.281956881284714,41.6846771240234
Xinjiang,2825,1.14303331375122,47,85.6164855957031,878,0.0491553825225537,0.0112249258649716,0.0365092249655955,0.138596983544164,0.281956881284714,41.6846771240234
Xinjiang,2826,1.14856672286987,38,83.6616592407227,858,0.0491553825225537,0.0112249258649716,0.0365092249655955,0.138596983544164,0.281956881284714,41.6846771240234
Xinjiang,2827,1.12453336715698,36,89.8230590820313,918,0.0491553825225537,0.0112249258649716,0.0365092249655955,0.138596983544164,0.281956881284714,41.6846771240234
Xinjiang,2828,0.97703332901001,45,92.4770355224609,1177,0.0491553825225537,0.0112249258649716,0.0365092249655955,0.138596983544164,0.281956881284714,41.6846771240234
Xinjiang,2829,0.964949989318848,39,88.1104278564453,1115,0.0491553825225537,0.0112249258649716,0.0365092249655955,0.138596983544164,0.281956881284714,41.6846771240234
Xinjiang,2830,0.719799995422363,49,92.4450607299805,1520,0.0491553825225537,0.0112249258649716,0.0365092249655955,0.138596983544164,0.281956881284714,41.6846771240234
Xinjiang,2831,0.905833339691162,30,93.1812515258789,1163,0.0491553825225537,0.0112249258649716,0.0365092249655955,0.138596983544164,0.281956881284714,41.6846771240234
Xinjiang,2832,0.992549991607666,25,89.0438842773438,1011,0.0491553825225537,0.0112249258649716,0.0365092249655955,0.138596983544164,0.281956881284714,41.6846771240234
Xinjiang,2833,0.938533306121826,28,83.2302398681641,1058,0.0491553825225537,0.0112249258649716,0.0365092249655955,0.138596983544164,0.281956881284714,41.6846771240234
Xinjiang,2834,0.971249961853027,25,89.0438842773438,1020,0.0491553825225537,0.0112249258649716,0.0365092249655955,0.138596983544164,0.281956881284714,41.6846771240234
Xinjiang,2835,0.920216655731201,35,73.4021530151367,1111,0.0491553825225537,0.0112249258649716,0.0365092249655955,0.138596983544164,0.281956881284714,41.6846771240234
Xinjiang,2836,0.828383350372315,42,74.9110946655274,1219,0.0491553825225537,0.0112249258649716,0.0365092249655955,0.138596983544164,0.281956881284714,41.6846771240234
Xinjiang,2837,0.813249969482422,46,79.3171615600586,1270,0.0491553825225537,0.0112249258649716,0.0365092249655955,0.138596983544164,0.281956881284714,41.6846771240234
Xinjiang,2838,0.680999994277954,58,82.9690246582031,1530,0.0491553825225537,0.0112249258649716,0.0365092249655955,0.138596983544164,0.281956881284714,41.6846771240234
Xinjiang,2839,0.55310001373291,73,80.6422805786133,1741,0.0491553825225537,0.0112249258649716,0.0365092249655955,0.138596983544164,0.281956881284714,41.6846771240234
Xinjiang,2884,-0.709416675567627,201,35.5603675842285,4637,0.0491553825225537,0.0112249258649716,0.0365092249655955,0.138596983544164,0.281956881284714,41.6846771240234
Xinjiang,2885,-0.0341500043869019,94,70.2572555541992,3658,0.0491553825225537,0.0112249258649716,0.0365092249655955,0.138596983544164,0.281956881284714,41.6846771240234
Xinjiang,2886,0.128766667842865,119,76.9840621948242,3140,0.0491553825225537,0.0112249258649716,0.0365092249655955,0.138596983544164,0.281956881284714,41.6846771240234
Xinjiang,2887,1.13999996185303,96,51.6832275390625,1360,0.0491553825225537,0.0112249258649716,0.0365092249655955,0.138596983544164,0.281956881284714,41.6846771240234
Xinjiang,2888,1.1775333404541,83,53.7151603698731,1247,0.0491553825225537,0.0112249258649716,0.0365092249655955,0.138596983544164,0.281956881284714,41.6846771240234
Xinjiang,2889,1.21840000152588,74,54.4765777587891,1199,0.0491553825225537,0.0112249258649716,0.0365092249655955,0.138596983544164,0.281956881284714,41.6846771240234
Xinjiang,2890,1.25858335494995,62,55.6759147644043,1162,0.0491553825225537,0.0112249258649716,0.0365092249655955,0.138596983544164,0.281956881284714,41.6846771240234
Xinjiang,2891,1.27889995574951,56,60.3544120788574,1139,0.0491553825225537,0.0112249258649716,0.0365092249655955,0.138596983544164,0.281956881284714,41.6846771240234
Xinjiang,2892,1.25690002441406,54,60.7985916137695,1117,0.0491553825225537,0.0112249258649716,0.0365092249655955,0.138596983544164,0.281956881284714,41.6846771240234
Xinjiang,2893,1.20018329620361,55,65.0083694458008,1094,0.0491553825225537,0.0112249258649716,0.0365092249655955,0.138596983544164,0.281956881284714,41.6846771240234
Xinjiang,2894,1.19688329696655,42,78.4244384765625,1067,0.0491553825225537,0.0112249258649716,0.0365092249655955,0.138596983544164,0.281956881284714,41.6846771240234
Xinjiang,2895,1.18763332366943,42,75.5080032348633,1046,0.0491553825225537,0.0112249258649716,0.0365092249655955,0.138596983544164,0.281956881284714,41.6846771240234
Xinjiang,2896,1.14891662597656,43,81.8787689208985,1033,0.0491553825225537,0.0112249258649716,0.0365092249655955,0.138596983544164,0.281956881284714,41.6846771240234
Xinjiang,2897,1.19098329544067,52,85.1135635375977,1011,0.0491553825225537,0.0112249258649716,0.0365092249655955,0.138596983544164,0.281956881284714,41.6846771240234
Xinjiang,2898,1.20501670837402,64,90.9116058349609,994,0.0491553825225537,0.0112249258649716,0.0365092249655955,0.138596983544164,0.281956881284714,41.6846771240234
Xinjiang,2899,1.21459999084473,75,94.8575057983398,974,0.0491553825225537,0.0112249258649716,0.0365092249655955,0.138596983544164,0.281956881284714,41.6846771240234
Xinjiang,2900,1.21090002059937,80,97.5027618408203,959,0.0491553825225537,0.0112249258649716,0.0365092249655955,0.138596983544164,0.281956881284714,41.6846771240234
Xinjiang,2901,1.19688329696655,77,100.151954650879,944,0.0491553825225537,0.0112249258649716,0.0365092249655955,0.138596983544164,0.281956881284714,41.6846771240234
Xinjiang,2902,1.16416664123535,70,96.2326431274414,930,0.0491553825225537,0.0112249258649716,0.0365092249655955,0.138596983544164,0.281956881284714,41.6846771240234
Xinjiang,2903,1.16083335876465,62,95.0183563232422,917,0.0491553825225537,0.0112249258649716,0.0365092249655955,0.138596983544164,0.281956881284714,41.6846771240234
Xinjiang,2904,1.18739995956421,54,90.9090881347656,901,0.0491553825225537,0.0112249258649716,0.0365092249655955,0.138596983544164,0.281956881284714,41.6846771240234
Xinjiang,2905,1.18543329238892,55,82.0611801147461,888,0.0491553825225537,0.0112249258649716,0.0365092249655955,0.138596983544164,0.281956881284714,41.6846771240234
Xinjiang,2906,1.1837833404541,45,85.6926956176758,878,0.0491553825225537,0.0112249258649716,0.0365092249655955,0.138596983544164,0.281956881284714,41.6846771240234
Xinjiang,2907,0.907483291625977,71,99.4926376342774,1430,0.0491553825225537,0.0112249258649716,0.0365092249655955,0.138596983544164,0.281956881284714,41.6846771240234
Xinjiang,2908,0.56341667175293,104,99.4526138305664,1939,0.0491553825225537,0.0112249258649716,0.0365092249655955,0.138596983544164,0.281956881284714,41.6846771240234
Xinjiang,2909,0.712949991226196,76,93.2750015258789,1603,0.0491553825225537,0.0112249258649716,0.0365092249655955,0.138596983544164,0.281956881284714,41.6846771240234
Xinjiang,2910,0.802700042724609,59,87.2164916992188,1397,0.0491553825225537,0.0112249258649716,0.0365092249655955,0.138596983544164,0.281956881284714,41.6846771240234
Xinjiang,2911,0.961816692352295,36,86.6025390625,1033,0.0491553825225537,0.0112249258649716,0.0365092249655955,0.138596983544164,0.281956881284714,41.6846771240234
Xinjiang,2912,0.801449966430664,46,86.8129196166992,1325,0.0491553825225537,0.0112249258649716,0.0365092249655955,0.138596983544164,0.281956881284714,41.6846771240234
Xinjiang,2913,0.827649974822998,39,92.0221252441406,1262,0.0491553825225537,0.0112249258649716,0.0365092249655955,0.138596983544164,0.281956881284714,41.6846771240234
Xinjiang,2914,0.860833358764648,37,87.0294036865234,1175,0.0491553825225537,0.0112249258649716,0.0365092249655955,0.138596983544164,0.281956881284714,41.6846771240234
Xinjiang,2915,0.934233379364014,34,81.6145706176758,1030,0.0491553825225537,0.0112249258649716,0.0365092249655955,0.138596983544164,0.281956881284714,41.6846771240234
Xinjiang,2916,0.999883365631104,34,76.123649597168,892,0.0491553825225537,0.0112249258649716,0.0365092249655955,0.138596983544164,0.281956881284714,41.6846771240234
Xinjiang,2917,1.00130004882813,35,69.2478103637695,829,0.0491553825225537,0.0112249258649716,0.0365092249655955,0.138596983544164,0.281956881284714,41.6846771240234
Xinjiang,2918,0.937483310699463,40,71.1845550537109,959,0.0491553825225537,0.0112249258649716,0.0365092249655955,0.138596983544164,0.281956881284714,41.6846771240234
Xinjiang,2919,0.85649995803833,42,80.6817169189453,1062,0.0491553825225537,0.0112249258649716,0.0365092249655955,0.138596983544164,0.281956881284714,41.6846771240234
Xinjiang,2920,0.718016672134399,52,81.2718505859375,1297,0.0491553825225537,0.0112249258649716,0.0365092249655955,0.138596983544164,0.281956881284714,41.6846771240234
Xinjiang,2921,0.478866672515869,70,92.3087310791016,1734,0.0491553825225537,0.0112249258649716,0.0365092249655955,0.138596983544164,0.281956881284714,41.6846771240234
Xinjiang,2959,-0.469500017166138,180,39.8861999511719,4090,0.0491553825225537,0.0112249258649716,0.0365092249655955,0.138596983544164,0.281956881284714,41.6846771240234
Xinjiang,2960,-0.0124999918043613,134,69.2855758666992,3394,0.0491553825225537,0.0112249258649716,0.0365092249655955,0.138596983544164,0.281956881284714,41.6846771240234
Xinjiang,2961,0.390916657447815,144,66.9797210693359,2755,0.0491553825225537,0.0112249258649716,0.0365092249655955,0.138596983544164,0.281956881284714,41.6846771240234
Xinjiang,2962,0.399200010299683,137,72.2353591918945,2641,0.0491553825225537,0.0112249258649716,0.0365092249655955,0.138596983544164,0.281956881284714,41.6846771240234
Xinjiang,2963,1.03725004196167,104,54.0840950012207,1528,0.0491553825225537,0.0112249258649716,0.0365092249655955,0.138596983544164,0.281956881284714,41.6846771240234
Xinjiang,2964,1.06968336105347,92,56.598014831543,1531,0.0491553825225537,0.0112249258649716,0.0365092249655955,0.138596983544164,0.281956881284714,41.6846771240234
Xinjiang,2965,0.988783359527588,86,61.7417831420899,1562,0.0491553825225537,0.0112249258649716,0.0365092249655955,0.138596983544164,0.281956881284714,41.6846771240234
Xinjiang,2966,0.837950038909912,83,75.1085815429688,1880,0.0491553825225537,0.0112249258649716,0.0365092249655955,0.138596983544164,0.281956881284714,41.6846771240234
Xinjiang,2967,0.443333339691162,91,86.9657821655274,2515,0.0491553825225537,0.0112249258649716,0.0365092249655955,0.138596983544164,0.281956881284714,41.6846771240234
Xinjiang,2968,1.17781667709351,67,66.1979217529297,1160,0.0491553825225537,0.0112249258649716,0.0365092249655955,0.138596983544164,0.281956881284714,41.6846771240234
Xinjiang,2969,1.18698329925537,59,63.4272117614746,1072,0.0491553825225537,0.0112249258649716,0.0365092249655955,0.138596983544164,0.281956881284714,41.6846771240234
Xinjiang,2970,1.19046669006348,48,81.7979736328125,1047,0.0491553825225537,0.0112249258649716,0.0365092249655955,0.138596983544164,0.281956881284714,41.6846771240234
Xinjiang,2971,1.13771667480469,53,76.9118881225586,1043,0.0491553825225537,0.0112249258649716,0.0365092249655955,0.138596983544164,0.281956881284714,41.6846771240234
Xinjiang,2972,1.19235000610352,64,81.4437866210938,1017,0.0491553825225537,0.0112249258649716,0.0365092249655955,0.138596983544164,0.281956881284714,41.6846771240234
Xinjiang,2973,1.17355003356934,80,87.6454925537109,988,0.0491553825225537,0.0112249258649716,0.0365092249655955,0.138596983544164,0.281956881284714,41.6846771240234
Xinjiang,2974,1.21575002670288,90,92.7032775878906,974,0.0491553825225537,0.0112249258649716,0.0365092249655955,0.138596983544164,0.281956881284714,41.6846771240234
Xinjiang,2975,1.18933334350586,107,94.836555480957,967,0.0491553825225537,0.0112249258649716,0.0365092249655955,0.138596983544164,0.281956881284714,41.6846771240234
Xinjiang,2976,1.15714998245239,94,99.1435546875,946,0.0491553825225537,0.0112249258649716,0.0365092249655955,0.138596983544164,0.281956881284714,41.6846771240234
Xinjiang,2977,1.14211664199829,86,96.3928604125977,928,0.0491553825225537,0.0112249258649716,0.0365092249655955,0.138596983544164,0.281956881284714,41.6846771240234
Xinjiang,2978,1.11068334579468,76,91.8136825561523,917,0.0491553825225537,0.0112249258649716,0.0365092249655955,0.138596983544164,0.281956881284714,41.6846771240234
Xinjiang,2979,1.1293833732605,66,89.1052856445313,904,0.0491553825225537,0.0112249258649716,0.0365092249655955,0.138596983544164,0.281956881284714,41.6846771240234
Xinjiang,2980,1.14064998626709,54,81.8640823364258,905,0.0491553825225537,0.0112249258649716,0.0365092249655955,0.138596983544164,0.281956881284714,41.6846771240234
Xinjiang,2981,0.954749965667725,76,95.9550018310547,1336,0.0491553825225537,0.0112249258649716,0.0365092249655955,0.138596983544164,0.281956881284714,41.6846771240234
Xinjiang,2982,1.05065002441406,68,86.6025390625,1087,0.0491553825225537,0.0112249258649716,0.0365092249655955,0.138596983544164,0.281956881284714,41.6846771240234
Xinjiang,2983,0.932216644287109,78,82.4866104125977,1253,0.0491553825225537,0.0112249258649716,0.0365092249655955,0.138596983544164,0.281956881284714,41.6846771240234
Xinjiang,2984,0.944683361053467,66,76.6428451538086,1129,0.0491553825225537,0.0112249258649716,0.0365092249655955,0.138596983544164,0.281956881284714,41.6846771240234
Xinjiang,2985,1.09073333740234,44,66.7284774780273,818,0.0491553825225537,0.0112249258649716,0.0365092249655955,0.138596983544164,0.281956881284714,41.6846771240234
Xinjiang,2986,1.0326000213623,43,77.535285949707,952,0.0491553825225537,0.0112249258649716,0.0365092249655955,0.138596983544164,0.281956881284714,41.6846771240234
Xinjiang,2987,1.00111665725708,36,75.3778381347656,922,0.0491553825225537,0.0112249258649716,0.0365092249655955,0.138596983544164,0.281956881284714,41.6846771240234
Xinjiang,2988,0.9381667137146,36,86.6025390625,978,0.0491553825225537,0.0112249258649716,0.0365092249655955,0.138596983544164,0.281956881284714,41.6846771240234
Xinjiang,2989,0.904633331298828,38,85.5187377929688,1028,0.0491553825225537,0.0112249258649716,0.0365092249655955,0.138596983544164,0.281956881284714,41.6846771240234
Xinjiang,2990,1.03436660766602,32,81.6803283691406,768,0.0491553825225537,0.0112249258649716,0.0365092249655955,0.138596983544164,0.281956881284714,41.6846771240234
Xinjiang,2991,1.20634994506836,21,76.1587142944336,371,0.0491553825225537,0.0112249258649716,0.0365092249655955,0.138596983544164,0.281956881284714,41.6846771240234
Xinjiang,2992,1.0869833946228,32,59.6760597229004,595,0.0491553825225537,0.0112249258649716,0.0365092249655955,0.138596983544164,0.281956881284714,41.6846771240234
Xinjiang,2993,1.03078336715698,35,58.0773468017578,678,0.0491553825225537,0.0112249258649716,0.0365092249655955,0.138596983544164,0.281956881284714,41.6846771240234
Xinjiang,2994,0.836683368682861,48,80,1049,0.0491553825225537,0.0112249258649716,0.0365092249655955,0.138596983544164,0.281956881284714,41.6846771240234
Xinjiang,2995,0.661316680908203,60,88.7625350952149,1369,0.0491553825225537,0.0112249258649716,0.0365092249655955,0.138596983544164,0.281956881284714,41.6846771240234
Xinjiang,2996,0.591249990463257,56,96.754508972168,1407,0.0491553825225537,0.0112249258649716,0.0365092249655955,0.138596983544164,0.281956881284714,41.6846771240234
Xinjiang,3026,0.0753333330154419,215,59.1013259887695,3152,0.0491553825225537,0.0112249258649716,0.0365092249655955,0.138596983544164,0.281956881284714,41.6846771240234
Xinjiang,3027,-0.545216655731201,235,59.2654037475586,4033,0.0491553825225537,0.0112249258649716,0.0365092249655955,0.138596983544164,0.281956881284714,41.6846771240234
Xinjiang,3028,-0.149433326721191,202,71.5648422241211,3463,0.0491553825225537,0.0112249258649716,0.0365092249655955,0.138596983544164,0.281956881284714,41.6846771240234
Xinjiang,3029,-0.0156666815280914,188,74.2966995239258,3210,0.0491553825225537,0.0112249258649716,0.0365092249655955,0.138596983544164,0.281956881284714,41.6846771240234
Xinjiang,3030,-0.236766648292542,193,80.1626129150391,3590,0.0491553825225537,0.0112249258649716,0.0365092249655955,0.138596983544164,0.281956881284714,41.6846771240234
Xinjiang,3031,-0.0679666638374329,173,82.3023529052735,3345,0.0491553825225537,0.0112249258649716,0.0365092249655955,0.138596983544164,0.281956881284714,41.6846771240234
Xinjiang,3032,0.177716648578644,142,82.5207366943359,2915,0.0491553825225537,0.0112249258649716,0.0365092249655955,0.138596983544164,0.281956881284714,41.6846771240234
Xinjiang,3033,0.172483325004578,140,87.7400283813477,2904,0.0491553825225537,0.0112249258649716,0.0365092249655955,0.138596983544164,0.281956881284714,41.6846771240234
Xinjiang,3034,0.0883000016212463,140,91.3468399047852,3020,0.0491553825225537,0.0112249258649716,0.0365092249655955,0.138596983544164,0.281956881284714,41.6846771240234
Xinjiang,3035,0.351733326911926,132,91.1486740112305,2476,0.0491553825225537,0.0112249258649716,0.0365092249655955,0.138596983544164,0.281956881284714,41.6846771240234
Xinjiang,3036,0.99181661605835,77,81.399543762207,1388,0.0491553825225537,0.0112249258649716,0.0365092249655955,0.138596983544164,0.281956881284714,41.6846771240234
Xinjiang,3037,1.05059995651245,81,70.9144058227539,1138,0.0491553825225537,0.0112249258649716,0.0365092249655955,0.138596983544164,0.281956881284714,41.6846771240234
Xinjiang,3038,1.05761661529541,91,75.7417297363281,1180,0.0491553825225537,0.0112249258649716,0.0365092249655955,0.138596983544164,0.281956881284714,41.6846771240234
Xinjiang,3039,1.14136667251587,102,75.5738525390625,987,0.0491553825225537,0.0112249258649716,0.0365092249655955,0.138596983544164,0.281956881284714,41.6846771240234
Xinjiang,3040,1.15063333511353,126,81.3615036010742,993,0.0491553825225537,0.0112249258649716,0.0365092249655955,0.138596983544164,0.281956881284714,41.6846771240234
Xinjiang,3041,1.13973331451416,142,88.0856857299805,1016,0.0491553825225537,0.0112249258649716,0.0365092249655955,0.138596983544164,0.281956881284714,41.6846771240234
Xinjiang,3042,1.14184999465942,125,91.2156600952149,966,0.0491553825225537,0.0112249258649716,0.0365092249655955,0.138596983544164,0.281956881284714,41.6846771240234
Xinjiang,3043,1.03796663284302,115,88.7712173461914,1000,0.0491553825225537,0.0112249258649716,0.0365092249655955,0.138596983544164,0.281956881284714,41.6846771240234
Xinjiang,3044,1.06468334197998,103,84.4752731323242,948,0.0491553825225537,0.0112249258649716,0.0365092249655955,0.138596983544164,0.281956881284714,41.6846771240234
Xinjiang,3045,1.11955003738403,84,90.2962265014648,953,0.0491553825225537,0.0112249258649716,0.0365092249655955,0.138596983544164,0.281956881284714,41.6846771240234
Xinjiang,3046,0.529050016403198,148,107.423332214355,1965,0.0491553825225537,0.0112249258649716,0.0365092249655955,0.138596983544164,0.281956881284714,41.6846771240234
Xinjiang,3047,1.01106662750244,88,84.129768371582,1063,0.0491553825225537,0.0112249258649716,0.0365092249655955,0.138596983544164,0.281956881284714,41.6846771240234
Xinjiang,3048,0.949316692352295,95,80.0848388671875,1100,0.0491553825225537,0.0112249258649716,0.0365092249655955,0.138596983544164,0.281956881284714,41.6846771240234
Xinjiang,3049,0.655633306503296,126,87.0750198364258,1670,0.0491553825225537,0.0112249258649716,0.0365092249655955,0.138596983544164,0.281956881284714,41.6846771240234
Xinjiang,3050,0.618666648864746,124,82.3720397949219,1728,0.0491553825225537,0.0112249258649716,0.0365092249655955,0.138596983544164,0.281956881284714,41.6846771240234
Xinjiang,3051,0.883099937438965,76,75.215690612793,1211,0.0491553825225537,0.0112249258649716,0.0365092249655955,0.138596983544164,0.281956881284714,41.6846771240234
Xinjiang,3052,1.51383333206177,14,58.4909744262695,-42,0.0491553825225537,0.0112249258649716,0.0365092249655955,0.138596983544164,0.281956881284714,41.6846771240234
Xinjiang,3053,1.29358329772949,26,64.3429489135742,397,0.0491553825225537,0.0112249258649716,0.0365092249655955,0.138596983544164,0.281956881284714,41.6846771240234
Xinjiang,3054,1.16591663360596,28,73.8548965454102,511,0.0491553825225537,0.0112249258649716,0.0365092249655955,0.138596983544164,0.281956881284714,41.6846771240234
Xinjiang,3055,1.2501166343689,18,84.4231796264648,310,0.0491553825225537,0.0112249258649716,0.0365092249655955,0.138596983544164,0.281956881284714,41.6846771240234
Xinjiang,3056,1.30746669769287,18,77.2245864868164,199,0.0491553825225537,0.0112249258649716,0.0365092249655955,0.138596983544164,0.281956881284714,41.6846771240234
Xinjiang,3057,1.23166666030884,25,69.7771377563477,305,0.0491553825225537,0.0112249258649716,0.0365092249655955,0.138596983544164,0.281956881284714,41.6846771240234
Xinjiang,3058,0.960766696929932,54,54.5454559326172,755,0.0491553825225537,0.0112249258649716,0.0365092249655955,0.138596983544164,0.281956881284714,41.6846771240234
Xinjiang,3059,0.866116714477539,57,76.7531509399414,1003,0.0491553825225537,0.0112249258649716,0.0365092249655955,0.138596983544164,0.281956881284714,41.6846771240234
Xinjiang,3060,-0.731333303451538,286,87.0942459106445,3936,0.0491553825225537,0.0112249258649716,0.0365092249655955,0.138596983544164,0.281956881284714,41.6846771240234
Xinjiang,3061,0.383483338356018,95,100.019454956055,1911,0.0491553825225537,0.0112249258649716,0.0365092249655955,0.138596983544164,0.281956881284714,41.6846771240234
Xinjiang,3062,0.735249996185303,44,89.2142562866211,1042,0.0491553825225537,0.0112249258649716,0.0365092249655955,0.138596983544164,0.281956881284714,41.6846771240234
Xinjiang,3090,-0.407800006866455,242,76.4933547973633,3713,0.0491553825225537,0.0112249258649716,0.0365092249655955,0.138596983544164,0.281956881284714,41.6846771240234
Xinjiang,3091,-0.730066680908203,219,88.2456893920899,4121,0.0491553825225537,0.0112249258649716,0.0365092249655955,0.138596983544164,0.281956881284714,41.6846771240234
Xinjiang,3092,-0.270283341407776,195,89.8465728759766,3494,0.0491553825225537,0.0112249258649716,0.0365092249655955,0.138596983544164,0.281956881284714,41.6846771240234
Xinjiang,3093,0.885200023651123,149,67.9750900268555,1587,0.0491553825225537,0.0112249258649716,0.0365092249655955,0.138596983544164,0.281956881284714,41.6846771240234
Xinjiang,3094,0.895966625213623,133,63.465991973877,1358,0.0491553825225537,0.0112249258649716,0.0365092249655955,0.138596983544164,0.281956881284714,41.6846771240234
Xinjiang,3095,0.624716663360596,158,77.66650390625,1853,0.0491553825225537,0.0112249258649716,0.0365092249655955,0.138596983544164,0.281956881284714,41.6846771240234
Xinjiang,3096,0.592000007629395,163,77.4947204589844,1788,0.0491553825225537,0.0112249258649716,0.0365092249655955,0.138596983544164,0.281956881284714,41.6846771240234
Xinjiang,3097,0.766783332824707,152,80.2960815429688,1579,0.0491553825225537,0.0112249258649716,0.0365092249655955,0.138596983544164,0.281956881284714,41.6846771240234
Xinjiang,3098,0.663199996948242,178,86.2550811767578,1775,0.0491553825225537,0.0112249258649716,0.0365092249655955,0.138596983544164,0.281956881284714,41.6846771240234
Xinjiang,3099,0.738683319091797,182,91.3605346679688,1629,0.0491553825225537,0.0112249258649716,0.0365092249655955,0.138596983544164,0.281956881284714,41.6846771240234
Xinjiang,3100,0.239300012588501,222,95.8776168823242,2266,0.0491553825225537,0.0112249258649716,0.0365092249655955,0.138596983544164,0.281956881284714,41.6846771240234
Xinjiang,3101,0.268149995803833,209,100.347930908203,2159,0.0491553825225537,0.0112249258649716,0.0365092249655955,0.138596983544164,0.281956881284714,41.6846771240234
Xinjiang,3102,-0.396849989891052,286,99.7049407958984,3260,0.0491553825225537,0.0112249258649716,0.0365092249655955,0.138596983544164,0.281956881284714,41.6846771240234
Xinjiang,3103,-0.244683313369751,249,103.925521850586,3008,0.0491553825225537,0.0112249258649716,0.0365092249655955,0.138596983544164,0.281956881284714,41.6846771240234
Xinjiang,3104,-0.0469333350658417,241,104.845611572266,2841,0.0491553825225537,0.0112249258649716,0.0365092249655955,0.138596983544164,0.281956881284714,41.6846771240234
Xinjiang,3105,0.165883326530457,213,107.370407104492,2547,0.0491553825225537,0.0112249258649716,0.0365092249655955,0.138596983544164,0.281956881284714,41.6846771240234
Xinjiang,3106,-0.486616659164429,307,96.5274810791016,3569,0.0491553825225537,0.0112249258649716,0.0365092249655955,0.138596983544164,0.281956881284714,41.6846771240234
Xinjiang,3107,-0.154949986934662,275,95.9514694213867,3125,0.0491553825225537,0.0112249258649716,0.0365092249655955,0.138596983544164,0.281956881284714,41.6846771240234
Xinjiang,3108,1.2945333480835,61,55.8369102478027,379,0.0491553825225537,0.0112249258649716,0.0365092249655955,0.138596983544164,0.281956881284714,41.6846771240234
Xinjiang,3109,1.50021667480469,27,52.6847763061524,-1,0.0491553825225537,0.0112249258649716,0.0365092249655955,0.138596983544164,0.281956881284714,41.6846771240234
Xinjiang,3110,1.33918333053589,36,45.2266998291016,271,0.0491553825225537,0.0112249258649716,0.0365092249655955,0.138596983544164,0.281956881284714,41.6846771240234
Xinjiang,3111,1.07343330383301,47,66.8735275268555,648,0.0491553825225537,0.0112249258649716,0.0365092249655955,0.138596983544164,0.281956881284714,41.6846771240234
Xinjiang,3112,1.10641670227051,41,75.6858062744141,591,0.0491553825225537,0.0112249258649716,0.0365092249655955,0.138596983544164,0.281956881284714,41.6846771240234
Xinjiang,3113,1.06549997329712,39,88.6798095703125,722,0.0491553825225537,0.0112249258649716,0.0365092249655955,0.138596983544164,0.281956881284714,41.6846771240234
Xinjiang,3114,0.930649948120117,48,87.3862915039063,914,0.0491553825225537,0.0112249258649716,0.0365092249655955,0.138596983544164,0.281956881284714,41.6846771240234
Xinjiang,3115,0.713233327865601,100,85.9979095458984,1360,0.0491553825225537,0.0112249258649716,0.0365092249655955,0.138596983544164,0.281956881284714,41.6846771240234
Xinjiang,3116,0.341233325004578,177,83.5381927490234,2069,0.0491553825225537,0.0112249258649716,0.0365092249655955,0.138596983544164,0.281956881284714,41.6846771240234
Xinjiang,3117,0.177666664123535,160,81.0533447265625,2100,0.0491553825225537,0.0112249258649716,0.0365092249655955,0.138596983544164,0.281956881284714,41.6846771240234
Xinjiang,3118,0.242183327674866,127,96.8683547973633,2109,0.0491553825225537,0.0112249258649716,0.0365092249655955,0.138596983544164,0.281956881284714,41.6846771240234
Xinjiang,3119,0.760199975967407,46,89.8959884643555,953,0.0491553825225537,0.0112249258649716,0.0365092249655955,0.138596983544164,0.281956881284714,41.6846771240234
Xinjiang,3120,0.932016658782959,26,100.615081787109,517,0.0491553825225537,0.0112249258649716,0.0365092249655955,0.138596983544164,0.281956881284714,41.6846771240234
Xinjiang,3148,-1.81106662750244,446,83.4461135864258,5478,0.0491553825225537,0.0112249258649716,0.0365092249655955,0.138596983544164,0.281956881284714,41.6846771240234
Xinjiang,3149,-0.625500011444092,341,86.4073715209961,3754,0.0491553825225537,0.0112249258649716,0.0365092249655955,0.138596983544164,0.281956881284714,41.6846771240234
Xinjiang,3150,-0.667816638946533,353,86.5357666015625,3728,0.0491553825225537,0.0112249258649716,0.0365092249655955,0.138596983544164,0.281956881284714,41.6846771240234
Xinjiang,3151,-0.717750024795532,369,83.656135559082,3673,0.0491553825225537,0.0112249258649716,0.0365092249655955,0.138596983544164,0.281956881284714,41.6846771240234
Xinjiang,3152,-0.1567999958992,294,87.2654190063477,2820,0.0491553825225537,0.0112249258649716,0.0365092249655955,0.138596983544164,0.281956881284714,41.6846771240234
Xinjiang,3153,-0.814083385467529,378,90.523551940918,3823,0.0491553825225537,0.0112249258649716,0.0365092249655955,0.138596983544164,0.281956881284714,41.6846771240234
Xinjiang,3154,-0.413350009918213,278,92.8935317993164,2728,0.0491553825225537,0.0112249258649716,0.0365092249655955,0.138596983544164,0.281956881284714,41.6846771240234
Xinjiang,3155,-0.28105001449585,243,92.8280639648438,2434,0.0491553825225537,0.0112249258649716,0.0365092249655955,0.138596983544164,0.281956881284714,41.6846771240234
Xinjiang,3156,-0.685366678237915,351,92.8633575439453,3536,0.0491553825225537,0.0112249258649716,0.0365092249655955,0.138596983544164,0.281956881284714,41.6846771240234
Xinjiang,3157,-0.481333351135254,311,93.3100051879883,3213,0.0491553825225537,0.0112249258649716,0.0365092249655955,0.138596983544164,0.281956881284714,41.6846771240234
Xinjiang,3158,-0.313266658782959,306,96.751335144043,3217,0.0491553825225537,0.0112249258649716,0.0365092249655955,0.138596983544164,0.281956881284714,41.6846771240234
Xinjiang,3159,-0.676183319091797,355,93.0009536743164,3753,0.0491553825225537,0.0112249258649716,0.0365092249655955,0.138596983544164,0.281956881284714,41.6846771240234
Xinjiang,3160,-0.0993500053882599,265,88.1740264892578,2772,0.0491553825225537,0.0112249258649716,0.0365092249655955,0.138596983544164,0.281956881284714,41.6846771240234
Xinjiang,3161,0.580533361434937,173,64.9508056640625,1550,0.0491553825225537,0.0112249258649716,0.0365092249655955,0.138596983544164,0.281956881284714,41.6846771240234
Xinjiang,3162,0.508666658401489,173,67.7185516357422,1746,0.0491553825225537,0.0112249258649716,0.0365092249655955,0.138596983544164,0.281956881284714,41.6846771240234
Xinjiang,3163,-0.294033336639404,277,86.2203521728516,3240,0.0491553825225537,0.0112249258649716,0.0365092249655955,0.138596983544164,0.281956881284714,41.6846771240234
Xinjiang,3164,-0.280850005149841,256,80.8754425048828,2971,0.0491553825225537,0.0112249258649716,0.0365092249655955,0.138596983544164,0.281956881284714,41.6846771240234
Xinjiang,3165,-0.180766665935516,226,80.380485534668,2889,0.0491553825225537,0.0112249258649716,0.0365092249655955,0.138596983544164,0.281956881284714,41.6846771240234
Xinjiang,3166,0.362016677856445,127,72.2726211547852,1810,0.0491553825225537,0.0112249258649716,0.0365092249655955,0.138596983544164,0.281956881284714,41.6846771240234
Xinjiang,3167,0.498650026321411,111,84.7586898803711,1660,0.0491553825225537,0.0112249258649716,0.0365092249655955,0.138596983544164,0.281956881284714,41.6846771240234
Xinjiang,3168,0.371783351898193,165,76.6554260253906,1886,0.0491553825225537,0.0112249258649716,0.0365092249655955,0.138596983544164,0.281956881284714,41.6846771240234
Xinjiang,3169,0.337266659736633,180,72.7893905639649,1638,0.0491553825225537,0.0112249258649716,0.0365092249655955,0.138596983544164,0.281956881284714,41.6846771240234
Xinjiang,3170,-0.345083332061768,233,86.9291076660156,3195,0.0491553825225537,0.0112249258649716,0.0365092249655955,0.138596983544164,0.281956881284714,41.6846771240234
Xinjiang,3171,0.882666683197022,46,84.0803527832031,677,0.0491553825225537,0.0112249258649716,0.0365092249655955,0.138596983544164,0.281956881284714,41.6846771240234
Xinjiang,3172,0.936766624450684,30,99.3485260009766,492,0.0491553825225537,0.0112249258649716,0.0365092249655955,0.138596983544164,0.281956881284714,41.6846771240234
Xinjiang,3173,0.776599979400635,35,107.476013183594,769,0.0491553825225537,0.0112249258649716,0.0365092249655955,0.138596983544164,0.281956881284714,41.6846771240234
Xinjiang,3202,-0.133200001716614,359,71.0715408325195,2820,0.0491553825225537,0.0112249258649716,0.0365092249655955,0.138596983544164,0.281956881284714,41.6846771240234
Xinjiang,3203,-0.545383358001709,379,79.7895812988281,3366,0.0491553825225537,0.0112249258649716,0.0365092249655955,0.138596983544164,0.281956881284714,41.6846771240234
Xinjiang,3204,0.350933337211609,265,68.8809509277344,1866,0.0491553825225537,0.0112249258649716,0.0365092249655955,0.138596983544164,0.281956881284714,41.6846771240234
Xinjiang,3205,-0.776849985122681,393,84.3096542358398,3629,0.0491553825225537,0.0112249258649716,0.0365092249655955,0.138596983544164,0.281956881284714,41.6846771240234
Xinjiang,3206,-0.712416648864746,360,87.9775161743164,3363,0.0491553825225537,0.0112249258649716,0.0365092249655955,0.138596983544164,0.281956881284714,41.6846771240234
Xinjiang,3207,-0.917066669464111,385,89.0297088623047,3649,0.0491553825225537,0.0112249258649716,0.0365092249655955,0.138596983544164,0.281956881284714,41.6846771240234
Xinjiang,3208,-0.376933312416077,290,86.6061630249024,2552,0.0491553825225537,0.0112249258649716,0.0365092249655955,0.138596983544164,0.281956881284714,41.6846771240234
Xinjiang,3209,-0.724733352661133,360,88.8335571289063,3389,0.0491553825225537,0.0112249258649716,0.0365092249655955,0.138596983544164,0.281956881284714,41.6846771240234
Xinjiang,3210,-1.00251665115356,426,89.7671356201172,4279,0.0491553825225537,0.0112249258649716,0.0365092249655955,0.138596983544164,0.281956881284714,41.6846771240234
Xinjiang,3211,-0.540666675567627,348,92.8885498046875,3411,0.0491553825225537,0.0112249258649716,0.0365092249655955,0.138596983544164,0.281956881284714,41.6846771240234
Xinjiang,3212,0.496933317184448,229,75.5874481201172,1680,0.0491553825225537,0.0112249258649716,0.0365092249655955,0.138596983544164,0.281956881284714,41.6846771240234
Xinjiang,3213,0.504050016403198,228,58.0751876831055,1414,0.0491553825225537,0.0112249258649716,0.0365092249655955,0.138596983544164,0.281956881284714,41.6846771240234
Xinjiang,3214,0.282683324813843,225,71.7398834228516,2095,0.0491553825225537,0.0112249258649716,0.0365092249655955,0.138596983544164,0.281956881284714,41.6846771240234
Xinjiang,3215,-0.785666656494141,364,80.1904678344727,3825,0.0491553825225537,0.0112249258649716,0.0365092249655955,0.138596983544164,0.281956881284714,41.6846771240234
Xinjiang,3216,0.534800004959106,172,50.3894424438477,1122,0.0491553825225537,0.0112249258649716,0.0365092249655955,0.138596983544164,0.281956881284714,41.6846771240234
Xinjiang,3217,0.556183338165283,132,52.7046279907227,960,0.0491553825225537,0.0112249258649716,0.0365092249655955,0.138596983544164,0.281956881284714,41.6846771240234
Xinjiang,3218,0.594250011444092,99,59.5933265686035,1029,0.0491553825225537,0.0112249258649716,0.0365092249655955,0.138596983544164,0.281956881284714,41.6846771240234
Xinjiang,3219,0.62868332862854,87,73.1165008544922,1189,0.0491553825225537,0.0112249258649716,0.0365092249655955,0.138596983544164,0.281956881284714,41.6846771240234
Xinjiang,3220,0.46729998588562,118,71.9153137207031,1564,0.0491553825225537,0.0112249258649716,0.0365092249655955,0.138596983544164,0.281956881284714,41.6846771240234
Xinjiang,3221,0.450666666030884,133,79.336784362793,1623,0.0491553825225537,0.0112249258649716,0.0365092249655955,0.138596983544164,0.281956881284714,41.6846771240234
Xinjiang,3222,0.640583324432373,100,81.7679214477539,1177,0.0491553825225537,0.0112249258649716,0.0365092249655955,0.138596983544164,0.281956881284714,41.6846771240234
Xinjiang,3223,0.771000003814697,66,84.6471633911133,844,0.0491553825225537,0.0112249258649716,0.0365092249655955,0.138596983544164,0.281956881284714,41.6846771240234
Xinjiang,3224,0.76875,50,87.6651382446289,731,0.0491553825225537,0.0112249258649716,0.0365092249655955,0.138596983544164,0.281956881284714,41.6846771240234
Xinjiang,3254,0.214466667175293,393,53.5442886352539,2156,0.0491553825225537,0.0112249258649716,0.0365092249655955,0.138596983544164,0.281956881284714,41.6846771240234
Xinjiang,3255,0.321083331108093,317,51.0746841430664,1860,0.0491553825225537,0.0112249258649716,0.0365092249655955,0.138596983544164,0.281956881284714,41.6846771240234
Xinjiang,3256,0.554099988937378,257,48.6618499755859,1403,0.0491553825225537,0.0112249258649716,0.0365092249655955,0.138596983544164,0.281956881284714,41.6846771240234
Xinjiang,3257,0.441699981689453,274,58.9814376831055,1710,0.0491553825225537,0.0112249258649716,0.0365092249655955,0.138596983544164,0.281956881284714,41.6846771240234
Xinjiang,3258,0.806833362579346,184,58.5113105773926,867,0.0491553825225537,0.0112249258649716,0.0365092249655955,0.138596983544164,0.281956881284714,41.6846771240234
Xinjiang,3259,0.529166650772095,212,62.8630447387695,1256,0.0491553825225537,0.0112249258649716,0.0365092249655955,0.138596983544164,0.281956881284714,41.6846771240234
Xinjiang,3260,-0.814799976348877,404,84.282958984375,3417,0.0491553825225537,0.0112249258649716,0.0365092249655955,0.138596983544164,0.281956881284714,41.6846771240234
Xinjiang,3261,-0.94055004119873,415,85.4633255004883,3832,0.0491553825225537,0.0112249258649716,0.0365092249655955,0.138596983544164,0.281956881284714,41.6846771240234
Xinjiang,3262,-0.0939333319664001,284,88.5896759033203,2502,0.0491553825225537,0.0112249258649716,0.0365092249655955,0.138596983544164,0.281956881284714,41.6846771240234
Xinjiang,3263,0.52388334274292,207,67.3984756469727,1322,0.0491553825225537,0.0112249258649716,0.0365092249655955,0.138596983544164,0.281956881284714,41.6846771240234
Xinjiang,3264,0.650633335113525,183,55.7331695556641,968,0.0491553825225537,0.0112249258649716,0.0365092249655955,0.138596983544164,0.281956881284714,41.6846771240234
Xinjiang,3265,0.793966674804688,181,39.5427551269531,550,0.0491553825225537,0.0112249258649716,0.0365092249655955,0.138596983544164,0.281956881284714,41.6846771240234
Xinjiang,3266,0.758366680145264,180,36.5407600402832,545,0.0491553825225537,0.0112249258649716,0.0365092249655955,0.138596983544164,0.281956881284714,41.6846771240234
Xinjiang,3267,0.699733352661133,164,37.0417137145996,609,0.0491553825225537,0.0112249258649716,0.0365092249655955,0.138596983544164,0.281956881284714,41.6846771240234
Xinjiang,3268,0.690799999237061,147,35.2711372375488,576,0.0491553825225537,0.0112249258649716,0.0365092249655955,0.138596983544164,0.281956881284714,41.6846771240234
Xinjiang,3269,0.710666656494141,128,43.7567901611328,654,0.0491553825225537,0.0112249258649716,0.0365092249655955,0.138596983544164,0.281956881284714,41.6846771240234
Xinjiang,3270,0.720850038528442,98,50.7079849243164,752,0.0491553825225537,0.0112249258649716,0.0365092249655955,0.138596983544164,0.281956881284714,41.6846771240234
Xinjiang,3271,0.691916656494141,85,64.7047653198242,954,0.0491553825225537,0.0112249258649716,0.0365092249655955,0.138596983544164,0.281956881284714,41.6846771240234
Xinjiang,3272,0.669149971008301,80,75.3065567016602,1053,0.0491553825225537,0.0112249258649716,0.0365092249655955,0.138596983544164,0.281956881284714,41.6846771240234
Xinjiang,3273,0.641316652297974,81,83.100456237793,1105,0.0491553825225537,0.0112249258649716,0.0365092249655955,0.138596983544164,0.281956881284714,41.6846771240234
Xinjiang,3274,0.825383377075195,56,88.1818008422852,639,0.0491553825225537,0.0112249258649716,0.0365092249655955,0.138596983544164,0.281956881284714,41.6846771240234
Xinjiang,3275,0.81026668548584,51,88.2734832763672,648,0.0491553825225537,0.0112249258649716,0.0365092249655955,0.138596983544164,0.281956881284714,41.6846771240234
Xinjiang,3303,0.672550010681152,281,36.8996925354004,1229,0.0491553825225537,0.0112249258649716,0.0365092249655955,0.138596983544164,0.281956881284714,41.6846771240234
Xinjiang,3304,0.845866680145264,226,30.8447170257568,777,0.0491553825225537,0.0112249258649716,0.0365092249655955,0.138596983544164,0.281956881284714,41.6846771240234
Xinjiang,3305,0.517399978637695,281,52.2874336242676,1494,0.0491553825225537,0.0112249258649716,0.0365092249655955,0.138596983544164,0.281956881284714,41.6846771240234
Xinjiang,3306,0.471600008010864,254,57.8632164001465,1435,0.0491553825225537,0.0112249258649716,0.0365092249655955,0.138596983544164,0.281956881284714,41.6846771240234
Xinjiang,3307,-0.71341667175293,412,77.0587844848633,3126,0.0491553825225537,0.0112249258649716,0.0365092249655955,0.138596983544164,0.281956881284714,41.6846771240234
Xinjiang,3308,-0.874899959564209,441,79.5434112548828,3820,0.0491553825225537,0.0112249258649716,0.0365092249655955,0.138596983544164,0.281956881284714,41.6846771240234
Xinjiang,3309,0.313883328437805,243,64.869987487793,1577,0.0491553825225537,0.0112249258649716,0.0365092249655955,0.138596983544164,0.281956881284714,41.6846771240234
Xinjiang,3310,0.711516666412354,160,56.3138275146484,843,0.0491553825225537,0.0112249258649716,0.0365092249655955,0.138596983544164,0.281956881284714,41.6846771240234
Xinjiang,3311,0.835633277893066,142,47.0865707397461,449,0.0491553825225537,0.0112249258649716,0.0365092249655955,0.138596983544164,0.281956881284714,41.6846771240234
Xinjiang,3312,0.824533367156982,145,44.023250579834,431,0.0491553825225537,0.0112249258649716,0.0365092249655955,0.138596983544164,0.281956881284714,41.6846771240234
Xinjiang,3313,0.785199975967407,162,38.3983764648438,424,0.0491553825225537,0.0112249258649716,0.0365092249655955,0.138596983544164,0.281956881284714,41.6846771240234
Xinjiang,3314,0.77921667098999,162,32.9437103271484,440,0.0491553825225537,0.0112249258649716,0.0365092249655955,0.138596983544164,0.281956881284714,41.6846771240234
Xinjiang,3315,0.705266666412354,161,36.6394577026367,584,0.0491553825225537,0.0112249258649716,0.0365092249655955,0.138596983544164,0.281956881284714,41.6846771240234
Xinjiang,3316,0.737833309173584,143,32.4218711853027,489,0.0491553825225537,0.0112249258649716,0.0365092249655955,0.138596983544164,0.281956881284714,41.6846771240234
Xinjiang,3317,0.743016672134399,125,38.7167930603027,595,0.0491553825225537,0.0112249258649716,0.0365092249655955,0.138596983544164,0.281956881284714,41.6846771240234
Xinjiang,3318,0.809083366394043,99,49.8886451721192,616,0.0491553825225537,0.0112249258649716,0.0365092249655955,0.138596983544164,0.281956881284714,41.6846771240234
Xinjiang,3319,0.681550025939941,89,65.5589370727539,978,0.0491553825225537,0.0112249258649716,0.0365092249655955,0.138596983544164,0.281956881284714,41.6846771240234
Xinjiang,3320,0.70111665725708,83,74.7213439941406,939,0.0491553825225537,0.0112249258649716,0.0365092249655955,0.138596983544164,0.281956881284714,41.6846771240234
Xinjiang,3348,0.93730001449585,232,26.8007831573486,585,0.0491553825225537,0.0112249258649716,0.0365092249655955,0.138596983544164,0.281956881284714,41.6846771240234
Xinjiang,3349,0.702416658401489,274,31.1340560913086,997,0.0491553825225537,0.0112249258649716,0.0365092249655955,0.138596983544164,0.281956881284714,41.6846771240234
Xinjiang,3350,-0.169283330440521,383,61.9825134277344,2377,0.0491553825225537,0.0112249258649716,0.0365092249655955,0.138596983544164,0.281956881284714,41.6846771240234
Xinjiang,3351,0.635933351516724,214,53.9037704467773,969,0.0491553825225537,0.0112249258649716,0.0365092249655955,0.138596983544164,0.281956881284714,41.6846771240234
Xinjiang,3352,-0.393299984931946,354,70.285285949707,2719,0.0491553825225537,0.0112249258649716,0.0365092249655955,0.138596983544164,0.281956881284714,41.6846771240234
Xinjiang,3353,0.874533367156982,174,45.7440414428711,495,0.0491553825225537,0.0112249258649716,0.0365092249655955,0.138596983544164,0.281956881284714,41.6846771240234
Xinjiang,3354,0.87306661605835,141,44.5090560913086,353,0.0491553825225537,0.0112249258649716,0.0365092249655955,0.138596983544164,0.281956881284714,41.6846771240234
Xinjiang,3355,0.853783321380615,141,44.6345252990723,349,0.0491553825225537,0.0112249258649716,0.0365092249655955,0.138596983544164,0.281956881284714,41.6846771240234
Xinjiang,3356,0.836450004577637,132,45.0868988037109,341,0.0491553825225537,0.0112249258649716,0.0365092249655955,0.138596983544164,0.281956881284714,41.6846771240234
Xinjiang,3357,0.808183288574219,148,42.9455261230469,360,0.0491553825225537,0.0112249258649716,0.0365092249655955,0.138596983544164,0.281956881284714,41.6846771240234
Xinjiang,3358,0.790666675567627,164,35.4084243774414,430,0.0491553825225537,0.0112249258649716,0.0365092249655955,0.138596983544164,0.281956881284714,41.6846771240234
Xinjiang,3359,0.727050018310547,171,35.4919853210449,522,0.0491553825225537,0.0112249258649716,0.0365092249655955,0.138596983544164,0.281956881284714,41.6846771240234
Xinjiang,3360,0.619983339309692,182,36.339958190918,696,0.0491553825225537,0.0112249258649716,0.0365092249655955,0.138596983544164,0.281956881284714,41.6846771240234
Xinjiang,3361,0.683383321762085,155,36.0531311035156,708,0.0491553825225537,0.0112249258649716,0.0365092249655955,0.138596983544164,0.281956881284714,41.6846771240234
Xinjiang,3362,0.441966676712036,164,46.0905914306641,1231,0.0491553825225537,0.0112249258649716,0.0365092249655955,0.138596983544164,0.281956881284714,41.6846771240234
Xinjiang,3363,0.445300006866455,143,49.3476524353027,1269,0.0491553825225537,0.0112249258649716,0.0365092249655955,0.138596983544164,0.281956881284714,41.6846771240234
Xinjiang,3388,0.478550004959106,361,36.461483001709,1467,0.0491553825225537,0.0112249258649716,0.0365092249655955,0.138596983544164,0.281956881284714,41.6846771240234
Xinjiang,3389,0.00993332713842392,372,48.0810737609863,2150,0.0491553825225537,0.0112249258649716,0.0365092249655955,0.138596983544164,0.281956881284714,41.6846771240234
Xinjiang,3390,0.716549968719482,219,45.3481636047363,754,0.0491553825225537,0.0112249258649716,0.0365092249655955,0.138596983544164,0.281956881284714,41.6846771240234
Xinjiang,3391,0.91118335723877,169,43.3788833618164,248,0.0491553825225537,0.0112249258649716,0.0365092249655955,0.138596983544164,0.281956881284714,41.6846771240234
Xinjiang,3392,0.910233306884766,153,45.9052047729492,194,0.0491553825225537,0.0112249258649716,0.0365092249655955,0.138596983544164,0.281956881284714,41.6846771240234
Xinjiang,3393,0.906616687774658,140,46.1976509094238,250,0.0491553825225537,0.0112249258649716,0.0365092249655955,0.138596983544164,0.281956881284714,41.6846771240234
Xinjiang,3394,0.848716640472412,136,47.8226356506348,282,0.0491553825225537,0.0112249258649716,0.0365092249655955,0.138596983544164,0.281956881284714,41.6846771240234
Xinjiang,3395,0.878283309936523,119,47.9111633300781,290,0.0491553825225537,0.0112249258649716,0.0365092249655955,0.138596983544164,0.281956881284714,41.6846771240234
Xinjiang,3396,0.910099983215332,125,47.0150489807129,313,0.0491553825225537,0.0112249258649716,0.0365092249655955,0.138596983544164,0.281956881284714,41.6846771240234
Xinjiang,3397,0.886533355712891,130,44.8377494812012,330,0.0491553825225537,0.0112249258649716,0.0365092249655955,0.138596983544164,0.281956881284714,41.6846771240234
Xinjiang,3398,0.78129997253418,147,40.0814743041992,426,0.0491553825225537,0.0112249258649716,0.0365092249655955,0.138596983544164,0.281956881284714,41.6846771240234
Xinjiang,3399,0.690133333206177,158,38.0526275634766,532,0.0491553825225537,0.0112249258649716,0.0365092249655955,0.138596983544164,0.281956881284714,41.6846771240234
Xinjiang,3400,0.606016683578491,171,36.6835021972656,734,0.0491553825225537,0.0112249258649716,0.0365092249655955,0.138596983544164,0.281956881284714,41.6846771240234
Xinjiang,3401,0.470766687393189,179,37.5492935180664,886,0.0491553825225537,0.0112249258649716,0.0365092249655955,0.138596983544164,0.281956881284714,41.6846771240234
Xinjiang,3402,0.468333339691162,160,36.5964317321777,953,0.0491553825225537,0.0112249258649716,0.0365092249655955,0.138596983544164,0.281956881284714,41.6846771240234
Xinjiang,3403,0.411250019073486,147,46.5377883911133,1236,0.0491553825225537,0.0112249258649716,0.0365092249655955,0.138596983544164,0.281956881284714,41.6846771240234
Xinjiang,3404,0.387200021743774,115,52.4478454589844,1081,0.0491553825225537,0.0112249258649716,0.0365092249655955,0.138596983544164,0.281956881284714,41.6846771240234
Xinjiang,3429,-0.549749994277954,531,52.9894714355469,3164,0.0491553825225537,0.0112249258649716,0.0365092249655955,0.138596983544164,0.281956881284714,41.6846771240234
Xinjiang,3430,0.452816677093506,294,33.6723861694336,1208,0.0491553825225537,0.0112249258649716,0.0365092249655955,0.138596983544164,0.281956881284714,41.6846771240234
Xinjiang,3431,0.58958330154419,237,42.5192756652832,944,0.0491553825225537,0.0112249258649716,0.0365092249655955,0.138596983544164,0.281956881284714,41.6846771240234
Xinjiang,3432,0.616583347320557,229,50.3085289001465,925,0.0491553825225537,0.0112249258649716,0.0365092249655955,0.138596983544164,0.281956881284714,41.6846771240234
Xinjiang,3433,0.441149997711182,252,53.6076393127441,1280,0.0491553825225537,0.0112249258649716,0.0365092249655955,0.138596983544164,0.281956881284714,41.6846771240234
Xinjiang,3434,0.385966658592224,259,58.4848899841309,1360,0.0491553825225537,0.0112249258649716,0.0365092249655955,0.138596983544164,0.281956881284714,41.6846771240234
Xinjiang,3435,0.588133335113525,197,60.6381797790527,1029,0.0491553825225537,0.0112249258649716,0.0365092249655955,0.138596983544164,0.281956881284714,41.6846771240234
Xinjiang,3436,0.89466667175293,110,57.9384918212891,324,0.0491553825225537,0.0112249258649716,0.0365092249655955,0.138596983544164,0.281956881284714,41.6846771240234
Xinjiang,3437,0.908733367919922,121,47.9684028625488,264,0.0491553825225537,0.0112249258649716,0.0365092249655955,0.138596983544164,0.281956881284714,41.6846771240234
Xinjiang,3438,0.907450008392334,139,37.6515769958496,267,0.0491553825225537,0.0112249258649716,0.0365092249655955,0.138596983544164,0.281956881284714,41.6846771240234
Xinjiang,3439,0.788966655731201,151,36.5355072021484,405,0.0491553825225537,0.0112249258649716,0.0365092249655955,0.138596983544164,0.281956881284714,41.6846771240234
Xinjiang,3440,0.665216684341431,159,36.1714630126953,544,0.0491553825225537,0.0112249258649716,0.0365092249655955,0.138596983544164,0.281956881284714,41.6846771240234
Xinjiang,3441,0.523566675186157,160,38.8258781433106,736,0.0491553825225537,0.0112249258649716,0.0365092249655955,0.138596983544164,0.281956881284714,41.6846771240234
Xinjiang,3442,0.471400022506714,173,34.0388412475586,826,0.0491553825225537,0.0112249258649716,0.0365092249655955,0.138596983544164,0.281956881284714,41.6846771240234
Xinjiang,3443,0.448333311080933,153,36.577880859375,896,0.0491553825225537,0.0112249258649716,0.0365092249655955,0.138596983544164,0.281956881284714,41.6846771240234
Xinjiang,3444,0.4,145,37.6507034301758,915,0.0491553825225537,0.0112249258649716,0.0365092249655955,0.138596983544164,0.281956881284714,41.6846771240234
Xinjiang,3445,0.268616652488709,131,50.7874603271484,1253,0.0491553825225537,0.0112249258649716,0.0365092249655955,0.138596983544164,0.281956881284714,41.6846771240234
Xinjiang,3468,0.0349166691303253,353,55.3242149353027,2035,0.0491553825225537,0.0112249258649716,0.0365092249655955,0.138596983544164,0.281956881284714,41.6846771240234
Xinjiang,3469,0.382850003242493,283,55.5981063842773,1378,0.0491553825225537,0.0112249258649716,0.0365092249655955,0.138596983544164,0.281956881284714,41.6846771240234
Xinjiang,3470,0.241249990463257,280,52.3749732971191,1466,0.0491553825225537,0.0112249258649716,0.0365092249655955,0.138596983544164,0.281956881284714,41.6846771240234
Xinjiang,3471,0.652399969100952,174,61.1125679016113,908,0.0491553825225537,0.0112249258649716,0.0365092249655955,0.138596983544164,0.281956881284714,41.6846771240234
Xinjiang,3472,0.845083332061768,148,48.5353660583496,404,0.0491553825225537,0.0112249258649716,0.0365092249655955,0.138596983544164,0.281956881284714,41.6846771240234
Xinjiang,3473,0.763266658782959,154,43.7913436889648,481,0.0491553825225537,0.0112249258649716,0.0365092249655955,0.138596983544164,0.281956881284714,41.6846771240234
Xinjiang,3474,0.694416666030884,178,41.706241607666,534,0.0491553825225537,0.0112249258649716,0.0365092249655955,0.138596983544164,0.281956881284714,41.6846771240234
Xinjiang,3475,0.587983322143555,149,45.2211761474609,606,0.0491553825225537,0.0112249258649716,0.0365092249655955,0.138596983544164,0.281956881284714,41.6846771240234
Xinjiang,3476,0.555800008773804,154,36.188362121582,638,0.0491553825225537,0.0112249258649716,0.0365092249655955,0.138596983544164,0.281956881284714,41.6846771240234
Xinjiang,3477,0.467066669464111,165,32.0774459838867,740,0.0491553825225537,0.0112249258649716,0.0365092249655955,0.138596983544164,0.281956881284714,41.6846771240234
Xinjiang,3478,0.360249996185303,157,32.533130645752,823,0.0491553825225537,0.0112249258649716,0.0365092249655955,0.138596983544164,0.281956881284714,41.6846771240234
Xinjiang,3479,0.22960000038147,153,41.5043907165527,1156,0.0491553825225537,0.0112249258649716,0.0365092249655955,0.138596983544164,0.281956881284714,41.6846771240234
Xinjiang,3480,0.0659499824047089,161,51.0113563537598,1488,0.0491553825225537,0.0112249258649716,0.0365092249655955,0.138596983544164,0.281956881284714,41.6846771240234
Xinjiang,3499,0.525566673278809,259,46.6889419555664,990,0.0491553825225537,0.0112249258649716,0.0365092249655955,0.138596983544164,0.281956881284714,41.6846771240234
Xinjiang,3500,0.769516658782959,210,42.5309906005859,495,0.0491553825225537,0.0112249258649716,0.0365092249655955,0.138596983544164,0.281956881284714,41.6846771240234
Xinjiang,3501,0.438383340835571,256,51.3137702941895,1129,0.0491553825225537,0.0112249258649716,0.0365092249655955,0.138596983544164,0.281956881284714,41.6846771240234
Xinjiang,3502,-0.0502166569232941,361,51.3548126220703,2092,0.0491553825225537,0.0112249258649716,0.0365092249655955,0.138596983544164,0.281956881284714,41.6846771240234
Xinjiang,3503,0.52553334236145,222,51.4449615478516,1066,0.0491553825225537,0.0112249258649716,0.0365092249655955,0.138596983544164,0.281956881284714,41.6846771240234
Xinjiang,3504,0.550433349609375,205,49.9345588684082,975,0.0491553825225537,0.0112249258649716,0.0365092249655955,0.138596983544164,0.281956881284714,41.6846771240234
Xinjiang,3505,0.486333322525024,193,48.8132934570313,920,0.0491553825225537,0.0112249258649716,0.0365092249655955,0.138596983544164,0.281956881284714,41.6846771240234
Xinjiang,3506,0.591966676712036,158,45.4317665100098,609,0.0491553825225537,0.0112249258649716,0.0365092249655955,0.138596983544164,0.281956881284714,41.6846771240234
Xinjiang,3507,0.564633321762085,160,37.4332580566406,548,0.0491553825225537,0.0112249258649716,0.0365092249655955,0.138596983544164,0.281956881284714,41.6846771240234
Xinjiang,3508,0.456383323669434,149,37.2614326477051,746,0.0491553825225537,0.0112249258649716,0.0365092249655955,0.138596983544164,0.281956881284714,41.6846771240234
Xinjiang,3509,0.355599999427795,146,35.3030281066895,796,0.0491553825225537,0.0112249258649716,0.0365092249655955,0.138596983544164,0.281956881284714,41.6846771240234
Xinjiang,3510,0.0521333396434784,165,45.260612487793,1387,0.0491553825225537,0.0112249258649716,0.0365092249655955,0.138596983544164,0.281956881284714,41.6846771240234
Xinjiang,3511,-0.770900011062622,221,81.8001251220703,3054,0.0491553825225537,0.0112249258649716,0.0365092249655955,0.138596983544164,0.281956881284714,41.6846771240234
Xinjiang,3533,0.666116666793823,236,39.0563659667969,572,0.0491553825225537,0.0112249258649716,0.0365092249655955,0.138596983544164,0.281956881284714,41.6846771240234
Xinjiang,3534,0.55019998550415,251,45.6878280639648,787,0.0491553825225537,0.0112249258649716,0.0365092249655955,0.138596983544164,0.281956881284714,41.6846771240234
Xinjiang,3535,-0.109883332252502,385,51.5299911499024,2031,0.0491553825225537,0.0112249258649716,0.0365092249655955,0.138596983544164,0.281956881284714,41.6846771240234
Xinjiang,3536,-0.177683329582214,382,53.9201774597168,2102,0.0491553825225537,0.0112249258649716,0.0365092249655955,0.138596983544164,0.281956881284714,41.6846771240234
Xinjiang,3537,-0.702799987792969,481,57.3614463806152,3148,0.0491553825225537,0.0112249258649716,0.0365092249655955,0.138596983544164,0.281956881284714,41.6846771240234
Xinjiang,3538,0.277900004386902,265,49.2367553710938,1407,0.0491553825225537,0.0112249258649716,0.0365092249655955,0.138596983544164,0.281956881284714,41.6846771240234
Xinjiang,3539,0.583766651153565,151,46.609619140625,478,0.0491553825225537,0.0112249258649716,0.0365092249655955,0.138596983544164,0.281956881284714,41.6846771240234
Xinjiang,3540,0.581583309173584,154,34.8508911132813,520,0.0491553825225537,0.0112249258649716,0.0365092249655955,0.138596983544164,0.281956881284714,41.6846771240234
Xinjiang,3541,0.480416631698608,157,34.8459930419922,695,0.0491553825225537,0.0112249258649716,0.0365092249655955,0.138596983544164,0.281956881284714,41.6846771240234
Xinjiang,3542,0.309616661071777,157,39.297004699707,904,0.0491553825225537,0.0112249258649716,0.0365092249655955,0.138596983544164,0.281956881284714,41.6846771240234
Xinjiang,3543,-0.285800004005432,165,71.2890853881836,2062,0.0491553825225537,0.0112249258649716,0.0365092249655955,0.138596983544164,0.281956881284714,41.6846771240234
Xinjiang,3544,-0.805266666412354,222,79.880973815918,3064,0.0491553825225537,0.0112249258649716,0.0365092249655955,0.138596983544164,0.281956881284714,41.6846771240234
Xinjiang,3569,0.0816833257675171,371,42.5308532714844,1570,0.0491553825225537,0.0112249258649716,0.0365092249655955,0.138596983544164,0.281956881284714,41.6846771240234
Xinjiang,3570,0.421733331680298,275,45.0489082336426,841,0.0491553825225537,0.0112249258649716,0.0365092249655955,0.138596983544164,0.281956881284714,41.6846771240234
Xinjiang,3571,0.47408332824707,241,39.7070922851563,852,0.0491553825225537,0.0112249258649716,0.0365092249655955,0.138596983544164,0.281956881284714,41.6846771240234
Xinjiang,3572,0.567283344268799,183,39.9784774780273,478,0.0491553825225537,0.0112249258649716,0.0365092249655955,0.138596983544164,0.281956881284714,41.6846771240234
Xinjiang,3573,0.545933341979981,170,38.2224617004395,560,0.0491553825225537,0.0112249258649716,0.0365092249655955,0.138596983544164,0.281956881284714,41.6846771240234
Xinjiang,3574,0.256816673278809,186,40.1599617004395,1175,0.0491553825225537,0.0112249258649716,0.0365092249655955,0.138596983544164,0.281956881284714,41.6846771240234
Xinjiang,3575,-0.241966676712036,172,65.2963943481445,1937,0.0491553825225537,0.0112249258649716,0.0365092249655955,0.138596983544164,0.281956881284714,41.6846771240234
Xinjiang,3576,-0.659833335876465,171,84.9990692138672,2592,0.0491553825225537,0.0112249258649716,0.0365092249655955,0.138596983544164,0.281956881284714,41.6846771240234
Xinjiang,3604,0.533249998092651,261,36.1561088562012,479,0.0491553825225537,0.0112249258649716,0.0365092249655955,0.138596983544164,0.281956881284714,41.6846771240234
Xinjiang,3605,0.444916677474976,242,40.3821258544922,713,0.0491553825225537,0.0112249258649716,0.0365092249655955,0.138596983544164,0.281956881284714,41.6846771240234
Xinjiang,3606,-0.0892499923706055,253,49.2830238342285,1624,0.0491553825225537,0.0112249258649716,0.0365092249655955,0.138596983544164,0.281956881284714,41.6846771240234
Xinjiang,3607,-0.704233312606812,248,68.8333587646484,2585,0.0491553825225537,0.0112249258649716,0.0365092249655955,0.138596983544164,0.281956881284714,41.6846771240234
Xinjiang,3635,-0.208733344078064,368,49.4258155822754,1838,0.0491553825225537,0.0112249258649716,0.0365092249655955,0.138596983544164,0.281956881284714,41.6846771240234
Xinjiang,3636,-0.660866689682007,348,65.9660186767578,2578,0.0491553825225537,0.0112249258649716,0.0365092249655955,0.138596983544164,0.281956881284714,41.6846771240234
Xinjiang,3637,-0.882816696166992,277,72.6877212524414,2779,0.0491553825225537,0.0112249258649716,0.0365092249655955,0.138596983544164,0.281956881284714,41.6846771240234
Xinjiang,3665,-0.759416675567627,389,64.0993423461914,2549,0.0491553825225537,0.0112249258649716,0.0365092249655955,0.138596983544164,0.281956881284714,41.6846771240234
Yunnan,20,2.15343341827393,1704,81.6111755371094,871,0.0414938965274204,0.0255717391345999,0.0642392426901583,0.203671072863646,0.490845859050751,353.563262939453
Yunnan,25,1.88063335418701,1524,83.9629821777344,1485,0.0414938965274204,0.0255717391345999,0.0642392426901583,0.203671072863646,0.490845859050751,353.563262939453
Yunnan,26,1.89931659698486,1583,82.9191665649414,1458,0.0414938965274204,0.0255717391345999,0.0642392426901583,0.203671072863646,0.490845859050751,353.563262939453
Yunnan,27,2.1079833984375,1616,78.5024642944336,972,0.0414938965274204,0.0255717391345999,0.0642392426901583,0.203671072863646,0.490845859050751,353.563262939453
Yunnan,28,2.00779991149902,1574,74.7930145263672,1084,0.0414938965274204,0.0255717391345999,0.0642392426901583,0.203671072863646,0.490845859050751,353.563262939453
Yunnan,40,1.96525001525879,1492,85.6497116088867,1269,0.0414938965274204,0.0255717391345999,0.0642392426901583,0.203671072863646,0.490845859050751,353.563262939453
Yunnan,41,1.83213329315186,1526,85.9403457641602,1508,0.0414938965274204,0.0255717391345999,0.0642392426901583,0.203671072863646,0.490845859050751,353.563262939453
Yunnan,42,2.16578330993652,1594,81.6651000976563,778,0.0414938965274204,0.0255717391345999,0.0642392426901583,0.203671072863646,0.490845859050751,353.563262939453
Yunnan,43,2.01406669616699,1517,79.839714050293,1044,0.0414938965274204,0.0255717391345999,0.0642392426901583,0.203671072863646,0.490845859050751,353.563262939453
Yunnan,44,1.96849994659424,1420,77.4735641479492,1136,0.0414938965274204,0.0255717391345999,0.0642392426901583,0.203671072863646,0.490845859050751,353.563262939453
Yunnan,59,1.69273338317871,1456,85.6602096557617,1920,0.0414938965274204,0.0255717391345999,0.0642392426901583,0.203671072863646,0.490845859050751,353.563262939453
Yunnan,60,1.7070333480835,1468,85.8926162719727,1865,0.0414938965274204,0.0255717391345999,0.0642392426901583,0.203671072863646,0.490845859050751,353.563262939453
Yunnan,61,1.9767333984375,1512,86.4936981201172,1217,0.0414938965274204,0.0255717391345999,0.0642392426901583,0.203671072863646,0.490845859050751,353.563262939453
Yunnan,62,1.79829998016357,1443,86.074104309082,1518,0.0414938965274204,0.0255717391345999,0.0642392426901583,0.203671072863646,0.490845859050751,353.563262939453
Yunnan,63,2.0453332901001,1384,81.5918045043945,939,0.0414938965274204,0.0255717391345999,0.0642392426901583,0.203671072863646,0.490845859050751,353.563262939453
Yunnan,64,1.8921667098999,1301,84.9210739135742,1220,0.0414938965274204,0.0255717391345999,0.0642392426901583,0.203671072863646,0.490845859050751,353.563262939453
Yunnan,65,1.6833833694458,1305,88.4549255371094,1592,0.0414938965274204,0.0255717391345999,0.0642392426901583,0.203671072863646,0.490845859050751,353.563262939453
Yunnan,66,1.64314994812012,1402,86.9206008911133,1603,0.0414938965274204,0.0255717391345999,0.0642392426901583,0.203671072863646,0.490845859050751,353.563262939453
Yunnan,67,2.26396675109863,1528,82.7525253295899,294,0.0414938965274204,0.0255717391345999,0.0642392426901583,0.203671072863646,0.490845859050751,353.563262939453
Yunnan,68,1.59258337020874,1754,89.1576461791992,1553,0.0414938965274204,0.0255717391345999,0.0642392426901583,0.203671072863646,0.490845859050751,353.563262939453
Yunnan,69,1.71666660308838,1669,96.8559722900391,1312,0.0414938965274204,0.0255717391345999,0.0642392426901583,0.203671072863646,0.490845859050751,353.563262939453
Yunnan,84,1.77148342132568,1455,87.0793762207031,1755,0.0414938965274204,0.0255717391345999,0.0642392426901583,0.203671072863646,0.490845859050751,353.563262939453
Yunnan,85,1.93815002441406,1422,88.5919799804688,1380,0.0414938965274204,0.0255717391345999,0.0642392426901583,0.203671072863646,0.490845859050751,353.563262939453
Yunnan,86,1.90103340148926,1389,89.196044921875,1449,0.0414938965274204,0.0255717391345999,0.0642392426901583,0.203671072863646,0.490845859050751,353.563262939453
Yunnan,87,2.00448341369629,1380,88.7851104736328,1153,0.0414938965274204,0.0255717391345999,0.0642392426901583,0.203671072863646,0.490845859050751,353.563262939453
Yunnan,88,1.70786666870117,1287,85.7935256958008,1831,0.0414938965274204,0.0255717391345999,0.0642392426901583,0.203671072863646,0.490845859050751,353.563262939453
Yunnan,89,1.7933500289917,1234,85.3923263549805,1626,0.0414938965274204,0.0255717391345999,0.0642392426901583,0.203671072863646,0.490845859050751,353.563262939453
Yunnan,90,1.41075000762939,1214,84.5837173461914,2220,0.0414938965274204,0.0255717391345999,0.0642392426901583,0.203671072863646,0.490845859050751,353.563262939453
Yunnan,91,2.20453338623047,1305,88.7309494018555,495,0.0414938965274204,0.0255717391345999,0.0642392426901583,0.203671072863646,0.490845859050751,353.563262939453
Yunnan,92,1.6400333404541,1181,87.1903228759766,1564,0.0414938965274204,0.0255717391345999,0.0642392426901583,0.203671072863646,0.490845859050751,353.563262939453
Yunnan,93,1.56086664199829,1319,85.0090179443359,1719,0.0414938965274204,0.0255717391345999,0.0642392426901583,0.203671072863646,0.490845859050751,353.563262939453
Yunnan,94,1.49721670150757,1436,87.6434555053711,1792,0.0414938965274204,0.0255717391345999,0.0642392426901583,0.203671072863646,0.490845859050751,353.563262939453
Yunnan,95,1.63606662750244,1425,88.6466522216797,1461,0.0414938965274204,0.0255717391345999,0.0642392426901583,0.203671072863646,0.490845859050751,353.563262939453
Yunnan,96,1.64863338470459,1429,87.2754287719727,1415,0.0414938965274204,0.0255717391345999,0.0642392426901583,0.203671072863646,0.490845859050751,353.563262939453
Yunnan,97,1.66590003967285,1418,88.8501129150391,1395,0.0414938965274204,0.0255717391345999,0.0642392426901583,0.203671072863646,0.490845859050751,353.563262939453
Yunnan,118,2.18383331298828,1458,93.9717178344727,817,0.0414938965274204,0.0255717391345999,0.0642392426901583,0.203671072863646,0.490845859050751,353.563262939453
Yunnan,119,1.85538330078125,1310,89.0022888183594,1596,0.0414938965274204,0.0255717391345999,0.0642392426901583,0.203671072863646,0.490845859050751,353.563262939453
Yunnan,120,1.55598335266113,1216,84.7921981811524,2147,0.0414938965274204,0.0255717391345999,0.0642392426901583,0.203671072863646,0.490845859050751,353.563262939453
Yunnan,121,1.86593341827393,1202,88.1071548461914,1524,0.0414938965274204,0.0255717391345999,0.0642392426901583,0.203671072863646,0.490845859050751,353.563262939453
Yunnan,122,1.89033336639404,1185,86.4685745239258,1419,0.0414938965274204,0.0255717391345999,0.0642392426901583,0.203671072863646,0.490845859050751,353.563262939453
Yunnan,123,1.66340007781982,1119,84.8373718261719,1878,0.0414938965274204,0.0255717391345999,0.0642392426901583,0.203671072863646,0.490845859050751,353.563262939453
Yunnan,124,1.77106666564941,1051,85.792839050293,1553,0.0414938965274204,0.0255717391345999,0.0642392426901583,0.203671072863646,0.490845859050751,353.563262939453
Yunnan,125,1.59534997940063,1033,85.9613342285156,1797,0.0414938965274204,0.0255717391345999,0.0642392426901583,0.203671072863646,0.490845859050751,353.563262939453
Yunnan,126,1.71346664428711,1005,87.7539291381836,1583,0.0414938965274204,0.0255717391345999,0.0642392426901583,0.203671072863646,0.490845859050751,353.563262939453
Yunnan,127,1.63786659240723,1056,86.0466384887695,1595,0.0414938965274204,0.0255717391345999,0.0642392426901583,0.203671072863646,0.490845859050751,353.563262939453
Yunnan,128,1.5768500328064,1168,84.669059753418,1636,0.0414938965274204,0.0255717391345999,0.0642392426901583,0.203671072863646,0.490845859050751,353.563262939453
Yunnan,129,1.58109998703003,1215,83.8208541870117,1573,0.0414938965274204,0.0255717391345999,0.0642392426901583,0.203671072863646,0.490845859050751,353.563262939453
Yunnan,130,1.53660001754761,1230,84.0165710449219,1651,0.0414938965274204,0.0255717391345999,0.0642392426901583,0.203671072863646,0.490845859050751,353.563262939453
Yunnan,131,1.87038326263428,1221,86.7973785400391,984,0.0414938965274204,0.0255717391345999,0.0642392426901583,0.203671072863646,0.490845859050751,353.563262939453
Yunnan,132,2.07963333129883,1274,86.8448486328125,530,0.0414938965274204,0.0255717391345999,0.0642392426901583,0.203671072863646,0.490845859050751,353.563262939453
Yunnan,154,1.95443325042725,1565,90.8667602539063,1050,0.0414938965274204,0.0255717391345999,0.0642392426901583,0.203671072863646,0.490845859050751,353.563262939453
Yunnan,155,1.64069995880127,1288,84.7243041992188,1961,0.0414938965274204,0.0255717391345999,0.0642392426901583,0.203671072863646,0.490845859050751,353.563262939453
Yunnan,156,1.24046669006348,1178,80.2158584594727,2646,0.0414938965274204,0.0255717391345999,0.0642392426901583,0.203671072863646,0.490845859050751,353.563262939453
Yunnan,157,1.87411670684814,1114,88.0796051025391,1503,0.0414938965274204,0.0255717391345999,0.0642392426901583,0.203671072863646,0.490845859050751,353.563262939453
Yunnan,158,1.69381656646729,1061,84.6809997558594,1941,0.0414938965274204,0.0255717391345999,0.0642392426901583,0.203671072863646,0.490845859050751,353.563262939453
Yunnan,159,1.89993324279785,1042,85.6209869384766,1502,0.0414938965274204,0.0255717391345999,0.0642392426901583,0.203671072863646,0.490845859050751,353.563262939453
Yunnan,160,2.07163333892822,1103,81.2492370605469,1045,0.0414938965274204,0.0255717391345999,0.0642392426901583,0.203671072863646,0.490845859050751,353.563262939453
Yunnan,161,1.72318325042725,950,84.3329696655274,1618,0.0414938965274204,0.0255717391345999,0.0642392426901583,0.203671072863646,0.490845859050751,353.563262939453
Yunnan,162,1.64993343353272,911,83.5432052612305,1706,0.0414938965274204,0.0255717391345999,0.0642392426901583,0.203671072863646,0.490845859050751,353.563262939453
Yunnan,163,1.34449996948242,1037,82.2954559326172,2255,0.0414938965274204,0.0255717391345999,0.0642392426901583,0.203671072863646,0.490845859050751,353.563262939453
Yunnan,164,1.49703330993652,1009,83.0220718383789,1826,0.0414938965274204,0.0255717391345999,0.0642392426901583,0.203671072863646,0.490845859050751,353.563262939453
Yunnan,165,1.66286659240723,1046,81.1057205200195,1464,0.0414938965274204,0.0255717391345999,0.0642392426901583,0.203671072863646,0.490845859050751,353.563262939453
Yunnan,166,1.75921669006348,1110,80.9019241333008,1203,0.0414938965274204,0.0255717391345999,0.0642392426901583,0.203671072863646,0.490845859050751,353.563262939453
Yunnan,167,1.75441665649414,1131,79.4667816162109,1167,0.0414938965274204,0.0255717391345999,0.0642392426901583,0.203671072863646,0.490845859050751,353.563262939453
Yunnan,192,2.08856658935547,1666,96.3918533325195,761,0.0414938965274204,0.0255717391345999,0.0642392426901583,0.203671072863646,0.490845859050751,353.563262939453
Yunnan,193,1.63889999389648,1594,86.8141250610352,1776,0.0414938965274204,0.0255717391345999,0.0642392426901583,0.203671072863646,0.490845859050751,353.563262939453
Yunnan,194,1.75319995880127,1494,89.5867691040039,1440,0.0414938965274204,0.0255717391345999,0.0642392426901583,0.203671072863646,0.490845859050751,353.563262939453
Yunnan,195,2.00888328552246,1360,90.5907897949219,1063,0.0414938965274204,0.0255717391345999,0.0642392426901583,0.203671072863646,0.490845859050751,353.563262939453
Yunnan,196,1.77679996490479,1097,80.7966003417969,1590,0.0414938965274204,0.0255717391345999,0.0642392426901583,0.203671072863646,0.490845859050751,353.563262939453
Yunnan,197,1.42778329849243,1010,76.8941040039063,2356,0.0414938965274204,0.0255717391345999,0.0642392426901583,0.203671072863646,0.490845859050751,353.563262939453
Yunnan,198,1.55209999084473,969,79.8719329833984,2033,0.0414938965274204,0.0255717391345999,0.0642392426901583,0.203671072863646,0.490845859050751,353.563262939453
Yunnan,199,1.75930004119873,936,81.7892837524414,1672,0.0414938965274204,0.0255717391345999,0.0642392426901583,0.203671072863646,0.490845859050751,353.563262939453
Yunnan,200,1.93641662597656,906,84.7623138427734,1394,0.0414938965274204,0.0255717391345999,0.0642392426901583,0.203671072863646,0.490845859050751,353.563262939453
Yunnan,201,1.43030004501343,911,83.7507934570313,2198,0.0414938965274204,0.0255717391345999,0.0642392426901583,0.203671072863646,0.490845859050751,353.563262939453
Yunnan,202,1.43251667022705,925,83.4822082519531,2086,0.0414938965274204,0.0255717391345999,0.0642392426901583,0.203671072863646,0.490845859050751,353.563262939453
Yunnan,203,1.52930002212524,920,82.1512680053711,1873,0.0414938965274204,0.0255717391345999,0.0642392426901583,0.203671072863646,0.490845859050751,353.563262939453
Yunnan,204,1.39479999542236,994,81.6106719970703,2027,0.0414938965274204,0.0255717391345999,0.0642392426901583,0.203671072863646,0.490845859050751,353.563262939453
Yunnan,205,1.35963335037231,1066,81.2357177734375,2031,0.0414938965274204,0.0255717391345999,0.0642392426901583,0.203671072863646,0.490845859050751,353.563262939453
Yunnan,206,1.84498329162598,1128,79.2815856933594,964,0.0414938965274204,0.0255717391345999,0.0642392426901583,0.203671072863646,0.490845859050751,353.563262939453
Yunnan,234,1.50058336257935,1649,82.9000701904297,1897,0.0414938965274204,0.0255717391345999,0.0642392426901583,0.203671072863646,0.490845859050751,353.563262939453
Yunnan,235,1.4690333366394,1356,78.037467956543,2056,0.0414938965274204,0.0255717391345999,0.0642392426901583,0.203671072863646,0.490845859050751,353.563262939453
Yunnan,236,1.71009998321533,1112,77.4060974121094,1619,0.0414938965274204,0.0255717391345999,0.0642392426901583,0.203671072863646,0.490845859050751,353.563262939453
Yunnan,237,1.61341667175293,953,72.9989852905274,1792,0.0414938965274204,0.0255717391345999,0.0642392426901583,0.203671072863646,0.490845859050751,353.563262939453
Yunnan,238,1.75613327026367,923,74.5298919677734,1665,0.0414938965274204,0.0255717391345999,0.0642392426901583,0.203671072863646,0.490845859050751,353.563262939453
Yunnan,239,1.86616668701172,891,78.3369445800781,1482,0.0414938965274204,0.0255717391345999,0.0642392426901583,0.203671072863646,0.490845859050751,353.563262939453
Yunnan,240,1.43021669387817,860,78.9715423583984,2293,0.0414938965274204,0.0255717391345999,0.0642392426901583,0.203671072863646,0.490845859050751,353.563262939453
Yunnan,241,1.66578330993652,811,83.5627136230469,1841,0.0414938965274204,0.0255717391345999,0.0642392426901583,0.203671072863646,0.490845859050751,353.563262939453
Yunnan,242,1.65485000610352,808,84.8421020507813,1799,0.0414938965274204,0.0255717391345999,0.0642392426901583,0.203671072863646,0.490845859050751,353.563262939453
Yunnan,243,1.44623336791992,897,84.6984405517578,2063,0.0414938965274204,0.0255717391345999,0.0642392426901583,0.203671072863646,0.490845859050751,353.563262939453
Yunnan,244,1.3996000289917,931,83.1230087280274,2110,0.0414938965274204,0.0255717391345999,0.0642392426901583,0.203671072863646,0.490845859050751,353.563262939453
Yunnan,245,1.37611665725708,976,82.8817749023438,2077,0.0414938965274204,0.0255717391345999,0.0642392426901583,0.203671072863646,0.490845859050751,353.563262939453
Yunnan,246,1.44063329696655,1045,82.7217559814453,1921,0.0414938965274204,0.0255717391345999,0.0642392426901583,0.203671072863646,0.490845859050751,353.563262939453
Yunnan,247,1.43841667175293,1161,81.0413436889649,1790,0.0414938965274204,0.0255717391345999,0.0642392426901583,0.203671072863646,0.490845859050751,353.563262939453
Yunnan,275,1.49828338623047,1423,74.8432769775391,1953,0.0414938965274204,0.0255717391345999,0.0642392426901583,0.203671072863646,0.490845859050751,353.563262939453
Yunnan,276,1.42553329467773,1115,68.2036590576172,2243,0.0414938965274204,0.0255717391345999,0.0642392426901583,0.203671072863646,0.490845859050751,353.563262939453
Yunnan,277,1.67185001373291,969,65.7642974853516,1694,0.0414938965274204,0.0255717391345999,0.0642392426901583,0.203671072863646,0.490845859050751,353.563262939453
Yunnan,278,1.46126670837402,872,67.0347213745117,2131,0.0414938965274204,0.0255717391345999,0.0642392426901583,0.203671072863646,0.490845859050751,353.563262939453
Yunnan,279,1.48689994812012,818,71.7425079345703,2197,0.0414938965274204,0.0255717391345999,0.0642392426901583,0.203671072863646,0.490845859050751,353.563262939453
Yunnan,280,1.48804998397827,802,77.4171676635742,2210,0.0414938965274204,0.0255717391345999,0.0642392426901583,0.203671072863646,0.490845859050751,353.563262939453
Yunnan,281,1.58233337402344,772,84.8158950805664,1983,0.0414938965274204,0.0255717391345999,0.0642392426901583,0.203671072863646,0.490845859050751,353.563262939453
Yunnan,282,1.4712833404541,818,87.4122009277344,2154,0.0414938965274204,0.0255717391345999,0.0642392426901583,0.203671072863646,0.490845859050751,353.563262939453
Yunnan,283,1.64979991912842,794,86.6873550415039,1758,0.0414938965274204,0.0255717391345999,0.0642392426901583,0.203671072863646,0.490845859050751,353.563262939453
Yunnan,284,1.1761833190918,928,85.6095352172852,2524,0.0414938965274204,0.0255717391345999,0.0642392426901583,0.203671072863646,0.490845859050751,353.563262939453
Yunnan,285,1.45323333740234,913,84.4076690673828,1959,0.0414938965274204,0.0255717391345999,0.0642392426901583,0.203671072863646,0.490845859050751,353.563262939453
Yunnan,286,1.30226669311523,1030,84.6484146118164,2146,0.0414938965274204,0.0255717391345999,0.0642392426901583,0.203671072863646,0.490845859050751,353.563262939453
Yunnan,316,1.4315333366394,1192,64.2378768920899,2146,0.0414938965274204,0.0255717391345999,0.0642392426901583,0.203671072863646,0.490845859050751,353.563262939453
Yunnan,317,1.19356660842896,951,61.1899604797363,2726,0.0414938965274204,0.0255717391345999,0.0642392426901583,0.203671072863646,0.490845859050751,353.563262939453
Yunnan,318,1.18584995269775,865,63.7144355773926,2641,0.0414938965274204,0.0255717391345999,0.0642392426901583,0.203671072863646,0.490845859050751,353.563262939453
Yunnan,319,1.68978328704834,799,65.9837875366211,1848,0.0414938965274204,0.0255717391345999,0.0642392426901583,0.203671072863646,0.490845859050751,353.563262939453
Yunnan,320,1.69425010681152,762,76.5963363647461,1779,0.0414938965274204,0.0255717391345999,0.0642392426901583,0.203671072863646,0.490845859050751,353.563262939453
Yunnan,321,1.45120000839233,798,84.7463455200195,2235,0.0414938965274204,0.0255717391345999,0.0642392426901583,0.203671072863646,0.490845859050751,353.563262939453
Yunnan,322,1.8367000579834,745,93.7173004150391,1715,0.0414938965274204,0.0255717391345999,0.0642392426901583,0.203671072863646,0.490845859050751,353.563262939453
Yunnan,323,1.36680002212524,874,89.6361236572266,2252,0.0414938965274204,0.0255717391345999,0.0642392426901583,0.203671072863646,0.490845859050751,353.563262939453
Yunnan,324,1.21643333435059,909,88.9628753662109,2453,0.0414938965274204,0.0255717391345999,0.0642392426901583,0.203671072863646,0.490845859050751,353.563262939453
Yunnan,325,1.2779333114624,919,86.1415481567383,2311,0.0414938965274204,0.0255717391345999,0.0642392426901583,0.203671072863646,0.490845859050751,353.563262939453
Yunnan,326,1.30825004577637,990,85.8965072631836,2115,0.0414938965274204,0.0255717391345999,0.0642392426901583,0.203671072863646,0.490845859050751,353.563262939453
Yunnan,357,1.13464994430542,1106,61.8791313171387,2710,0.0414938965274204,0.0255717391345999,0.0642392426901583,0.203671072863646,0.490845859050751,353.563262939453
Yunnan,358,1.02356662750244,929,60.0741081237793,2954,0.0414938965274204,0.0255717391345999,0.0642392426901583,0.203671072863646,0.490845859050751,353.563262939453
Yunnan,359,1.16473331451416,850,61.2035026550293,2708,0.0414938965274204,0.0255717391345999,0.0642392426901583,0.203671072863646,0.490845859050751,353.563262939453
Yunnan,360,1.77216663360596,806,63.2768058776856,1696,0.0414938965274204,0.0255717391345999,0.0642392426901583,0.203671072863646,0.490845859050751,353.563262939453
Yunnan,361,1.60928325653076,773,75.3652114868164,1966,0.0414938965274204,0.0255717391345999,0.0642392426901583,0.203671072863646,0.490845859050751,353.563262939453
Yunnan,362,2.04623336791992,743,90.2148818969727,1227,0.0414938965274204,0.0255717391345999,0.0642392426901583,0.203671072863646,0.490845859050751,353.563262939453
Yunnan,366,1.37141666412354,881,89.3398056030273,2073,0.0414938965274204,0.0255717391345999,0.0642392426901583,0.203671072863646,0.490845859050751,353.563262939453
Yunnan,367,1.23121662139893,955,86.7641296386719,2163,0.0414938965274204,0.0255717391345999,0.0642392426901583,0.203671072863646,0.490845859050751,353.563262939453
Yunnan,368,1.29808330535889,1044,83.3378753662109,1865,0.0414938965274204,0.0255717391345999,0.0642392426901583,0.203671072863646,0.490845859050751,353.563262939453
Yunnan,399,1.0595666885376,1095,60.5462417602539,2668,0.0414938965274204,0.0255717391345999,0.0642392426901583,0.203671072863646,0.490845859050751,353.563262939453
Yunnan,400,1.18386669158936,913,59.1541137695313,2651,0.0414938965274204,0.0255717391345999,0.0642392426901583,0.203671072863646,0.490845859050751,353.563262939453
Yunnan,401,1.42108335494995,866,57.4145278930664,2152,0.0414938965274204,0.0255717391345999,0.0642392426901583,0.203671072863646,0.490845859050751,353.563262939453
Yunnan,402,1.56875,808,62.5228080749512,1905,0.0414938965274204,0.0255717391345999,0.0642392426901583,0.203671072863646,0.490845859050751,353.563262939453
Yunnan,403,1.20016670227051,787,76.3489379882813,2651,0.0414938965274204,0.0255717391345999,0.0642392426901583,0.203671072863646,0.490845859050751,353.563262939453
Yunnan,407,1.17388334274292,911,91.6443634033203,2458,0.0414938965274204,0.0255717391345999,0.0642392426901583,0.203671072863646,0.490845859050751,353.563262939453
Yunnan,408,1.19428329467773,904,88.6587066650391,2281,0.0414938965274204,0.0255717391345999,0.0642392426901583,0.203671072863646,0.490845859050751,353.563262939453
Yunnan,441,1.42821664810181,1381,66.0165939331055,1804,0.0414938965274204,0.0255717391345999,0.0642392426901583,0.203671072863646,0.490845859050751,353.563262939453
Yunnan,442,0.676749992370606,810,61.065315246582,3404,0.0414938965274204,0.0255717391345999,0.0642392426901583,0.203671072863646,0.490845859050751,353.563262939453
Yunnan,443,0.39850001335144,784,67.4906005859375,3791,0.0414938965274204,0.0255717391345999,0.0642392426901583,0.203671072863646,0.490845859050751,353.563262939453
Yunnan,444,1.06383333206177,772,69.7893676757813,2794,0.0414938965274204,0.0255717391345999,0.0642392426901583,0.203671072863646,0.490845859050751,353.563262939453
Yunnan,445,0.9448166847229,777,79.7971954345703,3158,0.0414938965274204,0.0255717391345999,0.0642392426901583,0.203671072863646,0.490845859050751,353.563262939453
Yunnan,449,1.78624992370605,900,92.0813369750977,1074,0.0414938965274204,0.0255717391345999,0.0642392426901583,0.203671072863646,0.490845859050751,353.563262939453
Yunnan,450,1.10511665344238,900,86.9018936157227,2267,0.0414938965274204,0.0255717391345999,0.0642392426901583,0.203671072863646,0.490845859050751,353.563262939453
Yunnan,453,1.29636669158936,1001,75.5674285888672,1577,0.0414938965274204,0.0255717391345999,0.0642392426901583,0.203671072863646,0.490845859050751,353.563262939453
Yunnan,486,1.03121671676636,1321,72.3654479980469,2439,0.0414938965274204,0.0255717391345999,0.0642392426901583,0.203671072863646,0.490845859050751,353.563262939453
Yunnan,487,0.337050008773804,804,60.3316040039063,3731,0.0414938965274204,0.0255717391345999,0.0642392426901583,0.203671072863646,0.490845859050751,353.563262939453
Yunnan,488,0.903766632080078,822,64.6987686157227,2797,0.0414938965274204,0.0255717391345999,0.0642392426901583,0.203671072863646,0.490845859050751,353.563262939453
Yunnan,489,0.310899996757507,730,70.5139923095703,3902,0.0414938965274204,0.0255717391345999,0.0642392426901583,0.203671072863646,0.490845859050751,353.563262939453
Yunnan,490,1.49645004272461,770,75.2838134765625,2109,0.0414938965274204,0.0255717391345999,0.0642392426901583,0.203671072863646,0.490845859050751,353.563262939453
Yunnan,497,1.51986665725708,932,79.439826965332,980,0.0414938965274204,0.0255717391345999,0.0642392426901583,0.203671072863646,0.490845859050751,353.563262939453
Yunnan,498,1.56009998321533,994,75.010124206543,883,0.0414938965274204,0.0255717391345999,0.0642392426901583,0.203671072863646,0.490845859050751,353.563262939453
Yunnan,499,1.30173330307007,997,72.2272644042969,1387,0.0414938965274204,0.0255717391345999,0.0642392426901583,0.203671072863646,0.490845859050751,353.563262939453
Yunnan,538,0.895349979400635,1177,75.4499740600586,2551,0.0414938965274204,0.0255717391345999,0.0642392426901583,0.203671072863646,0.490845859050751,353.563262939453
Yunnan,539,0.467583322525024,738,66.781379699707,3489,0.0414938965274204,0.0255717391345999,0.0642392426901583,0.203671072863646,0.490845859050751,353.563262939453
Yunnan,540,0.792966651916504,711,68.8205642700195,3063,0.0414938965274204,0.0255717391345999,0.0642392426901583,0.203671072863646,0.490845859050751,353.563262939453
Yunnan,541,0.187950003147125,691,76.2944946289063,4091,0.0414938965274204,0.0255717391345999,0.0642392426901583,0.203671072863646,0.490845859050751,353.563262939453
Yunnan,549,1.36028337478638,956,79.3605575561524,1171,0.0414938965274204,0.0255717391345999,0.0642392426901583,0.203671072863646,0.490845859050751,353.563262939453
Yunnan,597,0.218700003623962,638,71.4701690673828,3989,0.0414938965274204,0.0255717391345999,0.0642392426901583,0.203671072863646,0.490845859050751,353.563262939453
Yunnan,599,0.303033328056335,633,83.297492980957,3925,0.0414938965274204,0.0255717391345999,0.0642392426901583,0.203671072863646,0.490845859050751,353.563262939453
Zhejiang,580,1.54146671295166,1761,54.7863349914551,725,0.0470920804650966,0.00238162562647969,0.0850920271159029,0.24517462933645,0.520628154277802,485.56640625
Zhejiang,636,1.58983335494995,1778,59.1285018920899,653,0.0470920804650966,0.00238162562647969,0.0850920271159029,0.24517462933645,0.520628154277802,485.56640625
Zhejiang,637,1.56161670684814,1742,54.7901878356934,643,0.0470920804650966,0.00238162562647969,0.0850920271159029,0.24517462933645,0.520628154277802,485.56640625
Zhejiang,638,1.56426668167114,1706,52.9635543823242,580,0.0470920804650966,0.00238162562647969,0.0850920271159029,0.24517462933645,0.520628154277802,485.56640625
Zhejiang,639,1.65273342132568,1586,52.0844955444336,333,0.0470920804650966,0.00238162562647969,0.0850920271159029,0.24517462933645,0.520628154277802,485.56640625
Zhejiang,700,1.40818328857422,1884,54.6140556335449,918,0.0470920804650966,0.00238162562647969,0.0850920271159029,0.24517462933645,0.520628154277802,485.56640625
Zhejiang,701,1.51948337554932,1726,52.1118049621582,675,0.0470920804650966,0.00238162562647969,0.0850920271159029,0.24517462933645,0.520628154277802,485.56640625
Zhejiang,702,1.56180000305176,1625,50.3013687133789,501,0.0470920804650966,0.00238162562647969,0.0850920271159029,0.24517462933645,0.520628154277802,485.56640625
Zhejiang,703,1.72818336486816,1474,49.0321731567383,121,0.0470920804650966,0.00238162562647969,0.0850920271159029,0.24517462933645,0.520628154277802,485.56640625
Zhejiang,704,1.75404167175293,1503,44.7432327270508,16,0.0470920804650966,0.00238162562647969,0.0850920271159029,0.24517462933645,0.520628154277802,485.56640625
Zhejiang,768,1.74200000762939,1651,56.9829521179199,139,0.0470920804650966,0.00238162562647969,0.0850920271159029,0.24517462933645,0.520628154277802,485.56640625
Zhejiang,769,1.49263334274292,1755,52.7483520507813,650,0.0470920804650966,0.00238162562647969,0.0850920271159029,0.24517462933645,0.520628154277802,485.56640625
Zhejiang,770,1.39965000152588,1760,50.3331260681152,808,0.0470920804650966,0.00238162562647969,0.0850920271159029,0.24517462933645,0.520628154277802,485.56640625
Zhejiang,771,1.62158336639404,1507,49.251579284668,336,0.0470920804650966,0.00238162562647969,0.0850920271159029,0.24517462933645,0.520628154277802,485.56640625
Zhejiang,772,1.42203330993652,1664,49.547306060791,650,0.0470920804650966,0.00238162562647969,0.0850920271159029,0.24517462933645,0.520628154277802,485.56640625
Zhejiang,773,1.66771659851074,1460,47.1038093566895,95,0.0470920804650966,0.00238162562647969,0.0850920271159029,0.24517462933645,0.520628154277802,485.56640625
Zhejiang,774,1.73029766082764,1436,42.6648674011231,4,0.0470920804650966,0.00238162562647969,0.0850920271159029,0.24517462933645,0.520628154277802,485.56640625
Zhejiang,839,1.5583833694458,1692,54.2349128723145,398,0.0470920804650966,0.00238162562647969,0.0850920271159029,0.24517462933645,0.520628154277802,485.56640625
Zhejiang,840,1.51704998016357,1666,50.9322891235352,510,0.0470920804650966,0.00238162562647969,0.0850920271159029,0.24517462933645,0.520628154277802,485.56640625
Zhejiang,841,1.6058666229248,1518,47.6839065551758,286,0.0470920804650966,0.00238162562647969,0.0850920271159029,0.24517462933645,0.520628154277802,485.56640625
Zhejiang,842,1.53894996643066,1523,47.8651695251465,453,0.0470920804650966,0.00238162562647969,0.0850920271159029,0.24517462933645,0.520628154277802,485.56640625
Zhejiang,843,1.3712833404541,1630,49.1036376953125,685,0.0470920804650966,0.00238162562647969,0.0850920271159029,0.24517462933645,0.520628154277802,485.56640625
Zhejiang,844,1.63169994354248,1389,47.3811340332031,147,0.0470920804650966,0.00238162562647969,0.0850920271159029,0.24517462933645,0.520628154277802,485.56640625
Zhejiang,845,1.70994052886963,1299,44.3777198791504,8,0.0470920804650966,0.00238162562647969,0.0850920271159029,0.24517462933645,0.520628154277802,485.56640625
Zhejiang,912,1.56490001678467,1516,49.8015594482422,282,0.0470920804650966,0.00238162562647969,0.0850920271159029,0.24517462933645,0.520628154277802,485.56640625
Zhejiang,913,1.50541667938232,1496,47.7095756530762,383,0.0470920804650966,0.00238162562647969,0.0850920271159029,0.24517462933645,0.520628154277802,485.56640625
Zhejiang,914,1.58981666564941,1389,45.6855697631836,206,0.0470920804650966,0.00238162562647969,0.0850920271159029,0.24517462933645,0.520628154277802,485.56640625
Zhejiang,915,1.61693325042725,1321,46.2806091308594,143,0.0470920804650966,0.00238162562647969,0.0850920271159029,0.24517462933645,0.520628154277802,485.56640625
Zhejiang,916,1.41195001602173,1463,46.9607810974121,543,0.0470920804650966,0.00238162562647969,0.0850920271159029,0.24517462933645,0.520628154277802,485.56640625
Zhejiang,917,1.63156661987305,1275,44.097240447998,121,0.0470920804650966,0.00238162562647969,0.0850920271159029,0.24517462933645,0.520628154277802,485.56640625
Zhejiang,984,1.57398328781128,1405,48.409854888916,151,0.0470920804650966,0.00238162562647969,0.0850920271159029,0.24517462933645,0.520628154277802,485.56640625
Zhejiang,985,1.57731666564941,1378,46.367805480957,157,0.0470920804650966,0.00238162562647969,0.0850920271159029,0.24517462933645,0.520628154277802,485.56640625
Zhejiang,986,1.6511999130249,1323,43.0661926269531,28,0.0470920804650966,0.00238162562647969,0.0850920271159029,0.24517462933645,0.520628154277802,485.56640625
Zhejiang,987,1.59041662216187,1267,44.938159942627,147,0.0470920804650966,0.00238162562647969,0.0850920271159029,0.24517462933645,0.520628154277802,485.56640625
Zhejiang,988,1.53598337173462,1274,45.2049102783203,242,0.0470920804650966,0.00238162562647969,0.0850920271159029,0.24517462933645,0.520628154277802,485.56640625
Zhejiang,989,1.54941663742065,1309,43.027400970459,250,0.0470920804650966,0.00238162562647969,0.0850920271159029,0.24517462933645,0.520628154277802,485.56640625
Zhejiang,1058,1.49061660766602,1344,49.3487739562988,274,0.0470920804650966,0.00238162562647969,0.0850920271159029,0.24517462933645,0.520628154277802,485.56640625
Zhejiang,1059,1.55458335876465,1306,49.2233581542969,139,0.0470920804650966,0.00238162562647969,0.0850920271159029,0.24517462933645,0.520628154277802,485.56640625
Zhejiang,1060,1.64260005950928,1255,45.5843544006348,7,0.0470920804650966,0.00238162562647969,0.0850920271159029,0.24517462933645,0.520628154277802,485.56640625
Zhejiang,1061,1.60640621185303,1175,45.8366088867188,68,0.0470920804650966,0.00238162562647969,0.0850920271159029,0.24517462933645,0.520628154277802,485.56640625
Zhejiang,1062,1.66531658172607,1127,44.9068260192871,6,0.0470920804650966,0.00238162562647969,0.0850920271159029,0.24517462933645,0.520628154277802,485.56640625
Zhejiang,1133,1.59903335571289,1161,56.484748840332,5,0.0470920804650966,0.00238162562647969,0.0850920271159029,0.24517462933645,0.520628154277802,485.56640625
Zhejiang,1134,1.61644992828369,1042,52.2769546508789,6,0.0470920804650966,0.00238162562647969,0.0850920271159029,0.24517462933645,0.520628154277802,485.56640625
Zhejiang,1135,1.61748332977295,1084,51.2387771606445,6,0.0470920804650966,0.00238162562647969,0.0850920271159029,0.24517462933645,0.520628154277802,485.56640625
