province,grid_id,bio1,bio12,bio15,elev,climate_velocity,precip_velocity,climate_exposure,warming_rate,spatial_temp_grad,spatial_prec_grad
Anhui,242,1.7007833480835,1506,53.4502372741699,10,0.0441725398814915,0.00837904939982559,0.0682618595424368,0.22778909196967,0.515680313110352,379.330078125
Anhui,243,1.39383335113525,1729,53.9390144348145,604,0.0441725398814915,0.00837904939982559,0.0682618595424368,0.22778909196967,0.515680313110352,379.330078125
Anhui,277,1.35978336334229,1458,56.3985443115234,602,0.0441725398814915,0.00837904939982559,0.0682618595424368,0.22778909196967,0.515680313110352,379.330078125
Anhui,278,1.63290004730225,1450,60.9609832763672,50,0.0441725398814915,0.00837904939982559,0.0682618595424368,0.22778909196967,0.515680313110352,379.330078125
Anhui,279,1.57318334579468,1346,52.4129676818848,148,0.0441725398814915,0.00837904939982559,0.0682618595424368,0.22778909196967,0.515680313110352,379.330078125
Anhui,280,1.48546667098999,1312,49.7016639709473,280,0.0441725398814915,0.00837904939982559,0.0682618595424368,0.22778909196967,0.515680313110352,379.330078125
Anhui,313,1.56681671142578,1069,55.6542434692383,47,0.0441725398814915,0.00837904939982559,0.0682618595424368,0.22778909196967,0.515680313110352,379.330078125
Anhui,314,1.56900005340576,1065,54.25732421875,41,0.0441725398814915,0.00837904939982559,0.0682618595424368,0.22778909196967,0.515680313110352,379.330078125
Anhui,315,1.5416166305542,1086,55.5718688964844,101,0.0441725398814915,0.00837904939982559,0.0682618595424368,0.22778909196967,0.515680313110352,379.330078125
Anhui,351,1.52323331832886,877,71.9496078491211,40,0.0441725398814915,0.00837904939982559,0.0682618595424368,0.22778909196967,0.515680313110352,379.330078125
Anhui,352,1.53893337249756,850,69.5595703125,27,0.0441725398814915,0.00837904939982559,0.0682618595424368,0.22778909196967,0.515680313110352,379.330078125
Anhui,353,1.54911670684814,835,69.1316375732422,21,0.0441725398814915,0.00837904939982559,0.0682618595424368,0.22778909196967,0.515680313110352,379.330078125
Anhui,354,1.50281667709351,887,73.8679122924805,88,0.0441725398814915,0.00837904939982559,0.0682618595424368,0.22778909196967,0.515680313110352,379.330078125
Anhui,392,1.50848331451416,701,88.1053771972656,24,0.0441725398814915,0.00837904939982559,0.0682618595424368,0.22778909196967,0.515680313110352,379.330078125
Beijing,652,0.829083347320557,522,123.951568603516,882,0.0434172833091068,0.00611343022609904,0.0512745911076958,0.157096469842086,0.361829340457916,185.958602905273
Chongqing,162,1.76814994812012,1102,66.5059356689453,370,0.0019952400259006,0.00490603655803741,0.00710953190322487,0.0101790158016724,0.510164976119995,407.420196533203
Chongqing,163,1.4039999961853,1208,61.9527816772461,1002,0.0019952400259006,0.00490603655803741,0.00710953190322487,0.0101790158016724,0.510164976119995,407.420196533203
Chongqing,164,1.56929998397827,1299,61.2434959411621,680,0.0019952400259006,0.00490603655803741,0.00710953190322487,0.0101790158016724,0.510164976119995,407.420196533203
Chongqing,196,1.76873340606689,1120,71.308723449707,351,0.0019952400259006,0.00490603655803741,0.00710953190322487,0.0101790158016724,0.510164976119995,407.420196533203
Chongqing,197,1.66189994812012,1220,63.3441467285156,550,0.0019952400259006,0.00490603655803741,0.00710953190322487,0.0101790158016724,0.510164976119995,407.420196533203
Chongqing,198,1.29329996109009,1374,59.4326171875,1209,0.0019952400259006,0.00490603655803741,0.00710953190322487,0.0101790158016724,0.510164976119995,407.420196533203
Chongqing,234,1.76663341522217,1283,63.4540977478027,309,0.0019952400259006,0.00490603655803741,0.00710953190322487,0.0101790158016724,0.510164976119995,407.420196533203
Chongqing,235,1.12876663208008,1393,61.2292976379395,1475,0.0019952400259006,0.00490603655803741,0.00710953190322487,0.0101790158016724,0.510164976119995,407.420196533203
Chongqing,270,1.17763338088989,1205,64.2503662109375,1397,0.0019952400259006,0.00490603655803741,0.00710953190322487,0.0101790158016724,0.510164976119995,407.420196533203
Chongqing,271,1.34019994735718,1184,64.9062881469727,936,0.0019952400259006,0.00490603655803741,0.00710953190322487,0.0101790158016724,0.510164976119995,407.420196533203
Fujian,80,1.84941673278809,1469,58.782772064209,550,0.0363119075403054,0.000591234616477401,0.0768936195034331,0.21065370838633,0.580122947692871,508.344940185547
Fujian,81,2.11310615539551,1114,59.3608093261719,23,0.0363119075403054,0.000591234616477401,0.0768936195034331,0.21065370838633,0.580122947692871,508.344940185547
Fujian,99,1.78776664733887,1615,57.3772354125977,484,0.0363119075403054,0.000591234616477401,0.0768936195034331,0.21065370838633,0.580122947692871,508.344940185547
Fujian,100,1.60391674041748,1663,56.878231048584,1003,0.0363119075403054,0.000591234616477401,0.0768936195034331,0.21065370838633,0.580122947692871,508.344940185547
Fujian,101,1.78185005187988,1418,60.6721076965332,586,0.0363119075403054,0.000591234616477401,0.0768936195034331,0.21065370838633,0.580122947692871,508.344940185547
Fujian,120,1.85978336334229,1649,61.6624450683594,338,0.0363119075403054,0.000591234616477401,0.0768936195034331,0.21065370838633,0.580122947692871,508.344940185547
Fujian,121,1.92019996643066,1561,62.3645820617676,275,0.0363119075403054,0.000591234616477401,0.0768936195034331,0.21065370838633,0.580122947692871,508.344940185547
Fujian,122,1.85598335266113,1462,58.5222244262695,221,0.0363119075403054,0.000591234616477401,0.0768936195034331,0.21065370838633,0.580122947692871,508.344940185547
Fujian,144,1.80023326873779,1767,63.9294776916504,275,0.0363119075403054,0.000591234616477401,0.0768936195034331,0.21065370838633,0.580122947692871,508.344940185547
Fujian,145,1.64634990692139,1806,61.3958168029785,689,0.0363119075403054,0.000591234616477401,0.0768936195034331,0.21065370838633,0.580122947692871,508.344940185547
Fujian,146,1.58386669158936,1779,56.4321212768555,732,0.0363119075403054,0.000591234616477401,0.0768936195034331,0.21065370838633,0.580122947692871,508.344940185547
Fujian,174,1.63719997406006,1754,60.5708961486817,520,0.0363119075403054,0.000591234616477401,0.0768936195034331,0.21065370838633,0.580122947692871,508.344940185547
Gansu,339,0.179349994659424,720,86.3111267089844,3469,0.0823993028940886,0.0165490259941173,0.0604800763272079,0.170586572735392,0.207024291157722,101.736473083496
Gansu,342,1.04653329849243,643,81.4109191894531,1599,0.0823993028940886,0.0165490259941173,0.0604800763272079,0.170586572735392,0.207024291157722,101.736473083496
Gansu,377,-0.36710000038147,658,89.7663650512695,4305,0.0823993028940886,0.0165490259941173,0.0604800763272079,0.170586572735392,0.207024291157722,101.736473083496
Gansu,379,0.033899998664856,663,87.4949264526367,3569,0.0823993028940886,0.0165490259941173,0.0604800763272079,0.170586572735392,0.207024291157722,101.736473083496
Gansu,380,0.438000011444092,617,82.0348052978516,2661,0.0823993028940886,0.0165490259941173,0.0604800763272079,0.170586572735392,0.207024291157722,101.736473083496
Gansu,381,0.828666687011719,639,80.9883193969727,1705,0.0823993028940886,0.0165490259941173,0.0604800763272079,0.170586572735392,0.207024291157722,101.736473083496
Gansu,382,0.872350025177002,671,78.4678192138672,1624,0.0823993028940886,0.0165490259941173,0.0604800763272079,0.170586572735392,0.207024291157722,101.736473083496
Gansu,417,-0.114166665077209,618,90.243034362793,3825,0.0823993028940886,0.0165490259941173,0.0604800763272079,0.170586572735392,0.207024291157722,101.736473083496
Gansu,418,0.525683355331421,501,85.9303665161133,2303,0.0823993028940886,0.0165490259941173,0.0604800763272079,0.170586572735392,0.207024291157722,101.736473083496
Gansu,419,0.666733312606812,524,82.5207595825195,1848,0.0823993028940886,0.0165490259941173,0.0604800763272079,0.170586572735392,0.207024291157722,101.736473083496
Gansu,420,0.395866656303406,601,81.2230072021484,2409,0.0823993028940886,0.0165490259941173,0.0604800763272079,0.170586572735392,0.207024291157722,101.736473083496
Gansu,421,0.96341667175293,595,79.5409164428711,1200,0.0823993028940886,0.0165490259941173,0.0604800763272079,0.170586572735392,0.207024291157722,101.736473083496
Gansu,454,0.70164999961853,427,90.6329040527344,2147,0.0823993028940886,0.0165490259941173,0.0604800763272079,0.170586572735392,0.207024291157722,101.736473083496
Gansu,455,0.744150018692017,330,92.1010894775391,1947,0.0823993028940886,0.0165490259941173,0.0604800763272079,0.170586572735392,0.207024291157722,101.736473083496
Gansu,456,0.709183311462402,367,87.3333892822266,1864,0.0823993028940886,0.0165490259941173,0.0604800763272079,0.170586572735392,0.207024291157722,101.736473083496
Gansu,458,0.886916637420654,513,85.3853454589844,1406,0.0823993028940886,0.0165490259941173,0.0604800763272079,0.170586572735392,0.207024291157722,101.736473083496
Gansu,459,0.84598331451416,518,87.449821472168,1339,0.0823993028940886,0.0165490259941173,0.0604800763272079,0.170586572735392,0.207024291157722,101.736473083496
Gansu,490,0.146066665649414,412,96.8850402832031,2980,0.0823993028940886,0.0165490259941173,0.0604800763272079,0.170586572735392,0.207024291157722,101.736473083496
Gansu,491,0.752266693115234,211,96.51953125,1759,0.0823993028940886,0.0165490259941173,0.0604800763272079,0.170586572735392,0.207024291157722,101.736473083496
Gansu,527,-0.0520833373069763,447,97.127067565918,3094,0.0823993028940886,0.0165490259941173,0.0604800763272079,0.170586572735392,0.207024291157722,101.736473083496
Gansu,528,0.762016677856445,173,88.0503540039063,1588,0.0823993028940886,0.0165490259941173,0.0604800763272079,0.170586572735392,0.207024291157722,101.736473083496
Gansu,561,-0.468733358383179,200,102.352661132813,4350,0.0823993028940886,0.0165490259941173,0.0604800763272079,0.170586572735392,0.207024291157722,101.736473083496
Gansu,564,-0.427166652679443,396,107.159561157227,4034,0.0823993028940886,0.0165490259941173,0.0604800763272079,0.170586572735392,0.207024291157722,101.736473083496
Gansu,565,0.547366666793823,260,102.594909667969,1832,0.0823993028940886,0.0165490259941173,0.0604800763272079,0.170586572735392,0.207024291157722,101.736473083496
Gansu,567,0.809366703033447,118,86.7561340332031,1363,0.0823993028940886,0.0165490259941173,0.0604800763272079,0.170586572735392,0.207024291157722,101.736473083496
Gansu,596,-0.163033318519592,67,101.268699645996,3551,0.0823993028940886,0.0165490259941173,0.0604800763272079,0.170586572735392,0.207024291157722,101.736473083496
Gansu,597,-0.324783325195313,127,99.8307037353516,3938,0.0823993028940886,0.0165490259941173,0.0604800763272079,0.170586572735392,0.207024291157722,101.736473083496
Gansu,598,-0.237633347511292,168,99.1682586669922,3880,0.0823993028940886,0.0165490259941173,0.0604800763272079,0.170586572735392,0.207024291157722,101.736473083496
Gansu,599,-0.0270666748285294,178,104.573822021484,3322,0.0823993028940886,0.0165490259941173,0.0604800763272079,0.170586572735392,0.207024291157722,101.736473083496
Gansu,600,-0.37921667098999,302,108.739784240723,3797,0.0823993028940886,0.0165490259941173,0.0604800763272079,0.170586572735392,0.207024291157722,101.736473083496
Gansu,601,0.573183345794678,144,97.1902160644531,1409,0.0823993028940886,0.0165490259941173,0.0604800763272079,0.170586572735392,0.207024291157722,101.736473083496
Gansu,633,0.971316719055176,18,80.9039840698242,1133,0.0823993028940886,0.0165490259941173,0.0604800763272079,0.170586572735392,0.207024291157722,101.736473083496
Gansu,634,0.961050033569336,34,82.3691101074219,1193,0.0823993028940886,0.0165490259941173,0.0604800763272079,0.170586572735392,0.207024291157722,101.736473083496
Gansu,635,0.829916667938232,49,78.8931732177734,1380,0.0823993028940886,0.0165490259941173,0.0604800763272079,0.170586572735392,0.207024291157722,101.736473083496
Gansu,636,0.698750019073486,65,75.9005813598633,1565,0.0823993028940886,0.0165490259941173,0.0604800763272079,0.170586572735392,0.207024291157722,101.736473083496
Gansu,637,0.79370002746582,69,75.5740356445313,1220,0.0823993028940886,0.0165490259941173,0.0604800763272079,0.170586572735392,0.207024291157722,101.736473083496
Gansu,638,0.791349983215332,89,94.025764465332,1310,0.0823993028940886,0.0165490259941173,0.0604800763272079,0.170586572735392,0.207024291157722,101.736473083496
Gansu,672,0.683166694641113,57,87.153923034668,1767,0.0823993028940886,0.0165490259941173,0.0604800763272079,0.170586572735392,0.207024291157722,101.736473083496
Gansu,673,0.674949979782105,67,90.5523910522461,1796,0.0823993028940886,0.0165490259941173,0.0604800763272079,0.170586572735392,0.207024291157722,101.736473083496
Gansu,674,0.502816677093506,87,89.8375778198242,2008,0.0823993028940886,0.0165490259941173,0.0604800763272079,0.170586572735392,0.207024291157722,101.736473083496
Gansu,715,0.428299999237061,77,98.4879531860352,1868,0.0823993028940886,0.0165490259941173,0.0604800763272079,0.170586572735392,0.207024291157722,101.736473083496
Guangdong,5,2.35196666717529,1696,71.6717376708984,47,0.0242739372407283,0.00357122120546872,0.0586741474778168,0.162594727376706,0.669832527637482,558.830200195313
Guangdong,10,2.27654991149902,1697,71.0121154785156,30,0.0242739372407283,0.00357122120546872,0.0586741474778168,0.162594727376706,0.669832527637482,558.830200195313
Guangdong,11,2.3420166015625,1893,73.1355667114258,19,0.0242739372407283,0.00357122120546872,0.0586741474778168,0.162594727376706,0.669832527637482,558.830200195313
Guangdong,20,2.18794994354248,1786,73.0465393066406,249,0.0242739372407283,0.00357122120546872,0.0586741474778168,0.162594727376706,0.669832527637482,558.830200195313
Guangdong,21,2.22045001983643,2014,72.7049407958984,157,0.0242739372407283,0.00357122120546872,0.0586741474778168,0.162594727376706,0.669832527637482,558.830200195313
Guangdong,22,2.19343338012695,2031,71.6904449462891,122,0.0242739372407283,0.00357122120546872,0.0586741474778168,0.162594727376706,0.669832527637482,558.830200195313
Guangdong,36,2.1525333404541,1721,66.7814483642578,130,0.0242739372407283,0.00357122120546872,0.0586741474778168,0.162594727376706,0.669832527637482,558.830200195313
Guangdong,37,2.20356674194336,1707,64.7825393676758,6,0.0242739372407283,0.00357122120546872,0.0586741474778168,0.162594727376706,0.669832527637482,558.830200195313
Guangdong,38,2.22415008544922,1750,66.9459838867188,8,0.0242739372407283,0.00357122120546872,0.0586741474778168,0.162594727376706,0.669832527637482,558.830200195313
Guangdong,39,2.12953338623047,1798,67.9237213134766,203,0.0242739372407283,0.00357122120546872,0.0586741474778168,0.162594727376706,0.669832527637482,558.830200195313
Guangdong,40,2.19218330383301,1540,68.5991439819336,53,0.0242739372407283,0.00357122120546872,0.0586741474778168,0.162594727376706,0.669832527637482,558.830200195313
Guangdong,55,1.90553340911865,1635,63.4386825561523,451,0.0242739372407283,0.00357122120546872,0.0586741474778168,0.162594727376706,0.669832527637482,558.830200195313
Guangdong,56,2.09106674194336,1705,66.2046356201172,77,0.0242739372407283,0.00357122120546872,0.0586741474778168,0.162594727376706,0.669832527637482,558.830200195313
Guangdong,57,1.79680004119873,1872,66.0072250366211,719,0.0242739372407283,0.00357122120546872,0.0586741474778168,0.162594727376706,0.669832527637482,558.830200195313
Guangdong,58,2.03273334503174,1777,62.7205696105957,301,0.0242739372407283,0.00357122120546872,0.0586741474778168,0.162594727376706,0.669832527637482,558.830200195313
Guangdong,59,2.03495006561279,1610,59.1566162109375,302,0.0242739372407283,0.00357122120546872,0.0586741474778168,0.162594727376706,0.669832527637482,558.830200195313
Guangdong,60,2.07854995727539,1450,63.5213661193848,146,0.0242739372407283,0.00357122120546872,0.0586741474778168,0.162594727376706,0.669832527637482,558.830200195313
Guangdong,75,1.61159992218018,1607,57.5428352355957,806,0.0242739372407283,0.00357122120546872,0.0586741474778168,0.162594727376706,0.669832527637482,558.830200195313
Guangdong,76,1.66539993286133,1561,61.705322265625,784,0.0242739372407283,0.00357122120546872,0.0586741474778168,0.162594727376706,0.669832527637482,558.830200195313
Guangdong,77,2.00993328094482,1567,61.1788902282715,135,0.0242739372407283,0.00357122120546872,0.0586741474778168,0.162594727376706,0.669832527637482,558.830200195313
Guangdong,79,1.8904333114624,1614,58.1324844360352,500,0.0242739372407283,0.00357122120546872,0.0586741474778168,0.162594727376706,0.669832527637482,558.830200195313
Guangxi,8,2.21753330230713,2265,87.6274642944336,59,0.0366689971097029,0.0184285914879468,0.0800731827586212,0.233121858022171,0.635746479034424,495.694396972656
Guangxi,9,2.24118328094482,1678,75.9228210449219,15,0.0366689971097029,0.0184285914879468,0.0800731827586212,0.233121858022171,0.635746479034424,495.694396972656
Guangxi,16,2.24203338623047,1455,76.2274856567383,202,0.0366689971097029,0.0184285914879468,0.0800731827586212,0.233121858022171,0.635746479034424,495.694396972656
Guangxi,17,2.17590007781982,1542,72.6745681762695,152,0.0366689971097029,0.0184285914879468,0.0800731827586212,0.233121858022171,0.635746479034424,495.694396972656
Guangxi,18,2.1420166015625,1549,70.4220275878906,77,0.0366689971097029,0.0184285914879468,0.0800731827586212,0.233121858022171,0.635746479034424,495.694396972656
Guangxi,19,2.19213333129883,1576,65.7113494873047,70,0.0366689971097029,0.0184285914879468,0.0800731827586212,0.233121858022171,0.635746479034424,495.694396972656
Guangxi,30,1.76261672973633,1393,87.2471008300781,1201,0.0366689971097029,0.0184285914879468,0.0800731827586212,0.233121858022171,0.635746479034424,495.694396972656
Guangxi,31,2.25021667480469,1470,78.0156021118164,154,0.0366689971097029,0.0184285914879468,0.0800731827586212,0.233121858022171,0.635746479034424,495.694396972656
Guangxi,32,2.10871658325195,1723,68.3257293701172,226,0.0366689971097029,0.0184285914879468,0.0800731827586212,0.233121858022171,0.635746479034424,495.694396972656
Guangxi,33,2.08358325958252,1498,65.1284027099609,194,0.0366689971097029,0.0184285914879468,0.0800731827586212,0.233121858022171,0.635746479034424,495.694396972656
Guangxi,34,2.18156661987305,1398,64.8084869384766,44,0.0366689971097029,0.0184285914879468,0.0800731827586212,0.233121858022171,0.635746479034424,495.694396972656
Guangxi,35,2.19466667175293,1570,67.7988967895508,48,0.0366689971097029,0.0184285914879468,0.0800731827586212,0.233121858022171,0.635746479034424,495.694396972656
Guangxi,48,1.76256675720215,1224,83.6786499023438,1120,0.0366689971097029,0.0184285914879468,0.0800731827586212,0.233121858022171,0.635746479034424,495.694396972656
Guangxi,49,1.73993339538574,1230,86.3950042724609,1035,0.0366689971097029,0.0184285914879468,0.0800731827586212,0.233121858022171,0.635746479034424,495.694396972656
Guangxi,50,1.7796667098999,1387,76.1059112548828,838,0.0366689971097029,0.0184285914879468,0.0800731827586212,0.233121858022171,0.635746479034424,495.694396972656
Guangxi,51,1.96673336029053,1551,69.1553497314453,356,0.0366689971097029,0.0184285914879468,0.0800731827586212,0.233121858022171,0.635746479034424,495.694396972656
Guangxi,52,2.02561664581299,1603,66.4933090209961,154,0.0366689971097029,0.0184285914879468,0.0800731827586212,0.233121858022171,0.635746479034424,495.694396972656
Guangxi,53,1.76730003356934,1706,66.1442260742188,711,0.0366689971097029,0.0184285914879468,0.0800731827586212,0.233121858022171,0.635746479034424,495.694396972656
Guangxi,54,1.88169994354248,1580,64.460823059082,445,0.0366689971097029,0.0184285914879468,0.0800731827586212,0.233121858022171,0.635746479034424,495.694396972656
Guangxi,70,1.70653343200684,1265,70.8559188842774,711,0.0366689971097029,0.0184285914879468,0.0800731827586212,0.233121858022171,0.635746479034424,495.694396972656
Guangxi,71,1.7666166305542,1336,66.576301574707,551,0.0366689971097029,0.0184285914879468,0.0800731827586212,0.233121858022171,0.635746479034424,495.694396972656
Guangxi,72,1.78011665344238,1561,65.657470703125,482,0.0366689971097029,0.0184285914879468,0.0800731827586212,0.233121858022171,0.635746479034424,495.694396972656
Guangxi,73,1.91818332672119,1810,66.2781982421875,208,0.0366689971097029,0.0184285914879468,0.0800731827586212,0.233121858022171,0.635746479034424,495.694396972656
Guizhou,68,1.56683330535889,1318,79.2107696533203,1389,0.0298168180438408,0.00441322620023696,0.0560273132062786,0.144323990786465,0.484035521745682,380.364501953125
Guizhou,69,1.53301668167114,1262,77.5047836303711,1242,0.0298168180438408,0.00441322620023696,0.0560273132062786,0.144323990786465,0.484035521745682,380.364501953125
Guizhou,88,1.4059666633606,1180,77.9030914306641,1548,0.0298168180438408,0.00441322620023696,0.0560273132062786,0.144323990786465,0.484035521745682,380.364501953125
Guizhou,89,1.46660003662109,1163,73.0045013427734,1272,0.0298168180438408,0.00441322620023696,0.0560273132062786,0.144323990786465,0.484035521745682,380.364501953125
Guizhou,90,1.41451663970947,1198,67.3157043457031,1265,0.0298168180438408,0.00441322620023696,0.0560273132062786,0.144323990786465,0.484035521745682,380.364501953125
Guizhou,91,1.37428331375122,1288,61.6640663146973,1217,0.0298168180438408,0.00441322620023696,0.0560273132062786,0.144323990786465,0.484035521745682,380.364501953125
Guizhou,92,1.61066665649414,1351,57.863410949707,609,0.0298168180438408,0.00441322620023696,0.0560273132062786,0.144323990786465,0.484035521745682,380.364501953125
Guizhou,107,1.14146661758423,927,83.0771484375,2015,0.0298168180438408,0.00441322620023696,0.0560273132062786,0.144323990786465,0.484035521745682,380.364501953125
Guizhou,108,1.24344997406006,1037,75.2739639282227,1715,0.0298168180438408,0.00441322620023696,0.0560273132062786,0.144323990786465,0.484035521745682,380.364501953125
Guizhou,109,1.47829999923706,1073,70.336555480957,1155,0.0298168180438408,0.00441322620023696,0.0560273132062786,0.144323990786465,0.484035521745682,380.364501953125
Guizhou,110,1.44099998474121,1115,65.6440582275391,1113,0.0298168180438408,0.00441322620023696,0.0560273132062786,0.144323990786465,0.484035521745682,380.364501953125
Guizhou,111,1.3933500289917,1181,59.4668884277344,1049,0.0298168180438408,0.00441322620023696,0.0560273132062786,0.144323990786465,0.484035521745682,380.364501953125
Guizhou,112,1.60321674346924,1225,56.3190460205078,513,0.0298168180438408,0.00441322620023696,0.0560273132062786,0.144323990786465,0.484035521745682,380.364501953125
Guizhou,133,1.64599990844727,1054,67.567512512207,721,0.0298168180438408,0.00441322620023696,0.0560273132062786,0.144323990786465,0.484035521745682,380.364501953125
Guizhou,134,1.51266670227051,1099,64.3605575561524,836,0.0298168180438408,0.00441322620023696,0.0560273132062786,0.144323990786465,0.484035521745682,380.364501953125
Guizhou,135,1.5449333190918,1183,61.0497970581055,753,0.0298168180438408,0.00441322620023696,0.0560273132062786,0.144323990786465,0.484035521745682,380.364501953125
Hainan,1,2.35701675415039,1267,80.0772247314453,331,0.0227746414362233,0.0152593020365477,0.0529328433991583,0.172162696920853,0.755940318107605,494.578582763672
Hainan,2,2.35611667633057,1623,73.6097793579102,324,0.0227746414362233,0.0152593020365477,0.0529328433991583,0.172162696920853,0.755940318107605,494.578582763672
Hainan,3,2.39803333282471,1712,72.8594055175781,95,0.0227746414362233,0.0152593020365477,0.0529328433991583,0.172162696920853,0.755940318107605,494.578582763672
Hainan,4,2.42356662750244,1778,69.0664520263672,33,0.0227746414362233,0.0152593020365477,0.0529328433991583,0.172162696920853,0.755940318107605,494.578582763672
Hebei,500,1.3861499786377,567,112.931755065918,100,0.0981936742313489,0.0225664837587183,0.0923150000809967,0.325590305177595,0.331579715013504,171.668746948242
Hebei,538,1.33948335647583,523,115.735862731934,116,0.0981936742313489,0.0225664837587183,0.0923150000809967,0.325590305177595,0.331579715013504,171.668746948242
Hebei,539,1.32016658782959,482,124.677955627441,27,0.0981936742313489,0.0225664837587183,0.0923150000809967,0.325590305177595,0.331579715013504,171.668746948242
Hebei,577,1.28015003204346,462,120.389358520508,90,0.0981936742313489,0.0225664837587183,0.0923150000809967,0.325590305177595,0.331579715013504,171.668746948242
Hebei,578,1.30426664352417,418,129.206771850586,21,0.0981936742313489,0.0225664837587183,0.0923150000809967,0.325590305177595,0.331579715013504,171.668746948242
Hebei,579,1.30553331375122,492,132.192092895508,8,0.0981936742313489,0.0225664837587183,0.0923150000809967,0.325590305177595,0.331579715013504,171.668746948242
Hebei,614,0.689383316040039,468,113.222427368164,1128,0.0981936742313489,0.0225664837587183,0.0923150000809967,0.325590305177595,0.331579715013504,171.668746948242
Hebei,615,1.25351667404175,539,144.231155395508,19,0.0981936742313489,0.0225664837587183,0.0923150000809967,0.325590305177595,0.331579715013504,171.668746948242
Hebei,651,0.583699989318848,431,102.404754638672,1276,0.0981936742313489,0.0225664837587183,0.0923150000809967,0.325590305177595,0.331579715013504,171.668746948242
Hebei,654,1.10376663208008,609,127.358108520508,85,0.0981936742313489,0.0225664837587183,0.0923150000809967,0.325590305177595,0.331579715013504,171.668746948242
Hebei,689,0.629199981689453,389,97.0312881469727,1182,0.0981936742313489,0.0225664837587183,0.0923150000809967,0.325590305177595,0.331579715013504,171.668746948242
Hebei,690,0.715933322906494,453,115.536445617676,880,0.0981936742313489,0.0225664837587183,0.0923150000809967,0.325590305177595,0.331579715013504,171.668746948242
Hebei,691,0.816866683959961,504,125.565734863281,615,0.0981936742313489,0.0225664837587183,0.0923150000809967,0.325590305177595,0.331579715013504,171.668746948242
Hebei,692,0.844933319091797,527,124.050155639648,508,0.0981936742313489,0.0225664837587183,0.0923150000809967,0.325590305177595,0.331579715013504,171.668746948242
Hebei,727,0.26526665687561,434,106.020477294922,1452,0.0981936742313489,0.0225664837587183,0.0923150000809967,0.325590305177595,0.331579715013504,171.668746948242
Hebei,728,0.552383327484131,454,116.96891784668,1049,0.0981936742313489,0.0225664837587183,0.0923150000809967,0.325590305177595,0.331579715013504,171.668746948242
Heilongjiang,857,0.486983346939087,526,112.500625610352,134,0.12331782628698,0.00460321392267238,0.0238698217419419,0.11804982044742,0.0957281067967415,211.720581054688
Heilongjiang,858,0.357783317565918,574,105.852081298828,185,0.12331782628698,0.00460321392267238,0.0238698217419419,0.11804982044742,0.0957281067967415,211.720581054688
Heilongjiang,859,0.324650001525879,590,101.495178222656,388,0.12331782628698,0.00460321392267238,0.0238698217419419,0.11804982044742,0.0957281067967415,211.720581054688
Heilongjiang,860,0.441750001907349,558,96.5566864013672,259,0.12331782628698,0.00460321392267238,0.0238698217419419,0.11804982044742,0.0957281067967415,211.720581054688
Heilongjiang,861,0.280499982833862,599,88.7240524291992,557,0.12331782628698,0.00460321392267238,0.0238698217419419,0.11804982044742,0.0957281067967415,211.720581054688
Heilongjiang,871,0.49539999961853,409,122.335861206055,136,0.12331782628698,0.00460321392267238,0.0238698217419419,0.11804982044742,0.0957281067967415,211.720581054688
Heilongjiang,872,0.417783355712891,480,112.305931091309,139,0.12331782628698,0.00460321392267238,0.0238698217419419,0.11804982044742,0.0957281067967415,211.720581054688
Heilongjiang,873,0.382916665077209,503,113.906234741211,148,0.12331782628698,0.00460321392267238,0.0238698217419419,0.11804982044742,0.0957281067967415,211.720581054688
Heilongjiang,874,0.371833324432373,547,108.114097595215,144,0.12331782628698,0.00460321392267238,0.0238698217419419,0.11804982044742,0.0957281067967415,211.720581054688
Heilongjiang,875,0.28163332939148,568,101.37866973877,149,0.12331782628698,0.00460321392267238,0.0238698217419419,0.11804982044742,0.0957281067967415,211.720581054688
Heilongjiang,876,0.211766672134399,599,97.4053573608398,536,0.12331782628698,0.00460321392267238,0.0238698217419419,0.11804982044742,0.0957281067967415,211.720581054688
Heilongjiang,877,0.418883323669434,547,87.9760284423828,166,0.12331782628698,0.00460321392267238,0.0238698217419419,0.11804982044742,0.0957281067967415,211.720581054688
Heilongjiang,886,0.316550016403198,428,124.905372619629,320,0.12331782628698,0.00460321392267238,0.0238698217419419,0.11804982044742,0.0957281067967415,211.720581054688
Heilongjiang,887,0.423150014877319,429,117.452514648438,148,0.12331782628698,0.00460321392267238,0.0238698217419419,0.11804982044742,0.0957281067967415,211.720581054688
Heilongjiang,888,0.304166674613953,456,118.817115783691,160,0.12331782628698,0.00460321392267238,0.0238698217419419,0.11804982044742,0.0957281067967415,211.720581054688
Heilongjiang,889,0.291266679763794,507,114.19474029541,176,0.12331782628698,0.00460321392267238,0.0238698217419419,0.11804982044742,0.0957281067967415,211.720581054688
Heilongjiang,890,0.244016671180725,556,108.828765869141,200,0.12331782628698,0.00460321392267238,0.0238698217419419,0.11804982044742,0.0957281067967415,211.720581054688
Heilongjiang,891,0.0978499948978424,621,106.830307006836,521,0.12331782628698,0.00460321392267238,0.0238698217419419,0.11804982044742,0.0957281067967415,211.720581054688
Heilongjiang,892,0.327300000190735,559,98.4114685058594,140,0.12331782628698,0.00460321392267238,0.0238698217419419,0.11804982044742,0.0957281067967415,211.720581054688
Heilongjiang,893,0.289733338356018,569,90.5805511474609,293,0.12331782628698,0.00460321392267238,0.0238698217419419,0.11804982044742,0.0957281067967415,211.720581054688
Heilongjiang,894,0.344249987602234,554,83.9817047119141,74,0.12331782628698,0.00460321392267238,0.0238698217419419,0.11804982044742,0.0957281067967415,211.720581054688
Heilongjiang,903,0.221516680717468,448,119.397010803223,178,0.12331782628698,0.00460321392267238,0.0238698217419419,0.11804982044742,0.0957281067967415,211.720581054688
Heilongjiang,904,0.187966668605804,484,117.197853088379,272,0.12331782628698,0.00460321392267238,0.0238698217419419,0.11804982044742,0.0957281067967415,211.720581054688
Heilongjiang,905,0.167633330821991,524,111.529777526855,233,0.12331782628698,0.00460321392267238,0.0238698217419419,0.11804982044742,0.0957281067967415,211.720581054688
Heilongjiang,906,0.092166668176651,605,106.804992675781,389,0.12331782628698,0.00460321392267238,0.0238698217419419,0.11804982044742,0.0957281067967415,211.720581054688
Heilongjiang,907,0.132983338832855,629,102.970176696777,283,0.12331782628698,0.00460321392267238,0.0238698217419419,0.11804982044742,0.0957281067967415,211.720581054688
Heilongjiang,908,0.268816661834717,573,97.0966949462891,70,0.12331782628698,0.00460321392267238,0.0238698217419419,0.11804982044742,0.0957281067967415,211.720581054688
Heilongjiang,909,0.347866678237915,536,93.0045852661133,59,0.12331782628698,0.00460321392267238,0.0238698217419419,0.11804982044742,0.0957281067967415,211.720581054688
Heilongjiang,910,0.277466654777527,590,82.7087860107422,111,0.12331782628698,0.00460321392267238,0.0238698217419419,0.11804982044742,0.0957281067967415,211.720581054688
Heilongjiang,916,0.0378499954938889,503,113.624229431152,338,0.12331782628698,0.00460321392267238,0.0238698217419419,0.11804982044742,0.0957281067967415,211.720581054688
Heilongjiang,917,-0.0223000109195709,547,106.564651489258,381,0.12331782628698,0.00460321392267238,0.0238698217419419,0.11804982044742,0.0957281067967415,211.720581054688
Heilongjiang,918,-0.0675833463668823,620,100.850341796875,480,0.12331782628698,0.00460321392267238,0.0238698217419419,0.11804982044742,0.0957281067967415,211.720581054688
Heilongjiang,919,0.00748334601521492,624,100.511650085449,395,0.12331782628698,0.00460321392267238,0.0238698217419419,0.11804982044742,0.0957281067967415,211.720581054688
Heilongjiang,920,0.190016674995422,612,86.1978530883789,55,0.12331782628698,0.00460321392267238,0.0238698217419419,0.11804982044742,0.0957281067967415,211.720581054688
Heilongjiang,925,-0.133616662025452,538,105.5087890625,461,0.12331782628698,0.00460321392267238,0.0238698217419419,0.11804982044742,0.0957281067967415,211.720581054688
Heilongjiang,926,-0.0339333295822144,548,98.4202651977539,285,0.12331782628698,0.00460321392267238,0.0238698217419419,0.11804982044742,0.0957281067967415,211.720581054688
Heilongjiang,927,0.0326166599988937,550,95.0851974487305,206,0.12331782628698,0.00460321392267238,0.0238698217419419,0.11804982044742,0.0957281067967415,211.720581054688
Heilongjiang,932,-0.184983325004578,536,102.647567749023,473,0.12331782628698,0.00460321392267238,0.0238698217419419,0.11804982044742,0.0957281067967415,211.720581054688
Heilongjiang,935,-0.403583335876465,530,103.044868469238,768,0.12331782628698,0.00460321392267238,0.0238698217419419,0.11804982044742,0.0957281067967415,211.720581054688
Heilongjiang,936,-0.191499996185303,511,100.287559509277,428,0.12331782628698,0.00460321392267238,0.0238698217419419,0.11804982044742,0.0957281067967415,211.720581054688
Heilongjiang,937,-0.0962166726589203,488,100.071830749512,242,0.12331782628698,0.00460321392267238,0.0238698217419419,0.11804982044742,0.0957281067967415,211.720581054688
Heilongjiang,939,-0.467449951171875,480,100.649559020996,682,0.12331782628698,0.00460321392267238,0.0238698217419419,0.11804982044742,0.0957281067967415,211.720581054688
Heilongjiang,940,-0.311533331871033,487,98.740837097168,398,0.12331782628698,0.00460321392267238,0.0238698217419419,0.11804982044742,0.0957281067967415,211.720581054688
Heilongjiang,941,-0.236516690254211,502,97.1499710083008,381,0.12331782628698,0.00460321392267238,0.0238698217419419,0.11804982044742,0.0957281067967415,211.720581054688
Henan,311,1.51631669998169,1047,61.0754737854004,154,0.0439882479651097,0.0104666539549818,0.0594135815288783,0.213808908135841,0.486059159040451,260.203979492188
Henan,312,1.57633333206177,1075,61.1194305419922,54,0.0439882479651097,0.0104666539549818,0.0594135815288783,0.213808908135841,0.486059159040451,260.203979492188
Henan,348,1.55446672439575,854,64.6544799804688,224,0.0439882479651097,0.0104666539549818,0.0594135815288783,0.213808908135841,0.486059159040451,260.203979492188
Henan,349,1.50454998016357,857,66.7092132568359,148,0.0439882479651097,0.0104666539549818,0.0594135815288783,0.213808908135841,0.486059159040451,260.203979492188
Henan,350,1.5163332939148,875,70.3813171386719,72,0.0439882479651097,0.0104666539549818,0.0594135815288783,0.213808908135841,0.486059159040451,260.203979492188
Henan,386,1.10326662063599,703,74.4658432006836,1228,0.0439882479651097,0.0104666539549818,0.0594135815288783,0.213808908135841,0.486059159040451,260.203979492188
Henan,387,1.34838333129883,692,74.2543716430664,592,0.0439882479651097,0.0104666539549818,0.0594135815288783,0.213808908135841,0.486059159040451,260.203979492188
Henan,388,1.47014999389648,693,77.4255523681641,159,0.0439882479651097,0.0104666539549818,0.0594135815288783,0.213808908135841,0.486059159040451,260.203979492188
Henan,389,1.49125003814697,722,80.7895736694336,59,0.0439882479651097,0.0104666539549818,0.0594135815288783,0.213808908135841,0.486059159040451,260.203979492188
Henan,390,1.46456670761108,754,84.6317749023438,45,0.0439882479651097,0.0104666539549818,0.0594135815288783,0.213808908135841,0.486059159040451,260.203979492188
Henan,391,1.48626670837402,748,86.9173202514648,32,0.0439882479651097,0.0104666539549818,0.0594135815288783,0.213808908135841,0.486059159040451,260.203979492188
Henan,425,1.28941669464111,586,84.0801696777344,584,0.0439882479651097,0.0104666539549818,0.0594135815288783,0.213808908135841,0.486059159040451,260.203979492188
Henan,426,1.45461664199829,587,88.041130065918,108,0.0439882479651097,0.0104666539549818,0.0594135815288783,0.213808908135841,0.486059159040451,260.203979492188
Henan,427,1.43971672058105,608,90.8884658813477,80,0.0439882479651097,0.0104666539549818,0.0594135815288783,0.213808908135841,0.486059159040451,260.203979492188
Henan,428,1.41611671447754,660,95.1057662963867,65,0.0439882479651097,0.0104666539549818,0.0594135815288783,0.213808908135841,0.486059159040451,260.203979492188
Henan,464,1.41811666488647,555,103.953231811523,83,0.0439882479651097,0.0104666539549818,0.0594135815288783,0.213808908135841,0.486059159040451,260.203979492188
Henan,465,1.38680000305176,583,100.867683410645,53,0.0439882479651097,0.0104666539549818,0.0594135815288783,0.213808908135841,0.486059159040451,260.203979492188
Hubei,199,1.4195333480835,1472,60.6565361022949,940,0.0431056373179286,0.00252064524958792,0.0631284864935155,0.217144813451741,0.503750383853912,393.34716796875
Hubei,200,1.54608335494995,1372,59.0849800109863,502,0.0431056373179286,0.00252064524958792,0.0631284864935155,0.217144813451741,0.503750383853912,393.34716796875
Hubei,204,1.64978332519531,1468,56.7202415466309,190,0.0431056373179286,0.00252064524958792,0.0631284864935155,0.217144813451741,0.503750383853912,393.34716796875
Hubei,236,1.38938331604004,1285,62.5962944030762,828,0.0431056373179286,0.00252064524958792,0.0631284864935155,0.217144813451741,0.503750383853912,393.34716796875
Hubei,237,1.66370010375977,1071,59.9011421203613,95,0.0431056373179286,0.00252064524958792,0.0631284864935155,0.217144813451741,0.503750383853912,393.34716796875
Hubei,238,1.64883327484131,1071,51.7521171569824,32,0.0431056373179286,0.00252064524958792,0.0631284864935155,0.217144813451741,0.503750383853912,393.34716796875
Hubei,239,1.68231658935547,1190,53.0833473205566,25,0.0431056373179286,0.00252064524958792,0.0631284864935155,0.217144813451741,0.503750383853912,393.34716796875
Hubei,240,1.70521659851074,1324,55.1091957092285,17,0.0431056373179286,0.00252064524958792,0.0631284864935155,0.217144813451741,0.503750383853912,393.34716796875
Hubei,241,1.40939998626709,1609,55.2108039855957,704,0.0431056373179286,0.00252064524958792,0.0631284864935155,0.217144813451741,0.503750383853912,393.34716796875
Hubei,272,0.990733337402344,1238,63.6460762023926,1610,0.0431056373179286,0.00252064524958792,0.0631284864935155,0.217144813451741,0.503750383853912,393.34716796875
Hubei,273,1.43028335571289,1062,63.8722114562988,539,0.0431056373179286,0.00252064524958792,0.0631284864935155,0.217144813451741,0.503750383853912,393.34716796875
Hubei,274,1.56280002593994,1007,59.8653602600098,204,0.0431056373179286,0.00252064524958792,0.0631284864935155,0.217144813451741,0.503750383853912,393.34716796875
Hubei,275,1.60734996795654,1112,56.3282051086426,85,0.0431056373179286,0.00252064524958792,0.0631284864935155,0.217144813451741,0.503750383853912,393.34716796875
Hubei,276,1.6324499130249,1202,59.0842475891113,82,0.0431056373179286,0.00252064524958792,0.0631284864935155,0.217144813451741,0.503750383853912,393.34716796875
Hubei,307,1.31230001449585,1012,67.4457015991211,938,0.0431056373179286,0.00252064524958792,0.0631284864935155,0.217144813451741,0.503750383853912,393.34716796875
Hubei,308,1.34263334274292,1005,65.8524398803711,850,0.0431056373179286,0.00252064524958792,0.0631284864935155,0.217144813451741,0.503750383853912,393.34716796875
Hubei,309,1.59178333282471,959,62.8666954040527,95,0.0431056373179286,0.00252064524958792,0.0631284864935155,0.217144813451741,0.503750383853912,393.34716796875
Hubei,310,1.5418999671936,960,62.6441612243652,149,0.0431056373179286,0.00252064524958792,0.0631284864935155,0.217144813451741,0.503750383853912,393.34716796875
Hunan,74,1.69721660614014,1644,58.8146781921387,625,0.0189702283469961,0.00756605205339091,0.0347710350255269,0.103357874200594,0.544842541217804,460.582000732422
Hunan,93,1.46476669311523,1567,55.7292900085449,914,0.0189702283469961,0.00756605205339091,0.0347710350255269,0.103357874200594,0.544842541217804,460.582000732422
Hunan,94,1.79419994354248,1432,52.0054473876953,224,0.0189702283469961,0.00756605205339091,0.0347710350255269,0.103357874200594,0.544842541217804,460.582000732422
Hunan,95,1.61849994659424,1517,50.2840156555176,614,0.0189702283469961,0.00756605205339091,0.0347710350255269,0.103357874200594,0.544842541217804,460.582000732422
Hunan,96,1.69846668243408,1506,51.2594223022461,473,0.0189702283469961,0.00756605205339091,0.0347710350255269,0.103357874200594,0.544842541217804,460.582000732422
Hunan,113,1.39186668395996,1463,53.1163215637207,1007,0.0189702283469961,0.00756605205339091,0.0347710350255269,0.103357874200594,0.544842541217804,460.582000732422
Hunan,114,1.71180000305176,1366,49.0564460754395,292,0.0189702283469961,0.00756605205339091,0.0347710350255269,0.103357874200594,0.544842541217804,460.582000732422
Hunan,115,1.84096660614014,1409,46.4014167785645,84,0.0189702283469961,0.00756605205339091,0.0347710350255269,0.103357874200594,0.544842541217804,460.582000732422
Hunan,116,1.79953327178955,1473,46.7534446716309,124,0.0189702283469961,0.00756605205339091,0.0347710350255269,0.103357874200594,0.544842541217804,460.582000732422
Hunan,136,1.57491664886475,1294,58.4098052978516,642,0.0189702283469961,0.00756605205339091,0.0347710350255269,0.103357874200594,0.544842541217804,460.582000732422
Hunan,137,1.68619995117188,1362,56.6621894836426,286,0.0189702283469961,0.00756605205339091,0.0347710350255269,0.103357874200594,0.544842541217804,460.582000732422
Hunan,138,1.63938331604004,1411,48.7988777160645,419,0.0189702283469961,0.00756605205339091,0.0347710350255269,0.103357874200594,0.544842541217804,460.582000732422
Hunan,139,1.76096668243408,1381,46.4275169372559,92,0.0189702283469961,0.00756605205339091,0.0347710350255269,0.103357874200594,0.544842541217804,460.582000732422
Hunan,140,1.7458833694458,1457,47.3976783752441,93,0.0189702283469961,0.00756605205339091,0.0347710350255269,0.103357874200594,0.544842541217804,460.582000732422
Hunan,165,1.61098327636719,1402,60.3168640136719,566,0.0189702283469961,0.00756605205339091,0.0347710350255269,0.103357874200594,0.544842541217804,460.582000732422
Hunan,166,1.55588331222534,1440,57.8222541809082,528,0.0189702283469961,0.00756605205339091,0.0347710350255269,0.103357874200594,0.544842541217804,460.582000732422
Hunan,167,1.71193332672119,1321,48.5794944763184,73,0.0189702283469961,0.00756605205339091,0.0347710350255269,0.103357874200594,0.544842541217804,460.582000732422
Hunan,168,1.74126663208008,1322,45.9208679199219,28,0.0189702283469961,0.00756605205339091,0.0347710350255269,0.103357874200594,0.544842541217804,460.582000732422
Hunan,169,1.66789989471436,1436,50.6694755554199,209,0.0189702283469961,0.00756605205339091,0.0347710350255269,0.103357874200594,0.544842541217804,460.582000732422
Hunan,201,1.6984167098999,1212,51.5530700683594,75,0.0189702283469961,0.00756605205339091,0.0347710350255269,0.103357874200594,0.544842541217804,460.582000732422
Hunan,202,1.70599994659424,1214,48.1879081726074,37,0.0189702283469961,0.00756605205339091,0.0347710350255269,0.103357874200594,0.544842541217804,460.582000732422
Hunan,203,1.68505001068115,1329,52.8179588317871,132,0.0189702283469961,0.00756605205339091,0.0347710350255269,0.103357874200594,0.544842541217804,460.582000732422
Inner Mongolia,529,0.823866653442383,168,93.7652359008789,1548,0.025231014378407,0.0182168161740964,0.0107402151845823,0.0422685521945524,0.167526170611382,111.579971313477
Inner Mongolia,530,0.86646671295166,197,93.7856750488281,1458,0.025231014378407,0.0182168161740964,0.0107402151845823,0.0422685521945524,0.167526170611382,111.579971313477
Inner Mongolia,533,0.850316619873047,388,97.8932647705078,1264,0.025231014378407,0.0182168161740964,0.0107402151845823,0.0422685521945524,0.167526170611382,111.579971313477
Inner Mongolia,566,0.145516669750214,303,97.0443420410156,2711,0.025231014378407,0.0182168161740964,0.0107402151845823,0.0422685521945524,0.167526170611382,111.579971313477
Inner Mongolia,568,0.886533355712891,130,89.639289855957,1331,0.025231014378407,0.0182168161740964,0.0107402151845823,0.0422685521945524,0.167526170611382,111.579971313477
Inner Mongolia,569,0.883749961853027,170,85.4063491821289,1300,0.025231014378407,0.0182168161740964,0.0107402151845823,0.0422685521945524,0.167526170611382,111.579971313477
Inner Mongolia,571,0.767566680908203,279,104.516876220703,1348,0.025231014378407,0.0182168161740964,0.0107402151845823,0.0422685521945524,0.167526170611382,111.579971313477
Inner Mongolia,572,0.743283319473267,332,105.5703125,1338,0.025231014378407,0.0182168161740964,0.0107402151845823,0.0422685521945524,0.167526170611382,111.579971313477
Inner Mongolia,602,0.719566679000855,156,97.033935546875,1579,0.025231014378407,0.0182168161740964,0.0107402151845823,0.0422685521945524,0.167526170611382,111.579971313477
Inner Mongolia,603,0.848550033569336,98,90.5380859375,1322,0.025231014378407,0.0182168161740964,0.0107402151845823,0.0422685521945524,0.167526170611382,111.579971313477
Inner Mongolia,604,0.711549997329712,106,96.4600219726563,1676,0.025231014378407,0.0182168161740964,0.0107402151845823,0.0422685521945524,0.167526170611382,111.579971313477
Inner Mongolia,605,0.893166637420654,101,93.4006652832031,1246,0.025231014378407,0.0182168161740964,0.0107402151845823,0.0422685521945524,0.167526170611382,111.579971313477
Inner Mongolia,606,0.899100017547607,114,102.775337219238,1247,0.025231014378407,0.0182168161740964,0.0107402151845823,0.0422685521945524,0.167526170611382,111.579971313477
Inner Mongolia,607,0.801416683197022,156,95.783073425293,1176,0.025231014378407,0.0182168161740964,0.0107402151845823,0.0422685521945524,0.167526170611382,111.579971313477
Inner Mongolia,608,0.652383327484131,254,101.402702331543,1477,0.025231014378407,0.0182168161740964,0.0107402151845823,0.0422685521945524,0.167526170611382,111.579971313477
Inner Mongolia,609,0.645683336257935,309,108.14868927002,1459,0.025231014378407,0.0182168161740964,0.0107402151845823,0.0422685521945524,0.167526170611382,111.579971313477
Inner Mongolia,610,0.695599985122681,359,108.25993347168,1238,0.025231014378407,0.0182168161740964,0.0107402151845823,0.0422685521945524,0.167526170611382,111.579971313477
Inner Mongolia,611,0.772583341598511,405,109.964385986328,997,0.025231014378407,0.0182168161740964,0.0107402151845823,0.0422685521945524,0.167526170611382,111.579971313477
Inner Mongolia,639,0.909483337402344,77,100.151954650879,1184,0.025231014378407,0.0182168161740964,0.0107402151845823,0.0422685521945524,0.167526170611382,111.579971313477
Inner Mongolia,640,0.948999977111816,59,96.2742080688477,1137,0.025231014378407,0.0182168161740964,0.0107402151845823,0.0422685521945524,0.167526170611382,111.579971313477
Inner Mongolia,641,0.858883285522461,66,98.727783203125,1277,0.025231014378407,0.0182168161740964,0.0107402151845823,0.0422685521945524,0.167526170611382,111.579971313477
Inner Mongolia,642,0.721099996566773,103,88.0328674316406,1497,0.025231014378407,0.0182168161740964,0.0107402151845823,0.0422685521945524,0.167526170611382,111.579971313477
Inner Mongolia,643,0.734166669845581,111,94.7830657958984,1390,0.025231014378407,0.0182168161740964,0.0107402151845823,0.0422685521945524,0.167526170611382,111.579971313477
Inner Mongolia,644,0.848033332824707,118,100.104301452637,1038,0.025231014378407,0.0182168161740964,0.0107402151845823,0.0422685521945524,0.167526170611382,111.579971313477
Inner Mongolia,645,0.794883346557617,177,101.266632080078,1110,0.025231014378407,0.0182168161740964,0.0107402151845823,0.0422685521945524,0.167526170611382,111.579971313477
Inner Mongolia,646,0.726833343505859,253,106.346458435059,1125,0.025231014378407,0.0182168161740964,0.0107402151845823,0.0422685521945524,0.167526170611382,111.579971313477
Inner Mongolia,647,0.661216640472412,317,107.81307220459,1006,0.025231014378407,0.0182168161740964,0.0107402151845823,0.0422685521945524,0.167526170611382,111.579971313477
Inner Mongolia,648,0.640416669845581,335,109.183769226074,1002,0.025231014378407,0.0182168161740964,0.0107402151845823,0.0422685521945524,0.167526170611382,111.579971313477
Inner Mongolia,649,0.370933318138123,377,107.984840393066,1513,0.025231014378407,0.0182168161740964,0.0107402151845823,0.0422685521945524,0.167526170611382,111.579971313477
Inner Mongolia,675,0.709266662597656,68,82.4896697998047,1409,0.025231014378407,0.0182168161740964,0.0107402151845823,0.0422685521945524,0.167526170611382,111.579971313477
Inner Mongolia,676,0.695599985122681,77,91.8903579711914,1464,0.025231014378407,0.0182168161740964,0.0107402151845823,0.0422685521945524,0.167526170611382,111.579971313477
Inner Mongolia,677,0.888650035858154,46,98.1726913452149,1028,0.025231014378407,0.0182168161740964,0.0107402151845823,0.0422685521945524,0.167526170611382,111.579971313477
Inner Mongolia,678,0.968116664886475,41,89.7692184448242,1003,0.025231014378407,0.0182168161740964,0.0107402151845823,0.0422685521945524,0.167526170611382,111.579971313477
Inner Mongolia,679,0.9260666847229,56,78.3198852539063,1016,0.025231014378407,0.0182168161740964,0.0107402151845823,0.0422685521945524,0.167526170611382,111.579971313477
Inner Mongolia,680,0.958800029754639,59,103.551826477051,814,0.025231014378407,0.0182168161740964,0.0107402151845823,0.0422685521945524,0.167526170611382,111.579971313477
Inner Mongolia,681,0.839149951934815,86,95.2548828125,1046,0.025231014378407,0.0182168161740964,0.0107402151845823,0.0422685521945524,0.167526170611382,111.579971313477
Inner Mongolia,682,0.47868332862854,133,92.994010925293,1628,0.025231014378407,0.0182168161740964,0.0107402151845823,0.0422685521945524,0.167526170611382,111.579971313477
Inner Mongolia,683,0.699233341217041,150,114.035591125488,1268,0.025231014378407,0.0182168161740964,0.0107402151845823,0.0422685521945524,0.167526170611382,111.579971313477
Inner Mongolia,684,0.540250015258789,230,107.851020812988,1322,0.025231014378407,0.0182168161740964,0.0107402151845823,0.0422685521945524,0.167526170611382,111.579971313477
Inner Mongolia,685,0.364716672897339,301,103.604164123535,1591,0.025231014378407,0.0182168161740964,0.0107402151845823,0.0422685521945524,0.167526170611382,111.579971313477
Inner Mongolia,686,0.303916668891907,273,115.549118041992,1647,0.025231014378407,0.0182168161740964,0.0107402151845823,0.0422685521945524,0.167526170611382,111.579971313477
Inner Mongolia,687,0.0898000001907349,363,105.296531677246,2015,0.025231014378407,0.0182168161740964,0.0107402151845823,0.0422685521945524,0.167526170611382,111.579971313477
Inner Mongolia,688,0.458683347702026,337,102.602951049805,1386,0.025231014378407,0.0182168161740964,0.0107402151845823,0.0422685521945524,0.167526170611382,111.579971313477
Inner Mongolia,716,0.590299987792969,60,99.4936676025391,1435,0.025231014378407,0.0182168161740964,0.0107402151845823,0.0422685521945524,0.167526170611382,111.579971313477
Inner Mongolia,717,0.727316665649414,51,104.683166503906,1168,0.025231014378407,0.0182168161740964,0.0107402151845823,0.0422685521945524,0.167526170611382,111.579971313477
Inner Mongolia,718,0.845483303070068,38,104.780288696289,933,0.025231014378407,0.0182168161740964,0.0107402151845823,0.0422685521945524,0.167526170611382,111.579971313477
Inner Mongolia,719,0.87296667098999,39,102.378135681152,982,0.025231014378407,0.0182168161740964,0.0107402151845823,0.0422685521945524,0.167526170611382,111.579971313477
Inner Mongolia,720,0.562283325195313,141,102.977241516113,1317,0.025231014378407,0.0182168161740964,0.0107402151845823,0.0422685521945524,0.167526170611382,111.579971313477
Inner Mongolia,721,0.51928334236145,178,103.142272949219,1237,0.025231014378407,0.0182168161740964,0.0107402151845823,0.0422685521945524,0.167526170611382,111.579971313477
Inner Mongolia,722,0.55319995880127,194,109.003898620605,1209,0.025231014378407,0.0182168161740964,0.0107402151845823,0.0422685521945524,0.167526170611382,111.579971313477
Inner Mongolia,723,0.410500001907349,219,106.717880249023,1294,0.025231014378407,0.0182168161740964,0.0107402151845823,0.0422685521945524,0.167526170611382,111.579971313477
Inner Mongolia,724,0.455833339691162,230,110.815544128418,1294,0.025231014378407,0.0182168161740964,0.0107402151845823,0.0422685521945524,0.167526170611382,111.579971313477
Inner Mongolia,725,0.283666658401489,305,106.721961975098,1522,0.025231014378407,0.0182168161740964,0.0107402151845823,0.0422685521945524,0.167526170611382,111.579971313477
Inner Mongolia,726,0.313916683197022,365,99.4358291625977,1414,0.025231014378407,0.0182168161740964,0.0107402151845823,0.0422685521945524,0.167526170611382,111.579971313477
Inner Mongolia,729,0.623466682434082,462,117.910064697266,990,0.025231014378407,0.0182168161740964,0.0107402151845823,0.0422685521945524,0.167526170611382,111.579971313477
Inner Mongolia,754,0.484233331680298,158,113.654167175293,995,0.025231014378407,0.0182168161740964,0.0107402151845823,0.0422685521945524,0.167526170611382,111.579971313477
Inner Mongolia,755,0.452066659927368,195,111.622428894043,1100,0.025231014378407,0.0182168161740964,0.0107402151845823,0.0422685521945524,0.167526170611382,111.579971313477
Inner Mongolia,756,0.425316667556763,269,101.849472045898,1107,0.025231014378407,0.0182168161740964,0.0107402151845823,0.0422685521945524,0.167526170611382,111.579971313477
Inner Mongolia,757,0.257999992370605,310,102.760780334473,1276,0.025231014378407,0.0182168161740964,0.0107402151845823,0.0422685521945524,0.167526170611382,111.579971313477
Inner Mongolia,758,0.158850026130676,375,105.186683654785,1368,0.025231014378407,0.0182168161740964,0.0107402151845823,0.0422685521945524,0.167526170611382,111.579971313477
Inner Mongolia,759,0.0192499950528145,457,108.60555267334,1780,0.025231014378407,0.0182168161740964,0.0107402151845823,0.0422685521945524,0.167526170611382,111.579971313477
Inner Mongolia,760,0.665433359146118,383,113.267303466797,759,0.025231014378407,0.0182168161740964,0.0107402151845823,0.0422685521945524,0.167526170611382,111.579971313477
Inner Mongolia,761,0.682533311843872,445,116.870918273926,652,0.025231014378407,0.0182168161740964,0.0107402151845823,0.0422685521945524,0.167526170611382,111.579971313477
Inner Mongolia,781,0.365716648101807,182,114.871620178223,948,0.025231014378407,0.0182168161740964,0.0107402151845823,0.0422685521945524,0.167526170611382,111.579971313477
Inner Mongolia,782,0.294016647338867,215,115.454566955566,1068,0.025231014378407,0.0182168161740964,0.0107402151845823,0.0422685521945524,0.167526170611382,111.579971313477
Inner Mongolia,783,0.248250007629395,257,110.15242767334,1040,0.025231014378407,0.0182168161740964,0.0107402151845823,0.0422685521945524,0.167526170611382,111.579971313477
Inner Mongolia,784,0.174983322620392,319,112.226676940918,1237,0.025231014378407,0.0182168161740964,0.0107402151845823,0.0422685521945524,0.167526170611382,111.579971313477
Inner Mongolia,785,0.386716675758362,372,114.912574768066,1039,0.025231014378407,0.0182168161740964,0.0107402151845823,0.0422685521945524,0.167526170611382,111.579971313477
Inner Mongolia,786,0.627133321762085,386,112.775932312012,603,0.025231014378407,0.0182168161740964,0.0107402151845823,0.0422685521945524,0.167526170611382,111.579971313477
Inner Mongolia,787,0.715799999237061,397,117.628883361816,349,0.025231014378407,0.0182168161740964,0.0107402151845823,0.0422685521945524,0.167526170611382,111.579971313477
Inner Mongolia,788,0.700766658782959,466,111.733215332031,277,0.025231014378407,0.0182168161740964,0.0107402151845823,0.0422685521945524,0.167526170611382,111.579971313477
Inner Mongolia,789,0.704099988937378,501,112.356544494629,197,0.025231014378407,0.0182168161740964,0.0107402151845823,0.0422685521945524,0.167526170611382,111.579971313477
Inner Mongolia,806,0.287233328819275,155,116.56990814209,984,0.025231014378407,0.0182168161740964,0.0107402151845823,0.0422685521945524,0.167526170611382,111.579971313477
Inner Mongolia,807,0.110633337497711,200,116.412605285645,1297,0.025231014378407,0.0182168161740964,0.0107402151845823,0.0422685521945524,0.167526170611382,111.579971313477
Inner Mongolia,808,0.0801666736602783,224,118.006210327148,1223,0.025231014378407,0.0182168161740964,0.0107402151845823,0.0422685521945524,0.167526170611382,111.579971313477
Inner Mongolia,809,0.164466667175293,239,112.979202270508,1055,0.025231014378407,0.0182168161740964,0.0107402151845823,0.0422685521945524,0.167526170611382,111.579971313477
Inner Mongolia,810,0.20476667881012,274,112.426391601563,1022,0.025231014378407,0.0182168161740964,0.0107402151845823,0.0422685521945524,0.167526170611382,111.579971313477
Inner Mongolia,811,0.110366642475128,351,111.081939697266,1168,0.025231014378407,0.0182168161740964,0.0107402151845823,0.0422685521945524,0.167526170611382,111.579971313477
Inner Mongolia,812,0.467816686630249,363,123.756004333496,634,0.025231014378407,0.0182168161740964,0.0107402151845823,0.0422685521945524,0.167526170611382,111.579971313477
Inner Mongolia,813,0.643800020217896,372,125.72940826416,353,0.025231014378407,0.0182168161740964,0.0107402151845823,0.0422685521945524,0.167526170611382,111.579971313477
Inner Mongolia,814,0.693883323669434,432,116.942474365234,203,0.025231014378407,0.0182168161740964,0.0107402151845823,0.0422685521945524,0.167526170611382,111.579971313477
Inner Mongolia,815,0.683850002288818,459,116.541679382324,148,0.025231014378407,0.0182168161740964,0.0107402151845823,0.0422685521945524,0.167526170611382,111.579971313477
Inner Mongolia,829,0.149466669559479,252,106.934608459473,977,0.025231014378407,0.0182168161740964,0.0107402151845823,0.0422685521945524,0.167526170611382,111.579971313477
Inner Mongolia,830,0.143783330917358,300,113.930229187012,891,0.025231014378407,0.0182168161740964,0.0107402151845823,0.0422685521945524,0.167526170611382,111.579971313477
Inner Mongolia,831,0.0517166793346405,396,115.610717773438,1139,0.025231014378407,0.0182168161740964,0.0107402151845823,0.0422685521945524,0.167526170611382,111.579971313477
Inner Mongolia,832,0.503583335876465,386,127.561912536621,485,0.025231014378407,0.0182168161740964,0.0107402151845823,0.0422685521945524,0.167526170611382,111.579971313477
Inner Mongolia,833,0.644449996948242,421,120.177703857422,192,0.025231014378407,0.0182168161740964,0.0107402151845823,0.0422685521945524,0.167526170611382,111.579971313477
Inner Mongolia,850,0.0292000263929367,259,106.028877258301,984,0.025231014378407,0.0182168161740964,0.0107402151845823,0.0422685521945524,0.167526170611382,111.579971313477
Inner Mongolia,851,0.00268333256244659,306,111.670524597168,980,0.025231014378407,0.0182168161740964,0.0107402151845823,0.0422685521945524,0.167526170611382,111.579971313477
Inner Mongolia,852,-0.0146166831254959,377,115.457290649414,944,0.025231014378407,0.0182168161740964,0.0107402151845823,0.0422685521945524,0.167526170611382,111.579971313477
Inner Mongolia,853,0.203949999809265,417,124.901947021484,798,0.025231014378407,0.0182168161740964,0.0107402151845823,0.0422685521945524,0.167526170611382,111.579971313477
Inner Mongolia,869,0.0276333272457123,443,120.814437866211,877,0.025231014378407,0.0182168161740964,0.0107402151845823,0.0422685521945524,0.167526170611382,111.579971313477
Inner Mongolia,870,0.370133328437805,421,128.075332641602,356,0.025231014378407,0.0182168161740964,0.0107402151845823,0.0422685521945524,0.167526170611382,111.579971313477
Inner Mongolia,881,0.135700011253357,202,110.06127166748,748,0.025231014378407,0.0182168161740964,0.0107402151845823,0.0422685521945524,0.167526170611382,111.579971313477
Inner Mongolia,882,0.0706166803836823,230,118.005416870117,590,0.025231014378407,0.0182168161740964,0.0107402151845823,0.0422685521945524,0.167526170611382,111.579971313477
Inner Mongolia,883,-0.0535000085830689,286,118.797630310059,723,0.025231014378407,0.0182168161740964,0.0107402151845823,0.0422685521945524,0.167526170611382,111.579971313477
Inner Mongolia,884,-0.338316655158997,445,106.804969787598,1237,0.025231014378407,0.0182168161740964,0.0107402151845823,0.0422685521945524,0.167526170611382,111.579971313477
Inner Mongolia,885,-0.0514166712760925,449,122.347557067871,827,0.025231014378407,0.0182168161740964,0.0107402151845823,0.0422685521945524,0.167526170611382,111.579971313477
Inner Mongolia,897,0.0470166742801666,228,112.350914001465,743,0.025231014378407,0.0182168161740964,0.0107402151845823,0.0422685521945524,0.167526170611382,111.579971313477
Inner Mongolia,898,0.0204500004649162,253,122.110954284668,540,0.025231014378407,0.0182168161740964,0.0107402151845823,0.0422685521945524,0.167526170611382,111.579971313477
Inner Mongolia,899,-0.100616681575775,308,120.598648071289,693,0.025231014378407,0.0182168161740964,0.0107402151845823,0.0422685521945524,0.167526170611382,111.579971313477
Inner Mongolia,900,-0.219866681098938,400,116.155700683594,850,0.025231014378407,0.0182168161740964,0.0107402151845823,0.0422685521945524,0.167526170611382,111.579971313477
Inner Mongolia,901,-0.210833311080933,486,121.183067321777,963,0.025231014378407,0.0182168161740964,0.0107402151845823,0.0422685521945524,0.167526170611382,111.579971313477
Inner Mongolia,902,0.155233323574066,463,124.11693572998,419,0.025231014378407,0.0182168161740964,0.0107402151845823,0.0422685521945524,0.167526170611382,111.579971313477
Inner Mongolia,911,-0.131450009346008,340,119.396369934082,605,0.025231014378407,0.0182168161740964,0.0107402151845823,0.0422685521945524,0.167526170611382,111.579971313477
Inner Mongolia,912,-0.274749994277954,406,119.968864440918,738,0.025231014378407,0.0182168161740964,0.0107402151845823,0.0422685521945524,0.167526170611382,111.579971313477
Inner Mongolia,913,-0.356633353233337,504,120.604537963867,1039,0.025231014378407,0.0182168161740964,0.0107402151845823,0.0422685521945524,0.167526170611382,111.579971313477
Inner Mongolia,914,-0.140500009059906,522,120.560752868652,783,0.025231014378407,0.0182168161740964,0.0107402151845823,0.0422685521945524,0.167526170611382,111.579971313477
Inner Mongolia,915,0.0687166631221771,499,116.454154968262,295,0.025231014378407,0.0182168161740964,0.0107402151845823,0.0422685521945524,0.167526170611382,111.579971313477
Inner Mongolia,921,-0.381766676902771,442,115.107482910156,753,0.025231014378407,0.0182168161740964,0.0107402151845823,0.0422685521945524,0.167526170611382,111.579971313477
Inner Mongolia,922,-0.417916679382324,518,116.529640197754,1022,0.025231014378407,0.0182168161740964,0.0107402151845823,0.0422685521945524,0.167526170611382,111.579971313477
Inner Mongolia,923,-0.19503333568573,520,114.807510375977,641,0.025231014378407,0.0182168161740964,0.0107402151845823,0.0422685521945524,0.167526170611382,111.579971313477
Inner Mongolia,924,-0.0869333505630493,509,111.648155212402,397,0.025231014378407,0.0182168161740964,0.0107402151845823,0.0422685521945524,0.167526170611382,111.579971313477
Inner Mongolia,928,-0.501599979400635,500,111.350364685059,1077,0.025231014378407,0.0182168161740964,0.0107402151845823,0.0422685521945524,0.167526170611382,111.579971313477
Inner Mongolia,929,-0.533400011062622,536,109.311073303223,1037,0.025231014378407,0.0182168161740964,0.0107402151845823,0.0422685521945524,0.167526170611382,111.579971313477
Inner Mongolia,930,-0.306949996948242,525,109.690338134766,712,0.025231014378407,0.0182168161740964,0.0107402151845823,0.0422685521945524,0.167526170611382,111.579971313477
Inner Mongolia,931,-0.200650000572205,524,105.48698425293,509,0.025231014378407,0.0182168161740964,0.0107402151845823,0.0422685521945524,0.167526170611382,111.579971313477
Inner Mongolia,933,-0.458183336257935,452,110.118057250977,687,0.025231014378407,0.0182168161740964,0.0107402151845823,0.0422685521945524,0.167526170611382,111.579971313477
Inner Mongolia,934,-0.549283313751221,519,105.171966552734,947,0.025231014378407,0.0182168161740964,0.0107402151845823,0.0422685521945524,0.167526170611382,111.579971313477
Inner Mongolia,938,-0.449883317947388,445,105.784805297852,687,0.025231014378407,0.0182168161740964,0.0107402151845823,0.0422685521945524,0.167526170611382,111.579971313477
Jiangsu,316,1.55240001678467,1084,52.4703483581543,40,0.0217271318036011,0.00581270806452776,0.0534683116468678,0.108386098725391,0.498851388692856,306.400817871094
Jiangsu,317,1.60311660766602,997,53.5086250305176,19,0.0217271318036011,0.00581270806452776,0.0534683116468678,0.108386098725391,0.498851388692856,306.400817871094
Jiangsu,355,1.53730001449585,967,67.3487548828125,8,0.0217271318036011,0.00581270806452776,0.0534683116468678,0.108386098725391,0.498851388692856,306.400817871094
Jiangsu,356,1.50535001754761,993,61.109317779541,4,0.0217271318036011,0.00581270806452776,0.0534683116468678,0.108386098725391,0.498851388692856,306.400817871094
Jiangsu,393,1.47965002059937,797,91.2370681762695,19,0.0217271318036011,0.00581270806452776,0.0534683116468678,0.108386098725391,0.498851388692856,306.400817871094
Jiangsu,394,1.4610333442688,859,77.5797271728516,0,0.0217271318036011,0.00581270806452776,0.0534683116468678,0.108386098725391,0.498851388692856,306.400817871094
Jiangsu,395,1.44783334732056,999,70.6371994018555,2,0.0217271318036011,0.00581270806452776,0.0534683116468678,0.108386098725391,0.498851388692856,306.400817871094
Jiangsu,429,1.43076667785645,685,96.5904006958008,44,0.0217271318036011,0.00581270806452776,0.0534683116468678,0.108386098725391,0.498851388692856,306.400817871094
Jiangsu,431,1.3988166809082,779,98.2862243652344,23,0.0217271318036011,0.00581270806452776,0.0534683116468678,0.108386098725391,0.498851388692856,306.400817871094
Jiangsu,432,1.37718334197998,762,80.2111892700195,1,0.0217271318036011,0.00581270806452776,0.0534683116468678,0.108386098725391,0.498851388692856,306.400817871094
Jiangxi,78,1.88723335266113,1675,58.9859008789063,396,0.0555181677950237,0.00309992464135601,0.0727307499262645,0.316090936826047,0.569346845149994,527.761657714844
Jiangxi,97,1.7699333190918,1499,53.2108268737793,368,0.0555181677950237,0.00309992464135601,0.0727307499262645,0.316090936826047,0.569346845149994,527.761657714844
Jiangxi,98,1.85284996032715,1545,53.5189094543457,302,0.0555181677950237,0.00309992464135601,0.0727307499262645,0.316090936826047,0.569346845149994,527.761657714844
Jiangxi,117,1.6755500793457,1543,49.6584930419922,356,0.0555181677950237,0.00309992464135601,0.0727307499262645,0.316090936826047,0.569346845149994,527.761657714844
Jiangxi,118,1.68821659088135,1628,54.5059089660645,414,0.0555181677950237,0.00309992464135601,0.0727307499262645,0.316090936826047,0.569346845149994,527.761657714844
Jiangxi,119,1.80633335113525,1688,61.3518676757813,282,0.0555181677950237,0.00309992464135601,0.0727307499262645,0.316090936826047,0.569346845149994,527.761657714844
Jiangxi,141,1.68955001831055,1533,50.1219863891602,236,0.0555181677950237,0.00309992464135601,0.0727307499262645,0.316090936826047,0.569346845149994,527.761657714844
Jiangxi,142,1.7281665802002,1625,57.789176940918,222,0.0555181677950237,0.00309992464135601,0.0727307499262645,0.316090936826047,0.569346845149994,527.761657714844
Jiangxi,143,1.60183334350586,1846,60.5495986938477,593,0.0555181677950237,0.00309992464135601,0.0727307499262645,0.316090936826047,0.569346845149994,527.761657714844
Jiangxi,170,1.46695003509522,1663,53.5434074401856,632,0.0555181677950237,0.00309992464135601,0.0727307499262645,0.316090936826047,0.569346845149994,527.761657714844
Jiangxi,171,1.77186660766602,1553,60.2867050170899,40,0.0555181677950237,0.00309992464135601,0.0727307499262645,0.316090936826047,0.569346845149994,527.761657714844
Jiangxi,172,1.7992000579834,1692,62.1781005859375,54,0.0555181677950237,0.00309992464135601,0.0727307499262645,0.316090936826047,0.569346845149994,527.761657714844
Jiangxi,173,1.84290008544922,1759,62.0762977600098,86,0.0555181677950237,0.00309992464135601,0.0727307499262645,0.316090936826047,0.569346845149994,527.761657714844
Jiangxi,205,1.69015007019043,1482,55.3136405944824,137,0.0555181677950237,0.00309992464135601,0.0727307499262645,0.316090936826047,0.569346845149994,527.761657714844
Jiangxi,206,1.76618328094482,1576,57.3821983337402,16,0.0555181677950237,0.00309992464135601,0.0727307499262645,0.316090936826047,0.569346845149994,527.761657714844
Jiangxi,207,1.70785007476807,1691,58.7414360046387,149,0.0555181677950237,0.00309992464135601,0.0727307499262645,0.316090936826047,0.569346845149994,527.761657714844
Jilin,766,0.378233313560486,931,100.426139831543,781,0.073517564422611,0.0130584389103411,0.022873542755,0.114589651661273,0.155867040157318,227.166778564453
Jilin,791,0.487200021743774,758,101.046272277832,406,0.073517564422611,0.0130584389103411,0.022873542755,0.114589651661273,0.155867040157318,227.166778564453
Jilin,792,0.450333309173584,801,97.7115783691406,495,0.073517564422611,0.0130584389103411,0.022873542755,0.114589651661273,0.155867040157318,227.166778564453
Jilin,793,0.258366680145264,748,96.5011138916016,804,0.073517564422611,0.0130584389103411,0.022873542755,0.114589651661273,0.155867040157318,227.166778564453
Jilin,816,0.620366668701172,530,112.100517272949,145,0.073517564422611,0.0130584389103411,0.022873542755,0.114589651661273,0.155867040157318,227.166778564453
Jilin,817,0.452016687393189,655,106.437484741211,307,0.073517564422611,0.0130584389103411,0.022873542755,0.114589651661273,0.155867040157318,227.166778564453
Jilin,818,0.348366665840149,724,100.078643798828,393,0.073517564422611,0.0130584389103411,0.022873542755,0.114589651661273,0.155867040157318,227.166778564453
Jilin,819,0.215283346176147,681,101.730346679688,802,0.073517564422611,0.0130584389103411,0.022873542755,0.114589651661273,0.155867040157318,227.166778564453
Jilin,820,0.411649990081787,594,98.4267272949219,507,0.073517564422611,0.0130584389103411,0.022873542755,0.114589651661273,0.155867040157318,227.166778564453
Jilin,834,0.627850008010864,428,122.046783447266,146,0.073517564422611,0.0130584389103411,0.022873542755,0.114589651661273,0.155867040157318,227.166778564453
Jilin,835,0.511849975585938,480,119.342384338379,202,0.073517564422611,0.0130584389103411,0.022873542755,0.114589651661273,0.155867040157318,227.166778564453
Jilin,836,0.466616678237915,574,112.683258056641,201,0.073517564422611,0.0130584389103411,0.022873542755,0.114589651661273,0.155867040157318,227.166778564453
Jilin,837,0.299149990081787,647,103.12629699707,353,0.073517564422611,0.0130584389103411,0.022873542755,0.114589651661273,0.155867040157318,227.166778564453
Jilin,838,0.193783330917358,647,103.246070861816,707,0.073517564422611,0.0130584389103411,0.022873542755,0.114589651661273,0.155867040157318,227.166778564453
Jilin,839,0.307683324813843,590,96.4962005615234,557,0.073517564422611,0.0130584389103411,0.022873542755,0.114589651661273,0.155867040157318,227.166778564453
Jilin,840,0.200466656684876,650,88.4926834106445,749,0.073517564422611,0.0130584389103411,0.022873542755,0.114589651661273,0.155867040157318,227.166778564453
Jilin,854,0.523366641998291,409,127.919830322266,214,0.073517564422611,0.0130584389103411,0.022873542755,0.114589651661273,0.155867040157318,227.166778564453
Jilin,855,0.555933332443237,419,122.035827636719,138,0.073517564422611,0.0130584389103411,0.022873542755,0.114589651661273,0.155867040157318,227.166778564453
Jilin,856,0.472049999237061,450,120.061721801758,126,0.073517564422611,0.0130584389103411,0.022873542755,0.114589651661273,0.155867040157318,227.166778564453
Liaoning,655,1.01106767654419,653,102.001571655273,16,0.0863163654593768,0.0160916042924581,0.0709852748416341,0.241593679938866,0.2798932492733,239.773971557617
Liaoning,693,0.87693338394165,559,124.519561767578,321,0.0863163654593768,0.0160916042924581,0.0709852748416341,0.241593679938866,0.2798932492733,239.773971557617
Liaoning,694,0.913809490203857,648,108.665840148926,21,0.0863163654593768,0.0160916042924581,0.0709852748416341,0.241593679938866,0.2798932492733,239.773971557617
Liaoning,695,0.840816688537598,823,104.858192443848,238,0.0863163654593768,0.0160916042924581,0.0709852748416341,0.241593679938866,0.2798932492733,239.773971557617
Liaoning,730,0.739300012588501,489,120.425483703613,594,0.0863163654593768,0.0160916042924581,0.0709852748416341,0.241593679938866,0.2798932492733,239.773971557617
Liaoning,731,0.852633285522461,533,117.491279602051,169,0.0863163654593768,0.0160916042924581,0.0709852748416341,0.241593679938866,0.2798932492733,239.773971557617
Liaoning,732,0.889200019836426,608,107.139869689941,6,0.0863163654593768,0.0160916042924581,0.0709852748416341,0.241593679938866,0.2798932492733,239.773971557617
Liaoning,733,0.684483337402344,812,106.248695373535,444,0.0863163654593768,0.0160916042924581,0.0709852748416341,0.241593679938866,0.2798932492733,239.773971557617
Liaoning,734,0.599666690826416,973,104.604614257813,488,0.0863163654593768,0.0160916042924581,0.0709852748416341,0.241593679938866,0.2798932492733,239.773971557617
Liaoning,762,0.745133352279663,484,114.05933380127,295,0.0863163654593768,0.0160916042924581,0.0709852748416341,0.241593679938866,0.2798932492733,239.773971557617
Liaoning,763,0.813683319091797,549,107.189331054688,49,0.0863163654593768,0.0160916042924581,0.0709852748416341,0.241593679938866,0.2798932492733,239.773971557617
Liaoning,764,0.753033351898193,683,102.565055847168,97,0.0863163654593768,0.0160916042924581,0.0709852748416341,0.241593679938866,0.2798932492733,239.773971557617
Liaoning,765,0.559616661071777,859,99.4039154052734,370,0.0863163654593768,0.0160916042924581,0.0709852748416341,0.241593679938866,0.2798932492733,239.773971557617
Liaoning,790,0.705250024795532,623,104.447891235352,132,0.0863163654593768,0.0160916042924581,0.0709852748416341,0.241593679938866,0.2798932492733,239.773971557617
Ningxia,457,0.750850009918213,451,84.9557418823242,1728,0.0390005142637616,0.00382240331042391,0.0480386607642616,0.106306392115411,0.272576898336411,104.000061035156
Ningxia,492,0.774849987030029,252,94.6542587280273,1737,0.0390005142637616,0.00382240331042391,0.0480386607642616,0.106306392115411,0.272576898336411,104.000061035156
Ningxia,493,0.781483316421509,327,91.5902938842773,1666,0.0390005142637616,0.00382240331042391,0.0480386607642616,0.106306392115411,0.272576898336411,104.000061035156
Ningxia,531,0.916333293914795,237,98.3829193115234,1265,0.0390005142637616,0.00382240331042391,0.0480386607642616,0.106306392115411,0.272576898336411,104.000061035156
Ningxia,532,0.814566707611084,335,94.7811813354492,1426,0.0390005142637616,0.00382240331042391,0.0480386607642616,0.106306392115411,0.272576898336411,104.000061035156
Ningxia,570,0.781066656112671,182,100.70524597168,1103,0.0390005142637616,0.00382240331042391,0.0480386607642616,0.106306392115411,0.272576898336411,104.000061035156
Qinghai,294,-0.250583338737488,626,99.4356384277344,4775,0.0199916177277117,0.0135156883655631,0.019640334825541,0.025943770905657,0.129773244261742,109.420608520508
Qinghai,295,-0.200316667556763,606,96.3875961303711,4684,0.0199916177277117,0.0135156883655631,0.019640334825541,0.025943770905657,0.129773244261742,109.420608520508
Qinghai,330,-0.85508337020874,482,110.925804138184,5480,0.0199916177277117,0.0135156883655631,0.019640334825541,0.025943770905657,0.129773244261742,109.420608520508
Qinghai,331,-0.371666669845581,473,108.165718078613,4807,0.0199916177277117,0.0135156883655631,0.019640334825541,0.025943770905657,0.129773244261742,109.420608520508
Qinghai,332,-0.560899972915649,564,102.216598510742,5068,0.0199916177277117,0.0135156883655631,0.019640334825541,0.025943770905657,0.129773244261742,109.420608520508
Qinghai,333,-0.420016670227051,590,100.583534240723,4846,0.0199916177277117,0.0135156883655631,0.019640334825541,0.025943770905657,0.129773244261742,109.420608520508
Qinghai,334,-0.237100005149841,558,99.4955825805664,4525,0.0199916177277117,0.0135156883655631,0.019640334825541,0.025943770905657,0.129773244261742,109.420608520508
Qinghai,337,-0.314300012588501,623,90.1358337402344,4422,0.0199916177277117,0.0135156883655631,0.019640334825541,0.025943770905657,0.129773244261742,109.420608520508
Qinghai,338,-0.322899985313416,720,88.2924575805664,4391,0.0199916177277117,0.0135156883655631,0.019640334825541,0.025943770905657,0.129773244261742,109.420608520508
Qinghai,368,-0.722916650772095,370,119.715682983398,5236,0.0199916177277117,0.0135156883655631,0.019640334825541,0.025943770905657,0.129773244261742,109.420608520508
Qinghai,369,-0.405366659164429,333,118.168991088867,4725,0.0199916177277117,0.0135156883655631,0.019640334825541,0.025943770905657,0.129773244261742,109.420608520508
Qinghai,370,-0.495116662979126,382,112.355606079102,4842,0.0199916177277117,0.0135156883655631,0.019640334825541,0.025943770905657,0.129773244261742,109.420608520508
Qinghai,371,-0.466583347320557,422,105.411430358887,4722,0.0199916177277117,0.0135156883655631,0.019640334825541,0.025943770905657,0.129773244261742,109.420608520508
Qinghai,372,-0.53531665802002,483,101.908004760742,4807,0.0199916177277117,0.0135156883655631,0.019640334825541,0.025943770905657,0.129773244261742,109.420608520508
Qinghai,373,-0.392449998855591,481,99.5429458618164,4558,0.0199916177277117,0.0135156883655631,0.019640334825541,0.025943770905657,0.129773244261742,109.420608520508
Qinghai,374,-0.729683351516724,514,92.1465225219727,4931,0.0199916177277117,0.0135156883655631,0.019640334825541,0.025943770905657,0.129773244261742,109.420608520508
Qinghai,375,-0.420866680145264,456,92.0093612670899,4366,0.0199916177277117,0.0135156883655631,0.019640334825541,0.025943770905657,0.129773244261742,109.420608520508
Qinghai,376,-0.517549991607666,565,89.577262878418,4636,0.0199916177277117,0.0135156883655631,0.019640334825541,0.025943770905657,0.129773244261742,109.420608520508
Qinghai,378,-0.110333323478699,675,89.553825378418,3907,0.0199916177277117,0.0135156883655631,0.019640334825541,0.025943770905657,0.129773244261742,109.420608520508
Qinghai,406,-0.585166692733765,287,120.759071350098,4949,0.0199916177277117,0.0135156883655631,0.019640334825541,0.025943770905657,0.129773244261742,109.420608520508
Qinghai,407,-0.55475001335144,293,117.907035827637,4852,0.0199916177277117,0.0135156883655631,0.019640334825541,0.025943770905657,0.129773244261742,109.420608520508
Qinghai,408,-0.627316665649414,331,114.658462524414,4988,0.0199916177277117,0.0135156883655631,0.019640334825541,0.025943770905657,0.129773244261742,109.420608520508
Qinghai,409,-0.397699975967407,319,107.417778015137,4652,0.0199916177277117,0.0135156883655631,0.019640334825541,0.025943770905657,0.129773244261742,109.420608520508
Qinghai,410,-0.514050006866455,365,102.437980651855,4764,0.0199916177277117,0.0135156883655631,0.019640334825541,0.025943770905657,0.129773244261742,109.420608520508
Qinghai,411,-0.449266672134399,348,100.874961853027,4504,0.0199916177277117,0.0135156883655631,0.019640334825541,0.025943770905657,0.129773244261742,109.420608520508
Qinghai,412,-0.352516674995422,325,93.897705078125,4300,0.0199916177277117,0.0135156883655631,0.019640334825541,0.025943770905657,0.129773244261742,109.420608520508
Qinghai,413,-0.42131667137146,350,93.4914932250977,4305,0.0199916177277117,0.0135156883655631,0.019640334825541,0.025943770905657,0.129773244261742,109.420608520508
Qinghai,414,-0.258983325958252,429,97.1735458374024,4036,0.0199916177277117,0.0135156883655631,0.019640334825541,0.025943770905657,0.129773244261742,109.420608520508
Qinghai,415,-0.0749833285808563,509,96.3246612548828,3766,0.0199916177277117,0.0135156883655631,0.019640334825541,0.025943770905657,0.129773244261742,109.420608520508
Qinghai,416,0.0787000000476837,568,93.8769683837891,3388,0.0199916177277117,0.0135156883655631,0.019640334825541,0.025943770905657,0.129773244261742,109.420608520508
Qinghai,442,-0.647266674041748,225,120.113174438477,4947,0.0199916177277117,0.0135156883655631,0.019640334825541,0.025943770905657,0.129773244261742,109.420608520508
Qinghai,443,-0.620133352279663,231,121.96858215332,4862,0.0199916177277117,0.0135156883655631,0.019640334825541,0.025943770905657,0.129773244261742,109.420608520508
Qinghai,444,-0.736933326721191,253,119.425140380859,4981,0.0199916177277117,0.0135156883655631,0.019640334825541,0.025943770905657,0.129773244261742,109.420608520508
Qinghai,445,-0.48958330154419,235,113.000373840332,4587,0.0199916177277117,0.0135156883655631,0.019640334825541,0.025943770905657,0.129773244261742,109.420608520508
Qinghai,446,-0.559333324432373,248,107.905883789063,4698,0.0199916177277117,0.0135156883655631,0.019640334825541,0.025943770905657,0.129773244261742,109.420608520508
Qinghai,447,-0.536850023269653,263,104.965980529785,4757,0.0199916177277117,0.0135156883655631,0.019640334825541,0.025943770905657,0.129773244261742,109.420608520508
Qinghai,448,-0.29321665763855,230,101.354675292969,4319,0.0199916177277117,0.0135156883655631,0.019640334825541,0.025943770905657,0.129773244261742,109.420608520508
Qinghai,449,-0.116666662693024,226,95.8304824829102,3908,0.0199916177277117,0.0135156883655631,0.019640334825541,0.025943770905657,0.129773244261742,109.420608520508
Qinghai,450,-0.433316659927368,321,91.7086410522461,4391,0.0199916177277117,0.0135156883655631,0.019640334825541,0.025943770905657,0.129773244261742,109.420608520508
Qinghai,451,-0.530316638946533,438,99.3131942749024,4541,0.0199916177277117,0.0135156883655631,0.019640334825541,0.025943770905657,0.129773244261742,109.420608520508
Qinghai,452,0.428350019454956,378,100.593185424805,2733,0.0199916177277117,0.0135156883655631,0.019640334825541,0.025943770905657,0.129773244261742,109.420608520508
Qinghai,453,0.557566690444946,438,96.6075057983399,2467,0.0199916177277117,0.0135156883655631,0.019640334825541,0.025943770905657,0.129773244261742,109.420608520508
Qinghai,479,-0.773600006103516,206,122.296775817871,4926,0.0199916177277117,0.0135156883655631,0.019640334825541,0.025943770905657,0.129773244261742,109.420608520508
Qinghai,480,-0.87388334274292,227,118.361709594727,5060,0.0199916177277117,0.0135156883655631,0.019640334825541,0.025943770905657,0.129773244261742,109.420608520508
Qinghai,481,-0.271933341026306,128,111.298622131348,4109,0.0199916177277117,0.0135156883655631,0.019640334825541,0.025943770905657,0.129773244261742,109.420608520508
Qinghai,482,0.40789999961853,41,79.8798446655274,2921,0.0199916177277117,0.0135156883655631,0.019640334825541,0.025943770905657,0.129773244261742,109.420608520508
Qinghai,483,0.539349985122681,43,81.8787689208985,2733,0.0199916177277117,0.0135156883655631,0.019640334825541,0.025943770905657,0.129773244261742,109.420608520508
Qinghai,484,0.54830002784729,47,96.7519836425781,2690,0.0199916177277117,0.0135156883655631,0.019640334825541,0.025943770905657,0.129773244261742,109.420608520508
Qinghai,485,0.51879997253418,118,93.9572906494141,2785,0.0199916177277117,0.0135156883655631,0.019640334825541,0.025943770905657,0.129773244261742,109.420608520508
Qinghai,486,0.219733333587646,202,97.7648239135742,3032,0.0199916177277117,0.0135156883655631,0.019640334825541,0.025943770905657,0.129773244261742,109.420608520508
Qinghai,487,-0.183083343505859,337,105.056228637695,3794,0.0199916177277117,0.0135156883655631,0.019640334825541,0.025943770905657,0.129773244261742,109.420608520508
Qinghai,488,0.0868500053882599,416,101.417236328125,3237,0.0199916177277117,0.0135156883655631,0.019640334825541,0.025943770905657,0.129773244261742,109.420608520508
Qinghai,489,0.0580499947071075,489,96.9293441772461,3158,0.0199916177277117,0.0135156883655631,0.019640334825541,0.025943770905657,0.129773244261742,109.420608520508
Qinghai,518,-0.626100015640259,165,115.638801574707,4632,0.0199916177277117,0.0135156883655631,0.019640334825541,0.025943770905657,0.129773244261742,109.420608520508
Qinghai,519,0.31031665802002,36,87.2561569213867,2846,0.0199916177277117,0.0135156883655631,0.019640334825541,0.025943770905657,0.129773244261742,109.420608520508
Qinghai,520,0.433633327484131,22,92.5674438476562,2697,0.0199916177277117,0.0135156883655631,0.019640334825541,0.025943770905657,0.129773244261742,109.420608520508
Qinghai,521,0.241316652297974,56,97.3379516601562,3109,0.0199916177277117,0.0135156883655631,0.019640334825541,0.025943770905657,0.129773244261742,109.420608520508
Qinghai,522,-0.0427333235740662,133,104.709548950195,3796,0.0199916177277117,0.0135156883655631,0.019640334825541,0.025943770905657,0.129773244261742,109.420608520508
Qinghai,523,-0.311849999427795,243,99.242805480957,4168,0.0199916177277117,0.0135156883655631,0.019640334825541,0.025943770905657,0.129773244261742,109.420608520508
Qinghai,524,-0.329999995231628,302,106.656303405762,4067,0.0199916177277117,0.0135156883655631,0.019640334825541,0.025943770905657,0.129773244261742,109.420608520508
Qinghai,525,-0.39631667137146,385,106.122360229492,3997,0.0199916177277117,0.0135156883655631,0.019640334825541,0.025943770905657,0.129773244261742,109.420608520508
Qinghai,526,-0.281699991226196,454,102.692665100098,3729,0.0199916177277117,0.0135156883655631,0.019640334825541,0.025943770905657,0.129773244261742,109.420608520508
Qinghai,557,0.0913000047206879,53,102.776931762695,3125,0.0199916177277117,0.0135156883655631,0.019640334825541,0.025943770905657,0.129773244261742,109.420608520508
Qinghai,558,0.309733319282532,30,75.5928955078125,2723,0.0199916177277117,0.0135156883655631,0.019640334825541,0.025943770905657,0.129773244261742,109.420608520508
Qinghai,559,0.288500022888184,28,82.2413330078125,2830,0.0199916177277117,0.0135156883655631,0.019640334825541,0.025943770905657,0.129773244261742,109.420608520508
Qinghai,560,-0.0562166631221771,86,108.751510620117,3574,0.0199916177277117,0.0135156883655631,0.019640334825541,0.025943770905657,0.129773244261742,109.420608520508
Qinghai,562,-0.461066675186157,253,102.59937286377,4314,0.0199916177277117,0.0135156883655631,0.019640334825541,0.025943770905657,0.129773244261742,109.420608520508
Qinghai,563,-0.416233348846436,316,110.818946838379,4164,0.0199916177277117,0.0135156883655631,0.019640334825541,0.025943770905657,0.129773244261742,109.420608520508
Shaanxi,306,1.37813329696655,986,68.1164474487305,787,0.0548750555002221,0.00836032547982516,0.0571667460837103,0.192968737556714,0.351651102304459,217.534225463867
Shaanxi,343,1.24034996032715,769,80.4822463989258,1109,0.0548750555002221,0.00836032547982516,0.0571667460837103,0.192968737556714,0.351651102304459,217.534225463867
Shaanxi,344,1.08318328857422,837,73.6885681152344,1286,0.0548750555002221,0.00836032547982516,0.0571667460837103,0.192968737556714,0.351651102304459,217.534225463867
Shaanxi,345,0.764800024032593,883,70.1773376464844,1878,0.0548750555002221,0.00836032547982516,0.0571667460837103,0.192968737556714,0.351651102304459,217.534225463867
Shaanxi,346,1.24253330230713,820,68.6721725463867,983,0.0548750555002221,0.00836032547982516,0.0571667460837103,0.192968737556714,0.351651102304459,217.534225463867
Shaanxi,347,1.41146669387817,850,68.8569717407227,856,0.0548750555002221,0.00836032547982516,0.0571667460837103,0.192968737556714,0.351651102304459,217.534225463867
Shaanxi,383,1.22615003585815,681,75.7531890869141,720,0.0548750555002221,0.00836032547982516,0.0571667460837103,0.192968737556714,0.351651102304459,217.534225463867
Shaanxi,384,1.31961669921875,614,70.7960891723633,396,0.0548750555002221,0.00836032547982516,0.0571667460837103,0.192968737556714,0.351651102304459,217.534225463867
Shaanxi,385,0.705516672134399,745,73.9258117675781,1895,0.0548750555002221,0.00836032547982516,0.0571667460837103,0.192968737556714,0.351651102304459,217.534225463867
Shaanxi,422,0.799516677856445,606,80.0495986938477,1525,0.0548750555002221,0.00836032547982516,0.0571667460837103,0.192968737556714,0.351651102304459,217.534225463867
Shaanxi,423,1.2390832901001,569,78.2798385620117,676,0.0548750555002221,0.00836032547982516,0.0571667460837103,0.192968737556714,0.351651102304459,217.534225463867
Shaanxi,460,0.851483345031738,520,89.5377044677734,1330,0.0548750555002221,0.00836032547982516,0.0571667460837103,0.192968737556714,0.351651102304459,217.534225463867
Shaanxi,494,0.762433338165283,416,91.7931594848633,1621,0.0548750555002221,0.00836032547982516,0.0571667460837103,0.192968737556714,0.351651102304459,217.534225463867
Shaanxi,495,0.848816680908203,454,94.4805221557617,1371,0.0548750555002221,0.00836032547982516,0.0571667460837103,0.192968737556714,0.351651102304459,217.534225463867
Shaanxi,496,0.969083309173584,494,95.8527069091797,1101,0.0548750555002221,0.00836032547982516,0.0571667460837103,0.192968737556714,0.351651102304459,217.534225463867
Shaanxi,534,0.898666667938232,446,99.7126007080078,1109,0.0548750555002221,0.00836032547982516,0.0571667460837103,0.192968737556714,0.351651102304459,217.534225463867
Shaanxi,573,0.771866655349731,404,104.284721374512,1210,0.0548750555002221,0.00836032547982516,0.0571667460837103,0.192968737556714,0.351651102304459,217.534225463867
Shandong,430,1.41199998855591,682,97.8431396484375,33,0.0517345386028746,0.00674055193394728,0.0617252986181039,0.231115717790218,0.446733891963959,232.187072753906
Shandong,466,1.37344999313355,673,103.955062866211,42,0.0517345386028746,0.00674055193394728,0.0617252986181039,0.231115717790218,0.446733891963959,232.187072753906
Shandong,467,1.30651664733887,731,106.29069519043,196,0.0517345386028746,0.00674055193394728,0.0617252986181039,0.231115717790218,0.446733891963959,232.187072753906
Shandong,468,1.27191667556763,842,106.875297546387,110,0.0517345386028746,0.00674055193394728,0.0617252986181039,0.231115717790218,0.446733891963959,232.187072753906
Shandong,501,1.32138338088989,516,112.276992797852,40,0.0517345386028746,0.00674055193394728,0.0617252986181039,0.231115717790218,0.446733891963959,232.187072753906
Shandong,502,1.3418999671936,660,113.6064453125,61,0.0517345386028746,0.00674055193394728,0.0617252986181039,0.231115717790218,0.446733891963959,232.187072753906
Shandong,503,1.24688329696655,737,110.115852355957,296,0.0517345386028746,0.00674055193394728,0.0617252986181039,0.231115717790218,0.446733891963959,232.187072753906
Shandong,504,1.1985333442688,773,107.142189025879,273,0.0517345386028746,0.00674055193394728,0.0617252986181039,0.231115717790218,0.446733891963959,232.187072753906
Shandong,505,1.27426662445068,709,91.5229034423828,32,0.0517345386028746,0.00674055193394728,0.0617252986181039,0.231115717790218,0.446733891963959,232.187072753906
Shandong,540,1.30815000534058,507,126.426445007324,18,0.0517345386028746,0.00674055193394728,0.0617252986181039,0.231115717790218,0.446733891963959,232.187072753906
Shandong,541,1.35473337173462,595,117.095108032227,9,0.0517345386028746,0.00674055193394728,0.0617252986181039,0.231115717790218,0.446733891963959,232.187072753906
Shandong,542,1.33521671295166,621,112.144798278809,1,0.0517345386028746,0.00674055193394728,0.0617252986181039,0.231115717790218,0.446733891963959,232.187072753906
Shandong,543,1.19534997940063,688,101.508911132813,144,0.0517345386028746,0.00674055193394728,0.0617252986181039,0.231115717790218,0.446733891963959,232.187072753906
Shandong,544,1.21348333358765,727,94.8495025634766,49,0.0517345386028746,0.00674055193394728,0.0617252986181039,0.231115717790218,0.446733891963959,232.187072753906
Shandong,580,1.30056667327881,530,127.50025177002,2,0.0517345386028746,0.00674055193394728,0.0617252986181039,0.231115717790218,0.446733891963959,232.187072753906
Shanghai,318,1.61273326873779,1062,54.0097961425781,4,0.0101659534813005,0.0055760852175742,0.0342461633537944,0.0536895101930057,0.52813059091568,331.867309570313
Shanxi,424,1.38443336486816,547,77.1422729492188,387,0.0200895135714721,0.0021273014297621,0.0300524363560955,0.0564238582203988,0.280862241983414,172.029251098633
Shanxi,461,0.814200019836426,541,90.1734085083008,1449,0.0200895135714721,0.0021273014297621,0.0300524363560955,0.0564238582203988,0.280862241983414,172.029251098633
Shanxi,462,0.921683311462402,566,93.1245346069336,1169,0.0200895135714721,0.0021273014297621,0.0300524363560955,0.0564238582203988,0.280862241983414,172.029251098633
Shanxi,463,0.964850044250488,635,93.5263442993164,1081,0.0200895135714721,0.0021273014297621,0.0300524363560955,0.0564238582203988,0.280862241983414,172.029251098633
Shanxi,497,0.861066627502441,504,95.6140289306641,1228,0.0200895135714721,0.0021273014297621,0.0300524363560955,0.0564238582203988,0.280862241983414,172.029251098633
Shanxi,498,0.615333318710327,566,100.868789672852,1653,0.0200895135714721,0.0021273014297621,0.0300524363560955,0.0564238582203988,0.280862241983414,172.029251098633
Shanxi,499,0.659116649627686,636,101.847259521484,1559,0.0200895135714721,0.0021273014297621,0.0300524363560955,0.0564238582203988,0.280862241983414,172.029251098633
Shanxi,535,0.78289999961853,493,99.2835083007813,1225,0.0200895135714721,0.0021273014297621,0.0300524363560955,0.0564238582203988,0.280862241983414,172.029251098633
Shanxi,536,0.897466659545898,437,108.558517456055,1090,0.0200895135714721,0.0021273014297621,0.0300524363560955,0.0564238582203988,0.280862241983414,172.029251098633
Shanxi,537,0.704900026321411,499,111.985946655273,1335,0.0200895135714721,0.0021273014297621,0.0300524363560955,0.0564238582203988,0.280862241983414,172.029251098633
Shanxi,574,0.740866661071777,473,103.871772766113,1156,0.0200895135714721,0.0021273014297621,0.0300524363560955,0.0564238582203988,0.280862241983414,172.029251098633
Shanxi,575,0.362683343887329,495,110.150520324707,1856,0.0200895135714721,0.0021273014297621,0.0300524363560955,0.0564238582203988,0.280862241983414,172.029251098633
Shanxi,576,0.891216659545898,421,115.248573303223,919,0.0200895135714721,0.0021273014297621,0.0300524363560955,0.0564238582203988,0.280862241983414,172.029251098633
Shanxi,612,0.68836669921875,409,109.564147949219,1160,0.0200895135714721,0.0021273014297621,0.0300524363560955,0.0564238582203988,0.280862241983414,172.029251098633
Shanxi,613,0.578466653823853,439,104.805938720703,1367,0.0200895135714721,0.0021273014297621,0.0300524363560955,0.0564238582203988,0.280862241983414,172.029251098633
Shanxi,650,0.667483329772949,361,104.297096252441,1122,0.0200895135714721,0.0021273014297621,0.0300524363560955,0.0564238582203988,0.280862241983414,172.029251098633
Sichuan,85,1.66310005187988,829,94.8715972900391,1874,0.0614651285579834,0.00483292830482234,0.0502349422385811,0.172594181637433,0.28080016374588,283.352813720703
Sichuan,104,1.07211666107178,826,82.0155563354492,2865,0.0614651285579834,0.00483292830482234,0.0502349422385811,0.172594181637433,0.28080016374588,283.352813720703
Sichuan,105,1.52656669616699,929,97.4346084594727,1959,0.0614651285579834,0.00483292830482234,0.0502349422385811,0.172594181637433,0.28080016374588,283.352813720703
Sichuan,128,0.839366626739502,813,88.8780746459961,3198,0.0614651285579834,0.00483292830482234,0.0502349422385811,0.172594181637433,0.28080016374588,283.352813720703
Sichuan,129,1.64093341827393,944,100.811798095703,1618,0.0614651285579834,0.00483292830482234,0.0502349422385811,0.172594181637433,0.28080016374588,283.352813720703
Sichuan,130,0.907666683197021,908,87.2386703491211,2619,0.0614651285579834,0.00483292830482234,0.0502349422385811,0.172594181637433,0.28080016374588,283.352813720703
Sichuan,132,1.52259998321533,1040,69.9561538696289,936,0.0614651285579834,0.00483292830482234,0.0502349422385811,0.172594181637433,0.28080016374588,283.352813720703
Sichuan,156,-0.0538500010967255,665,89.2027740478516,4663,0.0614651285579834,0.00483292830482234,0.0502349422385811,0.172594181637433,0.28080016374588,283.352813720703
Sichuan,157,0.410966682434082,778,94.1701583862305,3951,0.0614651285579834,0.00483292830482234,0.0502349422385811,0.172594181637433,0.28080016374588,283.352813720703
Sichuan,158,0.693650007247925,924,92.9159545898438,3140,0.0614651285579834,0.00483292830482234,0.0502349422385811,0.172594181637433,0.28080016374588,283.352813720703
Sichuan,159,1.0779333114624,1006,84.9375152587891,1818,0.0614651285579834,0.00483292830482234,0.0502349422385811,0.172594181637433,0.28080016374588,283.352813720703
Sichuan,160,1.78506660461426,1244,85.3735427856445,340,0.0614651285579834,0.00483292830482234,0.0502349422385811,0.172594181637433,0.28080016374588,283.352813720703
Sichuan,161,1.81879997253418,1125,70.9491882324219,267,0.0614651285579834,0.00483292830482234,0.0502349422385811,0.172594181637433,0.28080016374588,283.352813720703
Sichuan,190,-0.224016666412354,648,96.1247634887695,4818,0.0614651285579834,0.00483292830482234,0.0502349422385811,0.172594181637433,0.28080016374588,283.352813720703
Sichuan,191,0.589650011062622,695,101.59790802002,3509,0.0614651285579834,0.00483292830482234,0.0502349422385811,0.172594181637433,0.28080016374588,283.352813720703
Sichuan,192,0.295616674423218,818,90.6248931884766,3809,0.0614651285579834,0.00483292830482234,0.0502349422385811,0.172594181637433,0.28080016374588,283.352813720703
Sichuan,193,1.5316333770752,1431,93.3470458984375,981,0.0614651285579834,0.00483292830482234,0.0502349422385811,0.172594181637433,0.28080016374588,283.352813720703
Sichuan,194,1.71840000152588,1279,94.186393737793,410,0.0614651285579834,0.00483292830482234,0.0502349422385811,0.172594181637433,0.28080016374588,283.352813720703
Sichuan,195,1.69724998474121,1056,82.5100631713867,406,0.0614651285579834,0.00483292830482234,0.0502349422385811,0.172594181637433,0.28080016374588,283.352813720703
Sichuan,226,-0.127166664600372,664,98.3838348388672,4673,0.0614651285579834,0.00483292830482234,0.0502349422385811,0.172594181637433,0.28080016374588,283.352813720703
Sichuan,227,0.596199989318848,632,100.364608764648,3337,0.0614651285579834,0.00483292830482234,0.0502349422385811,0.172594181637433,0.28080016374588,283.352813720703
Sichuan,228,1.05406665802002,657,89.5592269897461,2541,0.0614651285579834,0.00483292830482234,0.0502349422385811,0.172594181637433,0.28080016374588,283.352813720703
Sichuan,229,0.567866659164429,834,78.8838424682617,2999,0.0614651285579834,0.00483292830482234,0.0502349422385811,0.172594181637433,0.28080016374588,283.352813720703
Sichuan,230,1.63815002441406,927,97.8148193359375,493,0.0614651285579834,0.00483292830482234,0.0502349422385811,0.172594181637433,0.28080016374588,283.352813720703
Sichuan,231,1.67469997406006,1009,90.3161010742187,407,0.0614651285579834,0.00483292830482234,0.0502349422385811,0.172594181637433,0.28080016374588,283.352813720703
Sichuan,232,1.74168338775635,1103,77.3670196533203,314,0.0614651285579834,0.00483292830482234,0.0502349422385811,0.172594181637433,0.28080016374588,283.352813720703
Sichuan,233,1.61128330230713,1228,66.0999145507813,641,0.0614651285579834,0.00483292830482234,0.0502349422385811,0.172594181637433,0.28080016374588,283.352813720703
Sichuan,261,0.377466654777527,580,95.0340805053711,3769,0.0614651285579834,0.00483292830482234,0.0502349422385811,0.172594181637433,0.28080016374588,283.352813720703
Sichuan,262,-0.298149991035461,696,90.0845336914062,4711,0.0614651285579834,0.00483292830482234,0.0502349422385811,0.172594181637433,0.28080016374588,283.352813720703
Sichuan,263,0.202250003814697,682,92.2260589599609,3995,0.0614651285579834,0.00483292830482234,0.0502349422385811,0.172594181637433,0.28080016374588,283.352813720703
Sichuan,264,1.09001665115356,630,87.5027008056641,2491,0.0614651285579834,0.00483292830482234,0.0502349422385811,0.172594181637433,0.28080016374588,283.352813720703
Sichuan,265,0.397166657447815,753,78.934928894043,3332,0.0614651285579834,0.00483292830482234,0.0502349422385811,0.172594181637433,0.28080016374588,283.352813720703
Sichuan,266,1.22585000991821,888,87.8327178955078,1409,0.0614651285579834,0.00483292830482234,0.0502349422385811,0.172594181637433,0.28080016374588,283.352813720703
Sichuan,267,1.58001670837402,960,97.2270736694336,629,0.0614651285579834,0.00483292830482234,0.0502349422385811,0.172594181637433,0.28080016374588,283.352813720703
Sichuan,268,1.64286670684814,1050,84.2650299072266,475,0.0614651285579834,0.00483292830482234,0.0502349422385811,0.172594181637433,0.28080016374588,283.352813720703
Sichuan,269,1.54133338928223,1140,70.089958190918,743,0.0614651285579834,0.00483292830482234,0.0502349422385811,0.172594181637433,0.28080016374588,283.352813720703
Sichuan,297,-0.0814000010490418,604,93.9237060546875,4387,0.0614651285579834,0.00483292830482234,0.0502349422385811,0.172594181637433,0.28080016374588,283.352813720703
Sichuan,298,-0.144566679000855,673,90.5371856689453,4364,0.0614651285579834,0.00483292830482234,0.0502349422385811,0.172594181637433,0.28080016374588,283.352813720703
Sichuan,299,0.0183166727423668,722,88.5055770874024,4026,0.0614651285579834,0.00483292830482234,0.0502349422385811,0.172594181637433,0.28080016374588,283.352813720703
Sichuan,300,0.273950004577637,716,84.9016265869141,3626,0.0614651285579834,0.00483292830482234,0.0502349422385811,0.172594181637433,0.28080016374588,283.352813720703
Sichuan,301,0.0623166561126709,758,80.0075149536133,3910,0.0614651285579834,0.00483292830482234,0.0502349422385811,0.172594181637433,0.28080016374588,283.352813720703
Sichuan,302,1.06260004043579,759,82.0234298706055,1738,0.0614651285579834,0.00483292830482234,0.0502349422385811,0.172594181637433,0.28080016374588,283.352813720703
Sichuan,303,1.37974996566772,813,93.4993591308594,1002,0.0614651285579834,0.00483292830482234,0.0502349422385811,0.172594181637433,0.28080016374588,283.352813720703
Sichuan,304,1.1871000289917,915,82.0146484375,1319,0.0614651285579834,0.00483292830482234,0.0502349422385811,0.172594181637433,0.28080016374588,283.352813720703
Sichuan,305,1.24066667556763,978,72.7098236083984,1113,0.0614651285579834,0.00483292830482234,0.0502349422385811,0.172594181637433,0.28080016374588,283.352813720703
Sichuan,335,-0.246949982643127,541,95.7364654541016,4404,0.0614651285579834,0.00483292830482234,0.0502349422385811,0.172594181637433,0.28080016374588,283.352813720703
Sichuan,336,-0.64433331489563,614,88.1820678710938,4925,0.0614651285579834,0.00483292830482234,0.0502349422385811,0.172594181637433,0.28080016374588,283.352813720703
Sichuan,340,0.201149988174438,676,83.6195678710938,3479,0.0614651285579834,0.00483292830482234,0.0502349422385811,0.172594181637433,0.28080016374588,283.352813720703
Sichuan,341,0.132083332538605,733,79.5036849975586,3459,0.0614651285579834,0.00483292830482234,0.0502349422385811,0.172594181637433,0.28080016374588,283.352813720703
Tianjin,616,1.29848327636719,529,139.231231689453,3,0.0236811882055906,0.0217304700401648,0.0626627916789563,0.101836937794206,0.430033057928085,191.666809082031
Tianjin,653,1.14861669540405,540,138.579696655273,15,0.0236811882055906,0.0217304700401648,0.0626627916789563,0.101836937794206,0.430033057928085,191.666809082031
Tibet,123,1.81275005340576,1866,91.8930969238281,1303,0.042174245586323,0.0182189183365156,0.0244374209082694,-0.0559222994950152,0.132598221302032,123.939453125
Tibet,124,1.27756671905518,1436,87.5201263427734,2241,0.042174245586323,0.0182189183365156,0.0244374209082694,-0.0559222994950152,0.132598221302032,123.939453125
Tibet,125,1.14418334960938,1927,88.5755004882813,2185,0.042174245586323,0.0182189183365156,0.0244374209082694,-0.0559222994950152,0.132598221302032,123.939453125
Tibet,147,-0.451600027084351,349,92.299446105957,5320,0.042174245586323,0.0182189183365156,0.0244374209082694,-0.0559222994950152,0.132598221302032,123.939453125
Tibet,148,-0.462566661834717,367,83.818977355957,5580,0.042174245586323,0.0182189183365156,0.0244374209082694,-0.0559222994950152,0.132598221302032,123.939453125
Tibet,149,0.522650003433228,396,104.258193969727,3775,0.042174245586323,0.0182189183365156,0.0244374209082694,-0.0559222994950152,0.132598221302032,123.939453125
Tibet,150,1.3708833694458,1235,89.708969116211,2102,0.042174245586323,0.0182189183365156,0.0244374209082694,-0.0559222994950152,0.132598221302032,123.939453125
Tibet,151,1.65191669464111,1873,85.561393737793,1389,0.042174245586323,0.0182189183365156,0.0244374209082694,-0.0559222994950152,0.132598221302032,123.939453125
Tibet,152,1.37366666793823,1741,87.6904525756836,1790,0.042174245586323,0.0182189183365156,0.0244374209082694,-0.0559222994950152,0.132598221302032,123.939453125
Tibet,153,0.0501833260059357,788,76.9181976318359,4369,0.042174245586323,0.0182189183365156,0.0244374209082694,-0.0559222994950152,0.132598221302032,123.939453125
Tibet,154,-0.278733325004578,679,76.7313079833984,4882,0.042174245586323,0.0182189183365156,0.0244374209082694,-0.0559222994950152,0.132598221302032,123.939453125
Tibet,177,0.105733335018158,408,33.652156829834,4705,0.042174245586323,0.0182189183365156,0.0244374209082694,-0.0559222994950152,0.132598221302032,123.939453125
Tibet,178,0.365683341026306,459,73.7544479370117,4307,0.042174245586323,0.0182189183365156,0.0244374209082694,-0.0559222994950152,0.132598221302032,123.939453125
Tibet,179,-0.0558499991893768,241,128.190277099609,4867,0.042174245586323,0.0182189183365156,0.0244374209082694,-0.0559222994950152,0.132598221302032,123.939453125
Tibet,180,0.386100006103516,283,130.313385009766,4149,0.042174245586323,0.0182189183365156,0.0244374209082694,-0.0559222994950152,0.132598221302032,123.939453125
Tibet,181,0.189200007915497,303,117.519897460938,4590,0.042174245586323,0.0182189183365156,0.0244374209082694,-0.0559222994950152,0.132598221302032,123.939453125
Tibet,182,0.507416677474976,330,118.927085876465,3933,0.042174245586323,0.0182189183365156,0.0244374209082694,-0.0559222994950152,0.132598221302032,123.939453125
Tibet,183,-0.058516663312912,374,103.99698638916,4707,0.042174245586323,0.0182189183365156,0.0244374209082694,-0.0559222994950152,0.132598221302032,123.939453125
Tibet,184,-0.150149989128113,516,92.2677383422852,4735,0.042174245586323,0.0182189183365156,0.0244374209082694,-0.0559222994950152,0.132598221302032,123.939453125
Tibet,185,0.54433331489563,692,89.3615036010742,3527,0.042174245586323,0.0182189183365156,0.0244374209082694,-0.0559222994950152,0.132598221302032,123.939453125
Tibet,186,0.318099999427795,766,85.2406845092773,3851,0.042174245586323,0.0182189183365156,0.0244374209082694,-0.0559222994950152,0.132598221302032,123.939453125
Tibet,187,-0.488716650009155,657,83.9977569580078,5195,0.042174245586323,0.0182189183365156,0.0244374209082694,-0.0559222994950152,0.132598221302032,123.939453125
Tibet,188,-0.035916668176651,610,84.7631378173828,4631,0.042174245586323,0.0182189183365156,0.0244374209082694,-0.0559222994950152,0.132598221302032,123.939453125
Tibet,189,0.701266670227051,594,90.0084609985352,3258,0.042174245586323,0.0182189183365156,0.0244374209082694,-0.0559222994950152,0.132598221302032,123.939453125
Tibet,211,-0.530083322525024,321,60.3805274963379,5738,0.042174245586323,0.0182189183365156,0.0244374209082694,-0.0559222994950152,0.132598221302032,123.939453125
Tibet,212,0.188883340358734,311,51.5387954711914,4639,0.042174245586323,0.0182189183365156,0.0244374209082694,-0.0559222994950152,0.132598221302032,123.939453125
Tibet,213,-0.340316653251648,205,48.522762298584,5508,0.042174245586323,0.0182189183365156,0.0244374209082694,-0.0559222994950152,0.132598221302032,123.939453125
Tibet,214,0.00324999988079071,254,70.1746215820313,4922,0.042174245586323,0.0182189183365156,0.0244374209082694,-0.0559222994950152,0.132598221302032,123.939453125
Tibet,215,-0.285933327674866,223,121.102798461914,5367,0.042174245586323,0.0182189183365156,0.0244374209082694,-0.0559222994950152,0.132598221302032,123.939453125
Tibet,216,-0.177883327007294,279,133.370208740234,5108,0.042174245586323,0.0182189183365156,0.0244374209082694,-0.0559222994950152,0.132598221302032,123.939453125
Tibet,217,-0.39210000038147,317,123.694389343262,5383,0.042174245586323,0.0182189183365156,0.0244374209082694,-0.0559222994950152,0.132598221302032,123.939453125
Tibet,218,-0.0867333292961121,384,115.78050994873,4827,0.042174245586323,0.0182189183365156,0.0244374209082694,-0.0559222994950152,0.132598221302032,123.939453125
Tibet,219,-0.328233337402344,497,100.317840576172,5088,0.042174245586323,0.0182189183365156,0.0244374209082694,-0.0559222994950152,0.132598221302032,123.939453125
Tibet,220,-0.275266647338867,640,91.2122573852539,4745,0.042174245586323,0.0182189183365156,0.0244374209082694,-0.0559222994950152,0.132598221302032,123.939453125
Tibet,221,0.513666677474976,675,90.3524398803711,3421,0.042174245586323,0.0182189183365156,0.0244374209082694,-0.0559222994950152,0.132598221302032,123.939453125
Tibet,222,-0.429816675186157,660,85.49755859375,5080,0.042174245586323,0.0182189183365156,0.0244374209082694,-0.0559222994950152,0.132598221302032,123.939453125
Tibet,223,-0.429183340072632,632,87.9546661376953,5163,0.042174245586323,0.0182189183365156,0.0244374209082694,-0.0559222994950152,0.132598221302032,123.939453125
Tibet,224,0.498950004577637,555,92.1905670166016,3836,0.042174245586323,0.0182189183365156,0.0244374209082694,-0.0559222994950152,0.132598221302032,123.939453125
Tibet,225,0.589833354949951,585,94.5058898925781,3557,0.042174245586323,0.0182189183365156,0.0244374209082694,-0.0559222994950152,0.132598221302032,123.939453125
Tibet,247,-0.0302833259105682,245,55.1921043395996,4961,0.042174245586323,0.0182189183365156,0.0244374209082694,-0.0559222994950152,0.132598221302032,123.939453125
Tibet,248,-0.191766667366028,183,62.1577224731445,5191,0.042174245586323,0.0182189183365156,0.0244374209082694,-0.0559222994950152,0.132598221302032,123.939453125
Tibet,249,-0.656333351135254,143,53.2767028808594,5858,0.042174245586323,0.0182189183365156,0.0244374209082694,-0.0559222994950152,0.132598221302032,123.939453125
Tibet,250,-0.409950017929077,185,71.2956924438477,5555,0.042174245586323,0.0182189183365156,0.0244374209082694,-0.0559222994950152,0.132598221302032,123.939453125
Tibet,251,-0.301066660881043,267,106.436309814453,5380,0.042174245586323,0.0182189183365156,0.0244374209082694,-0.0559222994950152,0.132598221302032,123.939453125
Tibet,252,-0.269199991226196,348,118.875198364258,5224,0.042174245586323,0.0182189183365156,0.0244374209082694,-0.0559222994950152,0.132598221302032,123.939453125
Tibet,253,-0.0211000025272369,411,120.541580200195,4724,0.042174245586323,0.0182189183365156,0.0244374209082694,-0.0559222994950152,0.132598221302032,123.939453125
Tibet,254,-0.804516696929932,451,111.183532714844,5697,0.042174245586323,0.0182189183365156,0.0244374209082694,-0.0559222994950152,0.132598221302032,123.939453125
Tibet,255,-0.495633316040039,541,101.804130554199,5293,0.042174245586323,0.0182189183365156,0.0244374209082694,-0.0559222994950152,0.132598221302032,123.939453125
Tibet,256,-0.379916667938232,681,94.7491989135742,5090,0.042174245586323,0.0182189183365156,0.0244374209082694,-0.0559222994950152,0.132598221302032,123.939453125
Tibet,257,0.287616682052612,622,97.0559844970703,3971,0.042174245586323,0.0182189183365156,0.0244374209082694,-0.0559222994950152,0.132598221302032,123.939453125
Tibet,258,-0.344400000572205,652,94.8011169433594,4949,0.042174245586323,0.0182189183365156,0.0244374209082694,-0.0559222994950152,0.132598221302032,123.939453125
Tibet,259,-0.148666667938232,609,93.845588684082,4738,0.042174245586323,0.0182189183365156,0.0244374209082694,-0.0559222994950152,0.132598221302032,123.939453125
Tibet,260,-0.102966666221619,595,93.7381362915039,4616,0.042174245586323,0.0182189183365156,0.0244374209082694,-0.0559222994950152,0.132598221302032,123.939453125
Tibet,282,-0.278283333778381,237,75.6746520996094,5167,0.042174245586323,0.0182189183365156,0.0244374209082694,-0.0559222994950152,0.132598221302032,123.939453125
Tibet,283,-0.556616687774658,147,61.9123077392578,5681,0.042174245586323,0.0182189183365156,0.0244374209082694,-0.0559222994950152,0.132598221302032,123.939453125
Tibet,284,-0.257266664505005,134,44.7217407226563,5299,0.042174245586323,0.0182189183365156,0.0244374209082694,-0.0559222994950152,0.132598221302032,123.939453125
Tibet,285,0.113833332061768,165,47.0708427429199,4709,0.042174245586323,0.0182189183365156,0.0244374209082694,-0.0559222994950152,0.132598221302032,123.939453125
Tibet,286,0.0214166566729546,220,72.1895294189453,4844,0.042174245586323,0.0182189183365156,0.0244374209082694,-0.0559222994950152,0.132598221302032,123.939453125
Tibet,287,-0.0507333278656006,310,95.0769882202149,4999,0.042174245586323,0.0182189183365156,0.0244374209082694,-0.0559222994950152,0.132598221302032,123.939453125
Tibet,288,-0.0742999970912933,393,109.328002929688,4894,0.042174245586323,0.0182189183365156,0.0244374209082694,-0.0559222994950152,0.132598221302032,123.939453125
Tibet,289,-0.147166657447815,426,117.285758972168,4826,0.042174245586323,0.0182189183365156,0.0244374209082694,-0.0559222994950152,0.132598221302032,123.939453125
Tibet,290,-0.190916669368744,430,116.404861450195,4736,0.042174245586323,0.0182189183365156,0.0244374209082694,-0.0559222994950152,0.132598221302032,123.939453125
Tibet,291,-0.405783319473267,483,107.465705871582,4972,0.042174245586323,0.0182189183365156,0.0244374209082694,-0.0559222994950152,0.132598221302032,123.939453125
Tibet,292,-0.320799994468689,590,101.466697692871,4840,0.042174245586323,0.0182189183365156,0.0244374209082694,-0.0559222994950152,0.132598221302032,123.939453125
Tibet,293,-0.363833332061768,635,98.9939727783203,4887,0.042174245586323,0.0182189183365156,0.0244374209082694,-0.0559222994950152,0.132598221302032,123.939453125
Tibet,296,-0.299483323097229,618,92.388542175293,4703,0.042174245586323,0.0182189183365156,0.0244374209082694,-0.0559222994950152,0.132598221302032,123.939453125
Tibet,319,-0.0560000061988831,580,95.6804122924805,4680,0.042174245586323,0.0182189183365156,0.0244374209082694,-0.0559222994950152,0.132598221302032,123.939453125
Tibet,320,-0.684816646575928,245,120.39185333252,5582,0.042174245586323,0.0182189183365156,0.0244374209082694,-0.0559222994950152,0.132598221302032,123.939453125
Tibet,321,-0.0568499982357025,155,88.9846801757813,4804,0.042174245586323,0.0182189183365156,0.0244374209082694,-0.0559222994950152,0.132598221302032,123.939453125
Tibet,322,-0.110833334922791,110,63.1674728393555,4898,0.042174245586323,0.0182189183365156,0.0244374209082694,-0.0559222994950152,0.132598221302032,123.939453125
Tibet,323,-0.302316665649414,105,58.2041511535645,5146,0.042174245586323,0.0182189183365156,0.0244374209082694,-0.0559222994950152,0.132598221302032,123.939453125
Tibet,324,-0.189866662025452,125,62.5480117797852,4947,0.042174245586323,0.0182189183365156,0.0244374209082694,-0.0559222994950152,0.132598221302032,123.939453125
Tibet,325,0.0733500063419342,190,78.273063659668,4610,0.042174245586323,0.0182189183365156,0.0244374209082694,-0.0559222994950152,0.132598221302032,123.939453125
Tibet,326,-0.197083342075348,268,96.8253021240234,4945,0.042174245586323,0.0182189183365156,0.0244374209082694,-0.0559222994950152,0.132598221302032,123.939453125
Tibet,327,-0.227499985694885,345,109.382293701172,5001,0.042174245586323,0.0182189183365156,0.0244374209082694,-0.0559222994950152,0.132598221302032,123.939453125
Tibet,328,-0.153299999237061,386,115.276382446289,4648,0.042174245586323,0.0182189183365156,0.0244374209082694,-0.0559222994950152,0.132598221302032,123.939453125
Tibet,329,-0.329716658592224,409,118.052803039551,4789,0.042174245586323,0.0182189183365156,0.0244374209082694,-0.0559222994950152,0.132598221302032,123.939453125
Tibet,357,0.146083331108093,626,65.3616790771484,4215,0.042174245586323,0.0182189183365156,0.0244374209082694,-0.0559222994950152,0.132598221302032,123.939453125
Tibet,358,-0.0439666628837585,271,103.082695007324,4539,0.042174245586323,0.0182189183365156,0.0244374209082694,-0.0559222994950152,0.132598221302032,123.939453125
Tibet,359,-0.28163332939148,130,131.008636474609,4940,0.042174245586323,0.0182189183365156,0.0244374209082694,-0.0559222994950152,0.132598221302032,123.939453125
Tibet,360,-0.0296833336353302,87,111.826728820801,4633,0.042174245586323,0.0182189183365156,0.0244374209082694,-0.0559222994950152,0.132598221302032,123.939453125
Tibet,361,-0.137899994850159,74,93.2871551513672,4841,0.042174245586323,0.0182189183365156,0.0244374209082694,-0.0559222994950152,0.132598221302032,123.939453125
Tibet,362,-0.281283330917358,78,83.4605102539063,4938,0.042174245586323,0.0182189183365156,0.0244374209082694,-0.0559222994950152,0.132598221302032,123.939453125
Tibet,363,-0.528466653823853,102,94.7368392944336,5378,0.042174245586323,0.0182189183365156,0.0244374209082694,-0.0559222994950152,0.132598221302032,123.939453125
Tibet,364,-0.080299985408783,152,87.2673873901367,4559,0.042174245586323,0.0182189183365156,0.0244374209082694,-0.0559222994950152,0.132598221302032,123.939453125
Tibet,365,-0.212250018119812,218,101.506774902344,4823,0.042174245586323,0.0182189183365156,0.0244374209082694,-0.0559222994950152,0.132598221302032,123.939453125
Tibet,366,-0.348399996757507,287,111.122657775879,4972,0.042174245586323,0.0182189183365156,0.0244374209082694,-0.0559222994950152,0.132598221302032,123.939453125
Tibet,367,-0.451683330535889,330,115.305160522461,4929,0.042174245586323,0.0182189183365156,0.0244374209082694,-0.0559222994950152,0.132598221302032,123.939453125
Tibet,396,-0.366949987411499,82,135.412536621094,4977,0.042174245586323,0.0182189183365156,0.0244374209082694,-0.0559222994950152,0.132598221302032,123.939453125
Tibet,397,-0.531333351135254,72,135.799697875977,5205,0.042174245586323,0.0182189183365156,0.0244374209082694,-0.0559222994950152,0.132598221302032,123.939453125
Tibet,398,-0.13254998922348,53,116.084587097168,4557,0.042174245586323,0.0182189183365156,0.0244374209082694,-0.0559222994950152,0.132598221302032,123.939453125
Tibet,399,-0.497950029373169,61,108.465599060059,5127,0.042174245586323,0.0182189183365156,0.0244374209082694,-0.0559222994950152,0.132598221302032,123.939453125
Tibet,400,-0.336483335494995,64,103.063133239746,4930,0.042174245586323,0.0182189183365156,0.0244374209082694,-0.0559222994950152,0.132598221302032,123.939453125
Tibet,401,-0.618083333969116,91,108.890640258789,5294,0.042174245586323,0.0182189183365156,0.0244374209082694,-0.0559222994950152,0.132598221302032,123.939453125
Tibet,402,-0.482683324813843,125,108.212867736816,5074,0.042174245586323,0.0182189183365156,0.0244374209082694,-0.0559222994950152,0.132598221302032,123.939453125
Tibet,403,-0.49578332901001,180,111.771629333496,5018,0.042174245586323,0.0182189183365156,0.0244374209082694,-0.0559222994950152,0.132598221302032,123.939453125
Tibet,404,-0.597633361816406,238,117.35856628418,5145,0.042174245586323,0.0182189183365156,0.0244374209082694,-0.0559222994950152,0.132598221302032,123.939453125
Tibet,405,-0.644183349609375,278,120.004325866699,5105,0.042174245586323,0.0182189183365156,0.0244374209082694,-0.0559222994950152,0.132598221302032,123.939453125
Tibet,433,0.00461666248738766,40,82.5234069824219,4239,0.042174245586323,0.0182189183365156,0.0244374209082694,-0.0559222994950152,0.132598221302032,123.939453125
Tibet,434,-0.476033353805542,37,139.889663696289,5074,0.042174245586323,0.0182189183365156,0.0244374209082694,-0.0559222994950152,0.132598221302032,123.939453125
Tibet,435,-0.428500032424927,42,118.917678833008,4941,0.042174245586323,0.0182189183365156,0.0244374209082694,-0.0559222994950152,0.132598221302032,123.939453125
Tibet,436,-0.498050022125244,50,114.008003234863,5030,0.042174245586323,0.0182189183365156,0.0244374209082694,-0.0559222994950152,0.132598221302032,123.939453125
Tibet,437,-0.473600006103516,60,116.558387756348,4988,0.042174245586323,0.0182189183365156,0.0244374209082694,-0.0559222994950152,0.132598221302032,123.939453125
Tibet,438,-0.947516632080078,105,114.137260437012,5602,0.042174245586323,0.0182189183365156,0.0244374209082694,-0.0559222994950152,0.132598221302032,123.939453125
Tibet,439,-0.565549993515015,112,118.691184997559,5045,0.042174245586323,0.0182189183365156,0.0244374209082694,-0.0559222994950152,0.132598221302032,123.939453125
Tibet,440,-0.494216680526733,148,116.423988342285,4853,0.042174245586323,0.0182189183365156,0.0244374209082694,-0.0559222994950152,0.132598221302032,123.939453125
Tibet,441,-0.69651665687561,205,121.211616516113,5167,0.042174245586323,0.0182189183365156,0.0244374209082694,-0.0559222994950152,0.132598221302032,123.939453125
Tibet,469,-1.05681667327881,76,134.909606933594,5800,0.042174245586323,0.0182189183365156,0.0244374209082694,-0.0559222994950152,0.132598221302032,123.939453125
Tibet,470,-0.641300010681152,38,126.927322387695,5133,0.042174245586323,0.0182189183365156,0.0244374209082694,-0.0559222994950152,0.132598221302032,123.939453125
Tibet,471,-0.662966680526733,44,119.94896697998,5125,0.042174245586323,0.0182189183365156,0.0244374209082694,-0.0559222994950152,0.132598221302032,123.939453125
Tibet,472,-0.703283309936523,51,122.133171081543,5180,0.042174245586323,0.0182189183365156,0.0244374209082694,-0.0559222994950152,0.132598221302032,123.939453125
Tibet,473,-0.577333354949951,58,119.404830932617,4921,0.042174245586323,0.0182189183365156,0.0244374209082694,-0.0559222994950152,0.132598221302032,123.939453125
Tibet,474,-0.640950012207031,81,117.891479492188,4999,0.042174245586323,0.0182189183365156,0.0244374209082694,-0.0559222994950152,0.132598221302032,123.939453125
Tibet,475,-0.738083362579346,116,121.798492431641,5123,0.042174245586323,0.0182189183365156,0.0244374209082694,-0.0559222994950152,0.132598221302032,123.939453125
Tibet,476,-0.687866687774658,149,123.18994140625,5080,0.042174245586323,0.0182189183365156,0.0244374209082694,-0.0559222994950152,0.132598221302032,123.939453125
Tibet,477,-0.731933355331421,176,121.393608093262,4966,0.042174245586323,0.0182189183365156,0.0244374209082694,-0.0559222994950152,0.132598221302032,123.939453125
Tibet,478,-0.848533344268799,218,121.502876281738,5172,0.042174245586323,0.0182189183365156,0.0244374209082694,-0.0559222994950152,0.132598221302032,123.939453125
Xinjiang,506,-1.24146671295166,107,120.430885314941,5867,0.0491553825225537,0.0112249258649716,0.0365092249655955,0.138596983544164,0.281956881284714,41.6846771240234
Xinjiang,507,-0.714366674423218,54,130.996292114258,5155,0.0491553825225537,0.0112249258649716,0.0365092249655955,0.138596983544164,0.281956881284714,41.6846771240234
Xinjiang,508,-1.18811664581299,83,121.690437316895,5817,0.0491553825225537,0.0112249258649716,0.0365092249655955,0.138596983544164,0.281956881284714,41.6846771240234
Xinjiang,509,-0.820933341979981,53,127.044441223145,5301,0.0491553825225537,0.0112249258649716,0.0365092249655955,0.138596983544164,0.281956881284714,41.6846771240234
Xinjiang,510,-0.749266672134399,54,125.129531860352,5092,0.0491553825225537,0.0112249258649716,0.0365092249655955,0.138596983544164,0.281956881284714,41.6846771240234
Xinjiang,511,-0.842183303833008,76,125.0244140625,5206,0.0491553825225537,0.0112249258649716,0.0365092249655955,0.138596983544164,0.281956881284714,41.6846771240234
Xinjiang,512,-0.666483306884766,84,122.474487304688,4897,0.0491553825225537,0.0112249258649716,0.0365092249655955,0.138596983544164,0.281956881284714,41.6846771240234
Xinjiang,513,-0.814099979400635,120,122.274955749512,5054,0.0491553825225537,0.0112249258649716,0.0365092249655955,0.138596983544164,0.281956881284714,41.6846771240234
Xinjiang,514,-0.791833353042603,143,126.975395202637,4955,0.0491553825225537,0.0112249258649716,0.0365092249655955,0.138596983544164,0.281956881284714,41.6846771240234
Xinjiang,515,-0.674283313751221,156,124.800399780273,4752,0.0491553825225537,0.0112249258649716,0.0365092249655955,0.138596983544164,0.281956881284714,41.6846771240234
Xinjiang,516,-0.559483337402344,157,124.00496673584,4525,0.0491553825225537,0.0112249258649716,0.0365092249655955,0.138596983544164,0.281956881284714,41.6846771240234
Xinjiang,517,-0.302800011634827,122,117.622406005859,4059,0.0491553825225537,0.0112249258649716,0.0365092249655955,0.138596983544164,0.281956881284714,41.6846771240234
Xinjiang,545,-0.76651668548584,70,114.693099975586,5173,0.0491553825225537,0.0112249258649716,0.0365092249655955,0.138596983544164,0.281956881284714,41.6846771240234
Xinjiang,546,-0.604883337020874,56,122.570762634277,4919,0.0491553825225537,0.0112249258649716,0.0365092249655955,0.138596983544164,0.281956881284714,41.6846771240234
Xinjiang,547,0.472399997711182,26,97.8746719360352,3037,0.0491553825225537,0.0112249258649716,0.0365092249655955,0.138596983544164,0.281956881284714,41.6846771240234
Xinjiang,548,1.1319167137146,39,67.3966522216797,1762,0.0491553825225537,0.0112249258649716,0.0365092249655955,0.138596983544164,0.281956881284714,41.6846771240234
Xinjiang,549,0.997533321380615,36,80.4815063476563,1900,0.0491553825225537,0.0112249258649716,0.0365092249655955,0.138596983544164,0.281956881284714,41.6846771240234
Xinjiang,550,0.850850009918213,34,91.6143798828125,2037,0.0491553825225537,0.0112249258649716,0.0365092249655955,0.138596983544164,0.281956881284714,41.6846771240234
Xinjiang,551,0.523733329772949,42,109.072204589844,2581,0.0491553825225537,0.0112249258649716,0.0365092249655955,0.138596983544164,0.281956881284714,41.6846771240234
Xinjiang,552,-0.332666659355164,92,117.703964233398,3944,0.0491553825225537,0.0112249258649716,0.0365092249655955,0.138596983544164,0.281956881284714,41.6846771240234
Xinjiang,553,-0.311400008201599,106,124.537742614746,4015,0.0491553825225537,0.0112249258649716,0.0365092249655955,0.138596983544164,0.281956881284714,41.6846771240234
Xinjiang,554,-0.602449989318848,141,120.169044494629,4360,0.0491553825225537,0.0112249258649716,0.0365092249655955,0.138596983544164,0.281956881284714,41.6846771240234
Xinjiang,555,-0.634683322906494,153,123.232200622559,4482,0.0491553825225537,0.0112249258649716,0.0365092249655955,0.138596983544164,0.281956881284714,41.6846771240234
Xinjiang,556,-0.316866683959961,112,117.029739379883,3923,0.0491553825225537,0.0112249258649716,0.0365092249655955,0.138596983544164,0.281956881284714,41.6846771240234
Xinjiang,581,0.0142666697502136,45,62.9182052612305,3817,0.0491553825225537,0.0112249258649716,0.0365092249655955,0.138596983544164,0.281956881284714,41.6846771240234
Xinjiang,582,-0.267449998855591,41,101.006294250488,4127,0.0491553825225537,0.0112249258649716,0.0365092249655955,0.138596983544164,0.281956881284714,41.6846771240234
Xinjiang,583,0.488549995422363,24,97.4420318603516,2913,0.0491553825225537,0.0112249258649716,0.0365092249655955,0.138596983544164,0.281956881284714,41.6846771240234
Xinjiang,584,1.21333332061768,37,55.706844329834,1367,0.0491553825225537,0.0112249258649716,0.0365092249655955,0.138596983544164,0.281956881284714,41.6846771240234
Xinjiang,585,1.26996669769287,36,74.6202545166016,1297,0.0491553825225537,0.0112249258649716,0.0365092249655955,0.138596983544164,0.281956881284714,41.6846771240234
Xinjiang,586,1.21316661834717,32,81.6803283691406,1380,0.0491553825225537,0.0112249258649716,0.0365092249655955,0.138596983544164,0.281956881284714,41.6846771240234
Xinjiang,587,1.16256666183472,26,88.1266479492188,1286,0.0491553825225537,0.0112249258649716,0.0365092249655955,0.138596983544164,0.281956881284714,41.6846771240234
Xinjiang,588,1.12718334197998,25,98.2346343994141,1252,0.0491553825225537,0.0112249258649716,0.0365092249655955,0.138596983544164,0.281956881284714,41.6846771240234
Xinjiang,589,1.10831670761108,34,97.5027618408203,1249,0.0491553825225537,0.0112249258649716,0.0365092249655955,0.138596983544164,0.281956881284714,41.6846771240234
Xinjiang,590,1.007200050354,42,97.7869567871094,1228,0.0491553825225537,0.0112249258649716,0.0365092249655955,0.138596983544164,0.281956881284714,41.6846771240234
Xinjiang,591,0.819899940490723,48,99.0867385864258,1472,0.0491553825225537,0.0112249258649716,0.0365092249655955,0.138596983544164,0.281956881284714,41.6846771240234
Xinjiang,592,0.119533336162567,81,115.032295227051,2914,0.0491553825225537,0.0112249258649716,0.0365092249655955,0.138596983544164,0.281956881284714,41.6846771240234
Xinjiang,593,-0.140566670894623,91,119.274230957031,3462,0.0491553825225537,0.0112249258649716,0.0365092249655955,0.138596983544164,0.281956881284714,41.6846771240234
Xinjiang,594,-0.238100004196167,83,113.039108276367,3640,0.0491553825225537,0.0112249258649716,0.0365092249655955,0.138596983544164,0.281956881284714,41.6846771240234
Xinjiang,595,0.0900999963283539,39,95.2472305297852,2955,0.0491553825225537,0.0112249258649716,0.0365092249655955,0.138596983544164,0.281956881284714,41.6846771240234
Xinjiang,617,-0.887416648864746,155,41.9503707885742,5072,0.0491553825225537,0.0112249258649716,0.0365092249655955,0.138596983544164,0.281956881284714,41.6846771240234
Xinjiang,618,0.655399990081787,37,86.4006423950195,2732,0.0491553825225537,0.0112249258649716,0.0365092249655955,0.138596983544164,0.281956881284714,41.6846771240234
Xinjiang,619,1.12788333892822,27,65.7640151977539,1766,0.0491553825225537,0.0112249258649716,0.0365092249655955,0.138596983544164,0.281956881284714,41.6846771240234
Xinjiang,620,1.25901670455933,27,54.2938423156738,1311,0.0491553825225537,0.0112249258649716,0.0365092249655955,0.138596983544164,0.281956881284714,41.6846771240234
Xinjiang,621,1.26731662750244,30,65.0388793945313,1246,0.0491553825225537,0.0112249258649716,0.0365092249655955,0.138596983544164,0.281956881284714,41.6846771240234
Xinjiang,622,1.24405002593994,32,70.0970687866211,1200,0.0491553825225537,0.0112249258649716,0.0365092249655955,0.138596983544164,0.281956881284714,41.6846771240234
Xinjiang,623,1.23488330841064,30,87.4287414550781,1183,0.0491553825225537,0.0112249258649716,0.0365092249655955,0.138596983544164,0.281956881284714,41.6846771240234
Xinjiang,624,1.19089994430542,29,95.4199676513672,1164,0.0491553825225537,0.0112249258649716,0.0365092249655955,0.138596983544164,0.281956881284714,41.6846771240234
Xinjiang,625,1.1708833694458,28,104.185150146484,1129,0.0491553825225537,0.0112249258649716,0.0365092249655955,0.138596983544164,0.281956881284714,41.6846771240234
Xinjiang,626,1.15593338012695,32,104.877304077148,1112,0.0491553825225537,0.0112249258649716,0.0365092249655955,0.138596983544164,0.281956881284714,41.6846771240234
Xinjiang,627,1.10776662826538,33,106.135040283203,1028,0.0491553825225537,0.0112249258649716,0.0365092249655955,0.138596983544164,0.281956881284714,41.6846771240234
Xinjiang,628,1.09764995574951,36,89.1882553100586,875,0.0491553825225537,0.0112249258649716,0.0365092249655955,0.138596983544164,0.281956881284714,41.6846771240234
Xinjiang,629,1.04460000991821,31,86.186393737793,807,0.0491553825225537,0.0112249258649716,0.0365092249655955,0.138596983544164,0.281956881284714,41.6846771240234
Xinjiang,630,1.12423334121704,18,82.6823043823242,799,0.0491553825225537,0.0112249258649716,0.0365092249655955,0.138596983544164,0.281956881284714,41.6846771240234
Xinjiang,631,1.01660003662109,16,73.8548965454102,1036,0.0491553825225537,0.0112249258649716,0.0365092249655955,0.138596983544164,0.281956881284714,41.6846771240234
Xinjiang,632,0.965866661071777,15,78.4244384765625,1207,0.0491553825225537,0.0112249258649716,0.0365092249655955,0.138596983544164,0.281956881284714,41.6846771240234
Xinjiang,656,0.0128166601061821,65,91.7084121704102,3711,0.0491553825225537,0.0112249258649716,0.0365092249655955,0.138596983544164,0.281956881284714,41.6846771240234
Xinjiang,657,1.30603332519531,44,60.1482391357422,1258,0.0491553825225537,0.0112249258649716,0.0365092249655955,0.138596983544164,0.281956881284714,41.6846771240234
Xinjiang,658,1.29343338012695,35,62.0247688293457,1191,0.0491553825225537,0.0112249258649716,0.0365092249655955,0.138596983544164,0.281956881284714,41.6846771240234
Xinjiang,659,1.2513500213623,35,70.0983734130859,1195,0.0491553825225537,0.0112249258649716,0.0365092249655955,0.138596983544164,0.281956881284714,41.6846771240234
Xinjiang,660,1.22144994735718,34,75.3065567016602,1139,0.0491553825225537,0.0112249258649716,0.0365092249655955,0.138596983544164,0.281956881284714,41.6846771240234
Xinjiang,661,1.20398330688477,34,92.9551467895508,1106,0.0491553825225537,0.0112249258649716,0.0365092249655955,0.138596983544164,0.281956881284714,41.6846771240234
Xinjiang,662,1.22448329925537,39,100.892524719238,1060,0.0491553825225537,0.0112249258649716,0.0365092249655955,0.138596983544164,0.281956881284714,41.6846771240234
Xinjiang,663,1.2190333366394,42,105.302726745605,1030,0.0491553825225537,0.0112249258649716,0.0365092249655955,0.138596983544164,0.281956881284714,41.6846771240234
Xinjiang,664,1.20581665039063,40,98.5641937255859,977,0.0491553825225537,0.0112249258649716,0.0365092249655955,0.138596983544164,0.281956881284714,41.6846771240234
Xinjiang,665,1.20170001983643,35,101.812858581543,931,0.0491553825225537,0.0112249258649716,0.0365092249655955,0.138596983544164,0.281956881284714,41.6846771240234
Xinjiang,666,1.1496000289917,36,88.5489044189453,878,0.0491553825225537,0.0112249258649716,0.0365092249655955,0.138596983544164,0.281956881284714,41.6846771240234
Xinjiang,667,1.06936664581299,32,84.9271545410156,830,0.0491553825225537,0.0112249258649716,0.0365092249655955,0.138596983544164,0.281956881284714,41.6846771240234
Xinjiang,668,1.07231664657593,24,77.8498916625977,801,0.0491553825225537,0.0112249258649716,0.0365092249655955,0.138596983544164,0.281956881284714,41.6846771240234
Xinjiang,669,1.13140001296997,17,69.3718414306641,806,0.0491553825225537,0.0112249258649716,0.0365092249655955,0.138596983544164,0.281956881284714,41.6846771240234
Xinjiang,670,0.925300025939941,22,87.5373458862305,1181,0.0491553825225537,0.0112249258649716,0.0365092249655955,0.138596983544164,0.281956881284714,41.6846771240234
Xinjiang,671,0.850433349609375,33,78.8810653686524,1318,0.0491553825225537,0.0112249258649716,0.0365092249655955,0.138596983544164,0.281956881284714,41.6846771240234
Xinjiang,696,-0.65149998664856,154,45.3894424438477,4530,0.0491553825225537,0.0112249258649716,0.0365092249655955,0.138596983544164,0.281956881284714,41.6846771240234
Xinjiang,697,0.859916687011719,90,74.9960708618164,2039,0.0491553825225537,0.0112249258649716,0.0365092249655955,0.138596983544164,0.281956881284714,41.6846771240234
Xinjiang,698,1.23315000534058,69,56.8973770141602,1221,0.0491553825225537,0.0112249258649716,0.0365092249655955,0.138596983544164,0.281956881284714,41.6846771240234
Xinjiang,699,1.28461666107178,50,59.4172821044922,1148,0.0491553825225537,0.0112249258649716,0.0365092249655955,0.138596983544164,0.281956881284714,41.6846771240234
Xinjiang,700,1.23064994812012,50,66.9624176025391,1109,0.0491553825225537,0.0112249258649716,0.0365092249655955,0.138596983544164,0.281956881284714,41.6846771240234
Xinjiang,701,1.19498329162598,40,75.7959365844727,1066,0.0491553825225537,0.0112249258649716,0.0365092249655955,0.138596983544164,0.281956881284714,41.6846771240234
Xinjiang,702,1.18523330688477,44,82.9086303710938,1040,0.0491553825225537,0.0112249258649716,0.0365092249655955,0.138596983544164,0.281956881284714,41.6846771240234
Xinjiang,703,1.21383333206177,64,88.3834533691406,998,0.0491553825225537,0.0112249258649716,0.0365092249655955,0.138596983544164,0.281956881284714,41.6846771240234
Xinjiang,704,1.21348333358765,70,97.4389495849609,951,0.0491553825225537,0.0112249258649716,0.0365092249655955,0.138596983544164,0.281956881284714,41.6846771240234
Xinjiang,705,1.17524995803833,58,96.0982818603516,924,0.0491553825225537,0.0112249258649716,0.0365092249655955,0.138596983544164,0.281956881284714,41.6846771240234
Xinjiang,706,1.19288330078125,44,91.9788665771484,902,0.0491553825225537,0.0112249258649716,0.0365092249655955,0.138596983544164,0.281956881284714,41.6846771240234
Xinjiang,707,1.16878328323364,44,82.4035949707031,869,0.0491553825225537,0.0112249258649716,0.0365092249655955,0.138596983544164,0.281956881284714,41.6846771240234
Xinjiang,708,0.786350011825562,67,93.7392807006836,1530,0.0491553825225537,0.0112249258649716,0.0365092249655955,0.138596983544164,0.281956881284714,41.6846771240234
Xinjiang,709,0.629783344268799,66,96.3005905151367,1752,0.0491553825225537,0.0112249258649716,0.0365092249655955,0.138596983544164,0.281956881284714,41.6846771240234
Xinjiang,710,0.871233367919922,36,81.1844177246094,1206,0.0491553825225537,0.0112249258649716,0.0365092249655955,0.138596983544164,0.281956881284714,41.6846771240234
Xinjiang,711,0.871366691589356,34,81.6145706176758,1177,0.0491553825225537,0.0112249258649716,0.0365092249655955,0.138596983544164,0.281956881284714,41.6846771240234
Xinjiang,712,0.899066638946533,41,76.2990646362305,1116,0.0491553825225537,0.0112249258649716,0.0365092249655955,0.138596983544164,0.281956881284714,41.6846771240234
Xinjiang,713,0.853416633605957,47,82.0272750854492,1221,0.0491553825225537,0.0112249258649716,0.0365092249655955,0.138596983544164,0.281956881284714,41.6846771240234
Xinjiang,714,0.437683343887329,80,92.7886123657227,1932,0.0491553825225537,0.0112249258649716,0.0365092249655955,0.138596983544164,0.281956881284714,41.6846771240234
Xinjiang,735,-0.303666663169861,192,50.2901306152344,3686,0.0491553825225537,0.0112249258649716,0.0365092249655955,0.138596983544164,0.281956881284714,41.6846771240234
Xinjiang,736,0.216000008583069,166,67.3441925048828,2846,0.0491553825225537,0.0112249258649716,0.0365092249655955,0.138596983544164,0.281956881284714,41.6846771240234
Xinjiang,737,0.71361665725708,124,62.8814239501953,2019,0.0491553825225537,0.0112249258649716,0.0365092249655955,0.138596983544164,0.281956881284714,41.6846771240234
Xinjiang,738,0.948666667938232,96,66.1596908569336,1619,0.0491553825225537,0.0112249258649716,0.0365092249655955,0.138596983544164,0.281956881284714,41.6846771240234
Xinjiang,739,0.787816667556763,93,77.3781890869141,1853,0.0491553825225537,0.0112249258649716,0.0365092249655955,0.138596983544164,0.281956881284714,41.6846771240234
Xinjiang,740,0.937466621398926,75,79.153450012207,1460,0.0491553825225537,0.0112249258649716,0.0365092249655955,0.138596983544164,0.281956881284714,41.6846771240234
Xinjiang,741,1.12589998245239,64,80.6046142578125,1064,0.0491553825225537,0.0112249258649716,0.0365092249655955,0.138596983544164,0.281956881284714,41.6846771240234
Xinjiang,742,1.15911664962769,98,85.4984970092774,979,0.0491553825225537,0.0112249258649716,0.0365092249655955,0.138596983544164,0.281956881284714,41.6846771240234
Xinjiang,743,1.18865003585815,117,94.4603576660156,968,0.0491553825225537,0.0112249258649716,0.0365092249655955,0.138596983544164,0.281956881284714,41.6846771240234
Xinjiang,744,1.08968334197998,95,88.8820266723633,935,0.0491553825225537,0.0112249258649716,0.0365092249655955,0.138596983544164,0.281956881284714,41.6846771240234
Xinjiang,745,1.11518335342407,73,81.3135299682617,903,0.0491553825225537,0.0112249258649716,0.0365092249655955,0.138596983544164,0.281956881284714,41.6846771240234
Xinjiang,746,0.963533306121826,76,84.7278747558594,1050,0.0491553825225537,0.0112249258649716,0.0365092249655955,0.138596983544164,0.281956881284714,41.6846771240234
Xinjiang,747,0.771549987792969,99,83.2470703125,1513,0.0491553825225537,0.0112249258649716,0.0365092249655955,0.138596983544164,0.281956881284714,41.6846771240234
Xinjiang,748,1.01591663360596,50,75.5642852783203,959,0.0491553825225537,0.0112249258649716,0.0365092249655955,0.138596983544164,0.281956881284714,41.6846771240234
Xinjiang,749,1.08946666717529,30,77.5314865112305,709,0.0491553825225537,0.0112249258649716,0.0365092249655955,0.138596983544164,0.281956881284714,41.6846771240234
Xinjiang,750,1.12340002059937,25,89.0438842773438,622,0.0491553825225537,0.0112249258649716,0.0365092249655955,0.138596983544164,0.281956881284714,41.6846771240234
Xinjiang,751,1.19204998016357,28,64.3852081298828,377,0.0491553825225537,0.0112249258649716,0.0365092249655955,0.138596983544164,0.281956881284714,41.6846771240234
Xinjiang,752,0.881999969482422,49,75.7073135375977,963,0.0491553825225537,0.0112249258649716,0.0365092249655955,0.138596983544164,0.281956881284714,41.6846771240234
Xinjiang,753,0.545216655731201,68,96.8597869873047,1562,0.0491553825225537,0.0112249258649716,0.0365092249655955,0.138596983544164,0.281956881284714,41.6846771240234
Xinjiang,767,0.390466666221619,231,77.1705932617188,2251,0.0491553825225537,0.0112249258649716,0.0365092249655955,0.138596983544164,0.281956881284714,41.6846771240234
Xinjiang,768,-0.541916656494141,323,85.1036148071289,3539,0.0491553825225537,0.0112249258649716,0.0365092249655955,0.138596983544164,0.281956881284714,41.6846771240234
Xinjiang,769,0.1939333319664,241,83.9126892089844,2403,0.0491553825225537,0.0112249258649716,0.0365092249655955,0.138596983544164,0.281956881284714,41.6846771240234
Xinjiang,770,0.212016677856445,240,92.6042709350586,2309,0.0491553825225537,0.0112249258649716,0.0365092249655955,0.138596983544164,0.281956881284714,41.6846771240234
Xinjiang,771,-0.709416675567627,330,95.3491897583008,3448,0.0491553825225537,0.0112249258649716,0.0365092249655955,0.138596983544164,0.281956881284714,41.6846771240234
Xinjiang,772,-0.786516666412354,346,96.9471664428711,3710,0.0491553825225537,0.0112249258649716,0.0365092249655955,0.138596983544164,0.281956881284714,41.6846771240234
Xinjiang,773,-0.338233327865601,288,98.5273361206055,3205,0.0491553825225537,0.0112249258649716,0.0365092249655955,0.138596983544164,0.281956881284714,41.6846771240234
Xinjiang,774,0.811966705322266,139,68.8197326660156,1242,0.0491553825225537,0.0112249258649716,0.0365092249655955,0.138596983544164,0.281956881284714,41.6846771240234
Xinjiang,775,0.993616676330566,83,57.8747253417969,837,0.0491553825225537,0.0112249258649716,0.0365092249655955,0.138596983544164,0.281956881284714,41.6846771240234
Xinjiang,776,0.517666673660278,126,78.5239334106445,1776,0.0491553825225537,0.0112249258649716,0.0365092249655955,0.138596983544164,0.281956881284714,41.6846771240234
Xinjiang,777,0.83439998626709,55,91.1525955200195,1071,0.0491553825225537,0.0112249258649716,0.0365092249655955,0.138596983544164,0.281956881284714,41.6846771240234
Xinjiang,778,0.180200004577637,197,80.213264465332,2168,0.0491553825225537,0.0112249258649716,0.0365092249655955,0.138596983544164,0.281956881284714,41.6846771240234
Xinjiang,779,-0.0464333415031433,176,97.8050384521485,2657,0.0491553825225537,0.0112249258649716,0.0365092249655955,0.138596983544164,0.281956881284714,41.6846771240234
Xinjiang,780,0.96386661529541,27,100.883666992188,416,0.0491553825225537,0.0112249258649716,0.0365092249655955,0.138596983544164,0.281956881284714,41.6846771240234
Xinjiang,794,0.37263331413269,340,51.9935035705566,1813,0.0491553825225537,0.0112249258649716,0.0365092249655955,0.138596983544164,0.281956881284714,41.6846771240234
Xinjiang,795,0.473216676712036,253,51.9709587097168,1553,0.0491553825225537,0.0112249258649716,0.0365092249655955,0.138596983544164,0.281956881284714,41.6846771240234
Xinjiang,796,0.363483333587647,246,67.7074279785156,1674,0.0491553825225537,0.0112249258649716,0.0365092249655955,0.138596983544164,0.281956881284714,41.6846771240234
Xinjiang,797,0.538483333587647,198,71.0169982910156,1293,0.0491553825225537,0.0112249258649716,0.0365092249655955,0.138596983544164,0.281956881284714,41.6846771240234
Xinjiang,798,-1.27255001068115,456,83.4882888793945,4302,0.0491553825225537,0.0112249258649716,0.0365092249655955,0.138596983544164,0.281956881284714,41.6846771240234
Xinjiang,799,0.144816660881042,288,83.9566955566406,2274,0.0491553825225537,0.0112249258649716,0.0365092249655955,0.138596983544164,0.281956881284714,41.6846771240234
Xinjiang,800,0.75203332901001,222,37.3338966369629,786,0.0491553825225537,0.0112249258649716,0.0365092249655955,0.138596983544164,0.281956881284714,41.6846771240234
Xinjiang,801,0.622333335876465,166,44.1450996398926,953,0.0491553825225537,0.0112249258649716,0.0365092249655955,0.138596983544164,0.281956881284714,41.6846771240234
Xinjiang,802,0.641633319854736,117,47.7838668823242,773,0.0491553825225537,0.0112249258649716,0.0365092249655955,0.138596983544164,0.281956881284714,41.6846771240234
Xinjiang,803,0.649233341217041,82,76.7567596435547,1106,0.0491553825225537,0.0112249258649716,0.0365092249655955,0.138596983544164,0.281956881284714,41.6846771240234
Xinjiang,804,0.688800001144409,83,84.2129211425781,1048,0.0491553825225537,0.0112249258649716,0.0365092249655955,0.138596983544164,0.281956881284714,41.6846771240234
Xinjiang,805,0.852999973297119,45,89.3751220703125,565,0.0491553825225537,0.0112249258649716,0.0365092249655955,0.138596983544164,0.281956881284714,41.6846771240234
Xinjiang,821,0.851416683197022,240,25.1156883239746,632,0.0491553825225537,0.0112249258649716,0.0365092249655955,0.138596983544164,0.281956881284714,41.6846771240234
Xinjiang,822,-0.0264999985694885,369,64.5215225219727,2360,0.0491553825225537,0.0112249258649716,0.0365092249655955,0.138596983544164,0.281956881284714,41.6846771240234
Xinjiang,823,-0.0200999975204468,298,74.6027221679688,2217,0.0491553825225537,0.0112249258649716,0.0365092249655955,0.138596983544164,0.281956881284714,41.6846771240234
Xinjiang,824,0.85513334274292,154,44.6507797241211,555,0.0491553825225537,0.0112249258649716,0.0365092249655955,0.138596983544164,0.281956881284714,41.6846771240234
Xinjiang,825,0.83216667175293,144,44.1280364990234,373,0.0491553825225537,0.0112249258649716,0.0365092249655955,0.138596983544164,0.281956881284714,41.6846771240234
Xinjiang,826,0.783299970626831,167,32.8992881774902,425,0.0491553825225537,0.0112249258649716,0.0365092249655955,0.138596983544164,0.281956881284714,41.6846771240234
Xinjiang,827,0.676733350753784,167,32.6499710083008,627,0.0491553825225537,0.0112249258649716,0.0365092249655955,0.138596983544164,0.281956881284714,41.6846771240234
Xinjiang,828,0.569016647338867,143,51.8250770568848,1165,0.0491553825225537,0.0112249258649716,0.0365092249655955,0.138596983544164,0.281956881284714,41.6846771240234
Xinjiang,841,-0.510383319854736,570,54.3208351135254,3043,0.0491553825225537,0.0112249258649716,0.0365092249655955,0.138596983544164,0.281956881284714,41.6846771240234
Xinjiang,842,0.792983341217041,186,50.0771598815918,467,0.0491553825225537,0.0112249258649716,0.0365092249655955,0.138596983544164,0.281956881284714,41.6846771240234
Xinjiang,843,0.788000011444092,175,52.1657676696777,645,0.0491553825225537,0.0112249258649716,0.0365092249655955,0.138596983544164,0.281956881284714,41.6846771240234
Xinjiang,844,0.896083354949951,120,58.2747192382813,369,0.0491553825225537,0.0112249258649716,0.0365092249655955,0.138596983544164,0.281956881284714,41.6846771240234
Xinjiang,845,0.909816646575928,126,46.2366142272949,299,0.0491553825225537,0.0112249258649716,0.0365092249655955,0.138596983544164,0.281956881284714,41.6846771240234
Xinjiang,846,0.721283340454102,154,38.4788436889648,472,0.0491553825225537,0.0112249258649716,0.0365092249655955,0.138596983544164,0.281956881284714,41.6846771240234
Xinjiang,847,0.527166700363159,171,36.0384674072266,808,0.0491553825225537,0.0112249258649716,0.0365092249655955,0.138596983544164,0.281956881284714,41.6846771240234
Xinjiang,848,0.360933327674866,150,42.0808067321777,1064,0.0491553825225537,0.0112249258649716,0.0365092249655955,0.138596983544164,0.281956881284714,41.6846771240234
Xinjiang,849,0.22628333568573,122,60.8372306823731,1457,0.0491553825225537,0.0112249258649716,0.0365092249655955,0.138596983544164,0.281956881284714,41.6846771240234
Xinjiang,862,0.173933327198029,324,53.5172882080078,1673,0.0491553825225537,0.0112249258649716,0.0365092249655955,0.138596983544164,0.281956881284714,41.6846771240234
Xinjiang,863,0.537866687774658,203,48.6841468811035,913,0.0491553825225537,0.0112249258649716,0.0365092249655955,0.138596983544164,0.281956881284714,41.6846771240234
Xinjiang,864,0.75920000076294,162,48.543815612793,521,0.0491553825225537,0.0112249258649716,0.0365092249655955,0.138596983544164,0.281956881284714,41.6846771240234
Xinjiang,865,0.561716651916504,169,49.4080047607422,786,0.0491553825225537,0.0112249258649716,0.0365092249655955,0.138596983544164,0.281956881284714,41.6846771240234
Xinjiang,866,0.509183359146118,184,37.3175773620606,680,0.0491553825225537,0.0112249258649716,0.0365092249655955,0.138596983544164,0.281956881284714,41.6846771240234
Xinjiang,867,0.275733327865601,155,36.1830902099609,938,0.0491553825225537,0.0112249258649716,0.0365092249655955,0.138596983544164,0.281956881284714,41.6846771240234
Xinjiang,868,-0.491316652297974,180,80.437370300293,2454,0.0491553825225537,0.0112249258649716,0.0365092249655955,0.138596983544164,0.281956881284714,41.6846771240234
Xinjiang,878,0.534416675567627,191,41.9858322143555,658,0.0491553825225537,0.0112249258649716,0.0365092249655955,0.138596983544164,0.281956881284714,41.6846771240234
Xinjiang,879,0.542066669464111,165,34.0980262756348,614,0.0491553825225537,0.0112249258649716,0.0365092249655955,0.138596983544164,0.281956881284714,41.6846771240234
Xinjiang,880,-0.324266672134399,179,69.4703063964844,2127,0.0491553825225537,0.0112249258649716,0.0365092249655955,0.138596983544164,0.281956881284714,41.6846771240234
Xinjiang,895,0.317583322525024,301,39.1477203369141,961,0.0491553825225537,0.0112249258649716,0.0365092249655955,0.138596983544164,0.281956881284714,41.6846771240234
Xinjiang,896,-0.501683330535889,258,59.6134185791016,2029,0.0491553825225537,0.0112249258649716,0.0365092249655955,0.138596983544164,0.281956881284714,41.6846771240234
Yunnan,6,1.92561664581299,1557,83.7296676635742,1392,0.0414938965274204,0.0255717391345999,0.0642392426901583,0.203671072863646,0.490845859050751,353.563262939453
Yunnan,7,2.09928340911865,1650,79.0530548095703,991,0.0414938965274204,0.0255717391345999,0.0642392426901583,0.203671072863646,0.490845859050751,353.563262939453
Yunnan,12,1.97568321228027,1449,85.1744155883789,1303,0.0414938965274204,0.0255717391345999,0.0642392426901583,0.203671072863646,0.490845859050751,353.563262939453
Yunnan,13,2.04186668395996,1569,86.5402984619141,1041,0.0414938965274204,0.0255717391345999,0.0642392426901583,0.203671072863646,0.490845859050751,353.563262939453
Yunnan,14,1.89038333892822,1439,81.9868545532227,1323,0.0414938965274204,0.0255717391345999,0.0642392426901583,0.203671072863646,0.490845859050751,353.563262939453
Yunnan,15,1.97368335723877,1371,87.3262481689453,1045,0.0414938965274204,0.0255717391345999,0.0642392426901583,0.203671072863646,0.490845859050751,353.563262939453
Yunnan,23,2.08753337860107,1409,90.3846969604492,1180,0.0414938965274204,0.0255717391345999,0.0642392426901583,0.203671072863646,0.490845859050751,353.563262939453
Yunnan,24,1.96736660003662,1343,87.9213104248047,1253,0.0414938965274204,0.0255717391345999,0.0642392426901583,0.203671072863646,0.490845859050751,353.563262939453
Yunnan,25,1.7155834197998,1201,85.2908172607422,1788,0.0414938965274204,0.0255717391345999,0.0642392426901583,0.203671072863646,0.490845859050751,353.563262939453
Yunnan,26,2.0144832611084,1150,87.7966232299805,1032,0.0414938965274204,0.0255717391345999,0.0642392426901583,0.203671072863646,0.490845859050751,353.563262939453
Yunnan,27,1.8371000289917,1042,89.4047393798828,1312,0.0414938965274204,0.0255717391345999,0.0642392426901583,0.203671072863646,0.490845859050751,353.563262939453
Yunnan,28,1.52373332977295,1330,86.7289505004883,1725,0.0414938965274204,0.0255717391345999,0.0642392426901583,0.203671072863646,0.490845859050751,353.563262939453
Yunnan,29,1.62648334503174,1318,86.3708343505859,1500,0.0414938965274204,0.0255717391345999,0.0642392426901583,0.203671072863646,0.490845859050751,353.563262939453
Yunnan,41,1.91358337402344,1544,94.6136703491211,1200,0.0414938965274204,0.0255717391345999,0.0642392426901583,0.203671072863646,0.490845859050751,353.563262939453
Yunnan,42,2.06378326416016,1311,92.0584182739258,954,0.0414938965274204,0.0255717391345999,0.0642392426901583,0.203671072863646,0.490845859050751,353.563262939453
Yunnan,43,1.54140005111694,1024,80.4882278442383,2174,0.0414938965274204,0.0255717391345999,0.0642392426901583,0.203671072863646,0.490845859050751,353.563262939453
Yunnan,44,1.85151672363281,975,81.3774719238281,1576,0.0414938965274204,0.0255717391345999,0.0642392426901583,0.203671072863646,0.490845859050751,353.563262939453
Yunnan,45,1.62719993591309,901,83.6755065917969,1738,0.0414938965274204,0.0255717391345999,0.0642392426901583,0.203671072863646,0.490845859050751,353.563262939453
Yunnan,46,1.43461666107178,978,82.5772323608399,2015,0.0414938965274204,0.0255717391345999,0.0642392426901583,0.203671072863646,0.490845859050751,353.563262939453
Yunnan,47,1.78748340606689,1071,79.8638610839844,1175,0.0414938965274204,0.0255717391345999,0.0642392426901583,0.203671072863646,0.490845859050751,353.563262939453
Yunnan,61,1.4043833732605,1505,78.2870025634766,2121,0.0414938965274204,0.0255717391345999,0.0642392426901583,0.203671072863646,0.490845859050751,353.563262939453
Yunnan,62,1.4676833152771,1014,68.6969909667969,2140,0.0414938965274204,0.0255717391345999,0.0642392426901583,0.203671072863646,0.490845859050751,353.563262939453
Yunnan,63,1.70900001525879,865,72.5315933227539,1734,0.0414938965274204,0.0255717391345999,0.0642392426901583,0.203671072863646,0.490845859050751,353.563262939453
Yunnan,64,1.42799997329712,823,80.6758422851563,2237,0.0414938965274204,0.0255717391345999,0.0642392426901583,0.203671072863646,0.490845859050751,353.563262939453
Yunnan,65,1.62731666564941,803,85.8739242553711,1806,0.0414938965274204,0.0255717391345999,0.0642392426901583,0.203671072863646,0.490845859050751,353.563262939453
Yunnan,66,1.39715003967285,924,83.3880004882813,2113,0.0414938965274204,0.0255717391345999,0.0642392426901583,0.203671072863646,0.490845859050751,353.563262939453
Yunnan,67,1.33843336105347,1091,83.0361022949219,2056,0.0414938965274204,0.0255717391345999,0.0642392426901583,0.203671072863646,0.490845859050751,353.563262939453
Yunnan,82,1.10988330841064,987,61.1018028259277,2842,0.0414938965274204,0.0255717391345999,0.0642392426901583,0.203671072863646,0.490845859050751,353.563262939453
Yunnan,83,1.52963333129883,814,62.2214775085449,2156,0.0414938965274204,0.0255717391345999,0.0642392426901583,0.203671072863646,0.490845859050751,353.563262939453
Yunnan,84,1.57958335876465,766,82.2001113891602,2035,0.0414938965274204,0.0255717391345999,0.0642392426901583,0.203671072863646,0.490845859050751,353.563262939453
Yunnan,86,0.842966651916504,953,88.5317764282227,3166,0.0414938965274204,0.0255717391345999,0.0642392426901583,0.203671072863646,0.490845859050751,353.563262939453
Yunnan,87,1.28488330841064,1027,85.791748046875,2035,0.0414938965274204,0.0255717391345999,0.0642392426901583,0.203671072863646,0.490845859050751,353.563262939453
Yunnan,102,1.42664995193481,1143,60.725513458252,2033,0.0414938965274204,0.0255717391345999,0.0642392426901583,0.203671072863646,0.490845859050751,353.563262939453
Yunnan,103,0.321183347702026,830,69.058219909668,4094,0.0414938965274204,0.0255717391345999,0.0642392426901583,0.203671072863646,0.490845859050751,353.563262939453
Yunnan,106,1.59613332748413,876,87.5548248291016,1346,0.0414938965274204,0.0255717391345999,0.0642392426901583,0.203671072863646,0.490845859050751,353.563262939453
Yunnan,126,0.259066677093506,716,64.5649566650391,3822,0.0414938965274204,0.0255717391345999,0.0642392426901583,0.203671072863646,0.490845859050751,353.563262939453
Yunnan,127,0.303233337402344,721,76.5216217041016,3962,0.0414938965274204,0.0255717391345999,0.0642392426901583,0.203671072863646,0.490845859050751,353.563262939453
Yunnan,131,1.62456665039063,1014,77.3531112670899,726,0.0414938965274204,0.0255717391345999,0.0642392426901583,0.203671072863646,0.490845859050751,353.563262939453
Yunnan,155,0.0988666653633118,621,77.7739639282227,4223,0.0414938965274204,0.0255717391345999,0.0642392426901583,0.203671072863646,0.490845859050751,353.563262939453
Zhejiang,175,1.6867000579834,1604,52.1586227416992,342,0.0470920804650966,0.00238162562647969,0.0850920271159029,0.24517462933645,0.520628154277802,485.56640625
Zhejiang,176,1.76881656646729,1484,47.936336517334,16,0.0470920804650966,0.00238162562647969,0.0850920271159029,0.24517462933645,0.520628154277802,485.56640625
Zhejiang,208,1.60271663665771,1690,53.3853187561035,404,0.0470920804650966,0.00238162562647969,0.0850920271159029,0.24517462933645,0.520628154277802,485.56640625
Zhejiang,209,1.76323337554932,1446,48.6989707946777,71,0.0470920804650966,0.00238162562647969,0.0850920271159029,0.24517462933645,0.520628154277802,485.56640625
Zhejiang,210,1.60074996948242,1470,48.1918983459473,260,0.0470920804650966,0.00238162562647969,0.0850920271159029,0.24517462933645,0.520628154277802,485.56640625
Zhejiang,244,1.40515003204346,1604,50.4775085449219,573,0.0470920804650966,0.00238162562647969,0.0850920271159029,0.24517462933645,0.520628154277802,485.56640625
Zhejiang,245,1.51324996948242,1429,46.0403480529785,318,0.0470920804650966,0.00238162562647969,0.0850920271159029,0.24517462933645,0.520628154277802,485.56640625
Zhejiang,246,1.37259998321533,1474,47.5491943359375,664,0.0470920804650966,0.00238162562647969,0.0850920271159029,0.24517462933645,0.520628154277802,485.56640625
Zhejiang,281,1.62490005493164,1244,49.4057197570801,5,0.0470920804650966,0.00238162562647969,0.0850920271159029,0.24517462933645,0.520628154277802,485.56640625
