grid_id,province,centroid_lon,centroid_lat
1,Hainan,110.454769190569,8.17245606664609
2,Hainan,111.779680838859,16.2133034273503
3,Hainan,109.60533667869,18.204454268609
4,Hainan,108.700992916166,18.7053342290736
5,Hainan,109.163995387608,18.687035199996
6,Hainan,109.626816700456,18.6665817228839
7,Hainan,110.08943685774,18.6439745561633
8,Hainan,108.718344821681,19.1666362365132
9,Hainan,109.183513211545,19.1482878352263
10,Hainan,109.648497886506,19.1277792405822
11,Hainan,110.113278569001,19.1051112355302
12,Hainan,109.203214758433,19.6086340362969
13,Hainan,109.670383073947,19.5880688237472
14,Hainan,110.137344506538,19.5653383233864
15,Hainan,110.604078547605,19.5404434261112
16,Hainan,110.161637845629,20.024677648126
17,Hainan,110.630569911061,19.999712575123
18,Guangdong,110.186161821735,20.4831508915177
19,Guangdong,109.737291826785,20.9637076931051
20,Yunnan,101.654215393288,21.4759560770899
21,Guangxi,109.283911020116,21.4413895745384
22,Guangdong,110.235914936376,21.397585199025
23,Guangdong,110.711566683391,21.3723984263164
24,Guangdong,115.921720200388,20.9512234968948
25,Yunnan,100.20230824669,21.8759802435844
26,Yunnan,100.680702629659,21.8969192191051
27,Yunnan,101.159297801056,21.9156602041908
28,Yunnan,101.638071630729,21.9322023534063
29,Guangxi,107.389188170863,21.9590260336378
30,Guangxi,107.868256512553,21.9469514229039
31,Guangxi,108.347191283994,21.9326765611436
32,Guangxi,108.825970260395,21.9162020944954
33,Guangxi,109.304571260409,21.8975287675079
34,Guangxi,109.782972152257,21.8766574226126
35,Guangdong,110.261150859836,21.8535889995281
36,Guangdong,110.73908536877,21.8283245345948
37,Guangdong,111.216753732434,21.8008651600423
38,Guangdong,111.69413407792,21.771212103189
39,Guangdong,112.647943626779,21.7053303220289
40,Yunnan,99.69858560983,22.3080650866281
41,Yunnan,100.179065293259,22.3312741252932
42,Yunnan,100.659771088999,22.3522792663125
43,Yunnan,101.140680602636,22.371079538985
44,Yunnan,101.621771382537,22.3876740727746
45,Guangxi,106.919273993908,22.4244879543695
46,Guangxi,107.400776522914,22.4145828022677
47,Guangxi,107.882166116884,22.4024698906206
48,Guangxi,108.363420189049,22.3881497829351
49,Guangxi,108.844516190829,22.3716231445233
50,Guangxi,109.325431618146,22.3528907420328
51,Guangxi,109.806144017702,22.3319534429072
52,Guangxi,110.286630993233,22.3088122147748
53,Guangxi,110.766870211708,22.2834681247669
54,Guangdong,111.246839409496,22.2559223387678
55,Guangdong,111.726516398477,22.2261761205933
56,Guangdong,112.205879072104,22.1942308311032
57,Guangdong,112.684905411408,22.1600879272448
58,Guangdong,113.163573490941,22.1237489610292
59,Yunnan,99.6727860383199,22.7625264345636
60,Yunnan,100.155596216947,22.7858102822348
61,Yunnan,100.638635820903,22.8068832136771
62,Yunnan,101.121882129454,22.8257442296259
63,Yunnan,101.605312363241,22.8423924339358
64,Yunnan,102.088903690679,22.8568270342102
65,Yunnan,102.572633234387,22.869047342357
66,Yunnan,103.056478077661,22.8790527750716
67,Yunnan,103.540415270963,22.8868428542472
68,Yunnan,104.024421838442,22.8924172073102
69,Yunnan,104.50847478447,22.895775567482
70,Guangxi,106.928629787495,22.8793255607536
71,Guangxi,107.412477815309,22.8693882999943
72,Guangxi,107.896211249384,22.8572361475183
73,Guangxi,108.379807171907,22.8428696833979
74,Guangxi,108.863242704193,22.8262895925074
75,Guangxi,109.346495013148,22.8074966640414
76,Guangxi,109.829541317713,22.7864917909611
77,Guangxi,110.312358895253,22.7632759693679
78,Guangxi,110.794925087919,22.7378502978045
79,Guangdong,111.277217308962,22.7102159764856
80,Guangdong,111.759213048986,22.6803743064564
81,Guangdong,112.240889882163,22.6483266886822
82,Guangdong,112.722225472377,22.6140746230684
83,Guangdong,113.203197579313,22.5776197074112
84,Yunnan,99.161826833383,23.190671866717
85,Yunnan,99.6467343738432,23.2162493114744
86,Yunnan,100.131897704473,23.2396097844918
87,Yunnan,100.61729383844,23.260752151938
88,Yunnan,101.10289972233,23.2796753853974
89,Yunnan,101.588692242662,23.2963785625885
90,Yunnan,102.074648232437,23.3108608680092
91,Yunnan,102.560744477736,23.3231215935072
92,Yunnan,103.046957724341,23.3331601387752
93,Yunnan,103.533264684388,23.3409760117722
94,Yunnan,104.019642043055,23.3465688290667
95,Yunnan,104.506066465248,23.3499383161066
96,Yunnan,104.992514602322,23.3510843074107
97,Yunnan,105.478963098803,23.3500067466851
98,Guangxi,105.96538859911,23.3467056868624
99,Guangxi,106.451767754289,23.3411812900648
100,Guangxi,106.938077228729,23.3334338274904
101,Guangxi,107.424293706883,23.3234636792231
102,Guangxi,107.910393899959,23.3112713339665
103,Guangxi,108.396354552604,23.2968573887017
104,Guangxi,108.882152449558,23.2802225482689
105,Guangxi,109.367764422281,23.2613676248748
106,Guangxi,109.853167355547,23.2402935375238
107,Guangxi,110.338338193996,23.2170013113755
108,Guangxi,110.82325394865,23.1914920770286
109,Guangxi,111.307891703374,23.1637670697306
110,Guangdong,111.792228621295,23.1338276285162
111,Guangdong,112.276241951152,23.1016751952727
112,Guangdong,112.759909033597,23.0673113137357
113,Guangdong,113.243207307426,23.0307376284132
114,Guangdong,113.726114315741,22.9919558834416
115,Guangdong,114.208607712037,22.9509679213731
116,Guangdong,114.690665266219,22.9077756818957
117,Guangdong,115.17226487053,22.8623812004873
118,Yunnan,99.133147008786,23.6435914600375
119,Yunnan,99.6204269070214,23.6692546997464
120,Yunnan,100.107966377565,23.6926936382462
121,Yunnan,100.59574209604,23.7139071088871
122,Yunnan,101.083730669844,23.7328940534924
123,Yunnan,101.571908644817,23.7496535230966
124,Yunnan,102.060252511956,23.7641846786072
125,Yunnan,102.548738714173,23.7764867913898
126,Yunnan,103.037343653082,23.7865592437767
127,Yunnan,103.526043695817,23.7944015294986
128,Yunnan,104.014815181881,23.8000132540378
129,Yunnan,104.503634430005,23.8033941349042
130,Yunnan,104.992477745028,23.8045440018323
131,Yunnan,105.481321424793,23.8034627969009
132,Yunnan,105.970141767034,23.8001505745728
133,Guangxi,106.458915076272,23.7946075016573
134,Guangxi,106.947617670711,23.7868338571934
135,Guangxi,107.436225889108,23.7768300322545
136,Guangxi,107.924716097647,23.7645965296761
137,Guangxi,108.413064696778,23.7501339637031
138,Guangxi,108.90124812804,23.7334430595623
139,Guangxi,109.389242880852,23.7145246529551
140,Guangxi,109.877025499263,23.6933796894751
141,Guangxi,110.364572588678,23.6700092239484
142,Guangxi,110.851860822521,23.6444144196985
143,Guangxi,111.338866948862,23.6165965477363
144,Guangdong,111.825567796988,23.586556985875
145,Guangdong,112.311940283911,23.5542972177726
146,Guangdong,112.797961420819,23.5198188319004
147,Guangdong,113.283608319455,23.4831235204408
148,Guangdong,113.768858198431,23.444213078113
149,Guangdong,114.253688389458,23.4030894009298
150,Guangdong,114.738076343506,23.3597544848852
151,Guangdong,115.22199963687,23.3142104245745
152,Guangdong,115.705435977155,23.2664594117471
153,Guangdong,116.188363209168,23.2165037337952
154,Yunnan,97.6369738991986,24.0051820579091
155,Yunnan,99.1041843487823,24.0958124542544
156,Yunnan,99.5938598554152,24.1215635284603
157,Yunnan,100.083798791352,24.1450827974538
158,Yunnan,100.573977488052,24.1663690610689
159,Yunnan,101.064372207049,24.1854212307345
160,Yunnan,101.55495914679,24.2022383302322
161,Yunnan,102.045714449512,24.2168194963748
162,Yunnan,102.536614208171,24.2291639796077
163,Yunnan,103.02763447339,24.239271144531
164,Yunnan,103.518751260456,24.2471404703424
165,Yunnan,104.009940556333,24.2527715511997
166,Yunnan,104.501178326694,24.2561640965044
167,Yunnan,104.992440522976,24.2573179311043
168,Guangxi,105.48370308944,24.2562329954156
169,Guangxi,105.974941970239,24.2529093454643
170,Guangxi,106.466133116483,24.2473471528476
171,Guangxi,106.957252493304,24.2395467046134
172,Guangxi,107.448276086903,24.2295084030611
173,Guangxi,107.939179911591,24.21723276546
174,Guangxi,108.429940016802,24.2027204236896
175,Guangxi,108.920532494081,24.1859721237986
176,Guangxi,109.410933484047,24.1669887254856
177,Guangxi,109.901119183315,24.1457712015002
178,Guangxi,110.391065851374,24.1223206369666
179,Guangxi,110.880749817431,24.0966382286287
180,Guangxi,111.370147487188,24.0687252840185
181,Guangxi,111.859235349583,24.0385832205483
182,Guangdong,112.347989983448,24.0062135645274
183,Guangdong,112.836388064125,23.9716179501043
184,Guangdong,113.324406369996,23.9347981181351
185,Guangdong,113.812021788947,23.895755914979
186,Guangdong,114.299211324749,23.8544932912231
187,Guangdong,114.785952103365,23.8110123003357
188,Guangdong,115.272221379159,23.7653150972512
189,Guangdong,115.757996541021,23.7174039368862
190,Guangdong,116.243255118399,23.6672811725889
191,Guangdong,116.727974787226,23.6149492545239
192,Yunnan,97.6004936821615,24.4564099093272
193,Yunnan,98.0916430047748,24.4889608032969
194,Yunnan,98.5831312496336,24.5192765941207
195,Yunnan,99.0749346537327,24.5473557084923
196,Yunnan,99.5670293617188,24.5731966850858
197,Yunnan,100.059391432722,24.5967981755678
198,Yunnan,100.55199684725,24.6181589455318
199,Yunnan,101.044821514141,24.6372778753543
200,Yunnan,101.537841277565,24.6541539609726
201,Yunnan,102.031031924078,24.6687863145815
202,Yunnan,102.524369189717,24.6811741652513
203,Yunnan,103.017828767129,24.6913168594634
204,Yunnan,103.511386312737,24.6992138615654
205,Yunnan,104.005017453927,24.7048647541438
206,Yunnan,104.498697796266,24.7082692383149
207,Guangxi,104.992402930722,24.7094271339327
208,Guangxi,105.486108440911,24.7083383797144
209,Guizhou,105.979789910335,24.7050030332838
210,Guangxi,106.47342292963,24.6994212711299
211,Guangxi,106.966983103804,24.6915933884852
212,Guangxi,107.460446059464,24.6815197991191
213,Guangxi,107.953787452033,24.6692010350504
214,Guangxi,108.446982972936,24.6546377461765
215,Guangxi,108.940008356768,24.6378306998215
216,Guangxi,109.432839388423,24.6187807802025
217,Guangxi,109.925451910195,24.5974889878141
218,Guangxi,110.417821828825,24.5739564387348
219,Guangxi,110.909925122512,24.5481843638508
220,Guangxi,111.401737847863,24.520174108003
221,Guangxi,111.893236146792,24.4899271290544
222,Guangdong,112.384396253349,24.4574449968811
223,Guangdong,112.875194500491,24.4227293922856
224,Guangdong,113.365607326775,24.3857821058362
225,Guangdong,113.855611282978,24.34660503663
226,Guangdong,114.34518303863,24.3052001909847
227,Guangdong,114.83429938847,24.2615696810564
228,Guangdong,115.322937258808,24.2157157233875
229,Guangdong,115.811073713789,24.1676406373844
230,Guangdong,116.298685961569,24.1173468437273
231,Guangdong,116.785751360381,24.0648368627125
232,Fujian,117.272247424499,24.0101133125294
233,Fujian,117.758151830088,23.9531789074741
234,Yunnan,98.0572291634548,24.9396397211771
235,Yunnan,98.5511514613461,24.9700631145052
236,Yunnan,99.0453936405416,24.99824205078
237,Yunnan,99.5399314918998,25.0241750272416
238,Yunnan,100.03474071862,25.0478606573309
239,Yunnan,100.529796943307,25.0692976716488
240,Yunnan,101.025075715096,25.0884849188357
241,Yunnan,101.520552516829,25.1054213663705
242,Yunnan,102.016202772286,25.1201061012866
243,Yunnan,102.512001853452,25.1325383308059
244,Yunnan,103.007925087834,25.1427173828902
245,Yunnan,103.503947765797,25.1506427067079
246,Yunnan,104.000045147941,25.1563138730175
247,Yunnan,104.496192472494,25.1597305744659
248,Guizhou,104.992364962718,25.1608926258026
249,Guizhou,105.488537834337,25.1597999640085
250,Guizhou,105.984686302957,25.1564526483399
251,Guizhou,106.480785591499,25.1508508602869
252,Guangxi,106.976810937619,25.1429949034477
253,Guangxi,107.472737601118,25.1328852033167
254,Guangxi,107.968540871337,25.1205223069886
255,Guangxi,108.464196074527,25.1059068827783
256,Guangxi,108.959678581198,25.0890397197555
257,Guangxi,109.454963813426,25.069921727197
258,Guangxi,109.950027252127,25.0485539339551
259,Guangxi,110.444844444289,25.0249374877433
260,Guangxi,110.939391010148,24.9990736543408
261,Hunan,111.43364265032,24.9709638167151
262,Hunan,111.927575152859,24.9406094740647
263,Guangdong,112.421164400266,24.9080122407826
264,Guangdong,112.914386376419,24.8731738453407
265,Guangdong,113.407217173431,24.8360961290974
266,Guangdong,113.899632998431,24.7967810450283
267,Jiangxi,114.391610180254,24.7552306563823
268,Jiangxi,114.883125176054,24.7114471352631
269,Guangdong,115.374154577817,24.6654327611388
270,Guangdong,115.864675118773,24.6171899192795
271,Guangdong,116.354663679717,24.566721099125
272,Fujian,116.844097295217,24.5140288925844
273,Fujian,117.332953159718,24.4591159922684
274,Fujian,117.821208633522,24.4019851896559
275,Yunnan,98.5188517759761,25.4202112222474
276,Yunnan,99.0155569405762,25.4484922898601
277,Yunnan,99.5125622332846,25.4745193945417
278,Yunnan,100.009842994304,25.4982911106554
279,Yunnan,100.507374481213,25.519806133028
280,Yunnan,101.005131876262,25.5390632778543
281,Yunnan,101.503090293738,25.5560614835166
282,Yunnan,102.001224787369,25.5707998113219
283,Yunnan,102.499510357782,25.5832774461532
284,Yunnan,102.997921959994,25.5934936970356
285,Yunnan,103.496434510945,25.6014479976165
286,Yunnan,103.995022897053,25.6071399065596
287,Guizhou,104.493661981793,25.6105691078515
288,Guizhou,104.992326613301,25.611735411022
289,Guizhou,105.490991631979,25.6106387512763
290,Guizhou,105.989631878112,25.6072791895403
291,Guizhou,106.488222199481,25.6016569124181
292,Guizhou,106.98673745898,25.5937722320621
293,Guizhou,107.485152542206,25.583625585956
294,Guizhou,107.983442365046,25.5712175366104
295,Guizhou,108.481581881234,25.5565487711714
296,Guizhou,108.97954608988,25.5396201009438
297,Guangxi,109.477310042967,25.5204324608267
298,Guangxi,109.974848852808,25.498986908665
299,Guangxi,110.472137699452,25.4752846245156
300,Guangxi,110.969151838049,25.4493269098296
301,Hunan,111.465866606151,25.4211151865506
302,Hunan,111.962257430956,25.3906509961316
303,Hunan,112.458299836479,25.3579359984697
304,Guangdong,112.95396945066,25.3229719707599
305,Guangdong,113.449242012388,25.2857608062708
306,Guangdong,113.944093378448,25.2463045130403
307,Guangdong,114.438499530374,25.2046052124955
308,Jiangxi,114.932436581221,25.1606651379962
309,Jiangxi,115.425880782229,25.1144866333044
310,Fujian,115.9188085294,25.0660721509797
311,Fujian,116.411196369957,25.0154242507046
312,Fujian,116.903021008701,24.9625455975382
313,Fujian,117.394259314257,24.9074389601022
314,Fujian,117.884888325197,24.8501072087003
315,Fujian,118.374885256046,24.7905533133704
316,Yunnan,98.985420097523,25.8981272271013
317,Yunnan,99.4849174925851,25.9242506205463
318,Yunnan,99.9846945315447,25.9481103986095
319,Yunnan,100.484726099648,25.9697052195323
320,Yunnan,100.984987004907,25.9890338663256
321,Yunnan,101.485451985639,26.0060952476136
322,Yunnan,101.986095718068,26.0208883983899
323,Yunnan,102.486892823965,26.0334124806881
324,Yunnan,102.987817878329,26.043666784164
325,Yunnan,103.488845417114,26.0516507265888
326,Yunnan,103.989949944973,26.0573638542542
327,Guizhou,104.491105943035,26.0608058422883
328,Guizhou,104.992287876695,26.0619764948815
329,Guizhou,105.493470203418,26.0608757454225
330,Guizhou,105.994627380548,26.0575036565451
331,Guizhou,106.49573387312,26.0518604200846
332,Guizhou,106.996764161662,26.0439463569438
333,Guizhou,107.497692749988,26.0337619168701
334,Guizhou,107.998494172971,26.0213076781427
335,Guizhou,108.499143004295,26.0065843471699
336,Guizhou,108.999613864176,25.9895927579988
337,Guangxi,109.499881427047,25.9703338717353
338,Guangxi,109.999920429203,25.9488087758774
339,Guangxi,110.499705676397,25.9250186835603
340,Guangxi,110.999212051387,25.8989649327161
341,Hunan,111.49841452142,25.8706489851472
342,Hunan,111.997288145657,25.8400724255155
343,Hunan,112.495808082527,25.8072369602469
344,Hunan,112.993949597004,25.7721444163548
345,Hunan,113.491688067808,25.7347967401804
346,Jiangxi,113.988998994521,25.6951959960536
347,Jiangxi,114.485858004609,25.6533443648747
348,Jiangxi,114.982240860354,25.6092441426182
349,Jiangxi,115.478123465686,25.56289773876
350,Jiangxi,115.973481872909,25.5143076746306
351,Fujian,116.468292289316,25.4634765816943
352,Fujian,116.9625310837,25.410407199756
353,Fujian,117.456174792741,25.3551023750997
354,Fujian,117.949200127272,25.2975650585567
355,Fujian,118.441583978422,25.2377983035076
356,Fujian,118.93330342363,25.17580526382
357,Yunnan,98.9549785651796,26.3471676685323
358,Yunnan,99.4569930938663,26.3733895448376
359,Yunnan,99.9592915267671,26.3973393915314
360,Yunnan,100.461848369312,26.4190158294268
361,Yunnan,100.964638047726,26.4384176075853
362,Yunnan,101.467634916766,26.4555436041839
363,Sichuan,101.970813267505,26.4703928272939
364,Sichuan,102.47414733517,26.4829644155697
365,Sichuan,102.977611307026,26.4932576388478
366,Yunnan,103.481179330287,26.5012718986542
367,Yunnan,103.984825520069,26.507006728621
368,Yunnan,104.488523967358,26.5104617948117
369,Guizhou,104.992248747006,26.5116368959526
370,Guizhou,105.49597392573,26.5105319635741
371,Guizhou,105.999673570124,26.5071470620575
372,Guizhou,106.50332175467,26.5014823885908
373,Guizhou,107.006892569738,26.4935382730311
374,Guizhou,107.510360129581,26.4833151776749
375,Guizhou,108.01369858031,26.4708136969362
376,Guizhou,108.516882107836,26.4560345569329
377,Guizhou,109.019884945794,26.4389786149817
378,Hunan,109.522681383421,26.4196468590027
379,Hunan,110.025245773396,26.3980404068321
380,Hunan,110.527552539631,26.3741605054477
381,Hunan,111.029576185002,26.348008530103
382,Hunan,111.53129129903,26.3195859833758
383,Hunan,112.032672565486,26.2888944941277
384,Hunan,112.533694769928,26.2559358163787
385,Hunan,113.034332807167,26.220711828097
386,Hunan,113.534561688637,26.1832245299044
387,Hunan,114.034356549691,26.1434760436997
388,Jiangxi,114.533692656796,26.1014686112008
389,Jiangxi,115.032545414633,26.0572045924074
390,Jiangxi,115.530890373089,26.0106864639848
391,Jiangxi,116.028703234152,25.9619168175716
392,Fujian,116.525959858681,25.9108983580117
393,Fujian,117.022636273072,25.8576339015132
394,Fujian,117.51870867579,25.8021263737358
395,Fujian,118.014153443784,25.7443788078066
396,Fujian,118.508947138774,25.6843943422701
397,Fujian,119.003066513399,25.6221762189693
398,Fujian,119.496488517233,25.5577277808643
399,Yunnan,98.9242277051801,26.7956344370198
400,Yunnan,99.4287847764521,26.8219570252409
401,Yunnan,99.933630099143,26.8459989792908
402,Yunnan,100.438737791192,26.8677588816782
403,Yunnan,100.944081889306,26.8872354467194
404,Sichuan,101.449636356887,26.9044275214297
405,Sichuan,101.95537509202,26.9193340863246
406,Sichuan,102.46127193551,26.9319542561289
407,Yunnan,102.967300678967,26.9422872803925
408,Yunnan,103.473435072918,26.9503325440131
409,Guizhou,103.979648834966,26.9560895676643
410,Guizhou,104.485915657967,26.9595580081303
411,Guizhou,104.992209218221,26.9607376585448
412,Guizhou,105.498503183687,26.9596284485353
413,Guizhou,106.004771222199,26.9562304442725
414,Guizhou,106.510987009678,26.9505438484234
415,Guizhou,107.017124238347,26.942569000011
416,Guizhou,107.523156624925,26.932306374177
417,Guizhou,108.029057918807,26.9197565818513
418,Guizhou,108.534801910214,26.9049203693258
419,Guizhou,109.040362438317,26.8877986177352
420,Hunan,109.54571339932,26.8683923424436
421,Hunan,110.050828754493,26.8467026923387
422,Hunan,110.55568253817,26.8227309490333
423,Hunan,111.060248865672,26.7964785259762
424,Hunan,111.56450194118,26.7679469674722
425,Hunan,112.068416065538,26.7371379476123
426,Hunan,112.571965643974,26.7040532691165
427,Hunan,113.075125193753,26.6686948620886
428,Hunan,113.577869351736,26.6310647826851
429,Jiangxi,114.080172881848,26.5911652116998
430,Jiangxi,114.582010682458,26.5489984530647
431,Jiangxi,115.083357793644,26.5045669322693
432,Jiangxi,115.584189404367,26.4578731946999
433,Jiangxi,116.08448085952,26.4089199038994
434,Fujian,116.584207666868,26.3577098397509
435,Fujian,117.083345503869,26.3042458965856
436,Fujian,117.58187022436,26.2485310812174
437,Fujian,118.079757865123,26.1905685109056
438,Fujian,118.576984652317,26.1303614112477
439,Fujian,119.073527007765,26.0679131140051
440,Fujian,119.569361555104,26.0032270548617
441,Yunnan,98.8931627846501,27.2435483846103
442,Yunnan,99.4002881927669,27.2699739502137
443,Yunnan,99.9077062886198,27.2941100837197
444,Yunnan,100.41539079479,27.3159553284237
445,Yunnan,100.923315350531,27.3355083630695
446,Sichuan,101.431453519907,27.3527680027681
447,Sichuan,101.939778799976,27.3677331998216
448,Sichuan,102.448264629038,27.3804030444533
449,Yunnan,102.956884394924,27.390776765441
450,Yunnan,103.465611443325,27.3988537306555
451,Guizhou,103.974419086153,27.4046334475016
452,Guizhou,104.483280609932,27.4081155632618
453,Yunnan,104.992169284202,27.4092998653426
454,Guizhou,105.501058369947,27.4081862814235
455,Guizhou,106.009921128022,27.4047748795068
456,Guizhou,106.51873082758,27.3990658678706
457,Guizhou,107.027460754494,27.3910595949233
458,Guizhou,107.536084219772,27.3807565489599
459,Guizhou,108.044574567938,27.3681573578216
460,Guizhou,108.552905185402,27.3532627884571
461,Guizhou,109.061049508789,27.3360737463884
462,Hunan,109.568981033224,27.316591275079
463,Hunan,110.076673320587,27.2948165552076
464,Hunan,110.584100007696,27.2707509038469
465,Hunan,111.091234814447,27.2443957735476
466,Hunan,111.598051551881,27.2157527513303
467,Hunan,112.104524130185,27.1848235575853
468,Hunan,112.610626566611,27.1516100448811
469,Hunan,113.116332993317,27.1161141966835
470,Hunan,113.621617665115,27.0783381259863
471,Jiangxi,114.126454967131,27.0382840738558
472,Jiangxi,114.630819422358,26.9959544078878
473,Jiangxi,115.134685699111,26.9513516205832
474,Jiangxi,115.638028618364,26.9044783276393
475,Jiangxi,116.140823160977,26.8553372661607
476,Fujian,116.643044474804,26.8039312927927
477,Fujian,117.14466788167,26.7502633817751
478,Fujian,117.645668884223,26.6943366229231
479,Fujian,118.146023172647,26.636154219533
480,Fujian,118.645706631247,26.5757194862178
481,Fujian,119.144695344879,26.5130358466727
482,Tibet,92.2744004990177,27.1377993729204
483,Tibet,92.7778822559579,27.1940125219161
484,Tibet,93.281996654495,27.24795876986
485,Tibet,93.7867188451841,27.2996349383984
486,Yunnan,98.3523828440183,27.6621027671412
487,Yunnan,98.8617789737908,27.690930405057
488,Yunnan,99.3714989061115,27.717461251421
489,Yunnan,99.8815160538904,27.7416936712344
490,Yunnan,100.391803736281,27.7636261676338
491,Sichuan,100.902335186955,27.7832573829321
492,Sichuan,101.41308356244,27.8005860995641
493,Sichuan,101.924021950525,27.8156112409354
494,Sichuan,102.435123378716,27.8283318721728
495,Sichuan,102.946360822736,27.8387472007781
496,Sichuan,103.457707215073,27.8468565771817
497,Yunnan,103.96913545356,27.8526594951961
498,Yunnan,104.480618409978,27.8561555923712
499,Yunnan,104.992128938685,27.857344650247
500,Sichuan,105.503639885262,27.8562265945072
501,Sichuan,106.015124095151,27.8528014950306
502,Guizhou,106.526554422313,27.847069565843
503,Guizhou,107.037903737866,27.8390311649665
504,Guizhou,107.54914493871,27.8286867941694
505,Guizhou,108.06025095614,27.8160370986153
506,Guizhou,108.571194764421,27.8010828664113
507,Guizhou,109.081949389336,27.7838250280581
508,Hunan,109.592487916695,27.7642646557994
509,Hunan,110.102783500783,27.7424029628741
510,Hunan,110.612809372773,27.7182413026705
511,Hunan,111.122538849065,27.6917811677839
512,Hunan,111.63194533956,27.6630241889784
513,Hunan,112.141002355865,27.6319721340541
514,Hunan,112.649683519415,27.5986269066214
515,Hunan,113.157962569509,27.5629905447822
516,Jiangxi,113.665813371257,27.5250652197208
517,Jiangxi,114.173209923424,27.4848532342058
518,Jiangxi,114.68012636618,27.4423570210037
519,Jiangxi,115.186536988729,27.3975791412058
520,Jiangxi,115.692416236835,27.3505222824721
521,Jiangxi,116.197738720219,27.3011892571906
522,Jiangxi,116.702479219842,27.2495830005566
523,Fujian,117.206612695046,27.1957065685732
524,Fujian,117.71011429057,27.1395631359738
525,Fujian,118.212959343425,27.0811559940698
526,Fujian,118.715123389624,27.020488548526
527,Fujian,119.216582170766,26.9575643170635
528,Fujian,119.717311640466,26.8923869270954
529,Tibet,91.7038815844403,27.5237533392874
530,Tibet,92.2092209580762,27.5824600705033
531,Tibet,92.7152276688389,27.6388949559477
532,Tibet,93.2218767000088,27.6930546105915
533,Tibet,93.7291428375061,27.7449357690741
534,Tibet,94.2370006769217,27.794535287919
535,Tibet,94.7454246306943,27.8418501476731
536,Tibet,96.784263841132,28.0082070605816
537,Tibet,97.2951286623446,28.0440578134775
538,Yunnan,98.3180591317108,28.1088570356926
539,Yunnan,98.8300713433884,28.137801446556
540,Yunnan,99.3424123883698,28.1644399165239
541,Yunnan,99.8550552703001,28.1887707656706
542,Sichuan,100.367972896631,28.2107924559918
543,Sichuan,100.881138087108,28.2305035924772
544,Sichuan,101.394523582323,28.2479029240837
545,Sichuan,101.908102052339,28.2629893446095
546,Sichuan,102.421846105359,28.2757618934683
547,Sichuan,102.935728296454,28.2862197563614
548,Sichuan,103.44972113633,28.2943622658483
549,Yunnan,103.963797100131,28.3001889018143
550,Sichuan,104.477928636269,28.3036992918361
551,Sichuan,104.992088175279,28.3048932114425
552,Sichuan,105.506248138682,28.3037705842719
553,Guizhou,106.020380947866,28.3003314821264
554,Guizhou,106.534459032955,28.2945761249207
555,Guizhou,107.048454841679,28.2865048805285
556,Guizhou,107.562340848227,28.2761182645238
557,Guizhou,108.076089562078,28.2634169398197
558,Guizhou,108.589673536809,28.2484017162032
559,Guizhou,109.103065378857,28.2310735497682
560,Hunan,109.61623775625,28.2114335422459
561,Hunan,110.129163407282,28.1894829402345
562,Hunan,110.641815149134,28.1652231343277
563,Hunan,111.154165886432,28.1386556581445
564,Hunan,111.666188619735,28.1097821872598
565,Hunan,112.177856453946,28.0786045380383
566,Hunan,112.689142606645,28.0451246663714
567,Hunan,113.200020416327,28.0093446663207
568,Hunan,113.710463350549,27.9712667686667
569,Jiangxi,114.220445013973,27.9308933393664
570,Jiangxi,114.729939156305,27.8882268779205
571,Jiangxi,115.238919680121,27.8432700156523
572,Jiangxi,115.74736064857,27.7960255138991
573,Jiangxi,116.255236292958,27.7464962621194
574,Jiangxi,116.762521020202,27.6946852759165
575,Fujian,117.26918942015,27.6405956949815
576,Fujian,117.775216272757,27.5842307809566
577,Fujian,118.280576555128,27.5255939152218
578,Fujian,118.7852454484,27.4646885966073
579,Fujian,119.28919834448,27.4015184390323
580,Zhejiang,119.792410852628,27.3360871690741
581,Tibet,89.1071365065157,27.6388572789205
582,Tibet,91.1283185948682,27.9064217126194
583,Tibet,91.6354949434725,27.967640161455
584,Tibet,92.1433740459629,28.0265819426599
585,Tibet,92.651930728415,28.0832434583705
586,Tibet,93.16113960747,28.1376212312589
587,Tibet,93.6709750973802,28.1897119068886
588,Tibet,94.1814114172068,28.2395122559942
589,Tibet,94.6924225981677,28.2870191766816
590,Tibet,95.2039824911292,28.3322296965478
591,Tibet,95.7160647742367,28.3751409747171
592,Tibet,96.2286429606792,28.4157503037925
593,Tibet,96.7416904065829,28.4540551117202
594,Tibet,97.2551803190265,28.4900529635639
595,Tibet,97.769085764175,28.5237415631896
596,Tibet,98.2833796755234,28.5551187548564
597,Yunnan,98.7980348622462,28.5841825247135
598,Sichuan,99.313024017645,28.6109310022018
599,Yunnan,99.8283197276892,28.6353624613566
600,Sichuan,100.343894479642,28.6574753220127
601,Sichuan,100.859720670765,28.6772681509088
602,Sichuan,101.375770617096,28.6947396626904
603,Sichuan,101.892016562292,28.7098887208109
604,Sichuan,102.408430686531,28.7227143383285
605,Sichuan,102.924985115463,28.7332156785992
606,Sichuan,103.441651929207,28.7413920558648
607,Sichuan,103.958403171386,28.747242935735
608,Sichuan,104.475210858188,28.7507679355633
609,Sichuan,104.992046987455,28.7519668247164
610,Sichuan,105.508883547779,28.7508395247367
611,Sichuan,106.025692527611,28.747386109397
612,Guizhou,106.542445924372,28.7416068046495
613,Guizhou,107.05911575355,28.7335019884656
614,Guizhou,107.575674057789,28.7230721905707
615,Guizhou,108.09209291595,28.7103180920714
616,Chongqing,108.608344452147,28.6952405249762
617,Chongqing,109.124400844745,28.6778404716112
618,Hunan,109.640234335317,28.6581190639304
619,Hunan,110.155817237538,28.6360775827213
620,Hunan,110.671121946041,28.6117174567079
621,Hunan,111.186120945188,28.5850402615503
622,Hunan,111.700786817782,28.5560477187434
623,Hunan,112.215092253694,28.5247416944157
624,Hunan,112.729010058405,28.4911241980283
625,Hunan,113.242513161459,28.4551973809771
626,Hunan,113.755574624816,28.4169635350988
627,Jiangxi,114.268167651094,28.3764250910826
628,Jiangxi,114.780265591713,28.3335846167886
629,Jiangxi,115.291841954911,28.2884448154758
630,Jiangxi,115.802870413638,28.2410085239405
631,Jiangxi,116.313324813332,28.1912787105681
632,Jiangxi,116.823179179548,28.1392584732987
633,Jiangxi,117.332407725455,28.0849510375102
634,Jiangxi,117.840984859191,28.0283597538203
635,Fujian,118.348885191062,27.9694880958098
636,Zhejiang,118.856083540595,27.9083396576685
637,Zhejiang,119.362554943428,27.844918151768
638,Zhejiang,119.86827465804,27.7792274061618
639,Zhejiang,120.373218172315,27.7112713620161
640,Tibet,87.5106394127674,27.8556163289479
641,Tibet,88.014679118135,27.9329663705602
642,Tibet,89.0253920361984,28.0808937950073
643,Tibet,89.5320172861452,28.1514623067062
644,Tibet,90.0394559934375,28.2197616148748
645,Tibet,90.5476835437125,28.2857875546033
646,Tibet,91.0566750806615,28.3495360743091
647,Tibet,91.5664055125606,28.4110032384499
648,Tibet,92.0768495189779,28.4701852301676
649,Tibet,92.5879815576522,28.5270783538623
650,Tibet,93.0997758715401,28.5816790376917
651,Tibet,93.6122064960268,28.6339838359956
652,Tibet,94.1252472662951,28.683989431641
653,Tibet,94.63887182485,28.7316926382876
654,Tibet,95.153053629192,28.7770904025694
655,Tibet,95.6677659596341,28.8201798061911
656,Tibet,96.1829819272583,28.8609580679381
657,Tibet,96.6986744820049,28.8994225455954
658,Tibet,97.214816420889,28.9355707377761
659,Tibet,97.7313803963384,28.969400285656
660,Tibet,98.2483389246471,29.0009089746129
661,Tibet,98.7656643945368,29.030094735769
662,Sichuan,99.2833290758215,29.0569556474342
663,Sichuan,99.8013051281678,29.0814899364493
664,Sichuan,100.319564609943,29.1036959794276
665,Sichuan,100.838079487148,29.1235723038927
666,Sichuan,101.356821642422,29.1411175893132
667,Sichuan,101.875762884113,29.15633066803
668,Sichuan,102.394874955421,29.1692105260787
669,Sichuan,102.914129543575,29.179756303904
670,Sichuan,103.433498289075,29.1879672969651
671,Sichuan,103.952952794957,29.1938429562337
672,Sichuan,104.472464636101,29.1973828885805
673,Sichuan,104.992005368552,29.1985868570538
674,Sichuan,105.511546538861,29.1974547810462
675,Chongqing,106.031059693439,29.193986736352
676,Chongqing,106.550516387898,29.1881829551134
677,Chongqing,107.069888196399,29.1800438256566
678,Chongqing,107.589146720973,29.1695698922175
679,Chongqing,108.108263600828,29.1567618545576
680,Chongqing,108.627210521618,29.1416205674702
681,Chongqing,109.145959224681,29.1241470401779
682,Hunan,109.664481516226,29.1043424356209
683,Hunan,110.18274927647,29.0822080696399
684,Hunan,110.700734468712,29.0577454100495
685,Hunan,111.218409148345,29.0309560756087
686,Hunan,111.735745471784,29.0018418348854
687,Hunan,112.252715705323,28.970404605018
688,Hunan,112.769292233894,28.9366464503757
689,Hunan,113.285447569737,28.9005695811178
690,Hunan,113.801154360963,28.8621763516544
691,Jiangxi,114.316385400014,28.8214692590106
692,Jiangxi,114.831113631999,28.7784509410938
693,Jiangxi,115.34531216292,28.7331241748695
694,Jiangxi,115.858954267764,28.6854918744433
695,Jiangxi,116.372013398458,28.6355570890555
696,Jiangxi,116.884463191701,28.583323000986
697,Jiangxi,117.396277476632,28.5287929233759
698,Jiangxi,117.907430282364,28.4719702979646
699,Jiangxi,118.417895845358,28.4128586927467
700,Zhejiang,118.927648616635,28.3514617995506
701,Zhejiang,119.436663268835,28.2877834315404
702,Zhejiang,119.944914703093,28.221827520645
703,Zhejiang,120.452378055757,28.1535981149158
704,Zhejiang,120.959028704924,28.0830993758161
705,Tibet,85.9065786717598,28.0496865378641
706,Tibet,86.4102702581064,28.1341116730053
707,Tibet,86.9149320244469,28.2162872912413
708,Tibet,87.4205406227278,28.2962084794186
709,Tibet,87.9270724207681,28.3738704226436
710,Tibet,88.4345035077737,28.4492684074343
711,Tibet,88.9428097000544,28.5223978248192
712,Tibet,89.4519665469373,28.5932541733792
713,Tibet,89.9619493368768,28.6618330622309
714,Tibet,90.4727331037567,28.7281302139492
715,Tibet,90.9842926333817,28.7921414674242
716,Tibet,91.4966024701543,28.8538627806515
717,Tibet,92.0096369239342,28.913290233453
718,Tibet,92.5233700770761,28.9704200301245
719,Tibet,93.0377757916403,29.0252485020089
720,Tibet,93.5528277167745,29.0777721099908
721,Tibet,94.0684992962585,29.1279874469116
722,Tibet,94.5847637762103,29.1758912399013
723,Tibet,95.1015942129459,29.2214803526256
724,Tibet,95.618963480989,29.2647517874453
725,Tibet,96.1368442812242,29.3057026874852
726,Tibet,96.6552091491885,29.3443303386132
727,Tibet,97.1740304634941,29.3806321713221
728,Tibet,97.6932804543778,29.4146057625182
729,Tibet,98.2129312123691,29.4462488372105
730,Tibet,98.7329546970718,29.4755592700997
731,Sichuan,99.2533227460511,29.5025350870666
732,Sichuan,99.7740070838203,29.5271744665561
733,Sichuan,100.29497933092,29.5494757408577
734,Sichuan,100.816211013081,29.5694373972782
735,Sichuan,101.337673570468,29.5870580792083
736,Sichuan,101.85933836699,29.6023365870791
737,Sichuan,102.381176699674,29.6152718792103
738,Sichuan,102.903159808098,29.6258630725461
739,Sichuan,103.425258883867,29.6341094432806
740,Sichuan,103.947445080129,29.6400104273701
741,Sichuan,104.469689521126,29.6435656209331
742,Sichuan,104.991963311765,29.6447747805362
743,Chongqing,105.51423754721,29.6436378233673
744,Chongqing,106.036483322476,29.6401548272938
745,Chongqing,106.558671742029,29.6343260308079
746,Chongqing,107.080773929371,29.6261518328569
747,Chongqing,107.602761036619,29.6156327925608
748,Chongqing,108.124604254052,29.602769628816
749,Chongqing,108.64627481963,29.5875632197857
750,Hubei,109.167744028471,29.5700146022793
751,Hunan,109.688983242286,29.5501249710183
752,Hunan,110.209963898754,29.5278956777929
753,Hunan,110.730657520833,29.503328230508
754,Hunan,111.25103572601,29.4764242921205
755,Hunan,111.771070235461,29.4471856794692
756,Hunan,112.29073288314,29.4156143619984
757,Hunan,112.809995624759,29.3817124603761
758,Hunan,113.328830546689,29.34548224501
759,Hubei,113.847209874736,29.3069261344604
760,Jiangxi,114.365105982818,29.2660466937547
761,Jiangxi,114.882491401516,29.2228466326018
762,Jiangxi,115.399338826503,29.1773288035128
763,Jiangxi,115.915621126835,29.1294961998253
764,Jiangxi,116.431311353114,29.079351953637
765,Jiangxi,116.946382745499,29.0268993336489
766,Jiangxi,117.46080874157,28.9721417429212
767,Jiangxi,117.974562984041,28.9150827165438
768,Zhejiang,118.487619328309,28.8557259192241
769,Zhejiang,118.999951849842,28.7940751427941
770,Zhejiang,119.51153485139,28.7301343036406
771,Zhejiang,120.022342870036,28.6639074400585
772,Zhejiang,120.532350684054,28.5953987095337
773,Zhejiang,121.041533319595,28.5246123859541
774,Zhejiang,121.549866057185,28.4515528567542
775,Tibet,85.3029385543295,28.4017238031726
776,Tibet,85.8080945577487,28.4887430898391
777,Tibet,86.3142588596767,28.5735103208519
778,Tibet,86.8214080911261,28.6560203538267
779,Tibet,87.3295185864881,28.7362681438852
780,Tibet,87.8385663889475,28.8142487469452
781,Tibet,88.348527256108,28.889957322959
782,Tibet,88.8593766658241,28.9633891390983
783,Tibet,89.371089822239,29.0345395728822
784,Tibet,89.8836416620239,29.1034041152446
785,Tibet,90.3970068608172,29.1699783735404
786,Tibet,90.9111598398591,29.2342580744843
787,Tibet,91.4260747728183,29.2962390670221
788,Tibet,91.9417255928083,29.3559173251306
789,Tibet,92.4580859995874,29.4132889505429
790,Tibet,92.9751294669382,29.4683501753973
791,Tibet,93.4928292502244,29.5210973648061
792,Tibet,94.0111583941164,29.5715270193429
793,Tibet,94.5300897404841,29.6196357774441
794,Tibet,95.0495959364485,29.6654204177237
795,Tibet,95.56964944259,29.7088778611978
796,Tibet,96.0902225413034,29.7500051734178
797,Tibet,96.6112873452981,29.7887995665078
798,Tibet,97.1328158062335,29.8252584011062
799,Tibet,97.6547797234856,29.8593791882081
800,Tibet,98.1771507530373,29.891159590907
801,Tibet,98.6999004164858,29.9205974260333
802,Sichuan,99.2230001101595,29.9476906656887
803,Sichuan,99.7464211143388,29.9724374386739
804,Sichuan,100.270134602571,29.994836031808
805,Sichuan,100.794111651077,30.0148848911393
806,Sichuan,101.318323248232,30.0325826230444
807,Sichuan,101.842740304128,30.0479279952158
808,Sichuan,102.36733366019,30.0609199375356
809,Sichuan,102.892074098866,30.0715575428358
810,Sichuan,103.416932353347,30.0798400675426
811,Sichuan,103.941879117342,30.0857669322055
812,Sichuan,104.466885054883,30.0893377219096
813,Sichuan,104.991920810148,30.0905521865711
814,Sichuan,105.516957017313,30.0894102411151
815,Chongqing,106.041964310402,30.0859119655367
816,Chongqing,106.566913333139,30.0800576048435
817,Chongqing,107.091774748797,30.0718475688815
818,Chongqing,107.616519250027,30.0612824320431
819,Chongqing,108.141117568659,30.0483629328584
820,Hubei,108.665540485477,30.0330899734697
821,Hubei,109.18975883995,30.0154646189907
822,Hubei,109.71374353991,29.9954880967501
823,Hubei,110.237465571183,29.9731617954208
824,Hunan,110.760896007141,29.9484872640362
825,Hunan,111.284006018198,29.9214662108941
826,Hunan,111.806766881209,29.89210050235
827,Hubei,112.329149988794,29.8603921615006
828,Hubei,112.851126858557,29.8263433667589
829,Hubei,113.372669142211,29.7899564503244
830,Hubei,113.893748634587,29.7512338965464
831,Hubei,114.414337282524,29.710178340186
832,Hubei,114.934407193647,29.6667925645772
833,Jiangxi,115.453930645002,29.6210794996876
834,Jiangxi,115.972880091558,29.5730422200842
835,Jiangxi,116.491228174573,29.5226839428033
836,Jiangxi,117.008947729804,29.4700080251284
837,Jiangxi,117.526011795559,29.4150179622786
838,Jiangxi,118.042393620603,29.3577173850095
839,Zhejiang,118.558066671883,29.2981100571282
840,Zhejiang,119.073004642092,29.2361998729274
841,Zhejiang,119.587181457052,29.1719908545389
842,Zhejiang,120.100571282925,29.1054871492103
843,Zhejiang,120.613148533228,29.0366930265077
844,Zhejiang,121.12488787567,28.9656128754464
845,Zhejiang,121.635764238793,28.892251201554
846,Tibet,84.6943756762562,28.7502577398235
847,Tibet,85.2009653678264,28.839888575398
848,Tibet,85.7086020949187,28.9272650275677
849,Tibet,86.2172624822827,29.0123817200952
850,Tibet,86.7269228453525,29.0952333733027
851,Tibet,87.2375591955482,29.1758148075003
852,Tibet,87.7491472457954,29.2541209463682
853,Tibet,88.2616624162624,29.3301468202849
854,Tibet,88.7750798403108,29.4038875696027
855,Tibet,89.2893743706596,29.475338447864
856,Tibet,89.8045205857576,29.5444948249577
857,Tibet,90.3204927963622,29.6113521902106
858,Tibet,90.8372650523212,29.675906155413
859,Tibet,91.3548111495538,29.7381524577737
860,Tibet,91.8731046372261,29.7980869628023
861,Tibet,92.3921188251189,29.8557056671156
862,Tibet,92.9118267911807,29.9110047011656
863,Tibet,93.4322013892638,29.9639803318852
864,Tibet,93.9532152570364,30.0146289652506
865,Tibet,94.4748408240666,30.0629471487559
866,Tibet,94.9970503200727,30.1089315737986
867,Tibet,95.5198157833342,30.1525790779722
868,Tibet,96.0431090692562,30.1938866472647
869,Tibet,96.5669018590831,30.2328514181595
870,Tibet,97.091165668754,30.269470679637
871,Tibet,97.615871857893,30.3037418750748
872,Tibet,98.1409916389278,30.3356626040432
873,Tibet,98.6664960863305,30.3652306239958
874,Sichuan,99.1923561459713,30.392443851852
875,Sichuan,99.7185426445802,30.4173003654691
876,Sichuan,100.245026299307,30.4397984050049
877,Sichuan,100.771777727374,30.4599363741655
878,Sichuan,101.298767455811,30.4777128413402
879,Sichuan,101.825965931266,30.49312654062
880,Sichuan,102.353343529884,30.5061763726998
881,Sichuan,102.880870567248,30.5168614056623
882,Sichuan,103.408517308366,30.5251808756437
883,Sichuan,103.936253977702,30.5311341873791
884,Sichuan,104.464050769247,30.5347209146284
885,Sichuan,104.991877856606,30.535940800481
886,Sichuan,105.51970540311,30.5347937575396
887,Sichuan,106.047503571937,30.531279867983
888,Sichuan,106.575242536224,30.5253993835071
889,Sichuan,107.102892489184,30.5171527251447
890,Chongqing,107.630423654194,30.5065404829646
891,Chongqing,108.157806294862,30.4935634156496
892,Hubei,108.685010725067,30.4782224499541
893,Hubei,109.212007318941,30.4605186800431
894,Hubei,109.738766520816,30.440453366711
895,Hubei,110.2652588551,30.4180279364835
896,Hubei,110.791454936094,30.3932439806028
897,Hubei,111.317325477728,30.3661032538959
898,Hubei,111.842841303217,30.33660767353
899,Hubei,112.367973354623,30.3047593176546
900,Hubei,112.89269270232,30.2705604239312
901,Hubei,113.416970554352,30.2340133879552
902,Hubei,113.940778265676,30.1951207615687
903,Hubei,114.464087347286,30.153885251067
904,Hubei,114.986869475205,30.1103097153033
905,Hubei,115.50909649935,30.0643971636886
906,Hubei,116.030740452241,30.0161507540948
907,Anhui,116.551773557581,29.965573790659
908,Anhui,117.072168238663,29.9126697214934
909,Anhui,117.591897126629,29.8574421363031
910,Anhui,118.110933068559,29.7998947639137
911,Anhui,118.629249135388,29.740031469712
912,Zhejiang,119.146818629651,29.6778562530027
913,Zhejiang,119.663615093033,29.6133732442827
914,Zhejiang,120.179612313754,29.5465867024374
915,Zhejiang,120.694784333739,29.4775010118603
916,Zhejiang,121.209105455617,29.4061206795004
917,Zhejiang,121.722550249496,29.332450331839
918,Tibet,84.5888672863386,29.1875268715058
919,Tibet,85.0979450933955,29.2775302454242
920,Tibet,85.6080859202585,29.3652715160726
921,Tibet,86.1192660785078,29.4507451642605
922,Tibet,86.6314615626979,29.5339457697788
923,Tibet,87.1446480557578,29.6148680149243
924,Tibet,87.6588009346167,29.6935066879755
925,Tibet,88.1738952760557,29.7698566866168
926,Tibet,88.6899058627797,29.8439130213059
927,Tibet,89.2068071897103,29.9156708185836
928,Tibet,89.7245734704942,29.9851253243212
929,Tibet,90.2431786442258,30.0522719069029
930,Tibet,90.7625963823791,30.11710606034
931,Tibet,91.2828000959467,30.1796234073136
932,Tibet,91.8037629427798,30.2398197021429
933,Tibet,92.325457835127,30.297690833676
934,Tibet,92.8478574473665,30.3532328281
935,Tibet,93.3709342239259,30.4064418516674
936,Tibet,93.894660387386,30.4573142133369
937,Tibet,94.4190079467622,30.5058463673237
938,Tibet,94.9439487059585,30.5520349155587
939,Tibet,95.4694542723873,30.5958766100523
940,Tibet,95.9954960657492,30.6373683551617
941,Tibet,96.522045326968,30.6765072097567
942,Tibet,97.0490731272704,30.7132903892855
943,Tibet,97.5765503774087,30.7477152677333
944,Tibet,98.1044478370139,30.7797793794761
945,Tibet,98.6327361240775,30.809480421024
946,Sichuan,99.161385724549,30.8368162526543
947,Sichuan,99.6903670020465,30.8617848999313
948,Sichuan,100.219650207669,30.8843845551113
949,Sichuan,100.749205489903,30.9046135784319
950,Sichuan,101.27900290462,30.9224704992822
951,Sichuan,101.809012425144,30.9379540172548
952,Sichuan,102.339203952401,30.9510630030773
953,Sichuan,102.869547325118,30.9617964994207
954,Sichuan,103.400012330086,30.9701537215878
955,Sichuan,103.930568712456,30.9761340580753
956,Sichuan,104.461186186085,30.9797370710141
957,Sichuan,104.991834443891,30.9809624964838
958,Sichuan,105.522483168246,30.9798102447023
959,Sichuan,106.053102041357,30.9762804000907
960,Sichuan,106.583660755666,30.9703732212126
961,Sichuan,107.114129024228,30.9620891405878
962,Sichuan,107.644476591079,30.9514287643816
963,Chongqing,108.174673241574,30.9383928719693
964,Chongqing,108.704688812688,30.9229824153761
965,Chongqing,109.23449320328,30.9051985185948
966,Chongqing,109.764056384296,30.8850424767789
967,Hubei,110.293348408915,30.8625157553164
968,Hubei,110.822339422623,30.8376199887809
969,Hubei,111.350999673214,30.8103569797649
970,Hubei,111.879299520697,30.7807286975945
971,Hubei,112.40720944711,30.7487372769278
972,Hubei,112.934700066238,30.7143850162383
973,Hubei,113.46174213321,30.6776743761858
974,Hubei,113.988306553988,30.6386079778759
975,Hubei,114.514364394722,30.5971886010104
976,Hubei,115.039886890977,30.5534191819306
977,Hubei,115.564845456818,30.5073028115562
978,Anhui,116.089211693747,30.4588427332213
979,Anhui,116.612957399493,30.4080423404111
980,Anhui,117.136054576632,30.3549051744006
981,Anhui,117.658475441048,30.2994349217984
982,Anhui,118.180192430218,30.241635411999
983,Anhui,118.701178211326,30.1815106145448
984,Zhejiang,119.221405689183,30.1190646364028
985,Zhejiang,119.740848013968,30.0543017191562
986,Zhejiang,120.259478588772,29.9872262361165
987,Zhejiang,120.777271076947,29.9178426893576
988,Zhejiang,121.294199409245,29.8461557066752
989,Zhejiang,121.810237790762,29.7721700384747
990,Tibet,83.4624262265297,29.4367295314391
991,Tibet,83.9717861691309,29.531635966336
992,Tibet,84.4822724558632,29.6242840414396
993,Tibet,84.9938617454527,29.7146678993998
994,Tibet,85.5065303613679,29.8027817769177
995,Tibet,86.020254296848,29.8886200084596
996,Tibet,86.5350092201676,29.9721770299271
997,Tibet,87.0507704801373,30.0534473822812
998,Tibet,87.5675131118393,30.132425715117
999,Tibet,88.085211842594,30.2091067901851
1000,Tibet,88.603841098157,30.2834854848574
1001,Tibet,89.123375009143,30.3555567955328
1002,Tibet,89.643787417674,30.4253158409794
1003,Tibet,90.1650518842483,30.4927578656122
1004,Tibet,90.6871416948272,30.5578782426988
1005,Tibet,91.2100298681351,30.6206724774941
1006,Tibet,91.7336891631689,30.681136210298
1007,Tibet,92.2580920869128,30.7392652194343
1008,Tibet,92.783210902253,30.7950554241461
1009,Tibet,93.3090176360882,30.848502887407
1010,Tibet,93.8354840876294,30.8996038186425
1011,Tibet,94.3625818368848,30.9483545763602
1012,Tibet,94.8902822533225,30.9947516706856
1013,Tibet,95.4185565047067,31.0387917658006
1014,Tibet,95.947375566099,31.0804716822814
1015,Tibet,96.4767102290195,31.1197883993336
1016,Tibet,97.0065311107609,31.1567390569235
1017,Tibet,97.5368086638473,31.191320957799
1018,Tibet,98.0675131856319,31.2235315694032
1019,Tibet,98.598614828025,31.2533685256734
1020,Sichuan,99.1300836073448,31.2808296287268
1021,Sichuan,99.6618894142836,31.3059128504298
1022,Sichuan,100.19400202398,31.3286163338484
1023,Sichuan,100.726391106191,31.3489383945788
1024,Sichuan,101.259026235553,31.366877521957
1025,Sichuan,101.791876901923,31.3824323801438
1026,Sichuan,102.3249125208,31.3956018090874
1027,Sichuan,102.858102443798,31.4063848253587
1028,Sichuan,103.391415969185,31.414780622861
1029,Sichuan,103.924822352463,31.4207885734118
1030,Sichuan,104.458290816985,31.424408227197
1031,Sichuan,104.991790564603,31.4256393130955
1032,Sichuan,105.52529078633,31.4244817388758
1033,Sichuan,106.058760673016,31.4209355912624
1034,Sichuan,106.592169426018,31.415001135873
1035,Sichuan,107.12548626787,31.4066788170267
1036,Sichuan,107.658680452927,31.3959692574227
1037,Chongqing,108.191721277981,31.3828732576903
1038,Chongqing,108.724578092848,31.3673917958111
1039,Chongqing,109.257220310903,31.3495260264131
1040,Chongqing,109.789617419561,31.3292772799391
1041,Hubei,110.321738990692,31.3066470616885
1042,Hubei,110.853554690975,31.2816370507355
1043,Hubei,111.385034292151,31.2542490987236
1044,Hubei,111.916147681206,31.2244852285389
1045,Hubei,112.446864870443,31.1923476328626
1046,Hubei,112.977156007452,31.1578386726062
1047,Hubei,113.506991384964,31.1209608752292
1048,Hubei,114.036341450585,31.0817169329426
1049,Hubei,114.565176816393,31.0401097008005
1050,Hubei,115.093468268408,30.9961421946808
1051,Hubei,115.621186775905,30.949817589158
1052,Anhui,116.148303500582,30.9011392152718
1053,Anhui,116.674789805569,30.8501105581914
1054,Anhui,117.200617264263,30.7967352547802
1055,Anhui,117.725757669001,30.7410170910634
1056,Anhui,118.250183039551,30.6829599996006
1057,Anhui,118.773865631415,30.6225680567665
1058,Zhejiang,119.296777943944,30.5598454799435
1059,Zhejiang,119.818892728264,30.4947966246278
1060,Zhejiang,120.340182994994,30.4274259814537
1061,Zhejiang,120.86062202176,30.3577381731378
1062,Zhejiang,121.380183360504,30.2857379513474
1063,Tibet,82.8390151926171,29.7746224983618
1064,Tibet,83.3497091808715,29.8721931040439
1065,Tibet,83.8615700721401,29.9675037247614
1066,Tibet,84.3745745666479,30.0605482561656
1067,Tibet,84.8886990161391,30.1513206863834
1068,Tibet,85.4039194287451,30.2398150998725
1069,Tibet,85.9202114740985,30.3260256812395
1070,Tibet,86.4375504886924,30.4099467190132
1071,Tibet,86.9559114814846,30.4915726093717
1072,Tibet,87.4752691397421,30.5708978598202
1073,Tibet,87.9955978351277,30.6479170928144
1074,Tibet,88.5168716300231,30.7226250493272
1075,Tibet,89.0390642840874,30.7950165923548
1076,Tibet,89.5621492610483,30.8650867103588
1077,Tibet,90.0860997357209,30.9328305206409
1078,Tibet,90.6108886012527,30.998243272646
1079,Tibet,91.1364884765898,31.0613203511919
1080,Tibet,91.6628717141595,31.1220572796204
1081,Tibet,92.1900104077656,31.1804497228672
1082,Tibet,92.7178764006915,31.2364934904477
1083,Tibet,93.2464412940058,31.2901845393552
1084,Tibet,93.7756764550641,31.3415189768675
1085,Tibet,94.3055530262029,31.3904930632599
1086,Tibet,94.8360419336184,31.4371032144211
1087,Tibet,95.3671138964236,31.481346004369
1088,Tibet,95.8987394358785,31.5232181676634
1089,Tibet,96.430888884785,31.562716601713
1090,Tibet,96.9635323970408,31.5998383689744
1091,Tibet,97.4966399573438,31.6345806990393
1092,Tibet,98.0301813910395,31.6669409906093
1093,Sichuan,98.5641263741051,31.6969168133537
1094,Sichuan,99.0984444432602,31.7245059096508
1095,Sichuan,99.6331050061968,31.7497061962072
1096,Sichuan,100.168077351921,31.772515765557
1097,Sichuan,100.703330661196,31.7929328874358
1098,Sichuan,101.23883401708,31.8109560100296
1099,Sichuan,101.774556415548,31.8265837610968
1100,Sichuan,102.310466776186,31.8398149489613
1101,Sichuan,102.846533952961,31.8506485633765
1102,Sichuan,103.382726745035,31.8590837762578
1103,Sichuan,103.919013907641,31.8651199422846
1104,Sichuan,104.455364162983,31.8687565993685
1105,Sichuan,104.991746211178,31.8699934689899
1106,Sichuan,105.528128741208,31.8688304564
1107,Sichuan,106.064480441887,31.8652676506902
1108,Sichuan,106.600770012824,31.8593053247267
1109,Sichuan,107.136966175383,31.850943934953
1110,Sichuan,107.673037683615,31.8401841210569
1111,Sichuan,108.208953335169,31.8270267055065
1112,Chongqing,108.744681982162,31.8114726929526
1113,Shaanxi,109.280192542003,31.7935232695
1114,Hubei,109.815454008153,31.7731798018475
1115,Hubei,110.350435460834,31.7504438362986
1116,Hubei,110.885106077642,31.7253170976439
1117,Hubei,111.419435144097,31.6978014879157
1118,Hubei,111.953392064084,31.6678990850178
1119,Hubei,112.486946370198,31.6356121412306
1120,Hubei,113.020067733979,31.6009430815948
1121,Hubei,113.552725976027,31.5638945021745
1122,Hubei,114.084891075987,31.5244691682022
1123,Hubei,114.616533182404,31.4826700121083
1124,Hubei,115.147622622431,31.4385001314369
1125,Anhui,115.678129911387,31.3919627866503
1126,Anhui,116.208025762159,31.3430613988253
1127,Anhui,116.737281094432,31.2917995472438
1128,Anhui,117.265867043758,31.2381809668797
1129,Anhui,117.793754970438,31.1822095457867
1130,Anhui,118.320916468219,31.1238893223879
1131,Anhui,118.847323372805,31.063224482672
1132,Anhui,119.372947770169,31.0002193572977
1133,Zhejiang,119.897762004659,30.934878418611
1134,Zhejiang,120.421738686905,30.8672062775777
1135,Zhejiang,120.944850701502,30.7972076806343
1136,Tibet,82.2106325749082,30.1089223812305
1137,Tibet,82.7226248466736,30.2091747948593
1138,Tibet,83.235825173342,30.3071658562626
1139,Tibet,83.7502103138231,30.4028892099987
1140,Tibet,84.2657566651734,30.4963385912972
1141,Tibet,84.7824402672875,30.5875078300595
1142,Tibet,85.300236807845,30.6763908548236
1143,Tibet,85.8191216275122,30.7629816966886
1144,Tibet,86.3390697253975,30.8472744931958
1145,Tibet,86.8600557647591,30.9292634921641
1146,Tibet,87.3820540789633,31.0089430554732
1147,Tibet,87.9050386776914,31.0863076627941
1148,Tibet,88.4289832533918,31.1613519152611
1149,Tibet,88.9538611879771,31.2340705390823
1150,Tibet,89.4796455597602,31.3044583890852
1151,Tibet,90.0063091506278,31.3725104521931
1152,Tibet,90.5338244534473,31.4382218508296
1153,Tibet,91.0621636797024,31.5015878462469
1154,Tibet,91.5912987673547,31.5626038417743
1155,Tibet,92.1212013889238,31.6212653859839
1156,Tibet,92.6518429597842,31.6775681757696
1157,Tibet,93.1831946466709,31.7315080593363
1158,Tibet,93.7152273763897,31.783081039096
1159,Tibet,94.2479118447259,31.8322832744662
1160,Tibet,94.7812185255446,31.8791110845705
1161,Tibet,95.3151176800768,31.9235609508341
1162,Qinghai,95.8495793663847,31.9656295194755
1163,Qinghai,96.3845734489971,32.0053136038875
1164,Qinghai,96.9200696087113,32.042610186908
1165,Tibet,97.4560373525492,32.0775164229756
1166,Tibet,97.9924460238643,32.1100296401689
1167,Sichuan,98.5292648125883,32.1401473421258
1168,Sichuan,99.0664627656101,32.1678672098415
1169,Sichuan,99.6040087972793,32.1931871033426
1170,Sichuan,100.141871700024,32.2161050632348
1171,Sichuan,100.680020155076,32.2366193121235
1172,Sichuan,101.218422743292,32.2547282559041
1173,Sichuan,101.757047956062,32.2704304849212
1174,Sichuan,102.295864206301,32.2837247749953
1175,Sichuan,102.8348398395,32.2946100883157
1176,Sichuan,103.373943144849,32.3030855741976
1177,Sichuan,103.9131423664,32.309150569704
1178,Sichuan,104.452405714272,32.3128046001302
1179,Sichuan,104.99170137589,32.314047379351
1180,Sichuan,105.530997527237,32.3128788100305
1181,Sichuan,106.070262344125,32.3092989836928
1182,Sichuan,106.609464013458,32.3033081806553
1183,Sichuan,107.14857074449,32.2949068698235
1184,Sichuan,107.687550780059,32.2840957083482
1185,Sichuan,108.2263724078,32.2708755411445
1186,Shaanxi,108.765003971307,32.2552474002749
1187,Shaanxi,109.303413881253,32.2372125041961
1188,Hubei,109.841570626449,32.2167722568698
1189,Hubei,110.379442784836,32.1939282467408
1190,Hubei,110.916999034393,32.1686822455815
1191,Hubei,111.454208163967,32.1410362072055
1192,Hubei,111.991039083996,32.1109922660512
1193,Hubei,112.527460837133,32.0785527356381
1194,Hubei,113.063442608752,32.043720106896
1195,Hubei,113.598953737331,32.0064970463717
1196,Henan,114.133963724704,31.9668863943123
1197,Henan,114.66844224617,31.9248911626305
1198,Henan,115.202359160457,31.8805145327518
1199,Henan,115.735684519527,31.8337598533481
1200,Anhui,116.268388578216,31.784630637959
1201,Anhui,116.800441803705,31.7331305625045
1202,Anhui,117.331814884814,31.6792634626912
1203,Anhui,117.862478741105,31.623033331317
1204,Anhui,118.392404531797,31.5644443154737
1205,Jiangsu,118.921563664486,31.5035007136549
1206,Jiangsu,119.449927803652,31.4402069727691
1207,Jiangsu,119.977468878967,31.3745676850641
1208,Jiangsu,120.504159093378,31.306587584963
1209,Jiangsu,121.029970930977,31.2362715458193
1210,Shanghai,121.554877164645,31.1636245765896
1211,Tibet,81.0652887014683,30.3343973062667
1212,Tibet,81.5772696148784,30.4396049432507
1213,Tibet,82.0905231043094,30.5425568256798
1214,Tibet,82.6050263847719,30.6432462586307
1215,Tibet,83.1207562916837,30.7416666316398
1216,Tibet,83.6376892851027,30.8378114228771
1217,Tibet,84.1558014542256,30.9316742032899
1218,Tibet,84.67506852215,31.0232486407158
1219,Tibet,85.195465850902,31.1125285039588
1220,Tibet,85.7169684467259,31.1995076668259
1221,Tibet,86.2395509656373,31.2841801121212
1222,Tibet,86.7631877192366,31.3665399355911
1223,Tibet,87.2878526807821,31.4465813498205
1224,Tibet,87.8135194915199,31.5242986880729
1225,Tibet,88.340161467269,31.5996864080722
1226,Tibet,88.8677516052582,31.6727390957222
1227,Tibet,89.3962625912114,31.7434514687599
1228,Tibet,89.9256668066795,31.8118183803383
1229,Tibet,90.4559363366128,31.8778348225358
1230,Tibet,90.9870429771716,31.941495929788
1231,Tibet,91.5189582437696,32.0027969822375
1232,Tibet,92.0516533793453,32.0617334089993
1233,Tibet,92.585099362857,32.1183007913375
1234,Tibet,93.1192669179952,32.1724948657492
1235,Tibet,93.6541265221062,32.2243115269534
1236,Tibet,94.1896484153224,32.2737468307801
1237,Tibet,94.7258026098907,32.3207969969571
1238,Qinghai,95.2625588996944,32.3654584117915
1239,Qinghai,95.7998868699598,32.4077276307408
1240,Qinghai,96.3377559071411,32.4476013808737
1241,Qinghai,96.8761352089759,32.4850765632147
1242,Tibet,97.4149937947034,32.5201502549716
1243,Sichuan,97.9543005154363,32.5528197116417
1244,Sichuan,98.4940240646804,32.5830823689957
1245,Sichuan,99.0341329889895,32.6109358449352
1246,Sichuan,99.5745956987507,32.6363779412234
1247,Qinghai,100.115380479089,32.6594066450845
1248,Qinghai,100.65645550088,32.680020130672
1249,Qinghai,101.197788831868,32.6982167604025
1250,Sichuan,101.739348447871,32.7139950861546
1251,Sichuan,102.281102244069,32.7273538503298
1252,Sichuan,102.823018046365,32.738291986776
1253,Sichuan,103.365063622805,32.7468086215701
1254,Sichuan,103.907206695055,32.7529030736612
1255,Gansu,104.449414949909,32.7565748553717
1256,Gansu,104.991656050843,32.7578236727559
1257,Sichuan,105.533897649575,32.7566494258175
1258,Sichuan,106.076107397645,32.7530522085821
1259,Shaanxi,106.618252957993,32.7470323090289
1260,Shaanxi,107.160302016525,32.7385902088779
1261,Shaanxi,107.702222293661,32.7277265832358
1262,Shaanxi,108.243981555848,32.7144423000986
1263,Shaanxi,108.785547627038,32.6987384197137
1264,Shaanxi,109.32688840011,32.6806161938005
1265,Shaanxi,109.86797184823,32.6600770646324
1266,Hubei,110.408766036147,32.6371226639789
1267,Hubei,110.949239131396,32.6117548119119
1268,Hubei,111.489359415421,32.5839755154756
1269,Henan,112.029095294591,32.5537869672226
1270,Henan,112.568415311107,32.5211915436176
1271,Henan,113.107288153794,32.486191803312
1272,Henan,113.645682668756,32.4487904852894
1273,Henan,114.183567869903,32.4089905068859
1274,Henan,114.720912949325,32.3667949616874
1275,Henan,115.257687287518,32.3222071173062
1276,Henan,115.793860463443,32.2752304130391
1277,Anhui,116.329402264416,32.2258684574116
1278,Anhui,116.864282695821,32.1741250256085
1279,Anhui,117.398471990636,32.1200040567968
1280,Anhui,117.931940618771,32.0635096513418
1281,Jiangsu,118.464659296199,32.0046460679212
1282,Jiangsu,118.996598993894,31.943417720539
1283,Jiangsu,119.52773094654,31.8798291754446
1284,Jiangsu,120.058026661042,31.8138851479591
1285,Jiangsu,120.587457924799,31.7455904992121
1286,Jiangsu,121.115996813756,31.674950232795
1287,Shanghai,121.643615700221,31.6019694913312
1288,Tibet,80.4257574934961,30.6587199174131
1289,Tibet,80.9389190361119,30.7666452509247
1290,Tibet,81.4533953569542,30.872314271204
1291,Tibet,81.969163779406,30.9757200269832
1292,Tibet,82.4862012338537,31.0768556490325
1293,Tibet,83.0044842617006,31.175714354474
1294,Tibet,83.5239890196548,31.2722894510697
1295,Tibet,84.0446912842902,31.3665743414821
1296,Tibet,84.5665664568807,31.4585625275026
1297,Tibet,85.0895895685083,31.5482476142447
1298,Tibet,85.6137352854423,31.6356233142971
1299,Tibet,86.1389779147916,31.7206834518336
1300,Tibet,86.6652914104255,31.8034219666755
1301,Tibet,87.1926493791636,31.8838329183026
1302,Tibet,87.7210250872318,31.9619104898086
1303,Tibet,88.2503914669821,32.0376489917977
1304,Tibet,88.7807211238729,32.111042866217
1305,Tibet,89.3119863437077,32.1820866901221
1306,Tibet,89.8441591001278,32.2507751793713
1307,Tibet,90.3772110623555,32.3171031922435
1308,Tibet,90.9111136031831,32.3810657329783
1309,Tibet,91.445837807204,32.442657955232
1310,Tibet,91.9813544792801,32.5018751654462
1311,Tibet,92.5176341532403,32.5587128261268
1312,Tibet,93.0546471008054,32.6131665590268
1313,Qinghai,93.5923633407314,32.6652321482322
1314,Qinghai,94.1307526481676,32.7149055431451
1315,Qinghai,94.6697845642204,32.7621828613619
1316,Qinghai,95.209428405717,32.8070603914421
1317,Qinghai,95.7496532751618,32.8495345955658
1318,Qinghai,96.2904280708774,32.8896021120749
1319,Qinghai,96.8317214973229,32.9272597578965
1320,Qinghai,97.3735020755802,32.9625045308444
1321,Sichuan,97.9157381540019,32.9953336117962
1322,Sichuan,98.4583979190097,33.0257443667444
1323,Sichuan,99.0014494060365,33.0537343487162
1324,Qinghai,99.5448605106013,33.0793012995628
1325,Qinghai,100.088598999509,33.1024431516134
1326,Qinghai,100.632632522163,33.1231580291933
1327,Sichuan,101.176928621987,33.1414442500035
1328,Sichuan,101.721454747936,33.1573003263602
1329,Sichuan,102.266178266095,33.1707249662925
1330,Sichuan,102.811066471353,33.1817170744972
1331,Sichuan,103.356086599141,33.1902757531487
1332,Sichuan,103.901205837217,33.1964003025637
1333,Gansu,104.446391337508,33.2000902217203
1334,Gansu,104.991610227969,33.2013452086286
1335,Gansu,105.536829624474,33.2001651605552
1336,Shaanxi,106.082016642714,33.1965501740993
1337,Shaanxi,106.627138410096,33.190500545121
1338,Shaanxi,107.17216207763,33.1820167685221
1339,Shaanxi,107.717054831796,33.1710995378788
1340,Shaanxi,108.261783906382,33.1577497449277
1341,Shaanxi,108.806316594271,33.1419684789061
1342,Shaanxi,109.350620259183,33.123757025746
1343,Hubei,109.894662347349,33.1031168671235
1344,Hubei,110.438410399113,33.0800496793659
1345,Hubei,110.981832060446,33.0545573322168
1346,Henan,111.524895094372,33.0266418874598
1347,Henan,112.067567392279,32.996305597406
1348,Henan,112.609816985129,32.9635509032428
1349,Henan,113.151612054533,32.9283804332498
1350,Henan,113.692920943698,32.8907970008821
1351,Henan,114.233712168232,32.850803602724
1352,Henan,114.773954426791,32.8084034163152
1353,Anhui,115.313616611578,32.7635997978532
1354,Anhui,115.852667818662,32.7163962797739
1355,Anhui,116.391077358123,32.6667965682134
1356,Anhui,116.92881476402,32.6148045403547
1357,Anhui,117.465849804156,32.5604242416617
1358,Anhui,118.002152489648,32.5036598830049
1359,Anhui,118.537693084295,32.4445158376807
1360,Jiangsu,119.072442113725,32.3829966383294
1361,Jiangsu,119.606370374328,32.3191069737548
1362,Jiangsu,120.13944894196,32.2528516856484
1363,Jiangsu,120.671649180422,32.1842357652234
1364,Jiangsu,121.202942749691,32.1132643497611
1365,Jiangsu,121.733301613924,32.0399427190737
1366,Tibet,79.7812731918013,30.9793572928579
1367,Tibet,80.2955750966727,31.0900176862728
1368,Tibet,80.8112345263985,31.198421505641
1369,Tibet,81.3282289319132,31.304561540055
1370,Tibet,81.8465353576688,31.4084306579742
1371,Tibet,82.3661304454128,31.510021811676
1372,Tibet,82.8869904382468,31.6093280416884
1373,Tibet,83.4090911849681,31.7063424811977
1374,Tibet,83.9324081446933,31.80105836043
1375,Tibet,84.4569163917649,31.8934690110001
1376,Tibet,84.9825906209404,31.9835678702258
1377,Tibet,85.5094051528628,32.0713484854023
1378,Tibet,86.0373339398124,32.1568045180333
1379,Tibet,86.5663505717372,32.239929748014
1380,Tibet,87.096428282562,32.320718077763
1381,Tibet,87.6275399567723,32.3991635362973
1382,Tibet,88.1596581362718,32.475260283248
1383,Tibet,88.6927550275096,32.5490026128109
1384,Tibet,89.2268025088753,32.620384957629
1385,Tibet,89.7617721383569,32.689401892602
1386,Tibet,90.2976351614585,32.7560481386195
1387,Tibet,90.8343625193728,32.8203185662118
1388,Tibet,91.3719248574048,32.8822081991177
1389,Qinghai,91.9102925336398,32.9417122177607
1390,Qinghai,92.4494356278522,32.9988259626347
1391,Qinghai,92.9893239506476,33.0535449375903
1392,Qinghai,93.5299270528336,33.1058648130215
1393,Qinghai,94.0712142350111,33.1557814289473
1394,Qinghai,94.6131545573806,33.2032907979851
1395,Qinghai,95.1557168497561,33.2483891082118
1396,Qinghai,95.6988697217776,33.2910727259095
1397,Qinghai,96.2425815733167,33.3313381981927
1398,Qinghai,96.7868206050655,33.3691822555129
1399,Qinghai,97.3315548293003,33.4046018140379
1400,Sichuan,97.8767520808127,33.4375939779036
1401,Sichuan,98.4223800279977,33.4681560413338
1402,Qinghai,98.96840618409,33.4962854906265
1403,Qinghai,99.5147979185396,33.521980006004
1404,Qinghai,100.061522468515,33.5452374633242
1405,Qinghai,100.608546950529,33.5660559356507
1406,Qinghai,101.155838372168,33.5844336946803
1407,Gansu,101.703363643923,33.6003692120249
1408,Gansu,102.25108959111,33.6138611603479
1409,Sichuan,102.798982965867,33.6249084143515
1410,Sichuan,103.347010459213,33.6335100516151
1411,Sichuan,103.895138713169,33.6396653532836
1412,Gansu,104.443334332922,33.6433738046034
1413,Gansu,104.99156389902,33.6446350953069
1414,Gansu,105.539793979591,33.6434491198447
1415,Gansu,106.087991142576,33.6398159774639
1416,Shaanxi,106.63612196796,33.6337359721344
1417,Shaanxi,107.184153059987,33.6252096123216
1418,Shaanxi,107.732051059364,33.6142376106066
1419,Shaanxi,108.279782655421,33.6008208831547
1420,Shaanxi,108.827314598235,33.5849605490315
1421,Shaanxi,109.37461371069,33.5666579293702
1422,Shaanxi,109.921646900478,33.5459145463873
1423,Shaanxi,110.468381172021,33.5227321222519
1424,Shaanxi,111.014783638303,33.4971125778081
1425,Henan,111.560821532606,33.4690580311514
1426,Henan,112.106462220136,33.4385707960637
1427,Henan,112.651673209533,33.4056533803055
1428,Henan,113.196422164248,33.370308483771
1429,Henan,113.740676913785,33.3325389965053
1430,Henan,114.284405464796,33.2923479965884
1431,Henan,114.827576012012,33.2497387478883
1432,Anhui,115.370156949016,33.2047146976849
1433,Anhui,115.912116878837,33.1572794741695
1434,Anhui,116.453424624358,33.1074368838212
1435,Anhui,116.99404923854,33.0551909086649
1436,Anhui,117.533960014438,33.0005457034134
1437,Anhui,118.073126495015,32.9435055924979
1438,Jiangsu,118.611518482741,32.8840750669893
1439,Anhui,119.149106048968,32.8222587814151
1440,Jiangsu,119.685859543082,32.7580615504752
1441,Jiangsu,120.22174960142,32.6914883456605
1442,Jiangsu,120.756747155939,32.6225442917779
1443,Tibet,79.131832980302,31.2962831795321
1444,Tibet,79.6472336418034,31.409695959677
1445,Tibet,80.1640351066572,31.5208522150367
1446,Tibet,80.6822149731415,31.629744471994
1447,Tibet,81.201750419506,31.736365333368
1448,Tibet,81.7226182074945,31.8407074830037
1449,Tibet,82.2447946861566,31.9427636903459
1450,Tibet,82.7682557959512,32.0425268149949
1451,Tibet,83.2929770731407,32.1399898112398
1452,Tibet,83.818933654478,32.2351457325636
1453,Tibet,84.346100282185,32.3279877361193
1454,Tibet,84.874451309224,32.4185090871688
1455,Tibet,85.4039607048599,32.5067031634843
1456,Tibet,85.934602060513,32.5925634597051
1457,Tibet,86.4663485959015,32.6760835916462
1458,Tibet,86.9991731654704,32.7572573005562
1459,Tibet,87.5330482651073,32.8360784573168
1460,Tibet,88.0679460391391,32.9125410665824
1461,Tibet,88.6038382876109,32.9866392708543
1462,Tibet,89.1406964738392,33.0583673544848
1463,Tibet,89.6784917322405,33.1277197476074
1464,Tibet,90.2171948764271,33.1946910299885
1465,Qinghai,90.7567764075683,33.2592759347964
1466,Qinghai,91.297206523011,33.3214693522837
1467,Qinghai,91.8384551251545,33.3812663333771
1468,Qinghai,92.3804918305752,33.4386620931731
1469,Qinghai,92.9232859793923,33.4936520143335
1470,Qinghai,93.4668066448718,33.5462316503772
1471,Qinghai,94.011022643259,33.5963967288646
1472,Qinghai,94.5559025438341,33.64414315447
1473,Qinghai,95.1014146791827,33.68946701194
1474,Qinghai,95.6475271556743,33.7323645689309
1475,Qinghai,96.1942078641392,33.7728322787256
1476,Qinghai,96.7414244907369,33.8108667828237
1477,Qinghai,97.2891445280059,33.8464649134019
1478,Sichuan,97.8373352860871,33.8796236956433
1479,Sichuan,98.3859639041106,33.9103403499302
1480,Qinghai,98.9349973617363,33.9386122938991
1481,Qinghai,99.4844024908389,33.964437144355
1482,Qinghai,100.034145987327,33.987812719042
1483,Qinghai,100.584194423086,34.0087370382685
1484,Gansu,101.134514258034,34.0272083263841
1485,Gansu,101.685071852279,34.0432250131068
1486,Gansu,102.235833478369,34.0567857346988
1487,Sichuan,102.786765333624,34.067889334989
1488,Gansu,103.337833552535,34.0765348662405
1489,Gansu,103.889004219218,34.0827215898632
1490,Gansu,104.440243379922,34.0864489769687
1491,Gansu,104.991517055566,34.0877167087687
1492,Gansu,105.542791254301,34.0865246768147
1493,Gansu,106.094031984085,34.0828729830798
1494,Shaanxi,106.645205265257,34.0767619398817
1495,Shaanxi,107.196277143099,34.0681920696481
1496,Shaanxi,107.747213700376,34.0571641045229
1497,Shaanxi,108.297981069841,34.043678985816
1498,Shaanxi,108.848545446695,34.0277378632963
1499,Shaanxi,109.398873100987,34.0093420943281
1500,Shaanxi,109.948930389949,33.9884932428533
1501,Shaanxi,110.498683770243,33.9651930782213
1502,Henan,111.04809981013,33.9394435738655
1503,Henan,111.597145201522,33.9112469058311
1504,Henan,112.145786771932,33.8806054511551
1505,Henan,112.693991496298,33.8475217860989
1506,Henan,113.241726508668,33.8119986842397
1507,Henan,113.788959113751,33.7740391144192
1508,Henan,114.335656798302,33.7336462385548
1509,Henan,114.881787242358,33.6908234093147
1510,Henan,115.427318330286,33.6455741676617
1511,Anhui,115.972218161662,33.5979022402662
1512,Anhui,116.516455061953,33.5478115367947
1513,Anhui,117.059997593001,33.4953061470743
1514,Anhui,117.602814563298,33.4403903381391
1515,Jiangsu,118.144875038054,33.383068551161
1516,Jiangsu,118.68614834903,33.3233453982686
1517,Jiangsu,119.226604104154,33.2612256592585
1518,Jiangsu,119.766212196892,33.1967142782031
1519,Jiangsu,120.304942815379,33.1298163599584
1520,Jiangsu,120.842766451305,33.060537166576
1521,Tibet,78.9938921568793,31.7256531233823
1522,Tibet,79.5117932179015,31.8395794102543
1523,Tibet,80.0311166449983,31.9512418048038
1524,Tibet,80.5518397705784,32.0606326411152
1525,Tibet,81.0739394966846,32.167744331238
1526,Tibet,81.5973922985399,32.2725693699026
1527,Tibet,82.1221742283937,32.3751003392221
1528,Tibet,82.6482609196675,32.4753299133764
1529,Tibet,83.1756275914023,32.5732508632739
1530,Tibet,83.7042490530081,32.668856061188
1531,Tibet,84.2340997093154,32.7621384853623
1532,Tibet,84.7651535659287,32.8530912245819
1533,Tibet,85.2973842348813,32.9417074827048
1534,Tibet,85.8307649405916,33.0279805831507
1535,Tibet,86.3652685261176,33.1119039733406
1536,Tibet,86.9008674597098,33.1934712290845
1537,Tibet,87.437533841659,33.2726760589119
1538,Tibet,87.9752394114378,33.3495123083407
1539,Tibet,88.5139555551313,33.4239739640787
1540,Tibet,89.0536533131555,33.4960551581559
1541,Tibet,89.5943033882578,33.56575017198
1542,Qinghai,90.1358761537971,33.6330534403124
1543,Qinghai,90.6783416622976,33.6979595551598
1544,Qinghai,91.2216696542722,33.7604632695758
1545,Qinghai,91.7658295673094,33.8205595013705
1546,Qinghai,92.3107905454197,33.8782433367207
1547,Qinghai,92.8565214486317,33.933510033679
1548,Qinghai,93.4029908628356,33.9863550255758
1549,Qinghai,93.9501671098643,34.0367739243108
1550,Qinghai,94.4980182578056,34.0847625235299
1551,Qinghai,95.0465121315378,34.1303168016831
1552,Qinghai,95.5956163234808,34.1734329249605
1553,Qinghai,96.1452982045541,34.2141072501011
1554,Qinghai,96.6955249353328,34.2523363270729
1555,Qinghai,97.2462634773931,34.2881169016185
1556,Qinghai,97.7974806048368,34.3214459176647
1557,Qinghai,98.3491429159866,34.3523205195924
1558,Qinghai,98.901216845241,34.3807380543632
1559,Qinghai,99.4536686750789,34.4066960735009
1560,Qinghai,100.006464548204,34.4301923349242
1561,Qinghai,100.559570479818,34.4512248046294
1562,Qinghai,101.112952370008,34.4697916582194
1563,Qinghai,101.666576016249,34.4858912822781
1564,Gansu,102.220407125989,34.4995222755873
1565,Gansu,102.77441132933,34.5106834501864
1566,Gansu,103.328554191772,34.5193738322701
1567,Gansu,103.882801227023,34.5255926629265
1568,Gansu,104.437117909853,34.5293393987123
1569,Gansu,104.991469688988,34.5306137120646
1570,Gansu,105.545822000025,34.5294154915497
1571,Gansu,106.100140278364,34.5257448419476
1572,Shaanxi,106.654389972133,34.5196020841727
1573,Shaanxi,107.208536555109,34.5109877550297
1574,Shaanxi,107.762545539609,34.4999026068071
1575,Shaanxi,108.316382489348,34.4863476067069
1576,Shaanxi,108.870013032249,34.4703239361117
1577,Shaanxi,109.423402873191,34.4518329896915
1578,Shaanxi,109.976517806688,34.4308763743491
1579,Henan,110.529323729485,34.4074559080083
1580,Henan,111.081786653055,34.3815736182443
1581,Henan,111.633872715993,34.3532317407588
1582,Henan,112.185548196296,34.3224327177029
1583,Henan,112.736779523505,34.2891791958479
1584,Henan,113.287533290723,34.2534740246098
1585,Henan,113.837776266465,34.2153202539257
1586,Henan,114.387475406365,34.1747211319889
1587,Henan,114.936597864704,34.1316801028438
1588,Henan,115.485111005761,34.0862008038437
1589,Henan,116.032982414975,34.0382870629759
1590,Henan,116.580179909907,33.9879428960554
1591,Anhui,117.126671551003,33.935172503794
1592,Anhui,117.672425652132,33.8799802687455
1593,Jiangsu,118.217410790906,33.8223707521325
1594,Jiangsu,118.761595818768,33.7623486905582
1595,Jiangsu,119.304949870846,33.6999189926082
1596,Jiangsu,119.847442375551,33.635086735344
1597,Jiangsu,120.389043063938,33.5678571606963
1598,Tibet,78.8545066606366,32.1545754406469
1599,Tibet,79.3749303556476,32.2690258414769
1600,Tibet,79.8967984131201,32.3812048506901
1601,Tibet,80.4200878963444,32.4911046054225
1602,Tibet,80.94477542761,32.5987173222948
1603,Tibet,81.4708371917739,32.704035302259
1604,Tibet,81.9982489401391,32.8070509354317
1605,Tibet,82.5269859946426,32.9077567059122
1606,Tibet,83.0570232523546,33.0061451965785
1607,Tibet,83.5883351902908,33.1022090938587
1608,Tibet,84.1208958705365,33.1959411924722
1609,Tibet,84.654678945683,33.2873344001372
1610,Tibet,85.1896576645767,33.3763817422388
1611,Tibet,85.7258048783783,33.463076366454
1612,Tibet,86.263093046933,33.5474115473279
1613,Tibet,86.8014942454478,33.6293806907978
1614,Tibet,87.3409801714755,33.7089773386587
1615,Tibet,87.8815221522022,33.7861951729673
1616,Tibet,88.4230911520352,33.8610280203774
1617,Tibet,88.9656577804878,33.9334698564043
1618,Tibet,89.5091923003582,34.0035148096122
1619,Qinghai,90.0536646361968,34.0711571657193
1620,Qinghai,90.5990443830584,34.1363913716168
1621,Qinghai,91.1453008155337,34.1992120392973
1622,Qinghai,91.6924028970544,34.2596139496867
1623,Qinghai,92.2403192894661,34.3175920563755
1624,Qinghai,92.7890183628631,34.3731414892466
1625,Qinghai,93.3384682056775,34.4262575579918
1626,Qinghai,93.8886366350162,34.4769357555159
1627,Qinghai,94.4394912072375,34.525171761222
1628,Qinghai,94.9909992287598,34.5709614441754
1629,Qinghai,95.5431277670943,34.6143008661399
1630,Qinghai,96.0958436620919,34.6551862844852
1631,Qinghai,96.6491135373968,34.6936141549598
1632,Qinghai,97.2029038120959,34.729581134326
1633,Qinghai,97.7571807125556,34.763084082854
1634,Qinghai,98.3119102844344,34.794120066672
1635,Qinghai,98.8670584048628,34.8226863599681
1636,Qinghai,99.4225907947779,34.8487804470417
1637,Qinghai,99.9784730314043,34.8724000242018
1638,Qinghai,100.534670560866,34.8935430015095
1639,Qinghai,101.091148710926,34.9122075043617
1640,Qinghai,101.647872703826,34.9283918749148
1641,Gansu,102.20480766924,34.9420946733454
1642,Gansu,102.761918657301,34.9533146789477
1643,Gansu,103.31917065171,34.9620508910636
1644,Gansu,103.876528582908,34.9683025298481
1645,Gansu,104.433957341291,34.9720690368639
1646,Gansu,104.991421790475,34.9733500755093
1647,Gansu,105.548886780571,34.9721455312755
1648,Gansu,106.106317161488,34.968455511834
1649,Shaanxi,106.663677796227,34.9622803469546
1650,Gansu,107.220933574163,34.9536205882526
1651,Shaanxi,107.778049424306,34.9424770087677
1652,Shaanxi,108.334990328521,34.9288506023724
1653,Shaanxi,108.891721334702,34.9127425830138
1654,Shaanxi,109.448207569879,34.8941543837872
1655,Shaanxi,110.004414253253,34.8730876558445
1656,Shanxi,110.560306709145,34.8495442671383
1657,Shanxi,111.115850379848,34.8235263010034
1658,Henan,111.671010838362,34.7950360545776
1659,Henan,112.225753801015,34.7640760370641
1660,Henan,112.780045139946,34.7306489678386
1661,Henan,113.333850895444,34.6947577744018
1662,Henan,113.887137288134,34.6564055901824
1663,Henan,114.439870730994,34.6155957521914
1664,Henan,114.992017841199,34.5723317985327
1665,Henan,115.543545451774,34.5266174657721
1666,Henan,116.094420623054,34.4784566861685
1667,Anhui,116.644610653941,34.427853584771
1668,Jiangsu,117.194083092937,34.3748124763859
1669,Jiangsu,117.742805748967,34.3193378624174
1670,Jiangsu,118.290746701957,34.2614344275853
1671,Jiangsu,118.83787431318,34.2011070365249
1672,Jiangsu,119.384157235357,34.1383607302738
1673,Jiangsu,119.929564422492,34.0732007226472
1674,Tibet,78.7136542349408,32.5830682198512
1675,Tibet,79.7610586819813,32.8107598535829
1676,Tibet,80.2869379011553,32.9211790706603
1677,Tibet,80.8142370533693,33.0293032160322
1678,Tibet,81.3429320292369,33.135124392036
1679,Tibet,81.8729982749266,33.2386347919554
1680,Tibet,82.4044107963913,33.3398267049754
1681,Tibet,82.9371441639188,33.4386925211192
1682,Tibet,83.4711725170064,33.5352247361593
1683,Tibet,84.0064695695572,33.6294159565002
1684,Tibet,84.5430086154008,33.7212589040279
1685,Tibet,85.0807625341363,33.8107464209198
1686,Tibet,85.6197037972972,33.8978714744118
1687,Tibet,86.1598044748374,33.9826271615171
1688,Tibet,86.7010362419365,34.0650067136916
1689,Tibet,87.2433703861215,34.1450035014409
1690,Tibet,87.7867778147034,34.2226110388646
1691,Tibet,88.3312290625256,34.2978229881314
1692,Tibet,88.8766943000199,34.3706331638822
1693,Tibet,89.4231433415666,34.4410355375537
1694,Qinghai,89.970545654155,34.5090242416191
1695,Qinghai,90.5188703663382,34.5745935737407
1696,Qinghai,91.0680862774784,34.6377380008291
1697,Qinghai,91.6181618672761,34.6984521630041
1698,Qinghai,92.1690653055767,34.7567308774527
1699,Qinghai,92.7207644624495,34.8125691421799
1700,Qinghai,93.2732269185306,34.8659621396459
1701,Qinghai,93.8264199756226,34.9169052402874
1702,Qinghai,94.3803106675444,34.9653940059169
1703,Qinghai,94.9348657712207,35.0114241929959
1704,Qinghai,95.4900518180047,35.0549917557785
1705,Qinghai,96.0458351052244,35.0960928493199
1706,Qinghai,96.6021817079414,35.1347238323476
1707,Qinghai,97.1590574909157,35.1708812699895
1708,Qinghai,97.7164281207629,35.204561936357
1709,Qinghai,98.2742590782965,35.2357628169782
1710,Qinghai,98.8325156710417,35.2644811110793
1711,Qinghai,99.3911630459126,35.2907142337092
1712,Qinghai,99.9501662020382,35.3144598177064
1713,Qinghai,100.509490003729,35.335715715504
1714,Qinghai,101.069099193571,35.3544800007709
1715,Qinghai,101.628958405631,35.3707509698873
1716,Qinghai,102.18903217877,35.3845271432507
1717,Gansu,102.749284970044,35.3958072664131
1718,Gansu,103.309681168185,35.4045903110463
1719,Gansu,103.870185107142,35.410875475733
1720,Gansu,104.43076107968,35.414662186585
1721,Gansu,104.991373351014,35.415950097686
1722,Gansu,105.551986172477,35.4147390913579
1723,Ningxia,106.112563795187,35.4110292782522
1724,Gansu,106.673070483731,35.4048209972644
1725,Gansu,107.233470529821,35.3961148152722
1726,Gansu,107.793728265937,35.3849115266989
1727,Gansu,108.353808078921,35.3712121529007
1728,Shaanxi,108.913674423525,35.3550179413798
1729,Shaanxi,109.473291835893,35.3363303648256
1730,Shaanxi,110.032624946963,35.3151511199823
1731,Shanxi,110.591638495783,35.2914821263482
1732,Shanxi,111.150297342722,35.2653255247051
1733,Shanxi,111.708566482565,35.2366836754824
1734,Henan,112.266411057487,35.2055591569572
1735,Henan,112.82379636988,35.1719547632923
1736,Henan,113.380687895037,35.135873502416
1737,Henan,113.93705129367,35.0973185937459
1738,Henan,114.492852424259,35.0562934657605
1739,Shandong,115.048057355214,35.01280175342
1740,Shandong,115.602632376847,34.9668472954433
1741,Shandong,116.156544013134,34.9184341314408
1742,Jiangsu,116.709759033274,34.8675664989098
1743,Shandong,117.262244463012,34.8142488300957
1744,Shandong,117.81396759574,34.7584857487223
1745,Shandong,118.364896003354,34.700282066596
1746,Jiangsu,118.914997546861,34.6396427800889
1747,Jiangsu,119.464240386727,34.5765730665046
1748,Tibet,79.6238752814373,33.2399254322143
1749,Tibet,80.1523678981918,33.3508748682749
1750,Tibet,80.6823027813919,33.459521055485
1751,Tibet,81.2136555234994,33.5658558925545
1752,Tibet,81.7464012613194,33.6698713709169
1753,Tibet,82.2805146802696,33.7715595798291
1754,Tibet,82.8159700189818,33.870912711453
1755,Tibet,83.3527410742375,33.9679230659126
1756,Tibet,83.8908012062377,34.062583056324
1757,Tibet,84.4301233442069,34.1548852137921
1758,Tibet,84.9706799923317,34.2448221923684
1759,Tibet,85.512443236032,34.3323867739666
1760,Tibet,86.0553847485655,34.4175718732287
1761,Tibet,86.5994757979615,34.500370542339
1762,Tibet,87.144687254284,34.5807759757778
1763,Tibet,87.6909895972205,34.6587815150124
1764,Tibet,88.2383529239938,34.7343806531181
1765,Tibet,88.7867469575929,34.8075670393249
1766,Tibet,89.3361410553194,34.8783344834846
1767,Qinghai,89.8865042176453,34.9466769604528
1768,Qinghai,90.4378050973762,35.0125886143803
1769,Qinghai,90.9900120091157,35.0760637629096
1770,Qinghai,91.5430929390247,35.137096901271
1771,Qinghai,92.097015554869,35.195682706272
1772,Qinghai,92.6517472163485,35.2518160401772
1773,Qinghai,93.2072549857019,35.3054919544719
1774,Qinghai,93.7635056385773,35.356705693506
1775,Qinghai,94.3204656751621,35.4054526980117
1776,Qinghai,94.8781013315635,35.4517286084929
1777,Qinghai,95.4363785914296,35.4955292684788
1778,Qinghai,95.9952631978038,35.5368507276402
1779,Qinghai,96.5547206651998,35.5756892447626
1780,Qinghai,97.1147162918906,35.6120412905722
1781,Qinghai,97.6752151723981,35.6459035504114
1782,Qinghai,98.2361822101741,35.6772729267606
1783,Qinghai,98.7975821304605,35.7061465416014
1784,Qinghai,99.359379493319,35.7325217386186
1785,Qinghai,99.9215387068159,35.7563960852389
1786,Qinghai,100.484024040353,35.7777673745015
1787,Qinghai,101.046799638128,35.7966336267594
1788,Qinghai,101.60982953272,35.8129930912087
1789,Qinghai,102.173077658775,35.8268442472434
1790,Qinghai,102.73650786679,35.8381858056337
1791,Gansu,103.300083936979,35.8470167095266
1792,Gansu,103.863769593203,35.8533361352671
1793,Gansu,104.427528516956,35.8571434930388
1794,Gansu,104.991324361391,35.8584384273223
1795,Ningxia,105.55512076538,35.8572208171729
1796,Ningxia,106.118881367576,35.8534907763137
1797,Ningxia,106.682569820483,35.8472486530482
1798,Gansu,107.246149804515,35.8384950299881
1799,Gansu,107.809585042019,35.8272307236006
1800,Gansu,108.372839311267,35.8134567835731
1801,Shaanxi,108.935876460386,35.797174491998
1802,Shaanxi,109.498660421226,35.7783853623773
1803,Shaanxi,110.061155223147,35.7570911384497
1804,Shanxi,110.623325006709,35.7332937928413
1805,Shanxi,111.185134037259,35.7069955255418
1806,Shanxi,111.746546718397,35.6781987622081
1807,Shanxi,112.307527605309,35.6469061522994
1808,Shanxi,112.868041417958,35.6131205670428
1809,Shanxi,113.428053054119,35.5768450972375
1810,Henan,113.987527602244,35.5380830508949
1811,Henan,114.546430354147,35.4968379507232
1812,Henan,115.104726817503,35.4531135314559
1813,Shandong,115.662382728141,35.4069137370299
1814,Shandong,116.219364062127,35.3582427176178
1815,Shandong,116.775637047623,35.3071048265154
1816,Shandong,117.33116817652,35.2535046168922
1817,Shandong,117.885924215819,35.1974468384063
1818,Shandong,118.439872218777,35.1389364336908
1819,Shandong,118.99297953578,35.0779785347131
1820,Tibet,78.9555849243773,33.5549265319215
1821,Tibet,79.4852255892943,33.6687203355763
1822,Tibet,80.0163555521745,33.7802109681484
1823,Tibet,80.5489505745552,33.8893900302857
1824,Tibet,81.0829859468088,33.9962492118713
1825,Tibet,81.6184364921084,34.100780297285
1826,Tibet,82.1552765707349,34.2029751706531
1827,Tibet,82.6934800847286,34.3028258210799
1828,Tibet,83.2330204828855,34.4003243478578
1829,Tibet,83.7738707661002,34.4954629656496
1830,Tibet,84.3160034930538,34.5882340096388
1831,Tibet,84.8593907862485,34.6786299406414
1832,Tibet,85.4040043383867,34.7666433501758
1833,Tibet,85.9498154190946,34.8522669654833
1834,Tibet,86.4967948819882,34.9354936544959
1835,Tibet,87.0449131720794,35.0163164307436
1836,Tibet,87.5941403335197,35.0947284581984
1837,Tibet,88.1444460176797,35.1707230560469
1838,Tibet,88.6957994915582,35.2442937033883
1839,Tibet,89.2481696465201,35.3154340438501
1840,Qinghai,89.8015250073554,35.3841378901176
1841,Qinghai,90.355833741657,35.4503992283714
1842,Qinghai,90.9110636695098,35.5142122226268
1843,Qinghai,91.4671822734863,35.5755712189704
1844,Qinghai,92.0241567089416,35.6344707496881
1845,Qinghai,92.5819538146014,35.6909055372798
1846,Qinghai,93.1405401234342,35.7448704983549
1847,Qinghai,93.6998818738024,35.7963607474042
1848,Qinghai,94.2599450208803,35.8453716004429
1849,Qinghai,94.8206952483344,35.8918985785193
1850,Qinghai,95.3820979802525,35.9359374110861
1851,Qinghai,95.9441183933155,35.9774840392279
1852,Qinghai,96.5067214291994,36.0165346187414
1853,Qinghai,97.0698718071987,36.0530855230643
1854,Qinghai,97.6335340370587,36.0871333460479
1855,Qinghai,98.1976724320067,36.1186749045707
1856,Qinghai,98.7622511219708,36.1477072409877
1857,Qinghai,99.3272340669725,36.1742276254146
1858,Qinghai,99.8925850706833,36.1982335578401
1859,Qinghai,100.458267794131,36.2197227700663
1860,Qinghai,101.024245769544,36.238693227473
1861,Qinghai,101.590482414319,36.2551431306033
1862,Qinghai,102.156941045103,36.2690709165691
1863,Qinghai,102.723584891968,36.280475260273
1864,Gansu,103.290377112677,36.2893550754463
1865,Gansu,103.857280807012,36.2957095155008
1866,Gansu,104.424259031167,36.2995379741931
1867,Gansu,104.991274812179,36.300840086101
1868,Ningxia,105.558291162386,36.2996157269102
1869,Ningxia,106.125271093904,36.2958650135121
1870,Gansu,106.692177633101,36.2895883039122
1871,Gansu,107.258973835059,36.2807861969487
1872,Gansu,107.825622798003,36.2694595318219
1873,Gansu,108.392087677699,36.255609387436
1874,Shaanxi,108.958331701779,36.2392370815528
1875,Shaanxi,109.524318184014,36.2203441697597
1876,Shaanxi,110.09001053849,36.198932444253
1877,Shanxi,110.655372293692,36.1750039324385
1878,Shanxi,111.220367106478,36.1485608953508
1879,Shanxi,111.784958775922,36.1196058258953
1880,Shanxi,112.349111257033,36.0881414469125
1881,Shanxi,112.912788674309,36.0541707090709
1882,Shanxi,113.475955335138,36.0176967885888
1883,Henan,114.038575743021,35.9787230847892
1884,Henan,114.600614610613,35.9372532174916
1885,Henan,115.162036872555,35.8932910242442
1886,Henan,115.72280769811,35.8468405573997
1887,Shandong,116.28289250357,35.7979060810398
1888,Shandong,116.842256964432,35.7464920677517
1889,Shandong,117.40086702734,35.6926031952622
1890,Shandong,117.958688921769,35.636244342932
1891,Shandong,118.515689171454,35.5774205881175
1892,Shandong,119.071834605547,35.5161372024024
1893,Tibet,78.8128078283568,33.9828089972628
1894,Tibet,79.3450865200471,34.0971634557049
1895,Tibet,79.8788780681199,34.2092064917202
1896,Tibet,80.4141579399693,34.3189294901244
1897,Tibet,80.950901119914,34.4263239265813
1898,Tibet,81.4890821131876,34.5313813730186
1899,Tibet,82.0286749502829,34.6340935030323
1900,Tibet,82.5696531916521,34.7344520972758
1901,Tibet,83.1119899327639,34.8324490488274
1902,Tibet,83.6556578095176,34.9280763685324
1903,Tibet,84.2006290040168,35.0213261903123
1904,Tibet,84.7468752506996,35.112190776438
1905,Tibet,85.294367842827,35.2006625227593
1906,Tibet,85.8430776393279,35.2867339638875
1907,Tibet,86.3929750719982,35.3703977783222
1908,Tibet,86.9440301530528,35.4516467935204
1909,Tibet,87.4962124830283,35.5304739908988
1910,Tibet,88.0494912590322,35.6068725107657
1911,Tibet,88.6038352833357,35.6808356571757
1912,Tibet,89.1592129723059,35.7523569027017
1913,Tibet,89.7155923656729,35.8214298931185
1914,Qinghai,90.2729411361263,35.8880484519922
1915,Qinghai,90.8312265992358,35.9522065851691
1916,Qinghai,91.3904157236894,36.0138984851604
1917,Qinghai,91.9504751418427,36.0731185354136
1918,Qinghai,92.5113711605725,36.1298613144693
1919,Qinghai,93.0730697724262,36.1841215999942
1920,Qinghai,93.6355366670592,36.2358943726873
1921,Qinghai,94.1987372429528,36.2851748200533
1922,Qinghai,94.7626366194004,36.3319583400379
1923,Qinghai,95.3271996487569,36.3762405445208
1924,Qinghai,95.8923909289367,36.41801726266
1925,Qinghai,96.4581748161534,36.4572845440851
1926,Qinghai,97.0245154378881,36.4940386619328
1927,Qinghai,97.5913767060763,36.5282761157221
1928,Qinghai,98.1587223305011,36.5599936340638
1929,Qinghai,98.7265158323808,36.5891881772009
1930,Qinghai,99.2947205581391,36.615856939377
1931,Qinghai,99.8632996933437,36.6399973510283
1932,Qinghai,100.432216276803,36.6616070807954
1933,Qinghai,101.001433214803,36.6806840373543
1934,Qinghai,101.570913295479,36.6972263710612
1935,Qinghai,102.140619203296,36.7112324754108
1936,Gansu,102.710513533639,36.7227009883046
1937,Gansu,103.280558807482,36.7316307931271
1938,Gansu,103.85071748614,36.7380210196311
1939,Gansu,104.420951986072,36.7418710446258
1940,Gansu,104.991224693734,36.7431804924718
1941,Ningxia,105.561497980456,36.7419492353786
1942,Ningxia,106.131734217339,36.7381773935065
1943,Gansu,106.701895790151,36.7318653348705
1944,Gansu,107.271945114206,36.7230136750493
1945,Gansu,107.841844649217,36.7116232766964
1946,Shaanxi,108.411556914103,36.6976952488569
1947,Shaanxi,108.981044501739,36.6812309460898
1948,Shaanxi,109.550270093631,36.6622319673965
1949,Shaanxi,110.119196474506,36.640700154959
1950,Shanxi,110.6877865468,36.616637592687
1951,Shanxi,111.256003345029,36.590046604579
1952,Shanxi,111.823810050034,36.5609297528971
1953,Shanxi,112.39117000308,36.5292898361607
1954,Shanxi,112.958046719798,36.4951298869593
1955,Shanxi,113.524403903965,36.4584531695909
1956,Hebei,114.090205461095,36.4192631775256
1957,Hebei,114.655415511837,36.3775636307016
1958,Hebei,115.219998405172,36.3333584726553
1959,Shandong,115.783918731383,36.2866518674904
1960,Shandong,116.347141334808,36.2374481966895
1961,Shandong,116.909631326341,36.1857520557743
1962,Shandong,117.47135409569,36.1315682508171
1963,Shandong,118.032275323374,36.0749017948101
1964,Shandong,118.592360992448,36.0157579038956
1965,Shandong,119.151577399945,35.9541419934646
1966,Shandong,119.709891168042,35.8900596741265
1967,Xinjiang,79.2034345132888,34.5252738408611
1968,Xinjiang,79.7399121797664,34.6378807255252
1969,Tibet,80.2779019174309,34.7481589586465
1970,Tibet,80.8173784005571,34.8560997960761
1971,Tibet,81.3583158120949,34.9616945916873
1972,Tibet,81.9006878480496,35.0649348029417
1973,Tibet,82.4444677222284,35.1658119964414
1974,Tibet,82.9896281713576,35.2643178534612
1975,Xinjiang,83.5361414605688,35.3604441754554
1976,Xinjiang,84.0839793892568,35.4541828895346
1977,Tibet,84.6331132973073,35.5455260539046
1978,Tibet,85.1835140716952,35.6344658632649
1979,Tibet,85.7351521534521,35.7209946541573
1980,Tibet,86.2879975450011,35.8051049102617
1981,Tibet,86.8420198178576,35.8867892676311
1982,Tibet,87.3971881206931,35.9660405198612
1983,Tibet,87.9534711877586,36.0428516231875
1984,Tibet,88.5108373476644,36.117215701504
1985,Tibet,89.0692545325123,36.1891260512988
1986,Xinjiang,89.628690287375,36.2585761464978
1987,Xinjiang,90.1891117801172,36.325559643214
1988,Xinjiang,90.750485811554,36.3900703843927
1989,Qinghai,91.3127788259381,36.4521024043494
1990,Qinghai,91.8759569217711,36.5116499331941
1991,Qinghai,92.4399858629302,36.5687074011339
1992,Qinghai,93.004831090102,36.6232694426521
1993,Qinghai,93.5704577325173,36.6753309005539
1994,Qinghai,94.1368306199742,36.7248868298769
1995,Qinghai,94.7039142951442,36.7719325016588
1996,Qinghai,95.2716730261481,36.8164634065575
1997,Qinghai,95.840070819393,36.8584752583191
1998,Qinghai,96.4090714326594,36.897963997088
1999,Qinghai,96.9786383884265,36.9349257925559
2000,Qinghai,97.5487349874248,36.9693570469432
2001,Qinghai,98.1193243224033,37.0012543978098
2002,Qinghai,98.6903692920988,37.0306147206908
2003,Qinghai,99.2618326153953,37.0574351315539
2004,Qinghai,99.8336768456593,37.0817129890735
2005,Qinghai,100.405864385238,37.1034458967191
2006,Qinghai,100.978357500106,37.1226317046552
2007,Qinghai,101.551118334648,37.139268511449
2008,Qinghai,102.124108926561,37.1533546655834
2009,Gansu,102.697291221863,37.164888766774
2010,Gansu,103.270627089995,37.1738696670869
2011,Gansu,103.844078338992,37.1802964718565
2012,Gansu,104.417606730727,37.1841685404011
2013,Ningxia,104.991173996191,37.1854854865363
2014,Ningxia,105.564741850809,37.1842471788838
2015,Ningxia,106.138272009771,37.1804537409773
2016,Ningxia,106.711726203359,37.1741055511632
2017,Ningxia,107.285066192267,37.1652032422972
2018,Shaanxi,107.858253782884,37.1537477012385
2019,Shaanxi,108.431250842533,37.1397400681389
2020,Shaanxi,109.00401931465,37.1231817355324
2021,Shaanxi,109.576521233886,37.1040743472227
2022,Shaanxi,110.14871874112,37.0824197969731
2023,Shanxi,110.720574098363,37.058220226999
2024,Shanxi,111.292049703547,37.0314780262657
2025,Shanxi,111.863108105172,37.0021958285956
2026,Shanxi,112.433712016815,36.9703765105845
2027,Shanxi,113.003824331466,36.9360231893336
2028,Shanxi,113.573408135692,36.8991392199975
2029,Hebei,114.142426723617,36.8597281931542
2030,Hebei,114.710843610694,36.8177939319996
2031,Hebei,115.27862254726,36.7733404893708
2032,Shandong,115.845727531876,36.7263721446027
2033,Shandong,116.412122824414,36.6768934002227
2034,Shandong,116.977772958908,36.6249089784876
2035,Shandong,117.542642756135,36.5704238177677
2036,Shandong,118.106697335929,36.5134430687836
2037,Shandong,118.669902129215,36.4539720907007
2038,Shandong,119.232222889753,36.3920164470867
2039,Shandong,119.793625705577,36.3275819017373
2040,Shandong,120.354077010137,36.2606744143765
2041,Xinjiang,78.5226183517181,34.8375599334936
2042,Xinjiang,79.0602455217817,34.953070709139
2043,Xinjiang,79.5994341376593,35.0662531351786
2044,Xinjiang,80.1401590675332,35.1770981478177
2045,Tibet,80.6823946716206,35.2855967772908
2046,Xinjiang,81.226114806209,35.3917401536027
2047,Xinjiang,81.7712928280684,35.4955195122625
2048,Xinjiang,82.317901599245,35.5969262000052
2049,Xinjiang,82.8659134922361,35.6959516804952
2050,Xinjiang,83.4153003955481,35.7925875400051
2051,Xinjiang,83.966033719639,35.886825493066
2052,Xinjiang,84.5180844032436,35.9786573880806
2053,Xinjiang,85.071422920083,36.0680752128961
2054,Xinjiang,85.6260192859561,36.1550711003276
2055,Xinjiang,86.1818430662123,36.2396373336285
2056,Xinjiang,86.7388633836034,36.3217663519004
2057,Xinjiang,87.2970489265114,36.4014507554355
2058,Xinjiang,87.8563679575502,36.4786833109877
2059,Xinjiang,88.4167883225366,36.5534569569622
2060,Xinjiang,88.9782774598268,36.6257648085215
2061,Xinjiang,89.5408024100134,36.6956001625976
2062,Xinjiang,90.1043298259776,36.7629565028073
2063,Xinjiang,90.6688259832908,36.8278275042613
2064,Qinghai,91.2342567909585,36.8902070382639
2065,Qinghai,91.8005878025002,36.9500891768942
2066,Qinghai,92.3677842273574,37.0074681974645
2067,Qinghai,92.9358109426214,37.0623385868504
2068,Qinghai,93.5046325050716,37.1146950456835
2069,Qinghai,94.0742131635169,37.1645324924057
2070,Qinghai,94.6445168714282,37.2118460671746
2071,Qinghai,95.2155072998538,37.256631135618
2072,Qinghai,95.7871478506046,37.2988832924308
2073,Qinghai,96.3594016697005,37.3385983648086
2074,Qinghai,96.9322316610645,37.3757724157142
2075,Qinghai,97.5056005004527,37.4104017469718
2076,Qinghai,98.0794706496081,37.4424829021834
2077,Qinghai,98.6538043706249,37.4720126694647
2078,Qinghai,99.2285637405099,37.4989880839957
2079,Qinghai,99.8037106659278,37.5234064303814
2080,Qinghai,100.379206898115,37.5452652448203
2081,Qinghai,100.95501404795,37.5645623170766
2082,Qinghai,101.531093601163,37.5812956922538
2083,Gansu,102.107406933671,37.5954636723658
2084,Gansu,102.683915327023,37.6070648177047
2085,Gansu,103.260579983946,37.6160979480015
2086,Gansu,103.837362043958,37.6225621433796
2087,Inner Mongolia,104.414222599058,37.6264567450979
2088,Inner Mongolia,104.991122709455,37.6277813560842
2089,Ningxia,105.568023419336,37.6265358412558
2090,Ningxia,106.144885772645,37.6227203276296
2091,Ningxia,106.721670828863,37.6163352042188
2092,Ningxia,107.298339678776,37.6073811217184
2093,Shaanxi,107.874853460206,37.5958589919784
2094,Shaanxi,108.4511733737,37.5817699872672
2095,Shaanxi,109.027260698149,37.5651155393246
2096,Shaanxi,109.603076806336,37.5458973382075
2097,Shaanxi,110.178583180382,37.5241173309283
2098,Shaanxi,110.753741427085,37.4997777198898
2099,Shanxi,111.328513293139,37.4728809611184
2100,Shanxi,111.9028606802,37.4434297622976
2101,Shanxi,112.476745659812,37.4114270806056
2102,Shanxi,113.050130488155,37.37687612036
2103,Shanxi,113.622977620613,37.3397803304737
2104,Hebei,114.195249726143,37.3001434017243
2105,Hebei,114.766909701437,37.2579692638431
2106,Hebei,115.337920684859,37.2132620824267
2107,Shandong,115.908246070147,37.166026255675
2108,Shandong,116.477849519863,37.1162664109636
2109,Shandong,117.046694978594,37.0639874012508
2110,Shandong,117.614746685869,37.0091943013293
2111,Shandong,118.181969188805,36.9518924039234
2112,Shandong,118.748327354454,36.8920872156415
2113,Shandong,119.313786381851,36.8297844527854
2114,Shandong,119.878311813757,36.7649900370257
2115,Shandong,120.441869548069,36.6977100909471
2116,Shandong,121.004425848916,36.6279509334702
2117,Xinjiang,78.375156803214,35.2644665178578
2118,Xinjiang,78.9154949991795,35.3805734625315
2119,Xinjiang,79.457419696885,35.4943433798416
2120,Xinjiang,80.0009054594231,35.6057669727916
2121,Xinjiang,80.5459263289198,35.7148350399768
2122,Xinjiang,81.0924558305873,35.821538481498
2123,Xinjiang,81.6404669771679,35.9258683048702
2124,Xinjiang,82.1899322737714,36.0278156309202
2125,Xinjiang,82.7408237231081,36.1273716996683
2126,Xinjiang,83.2931128311174,36.2245278761868
2127,Xinjiang,83.8467706129945,36.3192756564302
2128,Xinjiang,84.4017675996142,36.4116066730307
2129,Xinjiang,84.9580738443516,36.5015127010517
2130,Xinjiang,85.5156589303002,36.5889856636946
2131,Xinjiang,86.0744919778835,36.6740176379513
2132,Xinjiang,86.6345416528607,36.7566008601957
2133,Xinjiang,87.1957761747226,36.8367277317085
2134,Xinjiang,87.7581633254741,36.9143908241275
2135,Xinjiang,88.3216704588012,36.989582884818
2136,Xinjiang,88.8862645096166,37.0622968421556
2137,Xinjiang,89.4519120039796,37.1325258107154
2138,Xinjiang,90.0185790693855,37.2002630963605
2139,Xinjiang,90.5862314454164,37.265502201223
2140,Qinghai,91.1548344947496,37.328236828572
2141,Qinghai,91.7243532145133,37.3884608875608
2142,Qinghai,92.2947522479844,37.4461684978476
2143,Qinghai,92.8659958966179,37.501353994083
2144,Qinghai,93.4380481324,37.5540119302583
2145,Qinghai,94.0108726105154,37.6041370839091
2146,Qinghai,94.5844326823181,37.6517244601661
2147,Qinghai,95.1586914085956,37.6967692956504
2148,Qinghai,95.733611573115,37.7392670622049
2149,Qinghai,96.3091556964395,37.7792134704581
2150,Qinghai,96.8852860500036,37.8166044732138
2151,Qinghai,97.461964670433,37.8514362686633
2152,Qinghai,98.0391533740984,37.8837053034135
2153,Qinghai,98.6168137718876,37.913408275327
2154,Qinghai,99.1949072841829,37.9405421361711
2155,Qinghai,99.77339515603,37.9651040940693
2156,Qinghai,100.352238472483,37.987091615754
2157,Qinghai,100.931398174112,38.0065024286148
2158,Gansu,101.510835072653,38.0233345225409
2159,Gansu,102.090509866795,38.0375861515536
2160,Gansu,102.670383158078,38.0492558352272
2161,Gansu,103.250415466887,38.0583423598953
2162,Inner Mongolia,103.830567248538,38.0648447796409
2163,Inner Mongolia,104.410798909419,38.0687624170693
2164,Inner Mongolia,104.991070823194,38.0700948638621
2165,Inner Mongolia,105.571343347025,38.0688419811101
2166,Ningxia,106.151576837828,38.0650038994282
2167,Ningxia,106.731731668514,38.0585810188478
2168,Ningxia,107.311768244224,38.0495740084895
2169,Inner Mongolia,107.891647018525,38.0379838060169
2170,Inner Mongolia,108.471328509562,38.0238116168698
2171,Shaanxi,109.050773316137,38.0070589132815
2172,Shaanxi,109.62994213371,37.9877274330779
2173,Shaanxi,110.208795770304,37.9658191782645
2174,Shanxi,110.78729516229,37.9413364133994
2175,Shanxi,111.365401390043,37.9142816637581
2176,Shanxi,111.943075693454,37.8846577132906
2177,Shanxi,112.520279487284,37.8524676023758
2178,Shanxi,113.096974376332,37.8177146253755
2179,Shanxi,113.673122170424,37.7804023279917
2180,Hebei,114.24868489919,37.7405345044324
2181,Hebei,114.823624826622,37.6981151943885
2182,Hebei,115.397904465405,37.6531486798282
2183,Hebei,115.971486590999,37.6056394816124
2184,Shandong,116.544334255463,37.5555923559354
2185,Shandong,117.116410801008,37.5030122905997
2186,Shandong,117.687679873274,37.4479045011251
2187,Shandong,118.258105434308,37.3902744267025
2188,Shandong,118.827651775238,37.3301277259948
2189,Shandong,119.963965680579,37.2023081515362
2190,Shandong,120.530663582307,37.1346476526866
2191,Shandong,121.096342961643,37.064495267995
2192,Shandong,121.660969933984,36.9918576856316
2193,Shandong,122.224511012966,36.9167417852099
2194,Xinjiang,77.6846469080061,35.5720345300136
2195,Xinjiang,78.2260837526986,35.6910862266012
2196,Xinjiang,78.7691578873882,35.807801701487
2197,Xinjiang,79.3138441044392,35.922171327201
2198,Xinjiang,79.8601166581911,36.0341855673159
2199,Xinjiang,80.4079492686257,36.1438349825366
2200,Xinjiang,80.9573151254363,36.2511102367937
2201,Xinjiang,81.5081868925001,36.3560021033326
2202,Xinjiang,82.0605367127586,36.4585014707959
2203,Xinjiang,82.6143362135058,36.558599349289
2204,Xinjiang,83.1695565120877,36.6562868764265
2205,Xinjiang,83.7261682220132,36.7515553233503
2206,Xinjiang,84.2841414594756,36.8443961007135
2207,Xinjiang,84.8434458502866,36.9348007646245
2208,Xinjiang,85.4040505372214,37.0227610225438
2209,Xinjiang,85.9659241877718,37.1082687391265
2210,Xinjiang,86.5290350023085,37.191315942004
2211,Xinjiang,87.0933507226471,37.2718948274984
2212,Xinjiang,87.6588386410164,37.3499977662616
2213,Xinjiang,88.2254656094251,37.4256173088333
2214,Xinjiang,88.7931980494212,37.4987461911095
2215,Xinjiang,89.3620019622411,37.5693773397162
2216,Xinjiang,89.9318429393411,37.6375038772798
2217,Xinjiang,90.5026861733055,37.7031191275876
2218,Qinghai,91.0744964691256,37.7662166206325
2219,Qinghai,91.6472382558397,37.8267900975334
2220,Qinghai,92.2208755985289,37.8848335153262
2221,Qinghai,92.7953722106571,37.9403410516171
2222,Qinghai,93.3706914667485,37.9933071090929
2223,Qinghai,93.946796415391,38.0437263198813
2224,Qinghai,94.5236497925555,38.0915935497551
2225,Qinghai,95.101214035221,38.136903902174
2226,Qinghai,95.6794512952919,38.1796527221582
2227,Gansu,96.2583234537979,38.2198355999878
2228,Qinghai,96.837792135362,38.2574483747231
2229,Qinghai,97.4178187229245,38.2924871375399
2230,Qinghai,97.9983643727089,38.3249482348742
2231,Qinghai,98.5793900294166,38.3548282713735
2232,Qinghai,99.1608564416342,38.3821241126478
2233,Qinghai,99.7427241774412,38.4068328878172
2234,Gansu,100.3249536402,38.4289519918522
2235,Gansu,100.907505084516,38.4484790877031
2236,Gansu,101.490338632347,38.4654121082139
2237,Gansu,102.073414289252,38.4797492578198
2238,Gansu,102.656691960759,38.4914890140235
2239,Gansu,103.240131468831,38.5006301286496
2240,Inner Mongolia,103.823692568431,38.5071716288736
2241,Inner Mongolia,104.407334964138,38.5111128180255
2242,Inner Mongolia,104.991018326834,38.5124532761654
2243,Inner Mongolia,105.57470231041,38.5111928604306
2244,Ningxia,106.1583465685,38.5073317051537
2245,Inner Mongolia,106.741910771213,38.5008702217512
2246,Inner Mongolia,107.325354621844,38.4918090983842
2247,Inner Mongolia,107.908637873554,38.4801492993891
2248,Inner Mongolia,108.491720345999,38.4658920644815
2249,Inner Mongolia,109.074561941888,38.4490389077338
2250,Shaanxi,109.657122663458,38.4295916163281
2251,Shaanxi,110.239362628841,38.407552249086
2252,Shanxi,110.821242088319,38.3829231347787
2253,Shanxi,111.402721440437,38.3557068702192
2254,Shanxi,111.983761247969,38.3259063181392
2255,Shanxi,112.564322253713,38.2935246048565
2256,Shanxi,113.144365396105,38.258565117732
2257,Hebei,113.723851824629,38.2210315024263
2258,Hebei,114.302742915025,38.1809276599537
2259,Hebei,114.881000284257,38.1382577435437
2260,Hebei,115.458585805247,38.0930261553114
2261,Hebei,116.035461621349,38.045237542743
2262,Hebei,116.61159016056,37.9948967950015
2263,Hebei,117.186934149444,37.9420090390585
2264,Shandong,117.761456626768,37.8865796356579
2265,Shandong,118.335120956831,37.8286141751156
2266,Shandong,118.907890842474,37.7681184729653
2267,Shandong,120.620476203543,37.5715113548369
2268,Shandong,121.189312547751,37.5009571852593
2269,Shandong,121.757078472017,37.4279050674079
2270,Shandong,122.323739964807,37.3523620687029
2271,Xinjiang,76.9887188319802,35.8757404420454
2272,Xinjiang,77.5312017477035,35.9977570087633
2273,Xinjiang,78.0753733219593,36.1174385950159
2274,Xinjiang,78.6212086035537,36.2347752399941
2275,Xinjiang,79.168682086222,36.3497570690013
2276,Xinjiang,79.7177677118835,36.4623742997152
2277,Xinjiang,80.2684388743083,36.5726172484613
2278,Xinjiang,80.8206684231979,36.6804763364915
2279,Xinjiang,81.3744286686852,36.7859420962633
2280,Xinjiang,81.9296913862542,36.8890051777118
2281,Xinjiang,82.4864278220842,36.9896563545094
2282,Xinjiang,83.0446086988173,37.0878865303062
2283,Xinjiang,83.6042042217534,37.1836867449439
2284,Xinjiang,84.1651840854707,37.2770481806373
2285,Xinjiang,84.7275174808728,37.3679621681162
2286,Xinjiang,85.291173102662,37.4564201927205
2287,Xinjiang,85.8561191572368,37.5424139004416
2288,Xinjiang,86.4223233710122,37.6259351039027
2289,Xinjiang,86.9897529991597,37.7069757882708
2290,Xinjiang,87.5583748347652,37.7855281170938
2291,Xinjiang,88.1281552183989,37.8615844380536
2292,Xinjiang,88.6990600480949,37.9351372886307
2293,Xinjiang,89.2710547897337,38.006179401669
2294,Xinjiang,89.8441044878231,38.0747037108376
2295,Xinjiang,90.4181737766703,38.1407033559798
2296,Qinghai,90.9932268919382,38.2041716883414
2297,Qinghai,91.569227682579,38.2651022756745
2298,Qinghai,92.1461396231353,38.323488907205
2299,Qinghai,92.7239258264016,38.3793255984612
2300,Qinghai,93.3025490564347,38.4326065959532
2301,Qinghai,93.8819717419043,38.4833263816985
2302,Qinghai,94.4621559897719,38.5314796775859
2303,Gansu,95.0430635992877,38.577061449572
2304,Gansu,95.6246560762921,38.6200669117038
2305,Gansu,96.2068946478109,38.6604915299606
2306,Gansu,96.7897402769295,38.6983310259111
2307,Qinghai,97.3731536779343,38.7335813801781
2308,Qinghai,97.957095331705,38.7662388357068
2309,Qinghai,98.5415255013458,38.7962999008307
2310,Qinghai,99.1264042480386,38.8237613521319
2311,Gansu,99.7116914471031,38.8486202370887
2312,Gansu,100.297346804249,38.8708738765084
2313,Gansu,100.883329872002,38.8905198667414
2314,Inner Mongolia,101.469600066292,38.907556081671
2315,Gansu,102.056116683179,38.9219806744785
2316,Gansu,102.642838915703,38.9337920791787
2317,Gansu,103.229725870851,38.9429890119237
2318,Gansu,103.816736586598,38.9495704720741
2319,Inner Mongolia,104.403830049038,38.953535743034
2320,Inner Mongolia,104.990965209551,38.9548843928497
2321,Inner Mongolia,105.578101002026,38.9536162745709
2322,Ningxia,106.165196360082,38.9497315263737
2323,Ningxia,106.752210234308,38.9432305714447
2324,Inner Mongolia,107.33910160947,38.9341141176275
2325,Inner Mongolia,107.925829521692,38.9223831568314
2326,Inner Mongolia,108.512353075582,38.908038964203
2327,Inner Mongolia,109.09863146128,38.8910830970629
2328,Shaanxi,109.684623971421,38.8715173936088
2329,Shaanxi,110.270290017998,38.8493439713869
2330,Shaanxi,110.855589149082,38.8245652255343
2331,Shanxi,111.440481065425,38.7971838267954
2332,Shanxi,112.024925636883,38.7672027193152
2333,Shanxi,112.608882918677,38.7346251182135
2334,Shanxi,113.19231316746,38.6994545069425
2335,Hebei,113.775176857174,38.6616946344342
2336,Hebei,114.357434694692,38.6213495120406
2337,Hebei,114.939047635216,38.5784234102712
2338,Hebei,115.519976897425,38.5329208553343
2339,Hebei,116.100183978359,38.4848466254858
2340,Hebei,116.679630668025,38.4342057471934
2341,Hebei,117.258279063703,38.3810034911184
2342,Hebei,117.836091583958,38.3252453679257
2343,Xinjiang,76.2873777478541,36.1755492862643
2344,Xinjiang,76.8308524990952,36.3005507029088
2345,Xinjiang,77.3760678358706,36.4232188318922
2346,Xinjiang,77.9229990913583,36.5435433766047
2347,Xinjiang,78.4716210266647,36.6615141212284
2348,Xinjiang,79.0219078336417,36.7771209371668
2349,Xinjiang,79.5738331381232,36.8903537894928
2350,Xinjiang,80.1273700035862,37.0012027434136
2351,Xinjiang,80.6824909352421,37.1096579707428
2352,Xinjiang,81.2391678845591,37.2157097563759
2353,Xinjiang,81.7973722542211,37.3193485047607
2354,Xinjiang,82.3570749035239,37.4205647463584
2355,Xinjiang,82.9182461542118,37.5193491440861
2356,Xinjiang,83.480855796755,37.6156924997357
2357,Xinjiang,84.044873097069,37.7095857603604
2358,Xinjiang,84.6102668036761,37.8010200246233
2359,Xinjiang,85.1770051553081,37.8899865491
2360,Xinjiang,85.7450558889492,37.976476754527
2361,Xinjiang,86.3143862483179,38.0604822319898
2362,Xinjiang,86.8849629927839,38.1419947490416
2363,Xinjiang,87.4567524067186,38.221006255747
2364,Xinjiang,88.0297203092739,38.2975088906401
2365,Xinjiang,88.6038320645861,38.3714949865925
2366,Xinjiang,89.1790525923982,38.4429570765805
2367,Xinjiang,89.7553463790963,38.511887899346
2368,Xinjiang,90.3326774891523,38.5782804049422
2369,Qinghai,90.9110095769666,38.6421277601565
2370,Qinghai,91.4903058991016,38.703423353804
2371,Qinghai,92.0705293268994,38.7621608018826
2372,Qinghai,92.6516423594723,38.8183339525836
2373,Qinghai,93.2336071370576,38.8719368911494
2374,Gansu,93.8163854547257,38.9229639445719
2375,Gansu,94.3999387764304,38.9714096861251
2376,Gansu,94.9842282493888,39.0172689397233
2377,Gansu,95.5692147187806,39.0605367840999
2378,Gansu,96.1548587427505,39.1012085568001
2379,Gansu,96.7411206077034,39.1392798579804
2380,Gansu,97.327960343876,39.1747465540104
2381,Gansu,97.9153377411713,39.2076047808701
2382,Gansu,98.5032123652409,39.2378509473377
2383,Gansu,99.0915435737982,39.2654817379628
2384,Gansu,99.6802905331489,39.2904941158206
2385,Gansu,100.26941223492,39.312885325042
2386,Inner Mongolia,100.85886751297,39.3326528931157
2387,Inner Mongolia,101.448615060469,39.3497946329594
2388,Inner Mongolia,102.038613447122,39.3643086447546
2389,Inner Mongolia,102.628821136522,39.3761933175451
2390,Inner Mongolia,103.219196503621,39.3854473305929
2391,Gansu,103.809697852288,39.3920696544931
2392,Inner Mongolia,104.400283432946,39.3960595520426
2393,Inner Mongolia,104.990911460264,39.3974165788631
2394,Inner Mongolia,105.581540130888,39.3961405837772
2395,Inner Mongolia,106.172127641193,39.3922317089356
2396,Inner Mongolia,106.762632205027,39.3856903896976
2397,Inner Mongolia,107.35301207145,39.3765173542624
2398,Inner Mongolia,107.943225542422,39.3647136230542
2399,Inner Mongolia,108.533230990444,39.3502805078601
2400,Inner Mongolia,109.122986876122,39.333219610724
2401,Inner Mongolia,109.712451765635,39.3135328225968
2402,Shaanxi,110.301584348096,39.2912223217466
2403,Shaanxi,110.890343452778,39.26629057193
2404,Shanxi,111.478688066199,39.2387403203289
2405,Shanxi,112.066577349039,39.208574595255
2406,Shanxi,112.653970652874,39.1757967036269
2407,Shanxi,113.240827536711,39.1404102282225
2408,Shanxi,113.827107783309,39.102419024713
2409,Hebei,114.412771415273,39.0618272184809
2410,Hebei,114.99777871089,39.0186392012296
2411,Hebei,115.582090219712,38.9728596273874
2412,Hebei,116.165666777859,38.9244934103146
2413,Tianjin,116.748469523034,38.8735457183161
2414,Tianjin,117.330459909225,38.8200219704685
2415,Xinjiang,76.1250417536712,36.5994315336295
2416,Xinjiang,76.671245484919,36.7251064902109
2417,Xinjiang,77.2192179099689,36.8484396850684
2418,Xinjiang,77.768934086051,36.969420558835
2419,Xinjiang,78.3203684837569,37.0880386338057
2420,Xinjiang,78.8734949898191,37.2042835205576
2421,Xinjiang,79.4282869103248,37.3181449245928
2422,Xinjiang,79.9847169743686,37.4296126530019
2423,Xinjiang,80.5427573381488,37.5386766211365
2424,Xinjiang,81.1023795895112,37.6453268592894
2425,Xinjiang,81.6635547529429,37.7495535193721
2426,Xinjiang,82.2262532950205,37.8513468815843
2427,Xinjiang,82.7904451303129,37.9506973610685
2428,Xinjiang,83.3560996277411,38.047595514541
2429,Xinjiang,83.9231856173969,38.1420320468938
2430,Xinjiang,84.4916713978178,38.2339978177584
2431,Xinjiang,85.0615247437218,38.3234838480242
2432,Xinjiang,85.6327129141973,38.4104813263043
2433,Xinjiang,86.205202661348,38.49498161534
2434,Xinjiang,86.778960239391,38.5769762583366
2435,Xinjiang,87.3539514142036,38.6564569852215
2436,Xinjiang,87.930141473315,38.7334157188187
2437,Xinjiang,88.5074952363398,38.8078445809284
2438,Xinjiang,89.0859770658465,38.8797358983069
2439,Xinjiang,89.6655508786553,38.9490822085354
2440,Xinjiang,90.2461801575592,39.0158762657726
2441,Xinjiang,90.8278279634604,39.0801110463814
2442,Xinjiang,91.4104569479131,39.141779754421
2443,Xinjiang,91.9940293660661,39.2008758269989
2444,Gansu,92.5785070899933,39.2573929394726
2445,Gansu,93.1638516224024,39.3113250104943
2446,Gansu,93.7500241107125,39.3626662068916
2447,Gansu,94.3369853614869,39.4114109483759
2448,Gansu,94.9246958552094,39.4575539120708
2449,Gansu,95.5131157613932,39.5010900368564
2450,Gansu,96.1022049540051,39.5420145275183
2451,Gansu,96.691923027195,39.5803228586987
2452,Gansu,97.2822293113132,39.6160107786414
2453,Gansu,97.8730828892012,39.6490743127246
2454,Gansu,98.4644426127412,39.6795097667774
2455,Gansu,99.0562671196462,39.7073137301718
2456,Gansu,99.6485148504755,39.7324830786889
2457,Inner Mongolia,100.241144065858,39.755014977151
2458,Inner Mongolia,100.834112863907,39.7749068818174
2459,Inner Mongolia,101.427379197804,39.7921565425392
2460,Inner Mongolia,102.02090089354,39.8067620046702
2461,Inner Mongolia,102.614635667792,39.8187216107295
2462,Inner Mongolia,103.208541145914,39.8280340018137
2463,Inner Mongolia,103.802574880027,39.8346981187569
2464,Inner Mongolia,104.396694367189,39.838713203035
2465,Inner Mongolia,104.990857067624,39.8400787974149
2466,Inner Mongolia,105.585020422984,39.8387947463452
2467,Inner Mongolia,106.179141874642,39.8348611960895
2468,Inner Mongolia,106.773178881977,39.828278594601
2469,Inner Mongolia,107.367088940639,39.8190476911397
2470,Inner Mongolia,107.960829600787,39.8071695356314
2471,Inner Mongolia,108.554358485248,39.7926454777708
2472,Inner Mongolia,109.147633307622,39.7754771658698
2473,Inner Mongolia,109.740611890266,39.7556665454529
2474,Inner Mongolia,110.333252182184,39.7332158576018
2475,Inner Mongolia,110.925512276765,39.7081276370525
2476,Inner Mongolia,111.517350429375,39.6804047100483
2477,Shanxi,112.108725074779,39.650050191951
2478,Shanxi,112.699594844368,39.6170674846153
2479,Shanxi,113.28991858318,39.5814602735313
2480,Shanxi,113.879655366701,39.5432325247379
2481,Shanxi,114.468764517421,39.5023884815141
2482,Hebei,115.057205621129,39.4589326608521
2483,Hebei,115.644938542946,39.4128698497192
2484,Hebei,116.231923443056,39.3642051011131
2485,Hebei,116.818120792148,39.3129437299181
2486,Tianjin,117.403491386527,39.2590913085675
2487,Xinjiang,75.413777556319,36.8943630755982
2488,Xinjiang,75.9609126134077,37.0230649733258
2489,Xinjiang,76.509869678764,37.1494274138665
2490,Xinjiang,77.0606241352499,37.2734394923286
2491,Xinjiang,77.613150761798,37.3950903795098
2492,Xinjiang,78.1674237357063,37.5143693286804
2493,Xinjiang,78.7234166353752,37.6312656824018
2494,Xinjiang,79.2811024434932,37.7457688793721
2495,Xinjiang,79.8404535506767,37.8578684612942
2496,Xinjiang,80.4014417595678,37.967554079759
2497,Xinjiang,80.964038289396,38.0748155031371
2498,Xinjiang,81.5282137810048,38.179642623472
2499,Xinjiang,82.0939383023484,38.2820254633677
2500,Xinjiang,82.6611813544603,38.3819541828626
2501,Xinjiang,83.2299118778949,38.4794190862841
2502,Xinjiang,83.8000982596435,38.5744106290726
2503,Xinjiang,84.3717083405255,38.6669194245716
2504,Xinjiang,84.9447094230543,38.7569362507713
2505,Xinjiang,85.5190682797764,38.8444520570013
2506,Xinjiang,86.0947511620833,38.9294579705614
2507,Xinjiang,86.6717238094918,39.0119453032839
2508,Xinjiang,87.2499514593919,39.0919055580178
2509,Xinjiang,87.8293988572564,39.1693304350273
2510,Xinjiang,88.4100302673087,39.2442118382953
2511,Xinjiang,88.9918094836433,39.3165418817245
2512,Xinjiang,89.5746998417927,39.3863128952251
2513,Xinjiang,90.1586642307334,39.4535174306841
2514,Xinjiang,90.7436651053241,39.5181482678046
2515,Xinjiang,91.3296644991678,39.5801984198085
2516,Xinjiang,91.9166240378875,39.6396611389931
2517,Xinjiang,92.5045049528075,39.6965299221345
2518,Gansu,93.0932680950273,39.7507985157285
2519,Gansu,93.6828739498795,39.8024609210624
2520,Gansu,94.2732826517577,39.8515113991083
2521,Gansu,94.8644539993028,39.8979444752311
2522,Gansu,95.4563474709334,39.9417549437052
2523,Gansu,96.0489222407075,39.9829378720297
2524,Gansu,96.6421371944999,40.0214886050374
2525,Gansu,97.2359509464805,40.0574027687914
2526,Gansu,97.8303218558781,40.0906762742604
2527,Gansu,98.425208044012,40.1213053207695
2528,Gansu,99.0205674115761,40.1492863992192
2529,Gansu,99.6163576561577,40.1746162950677
2530,Inner Mongolia,100.212536289972,40.1972920910711
2531,Inner Mongolia,100.809060657795,40.217311169778
2532,Inner Mongolia,101.405887955078,40.234671215773
2533,Inner Mongolia,102.00297524622,40.2493702176657
2534,Inner Mongolia,102.600279482985,40.2614064698228
2535,Inner Mongolia,103.197757523036,40.2707785738385
2536,Inner Mongolia,103.795366148575,40.2774854397425
2537,Inner Mongolia,104.393062085066,40.2815262869423
2538,Inner Mongolia,104.990802020012,40.2829006448984
2539,Inner Mongolia,105.588542621784,40.2816083535321
2540,Inner Mongolia,106.186240558463,40.2776495633641
2541,Inner Mongolia,106.783852516683,40.2710247353838
2542,Inner Mongolia,107.381335220459,40.2617346406504
2543,Inner Mongolia,107.978645449968,40.2497803596258
2544,Inner Mongolia,108.575740060272,40.23516328124
2545,Inner Mongolia,109.172575999961,40.217885101692
2546,Inner Mongolia,109.769110329692,40.1979478229868
2547,Inner Mongolia,110.365300240611,40.1753537512116
2548,Inner Mongolia,110.961103072627,40.1501054945548
2549,Inner Mongolia,111.556476332534,40.1222059610698
2550,Inner Mongolia,112.151377711949,40.0916583561887
2551,Shanxi,112.745765105052,40.058466179989
2552,Shanxi,113.339596626114,40.022633224219
2553,Shanxi,113.932830626786,39.984163569086
2554,Hebei,114.525425713141,39.9430615798127
2555,Hebei,115.117340762445,39.8993319029681
2556,Beijing,115.708534939644,39.8529794625781
2557,Beijing,116.298967713552,39.8040094560234
2558,Beijing,116.88859887272,39.7524273497292
2559,Tianjin,117.477388540981,39.6982388746561
2560,Hebei,118.065297192646,39.6414500215968
2561,Hebei,118.652285667338,39.5820670362891
2562,Hebei,119.238315184469,39.5200964143488
2563,Xinjiang,74.6970703157731,37.1853082741919
2564,Xinjiang,75.2450779217984,37.3170570297269
2565,Xinjiang,75.7949613639,37.4464691310225
2566,Xinjiang,76.3466963808126,37.5735333261701
2567,Xinjiang,76.9002580901839,37.6982384325556
2568,Xinjiang,77.4556209903561,37.8205733437985
2569,Xinjiang,78.0127589625973,37.9405270367377
2570,Xinjiang,78.5716452737908,38.0580885784546
2571,Xinjiang,79.1322525795877,38.1732471333297
2572,Xinjiang,79.6945529280285,38.285991970124
2573,Xinjiang,80.2585177636392,38.3963124690801
2574,Xinjiang,80.8241179320057,38.5041981290352
2575,Xinjiang,81.3913236848318,38.6096385745378
2576,Xinjiang,81.9601046854815,38.7126235629631
2577,Xinjiang,82.5304300150115,38.8131429916162
2578,Xinjiang,83.102268178693,38.9111869048177
2579,Xinjiang,83.6755871130259,39.0067455009626
2580,Xinjiang,84.2503541932456,39.0998091395438
2581,Xinjiang,84.826536241321,39.1903683481333
2582,Xinjiang,85.4040995344455,39.2784138293102
2583,Xinjiang,85.9830098140163,39.3639364675295
2584,Xinjiang,86.5632322951021,39.4469273359207
2585,Xinjiang,87.1447316763951,39.5273777030086
2586,Xinjiang,87.7274721506427,39.6052790393469
2587,Xinjiang,88.3114174155559,39.6806230240559
2588,Xinjiang,88.8965306851874,39.7534015512549
2589,Xinjiang,89.4827747017742,39.8236067363808
2590,Xinjiang,90.0701117480366,39.8912309223833
2591,Xinjiang,90.6585036599269,39.9562666857883
2592,Xinjiang,91.2479118398189,40.0187068426204
2593,Xinjiang,91.8382972701275,40.0785444541759
2594,Xinjiang,92.4296205273505,40.1357728326366
2595,Gansu,93.02184179652,40.190385546518
2596,Gansu,93.6149208860519,40.2423764259407
2597,Gansu,94.2088172429822,40.2917395677191
2598,Gansu,94.8034899685752,40.3384693402581
2599,Gansu,95.3988978342913,40.3825603882509
2600,Gansu,95.9949992980996,40.4240076371683
2601,Gansu,96.5917525211187,40.4628062975359
2602,Gansu,97.1891153845724,40.4989518689878
2603,Gansu,97.7870455070413,40.5324401440935
2604,Gansu,98.3855002619952,40.56326721195
2605,Gansu,98.9844367955879,40.5914294615338
2606,Gansu,99.5838120446959,40.6169235848057
2607,Gansu,100.183582755184,40.6397465795661
2608,Inner Mongolia,100.783705500376,40.6598957520515
2609,Inner Mongolia,101.384136699716,40.6773687192728
2610,Inner Mongolia,101.984832637592,40.6921634110872
2611,Inner Mongolia,102.585749482314,40.704278072002
2612,Inner Mongolia,103.186843305212,40.7137112627074
2613,Inner Mongolia,103.788070099846,40.7204618613348
2614,Inner Mongolia,104.389385801296,40.7245290644388
2615,Inner Mongolia,104.990746305525,40.7259123877006
2616,Inner Mongolia,105.59210748877,40.7246116663535
2617,Inner Mongolia,106.193425226972,40.7206270553261
2618,Inner Mongolia,106.794655415196,40.7139590291078
2619,Inner Mongolia,107.39575398703,40.7046083813317
2620,Inner Mongolia,107.996676933945,40.6925762240801
2621,Inner Mongolia,108.597380324592,40.6778639869108
2622,Inner Mongolia,109.197820324009,40.6604734156071
2623,Inner Mongolia,109.79795321273,40.6404065706539
2624,Inner Mongolia,110.39773540576,40.617665825442
2625,Inner Mongolia,110.997123471408,40.5922538642038
2626,Inner Mongolia,111.596074149953,40.5641736796845
2627,Inner Mongolia,112.194544372119,40.5334285705519
2628,Inner Mongolia,112.792491277348,40.5000221385503
2629,Inner Mongolia,113.389872231849,40.4639582854023
2630,Shanxi,113.986644846395,40.4252412094651
2631,Hebei,114.582766993869,40.383875402145
2632,Hebei,115.17819682652,40.3398656440787
2633,Hebei,115.772892792933,40.2932170010851
2634,Beijing,116.366813654675,40.2439348198959
2635,Beijing,116.959918502621,40.1920247236722
2636,Tianjin,117.55216677293,40.1374926073136
2637,Hebei,118.143518262668,40.0803446325663
2638,Hebei,118.733933145052,40.0205872229419
2639,Hebei,119.323371984315,39.9582270584501
2640,Liaoning,121.670592678745,39.6829011200618
2641,Liaoning,122.254574440632,39.6076359687388
2642,Xinjiang,75.0745023474519,37.7395267445017
2643,Xinjiang,75.6271584360546,37.8696637783636
2644,Xinjiang,76.1816962871723,37.9974443383646
2645,Xinjiang,76.7380907514587,38.122856956627
2646,Xinjiang,77.2963160444348,38.2458902419746
2647,Xinjiang,77.8563457486508,38.3665328871258
2648,Xinjiang,78.4181528163214,38.4847736759312
2649,Xinjiang,78.9817095724392,38.6006014906479
2650,Xinjiang,79.5469877183738,38.7140053192434
2651,Xinjiang,80.1139583359606,38.8249742627232
2652,Xinjiang,80.6825918920858,38.9334975424734
2653,Xinjiang,81.2528582437703,39.0395645076115
2654,Xinjiang,81.8247266437566,39.143164642338
2655,Xinjiang,82.3981657466022,39.244287573279
2656,Xinjiang,82.9731436152816,39.3429230768138
2657,Xinjiang,83.5496277282969,39.4390610863772
2658,Xinjiang,84.1275849873002,39.5326916997287
2659,Xinjiang,84.7069817252259,39.62380518618
2660,Xinjiang,85.2877837149334,39.712391993771
2661,Xinjiang,85.8699561783581,39.7984427563861
2662,Xinjiang,86.4534637961681,39.8819483008009
2663,Xinjiang,87.0382707179245,39.9628996536503
2664,Xinjiang,87.6243405727408,40.0412880483089
2665,Xinjiang,88.211636480436,40.1171049316735
2666,Xinjiang,88.8001210631777,40.190341970839
2667,Xinjiang,89.3897564576065,40.2609910596575
2668,Xinjiang,89.9805043274366,40.3290443251721
2669,Xinjiang,90.5723258765234,40.394494133915
2670,Xinjiang,91.1651818623892,40.4573330980609
2671,Xinjiang,91.7590326101976,40.5175540814265
2672,Xinjiang,92.353838027167,40.5751502053072
2673,Xinjiang,92.9495576174098,40.6301148541407
2674,Xinjiang,93.5461504971875,40.6824416809908
2675,Gansu,94.1435754105671,40.7321246128401
2676,Gansu,94.7417907454665,40.7791578556852
2677,Gansu,95.3407545500734,40.8235358994254
2678,Gansu,95.9404245496234,40.8652535225361
2679,Gansu,96.5407581635214,40.904305796521
2680,Gansu,97.1417125227899,40.9406880901332
2681,Gansu,97.7432444878266,40.9743960733612
2682,Inner Mongolia,98.345310666454,41.0054257211693
2683,Inner Mongolia,98.9478674322432,41.0337733169901
2684,Inner Mongolia,99.5508709430924,41.059435455959
2685,Inner Mongolia,100.15427716004,41.082409047889
2686,Inner Mongolia,100.758041866297,41.1026913199774
2687,Inner Mongolia,101.362120686467,41.1202798192414
2688,Inner Mongolia,101.966469105951,41.1351724146785
2689,Inner Mongolia,102.571042490501,41.1473672991466
2690,Inner Mongolia,103.175796105904,41.1568629909613
2691,Inner Mongolia,103.780685137777,41.1636583352081
2692,Inner Mongolia,104.385664711463,41.1677525047658
2693,Inner Mongolia,104.990689911971,41.1691450010402
2694,Inner Mongolia,105.595715803986,41.1678356544073
2695,Inner Mongolia,106.200697451882,41.1638246243631
2696,Inner Mongolia,106.805589939748,41.1571123993825
2697,Inner Mongolia,107.410348391384,41.1476997964858
2698,Inner Mongolia,108.014927990258,41.1355879605131
2699,Inner Mongolia,108.619283999393,41.1207783631106
2700,Inner Mongolia,109.22337178117,41.1032728014264
2701,Inner Mongolia,109.827146817014,41.083073396523
2702,Inner Mongolia,110.430564726957,41.0601825915045
2703,Inner Mongolia,111.03358128904,41.0346031493661
2704,Inner Mongolia,111.636152458543,41.0063381505663
2705,Inner Mongolia,112.238234387025,40.975390990328
2706,Inner Mongolia,112.839783441141,40.941765375673
2707,Inner Mongolia,113.44075622123,40.9054653221943
2708,Inner Mongolia,114.041109579646,40.8664951505726
2709,Hebei,114.640800638815,40.8248594828418
2710,Hebei,115.239786809007,40.7805632384123
2711,Hebei,115.838025805788,40.7336116298558
2712,Beijing,116.435475667153,40.6840101584605
2713,Beijing,117.03209477032,40.6317646095643
2714,Hebei,117.627841848153,40.5768810476729
2715,Hebei,118.222676005223,40.5193658113704
2716,Hebei,118.816556733477,40.4592255080327
2717,Hebei,119.409443927505,40.39646700835
2718,Liaoning,120.00129789939,40.3310974406675
2719,Liaoning,122.357603215039,40.0436597437355
2720,Liaoning,122.943711354826,39.9653503620944
2721,Liaoning,123.52855768902,39.8844777558176
2722,Liaoning,124.112105830894,39.8010506850602
2723,Xinjiang,74.9020203917173,38.1617919014089
2724,Xinjiang,75.4574736395434,38.2926689496153
2725,Xinjiang,76.0148394744948,38.4211808378947
2726,Xinjiang,76.5740924785356,38.5473158052855
2727,Xinjiang,77.1352065822042,38.6710621679093
2728,Xinjiang,77.6981550666994,38.7924083263821
2729,Xinjiang,78.262910566454,38.9113427732724
2730,Xinjiang,78.8294450722046,39.0278541006028
2731,Xinjiang,79.3977299345613,39.1419310073848
2732,Xinjiang,79.9677358680854,39.2535623071817
2733,Xinjiang,80.5394329558797,39.3627369356911
2734,Xinjiang,81.1127906546954,39.4694439583388
2735,Xinjiang,81.6877778005607,39.5736725778766
2736,Xinjiang,82.2643626149331,39.6754121419751
2737,Xinjiang,82.8425127113786,39.7746521508032
2738,Xinjiang,83.4221951027796,39.8713822645849
2739,Xinjiang,84.0033762090724,39.9655923111252
2740,Xinjiang,84.5860218655141,40.0572722932955
2741,Xinjiang,85.170097331479,40.1464123964678
2742,Xinjiang,85.7555672997828,40.2330029958913
2743,Xinjiang,86.3423959065325,40.317034663998
2744,Xinjiang,86.9305467414982,40.3984981776304
2745,Xinjiang,87.5199828590046,40.4773845251798
2746,Xinjiang,88.1106667893355,40.5536849136262
2747,Xinjiang,88.7025605506468,40.6273907754689
2748,Xinjiang,89.2956256613815,40.6984937755391
2749,Xinjiang,89.8898231531787,40.766985817683
2750,Xinjiang,90.4851135842691,40.8328590513065
2751,Xinjiang,91.0814570533473,40.8961058777718
2752,Xinjiang,91.6788132139109,40.9567189566348
2753,Xinjiang,92.2771412890569,41.0146912117151
2754,Xinjiang,92.8764000867215,41.0700158369882
2755,Xinjiang,93.4765480153524,41.12268630229
2756,Gansu,94.0775431000006,41.1726963588264
2757,Gansu,94.6793429988156,41.2200400444767
2758,Gansu,95.2819050199315,41.2647116888829
2759,Gansu,95.8851861387267,41.3067059183175
2760,Gansu,96.4891430154413,41.3460176603197
2761,Gansu,97.0937320131359,41.3826421480934
2762,Inner Mongolia,97.6989092159721,41.4165749246596
2763,Inner Mongolia,98.3046304477988,41.4478118467548
2764,Inner Mongolia,98.9108512910228,41.4763490884702
2765,Inner Mongolia,99.5175271057464,41.5021831446241
2766,Inner Mongolia,100.12461304915,41.5253108338617
2767,Inner Mongolia,100.732064095099,41.5457293014786
2768,Inner Mongolia,101.339835053958,41.5634360219592
2769,Inner Mongolia,101.947880592582,41.5784288012299
2770,Inner Mongolia,102.556155254474,41.5907057786198
2771,Inner Mongolia,103.164613480075,41.6002654285269
2772,Inner Mongolia,103.773209627176,41.6071065617858
2773,Inner Mongolia,104.381897991417,41.611228326736
2774,Inner Mongolia,105.599368366607,41.61131203688
2775,Inner Mongolia,106.208058843443,41.6072739716451
2776,Inner Mongolia,106.816658510477,41.6005165172535
2777,Inner Mongolia,107.425121661763,41.5910405149652
2778,Inner Mongolia,108.033402652872,41.578847143573
2779,Inner Mongolia,108.641455921398,41.5639379183439
2780,Inner Mongolia,109.249236007368,41.5463146896602
2781,Inner Mongolia,109.856697573539,41.5259796413627
2782,Inner Mongolia,110.46379542556,41.5029352887984
2783,Inner Mongolia,111.070484531969,41.4771844765777
2784,Inner Mongolia,111.676720044011,41.448730376043
2785,Inner Mongolia,112.282457315252,41.4175764824549
2786,Inner Mongolia,112.887651920972,41.3837266119007
2787,Inner Mongolia,113.492259677305,41.3471848979299
2788,Hebei,114.096236660125,41.3079557879237
2789,Hebei,114.699539223632,41.2660440392041
2790,Hebei,115.302124018653,41.2214547148892
2791,Hebei,115.903948010603,41.174193179503
2792,Hebei,116.504968497115,41.1242650943456
2793,Hebei,117.105143125315,41.0716764126338
2794,Hebei,117.704429908712,41.0164333744171
2795,Hebei,118.302787243713,40.9585425012812
2796,Liaoning,118.900173925724,40.8980105908452
2797,Liaoning,119.496549164837,40.8348447110622
2798,Liaoning,120.091872601079,40.769052194333
2799,Liaoning,120.686104319228,40.7006406314418
2800,Liaoning,122.461856982259,40.4797713173955
2801,Liaoning,123.051332063276,40.40096442395
2802,Liaoning,123.639523007145,40.3195800905165
2803,Liaoning,124.226392851889,40.2356273220807
2804,Xinjiang,74.7276009748127,38.5838724477766
2805,Xinjiang,75.285876147055,38.7155049590063
2806,Xinjiang,75.8460953841435,38.8447635063937
2807,Xinjiang,76.4082329977479,38.9716360277786
2808,Xinjiang,76.9722626313392,39.0961105383753
2809,Xinjiang,77.5381572621916,39.2181751384078
2810,Xinjiang,78.1058892038888,39.3378180207982
2811,Xinjiang,78.6754301093416,39.4550274789039
2812,Xinjiang,79.246750974324,39.5697919142924
2813,Xinjiang,79.8198221415337,39.6820998445493
2814,Xinjiang,80.3946133051836,39.7919399111103
2815,Xinjiang,80.9710935161278,39.8993008871083
2816,Xinjiang,81.5492311875279,40.0041716852285
2817,Xinjiang,82.1289941010622,40.1065413655612
2818,Xinjiang,82.7103494136809,40.2063991434452
2819,Xinjiang,83.2932636649093,40.3037343972899
2820,Xinjiang,83.8777027847006,40.3985366763696
2821,Xinjiang,84.4636321018381,40.4907957085781
2822,Xinjiang,85.0510163528863,40.5805014081344
2823,Xinjiang,85.6398196916913,40.6676438832299
2824,Xinjiang,86.2300056994256,40.7522134436069
2825,Xinjiang,86.8215373951769,40.8342006080571
2826,Xinjiang,87.4143772470753,40.9135961118309
2827,Xinjiang,88.0084871839552,40.990390913947
2828,Xinjiang,88.603828607545,41.0645762043907
2829,Xinjiang,89.2003624051793,41.1361434111917
2830,Xinjiang,89.7980489630253,41.2050842073696
2831,Xinjiang,90.396848179815,41.2713905177384
2832,Xinjiang,90.996719481074,41.3350545255572
2833,Xinjiang,91.5976218338364,41.3960686790187
2834,Xinjiang,92.1995137618354,41.4544256975645
2835,Xinjiang,92.802353361156,41.510118578017
2836,Xinjiang,93.4060983163392,41.563140600518
2837,Xinjiang,94.010705916921,41.6134853342648
2838,Xinjiang,94.6161330743946,41.6611466430333
2839,Xinjiang,95.2223363395779,41.7061186904796
2840,Gansu,95.8292719203715,41.7483959452111
2841,Gansu,96.4368956998898,41.7879731856177
2842,Gansu,97.0451632549468,41.8248455044563
2843,Gansu,97.6540298748796,41.8590083131781
2844,Inner Mongolia,98.2634505806885,41.8904573459936
2845,Inner Mongolia,98.8733801444761,41.9191886636673
2846,Inner Mongolia,99.4837731091625,41.9451986570344
2847,Inner Mongolia,100.094583808458,41.9684840502345
2848,Inner Mongolia,100.705766387069,41.9890419036552
2849,Inner Mongolia,101.317274821121,42.0068696165823
2850,Inner Mongolia,101.929062938765,42.0219649295489
2851,Inner Mongolia,102.541084440959,42.0343259263822
2852,Inner Mongolia,106.215511051631,42.0510075904312
2853,Inner Mongolia,106.827863607209,42.0442038444295
2854,Inner Mongolia,107.440077105992,42.0346629542904
2855,Inner Mongolia,108.052105055146,42.0223861340133
2856,Inner Mongolia,108.663901046418,42.0073749440961
2857,Inner Mongolia,109.275418777183,41.9896312901178
2858,Inner Mongolia,109.886612071367,41.969157421009
2859,Inner Mongolia,110.497434900232,41.9459559270156
2860,Inner Mongolia,111.107841402992,41.9200297373579
2861,Inner Mongolia,111.717785907237,41.8913821175906
2862,Inner Mongolia,112.327222949151,41.8600166666679
2863,Inner Mongolia,112.936107293486,41.8259373137181
2864,Inner Mongolia,113.544393953292,41.7891483145359
2865,Inner Mongolia,114.152038209361,41.7496542477963
2866,Hebei,114.758995629377,41.7074600109979
2867,Hebei,115.36522208675,41.6625708161428
2868,Hebei,115.970673779114,41.6149921851609
2869,Hebei,116.575307246466,41.5647299450854
2870,Hebei,117.179079388939,41.5117902229894
2871,Hebei,117.781947484177,41.4561794406911
2872,Inner Mongolia,118.383869204319,41.3979043092373
2873,Inner Mongolia,118.984802632539,41.3369718231739
2874,Liaoning,119.584706279176,41.2733892546132
2875,Liaoning,120.183539097391,41.207164147108
2876,Liaoning,120.781260498377,41.1383043093417
2877,Liaoning,121.377830366089,41.0668178086449
2878,Liaoning,121.973209071485,40.9927129643495
2879,Liaoning,122.567357486277,40.9159983409892
2880,Liaoning,123.160236996169,40.8366827413576
2881,Liaoning,123.751809513591,40.7547751994346
2882,Liaoning,124.342037489898,40.6702849731919
2883,Liaoning,124.930883927053,40.5832215372858
2884,Xinjiang,73.9920917327998,38.8710143661158
2885,Xinjiang,74.5512123626364,39.0057886141883
2886,Xinjiang,75.1123344780895,39.1381924188149
2887,Xinjiang,75.675432805896,39.2682133384528
2888,Xinjiang,76.2404813859265,39.3958390013238
2889,Xinjiang,76.8074535725838,39.5210571132161
2890,Xinjiang,77.3763220367125,39.6438554653515
2891,Xinjiang,77.9470587680306,39.7642219423141
2892,Xinjiang,78.5196350780883,39.8821445300306
2893,Xinjiang,79.0940216037635,39.9976113237961
2894,Xinjiang,79.6701883113004,40.1106105363364
2895,Xinjiang,80.248104500896,40.2211305058999
2896,Xinjiang,80.8277388118419,40.3291597043685
2897,Xinjiang,81.4090592282243,40.434686745381
2898,Xinjiang,81.9920330851875,40.5377003924577
2899,Xinjiang,82.5766270757627,40.6381895671183
2900,Xinjiang,83.1628072582658,40.7361433569824
2901,Xinjiang,83.7505390642645,40.8315510238432
2902,Xinjiang,84.3397873071162,40.9244020117047
2903,Xinjiang,84.9305161910762,41.0146859547708
2904,Xinjiang,85.5226893209746,41.1023926853766
2905,Xinjiang,86.1162697124606,41.1875122418515
2906,Xinjiang,86.7112198028111,41.2700348763033
2907,Xinjiang,87.3075014622992,41.3499510623105
2908,Xinjiang,87.9050760061185,41.4272515025154
2909,Xinjiang,88.5039042068567,41.501927136103
2910,Xinjiang,89.1039463075123,41.5739691461576
2911,Xinjiang,89.7051620350469,41.6433689668845
2912,Xinjiang,90.3075106144632,41.7101182906862
2913,Xinjiang,90.9109507834009,41.7742090750817
2914,Xinjiang,91.5154408072383,41.8356335494583
2915,Xinjiang,92.1209384946893,41.8943842216454
2916,Xinjiang,92.7274012138823,41.9504538842987
2917,Xinjiang,93.3347859089088,42.0038356210851
2918,Xinjiang,93.9430491168262,42.0545228126573
2919,Xinjiang,94.5521469851006,42.1025091424087
2920,Xinjiang,95.162035289473,42.1477886019987
2921,Xinjiang,95.7726694522324,42.190355496638
2922,Gansu,96.3840045608778,42.2302044501258
2923,Gansu,96.9959953871509,42.2673304096298
2924,Inner Mongolia,97.6085964064201,42.3017286501996
2925,Inner Mongolia,98.2217618173956,42.3333947790071
2926,Inner Mongolia,98.8354455621559,42.3623247393043
2927,Inner Mongolia,99.4496013464633,42.3885148140936
2928,Inner Mongolia,100.064182660347,42.4119616295015
2929,Inner Mongolia,100.679142798932,42.4326621578512
2930,Inner Mongolia,101.294434883489,42.4506137204281
2931,Inner Mongolia,109.30192600814,42.4332556369817
2932,Inner Mongolia,109.916897062512,42.4126396711893
2933,Inner Mongolia,110.531490732412,42.3892773306823
2934,Inner Mongolia,111.145660307301,42.3631716324374
2935,Inner Mongolia,111.759359270898,42.334325939718
2936,Inner Mongolia,112.372541322018,42.302743959011
2937,Inner Mongolia,112.985160395161,42.2684297366614
2938,Inner Mongolia,113.59717068084,42.231387655212
2939,Inner Mongolia,114.208526645614,42.1916224294536
2940,Inner Mongolia,114.819183051811,42.149139102194
2941,Inner Mongolia,115.429094976928,42.1039430397518
2942,Inner Mongolia,116.038217832671,42.0560399271857
2943,Inner Mongolia,116.646507383627,42.005435763264
2944,Hebei,117.253919765556,41.9521368551875
2945,Hebei,117.86041150326,41.8961498130712
2946,Inner Mongolia,118.465939528051,41.8374815441964
2947,Inner Mongolia,119.070461194756,41.7761392470426
2948,Liaoning,119.673934298289,41.7121304051089
2949,Liaoning,120.276317089738,41.6454627805359
2950,Liaoning,120.877568291981,41.5761444075374
2951,Liaoning,121.477647114803,41.5041835856544
2952,Liaoning,122.076513269503,41.4295888728402
2953,Liaoning,122.674126982995,41.352369078389
2954,Liaoning,123.27044901137,41.2725332557188
2955,Liaoning,123.865440652934,41.1900906950186
2956,Liaoning,124.459063760698,41.1050509157729
2957,Liaoning,125.051280754316,41.0174236591724
2958,Jilin,125.642054631472,40.9272188804242
2959,Xinjiang,73.8108623937328,39.2919904441734
2960,Xinjiang,74.3728221502029,39.4275609326482
2961,Xinjiang,74.9368164822788,39.5607522582497
2962,Xinjiang,75.5028198611655,39.6915516612303
2963,Xinjiang,76.0708060535377,39.819946451456
2964,Xinjiang,76.640748122821,39.9459240164425
2965,Xinjiang,77.2126184310013,40.0694718294653
2966,Xinjiang,77.7863886409725,40.1905774577354
2967,Xinjiang,78.3620297194298,40.3092285706341
2968,Xinjiang,78.9395119403183,40.4254129479985
2969,Xinjiang,79.5188048888419,40.5391184884492
2970,Xinjiang,80.0998774660416,40.6503332177524
2971,Xinjiang,80.6826978939467,40.7590452972066
2972,Xinjiang,81.2672337213054,40.8652430320445
2973,Xinjiang,81.8534518298991,40.9689148798425
2974,Xinjiang,82.4413184414429,41.0700494589245
2975,Xinjiang,83.0307991250758,41.1686355567535
2976,Xinjiang,83.6218588054424,41.2646621382982
2977,Xinjiang,84.2144617713662,41.3581183543648
2978,Xinjiang,84.8085716851154,41.4489935498828
2979,Xinjiang,85.4041515922593,41.5372772721352
2980,Xinjiang,86.0011639321151,41.6229592789192
2981,Xinjiang,86.5995705487791,41.7060295466286
2982,Xinjiang,87.1993327027425,41.7864782782452
2983,Xinjiang,87.8004110830832,41.8642959112273
2984,Xinjiang,88.4027658202301,41.9394731252853
2985,Xinjiang,89.0063564992923,42.0120008500299
2986,Xinjiang,89.6111421739455,42.0818702724845
2987,Xinjiang,90.2170813808661,42.1490728444469
2988,Xinjiang,90.8241321547039,42.2136002896918
2989,Xinjiang,91.4322520435827,42.2754446109992
2990,Xinjiang,92.0413981251156,42.3345980970002
2991,Xinjiang,92.6515270229238,42.3910533288275
2992,Xinjiang,93.2625949236438,42.4448031865589
2993,Xinjiang,93.874557594409,42.4958408554444
2994,Xinjiang,94.4873704007891,42.5441598319049
2995,Xinjiang,95.1009883251725,42.5897539292927
2996,Xinjiang,95.7153659855712,42.6326172834041
2997,Gansu,96.3304576548334,42.672744357733
2998,Gansu,96.9462172802407,42.7101299484576
2999,Inner Mongolia,110.565970691986,42.8329331863274
3000,Inner Mongolia,111.183949858759,42.8066437185907
3001,Inner Mongolia,111.801449586325,42.7775952564301
3002,Inner Mongolia,112.418422715538,42.7457916178996
3003,Inner Mongolia,113.034822330317,42.7112369709485
3004,Inner Mongolia,113.650601778598,42.6739358295985
3005,Inner Mongolia,114.26571469298,42.6338930498222
3006,Inner Mongolia,114.880115011037,42.5911138251268
3007,Inner Mongolia,115.493756995306,42.5456036818528
3008,Inner Mongolia,116.106595252886,42.4973684741961
3009,Inner Mongolia,116.71858475467,42.4464143789615
3010,Hebei,117.329680854159,42.3927478900595
3011,Hebei,117.939839305857,42.3363758127516
3012,Inner Mongolia,118.549016283228,42.2773052576601
3013,Inner Mongolia,119.157168396188,42.2155436345471
3014,Liaoning,119.76425270813,42.1510986458779
3015,Inner Mongolia,120.370226752456,42.0839782801762
3016,Liaoning,120.975048548608,42.0141908051849
3017,Liaoning,121.578676617588,41.9417447608423
3018,Liaoning,122.181069996942,41.8666489520857
3019,Liaoning,122.782188255213,41.7889124414935
3020,Liaoning,123.381991505847,41.7085445417781
3021,Liaoning,123.980440420535,41.625554808141
3022,Liaoning,124.577496241999,41.5399530305014
3023,Liaoning,125.173120796198,41.4517492256108
3024,Jilin,125.767276503962,41.3609536290647
3025,Jilin,126.359926392046,41.2675766872229
3026,Xinjiang,74.1923972446008,39.8492102555558
3027,Xinjiang,74.7592893222213,39.9832057431834
3028,Xinjiang,75.3282239857266,40.1148001549579
3029,Xinjiang,75.8991747273162,40.2439804733189
3030,Xinjiang,76.4721143176305,40.3707337583226
3031,Xinjiang,77.0470148074507,40.495047156003
3032,Xinjiang,77.6238475299541,40.616907906805
3033,Xinjiang,78.2025831035343,40.736303354083
3034,Xinjiang,78.7831914351947,40.8532209526568
3035,Xinjiang,79.3656417245227,40.9676482774156
3036,Xinjiang,79.9499024682522,41.0795730319612
3037,Xinjiang,80.5359414654203,41.1889830572819
3038,Xinjiang,81.123725823124,41.2958663404465
3039,Xinjiang,81.7132219628815,41.4002110233089
3040,Xinjiang,82.3043956276016,41.5020054112129
3041,Xinjiang,82.8972118891655,41.6012379816863
3042,Xinjiang,83.4916351566209,41.6978973931145
3043,Xinjiang,84.0876291849914,41.7919724933809
3044,Xinjiang,84.6851570847012,41.8834523284639
3045,Xinjiang,85.2841813316127,41.9723261509785
3046,Xinjiang,85.8846637776775,42.0585834286506
3047,Xinjiang,86.4865656621964,42.1422138527125
3048,Xinjiang,87.0898476236847,42.2232073462067
3049,Xinjiang,87.6944697123395,42.3015540721869
3050,Xinjiang,88.3003914031006,42.3772444418024
3051,Xinjiang,88.9075716092999,42.4502691222558
3052,Xinjiang,89.5159686968911,42.5206190446188
3053,Xinjiang,90.1255404992496,42.588285411496
3054,Xinjiang,90.7362443325336,42.6532597045238
3055,Xinjiang,91.348037011594,42.7155336916916
3056,Xinjiang,91.9608748664227,42.7750994344734
3057,Xinjiang,92.5747137591236,42.8319492947586
3058,Xinjiang,93.1895091013943,42.8860759415689
3059,Xinjiang,93.8052158725013,42.9374723575508
3060,Xinjiang,94.4217886377338,42.986131845232
3061,Xinjiang,95.0391815673184,43.0320480330304
3062,Xinjiang,95.6573484557756,43.0752148810054
3063,Inner Mongolia,111.222718886404,43.2504804582753
3064,Inner Mongolia,111.844066540626,43.2212243804695
3065,Inner Mongolia,112.464877667502,43.1891937929309
3066,Inner Mongolia,113.085104479421,43.154392989825
3067,Inner Mongolia,113.704699461097,43.1168266216264
3068,Inner Mongolia,114.323615390839,43.0764996908139
3069,Inner Mongolia,114.941805361491,43.0334175472591
3070,Inner Mongolia,115.559222801014,42.9875858833188
3071,Inner Mongolia,116.175821492678,42.9390107286387
3072,Inner Mongolia,116.791555594854,42.887698444679
3073,Inner Mongolia,117.406379660391,42.8336557189708
3074,Inner Mongolia,118.020248655536,42.7768895591153
3075,Inner Mongolia,118.633117978408,42.7174072865343
3076,Inner Mongolia,119.244943476987,42.6552165299856
3077,Inner Mongolia,119.855681466609,42.5903252188518
3078,Inner Mongolia,120.465288746954,42.5227415762169
3079,Inner Mongolia,121.073722618515,42.4524741117401
3080,Liaoning,121.680940898515,42.3795316143404
3081,Liaoning,122.286901936295,42.3039231447028
3082,Liaoning,122.891564628125,42.2256580276203
3083,Liaoning,123.494888431457,42.144745844181
3084,Liaoning,124.096833378583,42.0611964238161
3085,Liaoning,124.697360089726,41.9750198362183
3086,Jilin,125.296429785517,41.8862263831447
3087,Jilin,125.894004298881,41.7948265901155
3088,Jilin,126.490046086317,41.7008311980217
3089,Jilin,127.677384490678,41.5050976061563
3090,Xinjiang,76.8794788320705,40.9206047972334
3091,Xinjiang,78.0412636116396,41.1633930962321
3092,Xinjiang,78.6250288552447,41.2810599838448
3093,Xinjiang,79.2106679895025,41.3962249779482
3094,Xinjiang,79.798149101684,41.508875449891
3095,Xinjiang,80.3874395620783,41.6189989102115
3096,Xinjiang,80.9785060297705,41.7265830176364
3097,Xinjiang,81.5713144590461,41.8316155880942
3098,Xinjiang,82.1658301064274,41.9340846037339
3099,Xinjiang,82.7620175383427,42.0339782219361
3100,Xinjiang,83.3598406394338,42.1312847843068
3101,Xinjiang,83.9592626215002,42.2259928256421
3102,Xinjiang,84.5602460330832,42.3180910828499
3103,Xinjiang,85.1627527696875,42.4075685038193
3104,Xinjiang,85.7667440846385,42.4944142562231
3105,Xinjiang,86.3721806005745,42.5786177362416
3106,Xinjiang,86.9790223215679,42.6601685771953
3107,Xinjiang,87.5872286458723,42.739056658073
3108,Xinjiang,88.1967583792872,42.8152721119428
3109,Xinjiang,88.8075697491369,42.8888053342327
3110,Xinjiang,89.4196204188512,42.9596469908674
3111,Xinjiang,90.0328675031417,43.0277880262501
3112,Xinjiang,90.6472675837623,43.0932196710727
3113,Xinjiang,91.2627767258416,43.1559334499456
3114,Xinjiang,91.879350494776,43.2159211888309
3115,Xinjiang,92.4969439736686,43.2731750222686
3116,Xinjiang,93.1155117812994,43.3276874003818
3117,Xinjiang,93.7350080906118,43.3794510956494
3118,Xinjiang,94.3553866476971,43.428459209434
3119,Xinjiang,94.9766007912596,43.4747051782539
3120,Xinjiang,95.5986034725445,43.518182779786
3121,Inner Mongolia,111.887220064069,43.6652485755584
3122,Inner Mongolia,112.511916979817,43.6329855766612
3123,Inner Mongolia,113.136018507712,43.5979327008424
3124,Inner Mongolia,113.759476247963,43.560094740261
3125,Inner Mongolia,114.38224210365,43.5194768495017
3126,Inner Mongolia,115.004268302304,43.4760845407576
3127,Inner Mongolia,115.625507417112,43.4299236787043
3128,Inner Mongolia,116.245912387714,43.3810004750731
3129,Inner Mongolia,116.865436540592,43.3293214829348
3130,Inner Mongolia,117.484033609007,43.2748935907042
3131,Inner Mongolia,118.101657752479,43.217724015877
3132,Inner Mongolia,118.71826357579,43.1578202985092
3133,Inner Mongolia,119.333806147482,43.095190294452
3134,Inner Mongolia,119.948241017846,43.0298421683533
3135,Inner Mongolia,120.561524236377,42.9617843864382
3136,Inner Mongolia,121.173612368682,42.8910257090821
3137,Inner Mongolia,121.784462512832,42.8175751831869
3138,Inner Mongolia,122.394032315143,42.7414421343757
3139,Liaoning,123.002279985362,42.6626361590164
3140,Liaoning,123.609164311275,42.5811671160895
3141,Liaoning,124.2146446727,42.4970451189115
3142,Liaoning,124.818681054872,42.4102805267282
3143,Jilin,125.421234061208,42.3208839361892
3144,Jilin,126.02226492545,42.228866172719
3145,Jilin,126.621735523174,42.1342382817956
3146,Jilin,127.219608382667,42.0370115201497
3147,Jilin,127.815846695172,41.9371973468984
3148,Xinjiang,80.2371615339544,42.0491193465141
3149,Xinjiang,80.8315441585218,42.1574199944126
3150,Xinjiang,81.4276996220719,42.2631559419938
3151,Xinjiang,82.0255926870702,42.3663148375445
3152,Xinjiang,82.6251874061862,42.4668845076282
3153,Xinjiang,83.2264471307105,42.564852966415
3154,Xinjiang,83.829334519635,42.6602084249843
3155,Xinjiang,84.4338115493967,42.7529393005882
3156,Xinjiang,85.0398395242835,42.8430342258641
3157,Xinjiang,85.6473790875027,42.9304820579811
3158,Xinjiang,86.256390232908,43.0152718877096
3159,Xinjiang,86.8668323173811,43.0973930483985
3160,Xinjiang,87.4786640738649,43.1768351248479
3161,Xinjiang,88.0918436250403,43.2535879620626
3162,Xinjiang,88.7063284976401,43.3276416738733
3163,Xinjiang,89.3220756373928,43.3989866514116
3164,Xinjiang,89.939041424584,43.4676135714247
3165,Xinjiang,90.5571816902284,43.5335134044162
3166,Xinjiang,91.1764517328372,43.5966774225996
3167,Xinjiang,91.7968063357698,43.65709720765
3168,Xinjiang,92.4181997851553,43.7147646582418
3169,Xinjiang,93.0405858883676,43.769671997358
3170,Xinjiang,93.663917993039,43.8218117793592
3171,Xinjiang,94.2881490065942,43.8711768967978
3172,Xinjiang,94.913231416285,43.9177605869675
3173,Xinjiang,95.5391173097083,43.9615564381735
3174,Inner Mongolia,111.930920337752,44.1097041118794
3175,Inner Mongolia,112.559551726817,44.0772030595871
3176,Inner Mongolia,113.187576374137,44.0418920003004
3177,Inner Mongolia,113.814944973479,44.0037758733684
3178,Inner Mongolia,114.441608531113,43.9628599913748
3179,Inner Mongolia,115.067518388052,43.9191500351027
3180,Inner Mongolia,115.692626241899,43.8726520481764
3181,Inner Mongolia,116.316884168284,43.8233724313918
3182,Inner Mongolia,116.94024464185,43.7713179367448
3183,Inner Mongolia,117.562660556788,43.7164956611696
3184,Inner Mongolia,118.184085246891,43.6589130399981
3185,Inner Mongolia,118.804472505096,43.5985778401529
3186,Inner Mongolia,119.423776602521,43.5354981530868
3187,Inner Mongolia,120.041952306952,43.4696823874801
3188,Inner Mongolia,120.658954900785,43.40113926171
3189,Inner Mongolia,121.274740198393,43.3298777961055
3190,Inner Mongolia,121.889264562913,43.2559073049992
3191,Inner Mongolia,122.502484922438,43.1792373885927
3192,Inner Mongolia,123.114358785593,43.0998779246469
3193,Liaoning,123.724844256501,43.0178390600115
3194,Liaoning,124.333900049118,42.9331312020085
3195,Jilin,124.941485500925,42.8457650096822
3196,Jilin,125.547560585984,42.7557513849302
3197,Jilin,126.152085927341,42.6631014635289
3198,Jilin,126.755022808771,42.5678266060669
3199,Jilin,127.356333185865,42.4699383888007
3200,Jilin,127.955979696461,42.3694485944437
3201,Jilin,128.553925670405,42.2663692029044
3202,Xinjiang,80.68280932868,42.5884048189929
3203,Xinjiang,81.2823470653316,42.6948600900885
3204,Xinjiang,81.8836534966805,42.7987245707954
3205,Xinjiang,82.4866921532198,42.8999857457083
3206,Xinjiang,83.0914258438093,42.9986312904175
3207,Xinjiang,83.6978166648897,43.0946490811667
3208,Xinjiang,84.3058260103865,43.1880272044737
3209,Xinjiang,84.9154145823031,43.2787539667034
3210,Xinjiang,85.526542402001,43.3668179035759
3211,Xinjiang,86.1391688221659,43.4522077895982
3212,Xinjiang,86.7532525394555,43.534912647404
3213,Xinjiang,87.3687516078239,43.6149217569887
3214,Xinjiang,87.9856234525174,43.6922246648232
3215,Xinjiang,88.6038248847333,43.7668111928341
3216,Xinjiang,89.223312116934,43.8386714472339
3217,Xinjiang,89.8440407788062,43.9077958271876
3218,Xinjiang,90.4659659338556,43.9741750333012
3219,Xinjiang,91.0890420966217,44.0378000759168
3220,Xinjiang,91.7132232505033,44.0986622832004
3221,Xinjiang,92.3384628661771,44.1567533090087
3222,Xinjiang,92.9647139205946,44.212065140519
3223,Xinjiang,93.5919289165404,44.2645901056113
3224,Xinjiang,94.2200599027337,44.3143208799854
3225,Inner Mongolia,111.975177801555,44.5546283250588
3226,Inner Mongolia,112.607793263888,44.5218833885898
3227,Inner Mongolia,113.239790340633,44.4863078311099
3228,Inner Mongolia,113.871118796504,44.4479067449582
3229,Inner Mongolia,114.501728718715,44.406685606923
3230,Inner Mongolia,115.131570539906,44.362650272976
3231,Inner Mongolia,115.760595060666,44.3158069726696
3232,Inner Mongolia,116.388753471611,44.2661623032099
3233,Inner Mongolia,117.015997375015,44.2137232232144
3234,Inner Mongolia,117.642278805945,44.1584970461688
3235,Inner Mongolia,118.267550252911,44.1004914335938
3236,Inner Mongolia,118.891764677976,44.0397143879353
3237,Inner Mongolia,119.514875536337,43.9761742451912
3238,Inner Mongolia,120.136836795335,43.9098796672885
3239,Inner Mongolia,120.757602952894,43.8408396342232
3240,Inner Mongolia,121.377129055367,43.7690634359798
3241,Inner Mongolia,121.995370714763,43.6945606642421
3242,Inner Mongolia,122.61228412537,43.61734120391
3243,Inner Mongolia,123.227826079726,43.537415224439
3244,Liaoning,123.841953983959,43.4547931710139
3245,Jilin,124.45462587246,43.3694857555739
3246,Jilin,125.065800421907,43.2815039477017
3247,Jilin,125.675436964602,43.1908589653931
3248,Jilin,126.283495501148,43.0975622657194
3249,Jilin,126.889936712429,43.0016255353988
3250,Jilin,127.494721970914,42.9030606812898
3251,Jilin,128.097813351272,42.8018798208208
3252,Jilin,128.699173640297,42.6980952723704
3253,Jilin,129.298766346144,42.5917195456098
3254,Xinjiang,80.5322699417749,43.019565692556
3255,Xinjiang,81.1352256921818,43.1267567114188
3256,Xinjiang,81.739981960809,43.231342956543
3257,Xinjiang,82.3465017474477,43.3333115588937
3258,Xinjiang,82.9547473093122,43.4326498438238
3259,Xinjiang,83.5646801703882,43.5293453411037
3260,Xinjiang,84.1762611314973,43.623385794918
3261,Xinjiang,84.7894502810767,43.7147591738151
3262,Xinjiang,85.4042070066755,43.8034536805958
3263,Xinjiang,86.0204900071633,43.8894577621255
3264,Xinjiang,86.6382573056478,43.9727601190559
3265,Xinjiang,87.2574662630981,44.0533497154399
3266,Xinjiang,87.8780735926651,44.131215788226
3267,Xinjiang,88.5000353746949,44.206347856615
3268,Xinjiang,89.1233070724226,44.2787357312661
3269,Xinjiang,89.7478435483403,44.3483695233335
3270,Xinjiang,90.3735990812261,44.415239653322
3271,Xinjiang,91.0005273838209,44.4793368597424
3272,Xinjiang,91.6285816211415,44.5406522075546
3273,Xinjiang,92.2577144294123,44.5991770963808
3274,Xinjiang,92.8878779356011,44.6549032684759
3275,Xinjiang,93.5190237775403,44.7078228164389
3276,Inner Mongolia,112.020003162401,45.0000596789389
3277,Inner Mongolia,113.928011210773,44.8925251760776
3278,Inner Mongolia,114.562617068673,44.850991271818
3279,Inner Mongolia,115.19644005721,44.8066225696908
3280,Inner Mongolia,115.829430057869,44.7594254925284
3281,Inner Mongolia,116.461537354628,44.7094068416821
3282,Inner Mongolia,117.09271265624,44.6565737904946
3283,Inner Mongolia,117.722907118008,44.6009338774584
3284,Inner Mongolia,118.352072363036,44.5424949990731
3285,Inner Mongolia,118.980160502935,44.4812654024158
3286,Inner Mongolia,119.607124157963,44.4172536774368
3287,Inner Mongolia,120.232916476577,44.3504687489983
3288,Inner Mongolia,120.857491154386,44.2809198686675
3289,Inner Mongolia,121.48080245248,44.208616606281
3290,Inner Mongolia,122.10280521513,44.1335688412952
3291,Inner Mongolia,122.723454886836,44.055786753937
3292,Inner Mongolia,123.342707528714,43.9752808161722
3293,Jilin,123.960519834212,43.8920617825048
3294,Jilin,124.576849144147,43.8061406806241
3295,Jilin,125.191653461041,43.7175288019153
3296,Jilin,125.80489146277,43.6262376918468
3297,Jilin,126.416522515504,43.5322791402526
3298,Jilin,127.026506685935,43.435665171522
3299,Jilin,127.634804752795,43.3364080347139
3300,Jilin,128.241378217661,43.2345201936081
3301,Jilin,128.846189315039,43.1300143167099
3302,Jilin,129.449201021734,43.0229032672217
3303,Xinjiang,80.9863036755901,43.5588751977571
3304,Xinjiang,81.5945467831435,43.6641998827404
3305,Xinjiang,82.204585444225,43.766892326887
3306,Xinjiang,82.8163813550561,43.866939493112
3307,Xinjiang,83.4298954571033,43.9643285525278
3308,Xinjiang,84.0450879473032,44.0590468948344
3309,Xinjiang,84.6619182890311,44.1510821386662
3310,Xinjiang,85.2803452238146,44.240422141879
3311,Xinjiang,85.900326783788,44.3270550117627
3312,Xinjiang,86.5218203048857,44.4109691151643
3313,Xinjiang,87.1447824407688,44.4921530885034
3314,Xinjiang,87.7691691774798,44.5705958476664
3315,Xinjiang,88.3949358488164,44.6462865977615
3316,Xinjiang,89.0220371524173,44.719214842719
3317,Xinjiang,89.6504271665493,44.7893703947204
3318,Xinjiang,90.2800593675829,44.8567433834395
3319,Xinjiang,90.9108866481456,44.9213242650797
3320,Xinjiang,91.5428613359371,44.9831038311912
3321,Inner Mongolia,114.624288351295,45.2958157109915
3322,Inner Mongolia,115.262142629488,45.2511053764592
3323,Inner Mongolia,115.89914782978,45.2035457699208
3324,Inner Mongolia,116.535253307231,45.1531439050245
3325,Inner Mongolia,117.170408855292,45.0999071783758
3326,Inner Mongolia,117.804564728244,45.0438433623803
3327,Inner Mongolia,118.43767166308,44.9849605977731
3328,Inner Mongolia,119.069680900815,44.9232673858505
3329,Inner Mongolia,119.700544207212,44.8587725804164
3330,Inner Mongolia,120.33021389289,44.7914853794631
3331,Inner Mongolia,120.958642832807,44.721415316597
3332,Inner Mongolia,121.585784485093,44.6485722522289
3333,Jilin,122.211592909229,44.5729663645432
3334,Jilin,122.836022783537,44.4946081402626
3335,Jilin,123.459029421993,44.4135083652248
3336,Jilin,124.080568790335,44.3296781147875
3337,Jilin,124.700597521453,44.243128744077
3338,Jilin,125.319072930075,44.1538718780991
3339,Jilin,125.935953026707,44.0619194017262
3340,Jilin,126.551196530857,43.9672834495779
3341,Jilin,127.164762883505,43.8699763958108
3342,Jilin,127.776612258846,43.7700108438334
3343,Jilin,128.386705575275,43.667399615961
3344,Heilongjiang,128.995004505642,43.5621557430263
3345,Jilin,129.601471486749,43.4542924539611
3346,Jilin,130.206069728112,43.3438231653619
3347,Jilin,130.808763219983,43.2307614710555
3348,Xinjiang,80.835548437077,43.9912456946344
3349,Xinjiang,81.4473159245566,44.0973260145733
3350,Xinjiang,82.0609117654397,44.2007592300262
3351,Xinjiang,82.6762970854748,44.3015319286954
3352,Xinjiang,83.293432233385,44.3996309102709
3353,Xinjiang,83.9122767912524,44.495043197234
3354,Xinjiang,84.5327895856773,44.58775604562
3355,Xinjiang,85.1549286997101,44.6777569557251
3356,Xinjiang,85.778651485556,44.7650336827403
3357,Xinjiang,86.4039145780482,44.8495742472958
3358,Xinjiang,87.0306739088846,44.9313669458992
3359,Xinjiang,87.6588847216229,45.0104003612508
3360,Xinjiang,88.2885015874256,45.0866633724182
3361,Xinjiang,88.9194784215463,45.1601451648531
3362,Xinjiang,89.5517685005477,45.2308352402336
3363,Xinjiang,90.1853244802378,45.2987234261134
3364,Inner Mongolia,116.609919266043,45.5974125240514
3365,Inner Mongolia,117.24910480992,45.5437620828216
3366,Inner Mongolia,117.887271360618,45.4872638473546
3367,Inner Mongolia,118.524368747699,45.4279262123751
3368,Inner Mongolia,119.16034732086,45.3657579434994
3369,Inner Mongolia,119.795157971254,45.3007681688131
3370,Inner Mongolia,120.428752152178,45.2329663701713
3371,Inner Mongolia,121.061081899101,45.1623623742377
3372,Inner Mongolia,121.692099849018,45.0889663432787
3373,Jilin,122.321759259117,45.0127887657303
3374,Jilin,122.950014024736,44.9338404465545
3375,Jilin,123.576818696601,44.8521324974032
3376,Jilin,124.202128497339,44.7676763266062
3377,Jilin,124.825899337241,44.6804836290013
3378,Jilin,125.448087829285,44.5905663756233
3379,Jilin,126.068651303394,44.4979368032687
3380,Jilin,126.687547819934,44.4026074039553
3381,Jilin,127.304736182438,44.3045909142894
3382,Heilongjiang,127.92017594957,44.2039003047628
3383,Heilongjiang,128.533827446299,44.1005487689896
3384,Heilongjiang,129.145651774312,43.994549712905
3385,Jilin,129.755610821651,43.8859167439363
3386,Jilin,130.363667271567,43.7746636601656
3387,Heilongjiang,130.969784610623,43.6608044394964
3388,Xinjiang,80.6829266249441,44.4238991448003
3389,Xinjiang,81.2982565814387,44.5307528393272
3390,Xinjiang,81.9154484779769,44.6349442955628
3391,Xinjiang,82.5344628602235,44.7364597126152
3392,Xinjiang,83.1552594737741,44.8352855053742
3393,Xinjiang,83.7777972746978,44.9314083157493
3394,Xinjiang,84.4020344408867,45.02481502387
3395,Xinjiang,85.0279283842091,45.1154927592337
3396,Xinjiang,85.6554357634674,45.2034289117826
3397,Xinjiang,86.2845124981555,45.2886111428926
3398,Xinjiang,86.9151137830121,45.371027396256
3399,Xinjiang,87.5471941033633,45.4506659086413
3400,Xinjiang,88.1807072512482,45.5275152205097
3401,Xinjiang,88.8156063423158,45.6015641864725
3402,Xinjiang,89.4518438334861,45.672801985569
3403,Xinjiang,90.0893715413594,45.7412181313473
3404,Xinjiang,90.7281406613644,45.8068024817302
3405,Inner Mongolia,116.685553628698,46.0422529720626
3406,Inner Mongolia,117.328819840776,45.9881784247701
3407,Inner Mongolia,117.971047243313,45.9312348855553
3408,Inner Mongolia,118.612184736499,45.8714310134177
3409,Inner Mongolia,119.252181757381,45.8087758489415
3410,Inner Mongolia,119.890988301815,45.7432788054826
3411,Inner Mongolia,120.528554945742,45.6749496600674
3412,Inner Mongolia,121.164832865785,45.6037985440208
3413,Inner Mongolia,121.799773859138,45.5298359333424
3414,Jilin,122.433330362738,45.4530726388474
3415,Jilin,123.065455471693,45.3735197960926
3416,Jilin,123.696102956969,45.2911888551036
3417,Jilin,124.325227282313,45.2060915699233
3418,Jilin,124.952783620398,45.1182399879995
3419,Jilin,125.578727868191,45.0276464394297
3420,Jilin,126.203016661534,44.9343235260817
3421,Jilin,126.825607388921,44.8382841106075
3422,Heilongjiang,127.446458204484,44.7395413053689
3423,Heilongjiang,128.065528040171,44.6381084612922
3424,Heilongjiang,128.682776617117,44.5339991566682
3425,Heilongjiang,129.298164456215,44.427227185916
3426,Heilongjiang,129.91165288788,44.3178065483258
3427,Heilongjiang,130.523204061009,44.2057514367972
3428,Heilongjiang,131.132780951145,44.0910762265886
3429,Xinjiang,80.5284040917615,44.8568673343033
3430,Xinjiang,81.1473351632869,44.9645127139797
3431,Xinjiang,81.7681625714381,45.0694804467747
3432,Xinjiang,82.3908462720581,45.1717563291769
3433,Xinjiang,83.0153453970714,45.2713263772489
3434,Xinjiang,83.6416182651853,45.3681768383197
3435,Xinjiang,84.2696223934293,45.4622942026464
3436,Xinjiang,84.8993145095321,45.5536652150253
3437,Xinjiang,85.5306505651346,45.6422768863352
3438,Xinjiang,86.1635857498373,45.7281165049945
3439,Xinjiang,86.7980745060754,45.8111716483129
3440,Xinjiang,87.4340705448173,45.8914301937195
3441,Xinjiang,88.0715268620789,45.9688803298464
3442,Xinjiang,88.7103957562425,46.0435105674506
3443,Xinjiang,89.3506288461725,46.1153097501524
3444,Xinjiang,89.9921770901126,46.1842670649729
3445,Xinjiang,90.6349908053522,46.2503720526497
3446,Inner Mongolia,117.409573766901,46.433197423567
3447,Inner Mongolia,118.055913124856,46.3757973091248
3448,Inner Mongolia,118.701141290755,46.3155154302513
3449,Inner Mongolia,119.345206767051,46.2523611137314
3450,Inner Mongolia,119.988058633015,46.1863440697799
3451,Inner Mongolia,120.629646566637,46.1174743825151
3452,Inner Mongolia,121.269920865802,46.0457625001528
3453,Jilin,121.90883246873,45.9712192249386
3454,Inner Mongolia,122.546332973668,45.8938557028399
3455,Jilin,123.182374657812,45.8136834130149
3456,Jilin,123.816910495446,45.7307141570799
3457,Heilongjiang,124.449894175284,45.6449600481931
3458,Heilongjiang,125.081280117014,45.5564334999751
3459,Heilongjiang,125.711023487013,45.4651472152855
3460,Heilongjiang,126.339080213257,45.3711141748743
3461,Heilongjiang,126.96540699939,45.2743476259285
3462,Heilongjiang,127.589961337961,45.17486107053
3463,Heilongjiang,128.212701522828,45.0726682540473
3464,Heilongjiang,128.833586660725,44.9677831534749
3465,Heilongjiang,129.452576681988,44.8602199657413
3466,Heilongjiang,130.069632350443,44.7499930960012
3467,Heilongjiang,130.684715272468,44.6371171459296
3468,Xinjiang,82.8736574436318,45.7077885691376
3469,Xinjiang,83.5037078639692,45.8053843842968
3470,Xinjiang,84.1355222287421,45.9002297699623
3471,Xinjiang,84.7690565683253,45.9923110716224
3472,Xinjiang,85.4042661131513,46.0816149065713
3473,Xinjiang,86.0411053080501,46.1681281758594
3474,Xinjiang,86.6795278274536,46.2518380761395
3475,Xinjiang,87.3194865914575,46.3327321113892
3476,Xinjiang,87.9609337827327,46.4107981044878
3477,Xinjiang,88.603820864278,46.4860242086289
3478,Xinjiang,89.2480985980023,46.5583989185463
3479,Xinjiang,89.8937170641232,46.6279110815339
3480,Xinjiang,90.5406256813692,46.6945499082377
3481,Inner Mongolia,120.086392999893,46.6300048304873
3482,Inner Mongolia,120.732051928735,46.5605809367493
3483,Inner Mongolia,121.376371672082,46.4882941585601
3484,Inner Mongolia,122.01930228949,46.4131556376035
3485,Inner Mongolia,122.660794521594,46.3351768684586
3486,Heilongjiang,123.300799809536,46.2543696875872
3487,Jilin,123.939270313569,46.1707462621137
3488,Heilongjiang,124.576158930838,46.0843190784181
3489,Heilongjiang,125.211419312315,45.9951009305635
3490,Heilongjiang,125.84500587889,45.9031049085784
3491,Heilongjiang,126.4768738366,45.8083443866136
3492,Heilongjiang,127.106979190997,45.7108330109951
3493,Heilongjiang,127.735278760643,45.6105846881911
3494,Heilongjiang,128.361730189745,45.5076135727152
3495,Heilongjiang,128.986291959907,45.4019340549816
3496,Heilongjiang,129.608923401015,45.2935607491347
3497,Heilongjiang,130.229584701254,45.1825084808675
3498,Heilongjiang,130.848236916255,45.0687922752504
3499,Xinjiang,82.730162251853,46.1447081871443
3500,Xinjiang,83.3640333827243,46.2430676652488
3501,Xinjiang,83.9997019558966,46.3386590351902
3502,Xinjiang,84.6371232909182,46.4314682277932
3503,Xinjiang,85.2762518826716,46.5214814514943
3504,Xinjiang,85.9170414160117,46.608685204812
3505,Xinjiang,86.559444781304,46.6930662887149
3506,Xinjiang,87.2034140908579,46.7746118188659
3507,Xinjiang,87.8489006962453,46.8533092377209
3508,Xinjiang,88.4958552064972,46.9291463264595
3509,Xinjiang,89.1442275071653,47.002111216727
3510,Xinjiang,89.7939667802373,47.0721924021649
3511,Xinjiang,90.4450215248893,47.1393787497072
3512,Inner Mongolia,120.186016057627,47.0743033237427
3513,Inner Mongolia,120.835796586491,47.0043110642027
3514,Inner Mongolia,121.484211717838,46.931434751583
3515,Inner Mongolia,122.131210612328,46.8556858809212
3516,Inner Mongolia,122.776743133558,46.7770763096024
3517,Inner Mongolia,123.420759868007,46.6956182458351
3518,Heilongjiang,124.063212144118,46.6113242369162
3519,Heilongjiang,124.704052050525,46.5242071573053
3520,Heilongjiang,125.3432324534,46.4342801965305
3521,Heilongjiang,125.980707012909,46.3415568469494
3522,Heilongjiang,126.616430198784,46.2460508913837
3523,Heilongjiang,127.250357304984,46.1477763906517
3524,Heilongjiang,127.88244446346,46.0467476710184
3525,Heilongjiang,128.512648657007,45.9429793115834
3526,Heilongjiang,129.140927731215,45.836486131628
3527,Heilongjiang,129.76724040551,45.7272831779405
3528,Heilongjiang,130.391546283283,45.6153857121382
3529,Heilongjiang,131.013805861134,45.500809198007
3530,Heilongjiang,131.633980537205,45.3835692888731
3531,Heilongjiang,132.252032618634,45.2636818150285
3532,Heilongjiang,132.867925328126,45.141162771223
3533,Xinjiang,83.2225613194199,46.6812645497744
3534,Xinjiang,83.8621287837323,46.7776204957927
3535,Xinjiang,84.5034826217497,46.8711758011936
3536,Xinjiang,85.1465765781657,46.9619162494819
3537,Xinjiang,85.7913635623203,47.0498279206779
3538,Xinjiang,86.437795664079,47.1348972042361
3539,Xinjiang,87.0858241706439,47.2171108118409
3540,Xinjiang,87.73539958429,47.296455790056
3541,Xinjiang,88.3864716410161,47.3729195328045
3542,Xinjiang,89.0389893300998,47.4464897936566
3543,Xinjiang,89.6929009145429,47.5171546979009
3544,Xinjiang,90.3481539523921,47.5849027543758
3545,Inner Mongolia,115.674783240265,47.9310373036717
3546,Inner Mongolia,116.336977426365,47.8811005090055
3547,Inner Mongolia,119.631659618973,47.586941347464
3548,Inner Mongolia,120.286953101494,47.5192832364015
3549,Inner Mongolia,120.94090675548,47.4487079301325
3550,Inner Mongolia,121.59346811763,47.3752269078294
3551,Inner Mongolia,122.244585428928,47.298852032575
3552,Heilongjiang,122.89420765599,47.2195955395381
3553,Heilongjiang,123.542284511539,47.1374700239095
3554,Heilongjiang,124.188766473985,47.0524884286205
3555,Heilongjiang,124.833604806103,46.9646640318686
3556,Heilongjiang,125.476751572802,46.8740104344726
3557,Heilongjiang,126.118159657959,46.7805415470813
3558,Heilongjiang,126.757782780333,46.6842715772582
3559,Heilongjiang,127.395575508529,46.5852150164644
3560,Heilongjiang,128.031493275029,46.4833866269628
3561,Heilongjiang,128.665492389271,46.3788014286652
3562,Heilongjiang,129.297530049792,46.2714746859424
3563,Heilongjiang,129.927564355418,46.1614218944206
3564,Heilongjiang,130.555554315517,46.0486587677816
3565,Heilongjiang,131.181459859316,45.9332012245878
3566,Heilongjiang,131.805241844288,45.8150653751518
3567,Heilongjiang,132.42686206361,45.6942675084657
3568,Heilongjiang,133.046283252716,45.5708240792119
3569,Xinjiang,83.0792573333229,47.1200141326628
3570,Xinjiang,85.6640404572219,47.4915980091994
3571,Xinjiang,86.314550011201,47.5773731295671
3572,Xinjiang,86.9666872156108,47.6602720059417
3573,Xinjiang,87.6204017047763,47.7402812726743
3574,Xinjiang,88.275642322107,47.8173879203424
3575,Xinjiang,88.9323571401584,47.8915793086148
3576,Xinjiang,89.5904934816231,47.9628431788976
3577,Inner Mongolia,116.413376797544,48.3299110284315
3578,Inner Mongolia,117.07892960576,48.2765390342998
3579,Inner Mongolia,117.743393167038,48.2201743692905
3580,Inner Mongolia,118.406710777366,48.1608267374732
3581,Inner Mongolia,119.06882633731,48.09850629482
3582,Inner Mongolia,119.729684378216,48.0332236384185
3583,Inner Mongolia,120.389230087599,47.9649897953147
3584,Inner Mongolia,121.047409333709,47.8938162110108
3585,Inner Mongolia,121.704168689237,47.8197147376418
3586,Inner Mongolia,122.359455454138,47.7426976218558
3587,Heilongjiang,123.013217677575,47.6627774924231
3588,Heilongjiang,123.665404178929,47.5799673475979
3589,Heilongjiang,124.315964567893,47.49428054226
3590,Heilongjiang,124.964849263622,47.4057307748587
3591,Heilongjiang,125.612009512917,47.3143320741849
3592,Heilongjiang,126.25739740746,47.2200987859973
3593,Heilongjiang,126.900965900066,47.1230455595247
3594,Heilongjiang,127.542668819957,47.0231873338694
3595,Heilongjiang,128.182460887064,46.9205393243361
3596,Heilongjiang,128.820297725331,46.8151170087078
3597,Heilongjiang,129.456135875047,46.7069361134919
3598,Heilongjiang,130.089932804188,46.5960126001591
3599,Heilongjiang,130.721646918783,46.4823626513952
3600,Heilongjiang,131.351237572303,46.366002657387
3601,Heilongjiang,131.978665074088,46.2469492021626
3602,Heilongjiang,132.60389069681,46.1252190500037
3603,Heilongjiang,133.226876682989,46.0008291319506
3604,Xinjiang,86.1896765728602,48.0205378452772
3605,Xinjiang,86.8459728439768,48.1041398239566
3606,Xinjiang,87.503877568596,48.1848307368127
3607,Xinjiang,88.1633386774747,48.2625971540815
3608,Inner Mongolia,116.490808225712,48.7795780023916
3609,Inner Mongolia,117.160788501979,48.7257358608486
3610,Inner Mongolia,117.829657460469,48.6688761992464
3611,Inner Mongolia,118.497357301377,48.6090090472653
3612,Inner Mongolia,119.163830849745,48.5461449002912
3613,Inner Mongolia,119.829021582459,48.4802947080827
3614,Inner Mongolia,120.492873654407,48.4114698630534
3615,Inner Mongolia,121.155331923759,48.339682188196
3616,Inner Mongolia,121.816341976361,48.2649439246753
3617,Inner Mongolia,122.47585014921,48.1872677191131
3618,Inner Mongolia,123.133803552987,48.1066666105964
3619,Heilongjiang,123.790150093643,48.0231540174307
3620,Heilongjiang,124.444838493007,47.9367437236691
3621,Heilongjiang,125.097818308414,47.8474498654398
3622,Heilongjiang,125.749039951334,47.7552869171029
3623,Heilongjiang,126.398454704995,47.6602696772582
3624,Heilongjiang,127.04601474099,47.5624132546328
3625,Heilongjiang,127.691673134866,47.4617330538732
3626,Heilongjiang,128.335383880689,47.3582447612655
3627,Heilongjiang,128.977101904584,47.2519643304104
3628,Heilongjiang,129.616783077247,47.1429079678748
3629,Heilongjiang,130.25438422544,47.0310921188434
3630,Heilongjiang,130.889863142461,46.9165334527946
3631,Heilongjiang,131.523178597606,46.7992488492194
3632,Heilongjiang,132.154290344618,46.679255383407
3633,Heilongjiang,132.78315912915,46.5565703123147
3634,Heilongjiang,133.409746695232,46.4312110605432
3635,Xinjiang,86.7236498827298,48.5487602893403
3636,Xinjiang,87.3857969154762,48.6301508696184
3637,Xinjiang,88.0495313846558,48.7085945695338
3638,Inner Mongolia,116.56929266958,49.2301533034672
3639,Inner Mongolia,117.243758815503,49.1758281929059
3640,Inner Mongolia,117.917090975645,49.1184600738311
3641,Inner Mongolia,118.589230226592,49.0580593162163
3642,Inner Mongolia,119.260118290857,48.994636770081
3643,Inner Mongolia,119.929697564709,48.9282037535757
3644,Inner Mongolia,120.597911145116,48.8587720406678
3645,Inner Mongolia,121.264702855775,48.7863538484563
3646,Inner Mongolia,121.930017272214,48.7109618241417
3647,Inner Mongolia,122.593799745926,48.6326090316816
3648,Inner Mongolia,123.255996427529,48.5513089381573
3649,Inner Mongolia,123.916554288928,48.4670753998835
3650,Heilongjiang,124.57542114446,48.3799226482858
3651,Heilongjiang,125.232545671013,48.2898652755775
3652,Heilongjiang,125.8878774271,48.196918220261
3653,Heilongjiang,126.541366870884,48.1010967524842
3654,Heilongjiang,127.192965377149,48.0024164592767
3655,Heilongjiang,127.8426252532,47.9008932296955
3656,Heilongjiang,128.490299753701,47.7965432399038
3657,Heilongjiang,129.13594309444,47.6893829382107
3658,Heilongjiang,129.779510465034,47.5794290300965
3659,Heilongjiang,130.420958040557,47.4666984632474
3660,Heilongjiang,131.06024299212,47.3512084126237
3661,Heilongjiang,131.697323496386,47.2329762655841
3662,Heilongjiang,132.332158744052,47.1120196070883
3663,Heilongjiang,132.964708947278,46.9883562049987
3664,Heilongjiang,133.594935346112,46.8620039955011
3665,Xinjiang,87.2661286889032,49.0762900970664
3666,Inner Mongolia,116.648851656544,49.6816908449785
3667,Inner Mongolia,117.327863217706,49.6268694231557
3668,Inner Mongolia,118.005717507696,49.5689788412294
3669,Inner Mongolia,118.682354450806,49.5080298250499
3670,Inner Mongolia,119.35771463919,49.4440335954182
3671,Inner Mongolia,120.031739361552,49.3770018555511
3672,Inner Mongolia,120.704370630903,49.3069467781315
3673,Inner Mongolia,121.375551211367,49.2338809919732
3674,Inner Mongolia,122.04522464401,49.1578175683294
3675,Inner Mongolia,122.71333527166,49.0787700068763
3676,Inner Mongolia,123.379828262708,48.9967522214009
3677,Inner Mongolia,124.044649633866,48.9117785252242
3678,Heilongjiang,124.70774627186,48.8238636163894
3679,Heilongjiang,125.369065954051,48.7330225626459
3680,Heilongjiang,126.028557367967,48.639270786259
3681,Heilongjiang,126.686170129741,48.5426240486736
3682,Heilongjiang,127.341854801444,48.443098435063
3683,Heilongjiang,127.995562907301,48.3407103387902
3684,Heilongjiang,128.647246948807,48.2354764458091
3685,Heilongjiang,129.296860418716,48.1274137190347
3686,Heilongjiang,129.944357813927,48.0165393827071
3687,Heilongjiang,130.589694647256,47.9028709067759
3688,Heilongjiang,131.873713822042,47.6672225510979
3689,Heilongjiang,132.512312359266,47.5452787000345
3690,Heilongjiang,133.148582742041,47.4206127360307
3691,Heilongjiang,133.782485701028,47.2932431257514
3692,Inner Mongolia,118.776755545863,49.9589749307676
3693,Inner Mongolia,119.456646574289,49.8943891087197
3694,Inner Mongolia,120.135174736618,49.8267420996584
3695,Inner Mongolia,120.812280935094,49.7560464931929
3696,Inner Mongolia,121.487906848437,49.6823153485296
3697,Inner Mongolia,122.161994958422,49.6055621800762
3698,Inner Mongolia,122.83448857541,49.5258009427102
3699,Inner Mongolia,123.505331862809,49.4430460167437
3700,Inner Mongolia,124.174469860438,49.3573121926178
3701,Inner Mongolia,124.841848506789,49.268614655358
3702,Heilongjiang,125.507414660161,49.1769689688233
3703,Heilongjiang,126.171116118662,49.0823910597814
3704,Heilongjiang,126.832901639062,48.9848972018393
3705,Heilongjiang,127.492720954493,48.8845039992638
3706,Heilongjiang,128.150524790996,48.7812283707183
3707,Heilongjiang,128.806264882898,48.6750875329488
3708,Heilongjiang,129.459893987039,48.5660989844462
3709,Heilongjiang,130.111365895829,48.4542804891132
3710,Heilongjiang,130.760635449158,48.3396500599639
3711,Heilongjiang,133.334824137906,47.8533770773242
3712,Heilongjiang,133.972441863398,47.7249647615629
3713,Heilongjiang,134.607608792953,47.5938529189907
3714,Inner Mongolia,119.556941500326,50.3457592172998
3715,Inner Mongolia,120.240032204978,50.2774797074618
3716,Inner Mongolia,120.92167165829,50.2061256994382
3717,Inner Mongolia,121.601800426992,50.1317107026571
3718,Inner Mongolia,122.280359908034,50.0542486949511
3719,Inner Mongolia,122.957292354851,49.9737541070632
3720,Inner Mongolia,123.632540902491,49.8902418068425
3721,Inner Mongolia,124.306049591621,49.803727083163
3722,Inner Mongolia,124.977763391362,49.7142256295998
3723,Heilongjiang,125.647628220951,49.6217535278979
3724,Heilongjiang,126.315590970218,49.5263272312675
3725,Heilongjiang,126.981599518867,49.4279635475379
3726,Heilongjiang,127.645602754551,49.3266796222049
3727,Heilongjiang,128.307550589741,49.2224929214027
3728,Heilongjiang,128.967393977378,49.1154212148316
3729,Heilongjiang,129.625084925324,49.0054825586736
3730,Heilongjiang,134.164849004942,48.1572064017195
3731,Inner Mongolia,119.658627570674,50.7982021477272
3732,Inner Mongolia,120.34634105852,50.7292721777387
3733,Inner Mongolia,121.032573204497,50.6572411444594
3734,Inner Mongolia,121.717263435983,50.5821230286107
3735,Inner Mongolia,122.400352038842,50.503932292979
3736,Inner Mongolia,123.081780184435,50.4226838661103
3737,Inner Mongolia,123.761489955456,50.3383931256855
3738,Inner Mongolia,124.439424370579,50.2510758816135
3739,Inner Mongolia,125.115527407887,50.1607483588791
3740,Heilongjiang,125.789744027076,50.0674271801814
3741,Heilongjiang,126.462020190418,49.9711293484013
3742,Heilongjiang,127.132302882474,49.8718722289311
3743,Inner Mongolia,120.45413139235,51.1821794391867
3744,Inner Mongolia,121.145016808306,51.109451959126
3745,Inner Mongolia,121.834328221216,51.033610636136
3746,Inner Mongolia,122.522004778839,50.9546704408448
3747,Inner Mongolia,123.207986544621,50.8726468229112
3748,Inner Mongolia,123.892214524256,50.787555693525
3749,Inner Mongolia,124.57463069099,50.6994134076207
3750,Inner Mongolia,125.255178009662,50.6082367458425
3751,Heilongjiang,125.933800459464,50.5140428963009
3752,Heilongjiang,126.610443055395,50.4168494361589
3753,Heilongjiang,127.285051868419,50.3166743130869
3754,Inner Mongolia,120.563434132271,51.6362640156925
3755,Inner Mongolia,121.25903456318,51.5628198190748
3756,Inner Mongolia,121.953028014385,51.4862343281079
3757,Inner Mongolia,122.645352467751,51.4065230456173
3758,Heilongjiang,123.33594685225,51.3237019671657
3759,Inner Mongolia,124.024751071259,51.2377875626202
3760,Inner Mongolia,124.711706028555,51.1487967574276
3761,Inner Mongolia,125.396753652978,51.0567469136393
3762,Heilongjiang,126.079836921752,50.9616558107279
3763,Heilongjiang,126.760899882451,50.8635416262377
3764,Inner Mongolia,121.374659450879,52.0174091196674
3765,Inner Mongolia,122.073396963279,51.9400575712491
3766,Heilongjiang,122.770430387968,51.8595526211604
3767,Heilongjiang,123.465697492138,51.7759108372607
3768,Heilongjiang,124.159137050856,51.689149274873
3769,Heilongjiang,124.850688873762,51.599285457058
3770,Heilongjiang,125.540293830372,51.5063373546362
3771,Heilongjiang,126.227893873978,51.4103233660035
3772,Heilongjiang,126.913432064126,51.3112622967851
3773,Inner Mongolia,120.079874046707,52.6199569048577
3774,Inner Mongolia,120.786704859888,52.5482292753788
3775,Inner Mongolia,121.491925372103,52.4732871658179
3776,Inner Mongolia,122.195470163224,52.3951466812818
3777,Heilongjiang,122.897274796723,52.3138244685376
3778,Heilongjiang,123.597275849945,52.2293376958664
3779,Heilongjiang,124.29541094295,52.1417040325676
3780,Heilongjiang,124.991618765934,52.0509416281619
3781,Heilongjiang,125.685839105187,51.9570690913437
3782,Heilongjiang,126.378012867587,51.8601054687294
3783,Inner Mongolia,120.900739116048,53.0062496724692
3784,Inner Mongolia,121.610867178395,52.9305243782644
3785,Heilongjiang,122.319283689806,52.8515710240353
3786,Heilongjiang,123.025922959583,52.7694068718773
3787,Heilongjiang,123.730720346365,52.6840497204968
3788,Heilongjiang,124.433612287788,52.5955178835745
3789,Heilongjiang,125.13453632864,52.503830167825
3790,Heilongjiang,125.833431147497,52.4090058508052
3791,Heilongjiang,122.444874632953,53.309403234223
3792,Heilongjiang,123.156413185312,53.2263713113521
3793,Heilongjiang,123.866070472712,53.1401172106221
3794,Heilongjiang,124.573781722203,53.0506599225448
3795,Heilongjiang,125.279483306533,52.9580189438063
