year,temp_native_anom_range,species
2002,1.17134623314362,Abroscopus albogularis
2003,1.06283088139723,Abroscopus albogularis
2004,1.18315755922352,Abroscopus albogularis
2005,1.18075099459425,Abroscopus albogularis
2006,1.18374495739029,Abroscopus albogularis
2007,1.5076562062959,Abroscopus albogularis
2008,1.1380932461524,Abroscopus albogularis
2009,0.797644095502505,Abroscopus albogularis
2010,1.20246682273074,Abroscopus albogularis
2011,0.786476870270875,Abroscopus albogularis
2012,1.18638988917491,Abroscopus albogularis
2013,1.10285595338836,Abroscopus albogularis
2014,1.16747344952592,Abroscopus albogularis
2015,1.0879192777664,Abroscopus albogularis
2016,1.18237155657969,Abroscopus albogularis
2017,1.438209763802,Abroscopus albogularis
2018,0.826216356489393,Abroscopus albogularis
2019,1.10249269932896,Abroscopus albogularis
2020,1.16631304950052,Abroscopus albogularis
2021,1.25918256746455,Abroscopus albogularis
2022,1.36785150993438,Abroscopus albogularis
2023,1.50139865896689,Abroscopus albogularis
2024,1.51714017811816,Abroscopus albogularis
2002,1.17134623314362,Accipiter gularis
2003,1.06283088139723,Accipiter gularis
2004,1.18315755922352,Accipiter gularis
2005,1.18075099459425,Accipiter gularis
2006,1.18374495739029,Accipiter gularis
2007,1.5076562062959,Accipiter gularis
2008,1.1380932461524,Accipiter gularis
2009,0.797644095502505,Accipiter gularis
2010,1.20246682273074,Accipiter gularis
2011,0.786476870270875,Accipiter gularis
2012,1.18638988917491,Accipiter gularis
2013,1.10285595338836,Accipiter gularis
2014,1.16747344952592,Accipiter gularis
2015,1.0879192777664,Accipiter gularis
2016,1.18237155657969,Accipiter gularis
2017,1.438209763802,Accipiter gularis
2018,0.826216356489393,Accipiter gularis
2019,1.10249269932896,Accipiter gularis
2020,1.16631304950052,Accipiter gularis
2021,1.25918256746455,Accipiter gularis
2022,1.36785150993438,Accipiter gularis
2023,1.50139865896689,Accipiter gularis
2024,1.51714017811816,Accipiter gularis
2002,1.17134623314362,Accipiter soloensis
2003,1.06283088139723,Accipiter soloensis
2004,1.18315755922352,Accipiter soloensis
2005,1.18075099459425,Accipiter soloensis
2006,1.18374495739029,Accipiter soloensis
2007,1.5076562062959,Accipiter soloensis
2008,1.1380932461524,Accipiter soloensis
2009,0.797644095502505,Accipiter soloensis
2010,1.20246682273074,Accipiter soloensis
2011,0.786476870270875,Accipiter soloensis
2012,1.18638988917491,Accipiter soloensis
2013,1.10285595338836,Accipiter soloensis
2014,1.16747344952592,Accipiter soloensis
2015,1.0879192777664,Accipiter soloensis
2016,1.18237155657969,Accipiter soloensis
2017,1.438209763802,Accipiter soloensis
2018,0.826216356489393,Accipiter soloensis
2019,1.10249269932896,Accipiter soloensis
2020,1.16631304950052,Accipiter soloensis
2021,1.25918256746455,Accipiter soloensis
2022,1.36785150993438,Accipiter soloensis
2023,1.50139865896689,Accipiter soloensis
2024,1.51714017811816,Accipiter soloensis
2002,1.17134623314362,Accipiter trivirgatus
2003,1.06283088139723,Accipiter trivirgatus
2004,1.18315755922352,Accipiter trivirgatus
2005,1.18075099459425,Accipiter trivirgatus
2006,1.18374495739029,Accipiter trivirgatus
2007,1.5076562062959,Accipiter trivirgatus
2008,1.1380932461524,Accipiter trivirgatus
2009,0.797644095502505,Accipiter trivirgatus
2010,1.20246682273074,Accipiter trivirgatus
2011,0.786476870270875,Accipiter trivirgatus
2012,1.18638988917491,Accipiter trivirgatus
2013,1.10285595338836,Accipiter trivirgatus
2014,1.16747344952592,Accipiter trivirgatus
2015,1.0879192777664,Accipiter trivirgatus
2016,1.18237155657969,Accipiter trivirgatus
2017,1.438209763802,Accipiter trivirgatus
2018,0.826216356489393,Accipiter trivirgatus
2019,1.10249269932896,Accipiter trivirgatus
2020,1.16631304950052,Accipiter trivirgatus
2021,1.25918256746455,Accipiter trivirgatus
2022,1.36785150993438,Accipiter trivirgatus
2023,1.50139865896689,Accipiter trivirgatus
2024,1.51714017811816,Accipiter trivirgatus
2002,1.17134623314362,Accipiter virgatus
2003,1.06283088139723,Accipiter virgatus
2004,1.18315755922352,Accipiter virgatus
2005,1.18075099459425,Accipiter virgatus
2006,1.18374495739029,Accipiter virgatus
2007,1.5076562062959,Accipiter virgatus
2008,1.1380932461524,Accipiter virgatus
2009,0.797644095502505,Accipiter virgatus
2010,1.20246682273074,Accipiter virgatus
2011,0.786476870270875,Accipiter virgatus
2012,1.18638988917491,Accipiter virgatus
2013,1.10285595338836,Accipiter virgatus
2014,1.16747344952592,Accipiter virgatus
2015,1.0879192777664,Accipiter virgatus
2016,1.18237155657969,Accipiter virgatus
2017,1.438209763802,Accipiter virgatus
2018,0.826216356489393,Accipiter virgatus
2019,1.10249269932896,Accipiter virgatus
2020,1.16631304950052,Accipiter virgatus
2021,1.25918256746455,Accipiter virgatus
2022,1.36785150993438,Accipiter virgatus
2023,1.50139865896689,Accipiter virgatus
2024,1.51714017811816,Accipiter virgatus
2002,1.17134623314362,Acridotheres tristis
2003,1.06283088139723,Acridotheres tristis
2004,1.18315755922352,Acridotheres tristis
2005,1.18075099459425,Acridotheres tristis
2006,1.18374495739029,Acridotheres tristis
2007,1.5076562062959,Acridotheres tristis
2008,1.1380932461524,Acridotheres tristis
2009,0.797644095502505,Acridotheres tristis
2010,1.20246682273074,Acridotheres tristis
2011,0.786476870270875,Acridotheres tristis
2012,1.18638988917491,Acridotheres tristis
2013,1.10285595338836,Acridotheres tristis
2014,1.16747344952592,Acridotheres tristis
2015,1.0879192777664,Acridotheres tristis
2016,1.18237155657969,Acridotheres tristis
2017,1.438209763802,Acridotheres tristis
2018,0.826216356489393,Acridotheres tristis
2019,1.10249269932896,Acridotheres tristis
2020,1.16631304950052,Acridotheres tristis
2021,1.25918256746455,Acridotheres tristis
2022,1.36785150993438,Acridotheres tristis
2023,1.50139865896689,Acridotheres tristis
2024,1.51714017811816,Acridotheres tristis
2002,1.17134623314362,Acrocephalus agricola
2003,1.06283088139723,Acrocephalus agricola
2004,1.18315755922352,Acrocephalus agricola
2005,1.18075099459425,Acrocephalus agricola
2006,1.18374495739029,Acrocephalus agricola
2007,1.5076562062959,Acrocephalus agricola
2008,1.1380932461524,Acrocephalus agricola
2009,0.797644095502505,Acrocephalus agricola
2010,1.20246682273074,Acrocephalus agricola
2011,0.786476870270875,Acrocephalus agricola
2012,1.18638988917491,Acrocephalus agricola
2013,1.10285595338836,Acrocephalus agricola
2014,1.16747344952592,Acrocephalus agricola
2015,1.0879192777664,Acrocephalus agricola
2016,1.18237155657969,Acrocephalus agricola
2017,1.438209763802,Acrocephalus agricola
2018,0.826216356489393,Acrocephalus agricola
2019,1.10249269932896,Acrocephalus agricola
2020,1.16631304950052,Acrocephalus agricola
2021,1.25918256746455,Acrocephalus agricola
2022,1.36785150993438,Acrocephalus agricola
2023,1.50139865896689,Acrocephalus agricola
2024,1.51714017811816,Acrocephalus agricola
2002,1.17134623314362,Acrocephalus bistrigiceps
2003,1.06283088139723,Acrocephalus bistrigiceps
2004,1.18315755922352,Acrocephalus bistrigiceps
2005,1.18075099459425,Acrocephalus bistrigiceps
2006,1.18374495739029,Acrocephalus bistrigiceps
2007,1.5076562062959,Acrocephalus bistrigiceps
2008,1.1380932461524,Acrocephalus bistrigiceps
2009,0.797644095502505,Acrocephalus bistrigiceps
2010,1.20246682273074,Acrocephalus bistrigiceps
2011,0.786476870270875,Acrocephalus bistrigiceps
2012,1.18638988917491,Acrocephalus bistrigiceps
2013,1.10285595338836,Acrocephalus bistrigiceps
2014,1.16747344952592,Acrocephalus bistrigiceps
2015,1.0879192777664,Acrocephalus bistrigiceps
2016,1.18237155657969,Acrocephalus bistrigiceps
2017,1.438209763802,Acrocephalus bistrigiceps
2018,0.826216356489393,Acrocephalus bistrigiceps
2019,1.10249269932896,Acrocephalus bistrigiceps
2020,1.16631304950052,Acrocephalus bistrigiceps
2021,1.25918256746455,Acrocephalus bistrigiceps
2022,1.36785150993438,Acrocephalus bistrigiceps
2023,1.50139865896689,Acrocephalus bistrigiceps
2024,1.51714017811816,Acrocephalus bistrigiceps
2002,1.17134623314362,Acrocephalus tangorum
2003,1.06283088139723,Acrocephalus tangorum
2004,1.18315755922352,Acrocephalus tangorum
2005,1.18075099459425,Acrocephalus tangorum
2006,1.18374495739029,Acrocephalus tangorum
2007,1.5076562062959,Acrocephalus tangorum
2008,1.1380932461524,Acrocephalus tangorum
2009,0.797644095502505,Acrocephalus tangorum
2010,1.20246682273074,Acrocephalus tangorum
2011,0.786476870270875,Acrocephalus tangorum
2012,1.18638988917491,Acrocephalus tangorum
2013,1.10285595338836,Acrocephalus tangorum
2014,1.16747344952592,Acrocephalus tangorum
2015,1.0879192777664,Acrocephalus tangorum
2016,1.18237155657969,Acrocephalus tangorum
2017,1.438209763802,Acrocephalus tangorum
2018,0.826216356489393,Acrocephalus tangorum
2019,1.10249269932896,Acrocephalus tangorum
2020,1.16631304950052,Acrocephalus tangorum
2021,1.25918256746455,Acrocephalus tangorum
2022,1.36785150993438,Acrocephalus tangorum
2023,1.50139865896689,Acrocephalus tangorum
2024,1.51714017811816,Acrocephalus tangorum
2002,1.17134623314362,Aegithalos caudatus
2003,1.06283088139723,Aegithalos caudatus
2004,1.18315755922352,Aegithalos caudatus
2005,1.18075099459425,Aegithalos caudatus
2006,1.18374495739029,Aegithalos caudatus
2007,1.5076562062959,Aegithalos caudatus
2008,1.1380932461524,Aegithalos caudatus
2009,0.797644095502505,Aegithalos caudatus
2010,1.20246682273074,Aegithalos caudatus
2011,0.786476870270875,Aegithalos caudatus
2012,1.18638988917491,Aegithalos caudatus
2013,1.10285595338836,Aegithalos caudatus
2014,1.16747344952592,Aegithalos caudatus
2015,1.0879192777664,Aegithalos caudatus
2016,1.18237155657969,Aegithalos caudatus
2017,1.438209763802,Aegithalos caudatus
2018,0.826216356489393,Aegithalos caudatus
2019,1.10249269932896,Aegithalos caudatus
2020,1.16631304950052,Aegithalos caudatus
2021,1.25918256746455,Aegithalos caudatus
2022,1.36785150993438,Aegithalos caudatus
2023,1.50139865896689,Aegithalos caudatus
2024,1.51714017811816,Aegithalos caudatus
2002,1.17134623314362,Aegithalos concinnus
2003,1.06283088139723,Aegithalos concinnus
2004,1.18315755922352,Aegithalos concinnus
2005,1.18075099459425,Aegithalos concinnus
2006,1.18374495739029,Aegithalos concinnus
2007,1.5076562062959,Aegithalos concinnus
2008,1.1380932461524,Aegithalos concinnus
2009,0.797644095502505,Aegithalos concinnus
2010,1.20246682273074,Aegithalos concinnus
2011,0.786476870270875,Aegithalos concinnus
2012,1.18638988917491,Aegithalos concinnus
2013,1.10285595338836,Aegithalos concinnus
2014,1.16747344952592,Aegithalos concinnus
2015,1.0879192777664,Aegithalos concinnus
2016,1.18237155657969,Aegithalos concinnus
2017,1.438209763802,Aegithalos concinnus
2018,0.826216356489393,Aegithalos concinnus
2019,1.10249269932896,Aegithalos concinnus
2020,1.16631304950052,Aegithalos concinnus
2021,1.25918256746455,Aegithalos concinnus
2022,1.36785150993438,Aegithalos concinnus
2023,1.50139865896689,Aegithalos concinnus
2024,1.51714017811816,Aegithalos concinnus
2002,1.17134623314362,Aegithalos fuliginosus
2003,1.06283088139723,Aegithalos fuliginosus
2004,1.18315755922352,Aegithalos fuliginosus
2005,1.18075099459425,Aegithalos fuliginosus
2006,1.18374495739029,Aegithalos fuliginosus
2007,1.5076562062959,Aegithalos fuliginosus
2008,1.1380932461524,Aegithalos fuliginosus
2009,0.797644095502505,Aegithalos fuliginosus
2010,1.20246682273074,Aegithalos fuliginosus
2011,0.786476870270875,Aegithalos fuliginosus
2012,1.18638988917491,Aegithalos fuliginosus
2013,1.10285595338836,Aegithalos fuliginosus
2014,1.16747344952592,Aegithalos fuliginosus
2015,1.0879192777664,Aegithalos fuliginosus
2016,1.18237155657969,Aegithalos fuliginosus
2017,1.438209763802,Aegithalos fuliginosus
2018,0.826216356489393,Aegithalos fuliginosus
2019,1.10249269932896,Aegithalos fuliginosus
2020,1.16631304950052,Aegithalos fuliginosus
2021,1.25918256746455,Aegithalos fuliginosus
2022,1.36785150993438,Aegithalos fuliginosus
2023,1.50139865896689,Aegithalos fuliginosus
2024,1.51714017811816,Aegithalos fuliginosus
2002,1.17134623314362,Aerodramus brevirostris
2003,1.06283088139723,Aerodramus brevirostris
2004,1.18315755922352,Aerodramus brevirostris
2005,1.18075099459425,Aerodramus brevirostris
2006,1.18374495739029,Aerodramus brevirostris
2007,1.5076562062959,Aerodramus brevirostris
2008,1.1380932461524,Aerodramus brevirostris
2009,0.797644095502505,Aerodramus brevirostris
2010,1.20246682273074,Aerodramus brevirostris
2011,0.786476870270875,Aerodramus brevirostris
2012,1.18638988917491,Aerodramus brevirostris
2013,1.10285595338836,Aerodramus brevirostris
2014,1.16747344952592,Aerodramus brevirostris
2015,1.0879192777664,Aerodramus brevirostris
2016,1.18237155657969,Aerodramus brevirostris
2017,1.438209763802,Aerodramus brevirostris
2018,0.826216356489393,Aerodramus brevirostris
2019,1.10249269932896,Aerodramus brevirostris
2020,1.16631304950052,Aerodramus brevirostris
2021,1.25918256746455,Aerodramus brevirostris
2022,1.36785150993438,Aerodramus brevirostris
2023,1.50139865896689,Aerodramus brevirostris
2024,1.51714017811816,Aerodramus brevirostris
2002,1.17134623314362,Aethopyga christinae
2003,1.06283088139723,Aethopyga christinae
2004,1.18315755922352,Aethopyga christinae
2005,1.18075099459425,Aethopyga christinae
2006,1.18374495739029,Aethopyga christinae
2007,1.5076562062959,Aethopyga christinae
2008,1.1380932461524,Aethopyga christinae
2009,0.797644095502505,Aethopyga christinae
2010,1.20246682273074,Aethopyga christinae
2011,0.786476870270875,Aethopyga christinae
2012,1.18638988917491,Aethopyga christinae
2013,1.10285595338836,Aethopyga christinae
2014,1.16747344952592,Aethopyga christinae
2015,1.0879192777664,Aethopyga christinae
2016,1.18237155657969,Aethopyga christinae
2017,1.438209763802,Aethopyga christinae
2018,0.826216356489393,Aethopyga christinae
2019,1.10249269932896,Aethopyga christinae
2020,1.16631304950052,Aethopyga christinae
2021,1.25918256746455,Aethopyga christinae
2022,1.36785150993438,Aethopyga christinae
2023,1.50139865896689,Aethopyga christinae
2024,1.51714017811816,Aethopyga christinae
2002,1.17134623314362,Aix galericulata
2003,1.06283088139723,Aix galericulata
2004,1.18315755922352,Aix galericulata
2005,1.18075099459425,Aix galericulata
2006,1.18374495739029,Aix galericulata
2007,1.5076562062959,Aix galericulata
2008,1.1380932461524,Aix galericulata
2009,0.797644095502505,Aix galericulata
2010,1.20246682273074,Aix galericulata
2011,0.786476870270875,Aix galericulata
2012,1.18638988917491,Aix galericulata
2013,1.10285595338836,Aix galericulata
2014,1.16747344952592,Aix galericulata
2015,1.0879192777664,Aix galericulata
2016,1.18237155657969,Aix galericulata
2017,1.438209763802,Aix galericulata
2018,0.826216356489393,Aix galericulata
2019,1.10249269932896,Aix galericulata
2020,1.16631304950052,Aix galericulata
2021,1.25918256746455,Aix galericulata
2022,1.36785150993438,Aix galericulata
2023,1.50139865896689,Aix galericulata
2024,1.51714017811816,Aix galericulata
2002,1.17134623314362,Alauda gulgula
2003,1.06283088139723,Alauda gulgula
2004,1.18315755922352,Alauda gulgula
2005,1.18075099459425,Alauda gulgula
2006,1.18374495739029,Alauda gulgula
2007,1.5076562062959,Alauda gulgula
2008,1.1380932461524,Alauda gulgula
2009,0.797644095502505,Alauda gulgula
2010,1.20246682273074,Alauda gulgula
2011,0.786476870270875,Alauda gulgula
2012,1.18638988917491,Alauda gulgula
2013,1.10285595338836,Alauda gulgula
2014,1.16747344952592,Alauda gulgula
2015,1.0879192777664,Alauda gulgula
2016,1.18237155657969,Alauda gulgula
2017,1.438209763802,Alauda gulgula
2018,0.826216356489393,Alauda gulgula
2019,1.10249269932896,Alauda gulgula
2020,1.16631304950052,Alauda gulgula
2021,1.25918256746455,Alauda gulgula
2022,1.36785150993438,Alauda gulgula
2023,1.50139865896689,Alauda gulgula
2024,1.51714017811816,Alauda gulgula
2002,1.17134623314362,Alcedo hercules
2003,1.06283088139723,Alcedo hercules
2004,1.18315755922352,Alcedo hercules
2005,1.18075099459425,Alcedo hercules
2006,1.18374495739029,Alcedo hercules
2007,1.5076562062959,Alcedo hercules
2008,1.1380932461524,Alcedo hercules
2009,0.797644095502505,Alcedo hercules
2010,1.20246682273074,Alcedo hercules
2011,0.786476870270875,Alcedo hercules
2012,1.18638988917491,Alcedo hercules
2013,1.10285595338836,Alcedo hercules
2014,1.16747344952592,Alcedo hercules
2015,1.0879192777664,Alcedo hercules
2016,1.18237155657969,Alcedo hercules
2017,1.438209763802,Alcedo hercules
2018,0.826216356489393,Alcedo hercules
2019,1.10249269932896,Alcedo hercules
2020,1.16631304950052,Alcedo hercules
2021,1.25918256746455,Alcedo hercules
2022,1.36785150993438,Alcedo hercules
2023,1.50139865896689,Alcedo hercules
2024,1.51714017811816,Alcedo hercules
2002,1.17134623314362,Alcippe morrisonia
2003,1.06283088139723,Alcippe morrisonia
2004,1.18315755922352,Alcippe morrisonia
2005,1.18075099459425,Alcippe morrisonia
2006,1.18374495739029,Alcippe morrisonia
2007,1.5076562062959,Alcippe morrisonia
2008,1.1380932461524,Alcippe morrisonia
2009,0.797644095502505,Alcippe morrisonia
2010,1.20246682273074,Alcippe morrisonia
2011,0.786476870270875,Alcippe morrisonia
2012,1.18638988917491,Alcippe morrisonia
2013,1.10285595338836,Alcippe morrisonia
2014,1.16747344952592,Alcippe morrisonia
2015,1.0879192777664,Alcippe morrisonia
2016,1.18237155657969,Alcippe morrisonia
2017,1.438209763802,Alcippe morrisonia
2018,0.826216356489393,Alcippe morrisonia
2019,1.10249269932896,Alcippe morrisonia
2020,1.16631304950052,Alcippe morrisonia
2021,1.25918256746455,Alcippe morrisonia
2022,1.36785150993438,Alcippe morrisonia
2023,1.50139865896689,Alcippe morrisonia
2024,1.51714017811816,Alcippe morrisonia
2002,1.17134623314362,Anastomus oscitans
2003,1.06283088139723,Anastomus oscitans
2004,1.18315755922352,Anastomus oscitans
2005,1.18075099459425,Anastomus oscitans
2006,1.18374495739029,Anastomus oscitans
2007,1.5076562062959,Anastomus oscitans
2008,1.1380932461524,Anastomus oscitans
2009,0.797644095502505,Anastomus oscitans
2010,1.20246682273074,Anastomus oscitans
2011,0.786476870270875,Anastomus oscitans
2012,1.18638988917491,Anastomus oscitans
2013,1.10285595338836,Anastomus oscitans
2014,1.16747344952592,Anastomus oscitans
2015,1.0879192777664,Anastomus oscitans
2016,1.18237155657969,Anastomus oscitans
2017,1.438209763802,Anastomus oscitans
2018,0.826216356489393,Anastomus oscitans
2019,1.10249269932896,Anastomus oscitans
2020,1.16631304950052,Anastomus oscitans
2021,1.25918256746455,Anastomus oscitans
2022,1.36785150993438,Anastomus oscitans
2023,1.50139865896689,Anastomus oscitans
2024,1.51714017811816,Anastomus oscitans
2002,1.17134623314362,Anser anser
2003,1.06283088139723,Anser anser
2004,1.18315755922352,Anser anser
2005,1.18075099459425,Anser anser
2006,1.18374495739029,Anser anser
2007,1.5076562062959,Anser anser
2008,1.1380932461524,Anser anser
2009,0.797644095502505,Anser anser
2010,1.20246682273074,Anser anser
2011,0.786476870270875,Anser anser
2012,1.18638988917491,Anser anser
2013,1.10285595338836,Anser anser
2014,1.16747344952592,Anser anser
2015,1.0879192777664,Anser anser
2016,1.18237155657969,Anser anser
2017,1.438209763802,Anser anser
2018,0.826216356489393,Anser anser
2019,1.10249269932896,Anser anser
2020,1.16631304950052,Anser anser
2021,1.25918256746455,Anser anser
2022,1.36785150993438,Anser anser
2023,1.50139865896689,Anser anser
2024,1.51714017811816,Anser anser
2002,1.17134623314362,Anser indicus
2003,1.06283088139723,Anser indicus
2004,1.18315755922352,Anser indicus
2005,1.18075099459425,Anser indicus
2006,1.18374495739029,Anser indicus
2007,1.5076562062959,Anser indicus
2008,1.1380932461524,Anser indicus
2009,0.797644095502505,Anser indicus
2010,1.20246682273074,Anser indicus
2011,0.786476870270875,Anser indicus
2012,1.18638988917491,Anser indicus
2013,1.10285595338836,Anser indicus
2014,1.16747344952592,Anser indicus
2015,1.0879192777664,Anser indicus
2016,1.18237155657969,Anser indicus
2017,1.438209763802,Anser indicus
2018,0.826216356489393,Anser indicus
2019,1.10249269932896,Anser indicus
2020,1.16631304950052,Anser indicus
2021,1.25918256746455,Anser indicus
2022,1.36785150993438,Anser indicus
2023,1.50139865896689,Anser indicus
2024,1.51714017811816,Anser indicus
2002,1.17134623314362,Anthus godlewskii
2003,1.06283088139723,Anthus godlewskii
2004,1.18315755922352,Anthus godlewskii
2005,1.18075099459425,Anthus godlewskii
2006,1.18374495739029,Anthus godlewskii
2007,1.5076562062959,Anthus godlewskii
2008,1.1380932461524,Anthus godlewskii
2009,0.797644095502505,Anthus godlewskii
2010,1.20246682273074,Anthus godlewskii
2011,0.786476870270875,Anthus godlewskii
2012,1.18638988917491,Anthus godlewskii
2013,1.10285595338836,Anthus godlewskii
2014,1.16747344952592,Anthus godlewskii
2015,1.0879192777664,Anthus godlewskii
2016,1.18237155657969,Anthus godlewskii
2017,1.438209763802,Anthus godlewskii
2018,0.826216356489393,Anthus godlewskii
2019,1.10249269932896,Anthus godlewskii
2020,1.16631304950052,Anthus godlewskii
2021,1.25918256746455,Anthus godlewskii
2022,1.36785150993438,Anthus godlewskii
2023,1.50139865896689,Anthus godlewskii
2024,1.51714017811816,Anthus godlewskii
2002,1.17134623314362,Anthus gustavi
2003,1.06283088139723,Anthus gustavi
2004,1.18315755922352,Anthus gustavi
2005,1.18075099459425,Anthus gustavi
2006,1.18374495739029,Anthus gustavi
2007,1.5076562062959,Anthus gustavi
2008,1.1380932461524,Anthus gustavi
2009,0.797644095502505,Anthus gustavi
2010,1.20246682273074,Anthus gustavi
2011,0.786476870270875,Anthus gustavi
2012,1.18638988917491,Anthus gustavi
2013,1.10285595338836,Anthus gustavi
2014,1.16747344952592,Anthus gustavi
2015,1.0879192777664,Anthus gustavi
2016,1.18237155657969,Anthus gustavi
2017,1.438209763802,Anthus gustavi
2018,0.826216356489393,Anthus gustavi
2019,1.10249269932896,Anthus gustavi
2020,1.16631304950052,Anthus gustavi
2021,1.25918256746455,Anthus gustavi
2022,1.36785150993438,Anthus gustavi
2023,1.50139865896689,Anthus gustavi
2024,1.51714017811816,Anthus gustavi
2002,1.17134623314362,Anthus roseatus
2003,1.06283088139723,Anthus roseatus
2004,1.18315755922352,Anthus roseatus
2005,1.18075099459425,Anthus roseatus
2006,1.18374495739029,Anthus roseatus
2007,1.5076562062959,Anthus roseatus
2008,1.1380932461524,Anthus roseatus
2009,0.797644095502505,Anthus roseatus
2010,1.20246682273074,Anthus roseatus
2011,0.786476870270875,Anthus roseatus
2012,1.18638988917491,Anthus roseatus
2013,1.10285595338836,Anthus roseatus
2014,1.16747344952592,Anthus roseatus
2015,1.0879192777664,Anthus roseatus
2016,1.18237155657969,Anthus roseatus
2017,1.438209763802,Anthus roseatus
2018,0.826216356489393,Anthus roseatus
2019,1.10249269932896,Anthus roseatus
2020,1.16631304950052,Anthus roseatus
2021,1.25918256746455,Anthus roseatus
2022,1.36785150993438,Anthus roseatus
2023,1.50139865896689,Anthus roseatus
2024,1.51714017811816,Anthus roseatus
2002,1.17134623314362,Anthus trivialis
2003,1.06283088139723,Anthus trivialis
2004,1.18315755922352,Anthus trivialis
2005,1.18075099459425,Anthus trivialis
2006,1.18374495739029,Anthus trivialis
2007,1.5076562062959,Anthus trivialis
2008,1.1380932461524,Anthus trivialis
2009,0.797644095502505,Anthus trivialis
2010,1.20246682273074,Anthus trivialis
2011,0.786476870270875,Anthus trivialis
2012,1.18638988917491,Anthus trivialis
2013,1.10285595338836,Anthus trivialis
2014,1.16747344952592,Anthus trivialis
2015,1.0879192777664,Anthus trivialis
2016,1.18237155657969,Anthus trivialis
2017,1.438209763802,Anthus trivialis
2018,0.826216356489393,Anthus trivialis
2019,1.10249269932896,Anthus trivialis
2020,1.16631304950052,Anthus trivialis
2021,1.25918256746455,Anthus trivialis
2022,1.36785150993438,Anthus trivialis
2023,1.50139865896689,Anthus trivialis
2024,1.51714017811816,Anthus trivialis
2002,1.17134623314362,Aquila heliaca
2003,1.06283088139723,Aquila heliaca
2004,1.18315755922352,Aquila heliaca
2005,1.18075099459425,Aquila heliaca
2006,1.18374495739029,Aquila heliaca
2007,1.5076562062959,Aquila heliaca
2008,1.1380932461524,Aquila heliaca
2009,0.797644095502505,Aquila heliaca
2010,1.20246682273074,Aquila heliaca
2011,0.786476870270875,Aquila heliaca
2012,1.18638988917491,Aquila heliaca
2013,1.10285595338836,Aquila heliaca
2014,1.16747344952592,Aquila heliaca
2015,1.0879192777664,Aquila heliaca
2016,1.18237155657969,Aquila heliaca
2017,1.438209763802,Aquila heliaca
2018,0.826216356489393,Aquila heliaca
2019,1.10249269932896,Aquila heliaca
2020,1.16631304950052,Aquila heliaca
2021,1.25918256746455,Aquila heliaca
2022,1.36785150993438,Aquila heliaca
2023,1.50139865896689,Aquila heliaca
2024,1.51714017811816,Aquila heliaca
2002,1.17134623314362,Ardea intermedia
2003,1.06283088139723,Ardea intermedia
2004,1.18315755922352,Ardea intermedia
2005,1.18075099459425,Ardea intermedia
2006,1.18374495739029,Ardea intermedia
2007,1.5076562062959,Ardea intermedia
2008,1.1380932461524,Ardea intermedia
2009,0.797644095502505,Ardea intermedia
2010,1.20246682273074,Ardea intermedia
2011,0.786476870270875,Ardea intermedia
2012,1.18638988917491,Ardea intermedia
2013,1.10285595338836,Ardea intermedia
2014,1.16747344952592,Ardea intermedia
2015,1.0879192777664,Ardea intermedia
2016,1.18237155657969,Ardea intermedia
2017,1.438209763802,Ardea intermedia
2018,0.826216356489393,Ardea intermedia
2019,1.10249269932896,Ardea intermedia
2020,1.16631304950052,Ardea intermedia
2021,1.25918256746455,Ardea intermedia
2022,1.36785150993438,Ardea intermedia
2023,1.50139865896689,Ardea intermedia
2024,1.51714017811816,Ardea intermedia
2002,1.17134623314362,Ardea purpurea
2003,1.06283088139723,Ardea purpurea
2004,1.18315755922352,Ardea purpurea
2005,1.18075099459425,Ardea purpurea
2006,1.18374495739029,Ardea purpurea
2007,1.5076562062959,Ardea purpurea
2008,1.1380932461524,Ardea purpurea
2009,0.797644095502505,Ardea purpurea
2010,1.20246682273074,Ardea purpurea
2011,0.786476870270875,Ardea purpurea
2012,1.18638988917491,Ardea purpurea
2013,1.10285595338836,Ardea purpurea
2014,1.16747344952592,Ardea purpurea
2015,1.0879192777664,Ardea purpurea
2016,1.18237155657969,Ardea purpurea
2017,1.438209763802,Ardea purpurea
2018,0.826216356489393,Ardea purpurea
2019,1.10249269932896,Ardea purpurea
2020,1.16631304950052,Ardea purpurea
2021,1.25918256746455,Ardea purpurea
2022,1.36785150993438,Ardea purpurea
2023,1.50139865896689,Ardea purpurea
2024,1.51714017811816,Ardea purpurea
2002,1.17134623314362,Ardenna pacifica
2003,1.06283088139723,Ardenna pacifica
2004,1.18315755922352,Ardenna pacifica
2005,1.18075099459425,Ardenna pacifica
2006,1.18374495739029,Ardenna pacifica
2007,1.5076562062959,Ardenna pacifica
2008,1.1380932461524,Ardenna pacifica
2009,0.797644095502505,Ardenna pacifica
2010,1.20246682273074,Ardenna pacifica
2011,0.786476870270875,Ardenna pacifica
2012,1.18638988917491,Ardenna pacifica
2013,1.10285595338836,Ardenna pacifica
2014,1.16747344952592,Ardenna pacifica
2015,1.0879192777664,Ardenna pacifica
2016,1.18237155657969,Ardenna pacifica
2017,1.438209763802,Ardenna pacifica
2018,0.826216356489393,Ardenna pacifica
2019,1.10249269932896,Ardenna pacifica
2020,1.16631304950052,Ardenna pacifica
2021,1.25918256746455,Ardenna pacifica
2022,1.36785150993438,Ardenna pacifica
2023,1.50139865896689,Ardenna pacifica
2024,1.51714017811816,Ardenna pacifica
2002,1.17134623314362,Artamus fuscus
2003,1.06283088139723,Artamus fuscus
2004,1.18315755922352,Artamus fuscus
2005,1.18075099459425,Artamus fuscus
2006,1.18374495739029,Artamus fuscus
2007,1.5076562062959,Artamus fuscus
2008,1.1380932461524,Artamus fuscus
2009,0.797644095502505,Artamus fuscus
2010,1.20246682273074,Artamus fuscus
2011,0.786476870270875,Artamus fuscus
2012,1.18638988917491,Artamus fuscus
2013,1.10285595338836,Artamus fuscus
2014,1.16747344952592,Artamus fuscus
2015,1.0879192777664,Artamus fuscus
2016,1.18237155657969,Artamus fuscus
2017,1.438209763802,Artamus fuscus
2018,0.826216356489393,Artamus fuscus
2019,1.10249269932896,Artamus fuscus
2020,1.16631304950052,Artamus fuscus
2021,1.25918256746455,Artamus fuscus
2022,1.36785150993438,Artamus fuscus
2023,1.50139865896689,Artamus fuscus
2024,1.51714017811816,Artamus fuscus
2002,1.17134623314362,Asio flammeus
2003,1.06283088139723,Asio flammeus
2004,1.18315755922352,Asio flammeus
2005,1.18075099459425,Asio flammeus
2006,1.18374495739029,Asio flammeus
2007,1.5076562062959,Asio flammeus
2008,1.1380932461524,Asio flammeus
2009,0.797644095502505,Asio flammeus
2010,1.20246682273074,Asio flammeus
2011,0.786476870270875,Asio flammeus
2012,1.18638988917491,Asio flammeus
2013,1.10285595338836,Asio flammeus
2014,1.16747344952592,Asio flammeus
2015,1.0879192777664,Asio flammeus
2016,1.18237155657969,Asio flammeus
2017,1.438209763802,Asio flammeus
2018,0.826216356489393,Asio flammeus
2019,1.10249269932896,Asio flammeus
2020,1.16631304950052,Asio flammeus
2021,1.25918256746455,Asio flammeus
2022,1.36785150993438,Asio flammeus
2023,1.50139865896689,Asio flammeus
2024,1.51714017811816,Asio flammeus
2002,1.17134623314362,Athene noctua
2003,1.06283088139723,Athene noctua
2004,1.18315755922352,Athene noctua
2005,1.18075099459425,Athene noctua
2006,1.18374495739029,Athene noctua
2007,1.5076562062959,Athene noctua
2008,1.1380932461524,Athene noctua
2009,0.797644095502505,Athene noctua
2010,1.20246682273074,Athene noctua
2011,0.786476870270875,Athene noctua
2012,1.18638988917491,Athene noctua
2013,1.10285595338836,Athene noctua
2014,1.16747344952592,Athene noctua
2015,1.0879192777664,Athene noctua
2016,1.18237155657969,Athene noctua
2017,1.438209763802,Athene noctua
2018,0.826216356489393,Athene noctua
2019,1.10249269932896,Athene noctua
2020,1.16631304950052,Athene noctua
2021,1.25918256746455,Athene noctua
2022,1.36785150993438,Athene noctua
2023,1.50139865896689,Athene noctua
2024,1.51714017811816,Athene noctua
2002,1.17134623314362,Aviceda jerdoni
2003,1.06283088139723,Aviceda jerdoni
2004,1.18315755922352,Aviceda jerdoni
2005,1.18075099459425,Aviceda jerdoni
2006,1.18374495739029,Aviceda jerdoni
2007,1.5076562062959,Aviceda jerdoni
2008,1.1380932461524,Aviceda jerdoni
2009,0.797644095502505,Aviceda jerdoni
2010,1.20246682273074,Aviceda jerdoni
2011,0.786476870270875,Aviceda jerdoni
2012,1.18638988917491,Aviceda jerdoni
2013,1.10285595338836,Aviceda jerdoni
2014,1.16747344952592,Aviceda jerdoni
2015,1.0879192777664,Aviceda jerdoni
2016,1.18237155657969,Aviceda jerdoni
2017,1.438209763802,Aviceda jerdoni
2018,0.826216356489393,Aviceda jerdoni
2019,1.10249269932896,Aviceda jerdoni
2020,1.16631304950052,Aviceda jerdoni
2021,1.25918256746455,Aviceda jerdoni
2022,1.36785150993438,Aviceda jerdoni
2023,1.50139865896689,Aviceda jerdoni
2024,1.51714017811816,Aviceda jerdoni
2002,1.17134623314362,Aviceda leuphotes
2003,1.06283088139723,Aviceda leuphotes
2004,1.18315755922352,Aviceda leuphotes
2005,1.18075099459425,Aviceda leuphotes
2006,1.18374495739029,Aviceda leuphotes
2007,1.5076562062959,Aviceda leuphotes
2008,1.1380932461524,Aviceda leuphotes
2009,0.797644095502505,Aviceda leuphotes
2010,1.20246682273074,Aviceda leuphotes
2011,0.786476870270875,Aviceda leuphotes
2012,1.18638988917491,Aviceda leuphotes
2013,1.10285595338836,Aviceda leuphotes
2014,1.16747344952592,Aviceda leuphotes
2015,1.0879192777664,Aviceda leuphotes
2016,1.18237155657969,Aviceda leuphotes
2017,1.438209763802,Aviceda leuphotes
2018,0.826216356489393,Aviceda leuphotes
2019,1.10249269932896,Aviceda leuphotes
2020,1.16631304950052,Aviceda leuphotes
2021,1.25918256746455,Aviceda leuphotes
2022,1.36785150993438,Aviceda leuphotes
2023,1.50139865896689,Aviceda leuphotes
2024,1.51714017811816,Aviceda leuphotes
2002,1.17134623314362,Aythya fuligula
2003,1.06283088139723,Aythya fuligula
2004,1.18315755922352,Aythya fuligula
2005,1.18075099459425,Aythya fuligula
2006,1.18374495739029,Aythya fuligula
2007,1.5076562062959,Aythya fuligula
2008,1.1380932461524,Aythya fuligula
2009,0.797644095502505,Aythya fuligula
2010,1.20246682273074,Aythya fuligula
2011,0.786476870270875,Aythya fuligula
2012,1.18638988917491,Aythya fuligula
2013,1.10285595338836,Aythya fuligula
2014,1.16747344952592,Aythya fuligula
2015,1.0879192777664,Aythya fuligula
2016,1.18237155657969,Aythya fuligula
2017,1.438209763802,Aythya fuligula
2018,0.826216356489393,Aythya fuligula
2019,1.10249269932896,Aythya fuligula
2020,1.16631304950052,Aythya fuligula
2021,1.25918256746455,Aythya fuligula
2022,1.36785150993438,Aythya fuligula
2023,1.50139865896689,Aythya fuligula
2024,1.51714017811816,Aythya fuligula
2002,1.17134623314362,Aythya nyroca
2003,1.06283088139723,Aythya nyroca
2004,1.18315755922352,Aythya nyroca
2005,1.18075099459425,Aythya nyroca
2006,1.18374495739029,Aythya nyroca
2007,1.5076562062959,Aythya nyroca
2008,1.1380932461524,Aythya nyroca
2009,0.797644095502505,Aythya nyroca
2010,1.20246682273074,Aythya nyroca
2011,0.786476870270875,Aythya nyroca
2012,1.18638988917491,Aythya nyroca
2013,1.10285595338836,Aythya nyroca
2014,1.16747344952592,Aythya nyroca
2015,1.0879192777664,Aythya nyroca
2016,1.18237155657969,Aythya nyroca
2017,1.438209763802,Aythya nyroca
2018,0.826216356489393,Aythya nyroca
2019,1.10249269932896,Aythya nyroca
2020,1.16631304950052,Aythya nyroca
2021,1.25918256746455,Aythya nyroca
2022,1.36785150993438,Aythya nyroca
2023,1.50139865896689,Aythya nyroca
2024,1.51714017811816,Aythya nyroca
2002,1.17134623314362,Bombycilla japonica
2003,1.06283088139723,Bombycilla japonica
2004,1.18315755922352,Bombycilla japonica
2005,1.18075099459425,Bombycilla japonica
2006,1.18374495739029,Bombycilla japonica
2007,1.5076562062959,Bombycilla japonica
2008,1.1380932461524,Bombycilla japonica
2009,0.797644095502505,Bombycilla japonica
2010,1.20246682273074,Bombycilla japonica
2011,0.786476870270875,Bombycilla japonica
2012,1.18638988917491,Bombycilla japonica
2013,1.10285595338836,Bombycilla japonica
2014,1.16747344952592,Bombycilla japonica
2015,1.0879192777664,Bombycilla japonica
2016,1.18237155657969,Bombycilla japonica
2017,1.438209763802,Bombycilla japonica
2018,0.826216356489393,Bombycilla japonica
2019,1.10249269932896,Bombycilla japonica
2020,1.16631304950052,Bombycilla japonica
2021,1.25918256746455,Bombycilla japonica
2022,1.36785150993438,Bombycilla japonica
2023,1.50139865896689,Bombycilla japonica
2024,1.51714017811816,Bombycilla japonica
2002,1.17134623314362,Bubo nipalensis
2003,1.06283088139723,Bubo nipalensis
2004,1.18315755922352,Bubo nipalensis
2005,1.18075099459425,Bubo nipalensis
2006,1.18374495739029,Bubo nipalensis
2007,1.5076562062959,Bubo nipalensis
2008,1.1380932461524,Bubo nipalensis
2009,0.797644095502505,Bubo nipalensis
2010,1.20246682273074,Bubo nipalensis
2011,0.786476870270875,Bubo nipalensis
2012,1.18638988917491,Bubo nipalensis
2013,1.10285595338836,Bubo nipalensis
2014,1.16747344952592,Bubo nipalensis
2015,1.0879192777664,Bubo nipalensis
2016,1.18237155657969,Bubo nipalensis
2017,1.438209763802,Bubo nipalensis
2018,0.826216356489393,Bubo nipalensis
2019,1.10249269932896,Bubo nipalensis
2020,1.16631304950052,Bubo nipalensis
2021,1.25918256746455,Bubo nipalensis
2022,1.36785150993438,Bubo nipalensis
2023,1.50139865896689,Bubo nipalensis
2024,1.51714017811816,Bubo nipalensis
2002,1.17134623314362,Bucanetes mongolicus
2003,1.06283088139723,Bucanetes mongolicus
2004,1.18315755922352,Bucanetes mongolicus
2005,1.18075099459425,Bucanetes mongolicus
2006,1.18374495739029,Bucanetes mongolicus
2007,1.5076562062959,Bucanetes mongolicus
2008,1.1380932461524,Bucanetes mongolicus
2009,0.797644095502505,Bucanetes mongolicus
2010,1.20246682273074,Bucanetes mongolicus
2011,0.786476870270875,Bucanetes mongolicus
2012,1.18638988917491,Bucanetes mongolicus
2013,1.10285595338836,Bucanetes mongolicus
2014,1.16747344952592,Bucanetes mongolicus
2015,1.0879192777664,Bucanetes mongolicus
2016,1.18237155657969,Bucanetes mongolicus
2017,1.438209763802,Bucanetes mongolicus
2018,0.826216356489393,Bucanetes mongolicus
2019,1.10249269932896,Bucanetes mongolicus
2020,1.16631304950052,Bucanetes mongolicus
2021,1.25918256746455,Bucanetes mongolicus
2022,1.36785150993438,Bucanetes mongolicus
2023,1.50139865896689,Bucanetes mongolicus
2024,1.51714017811816,Bucanetes mongolicus
2002,1.17134623314362,Bulweria bulwerii
2003,1.06283088139723,Bulweria bulwerii
2004,1.18315755922352,Bulweria bulwerii
2005,1.18075099459425,Bulweria bulwerii
2006,1.18374495739029,Bulweria bulwerii
2007,1.5076562062959,Bulweria bulwerii
2008,1.1380932461524,Bulweria bulwerii
2009,0.797644095502505,Bulweria bulwerii
2010,1.20246682273074,Bulweria bulwerii
2011,0.786476870270875,Bulweria bulwerii
2012,1.18638988917491,Bulweria bulwerii
2013,1.10285595338836,Bulweria bulwerii
2014,1.16747344952592,Bulweria bulwerii
2015,1.0879192777664,Bulweria bulwerii
2016,1.18237155657969,Bulweria bulwerii
2017,1.438209763802,Bulweria bulwerii
2018,0.826216356489393,Bulweria bulwerii
2019,1.10249269932896,Bulweria bulwerii
2020,1.16631304950052,Bulweria bulwerii
2021,1.25918256746455,Bulweria bulwerii
2022,1.36785150993438,Bulweria bulwerii
2023,1.50139865896689,Bulweria bulwerii
2024,1.51714017811816,Bulweria bulwerii
2002,1.17134623314362,Butastur indicus
2003,1.06283088139723,Butastur indicus
2004,1.18315755922352,Butastur indicus
2005,1.18075099459425,Butastur indicus
2006,1.18374495739029,Butastur indicus
2007,1.5076562062959,Butastur indicus
2008,1.1380932461524,Butastur indicus
2009,0.797644095502505,Butastur indicus
2010,1.20246682273074,Butastur indicus
2011,0.786476870270875,Butastur indicus
2012,1.18638988917491,Butastur indicus
2013,1.10285595338836,Butastur indicus
2014,1.16747344952592,Butastur indicus
2015,1.0879192777664,Butastur indicus
2016,1.18237155657969,Butastur indicus
2017,1.438209763802,Butastur indicus
2018,0.826216356489393,Butastur indicus
2019,1.10249269932896,Butastur indicus
2020,1.16631304950052,Butastur indicus
2021,1.25918256746455,Butastur indicus
2022,1.36785150993438,Butastur indicus
2023,1.50139865896689,Butastur indicus
2024,1.51714017811816,Butastur indicus
2002,1.17134623314362,Calonectris leucomelas
2003,1.06283088139723,Calonectris leucomelas
2004,1.18315755922352,Calonectris leucomelas
2005,1.18075099459425,Calonectris leucomelas
2006,1.18374495739029,Calonectris leucomelas
2007,1.5076562062959,Calonectris leucomelas
2008,1.1380932461524,Calonectris leucomelas
2009,0.797644095502505,Calonectris leucomelas
2010,1.20246682273074,Calonectris leucomelas
2011,0.786476870270875,Calonectris leucomelas
2012,1.18638988917491,Calonectris leucomelas
2013,1.10285595338836,Calonectris leucomelas
2014,1.16747344952592,Calonectris leucomelas
2015,1.0879192777664,Calonectris leucomelas
2016,1.18237155657969,Calonectris leucomelas
2017,1.438209763802,Calonectris leucomelas
2018,0.826216356489393,Calonectris leucomelas
2019,1.10249269932896,Calonectris leucomelas
2020,1.16631304950052,Calonectris leucomelas
2021,1.25918256746455,Calonectris leucomelas
2022,1.36785150993438,Calonectris leucomelas
2023,1.50139865896689,Calonectris leucomelas
2024,1.51714017811816,Calonectris leucomelas
2002,1.17134623314362,Carpodacus roborowskii
2003,1.06283088139723,Carpodacus roborowskii
2004,1.18315755922352,Carpodacus roborowskii
2005,1.18075099459425,Carpodacus roborowskii
2006,1.18374495739029,Carpodacus roborowskii
2007,1.5076562062959,Carpodacus roborowskii
2008,1.1380932461524,Carpodacus roborowskii
2009,0.797644095502505,Carpodacus roborowskii
2010,1.20246682273074,Carpodacus roborowskii
2011,0.786476870270875,Carpodacus roborowskii
2012,1.18638988917491,Carpodacus roborowskii
2013,1.10285595338836,Carpodacus roborowskii
2014,1.16747344952592,Carpodacus roborowskii
2015,1.0879192777664,Carpodacus roborowskii
2016,1.18237155657969,Carpodacus roborowskii
2017,1.438209763802,Carpodacus roborowskii
2018,0.826216356489393,Carpodacus roborowskii
2019,1.10249269932896,Carpodacus roborowskii
2020,1.16631304950052,Carpodacus roborowskii
2021,1.25918256746455,Carpodacus roborowskii
2022,1.36785150993438,Carpodacus roborowskii
2023,1.50139865896689,Carpodacus roborowskii
2024,1.51714017811816,Carpodacus roborowskii
2002,1.17134623314362,Carpodacus vinaceus
2003,1.06283088139723,Carpodacus vinaceus
2004,1.18315755922352,Carpodacus vinaceus
2005,1.18075099459425,Carpodacus vinaceus
2006,1.18374495739029,Carpodacus vinaceus
2007,1.5076562062959,Carpodacus vinaceus
2008,1.1380932461524,Carpodacus vinaceus
2009,0.797644095502505,Carpodacus vinaceus
2010,1.20246682273074,Carpodacus vinaceus
2011,0.786476870270875,Carpodacus vinaceus
2012,1.18638988917491,Carpodacus vinaceus
2013,1.10285595338836,Carpodacus vinaceus
2014,1.16747344952592,Carpodacus vinaceus
2015,1.0879192777664,Carpodacus vinaceus
2016,1.18237155657969,Carpodacus vinaceus
2017,1.438209763802,Carpodacus vinaceus
2018,0.826216356489393,Carpodacus vinaceus
2019,1.10249269932896,Carpodacus vinaceus
2020,1.16631304950052,Carpodacus vinaceus
2021,1.25918256746455,Carpodacus vinaceus
2022,1.36785150993438,Carpodacus vinaceus
2023,1.50139865896689,Carpodacus vinaceus
2024,1.51714017811816,Carpodacus vinaceus
2002,1.17134623314362,Cecropis daurica
2003,1.06283088139723,Cecropis daurica
2004,1.18315755922352,Cecropis daurica
2005,1.18075099459425,Cecropis daurica
2006,1.18374495739029,Cecropis daurica
2007,1.5076562062959,Cecropis daurica
2008,1.1380932461524,Cecropis daurica
2009,0.797644095502505,Cecropis daurica
2010,1.20246682273074,Cecropis daurica
2011,0.786476870270875,Cecropis daurica
2012,1.18638988917491,Cecropis daurica
2013,1.10285595338836,Cecropis daurica
2014,1.16747344952592,Cecropis daurica
2015,1.0879192777664,Cecropis daurica
2016,1.18237155657969,Cecropis daurica
2017,1.438209763802,Cecropis daurica
2018,0.826216356489393,Cecropis daurica
2019,1.10249269932896,Cecropis daurica
2020,1.16631304950052,Cecropis daurica
2021,1.25918256746455,Cecropis daurica
2022,1.36785150993438,Cecropis daurica
2023,1.50139865896689,Cecropis daurica
2024,1.51714017811816,Cecropis daurica
2002,1.17134623314362,Centropus bengalensis
2003,1.06283088139723,Centropus bengalensis
2004,1.18315755922352,Centropus bengalensis
2005,1.18075099459425,Centropus bengalensis
2006,1.18374495739029,Centropus bengalensis
2007,1.5076562062959,Centropus bengalensis
2008,1.1380932461524,Centropus bengalensis
2009,0.797644095502505,Centropus bengalensis
2010,1.20246682273074,Centropus bengalensis
2011,0.786476870270875,Centropus bengalensis
2012,1.18638988917491,Centropus bengalensis
2013,1.10285595338836,Centropus bengalensis
2014,1.16747344952592,Centropus bengalensis
2015,1.0879192777664,Centropus bengalensis
2016,1.18237155657969,Centropus bengalensis
2017,1.438209763802,Centropus bengalensis
2018,0.826216356489393,Centropus bengalensis
2019,1.10249269932896,Centropus bengalensis
2020,1.16631304950052,Centropus bengalensis
2021,1.25918256746455,Centropus bengalensis
2022,1.36785150993438,Centropus bengalensis
2023,1.50139865896689,Centropus bengalensis
2024,1.51714017811816,Centropus bengalensis
2002,1.17134623314362,Cephalopyrus flammiceps
2003,1.06283088139723,Cephalopyrus flammiceps
2004,1.18315755922352,Cephalopyrus flammiceps
2005,1.18075099459425,Cephalopyrus flammiceps
2006,1.18374495739029,Cephalopyrus flammiceps
2007,1.5076562062959,Cephalopyrus flammiceps
2008,1.1380932461524,Cephalopyrus flammiceps
2009,0.797644095502505,Cephalopyrus flammiceps
2010,1.20246682273074,Cephalopyrus flammiceps
2011,0.786476870270875,Cephalopyrus flammiceps
2012,1.18638988917491,Cephalopyrus flammiceps
2013,1.10285595338836,Cephalopyrus flammiceps
2014,1.16747344952592,Cephalopyrus flammiceps
2015,1.0879192777664,Cephalopyrus flammiceps
2016,1.18237155657969,Cephalopyrus flammiceps
2017,1.438209763802,Cephalopyrus flammiceps
2018,0.826216356489393,Cephalopyrus flammiceps
2019,1.10249269932896,Cephalopyrus flammiceps
2020,1.16631304950052,Cephalopyrus flammiceps
2021,1.25918256746455,Cephalopyrus flammiceps
2022,1.36785150993438,Cephalopyrus flammiceps
2023,1.50139865896689,Cephalopyrus flammiceps
2024,1.51714017811816,Cephalopyrus flammiceps
2002,1.17134623314362,Certhia familiaris
2003,1.06283088139723,Certhia familiaris
2004,1.18315755922352,Certhia familiaris
2005,1.18075099459425,Certhia familiaris
2006,1.18374495739029,Certhia familiaris
2007,1.5076562062959,Certhia familiaris
2008,1.1380932461524,Certhia familiaris
2009,0.797644095502505,Certhia familiaris
2010,1.20246682273074,Certhia familiaris
2011,0.786476870270875,Certhia familiaris
2012,1.18638988917491,Certhia familiaris
2013,1.10285595338836,Certhia familiaris
2014,1.16747344952592,Certhia familiaris
2015,1.0879192777664,Certhia familiaris
2016,1.18237155657969,Certhia familiaris
2017,1.438209763802,Certhia familiaris
2018,0.826216356489393,Certhia familiaris
2019,1.10249269932896,Certhia familiaris
2020,1.16631304950052,Certhia familiaris
2021,1.25918256746455,Certhia familiaris
2022,1.36785150993438,Certhia familiaris
2023,1.50139865896689,Certhia familiaris
2024,1.51714017811816,Certhia familiaris
2002,1.17134623314362,Certhia himalayana
2003,1.06283088139723,Certhia himalayana
2004,1.18315755922352,Certhia himalayana
2005,1.18075099459425,Certhia himalayana
2006,1.18374495739029,Certhia himalayana
2007,1.5076562062959,Certhia himalayana
2008,1.1380932461524,Certhia himalayana
2009,0.797644095502505,Certhia himalayana
2010,1.20246682273074,Certhia himalayana
2011,0.786476870270875,Certhia himalayana
2012,1.18638988917491,Certhia himalayana
2013,1.10285595338836,Certhia himalayana
2014,1.16747344952592,Certhia himalayana
2015,1.0879192777664,Certhia himalayana
2016,1.18237155657969,Certhia himalayana
2017,1.438209763802,Certhia himalayana
2018,0.826216356489393,Certhia himalayana
2019,1.10249269932896,Certhia himalayana
2020,1.16631304950052,Certhia himalayana
2021,1.25918256746455,Certhia himalayana
2022,1.36785150993438,Certhia himalayana
2023,1.50139865896689,Certhia himalayana
2024,1.51714017811816,Certhia himalayana
2002,1.17134623314362,Certhia tianquanensis
2003,1.06283088139723,Certhia tianquanensis
2004,1.18315755922352,Certhia tianquanensis
2005,1.18075099459425,Certhia tianquanensis
2006,1.18374495739029,Certhia tianquanensis
2007,1.5076562062959,Certhia tianquanensis
2008,1.1380932461524,Certhia tianquanensis
2009,0.797644095502505,Certhia tianquanensis
2010,1.20246682273074,Certhia tianquanensis
2011,0.786476870270875,Certhia tianquanensis
2012,1.18638988917491,Certhia tianquanensis
2013,1.10285595338836,Certhia tianquanensis
2014,1.16747344952592,Certhia tianquanensis
2015,1.0879192777664,Certhia tianquanensis
2016,1.18237155657969,Certhia tianquanensis
2017,1.438209763802,Certhia tianquanensis
2018,0.826216356489393,Certhia tianquanensis
2019,1.10249269932896,Certhia tianquanensis
2020,1.16631304950052,Certhia tianquanensis
2021,1.25918256746455,Certhia tianquanensis
2022,1.36785150993438,Certhia tianquanensis
2023,1.50139865896689,Certhia tianquanensis
2024,1.51714017811816,Certhia tianquanensis
2002,1.17134623314362,Ceryle rudis
2003,1.06283088139723,Ceryle rudis
2004,1.18315755922352,Ceryle rudis
2005,1.18075099459425,Ceryle rudis
2006,1.18374495739029,Ceryle rudis
2007,1.5076562062959,Ceryle rudis
2008,1.1380932461524,Ceryle rudis
2009,0.797644095502505,Ceryle rudis
2010,1.20246682273074,Ceryle rudis
2011,0.786476870270875,Ceryle rudis
2012,1.18638988917491,Ceryle rudis
2013,1.10285595338836,Ceryle rudis
2014,1.16747344952592,Ceryle rudis
2015,1.0879192777664,Ceryle rudis
2016,1.18237155657969,Ceryle rudis
2017,1.438209763802,Ceryle rudis
2018,0.826216356489393,Ceryle rudis
2019,1.10249269932896,Ceryle rudis
2020,1.16631304950052,Ceryle rudis
2021,1.25918256746455,Ceryle rudis
2022,1.36785150993438,Ceryle rudis
2023,1.50139865896689,Ceryle rudis
2024,1.51714017811816,Ceryle rudis
2002,1.17134623314362,Cettia brunnifrons
2003,1.06283088139723,Cettia brunnifrons
2004,1.18315755922352,Cettia brunnifrons
2005,1.18075099459425,Cettia brunnifrons
2006,1.18374495739029,Cettia brunnifrons
2007,1.5076562062959,Cettia brunnifrons
2008,1.1380932461524,Cettia brunnifrons
2009,0.797644095502505,Cettia brunnifrons
2010,1.20246682273074,Cettia brunnifrons
2011,0.786476870270875,Cettia brunnifrons
2012,1.18638988917491,Cettia brunnifrons
2013,1.10285595338836,Cettia brunnifrons
2014,1.16747344952592,Cettia brunnifrons
2015,1.0879192777664,Cettia brunnifrons
2016,1.18237155657969,Cettia brunnifrons
2017,1.438209763802,Cettia brunnifrons
2018,0.826216356489393,Cettia brunnifrons
2019,1.10249269932896,Cettia brunnifrons
2020,1.16631304950052,Cettia brunnifrons
2021,1.25918256746455,Cettia brunnifrons
2022,1.36785150993438,Cettia brunnifrons
2023,1.50139865896689,Cettia brunnifrons
2024,1.51714017811816,Cettia brunnifrons
2002,1.17134623314362,Cettia castaneocoronata
2003,1.06283088139723,Cettia castaneocoronata
2004,1.18315755922352,Cettia castaneocoronata
2005,1.18075099459425,Cettia castaneocoronata
2006,1.18374495739029,Cettia castaneocoronata
2007,1.5076562062959,Cettia castaneocoronata
2008,1.1380932461524,Cettia castaneocoronata
2009,0.797644095502505,Cettia castaneocoronata
2010,1.20246682273074,Cettia castaneocoronata
2011,0.786476870270875,Cettia castaneocoronata
2012,1.18638988917491,Cettia castaneocoronata
2013,1.10285595338836,Cettia castaneocoronata
2014,1.16747344952592,Cettia castaneocoronata
2015,1.0879192777664,Cettia castaneocoronata
2016,1.18237155657969,Cettia castaneocoronata
2017,1.438209763802,Cettia castaneocoronata
2018,0.826216356489393,Cettia castaneocoronata
2019,1.10249269932896,Cettia castaneocoronata
2020,1.16631304950052,Cettia castaneocoronata
2021,1.25918256746455,Cettia castaneocoronata
2022,1.36785150993438,Cettia castaneocoronata
2023,1.50139865896689,Cettia castaneocoronata
2024,1.51714017811816,Cettia castaneocoronata
2002,1.17134623314362,Charadrius atrifrons
2003,1.06283088139723,Charadrius atrifrons
2004,1.18315755922352,Charadrius atrifrons
2005,1.18075099459425,Charadrius atrifrons
2006,1.18374495739029,Charadrius atrifrons
2007,1.5076562062959,Charadrius atrifrons
2008,1.1380932461524,Charadrius atrifrons
2009,0.797644095502505,Charadrius atrifrons
2010,1.20246682273074,Charadrius atrifrons
2011,0.786476870270875,Charadrius atrifrons
2012,1.18638988917491,Charadrius atrifrons
2013,1.10285595338836,Charadrius atrifrons
2014,1.16747344952592,Charadrius atrifrons
2015,1.0879192777664,Charadrius atrifrons
2016,1.18237155657969,Charadrius atrifrons
2017,1.438209763802,Charadrius atrifrons
2018,0.826216356489393,Charadrius atrifrons
2019,1.10249269932896,Charadrius atrifrons
2020,1.16631304950052,Charadrius atrifrons
2021,1.25918256746455,Charadrius atrifrons
2022,1.36785150993438,Charadrius atrifrons
2023,1.50139865896689,Charadrius atrifrons
2024,1.51714017811816,Charadrius atrifrons
2002,1.17134623314362,Charadrius placidus
2003,1.06283088139723,Charadrius placidus
2004,1.18315755922352,Charadrius placidus
2005,1.18075099459425,Charadrius placidus
2006,1.18374495739029,Charadrius placidus
2007,1.5076562062959,Charadrius placidus
2008,1.1380932461524,Charadrius placidus
2009,0.797644095502505,Charadrius placidus
2010,1.20246682273074,Charadrius placidus
2011,0.786476870270875,Charadrius placidus
2012,1.18638988917491,Charadrius placidus
2013,1.10285595338836,Charadrius placidus
2014,1.16747344952592,Charadrius placidus
2015,1.0879192777664,Charadrius placidus
2016,1.18237155657969,Charadrius placidus
2017,1.438209763802,Charadrius placidus
2018,0.826216356489393,Charadrius placidus
2019,1.10249269932896,Charadrius placidus
2020,1.16631304950052,Charadrius placidus
2021,1.25918256746455,Charadrius placidus
2022,1.36785150993438,Charadrius placidus
2023,1.50139865896689,Charadrius placidus
2024,1.51714017811816,Charadrius placidus
2002,1.17134623314362,Charadrius veredus
2003,1.06283088139723,Charadrius veredus
2004,1.18315755922352,Charadrius veredus
2005,1.18075099459425,Charadrius veredus
2006,1.18374495739029,Charadrius veredus
2007,1.5076562062959,Charadrius veredus
2008,1.1380932461524,Charadrius veredus
2009,0.797644095502505,Charadrius veredus
2010,1.20246682273074,Charadrius veredus
2011,0.786476870270875,Charadrius veredus
2012,1.18638988917491,Charadrius veredus
2013,1.10285595338836,Charadrius veredus
2014,1.16747344952592,Charadrius veredus
2015,1.0879192777664,Charadrius veredus
2016,1.18237155657969,Charadrius veredus
2017,1.438209763802,Charadrius veredus
2018,0.826216356489393,Charadrius veredus
2019,1.10249269932896,Charadrius veredus
2020,1.16631304950052,Charadrius veredus
2021,1.25918256746455,Charadrius veredus
2022,1.36785150993438,Charadrius veredus
2023,1.50139865896689,Charadrius veredus
2024,1.51714017811816,Charadrius veredus
2002,1.17134623314362,Chlidonias leucopterus
2003,1.06283088139723,Chlidonias leucopterus
2004,1.18315755922352,Chlidonias leucopterus
2005,1.18075099459425,Chlidonias leucopterus
2006,1.18374495739029,Chlidonias leucopterus
2007,1.5076562062959,Chlidonias leucopterus
2008,1.1380932461524,Chlidonias leucopterus
2009,0.797644095502505,Chlidonias leucopterus
2010,1.20246682273074,Chlidonias leucopterus
2011,0.786476870270875,Chlidonias leucopterus
2012,1.18638988917491,Chlidonias leucopterus
2013,1.10285595338836,Chlidonias leucopterus
2014,1.16747344952592,Chlidonias leucopterus
2015,1.0879192777664,Chlidonias leucopterus
2016,1.18237155657969,Chlidonias leucopterus
2017,1.438209763802,Chlidonias leucopterus
2018,0.826216356489393,Chlidonias leucopterus
2019,1.10249269932896,Chlidonias leucopterus
2020,1.16631304950052,Chlidonias leucopterus
2021,1.25918256746455,Chlidonias leucopterus
2022,1.36785150993438,Chlidonias leucopterus
2023,1.50139865896689,Chlidonias leucopterus
2024,1.51714017811816,Chlidonias leucopterus
2002,1.17134623314362,Chlidonias niger
2003,1.06283088139723,Chlidonias niger
2004,1.18315755922352,Chlidonias niger
2005,1.18075099459425,Chlidonias niger
2006,1.18374495739029,Chlidonias niger
2007,1.5076562062959,Chlidonias niger
2008,1.1380932461524,Chlidonias niger
2009,0.797644095502505,Chlidonias niger
2010,1.20246682273074,Chlidonias niger
2011,0.786476870270875,Chlidonias niger
2012,1.18638988917491,Chlidonias niger
2013,1.10285595338836,Chlidonias niger
2014,1.16747344952592,Chlidonias niger
2015,1.0879192777664,Chlidonias niger
2016,1.18237155657969,Chlidonias niger
2017,1.438209763802,Chlidonias niger
2018,0.826216356489393,Chlidonias niger
2019,1.10249269932896,Chlidonias niger
2020,1.16631304950052,Chlidonias niger
2021,1.25918256746455,Chlidonias niger
2022,1.36785150993438,Chlidonias niger
2023,1.50139865896689,Chlidonias niger
2024,1.51714017811816,Chlidonias niger
2002,1.17134623314362,Chloris ambigua
2003,1.06283088139723,Chloris ambigua
2004,1.18315755922352,Chloris ambigua
2005,1.18075099459425,Chloris ambigua
2006,1.18374495739029,Chloris ambigua
2007,1.5076562062959,Chloris ambigua
2008,1.1380932461524,Chloris ambigua
2009,0.797644095502505,Chloris ambigua
2010,1.20246682273074,Chloris ambigua
2011,0.786476870270875,Chloris ambigua
2012,1.18638988917491,Chloris ambigua
2013,1.10285595338836,Chloris ambigua
2014,1.16747344952592,Chloris ambigua
2015,1.0879192777664,Chloris ambigua
2016,1.18237155657969,Chloris ambigua
2017,1.438209763802,Chloris ambigua
2018,0.826216356489393,Chloris ambigua
2019,1.10249269932896,Chloris ambigua
2020,1.16631304950052,Chloris ambigua
2021,1.25918256746455,Chloris ambigua
2022,1.36785150993438,Chloris ambigua
2023,1.50139865896689,Chloris ambigua
2024,1.51714017811816,Chloris ambigua
2002,1.17134623314362,Chloris sinica
2003,1.06283088139723,Chloris sinica
2004,1.18315755922352,Chloris sinica
2005,1.18075099459425,Chloris sinica
2006,1.18374495739029,Chloris sinica
2007,1.5076562062959,Chloris sinica
2008,1.1380932461524,Chloris sinica
2009,0.797644095502505,Chloris sinica
2010,1.20246682273074,Chloris sinica
2011,0.786476870270875,Chloris sinica
2012,1.18638988917491,Chloris sinica
2013,1.10285595338836,Chloris sinica
2014,1.16747344952592,Chloris sinica
2015,1.0879192777664,Chloris sinica
2016,1.18237155657969,Chloris sinica
2017,1.438209763802,Chloris sinica
2018,0.826216356489393,Chloris sinica
2019,1.10249269932896,Chloris sinica
2020,1.16631304950052,Chloris sinica
2021,1.25918256746455,Chloris sinica
2022,1.36785150993438,Chloris sinica
2023,1.50139865896689,Chloris sinica
2024,1.51714017811816,Chloris sinica
2002,1.17134623314362,Chrysolophus pictus
2003,1.06283088139723,Chrysolophus pictus
2004,1.18315755922352,Chrysolophus pictus
2005,1.18075099459425,Chrysolophus pictus
2006,1.18374495739029,Chrysolophus pictus
2007,1.5076562062959,Chrysolophus pictus
2008,1.1380932461524,Chrysolophus pictus
2009,0.797644095502505,Chrysolophus pictus
2010,1.20246682273074,Chrysolophus pictus
2011,0.786476870270875,Chrysolophus pictus
2012,1.18638988917491,Chrysolophus pictus
2013,1.10285595338836,Chrysolophus pictus
2014,1.16747344952592,Chrysolophus pictus
2015,1.0879192777664,Chrysolophus pictus
2016,1.18237155657969,Chrysolophus pictus
2017,1.438209763802,Chrysolophus pictus
2018,0.826216356489393,Chrysolophus pictus
2019,1.10249269932896,Chrysolophus pictus
2020,1.16631304950052,Chrysolophus pictus
2021,1.25918256746455,Chrysolophus pictus
2022,1.36785150993438,Chrysolophus pictus
2023,1.50139865896689,Chrysolophus pictus
2024,1.51714017811816,Chrysolophus pictus
2002,1.17134623314362,Ciconia nigra
2003,1.06283088139723,Ciconia nigra
2004,1.18315755922352,Ciconia nigra
2005,1.18075099459425,Ciconia nigra
2006,1.18374495739029,Ciconia nigra
2007,1.5076562062959,Ciconia nigra
2008,1.1380932461524,Ciconia nigra
2009,0.797644095502505,Ciconia nigra
2010,1.20246682273074,Ciconia nigra
2011,0.786476870270875,Ciconia nigra
2012,1.18638988917491,Ciconia nigra
2013,1.10285595338836,Ciconia nigra
2014,1.16747344952592,Ciconia nigra
2015,1.0879192777664,Ciconia nigra
2016,1.18237155657969,Ciconia nigra
2017,1.438209763802,Ciconia nigra
2018,0.826216356489393,Ciconia nigra
2019,1.10249269932896,Ciconia nigra
2020,1.16631304950052,Ciconia nigra
2021,1.25918256746455,Ciconia nigra
2022,1.36785150993438,Ciconia nigra
2023,1.50139865896689,Ciconia nigra
2024,1.51714017811816,Ciconia nigra
2002,1.17134623314362,Circus macrourus
2003,1.06283088139723,Circus macrourus
2004,1.18315755922352,Circus macrourus
2005,1.18075099459425,Circus macrourus
2006,1.18374495739029,Circus macrourus
2007,1.5076562062959,Circus macrourus
2008,1.1380932461524,Circus macrourus
2009,0.797644095502505,Circus macrourus
2010,1.20246682273074,Circus macrourus
2011,0.786476870270875,Circus macrourus
2012,1.18638988917491,Circus macrourus
2013,1.10285595338836,Circus macrourus
2014,1.16747344952592,Circus macrourus
2015,1.0879192777664,Circus macrourus
2016,1.18237155657969,Circus macrourus
2017,1.438209763802,Circus macrourus
2018,0.826216356489393,Circus macrourus
2019,1.10249269932896,Circus macrourus
2020,1.16631304950052,Circus macrourus
2021,1.25918256746455,Circus macrourus
2022,1.36785150993438,Circus macrourus
2023,1.50139865896689,Circus macrourus
2024,1.51714017811816,Circus macrourus
2002,1.17134623314362,Circus spilonotus
2003,1.06283088139723,Circus spilonotus
2004,1.18315755922352,Circus spilonotus
2005,1.18075099459425,Circus spilonotus
2006,1.18374495739029,Circus spilonotus
2007,1.5076562062959,Circus spilonotus
2008,1.1380932461524,Circus spilonotus
2009,0.797644095502505,Circus spilonotus
2010,1.20246682273074,Circus spilonotus
2011,0.786476870270875,Circus spilonotus
2012,1.18638988917491,Circus spilonotus
2013,1.10285595338836,Circus spilonotus
2014,1.16747344952592,Circus spilonotus
2015,1.0879192777664,Circus spilonotus
2016,1.18237155657969,Circus spilonotus
2017,1.438209763802,Circus spilonotus
2018,0.826216356489393,Circus spilonotus
2019,1.10249269932896,Circus spilonotus
2020,1.16631304950052,Circus spilonotus
2021,1.25918256746455,Circus spilonotus
2022,1.36785150993438,Circus spilonotus
2023,1.50139865896689,Circus spilonotus
2024,1.51714017811816,Circus spilonotus
2002,1.17134623314362,Cisticola exilis
2003,1.06283088139723,Cisticola exilis
2004,1.18315755922352,Cisticola exilis
2005,1.18075099459425,Cisticola exilis
2006,1.18374495739029,Cisticola exilis
2007,1.5076562062959,Cisticola exilis
2008,1.1380932461524,Cisticola exilis
2009,0.797644095502505,Cisticola exilis
2010,1.20246682273074,Cisticola exilis
2011,0.786476870270875,Cisticola exilis
2012,1.18638988917491,Cisticola exilis
2013,1.10285595338836,Cisticola exilis
2014,1.16747344952592,Cisticola exilis
2015,1.0879192777664,Cisticola exilis
2016,1.18237155657969,Cisticola exilis
2017,1.438209763802,Cisticola exilis
2018,0.826216356489393,Cisticola exilis
2019,1.10249269932896,Cisticola exilis
2020,1.16631304950052,Cisticola exilis
2021,1.25918256746455,Cisticola exilis
2022,1.36785150993438,Cisticola exilis
2023,1.50139865896689,Cisticola exilis
2024,1.51714017811816,Cisticola exilis
2002,1.17134623314362,Cisticola juncidis
2003,1.06283088139723,Cisticola juncidis
2004,1.18315755922352,Cisticola juncidis
2005,1.18075099459425,Cisticola juncidis
2006,1.18374495739029,Cisticola juncidis
2007,1.5076562062959,Cisticola juncidis
2008,1.1380932461524,Cisticola juncidis
2009,0.797644095502505,Cisticola juncidis
2010,1.20246682273074,Cisticola juncidis
2011,0.786476870270875,Cisticola juncidis
2012,1.18638988917491,Cisticola juncidis
2013,1.10285595338836,Cisticola juncidis
2014,1.16747344952592,Cisticola juncidis
2015,1.0879192777664,Cisticola juncidis
2016,1.18237155657969,Cisticola juncidis
2017,1.438209763802,Cisticola juncidis
2018,0.826216356489393,Cisticola juncidis
2019,1.10249269932896,Cisticola juncidis
2020,1.16631304950052,Cisticola juncidis
2021,1.25918256746455,Cisticola juncidis
2022,1.36785150993438,Cisticola juncidis
2023,1.50139865896689,Cisticola juncidis
2024,1.51714017811816,Cisticola juncidis
2002,1.17134623314362,Clanga clanga
2003,1.06283088139723,Clanga clanga
2004,1.18315755922352,Clanga clanga
2005,1.18075099459425,Clanga clanga
2006,1.18374495739029,Clanga clanga
2007,1.5076562062959,Clanga clanga
2008,1.1380932461524,Clanga clanga
2009,0.797644095502505,Clanga clanga
2010,1.20246682273074,Clanga clanga
2011,0.786476870270875,Clanga clanga
2012,1.18638988917491,Clanga clanga
2013,1.10285595338836,Clanga clanga
2014,1.16747344952592,Clanga clanga
2015,1.0879192777664,Clanga clanga
2016,1.18237155657969,Clanga clanga
2017,1.438209763802,Clanga clanga
2018,0.826216356489393,Clanga clanga
2019,1.10249269932896,Clanga clanga
2020,1.16631304950052,Clanga clanga
2021,1.25918256746455,Clanga clanga
2022,1.36785150993438,Clanga clanga
2023,1.50139865896689,Clanga clanga
2024,1.51714017811816,Clanga clanga
2002,1.17134623314362,Columba oenas
2003,1.06283088139723,Columba oenas
2004,1.18315755922352,Columba oenas
2005,1.18075099459425,Columba oenas
2006,1.18374495739029,Columba oenas
2007,1.5076562062959,Columba oenas
2008,1.1380932461524,Columba oenas
2009,0.797644095502505,Columba oenas
2010,1.20246682273074,Columba oenas
2011,0.786476870270875,Columba oenas
2012,1.18638988917491,Columba oenas
2013,1.10285595338836,Columba oenas
2014,1.16747344952592,Columba oenas
2015,1.0879192777664,Columba oenas
2016,1.18237155657969,Columba oenas
2017,1.438209763802,Columba oenas
2018,0.826216356489393,Columba oenas
2019,1.10249269932896,Columba oenas
2020,1.16631304950052,Columba oenas
2021,1.25918256746455,Columba oenas
2022,1.36785150993438,Columba oenas
2023,1.50139865896689,Columba oenas
2024,1.51714017811816,Columba oenas
2002,1.17134623314362,Copsychus saularis
2003,1.06283088139723,Copsychus saularis
2004,1.18315755922352,Copsychus saularis
2005,1.18075099459425,Copsychus saularis
2006,1.18374495739029,Copsychus saularis
2007,1.5076562062959,Copsychus saularis
2008,1.1380932461524,Copsychus saularis
2009,0.797644095502505,Copsychus saularis
2010,1.20246682273074,Copsychus saularis
2011,0.786476870270875,Copsychus saularis
2012,1.18638988917491,Copsychus saularis
2013,1.10285595338836,Copsychus saularis
2014,1.16747344952592,Copsychus saularis
2015,1.0879192777664,Copsychus saularis
2016,1.18237155657969,Copsychus saularis
2017,1.438209763802,Copsychus saularis
2018,0.826216356489393,Copsychus saularis
2019,1.10249269932896,Copsychus saularis
2020,1.16631304950052,Copsychus saularis
2021,1.25918256746455,Copsychus saularis
2022,1.36785150993438,Copsychus saularis
2023,1.50139865896689,Copsychus saularis
2024,1.51714017811816,Copsychus saularis
2002,1.17134623314362,Coracias garrulus
2003,1.06283088139723,Coracias garrulus
2004,1.18315755922352,Coracias garrulus
2005,1.18075099459425,Coracias garrulus
2006,1.18374495739029,Coracias garrulus
2007,1.5076562062959,Coracias garrulus
2008,1.1380932461524,Coracias garrulus
2009,0.797644095502505,Coracias garrulus
2010,1.20246682273074,Coracias garrulus
2011,0.786476870270875,Coracias garrulus
2012,1.18638988917491,Coracias garrulus
2013,1.10285595338836,Coracias garrulus
2014,1.16747344952592,Coracias garrulus
2015,1.0879192777664,Coracias garrulus
2016,1.18237155657969,Coracias garrulus
2017,1.438209763802,Coracias garrulus
2018,0.826216356489393,Coracias garrulus
2019,1.10249269932896,Coracias garrulus
2020,1.16631304950052,Coracias garrulus
2021,1.25918256746455,Coracias garrulus
2022,1.36785150993438,Coracias garrulus
2023,1.50139865896689,Coracias garrulus
2024,1.51714017811816,Coracias garrulus
2002,1.17134623314362,Coturnicops exquisitus
2003,1.06283088139723,Coturnicops exquisitus
2004,1.18315755922352,Coturnicops exquisitus
2005,1.18075099459425,Coturnicops exquisitus
2006,1.18374495739029,Coturnicops exquisitus
2007,1.5076562062959,Coturnicops exquisitus
2008,1.1380932461524,Coturnicops exquisitus
2009,0.797644095502505,Coturnicops exquisitus
2010,1.20246682273074,Coturnicops exquisitus
2011,0.786476870270875,Coturnicops exquisitus
2012,1.18638988917491,Coturnicops exquisitus
2013,1.10285595338836,Coturnicops exquisitus
2014,1.16747344952592,Coturnicops exquisitus
2015,1.0879192777664,Coturnicops exquisitus
2016,1.18237155657969,Coturnicops exquisitus
2017,1.438209763802,Coturnicops exquisitus
2018,0.826216356489393,Coturnicops exquisitus
2019,1.10249269932896,Coturnicops exquisitus
2020,1.16631304950052,Coturnicops exquisitus
2021,1.25918256746455,Coturnicops exquisitus
2022,1.36785150993438,Coturnicops exquisitus
2023,1.50139865896689,Coturnicops exquisitus
2024,1.51714017811816,Coturnicops exquisitus
2002,1.17134623314362,Crex crex
2003,1.06283088139723,Crex crex
2004,1.18315755922352,Crex crex
2005,1.18075099459425,Crex crex
2006,1.18374495739029,Crex crex
2007,1.5076562062959,Crex crex
2008,1.1380932461524,Crex crex
2009,0.797644095502505,Crex crex
2010,1.20246682273074,Crex crex
2011,0.786476870270875,Crex crex
2012,1.18638988917491,Crex crex
2013,1.10285595338836,Crex crex
2014,1.16747344952592,Crex crex
2015,1.0879192777664,Crex crex
2016,1.18237155657969,Crex crex
2017,1.438209763802,Crex crex
2018,0.826216356489393,Crex crex
2019,1.10249269932896,Crex crex
2020,1.16631304950052,Crex crex
2021,1.25918256746455,Crex crex
2022,1.36785150993438,Crex crex
2023,1.50139865896689,Crex crex
2024,1.51714017811816,Crex crex
2002,1.17134623314362,Crossoptilon mantchuricum
2003,1.06283088139723,Crossoptilon mantchuricum
2004,1.18315755922352,Crossoptilon mantchuricum
2005,1.18075099459425,Crossoptilon mantchuricum
2006,1.18374495739029,Crossoptilon mantchuricum
2007,1.5076562062959,Crossoptilon mantchuricum
2008,1.1380932461524,Crossoptilon mantchuricum
2009,0.797644095502505,Crossoptilon mantchuricum
2010,1.20246682273074,Crossoptilon mantchuricum
2011,0.786476870270875,Crossoptilon mantchuricum
2012,1.18638988917491,Crossoptilon mantchuricum
2013,1.10285595338836,Crossoptilon mantchuricum
2014,1.16747344952592,Crossoptilon mantchuricum
2015,1.0879192777664,Crossoptilon mantchuricum
2016,1.18237155657969,Crossoptilon mantchuricum
2017,1.438209763802,Crossoptilon mantchuricum
2018,0.826216356489393,Crossoptilon mantchuricum
2019,1.10249269932896,Crossoptilon mantchuricum
2020,1.16631304950052,Crossoptilon mantchuricum
2021,1.25918256746455,Crossoptilon mantchuricum
2022,1.36785150993438,Crossoptilon mantchuricum
2023,1.50139865896689,Crossoptilon mantchuricum
2024,1.51714017811816,Crossoptilon mantchuricum
2002,1.17134623314362,Cyanistes cyanus
2003,1.06283088139723,Cyanistes cyanus
2004,1.18315755922352,Cyanistes cyanus
2005,1.18075099459425,Cyanistes cyanus
2006,1.18374495739029,Cyanistes cyanus
2007,1.5076562062959,Cyanistes cyanus
2008,1.1380932461524,Cyanistes cyanus
2009,0.797644095502505,Cyanistes cyanus
2010,1.20246682273074,Cyanistes cyanus
2011,0.786476870270875,Cyanistes cyanus
2012,1.18638988917491,Cyanistes cyanus
2013,1.10285595338836,Cyanistes cyanus
2014,1.16747344952592,Cyanistes cyanus
2015,1.0879192777664,Cyanistes cyanus
2016,1.18237155657969,Cyanistes cyanus
2017,1.438209763802,Cyanistes cyanus
2018,0.826216356489393,Cyanistes cyanus
2019,1.10249269932896,Cyanistes cyanus
2020,1.16631304950052,Cyanistes cyanus
2021,1.25918256746455,Cyanistes cyanus
2022,1.36785150993438,Cyanistes cyanus
2023,1.50139865896689,Cyanistes cyanus
2024,1.51714017811816,Cyanistes cyanus
2002,1.17134623314362,Cyanoderma pyrrhops
2003,1.06283088139723,Cyanoderma pyrrhops
2004,1.18315755922352,Cyanoderma pyrrhops
2005,1.18075099459425,Cyanoderma pyrrhops
2006,1.18374495739029,Cyanoderma pyrrhops
2007,1.5076562062959,Cyanoderma pyrrhops
2008,1.1380932461524,Cyanoderma pyrrhops
2009,0.797644095502505,Cyanoderma pyrrhops
2010,1.20246682273074,Cyanoderma pyrrhops
2011,0.786476870270875,Cyanoderma pyrrhops
2012,1.18638988917491,Cyanoderma pyrrhops
2013,1.10285595338836,Cyanoderma pyrrhops
2014,1.16747344952592,Cyanoderma pyrrhops
2015,1.0879192777664,Cyanoderma pyrrhops
2016,1.18237155657969,Cyanoderma pyrrhops
2017,1.438209763802,Cyanoderma pyrrhops
2018,0.826216356489393,Cyanoderma pyrrhops
2019,1.10249269932896,Cyanoderma pyrrhops
2020,1.16631304950052,Cyanoderma pyrrhops
2021,1.25918256746455,Cyanoderma pyrrhops
2022,1.36785150993438,Cyanoderma pyrrhops
2023,1.50139865896689,Cyanoderma pyrrhops
2024,1.51714017811816,Cyanoderma pyrrhops
2002,1.17134623314362,Cygnus olor
2003,1.06283088139723,Cygnus olor
2004,1.18315755922352,Cygnus olor
2005,1.18075099459425,Cygnus olor
2006,1.18374495739029,Cygnus olor
2007,1.5076562062959,Cygnus olor
2008,1.1380932461524,Cygnus olor
2009,0.797644095502505,Cygnus olor
2010,1.20246682273074,Cygnus olor
2011,0.786476870270875,Cygnus olor
2012,1.18638988917491,Cygnus olor
2013,1.10285595338836,Cygnus olor
2014,1.16747344952592,Cygnus olor
2015,1.0879192777664,Cygnus olor
2016,1.18237155657969,Cygnus olor
2017,1.438209763802,Cygnus olor
2018,0.826216356489393,Cygnus olor
2019,1.10249269932896,Cygnus olor
2020,1.16631304950052,Cygnus olor
2021,1.25918256746455,Cygnus olor
2022,1.36785150993438,Cygnus olor
2023,1.50139865896689,Cygnus olor
2024,1.51714017811816,Cygnus olor
2002,1.17134623314362,Cyornis glaucicomans
2003,1.06283088139723,Cyornis glaucicomans
2004,1.18315755922352,Cyornis glaucicomans
2005,1.18075099459425,Cyornis glaucicomans
2006,1.18374495739029,Cyornis glaucicomans
2007,1.5076562062959,Cyornis glaucicomans
2008,1.1380932461524,Cyornis glaucicomans
2009,0.797644095502505,Cyornis glaucicomans
2010,1.20246682273074,Cyornis glaucicomans
2011,0.786476870270875,Cyornis glaucicomans
2012,1.18638988917491,Cyornis glaucicomans
2013,1.10285595338836,Cyornis glaucicomans
2014,1.16747344952592,Cyornis glaucicomans
2015,1.0879192777664,Cyornis glaucicomans
2016,1.18237155657969,Cyornis glaucicomans
2017,1.438209763802,Cyornis glaucicomans
2018,0.826216356489393,Cyornis glaucicomans
2019,1.10249269932896,Cyornis glaucicomans
2020,1.16631304950052,Cyornis glaucicomans
2021,1.25918256746455,Cyornis glaucicomans
2022,1.36785150993438,Cyornis glaucicomans
2023,1.50139865896689,Cyornis glaucicomans
2024,1.51714017811816,Cyornis glaucicomans
2002,1.17134623314362,Cyornis hainanus
2003,1.06283088139723,Cyornis hainanus
2004,1.18315755922352,Cyornis hainanus
2005,1.18075099459425,Cyornis hainanus
2006,1.18374495739029,Cyornis hainanus
2007,1.5076562062959,Cyornis hainanus
2008,1.1380932461524,Cyornis hainanus
2009,0.797644095502505,Cyornis hainanus
2010,1.20246682273074,Cyornis hainanus
2011,0.786476870270875,Cyornis hainanus
2012,1.18638988917491,Cyornis hainanus
2013,1.10285595338836,Cyornis hainanus
2014,1.16747344952592,Cyornis hainanus
2015,1.0879192777664,Cyornis hainanus
2016,1.18237155657969,Cyornis hainanus
2017,1.438209763802,Cyornis hainanus
2018,0.826216356489393,Cyornis hainanus
2019,1.10249269932896,Cyornis hainanus
2020,1.16631304950052,Cyornis hainanus
2021,1.25918256746455,Cyornis hainanus
2022,1.36785150993438,Cyornis hainanus
2023,1.50139865896689,Cyornis hainanus
2024,1.51714017811816,Cyornis hainanus
2002,1.17134623314362,Cyornis rubeculoides
2003,1.06283088139723,Cyornis rubeculoides
2004,1.18315755922352,Cyornis rubeculoides
2005,1.18075099459425,Cyornis rubeculoides
2006,1.18374495739029,Cyornis rubeculoides
2007,1.5076562062959,Cyornis rubeculoides
2008,1.1380932461524,Cyornis rubeculoides
2009,0.797644095502505,Cyornis rubeculoides
2010,1.20246682273074,Cyornis rubeculoides
2011,0.786476870270875,Cyornis rubeculoides
2012,1.18638988917491,Cyornis rubeculoides
2013,1.10285595338836,Cyornis rubeculoides
2014,1.16747344952592,Cyornis rubeculoides
2015,1.0879192777664,Cyornis rubeculoides
2016,1.18237155657969,Cyornis rubeculoides
2017,1.438209763802,Cyornis rubeculoides
2018,0.826216356489393,Cyornis rubeculoides
2019,1.10249269932896,Cyornis rubeculoides
2020,1.16631304950052,Cyornis rubeculoides
2021,1.25918256746455,Cyornis rubeculoides
2022,1.36785150993438,Cyornis rubeculoides
2023,1.50139865896689,Cyornis rubeculoides
2024,1.51714017811816,Cyornis rubeculoides
2002,1.17134623314362,Delichon dasypus
2003,1.06283088139723,Delichon dasypus
2004,1.18315755922352,Delichon dasypus
2005,1.18075099459425,Delichon dasypus
2006,1.18374495739029,Delichon dasypus
2007,1.5076562062959,Delichon dasypus
2008,1.1380932461524,Delichon dasypus
2009,0.797644095502505,Delichon dasypus
2010,1.20246682273074,Delichon dasypus
2011,0.786476870270875,Delichon dasypus
2012,1.18638988917491,Delichon dasypus
2013,1.10285595338836,Delichon dasypus
2014,1.16747344952592,Delichon dasypus
2015,1.0879192777664,Delichon dasypus
2016,1.18237155657969,Delichon dasypus
2017,1.438209763802,Delichon dasypus
2018,0.826216356489393,Delichon dasypus
2019,1.10249269932896,Delichon dasypus
2020,1.16631304950052,Delichon dasypus
2021,1.25918256746455,Delichon dasypus
2022,1.36785150993438,Delichon dasypus
2023,1.50139865896689,Delichon dasypus
2024,1.51714017811816,Delichon dasypus
2002,1.17134623314362,Dendrocitta formosae
2003,1.06283088139723,Dendrocitta formosae
2004,1.18315755922352,Dendrocitta formosae
2005,1.18075099459425,Dendrocitta formosae
2006,1.18374495739029,Dendrocitta formosae
2007,1.5076562062959,Dendrocitta formosae
2008,1.1380932461524,Dendrocitta formosae
2009,0.797644095502505,Dendrocitta formosae
2010,1.20246682273074,Dendrocitta formosae
2011,0.786476870270875,Dendrocitta formosae
2012,1.18638988917491,Dendrocitta formosae
2013,1.10285595338836,Dendrocitta formosae
2014,1.16747344952592,Dendrocitta formosae
2015,1.0879192777664,Dendrocitta formosae
2016,1.18237155657969,Dendrocitta formosae
2017,1.438209763802,Dendrocitta formosae
2018,0.826216356489393,Dendrocitta formosae
2019,1.10249269932896,Dendrocitta formosae
2020,1.16631304950052,Dendrocitta formosae
2021,1.25918256746455,Dendrocitta formosae
2022,1.36785150993438,Dendrocitta formosae
2023,1.50139865896689,Dendrocitta formosae
2024,1.51714017811816,Dendrocitta formosae
2002,1.17134623314362,Dendrocopos hyperythrus
2003,1.06283088139723,Dendrocopos hyperythrus
2004,1.18315755922352,Dendrocopos hyperythrus
2005,1.18075099459425,Dendrocopos hyperythrus
2006,1.18374495739029,Dendrocopos hyperythrus
2007,1.5076562062959,Dendrocopos hyperythrus
2008,1.1380932461524,Dendrocopos hyperythrus
2009,0.797644095502505,Dendrocopos hyperythrus
2010,1.20246682273074,Dendrocopos hyperythrus
2011,0.786476870270875,Dendrocopos hyperythrus
2012,1.18638988917491,Dendrocopos hyperythrus
2013,1.10285595338836,Dendrocopos hyperythrus
2014,1.16747344952592,Dendrocopos hyperythrus
2015,1.0879192777664,Dendrocopos hyperythrus
2016,1.18237155657969,Dendrocopos hyperythrus
2017,1.438209763802,Dendrocopos hyperythrus
2018,0.826216356489393,Dendrocopos hyperythrus
2019,1.10249269932896,Dendrocopos hyperythrus
2020,1.16631304950052,Dendrocopos hyperythrus
2021,1.25918256746455,Dendrocopos hyperythrus
2022,1.36785150993438,Dendrocopos hyperythrus
2023,1.50139865896689,Dendrocopos hyperythrus
2024,1.51714017811816,Dendrocopos hyperythrus
2002,1.17134623314362,Dicrurus annectens
2003,1.06283088139723,Dicrurus annectens
2004,1.18315755922352,Dicrurus annectens
2005,1.18075099459425,Dicrurus annectens
2006,1.18374495739029,Dicrurus annectens
2007,1.5076562062959,Dicrurus annectens
2008,1.1380932461524,Dicrurus annectens
2009,0.797644095502505,Dicrurus annectens
2010,1.20246682273074,Dicrurus annectens
2011,0.786476870270875,Dicrurus annectens
2012,1.18638988917491,Dicrurus annectens
2013,1.10285595338836,Dicrurus annectens
2014,1.16747344952592,Dicrurus annectens
2015,1.0879192777664,Dicrurus annectens
2016,1.18237155657969,Dicrurus annectens
2017,1.438209763802,Dicrurus annectens
2018,0.826216356489393,Dicrurus annectens
2019,1.10249269932896,Dicrurus annectens
2020,1.16631304950052,Dicrurus annectens
2021,1.25918256746455,Dicrurus annectens
2022,1.36785150993438,Dicrurus annectens
2023,1.50139865896689,Dicrurus annectens
2024,1.51714017811816,Dicrurus annectens
2002,1.17134623314362,Dicrurus hottentottus
2003,1.06283088139723,Dicrurus hottentottus
2004,1.18315755922352,Dicrurus hottentottus
2005,1.18075099459425,Dicrurus hottentottus
2006,1.18374495739029,Dicrurus hottentottus
2007,1.5076562062959,Dicrurus hottentottus
2008,1.1380932461524,Dicrurus hottentottus
2009,0.797644095502505,Dicrurus hottentottus
2010,1.20246682273074,Dicrurus hottentottus
2011,0.786476870270875,Dicrurus hottentottus
2012,1.18638988917491,Dicrurus hottentottus
2013,1.10285595338836,Dicrurus hottentottus
2014,1.16747344952592,Dicrurus hottentottus
2015,1.0879192777664,Dicrurus hottentottus
2016,1.18237155657969,Dicrurus hottentottus
2017,1.438209763802,Dicrurus hottentottus
2018,0.826216356489393,Dicrurus hottentottus
2019,1.10249269932896,Dicrurus hottentottus
2020,1.16631304950052,Dicrurus hottentottus
2021,1.25918256746455,Dicrurus hottentottus
2022,1.36785150993438,Dicrurus hottentottus
2023,1.50139865896689,Dicrurus hottentottus
2024,1.51714017811816,Dicrurus hottentottus
2002,1.17134623314362,Dicrurus remifer
2003,1.06283088139723,Dicrurus remifer
2004,1.18315755922352,Dicrurus remifer
2005,1.18075099459425,Dicrurus remifer
2006,1.18374495739029,Dicrurus remifer
2007,1.5076562062959,Dicrurus remifer
2008,1.1380932461524,Dicrurus remifer
2009,0.797644095502505,Dicrurus remifer
2010,1.20246682273074,Dicrurus remifer
2011,0.786476870270875,Dicrurus remifer
2012,1.18638988917491,Dicrurus remifer
2013,1.10285595338836,Dicrurus remifer
2014,1.16747344952592,Dicrurus remifer
2015,1.0879192777664,Dicrurus remifer
2016,1.18237155657969,Dicrurus remifer
2017,1.438209763802,Dicrurus remifer
2018,0.826216356489393,Dicrurus remifer
2019,1.10249269932896,Dicrurus remifer
2020,1.16631304950052,Dicrurus remifer
2021,1.25918256746455,Dicrurus remifer
2022,1.36785150993438,Dicrurus remifer
2023,1.50139865896689,Dicrurus remifer
2024,1.51714017811816,Dicrurus remifer
2002,1.17134623314362,Egretta eulophotes
2003,1.06283088139723,Egretta eulophotes
2004,1.18315755922352,Egretta eulophotes
2005,1.18075099459425,Egretta eulophotes
2006,1.18374495739029,Egretta eulophotes
2007,1.5076562062959,Egretta eulophotes
2008,1.1380932461524,Egretta eulophotes
2009,0.797644095502505,Egretta eulophotes
2010,1.20246682273074,Egretta eulophotes
2011,0.786476870270875,Egretta eulophotes
2012,1.18638988917491,Egretta eulophotes
2013,1.10285595338836,Egretta eulophotes
2014,1.16747344952592,Egretta eulophotes
2015,1.0879192777664,Egretta eulophotes
2016,1.18237155657969,Egretta eulophotes
2017,1.438209763802,Egretta eulophotes
2018,0.826216356489393,Egretta eulophotes
2019,1.10249269932896,Egretta eulophotes
2020,1.16631304950052,Egretta eulophotes
2021,1.25918256746455,Egretta eulophotes
2022,1.36785150993438,Egretta eulophotes
2023,1.50139865896689,Egretta eulophotes
2024,1.51714017811816,Egretta eulophotes
2002,1.17134623314362,Elachura formosa
2003,1.06283088139723,Elachura formosa
2004,1.18315755922352,Elachura formosa
2005,1.18075099459425,Elachura formosa
2006,1.18374495739029,Elachura formosa
2007,1.5076562062959,Elachura formosa
2008,1.1380932461524,Elachura formosa
2009,0.797644095502505,Elachura formosa
2010,1.20246682273074,Elachura formosa
2011,0.786476870270875,Elachura formosa
2012,1.18638988917491,Elachura formosa
2013,1.10285595338836,Elachura formosa
2014,1.16747344952592,Elachura formosa
2015,1.0879192777664,Elachura formosa
2016,1.18237155657969,Elachura formosa
2017,1.438209763802,Elachura formosa
2018,0.826216356489393,Elachura formosa
2019,1.10249269932896,Elachura formosa
2020,1.16631304950052,Elachura formosa
2021,1.25918256746455,Elachura formosa
2022,1.36785150993438,Elachura formosa
2023,1.50139865896689,Elachura formosa
2024,1.51714017811816,Elachura formosa
2002,1.17134623314362,Elanus caeruleus
2003,1.06283088139723,Elanus caeruleus
2004,1.18315755922352,Elanus caeruleus
2005,1.18075099459425,Elanus caeruleus
2006,1.18374495739029,Elanus caeruleus
2007,1.5076562062959,Elanus caeruleus
2008,1.1380932461524,Elanus caeruleus
2009,0.797644095502505,Elanus caeruleus
2010,1.20246682273074,Elanus caeruleus
2011,0.786476870270875,Elanus caeruleus
2012,1.18638988917491,Elanus caeruleus
2013,1.10285595338836,Elanus caeruleus
2014,1.16747344952592,Elanus caeruleus
2015,1.0879192777664,Elanus caeruleus
2016,1.18237155657969,Elanus caeruleus
2017,1.438209763802,Elanus caeruleus
2018,0.826216356489393,Elanus caeruleus
2019,1.10249269932896,Elanus caeruleus
2020,1.16631304950052,Elanus caeruleus
2021,1.25918256746455,Elanus caeruleus
2022,1.36785150993438,Elanus caeruleus
2023,1.50139865896689,Elanus caeruleus
2024,1.51714017811816,Elanus caeruleus
2002,1.17134623314362,Emberiza buchanani
2003,1.06283088139723,Emberiza buchanani
2004,1.18315755922352,Emberiza buchanani
2005,1.18075099459425,Emberiza buchanani
2006,1.18374495739029,Emberiza buchanani
2007,1.5076562062959,Emberiza buchanani
2008,1.1380932461524,Emberiza buchanani
2009,0.797644095502505,Emberiza buchanani
2010,1.20246682273074,Emberiza buchanani
2011,0.786476870270875,Emberiza buchanani
2012,1.18638988917491,Emberiza buchanani
2013,1.10285595338836,Emberiza buchanani
2014,1.16747344952592,Emberiza buchanani
2015,1.0879192777664,Emberiza buchanani
2016,1.18237155657969,Emberiza buchanani
2017,1.438209763802,Emberiza buchanani
2018,0.826216356489393,Emberiza buchanani
2019,1.10249269932896,Emberiza buchanani
2020,1.16631304950052,Emberiza buchanani
2021,1.25918256746455,Emberiza buchanani
2022,1.36785150993438,Emberiza buchanani
2023,1.50139865896689,Emberiza buchanani
2024,1.51714017811816,Emberiza buchanani
2002,1.17134623314362,Emberiza citrinella
2003,1.06283088139723,Emberiza citrinella
2004,1.18315755922352,Emberiza citrinella
2005,1.18075099459425,Emberiza citrinella
2006,1.18374495739029,Emberiza citrinella
2007,1.5076562062959,Emberiza citrinella
2008,1.1380932461524,Emberiza citrinella
2009,0.797644095502505,Emberiza citrinella
2010,1.20246682273074,Emberiza citrinella
2011,0.786476870270875,Emberiza citrinella
2012,1.18638988917491,Emberiza citrinella
2013,1.10285595338836,Emberiza citrinella
2014,1.16747344952592,Emberiza citrinella
2015,1.0879192777664,Emberiza citrinella
2016,1.18237155657969,Emberiza citrinella
2017,1.438209763802,Emberiza citrinella
2018,0.826216356489393,Emberiza citrinella
2019,1.10249269932896,Emberiza citrinella
2020,1.16631304950052,Emberiza citrinella
2021,1.25918256746455,Emberiza citrinella
2022,1.36785150993438,Emberiza citrinella
2023,1.50139865896689,Emberiza citrinella
2024,1.51714017811816,Emberiza citrinella
2002,1.17134623314362,Emberiza elegans
2003,1.06283088139723,Emberiza elegans
2004,1.18315755922352,Emberiza elegans
2005,1.18075099459425,Emberiza elegans
2006,1.18374495739029,Emberiza elegans
2007,1.5076562062959,Emberiza elegans
2008,1.1380932461524,Emberiza elegans
2009,0.797644095502505,Emberiza elegans
2010,1.20246682273074,Emberiza elegans
2011,0.786476870270875,Emberiza elegans
2012,1.18638988917491,Emberiza elegans
2013,1.10285595338836,Emberiza elegans
2014,1.16747344952592,Emberiza elegans
2015,1.0879192777664,Emberiza elegans
2016,1.18237155657969,Emberiza elegans
2017,1.438209763802,Emberiza elegans
2018,0.826216356489393,Emberiza elegans
2019,1.10249269932896,Emberiza elegans
2020,1.16631304950052,Emberiza elegans
2021,1.25918256746455,Emberiza elegans
2022,1.36785150993438,Emberiza elegans
2023,1.50139865896689,Emberiza elegans
2024,1.51714017811816,Emberiza elegans
2002,1.17134623314362,Emberiza godlewskii
2003,1.06283088139723,Emberiza godlewskii
2004,1.18315755922352,Emberiza godlewskii
2005,1.18075099459425,Emberiza godlewskii
2006,1.18374495739029,Emberiza godlewskii
2007,1.5076562062959,Emberiza godlewskii
2008,1.1380932461524,Emberiza godlewskii
2009,0.797644095502505,Emberiza godlewskii
2010,1.20246682273074,Emberiza godlewskii
2011,0.786476870270875,Emberiza godlewskii
2012,1.18638988917491,Emberiza godlewskii
2013,1.10285595338836,Emberiza godlewskii
2014,1.16747344952592,Emberiza godlewskii
2015,1.0879192777664,Emberiza godlewskii
2016,1.18237155657969,Emberiza godlewskii
2017,1.438209763802,Emberiza godlewskii
2018,0.826216356489393,Emberiza godlewskii
2019,1.10249269932896,Emberiza godlewskii
2020,1.16631304950052,Emberiza godlewskii
2021,1.25918256746455,Emberiza godlewskii
2022,1.36785150993438,Emberiza godlewskii
2023,1.50139865896689,Emberiza godlewskii
2024,1.51714017811816,Emberiza godlewskii
2002,1.17134623314362,Emberiza hortulana
2003,1.06283088139723,Emberiza hortulana
2004,1.18315755922352,Emberiza hortulana
2005,1.18075099459425,Emberiza hortulana
2006,1.18374495739029,Emberiza hortulana
2007,1.5076562062959,Emberiza hortulana
2008,1.1380932461524,Emberiza hortulana
2009,0.797644095502505,Emberiza hortulana
2010,1.20246682273074,Emberiza hortulana
2011,0.786476870270875,Emberiza hortulana
2012,1.18638988917491,Emberiza hortulana
2013,1.10285595338836,Emberiza hortulana
2014,1.16747344952592,Emberiza hortulana
2015,1.0879192777664,Emberiza hortulana
2016,1.18237155657969,Emberiza hortulana
2017,1.438209763802,Emberiza hortulana
2018,0.826216356489393,Emberiza hortulana
2019,1.10249269932896,Emberiza hortulana
2020,1.16631304950052,Emberiza hortulana
2021,1.25918256746455,Emberiza hortulana
2022,1.36785150993438,Emberiza hortulana
2023,1.50139865896689,Emberiza hortulana
2024,1.51714017811816,Emberiza hortulana
2002,1.17134623314362,Emberiza pallasi
2003,1.06283088139723,Emberiza pallasi
2004,1.18315755922352,Emberiza pallasi
2005,1.18075099459425,Emberiza pallasi
2006,1.18374495739029,Emberiza pallasi
2007,1.5076562062959,Emberiza pallasi
2008,1.1380932461524,Emberiza pallasi
2009,0.797644095502505,Emberiza pallasi
2010,1.20246682273074,Emberiza pallasi
2011,0.786476870270875,Emberiza pallasi
2012,1.18638988917491,Emberiza pallasi
2013,1.10285595338836,Emberiza pallasi
2014,1.16747344952592,Emberiza pallasi
2015,1.0879192777664,Emberiza pallasi
2016,1.18237155657969,Emberiza pallasi
2017,1.438209763802,Emberiza pallasi
2018,0.826216356489393,Emberiza pallasi
2019,1.10249269932896,Emberiza pallasi
2020,1.16631304950052,Emberiza pallasi
2021,1.25918256746455,Emberiza pallasi
2022,1.36785150993438,Emberiza pallasi
2023,1.50139865896689,Emberiza pallasi
2024,1.51714017811816,Emberiza pallasi
2002,1.17134623314362,Emberiza pusilla
2003,1.06283088139723,Emberiza pusilla
2004,1.18315755922352,Emberiza pusilla
2005,1.18075099459425,Emberiza pusilla
2006,1.18374495739029,Emberiza pusilla
2007,1.5076562062959,Emberiza pusilla
2008,1.1380932461524,Emberiza pusilla
2009,0.797644095502505,Emberiza pusilla
2010,1.20246682273074,Emberiza pusilla
2011,0.786476870270875,Emberiza pusilla
2012,1.18638988917491,Emberiza pusilla
2013,1.10285595338836,Emberiza pusilla
2014,1.16747344952592,Emberiza pusilla
2015,1.0879192777664,Emberiza pusilla
2016,1.18237155657969,Emberiza pusilla
2017,1.438209763802,Emberiza pusilla
2018,0.826216356489393,Emberiza pusilla
2019,1.10249269932896,Emberiza pusilla
2020,1.16631304950052,Emberiza pusilla
2021,1.25918256746455,Emberiza pusilla
2022,1.36785150993438,Emberiza pusilla
2023,1.50139865896689,Emberiza pusilla
2024,1.51714017811816,Emberiza pusilla
2002,1.17134623314362,Emberiza rustica
2003,1.06283088139723,Emberiza rustica
2004,1.18315755922352,Emberiza rustica
2005,1.18075099459425,Emberiza rustica
2006,1.18374495739029,Emberiza rustica
2007,1.5076562062959,Emberiza rustica
2008,1.1380932461524,Emberiza rustica
2009,0.797644095502505,Emberiza rustica
2010,1.20246682273074,Emberiza rustica
2011,0.786476870270875,Emberiza rustica
2012,1.18638988917491,Emberiza rustica
2013,1.10285595338836,Emberiza rustica
2014,1.16747344952592,Emberiza rustica
2015,1.0879192777664,Emberiza rustica
2016,1.18237155657969,Emberiza rustica
2017,1.438209763802,Emberiza rustica
2018,0.826216356489393,Emberiza rustica
2019,1.10249269932896,Emberiza rustica
2020,1.16631304950052,Emberiza rustica
2021,1.25918256746455,Emberiza rustica
2022,1.36785150993438,Emberiza rustica
2023,1.50139865896689,Emberiza rustica
2024,1.51714017811816,Emberiza rustica
2002,1.17134623314362,Emberiza siemsseni
2003,1.06283088139723,Emberiza siemsseni
2004,1.18315755922352,Emberiza siemsseni
2005,1.18075099459425,Emberiza siemsseni
2006,1.18374495739029,Emberiza siemsseni
2007,1.5076562062959,Emberiza siemsseni
2008,1.1380932461524,Emberiza siemsseni
2009,0.797644095502505,Emberiza siemsseni
2010,1.20246682273074,Emberiza siemsseni
2011,0.786476870270875,Emberiza siemsseni
2012,1.18638988917491,Emberiza siemsseni
2013,1.10285595338836,Emberiza siemsseni
2014,1.16747344952592,Emberiza siemsseni
2015,1.0879192777664,Emberiza siemsseni
2016,1.18237155657969,Emberiza siemsseni
2017,1.438209763802,Emberiza siemsseni
2018,0.826216356489393,Emberiza siemsseni
2019,1.10249269932896,Emberiza siemsseni
2020,1.16631304950052,Emberiza siemsseni
2021,1.25918256746455,Emberiza siemsseni
2022,1.36785150993438,Emberiza siemsseni
2023,1.50139865896689,Emberiza siemsseni
2024,1.51714017811816,Emberiza siemsseni
2002,1.17134623314362,Emberiza yessoensis
2003,1.06283088139723,Emberiza yessoensis
2004,1.18315755922352,Emberiza yessoensis
2005,1.18075099459425,Emberiza yessoensis
2006,1.18374495739029,Emberiza yessoensis
2007,1.5076562062959,Emberiza yessoensis
2008,1.1380932461524,Emberiza yessoensis
2009,0.797644095502505,Emberiza yessoensis
2010,1.20246682273074,Emberiza yessoensis
2011,0.786476870270875,Emberiza yessoensis
2012,1.18638988917491,Emberiza yessoensis
2013,1.10285595338836,Emberiza yessoensis
2014,1.16747344952592,Emberiza yessoensis
2015,1.0879192777664,Emberiza yessoensis
2016,1.18237155657969,Emberiza yessoensis
2017,1.438209763802,Emberiza yessoensis
2018,0.826216356489393,Emberiza yessoensis
2019,1.10249269932896,Emberiza yessoensis
2020,1.16631304950052,Emberiza yessoensis
2021,1.25918256746455,Emberiza yessoensis
2022,1.36785150993438,Emberiza yessoensis
2023,1.50139865896689,Emberiza yessoensis
2024,1.51714017811816,Emberiza yessoensis
2002,1.17134623314362,Enicurus maculatus
2003,1.06283088139723,Enicurus maculatus
2004,1.18315755922352,Enicurus maculatus
2005,1.18075099459425,Enicurus maculatus
2006,1.18374495739029,Enicurus maculatus
2007,1.5076562062959,Enicurus maculatus
2008,1.1380932461524,Enicurus maculatus
2009,0.797644095502505,Enicurus maculatus
2010,1.20246682273074,Enicurus maculatus
2011,0.786476870270875,Enicurus maculatus
2012,1.18638988917491,Enicurus maculatus
2013,1.10285595338836,Enicurus maculatus
2014,1.16747344952592,Enicurus maculatus
2015,1.0879192777664,Enicurus maculatus
2016,1.18237155657969,Enicurus maculatus
2017,1.438209763802,Enicurus maculatus
2018,0.826216356489393,Enicurus maculatus
2019,1.10249269932896,Enicurus maculatus
2020,1.16631304950052,Enicurus maculatus
2021,1.25918256746455,Enicurus maculatus
2022,1.36785150993438,Enicurus maculatus
2023,1.50139865896689,Enicurus maculatus
2024,1.51714017811816,Enicurus maculatus
2002,1.17134623314362,Enicurus schistaceus
2003,1.06283088139723,Enicurus schistaceus
2004,1.18315755922352,Enicurus schistaceus
2005,1.18075099459425,Enicurus schistaceus
2006,1.18374495739029,Enicurus schistaceus
2007,1.5076562062959,Enicurus schistaceus
2008,1.1380932461524,Enicurus schistaceus
2009,0.797644095502505,Enicurus schistaceus
2010,1.20246682273074,Enicurus schistaceus
2011,0.786476870270875,Enicurus schistaceus
2012,1.18638988917491,Enicurus schistaceus
2013,1.10285595338836,Enicurus schistaceus
2014,1.16747344952592,Enicurus schistaceus
2015,1.0879192777664,Enicurus schistaceus
2016,1.18237155657969,Enicurus schistaceus
2017,1.438209763802,Enicurus schistaceus
2018,0.826216356489393,Enicurus schistaceus
2019,1.10249269932896,Enicurus schistaceus
2020,1.16631304950052,Enicurus schistaceus
2021,1.25918256746455,Enicurus schistaceus
2022,1.36785150993438,Enicurus schistaceus
2023,1.50139865896689,Enicurus schistaceus
2024,1.51714017811816,Enicurus schistaceus
2002,1.17134623314362,Erpornis zantholeuca
2003,1.06283088139723,Erpornis zantholeuca
2004,1.18315755922352,Erpornis zantholeuca
2005,1.18075099459425,Erpornis zantholeuca
2006,1.18374495739029,Erpornis zantholeuca
2007,1.5076562062959,Erpornis zantholeuca
2008,1.1380932461524,Erpornis zantholeuca
2009,0.797644095502505,Erpornis zantholeuca
2010,1.20246682273074,Erpornis zantholeuca
2011,0.786476870270875,Erpornis zantholeuca
2012,1.18638988917491,Erpornis zantholeuca
2013,1.10285595338836,Erpornis zantholeuca
2014,1.16747344952592,Erpornis zantholeuca
2015,1.0879192777664,Erpornis zantholeuca
2016,1.18237155657969,Erpornis zantholeuca
2017,1.438209763802,Erpornis zantholeuca
2018,0.826216356489393,Erpornis zantholeuca
2019,1.10249269932896,Erpornis zantholeuca
2020,1.16631304950052,Erpornis zantholeuca
2021,1.25918256746455,Erpornis zantholeuca
2022,1.36785150993438,Erpornis zantholeuca
2023,1.50139865896689,Erpornis zantholeuca
2024,1.51714017811816,Erpornis zantholeuca
2002,1.17134623314362,Erythrogenys hypoleucos
2003,1.06283088139723,Erythrogenys hypoleucos
2004,1.18315755922352,Erythrogenys hypoleucos
2005,1.18075099459425,Erythrogenys hypoleucos
2006,1.18374495739029,Erythrogenys hypoleucos
2007,1.5076562062959,Erythrogenys hypoleucos
2008,1.1380932461524,Erythrogenys hypoleucos
2009,0.797644095502505,Erythrogenys hypoleucos
2010,1.20246682273074,Erythrogenys hypoleucos
2011,0.786476870270875,Erythrogenys hypoleucos
2012,1.18638988917491,Erythrogenys hypoleucos
2013,1.10285595338836,Erythrogenys hypoleucos
2014,1.16747344952592,Erythrogenys hypoleucos
2015,1.0879192777664,Erythrogenys hypoleucos
2016,1.18237155657969,Erythrogenys hypoleucos
2017,1.438209763802,Erythrogenys hypoleucos
2018,0.826216356489393,Erythrogenys hypoleucos
2019,1.10249269932896,Erythrogenys hypoleucos
2020,1.16631304950052,Erythrogenys hypoleucos
2021,1.25918256746455,Erythrogenys hypoleucos
2022,1.36785150993438,Erythrogenys hypoleucos
2023,1.50139865896689,Erythrogenys hypoleucos
2024,1.51714017811816,Erythrogenys hypoleucos
2002,1.17134623314362,Eudynamys scolopaceus
2003,1.06283088139723,Eudynamys scolopaceus
2004,1.18315755922352,Eudynamys scolopaceus
2005,1.18075099459425,Eudynamys scolopaceus
2006,1.18374495739029,Eudynamys scolopaceus
2007,1.5076562062959,Eudynamys scolopaceus
2008,1.1380932461524,Eudynamys scolopaceus
2009,0.797644095502505,Eudynamys scolopaceus
2010,1.20246682273074,Eudynamys scolopaceus
2011,0.786476870270875,Eudynamys scolopaceus
2012,1.18638988917491,Eudynamys scolopaceus
2013,1.10285595338836,Eudynamys scolopaceus
2014,1.16747344952592,Eudynamys scolopaceus
2015,1.0879192777664,Eudynamys scolopaceus
2016,1.18237155657969,Eudynamys scolopaceus
2017,1.438209763802,Eudynamys scolopaceus
2018,0.826216356489393,Eudynamys scolopaceus
2019,1.10249269932896,Eudynamys scolopaceus
2020,1.16631304950052,Eudynamys scolopaceus
2021,1.25918256746455,Eudynamys scolopaceus
2022,1.36785150993438,Eudynamys scolopaceus
2023,1.50139865896689,Eudynamys scolopaceus
2024,1.51714017811816,Eudynamys scolopaceus
2002,1.17134623314362,Eumyias thalassinus
2003,1.06283088139723,Eumyias thalassinus
2004,1.18315755922352,Eumyias thalassinus
2005,1.18075099459425,Eumyias thalassinus
2006,1.18374495739029,Eumyias thalassinus
2007,1.5076562062959,Eumyias thalassinus
2008,1.1380932461524,Eumyias thalassinus
2009,0.797644095502505,Eumyias thalassinus
2010,1.20246682273074,Eumyias thalassinus
2011,0.786476870270875,Eumyias thalassinus
2012,1.18638988917491,Eumyias thalassinus
2013,1.10285595338836,Eumyias thalassinus
2014,1.16747344952592,Eumyias thalassinus
2015,1.0879192777664,Eumyias thalassinus
2016,1.18237155657969,Eumyias thalassinus
2017,1.438209763802,Eumyias thalassinus
2018,0.826216356489393,Eumyias thalassinus
2019,1.10249269932896,Eumyias thalassinus
2020,1.16631304950052,Eumyias thalassinus
2021,1.25918256746455,Eumyias thalassinus
2022,1.36785150993438,Eumyias thalassinus
2023,1.50139865896689,Eumyias thalassinus
2024,1.51714017811816,Eumyias thalassinus
2002,1.17134623314362,Falco cherrug
2003,1.06283088139723,Falco cherrug
2004,1.18315755922352,Falco cherrug
2005,1.18075099459425,Falco cherrug
2006,1.18374495739029,Falco cherrug
2007,1.5076562062959,Falco cherrug
2008,1.1380932461524,Falco cherrug
2009,0.797644095502505,Falco cherrug
2010,1.20246682273074,Falco cherrug
2011,0.786476870270875,Falco cherrug
2012,1.18638988917491,Falco cherrug
2013,1.10285595338836,Falco cherrug
2014,1.16747344952592,Falco cherrug
2015,1.0879192777664,Falco cherrug
2016,1.18237155657969,Falco cherrug
2017,1.438209763802,Falco cherrug
2018,0.826216356489393,Falco cherrug
2019,1.10249269932896,Falco cherrug
2020,1.16631304950052,Falco cherrug
2021,1.25918256746455,Falco cherrug
2022,1.36785150993438,Falco cherrug
2023,1.50139865896689,Falco cherrug
2024,1.51714017811816,Falco cherrug
2002,1.17134623314362,Falco severus
2003,1.06283088139723,Falco severus
2004,1.18315755922352,Falco severus
2005,1.18075099459425,Falco severus
2006,1.18374495739029,Falco severus
2007,1.5076562062959,Falco severus
2008,1.1380932461524,Falco severus
2009,0.797644095502505,Falco severus
2010,1.20246682273074,Falco severus
2011,0.786476870270875,Falco severus
2012,1.18638988917491,Falco severus
2013,1.10285595338836,Falco severus
2014,1.16747344952592,Falco severus
2015,1.0879192777664,Falco severus
2016,1.18237155657969,Falco severus
2017,1.438209763802,Falco severus
2018,0.826216356489393,Falco severus
2019,1.10249269932896,Falco severus
2020,1.16631304950052,Falco severus
2021,1.25918256746455,Falco severus
2022,1.36785150993438,Falco severus
2023,1.50139865896689,Falco severus
2024,1.51714017811816,Falco severus
2002,1.17134623314362,Ficedula albicilla
2003,1.06283088139723,Ficedula albicilla
2004,1.18315755922352,Ficedula albicilla
2005,1.18075099459425,Ficedula albicilla
2006,1.18374495739029,Ficedula albicilla
2007,1.5076562062959,Ficedula albicilla
2008,1.1380932461524,Ficedula albicilla
2009,0.797644095502505,Ficedula albicilla
2010,1.20246682273074,Ficedula albicilla
2011,0.786476870270875,Ficedula albicilla
2012,1.18638988917491,Ficedula albicilla
2013,1.10285595338836,Ficedula albicilla
2014,1.16747344952592,Ficedula albicilla
2015,1.0879192777664,Ficedula albicilla
2016,1.18237155657969,Ficedula albicilla
2017,1.438209763802,Ficedula albicilla
2018,0.826216356489393,Ficedula albicilla
2019,1.10249269932896,Ficedula albicilla
2020,1.16631304950052,Ficedula albicilla
2021,1.25918256746455,Ficedula albicilla
2022,1.36785150993438,Ficedula albicilla
2023,1.50139865896689,Ficedula albicilla
2024,1.51714017811816,Ficedula albicilla
2002,1.17134623314362,Ficedula elisae
2003,1.06283088139723,Ficedula elisae
2004,1.18315755922352,Ficedula elisae
2005,1.18075099459425,Ficedula elisae
2006,1.18374495739029,Ficedula elisae
2007,1.5076562062959,Ficedula elisae
2008,1.1380932461524,Ficedula elisae
2009,0.797644095502505,Ficedula elisae
2010,1.20246682273074,Ficedula elisae
2011,0.786476870270875,Ficedula elisae
2012,1.18638988917491,Ficedula elisae
2013,1.10285595338836,Ficedula elisae
2014,1.16747344952592,Ficedula elisae
2015,1.0879192777664,Ficedula elisae
2016,1.18237155657969,Ficedula elisae
2017,1.438209763802,Ficedula elisae
2018,0.826216356489393,Ficedula elisae
2019,1.10249269932896,Ficedula elisae
2020,1.16631304950052,Ficedula elisae
2021,1.25918256746455,Ficedula elisae
2022,1.36785150993438,Ficedula elisae
2023,1.50139865896689,Ficedula elisae
2024,1.51714017811816,Ficedula elisae
2002,1.17134623314362,Ficedula erithacus
2003,1.06283088139723,Ficedula erithacus
2004,1.18315755922352,Ficedula erithacus
2005,1.18075099459425,Ficedula erithacus
2006,1.18374495739029,Ficedula erithacus
2007,1.5076562062959,Ficedula erithacus
2008,1.1380932461524,Ficedula erithacus
2009,0.797644095502505,Ficedula erithacus
2010,1.20246682273074,Ficedula erithacus
2011,0.786476870270875,Ficedula erithacus
2012,1.18638988917491,Ficedula erithacus
2013,1.10285595338836,Ficedula erithacus
2014,1.16747344952592,Ficedula erithacus
2015,1.0879192777664,Ficedula erithacus
2016,1.18237155657969,Ficedula erithacus
2017,1.438209763802,Ficedula erithacus
2018,0.826216356489393,Ficedula erithacus
2019,1.10249269932896,Ficedula erithacus
2020,1.16631304950052,Ficedula erithacus
2021,1.25918256746455,Ficedula erithacus
2022,1.36785150993438,Ficedula erithacus
2023,1.50139865896689,Ficedula erithacus
2024,1.51714017811816,Ficedula erithacus
2002,1.17134623314362,Ficedula hyperythra
2003,1.06283088139723,Ficedula hyperythra
2004,1.18315755922352,Ficedula hyperythra
2005,1.18075099459425,Ficedula hyperythra
2006,1.18374495739029,Ficedula hyperythra
2007,1.5076562062959,Ficedula hyperythra
2008,1.1380932461524,Ficedula hyperythra
2009,0.797644095502505,Ficedula hyperythra
2010,1.20246682273074,Ficedula hyperythra
2011,0.786476870270875,Ficedula hyperythra
2012,1.18638988917491,Ficedula hyperythra
2013,1.10285595338836,Ficedula hyperythra
2014,1.16747344952592,Ficedula hyperythra
2015,1.0879192777664,Ficedula hyperythra
2016,1.18237155657969,Ficedula hyperythra
2017,1.438209763802,Ficedula hyperythra
2018,0.826216356489393,Ficedula hyperythra
2019,1.10249269932896,Ficedula hyperythra
2020,1.16631304950052,Ficedula hyperythra
2021,1.25918256746455,Ficedula hyperythra
2022,1.36785150993438,Ficedula hyperythra
2023,1.50139865896689,Ficedula hyperythra
2024,1.51714017811816,Ficedula hyperythra
2002,1.17134623314362,Ficedula mugimaki
2003,1.06283088139723,Ficedula mugimaki
2004,1.18315755922352,Ficedula mugimaki
2005,1.18075099459425,Ficedula mugimaki
2006,1.18374495739029,Ficedula mugimaki
2007,1.5076562062959,Ficedula mugimaki
2008,1.1380932461524,Ficedula mugimaki
2009,0.797644095502505,Ficedula mugimaki
2010,1.20246682273074,Ficedula mugimaki
2011,0.786476870270875,Ficedula mugimaki
2012,1.18638988917491,Ficedula mugimaki
2013,1.10285595338836,Ficedula mugimaki
2014,1.16747344952592,Ficedula mugimaki
2015,1.0879192777664,Ficedula mugimaki
2016,1.18237155657969,Ficedula mugimaki
2017,1.438209763802,Ficedula mugimaki
2018,0.826216356489393,Ficedula mugimaki
2019,1.10249269932896,Ficedula mugimaki
2020,1.16631304950052,Ficedula mugimaki
2021,1.25918256746455,Ficedula mugimaki
2022,1.36785150993438,Ficedula mugimaki
2023,1.50139865896689,Ficedula mugimaki
2024,1.51714017811816,Ficedula mugimaki
2002,1.17134623314362,Ficedula tricolor
2003,1.06283088139723,Ficedula tricolor
2004,1.18315755922352,Ficedula tricolor
2005,1.18075099459425,Ficedula tricolor
2006,1.18374495739029,Ficedula tricolor
2007,1.5076562062959,Ficedula tricolor
2008,1.1380932461524,Ficedula tricolor
2009,0.797644095502505,Ficedula tricolor
2010,1.20246682273074,Ficedula tricolor
2011,0.786476870270875,Ficedula tricolor
2012,1.18638988917491,Ficedula tricolor
2013,1.10285595338836,Ficedula tricolor
2014,1.16747344952592,Ficedula tricolor
2015,1.0879192777664,Ficedula tricolor
2016,1.18237155657969,Ficedula tricolor
2017,1.438209763802,Ficedula tricolor
2018,0.826216356489393,Ficedula tricolor
2019,1.10249269932896,Ficedula tricolor
2020,1.16631304950052,Ficedula tricolor
2021,1.25918256746455,Ficedula tricolor
2022,1.36785150993438,Ficedula tricolor
2023,1.50139865896689,Ficedula tricolor
2024,1.51714017811816,Ficedula tricolor
2002,1.17134623314362,Fregata ariel
2003,1.06283088139723,Fregata ariel
2004,1.18315755922352,Fregata ariel
2005,1.18075099459425,Fregata ariel
2006,1.18374495739029,Fregata ariel
2007,1.5076562062959,Fregata ariel
2008,1.1380932461524,Fregata ariel
2009,0.797644095502505,Fregata ariel
2010,1.20246682273074,Fregata ariel
2011,0.786476870270875,Fregata ariel
2012,1.18638988917491,Fregata ariel
2013,1.10285595338836,Fregata ariel
2014,1.16747344952592,Fregata ariel
2015,1.0879192777664,Fregata ariel
2016,1.18237155657969,Fregata ariel
2017,1.438209763802,Fregata ariel
2018,0.826216356489393,Fregata ariel
2019,1.10249269932896,Fregata ariel
2020,1.16631304950052,Fregata ariel
2021,1.25918256746455,Fregata ariel
2022,1.36785150993438,Fregata ariel
2023,1.50139865896689,Fregata ariel
2024,1.51714017811816,Fregata ariel
2002,1.17134623314362,Fringilla coelebs
2003,1.06283088139723,Fringilla coelebs
2004,1.18315755922352,Fringilla coelebs
2005,1.18075099459425,Fringilla coelebs
2006,1.18374495739029,Fringilla coelebs
2007,1.5076562062959,Fringilla coelebs
2008,1.1380932461524,Fringilla coelebs
2009,0.797644095502505,Fringilla coelebs
2010,1.20246682273074,Fringilla coelebs
2011,0.786476870270875,Fringilla coelebs
2012,1.18638988917491,Fringilla coelebs
2013,1.10285595338836,Fringilla coelebs
2014,1.16747344952592,Fringilla coelebs
2015,1.0879192777664,Fringilla coelebs
2016,1.18237155657969,Fringilla coelebs
2017,1.438209763802,Fringilla coelebs
2018,0.826216356489393,Fringilla coelebs
2019,1.10249269932896,Fringilla coelebs
2020,1.16631304950052,Fringilla coelebs
2021,1.25918256746455,Fringilla coelebs
2022,1.36785150993438,Fringilla coelebs
2023,1.50139865896689,Fringilla coelebs
2024,1.51714017811816,Fringilla coelebs
2002,1.17134623314362,Fringilla montifringilla
2003,1.06283088139723,Fringilla montifringilla
2004,1.18315755922352,Fringilla montifringilla
2005,1.18075099459425,Fringilla montifringilla
2006,1.18374495739029,Fringilla montifringilla
2007,1.5076562062959,Fringilla montifringilla
2008,1.1380932461524,Fringilla montifringilla
2009,0.797644095502505,Fringilla montifringilla
2010,1.20246682273074,Fringilla montifringilla
2011,0.786476870270875,Fringilla montifringilla
2012,1.18638988917491,Fringilla montifringilla
2013,1.10285595338836,Fringilla montifringilla
2014,1.16747344952592,Fringilla montifringilla
2015,1.0879192777664,Fringilla montifringilla
2016,1.18237155657969,Fringilla montifringilla
2017,1.438209763802,Fringilla montifringilla
2018,0.826216356489393,Fringilla montifringilla
2019,1.10249269932896,Fringilla montifringilla
2020,1.16631304950052,Fringilla montifringilla
2021,1.25918256746455,Fringilla montifringilla
2022,1.36785150993438,Fringilla montifringilla
2023,1.50139865896689,Fringilla montifringilla
2024,1.51714017811816,Fringilla montifringilla
2002,1.17134623314362,Galerida cristata
2003,1.06283088139723,Galerida cristata
2004,1.18315755922352,Galerida cristata
2005,1.18075099459425,Galerida cristata
2006,1.18374495739029,Galerida cristata
2007,1.5076562062959,Galerida cristata
2008,1.1380932461524,Galerida cristata
2009,0.797644095502505,Galerida cristata
2010,1.20246682273074,Galerida cristata
2011,0.786476870270875,Galerida cristata
2012,1.18638988917491,Galerida cristata
2013,1.10285595338836,Galerida cristata
2014,1.16747344952592,Galerida cristata
2015,1.0879192777664,Galerida cristata
2016,1.18237155657969,Galerida cristata
2017,1.438209763802,Galerida cristata
2018,0.826216356489393,Galerida cristata
2019,1.10249269932896,Galerida cristata
2020,1.16631304950052,Galerida cristata
2021,1.25918256746455,Galerida cristata
2022,1.36785150993438,Galerida cristata
2023,1.50139865896689,Galerida cristata
2024,1.51714017811816,Galerida cristata
2002,1.17134623314362,Gallicrex cinerea
2003,1.06283088139723,Gallicrex cinerea
2004,1.18315755922352,Gallicrex cinerea
2005,1.18075099459425,Gallicrex cinerea
2006,1.18374495739029,Gallicrex cinerea
2007,1.5076562062959,Gallicrex cinerea
2008,1.1380932461524,Gallicrex cinerea
2009,0.797644095502505,Gallicrex cinerea
2010,1.20246682273074,Gallicrex cinerea
2011,0.786476870270875,Gallicrex cinerea
2012,1.18638988917491,Gallicrex cinerea
2013,1.10285595338836,Gallicrex cinerea
2014,1.16747344952592,Gallicrex cinerea
2015,1.0879192777664,Gallicrex cinerea
2016,1.18237155657969,Gallicrex cinerea
2017,1.438209763802,Gallicrex cinerea
2018,0.826216356489393,Gallicrex cinerea
2019,1.10249269932896,Gallicrex cinerea
2020,1.16631304950052,Gallicrex cinerea
2021,1.25918256746455,Gallicrex cinerea
2022,1.36785150993438,Gallicrex cinerea
2023,1.50139865896689,Gallicrex cinerea
2024,1.51714017811816,Gallicrex cinerea
2002,1.17134623314362,Garrulax maesi
2003,1.06283088139723,Garrulax maesi
2004,1.18315755922352,Garrulax maesi
2005,1.18075099459425,Garrulax maesi
2006,1.18374495739029,Garrulax maesi
2007,1.5076562062959,Garrulax maesi
2008,1.1380932461524,Garrulax maesi
2009,0.797644095502505,Garrulax maesi
2010,1.20246682273074,Garrulax maesi
2011,0.786476870270875,Garrulax maesi
2012,1.18638988917491,Garrulax maesi
2013,1.10285595338836,Garrulax maesi
2014,1.16747344952592,Garrulax maesi
2015,1.0879192777664,Garrulax maesi
2016,1.18237155657969,Garrulax maesi
2017,1.438209763802,Garrulax maesi
2018,0.826216356489393,Garrulax maesi
2019,1.10249269932896,Garrulax maesi
2020,1.16631304950052,Garrulax maesi
2021,1.25918256746455,Garrulax maesi
2022,1.36785150993438,Garrulax maesi
2023,1.50139865896689,Garrulax maesi
2024,1.51714017811816,Garrulax maesi
2002,1.17134623314362,Garrulax monileger
2003,1.06283088139723,Garrulax monileger
2004,1.18315755922352,Garrulax monileger
2005,1.18075099459425,Garrulax monileger
2006,1.18374495739029,Garrulax monileger
2007,1.5076562062959,Garrulax monileger
2008,1.1380932461524,Garrulax monileger
2009,0.797644095502505,Garrulax monileger
2010,1.20246682273074,Garrulax monileger
2011,0.786476870270875,Garrulax monileger
2012,1.18638988917491,Garrulax monileger
2013,1.10285595338836,Garrulax monileger
2014,1.16747344952592,Garrulax monileger
2015,1.0879192777664,Garrulax monileger
2016,1.18237155657969,Garrulax monileger
2017,1.438209763802,Garrulax monileger
2018,0.826216356489393,Garrulax monileger
2019,1.10249269932896,Garrulax monileger
2020,1.16631304950052,Garrulax monileger
2021,1.25918256746455,Garrulax monileger
2022,1.36785150993438,Garrulax monileger
2023,1.50139865896689,Garrulax monileger
2024,1.51714017811816,Garrulax monileger
2002,1.17134623314362,Gavia arctica
2003,1.06283088139723,Gavia arctica
2004,1.18315755922352,Gavia arctica
2005,1.18075099459425,Gavia arctica
2006,1.18374495739029,Gavia arctica
2007,1.5076562062959,Gavia arctica
2008,1.1380932461524,Gavia arctica
2009,0.797644095502505,Gavia arctica
2010,1.20246682273074,Gavia arctica
2011,0.786476870270875,Gavia arctica
2012,1.18638988917491,Gavia arctica
2013,1.10285595338836,Gavia arctica
2014,1.16747344952592,Gavia arctica
2015,1.0879192777664,Gavia arctica
2016,1.18237155657969,Gavia arctica
2017,1.438209763802,Gavia arctica
2018,0.826216356489393,Gavia arctica
2019,1.10249269932896,Gavia arctica
2020,1.16631304950052,Gavia arctica
2021,1.25918256746455,Gavia arctica
2022,1.36785150993438,Gavia arctica
2023,1.50139865896689,Gavia arctica
2024,1.51714017811816,Gavia arctica
2002,1.17134623314362,Gelochelidon nilotica
2003,1.06283088139723,Gelochelidon nilotica
2004,1.18315755922352,Gelochelidon nilotica
2005,1.18075099459425,Gelochelidon nilotica
2006,1.18374495739029,Gelochelidon nilotica
2007,1.5076562062959,Gelochelidon nilotica
2008,1.1380932461524,Gelochelidon nilotica
2009,0.797644095502505,Gelochelidon nilotica
2010,1.20246682273074,Gelochelidon nilotica
2011,0.786476870270875,Gelochelidon nilotica
2012,1.18638988917491,Gelochelidon nilotica
2013,1.10285595338836,Gelochelidon nilotica
2014,1.16747344952592,Gelochelidon nilotica
2015,1.0879192777664,Gelochelidon nilotica
2016,1.18237155657969,Gelochelidon nilotica
2017,1.438209763802,Gelochelidon nilotica
2018,0.826216356489393,Gelochelidon nilotica
2019,1.10249269932896,Gelochelidon nilotica
2020,1.16631304950052,Gelochelidon nilotica
2021,1.25918256746455,Gelochelidon nilotica
2022,1.36785150993438,Gelochelidon nilotica
2023,1.50139865896689,Gelochelidon nilotica
2024,1.51714017811816,Gelochelidon nilotica
2002,1.17134623314362,Geokichla citrina
2003,1.06283088139723,Geokichla citrina
2004,1.18315755922352,Geokichla citrina
2005,1.18075099459425,Geokichla citrina
2006,1.18374495739029,Geokichla citrina
2007,1.5076562062959,Geokichla citrina
2008,1.1380932461524,Geokichla citrina
2009,0.797644095502505,Geokichla citrina
2010,1.20246682273074,Geokichla citrina
2011,0.786476870270875,Geokichla citrina
2012,1.18638988917491,Geokichla citrina
2013,1.10285595338836,Geokichla citrina
2014,1.16747344952592,Geokichla citrina
2015,1.0879192777664,Geokichla citrina
2016,1.18237155657969,Geokichla citrina
2017,1.438209763802,Geokichla citrina
2018,0.826216356489393,Geokichla citrina
2019,1.10249269932896,Geokichla citrina
2020,1.16631304950052,Geokichla citrina
2021,1.25918256746455,Geokichla citrina
2022,1.36785150993438,Geokichla citrina
2023,1.50139865896689,Geokichla citrina
2024,1.51714017811816,Geokichla citrina
2002,1.17134623314362,Gracupica nigricollis
2003,1.06283088139723,Gracupica nigricollis
2004,1.18315755922352,Gracupica nigricollis
2005,1.18075099459425,Gracupica nigricollis
2006,1.18374495739029,Gracupica nigricollis
2007,1.5076562062959,Gracupica nigricollis
2008,1.1380932461524,Gracupica nigricollis
2009,0.797644095502505,Gracupica nigricollis
2010,1.20246682273074,Gracupica nigricollis
2011,0.786476870270875,Gracupica nigricollis
2012,1.18638988917491,Gracupica nigricollis
2013,1.10285595338836,Gracupica nigricollis
2014,1.16747344952592,Gracupica nigricollis
2015,1.0879192777664,Gracupica nigricollis
2016,1.18237155657969,Gracupica nigricollis
2017,1.438209763802,Gracupica nigricollis
2018,0.826216356489393,Gracupica nigricollis
2019,1.10249269932896,Gracupica nigricollis
2020,1.16631304950052,Gracupica nigricollis
2021,1.25918256746455,Gracupica nigricollis
2022,1.36785150993438,Gracupica nigricollis
2023,1.50139865896689,Gracupica nigricollis
2024,1.51714017811816,Gracupica nigricollis
2002,1.17134623314362,Grandala coelicolor
2003,1.06283088139723,Grandala coelicolor
2004,1.18315755922352,Grandala coelicolor
2005,1.18075099459425,Grandala coelicolor
2006,1.18374495739029,Grandala coelicolor
2007,1.5076562062959,Grandala coelicolor
2008,1.1380932461524,Grandala coelicolor
2009,0.797644095502505,Grandala coelicolor
2010,1.20246682273074,Grandala coelicolor
2011,0.786476870270875,Grandala coelicolor
2012,1.18638988917491,Grandala coelicolor
2013,1.10285595338836,Grandala coelicolor
2014,1.16747344952592,Grandala coelicolor
2015,1.0879192777664,Grandala coelicolor
2016,1.18237155657969,Grandala coelicolor
2017,1.438209763802,Grandala coelicolor
2018,0.826216356489393,Grandala coelicolor
2019,1.10249269932896,Grandala coelicolor
2020,1.16631304950052,Grandala coelicolor
2021,1.25918256746455,Grandala coelicolor
2022,1.36785150993438,Grandala coelicolor
2023,1.50139865896689,Grandala coelicolor
2024,1.51714017811816,Grandala coelicolor
2002,1.17134623314362,Grus japonensis
2003,1.06283088139723,Grus japonensis
2004,1.18315755922352,Grus japonensis
2005,1.18075099459425,Grus japonensis
2006,1.18374495739029,Grus japonensis
2007,1.5076562062959,Grus japonensis
2008,1.1380932461524,Grus japonensis
2009,0.797644095502505,Grus japonensis
2010,1.20246682273074,Grus japonensis
2011,0.786476870270875,Grus japonensis
2012,1.18638988917491,Grus japonensis
2013,1.10285595338836,Grus japonensis
2014,1.16747344952592,Grus japonensis
2015,1.0879192777664,Grus japonensis
2016,1.18237155657969,Grus japonensis
2017,1.438209763802,Grus japonensis
2018,0.826216356489393,Grus japonensis
2019,1.10249269932896,Grus japonensis
2020,1.16631304950052,Grus japonensis
2021,1.25918256746455,Grus japonensis
2022,1.36785150993438,Grus japonensis
2023,1.50139865896689,Grus japonensis
2024,1.51714017811816,Grus japonensis
2002,1.17134623314362,Grus nigricollis
2003,1.06283088139723,Grus nigricollis
2004,1.18315755922352,Grus nigricollis
2005,1.18075099459425,Grus nigricollis
2006,1.18374495739029,Grus nigricollis
2007,1.5076562062959,Grus nigricollis
2008,1.1380932461524,Grus nigricollis
2009,0.797644095502505,Grus nigricollis
2010,1.20246682273074,Grus nigricollis
2011,0.786476870270875,Grus nigricollis
2012,1.18638988917491,Grus nigricollis
2013,1.10285595338836,Grus nigricollis
2014,1.16747344952592,Grus nigricollis
2015,1.0879192777664,Grus nigricollis
2016,1.18237155657969,Grus nigricollis
2017,1.438209763802,Grus nigricollis
2018,0.826216356489393,Grus nigricollis
2019,1.10249269932896,Grus nigricollis
2020,1.16631304950052,Grus nigricollis
2021,1.25918256746455,Grus nigricollis
2022,1.36785150993438,Grus nigricollis
2023,1.50139865896689,Grus nigricollis
2024,1.51714017811816,Grus nigricollis
2002,1.17134623314362,Gypaetus barbatus
2003,1.06283088139723,Gypaetus barbatus
2004,1.18315755922352,Gypaetus barbatus
2005,1.18075099459425,Gypaetus barbatus
2006,1.18374495739029,Gypaetus barbatus
2007,1.5076562062959,Gypaetus barbatus
2008,1.1380932461524,Gypaetus barbatus
2009,0.797644095502505,Gypaetus barbatus
2010,1.20246682273074,Gypaetus barbatus
2011,0.786476870270875,Gypaetus barbatus
2012,1.18638988917491,Gypaetus barbatus
2013,1.10285595338836,Gypaetus barbatus
2014,1.16747344952592,Gypaetus barbatus
2015,1.0879192777664,Gypaetus barbatus
2016,1.18237155657969,Gypaetus barbatus
2017,1.438209763802,Gypaetus barbatus
2018,0.826216356489393,Gypaetus barbatus
2019,1.10249269932896,Gypaetus barbatus
2020,1.16631304950052,Gypaetus barbatus
2021,1.25918256746455,Gypaetus barbatus
2022,1.36785150993438,Gypaetus barbatus
2023,1.50139865896689,Gypaetus barbatus
2024,1.51714017811816,Gypaetus barbatus
2002,1.17134623314362,Gyps himalayensis
2003,1.06283088139723,Gyps himalayensis
2004,1.18315755922352,Gyps himalayensis
2005,1.18075099459425,Gyps himalayensis
2006,1.18374495739029,Gyps himalayensis
2007,1.5076562062959,Gyps himalayensis
2008,1.1380932461524,Gyps himalayensis
2009,0.797644095502505,Gyps himalayensis
2010,1.20246682273074,Gyps himalayensis
2011,0.786476870270875,Gyps himalayensis
2012,1.18638988917491,Gyps himalayensis
2013,1.10285595338836,Gyps himalayensis
2014,1.16747344952592,Gyps himalayensis
2015,1.0879192777664,Gyps himalayensis
2016,1.18237155657969,Gyps himalayensis
2017,1.438209763802,Gyps himalayensis
2018,0.826216356489393,Gyps himalayensis
2019,1.10249269932896,Gyps himalayensis
2020,1.16631304950052,Gyps himalayensis
2021,1.25918256746455,Gyps himalayensis
2022,1.36785150993438,Gyps himalayensis
2023,1.50139865896689,Gyps himalayensis
2024,1.51714017811816,Gyps himalayensis
2002,1.17134623314362,Halcyon coromanda
2003,1.06283088139723,Halcyon coromanda
2004,1.18315755922352,Halcyon coromanda
2005,1.18075099459425,Halcyon coromanda
2006,1.18374495739029,Halcyon coromanda
2007,1.5076562062959,Halcyon coromanda
2008,1.1380932461524,Halcyon coromanda
2009,0.797644095502505,Halcyon coromanda
2010,1.20246682273074,Halcyon coromanda
2011,0.786476870270875,Halcyon coromanda
2012,1.18638988917491,Halcyon coromanda
2013,1.10285595338836,Halcyon coromanda
2014,1.16747344952592,Halcyon coromanda
2015,1.0879192777664,Halcyon coromanda
2016,1.18237155657969,Halcyon coromanda
2017,1.438209763802,Halcyon coromanda
2018,0.826216356489393,Halcyon coromanda
2019,1.10249269932896,Halcyon coromanda
2020,1.16631304950052,Halcyon coromanda
2021,1.25918256746455,Halcyon coromanda
2022,1.36785150993438,Halcyon coromanda
2023,1.50139865896689,Halcyon coromanda
2024,1.51714017811816,Halcyon coromanda
2002,1.17134623314362,Halcyon pileata
2003,1.06283088139723,Halcyon pileata
2004,1.18315755922352,Halcyon pileata
2005,1.18075099459425,Halcyon pileata
2006,1.18374495739029,Halcyon pileata
2007,1.5076562062959,Halcyon pileata
2008,1.1380932461524,Halcyon pileata
2009,0.797644095502505,Halcyon pileata
2010,1.20246682273074,Halcyon pileata
2011,0.786476870270875,Halcyon pileata
2012,1.18638988917491,Halcyon pileata
2013,1.10285595338836,Halcyon pileata
2014,1.16747344952592,Halcyon pileata
2015,1.0879192777664,Halcyon pileata
2016,1.18237155657969,Halcyon pileata
2017,1.438209763802,Halcyon pileata
2018,0.826216356489393,Halcyon pileata
2019,1.10249269932896,Halcyon pileata
2020,1.16631304950052,Halcyon pileata
2021,1.25918256746455,Halcyon pileata
2022,1.36785150993438,Halcyon pileata
2023,1.50139865896689,Halcyon pileata
2024,1.51714017811816,Halcyon pileata
2002,1.17134623314362,Halcyon smyrnensis
2003,1.06283088139723,Halcyon smyrnensis
2004,1.18315755922352,Halcyon smyrnensis
2005,1.18075099459425,Halcyon smyrnensis
2006,1.18374495739029,Halcyon smyrnensis
2007,1.5076562062959,Halcyon smyrnensis
2008,1.1380932461524,Halcyon smyrnensis
2009,0.797644095502505,Halcyon smyrnensis
2010,1.20246682273074,Halcyon smyrnensis
2011,0.786476870270875,Halcyon smyrnensis
2012,1.18638988917491,Halcyon smyrnensis
2013,1.10285595338836,Halcyon smyrnensis
2014,1.16747344952592,Halcyon smyrnensis
2015,1.0879192777664,Halcyon smyrnensis
2016,1.18237155657969,Halcyon smyrnensis
2017,1.438209763802,Halcyon smyrnensis
2018,0.826216356489393,Halcyon smyrnensis
2019,1.10249269932896,Halcyon smyrnensis
2020,1.16631304950052,Halcyon smyrnensis
2021,1.25918256746455,Halcyon smyrnensis
2022,1.36785150993438,Halcyon smyrnensis
2023,1.50139865896689,Halcyon smyrnensis
2024,1.51714017811816,Halcyon smyrnensis
2002,1.17134623314362,Harpactes wardi
2003,1.06283088139723,Harpactes wardi
2004,1.18315755922352,Harpactes wardi
2005,1.18075099459425,Harpactes wardi
2006,1.18374495739029,Harpactes wardi
2007,1.5076562062959,Harpactes wardi
2008,1.1380932461524,Harpactes wardi
2009,0.797644095502505,Harpactes wardi
2010,1.20246682273074,Harpactes wardi
2011,0.786476870270875,Harpactes wardi
2012,1.18638988917491,Harpactes wardi
2013,1.10285595338836,Harpactes wardi
2014,1.16747344952592,Harpactes wardi
2015,1.0879192777664,Harpactes wardi
2016,1.18237155657969,Harpactes wardi
2017,1.438209763802,Harpactes wardi
2018,0.826216356489393,Harpactes wardi
2019,1.10249269932896,Harpactes wardi
2020,1.16631304950052,Harpactes wardi
2021,1.25918256746455,Harpactes wardi
2022,1.36785150993438,Harpactes wardi
2023,1.50139865896689,Harpactes wardi
2024,1.51714017811816,Harpactes wardi
2002,1.17134623314362,Helopsaltes certhiola
2003,1.06283088139723,Helopsaltes certhiola
2004,1.18315755922352,Helopsaltes certhiola
2005,1.18075099459425,Helopsaltes certhiola
2006,1.18374495739029,Helopsaltes certhiola
2007,1.5076562062959,Helopsaltes certhiola
2008,1.1380932461524,Helopsaltes certhiola
2009,0.797644095502505,Helopsaltes certhiola
2010,1.20246682273074,Helopsaltes certhiola
2011,0.786476870270875,Helopsaltes certhiola
2012,1.18638988917491,Helopsaltes certhiola
2013,1.10285595338836,Helopsaltes certhiola
2014,1.16747344952592,Helopsaltes certhiola
2015,1.0879192777664,Helopsaltes certhiola
2016,1.18237155657969,Helopsaltes certhiola
2017,1.438209763802,Helopsaltes certhiola
2018,0.826216356489393,Helopsaltes certhiola
2019,1.10249269932896,Helopsaltes certhiola
2020,1.16631304950052,Helopsaltes certhiola
2021,1.25918256746455,Helopsaltes certhiola
2022,1.36785150993438,Helopsaltes certhiola
2023,1.50139865896689,Helopsaltes certhiola
2024,1.51714017811816,Helopsaltes certhiola
2002,1.17134623314362,Helopsaltes pryeri
2003,1.06283088139723,Helopsaltes pryeri
2004,1.18315755922352,Helopsaltes pryeri
2005,1.18075099459425,Helopsaltes pryeri
2006,1.18374495739029,Helopsaltes pryeri
2007,1.5076562062959,Helopsaltes pryeri
2008,1.1380932461524,Helopsaltes pryeri
2009,0.797644095502505,Helopsaltes pryeri
2010,1.20246682273074,Helopsaltes pryeri
2011,0.786476870270875,Helopsaltes pryeri
2012,1.18638988917491,Helopsaltes pryeri
2013,1.10285595338836,Helopsaltes pryeri
2014,1.16747344952592,Helopsaltes pryeri
2015,1.0879192777664,Helopsaltes pryeri
2016,1.18237155657969,Helopsaltes pryeri
2017,1.438209763802,Helopsaltes pryeri
2018,0.826216356489393,Helopsaltes pryeri
2019,1.10249269932896,Helopsaltes pryeri
2020,1.16631304950052,Helopsaltes pryeri
2021,1.25918256746455,Helopsaltes pryeri
2022,1.36785150993438,Helopsaltes pryeri
2023,1.50139865896689,Helopsaltes pryeri
2024,1.51714017811816,Helopsaltes pryeri
2002,1.17134623314362,Hemixos castanonotus
2003,1.06283088139723,Hemixos castanonotus
2004,1.18315755922352,Hemixos castanonotus
2005,1.18075099459425,Hemixos castanonotus
2006,1.18374495739029,Hemixos castanonotus
2007,1.5076562062959,Hemixos castanonotus
2008,1.1380932461524,Hemixos castanonotus
2009,0.797644095502505,Hemixos castanonotus
2010,1.20246682273074,Hemixos castanonotus
2011,0.786476870270875,Hemixos castanonotus
2012,1.18638988917491,Hemixos castanonotus
2013,1.10285595338836,Hemixos castanonotus
2014,1.16747344952592,Hemixos castanonotus
2015,1.0879192777664,Hemixos castanonotus
2016,1.18237155657969,Hemixos castanonotus
2017,1.438209763802,Hemixos castanonotus
2018,0.826216356489393,Hemixos castanonotus
2019,1.10249269932896,Hemixos castanonotus
2020,1.16631304950052,Hemixos castanonotus
2021,1.25918256746455,Hemixos castanonotus
2022,1.36785150993438,Hemixos castanonotus
2023,1.50139865896689,Hemixos castanonotus
2024,1.51714017811816,Hemixos castanonotus
2002,1.17134623314362,Heterophasia desgodinsi
2003,1.06283088139723,Heterophasia desgodinsi
2004,1.18315755922352,Heterophasia desgodinsi
2005,1.18075099459425,Heterophasia desgodinsi
2006,1.18374495739029,Heterophasia desgodinsi
2007,1.5076562062959,Heterophasia desgodinsi
2008,1.1380932461524,Heterophasia desgodinsi
2009,0.797644095502505,Heterophasia desgodinsi
2010,1.20246682273074,Heterophasia desgodinsi
2011,0.786476870270875,Heterophasia desgodinsi
2012,1.18638988917491,Heterophasia desgodinsi
2013,1.10285595338836,Heterophasia desgodinsi
2014,1.16747344952592,Heterophasia desgodinsi
2015,1.0879192777664,Heterophasia desgodinsi
2016,1.18237155657969,Heterophasia desgodinsi
2017,1.438209763802,Heterophasia desgodinsi
2018,0.826216356489393,Heterophasia desgodinsi
2019,1.10249269932896,Heterophasia desgodinsi
2020,1.16631304950052,Heterophasia desgodinsi
2021,1.25918256746455,Heterophasia desgodinsi
2022,1.36785150993438,Heterophasia desgodinsi
2023,1.50139865896689,Heterophasia desgodinsi
2024,1.51714017811816,Heterophasia desgodinsi
2002,1.17134623314362,Heteroxenicus stellatus
2003,1.06283088139723,Heteroxenicus stellatus
2004,1.18315755922352,Heteroxenicus stellatus
2005,1.18075099459425,Heteroxenicus stellatus
2006,1.18374495739029,Heteroxenicus stellatus
2007,1.5076562062959,Heteroxenicus stellatus
2008,1.1380932461524,Heteroxenicus stellatus
2009,0.797644095502505,Heteroxenicus stellatus
2010,1.20246682273074,Heteroxenicus stellatus
2011,0.786476870270875,Heteroxenicus stellatus
2012,1.18638988917491,Heteroxenicus stellatus
2013,1.10285595338836,Heteroxenicus stellatus
2014,1.16747344952592,Heteroxenicus stellatus
2015,1.0879192777664,Heteroxenicus stellatus
2016,1.18237155657969,Heteroxenicus stellatus
2017,1.438209763802,Heteroxenicus stellatus
2018,0.826216356489393,Heteroxenicus stellatus
2019,1.10249269932896,Heteroxenicus stellatus
2020,1.16631304950052,Heteroxenicus stellatus
2021,1.25918256746455,Heteroxenicus stellatus
2022,1.36785150993438,Heteroxenicus stellatus
2023,1.50139865896689,Heteroxenicus stellatus
2024,1.51714017811816,Heteroxenicus stellatus
2002,1.17134623314362,Hieraaetus pennatus
2003,1.06283088139723,Hieraaetus pennatus
2004,1.18315755922352,Hieraaetus pennatus
2005,1.18075099459425,Hieraaetus pennatus
2006,1.18374495739029,Hieraaetus pennatus
2007,1.5076562062959,Hieraaetus pennatus
2008,1.1380932461524,Hieraaetus pennatus
2009,0.797644095502505,Hieraaetus pennatus
2010,1.20246682273074,Hieraaetus pennatus
2011,0.786476870270875,Hieraaetus pennatus
2012,1.18638988917491,Hieraaetus pennatus
2013,1.10285595338836,Hieraaetus pennatus
2014,1.16747344952592,Hieraaetus pennatus
2015,1.0879192777664,Hieraaetus pennatus
2016,1.18237155657969,Hieraaetus pennatus
2017,1.438209763802,Hieraaetus pennatus
2018,0.826216356489393,Hieraaetus pennatus
2019,1.10249269932896,Hieraaetus pennatus
2020,1.16631304950052,Hieraaetus pennatus
2021,1.25918256746455,Hieraaetus pennatus
2022,1.36785150993438,Hieraaetus pennatus
2023,1.50139865896689,Hieraaetus pennatus
2024,1.51714017811816,Hieraaetus pennatus
2002,1.17134623314362,Hirundapus caudacutus
2003,1.06283088139723,Hirundapus caudacutus
2004,1.18315755922352,Hirundapus caudacutus
2005,1.18075099459425,Hirundapus caudacutus
2006,1.18374495739029,Hirundapus caudacutus
2007,1.5076562062959,Hirundapus caudacutus
2008,1.1380932461524,Hirundapus caudacutus
2009,0.797644095502505,Hirundapus caudacutus
2010,1.20246682273074,Hirundapus caudacutus
2011,0.786476870270875,Hirundapus caudacutus
2012,1.18638988917491,Hirundapus caudacutus
2013,1.10285595338836,Hirundapus caudacutus
2014,1.16747344952592,Hirundapus caudacutus
2015,1.0879192777664,Hirundapus caudacutus
2016,1.18237155657969,Hirundapus caudacutus
2017,1.438209763802,Hirundapus caudacutus
2018,0.826216356489393,Hirundapus caudacutus
2019,1.10249269932896,Hirundapus caudacutus
2020,1.16631304950052,Hirundapus caudacutus
2021,1.25918256746455,Hirundapus caudacutus
2022,1.36785150993438,Hirundapus caudacutus
2023,1.50139865896689,Hirundapus caudacutus
2024,1.51714017811816,Hirundapus caudacutus
2002,1.17134623314362,Hirundo rustica
2003,1.06283088139723,Hirundo rustica
2004,1.18315755922352,Hirundo rustica
2005,1.18075099459425,Hirundo rustica
2006,1.18374495739029,Hirundo rustica
2007,1.5076562062959,Hirundo rustica
2008,1.1380932461524,Hirundo rustica
2009,0.797644095502505,Hirundo rustica
2010,1.20246682273074,Hirundo rustica
2011,0.786476870270875,Hirundo rustica
2012,1.18638988917491,Hirundo rustica
2013,1.10285595338836,Hirundo rustica
2014,1.16747344952592,Hirundo rustica
2015,1.0879192777664,Hirundo rustica
2016,1.18237155657969,Hirundo rustica
2017,1.438209763802,Hirundo rustica
2018,0.826216356489393,Hirundo rustica
2019,1.10249269932896,Hirundo rustica
2020,1.16631304950052,Hirundo rustica
2021,1.25918256746455,Hirundo rustica
2022,1.36785150993438,Hirundo rustica
2023,1.50139865896689,Hirundo rustica
2024,1.51714017811816,Hirundo rustica
2002,1.17134623314362,Histrionicus histrionicus
2003,1.06283088139723,Histrionicus histrionicus
2004,1.18315755922352,Histrionicus histrionicus
2005,1.18075099459425,Histrionicus histrionicus
2006,1.18374495739029,Histrionicus histrionicus
2007,1.5076562062959,Histrionicus histrionicus
2008,1.1380932461524,Histrionicus histrionicus
2009,0.797644095502505,Histrionicus histrionicus
2010,1.20246682273074,Histrionicus histrionicus
2011,0.786476870270875,Histrionicus histrionicus
2012,1.18638988917491,Histrionicus histrionicus
2013,1.10285595338836,Histrionicus histrionicus
2014,1.16747344952592,Histrionicus histrionicus
2015,1.0879192777664,Histrionicus histrionicus
2016,1.18237155657969,Histrionicus histrionicus
2017,1.438209763802,Histrionicus histrionicus
2018,0.826216356489393,Histrionicus histrionicus
2019,1.10249269932896,Histrionicus histrionicus
2020,1.16631304950052,Histrionicus histrionicus
2021,1.25918256746455,Histrionicus histrionicus
2022,1.36785150993438,Histrionicus histrionicus
2023,1.50139865896689,Histrionicus histrionicus
2024,1.51714017811816,Histrionicus histrionicus
2002,1.17134623314362,Hydrocoloeus minutus
2003,1.06283088139723,Hydrocoloeus minutus
2004,1.18315755922352,Hydrocoloeus minutus
2005,1.18075099459425,Hydrocoloeus minutus
2006,1.18374495739029,Hydrocoloeus minutus
2007,1.5076562062959,Hydrocoloeus minutus
2008,1.1380932461524,Hydrocoloeus minutus
2009,0.797644095502505,Hydrocoloeus minutus
2010,1.20246682273074,Hydrocoloeus minutus
2011,0.786476870270875,Hydrocoloeus minutus
2012,1.18638988917491,Hydrocoloeus minutus
2013,1.10285595338836,Hydrocoloeus minutus
2014,1.16747344952592,Hydrocoloeus minutus
2015,1.0879192777664,Hydrocoloeus minutus
2016,1.18237155657969,Hydrocoloeus minutus
2017,1.438209763802,Hydrocoloeus minutus
2018,0.826216356489393,Hydrocoloeus minutus
2019,1.10249269932896,Hydrocoloeus minutus
2020,1.16631304950052,Hydrocoloeus minutus
2021,1.25918256746455,Hydrocoloeus minutus
2022,1.36785150993438,Hydrocoloeus minutus
2023,1.50139865896689,Hydrocoloeus minutus
2024,1.51714017811816,Hydrocoloeus minutus
2002,1.17134623314362,Hydrophasianus chirurgus
2003,1.06283088139723,Hydrophasianus chirurgus
2004,1.18315755922352,Hydrophasianus chirurgus
2005,1.18075099459425,Hydrophasianus chirurgus
2006,1.18374495739029,Hydrophasianus chirurgus
2007,1.5076562062959,Hydrophasianus chirurgus
2008,1.1380932461524,Hydrophasianus chirurgus
2009,0.797644095502505,Hydrophasianus chirurgus
2010,1.20246682273074,Hydrophasianus chirurgus
2011,0.786476870270875,Hydrophasianus chirurgus
2012,1.18638988917491,Hydrophasianus chirurgus
2013,1.10285595338836,Hydrophasianus chirurgus
2014,1.16747344952592,Hydrophasianus chirurgus
2015,1.0879192777664,Hydrophasianus chirurgus
2016,1.18237155657969,Hydrophasianus chirurgus
2017,1.438209763802,Hydrophasianus chirurgus
2018,0.826216356489393,Hydrophasianus chirurgus
2019,1.10249269932896,Hydrophasianus chirurgus
2020,1.16631304950052,Hydrophasianus chirurgus
2021,1.25918256746455,Hydrophasianus chirurgus
2022,1.36785150993438,Hydrophasianus chirurgus
2023,1.50139865896689,Hydrophasianus chirurgus
2024,1.51714017811816,Hydrophasianus chirurgus
2002,1.17134623314362,Hydroprogne caspia
2003,1.06283088139723,Hydroprogne caspia
2004,1.18315755922352,Hydroprogne caspia
2005,1.18075099459425,Hydroprogne caspia
2006,1.18374495739029,Hydroprogne caspia
2007,1.5076562062959,Hydroprogne caspia
2008,1.1380932461524,Hydroprogne caspia
2009,0.797644095502505,Hydroprogne caspia
2010,1.20246682273074,Hydroprogne caspia
2011,0.786476870270875,Hydroprogne caspia
2012,1.18638988917491,Hydroprogne caspia
2013,1.10285595338836,Hydroprogne caspia
2014,1.16747344952592,Hydroprogne caspia
2015,1.0879192777664,Hydroprogne caspia
2016,1.18237155657969,Hydroprogne caspia
2017,1.438209763802,Hydroprogne caspia
2018,0.826216356489393,Hydroprogne caspia
2019,1.10249269932896,Hydroprogne caspia
2020,1.16631304950052,Hydroprogne caspia
2021,1.25918256746455,Hydroprogne caspia
2022,1.36785150993438,Hydroprogne caspia
2023,1.50139865896689,Hydroprogne caspia
2024,1.51714017811816,Hydroprogne caspia
2002,1.17134623314362,Hypsipetes leucocephalus
2003,1.06283088139723,Hypsipetes leucocephalus
2004,1.18315755922352,Hypsipetes leucocephalus
2005,1.18075099459425,Hypsipetes leucocephalus
2006,1.18374495739029,Hypsipetes leucocephalus
2007,1.5076562062959,Hypsipetes leucocephalus
2008,1.1380932461524,Hypsipetes leucocephalus
2009,0.797644095502505,Hypsipetes leucocephalus
2010,1.20246682273074,Hypsipetes leucocephalus
2011,0.786476870270875,Hypsipetes leucocephalus
2012,1.18638988917491,Hypsipetes leucocephalus
2013,1.10285595338836,Hypsipetes leucocephalus
2014,1.16747344952592,Hypsipetes leucocephalus
2015,1.0879192777664,Hypsipetes leucocephalus
2016,1.18237155657969,Hypsipetes leucocephalus
2017,1.438209763802,Hypsipetes leucocephalus
2018,0.826216356489393,Hypsipetes leucocephalus
2019,1.10249269932896,Hypsipetes leucocephalus
2020,1.16631304950052,Hypsipetes leucocephalus
2021,1.25918256746455,Hypsipetes leucocephalus
2022,1.36785150993438,Hypsipetes leucocephalus
2023,1.50139865896689,Hypsipetes leucocephalus
2024,1.51714017811816,Hypsipetes leucocephalus
2002,1.17134623314362,Ianthocincla lunulata
2003,1.06283088139723,Ianthocincla lunulata
2004,1.18315755922352,Ianthocincla lunulata
2005,1.18075099459425,Ianthocincla lunulata
2006,1.18374495739029,Ianthocincla lunulata
2007,1.5076562062959,Ianthocincla lunulata
2008,1.1380932461524,Ianthocincla lunulata
2009,0.797644095502505,Ianthocincla lunulata
2010,1.20246682273074,Ianthocincla lunulata
2011,0.786476870270875,Ianthocincla lunulata
2012,1.18638988917491,Ianthocincla lunulata
2013,1.10285595338836,Ianthocincla lunulata
2014,1.16747344952592,Ianthocincla lunulata
2015,1.0879192777664,Ianthocincla lunulata
2016,1.18237155657969,Ianthocincla lunulata
2017,1.438209763802,Ianthocincla lunulata
2018,0.826216356489393,Ianthocincla lunulata
2019,1.10249269932896,Ianthocincla lunulata
2020,1.16631304950052,Ianthocincla lunulata
2021,1.25918256746455,Ianthocincla lunulata
2022,1.36785150993438,Ianthocincla lunulata
2023,1.50139865896689,Ianthocincla lunulata
2024,1.51714017811816,Ianthocincla lunulata
2002,1.17134623314362,Ibidorhyncha struthersii
2003,1.06283088139723,Ibidorhyncha struthersii
2004,1.18315755922352,Ibidorhyncha struthersii
2005,1.18075099459425,Ibidorhyncha struthersii
2006,1.18374495739029,Ibidorhyncha struthersii
2007,1.5076562062959,Ibidorhyncha struthersii
2008,1.1380932461524,Ibidorhyncha struthersii
2009,0.797644095502505,Ibidorhyncha struthersii
2010,1.20246682273074,Ibidorhyncha struthersii
2011,0.786476870270875,Ibidorhyncha struthersii
2012,1.18638988917491,Ibidorhyncha struthersii
2013,1.10285595338836,Ibidorhyncha struthersii
2014,1.16747344952592,Ibidorhyncha struthersii
2015,1.0879192777664,Ibidorhyncha struthersii
2016,1.18237155657969,Ibidorhyncha struthersii
2017,1.438209763802,Ibidorhyncha struthersii
2018,0.826216356489393,Ibidorhyncha struthersii
2019,1.10249269932896,Ibidorhyncha struthersii
2020,1.16631304950052,Ibidorhyncha struthersii
2021,1.25918256746455,Ibidorhyncha struthersii
2022,1.36785150993438,Ibidorhyncha struthersii
2023,1.50139865896689,Ibidorhyncha struthersii
2024,1.51714017811816,Ibidorhyncha struthersii
2002,1.17134623314362,Ictinaetus malaiensis
2003,1.06283088139723,Ictinaetus malaiensis
2004,1.18315755922352,Ictinaetus malaiensis
2005,1.18075099459425,Ictinaetus malaiensis
2006,1.18374495739029,Ictinaetus malaiensis
2007,1.5076562062959,Ictinaetus malaiensis
2008,1.1380932461524,Ictinaetus malaiensis
2009,0.797644095502505,Ictinaetus malaiensis
2010,1.20246682273074,Ictinaetus malaiensis
2011,0.786476870270875,Ictinaetus malaiensis
2012,1.18638988917491,Ictinaetus malaiensis
2013,1.10285595338836,Ictinaetus malaiensis
2014,1.16747344952592,Ictinaetus malaiensis
2015,1.0879192777664,Ictinaetus malaiensis
2016,1.18237155657969,Ictinaetus malaiensis
2017,1.438209763802,Ictinaetus malaiensis
2018,0.826216356489393,Ictinaetus malaiensis
2019,1.10249269932896,Ictinaetus malaiensis
2020,1.16631304950052,Ictinaetus malaiensis
2021,1.25918256746455,Ictinaetus malaiensis
2022,1.36785150993438,Ictinaetus malaiensis
2023,1.50139865896689,Ictinaetus malaiensis
2024,1.51714017811816,Ictinaetus malaiensis
2002,1.17134623314362,Indicator xanthonotus
2003,1.06283088139723,Indicator xanthonotus
2004,1.18315755922352,Indicator xanthonotus
2005,1.18075099459425,Indicator xanthonotus
2006,1.18374495739029,Indicator xanthonotus
2007,1.5076562062959,Indicator xanthonotus
2008,1.1380932461524,Indicator xanthonotus
2009,0.797644095502505,Indicator xanthonotus
2010,1.20246682273074,Indicator xanthonotus
2011,0.786476870270875,Indicator xanthonotus
2012,1.18638988917491,Indicator xanthonotus
2013,1.10285595338836,Indicator xanthonotus
2014,1.16747344952592,Indicator xanthonotus
2015,1.0879192777664,Indicator xanthonotus
2016,1.18237155657969,Indicator xanthonotus
2017,1.438209763802,Indicator xanthonotus
2018,0.826216356489393,Indicator xanthonotus
2019,1.10249269932896,Indicator xanthonotus
2020,1.16631304950052,Indicator xanthonotus
2021,1.25918256746455,Indicator xanthonotus
2022,1.36785150993438,Indicator xanthonotus
2023,1.50139865896689,Indicator xanthonotus
2024,1.51714017811816,Indicator xanthonotus
2002,1.17134623314362,Ixobrychus eurhythmus
2003,1.06283088139723,Ixobrychus eurhythmus
2004,1.18315755922352,Ixobrychus eurhythmus
2005,1.18075099459425,Ixobrychus eurhythmus
2006,1.18374495739029,Ixobrychus eurhythmus
2007,1.5076562062959,Ixobrychus eurhythmus
2008,1.1380932461524,Ixobrychus eurhythmus
2009,0.797644095502505,Ixobrychus eurhythmus
2010,1.20246682273074,Ixobrychus eurhythmus
2011,0.786476870270875,Ixobrychus eurhythmus
2012,1.18638988917491,Ixobrychus eurhythmus
2013,1.10285595338836,Ixobrychus eurhythmus
2014,1.16747344952592,Ixobrychus eurhythmus
2015,1.0879192777664,Ixobrychus eurhythmus
2016,1.18237155657969,Ixobrychus eurhythmus
2017,1.438209763802,Ixobrychus eurhythmus
2018,0.826216356489393,Ixobrychus eurhythmus
2019,1.10249269932896,Ixobrychus eurhythmus
2020,1.16631304950052,Ixobrychus eurhythmus
2021,1.25918256746455,Ixobrychus eurhythmus
2022,1.36785150993438,Ixobrychus eurhythmus
2023,1.50139865896689,Ixobrychus eurhythmus
2024,1.51714017811816,Ixobrychus eurhythmus
2002,1.17134623314362,Ixobrychus minutus
2003,1.06283088139723,Ixobrychus minutus
2004,1.18315755922352,Ixobrychus minutus
2005,1.18075099459425,Ixobrychus minutus
2006,1.18374495739029,Ixobrychus minutus
2007,1.5076562062959,Ixobrychus minutus
2008,1.1380932461524,Ixobrychus minutus
2009,0.797644095502505,Ixobrychus minutus
2010,1.20246682273074,Ixobrychus minutus
2011,0.786476870270875,Ixobrychus minutus
2012,1.18638988917491,Ixobrychus minutus
2013,1.10285595338836,Ixobrychus minutus
2014,1.16747344952592,Ixobrychus minutus
2015,1.0879192777664,Ixobrychus minutus
2016,1.18237155657969,Ixobrychus minutus
2017,1.438209763802,Ixobrychus minutus
2018,0.826216356489393,Ixobrychus minutus
2019,1.10249269932896,Ixobrychus minutus
2020,1.16631304950052,Ixobrychus minutus
2021,1.25918256746455,Ixobrychus minutus
2022,1.36785150993438,Ixobrychus minutus
2023,1.50139865896689,Ixobrychus minutus
2024,1.51714017811816,Ixobrychus minutus
2002,1.17134623314362,Ixos mcclellandii
2003,1.06283088139723,Ixos mcclellandii
2004,1.18315755922352,Ixos mcclellandii
2005,1.18075099459425,Ixos mcclellandii
2006,1.18374495739029,Ixos mcclellandii
2007,1.5076562062959,Ixos mcclellandii
2008,1.1380932461524,Ixos mcclellandii
2009,0.797644095502505,Ixos mcclellandii
2010,1.20246682273074,Ixos mcclellandii
2011,0.786476870270875,Ixos mcclellandii
2012,1.18638988917491,Ixos mcclellandii
2013,1.10285595338836,Ixos mcclellandii
2014,1.16747344952592,Ixos mcclellandii
2015,1.0879192777664,Ixos mcclellandii
2016,1.18237155657969,Ixos mcclellandii
2017,1.438209763802,Ixos mcclellandii
2018,0.826216356489393,Ixos mcclellandii
2019,1.10249269932896,Ixos mcclellandii
2020,1.16631304950052,Ixos mcclellandii
2021,1.25918256746455,Ixos mcclellandii
2022,1.36785150993438,Ixos mcclellandii
2023,1.50139865896689,Ixos mcclellandii
2024,1.51714017811816,Ixos mcclellandii
2002,1.17134623314362,Ketupa flavipes
2003,1.06283088139723,Ketupa flavipes
2004,1.18315755922352,Ketupa flavipes
2005,1.18075099459425,Ketupa flavipes
2006,1.18374495739029,Ketupa flavipes
2007,1.5076562062959,Ketupa flavipes
2008,1.1380932461524,Ketupa flavipes
2009,0.797644095502505,Ketupa flavipes
2010,1.20246682273074,Ketupa flavipes
2011,0.786476870270875,Ketupa flavipes
2012,1.18638988917491,Ketupa flavipes
2013,1.10285595338836,Ketupa flavipes
2014,1.16747344952592,Ketupa flavipes
2015,1.0879192777664,Ketupa flavipes
2016,1.18237155657969,Ketupa flavipes
2017,1.438209763802,Ketupa flavipes
2018,0.826216356489393,Ketupa flavipes
2019,1.10249269932896,Ketupa flavipes
2020,1.16631304950052,Ketupa flavipes
2021,1.25918256746455,Ketupa flavipes
2022,1.36785150993438,Ketupa flavipes
2023,1.50139865896689,Ketupa flavipes
2024,1.51714017811816,Ketupa flavipes
2002,1.17134623314362,Lalage melaschistos
2003,1.06283088139723,Lalage melaschistos
2004,1.18315755922352,Lalage melaschistos
2005,1.18075099459425,Lalage melaschistos
2006,1.18374495739029,Lalage melaschistos
2007,1.5076562062959,Lalage melaschistos
2008,1.1380932461524,Lalage melaschistos
2009,0.797644095502505,Lalage melaschistos
2010,1.20246682273074,Lalage melaschistos
2011,0.786476870270875,Lalage melaschistos
2012,1.18638988917491,Lalage melaschistos
2013,1.10285595338836,Lalage melaschistos
2014,1.16747344952592,Lalage melaschistos
2015,1.0879192777664,Lalage melaschistos
2016,1.18237155657969,Lalage melaschistos
2017,1.438209763802,Lalage melaschistos
2018,0.826216356489393,Lalage melaschistos
2019,1.10249269932896,Lalage melaschistos
2020,1.16631304950052,Lalage melaschistos
2021,1.25918256746455,Lalage melaschistos
2022,1.36785150993438,Lalage melaschistos
2023,1.50139865896689,Lalage melaschistos
2024,1.51714017811816,Lalage melaschistos
2002,1.17134623314362,Lanius borealis
2003,1.06283088139723,Lanius borealis
2004,1.18315755922352,Lanius borealis
2005,1.18075099459425,Lanius borealis
2006,1.18374495739029,Lanius borealis
2007,1.5076562062959,Lanius borealis
2008,1.1380932461524,Lanius borealis
2009,0.797644095502505,Lanius borealis
2010,1.20246682273074,Lanius borealis
2011,0.786476870270875,Lanius borealis
2012,1.18638988917491,Lanius borealis
2013,1.10285595338836,Lanius borealis
2014,1.16747344952592,Lanius borealis
2015,1.0879192777664,Lanius borealis
2016,1.18237155657969,Lanius borealis
2017,1.438209763802,Lanius borealis
2018,0.826216356489393,Lanius borealis
2019,1.10249269932896,Lanius borealis
2020,1.16631304950052,Lanius borealis
2021,1.25918256746455,Lanius borealis
2022,1.36785150993438,Lanius borealis
2023,1.50139865896689,Lanius borealis
2024,1.51714017811816,Lanius borealis
2002,1.17134623314362,Lanius collurioides
2003,1.06283088139723,Lanius collurioides
2004,1.18315755922352,Lanius collurioides
2005,1.18075099459425,Lanius collurioides
2006,1.18374495739029,Lanius collurioides
2007,1.5076562062959,Lanius collurioides
2008,1.1380932461524,Lanius collurioides
2009,0.797644095502505,Lanius collurioides
2010,1.20246682273074,Lanius collurioides
2011,0.786476870270875,Lanius collurioides
2012,1.18638988917491,Lanius collurioides
2013,1.10285595338836,Lanius collurioides
2014,1.16747344952592,Lanius collurioides
2015,1.0879192777664,Lanius collurioides
2016,1.18237155657969,Lanius collurioides
2017,1.438209763802,Lanius collurioides
2018,0.826216356489393,Lanius collurioides
2019,1.10249269932896,Lanius collurioides
2020,1.16631304950052,Lanius collurioides
2021,1.25918256746455,Lanius collurioides
2022,1.36785150993438,Lanius collurioides
2023,1.50139865896689,Lanius collurioides
2024,1.51714017811816,Lanius collurioides
2002,1.17134623314362,Lanius isabellinus
2003,1.06283088139723,Lanius isabellinus
2004,1.18315755922352,Lanius isabellinus
2005,1.18075099459425,Lanius isabellinus
2006,1.18374495739029,Lanius isabellinus
2007,1.5076562062959,Lanius isabellinus
2008,1.1380932461524,Lanius isabellinus
2009,0.797644095502505,Lanius isabellinus
2010,1.20246682273074,Lanius isabellinus
2011,0.786476870270875,Lanius isabellinus
2012,1.18638988917491,Lanius isabellinus
2013,1.10285595338836,Lanius isabellinus
2014,1.16747344952592,Lanius isabellinus
2015,1.0879192777664,Lanius isabellinus
2016,1.18237155657969,Lanius isabellinus
2017,1.438209763802,Lanius isabellinus
2018,0.826216356489393,Lanius isabellinus
2019,1.10249269932896,Lanius isabellinus
2020,1.16631304950052,Lanius isabellinus
2021,1.25918256746455,Lanius isabellinus
2022,1.36785150993438,Lanius isabellinus
2023,1.50139865896689,Lanius isabellinus
2024,1.51714017811816,Lanius isabellinus
2002,1.17134623314362,Lanius schach
2003,1.06283088139723,Lanius schach
2004,1.18315755922352,Lanius schach
2005,1.18075099459425,Lanius schach
2006,1.18374495739029,Lanius schach
2007,1.5076562062959,Lanius schach
2008,1.1380932461524,Lanius schach
2009,0.797644095502505,Lanius schach
2010,1.20246682273074,Lanius schach
2011,0.786476870270875,Lanius schach
2012,1.18638988917491,Lanius schach
2013,1.10285595338836,Lanius schach
2014,1.16747344952592,Lanius schach
2015,1.0879192777664,Lanius schach
2016,1.18237155657969,Lanius schach
2017,1.438209763802,Lanius schach
2018,0.826216356489393,Lanius schach
2019,1.10249269932896,Lanius schach
2020,1.16631304950052,Lanius schach
2021,1.25918256746455,Lanius schach
2022,1.36785150993438,Lanius schach
2023,1.50139865896689,Lanius schach
2024,1.51714017811816,Lanius schach
2002,1.17134623314362,Lanius sphenocercus
2003,1.06283088139723,Lanius sphenocercus
2004,1.18315755922352,Lanius sphenocercus
2005,1.18075099459425,Lanius sphenocercus
2006,1.18374495739029,Lanius sphenocercus
2007,1.5076562062959,Lanius sphenocercus
2008,1.1380932461524,Lanius sphenocercus
2009,0.797644095502505,Lanius sphenocercus
2010,1.20246682273074,Lanius sphenocercus
2011,0.786476870270875,Lanius sphenocercus
2012,1.18638988917491,Lanius sphenocercus
2013,1.10285595338836,Lanius sphenocercus
2014,1.16747344952592,Lanius sphenocercus
2015,1.0879192777664,Lanius sphenocercus
2016,1.18237155657969,Lanius sphenocercus
2017,1.438209763802,Lanius sphenocercus
2018,0.826216356489393,Lanius sphenocercus
2019,1.10249269932896,Lanius sphenocercus
2020,1.16631304950052,Lanius sphenocercus
2021,1.25918256746455,Lanius sphenocercus
2022,1.36785150993438,Lanius sphenocercus
2023,1.50139865896689,Lanius sphenocercus
2024,1.51714017811816,Lanius sphenocercus
2002,1.17134623314362,Lanius tephronotus
2003,1.06283088139723,Lanius tephronotus
2004,1.18315755922352,Lanius tephronotus
2005,1.18075099459425,Lanius tephronotus
2006,1.18374495739029,Lanius tephronotus
2007,1.5076562062959,Lanius tephronotus
2008,1.1380932461524,Lanius tephronotus
2009,0.797644095502505,Lanius tephronotus
2010,1.20246682273074,Lanius tephronotus
2011,0.786476870270875,Lanius tephronotus
2012,1.18638988917491,Lanius tephronotus
2013,1.10285595338836,Lanius tephronotus
2014,1.16747344952592,Lanius tephronotus
2015,1.0879192777664,Lanius tephronotus
2016,1.18237155657969,Lanius tephronotus
2017,1.438209763802,Lanius tephronotus
2018,0.826216356489393,Lanius tephronotus
2019,1.10249269932896,Lanius tephronotus
2020,1.16631304950052,Lanius tephronotus
2021,1.25918256746455,Lanius tephronotus
2022,1.36785150993438,Lanius tephronotus
2023,1.50139865896689,Lanius tephronotus
2024,1.51714017811816,Lanius tephronotus
2002,1.17134623314362,Larvivora brunnea
2003,1.06283088139723,Larvivora brunnea
2004,1.18315755922352,Larvivora brunnea
2005,1.18075099459425,Larvivora brunnea
2006,1.18374495739029,Larvivora brunnea
2007,1.5076562062959,Larvivora brunnea
2008,1.1380932461524,Larvivora brunnea
2009,0.797644095502505,Larvivora brunnea
2010,1.20246682273074,Larvivora brunnea
2011,0.786476870270875,Larvivora brunnea
2012,1.18638988917491,Larvivora brunnea
2013,1.10285595338836,Larvivora brunnea
2014,1.16747344952592,Larvivora brunnea
2015,1.0879192777664,Larvivora brunnea
2016,1.18237155657969,Larvivora brunnea
2017,1.438209763802,Larvivora brunnea
2018,0.826216356489393,Larvivora brunnea
2019,1.10249269932896,Larvivora brunnea
2020,1.16631304950052,Larvivora brunnea
2021,1.25918256746455,Larvivora brunnea
2022,1.36785150993438,Larvivora brunnea
2023,1.50139865896689,Larvivora brunnea
2024,1.51714017811816,Larvivora brunnea
2002,1.17134623314362,Larvivora cyane
2003,1.06283088139723,Larvivora cyane
2004,1.18315755922352,Larvivora cyane
2005,1.18075099459425,Larvivora cyane
2006,1.18374495739029,Larvivora cyane
2007,1.5076562062959,Larvivora cyane
2008,1.1380932461524,Larvivora cyane
2009,0.797644095502505,Larvivora cyane
2010,1.20246682273074,Larvivora cyane
2011,0.786476870270875,Larvivora cyane
2012,1.18638988917491,Larvivora cyane
2013,1.10285595338836,Larvivora cyane
2014,1.16747344952592,Larvivora cyane
2015,1.0879192777664,Larvivora cyane
2016,1.18237155657969,Larvivora cyane
2017,1.438209763802,Larvivora cyane
2018,0.826216356489393,Larvivora cyane
2019,1.10249269932896,Larvivora cyane
2020,1.16631304950052,Larvivora cyane
2021,1.25918256746455,Larvivora cyane
2022,1.36785150993438,Larvivora cyane
2023,1.50139865896689,Larvivora cyane
2024,1.51714017811816,Larvivora cyane
2002,1.17134623314362,Leptopoecile elegans
2003,1.06283088139723,Leptopoecile elegans
2004,1.18315755922352,Leptopoecile elegans
2005,1.18075099459425,Leptopoecile elegans
2006,1.18374495739029,Leptopoecile elegans
2007,1.5076562062959,Leptopoecile elegans
2008,1.1380932461524,Leptopoecile elegans
2009,0.797644095502505,Leptopoecile elegans
2010,1.20246682273074,Leptopoecile elegans
2011,0.786476870270875,Leptopoecile elegans
2012,1.18638988917491,Leptopoecile elegans
2013,1.10285595338836,Leptopoecile elegans
2014,1.16747344952592,Leptopoecile elegans
2015,1.0879192777664,Leptopoecile elegans
2016,1.18237155657969,Leptopoecile elegans
2017,1.438209763802,Leptopoecile elegans
2018,0.826216356489393,Leptopoecile elegans
2019,1.10249269932896,Leptopoecile elegans
2020,1.16631304950052,Leptopoecile elegans
2021,1.25918256746455,Leptopoecile elegans
2022,1.36785150993438,Leptopoecile elegans
2023,1.50139865896689,Leptopoecile elegans
2024,1.51714017811816,Leptopoecile elegans
2002,1.17134623314362,Leptoptilos javanicus
2003,1.06283088139723,Leptoptilos javanicus
2004,1.18315755922352,Leptoptilos javanicus
2005,1.18075099459425,Leptoptilos javanicus
2006,1.18374495739029,Leptoptilos javanicus
2007,1.5076562062959,Leptoptilos javanicus
2008,1.1380932461524,Leptoptilos javanicus
2009,0.797644095502505,Leptoptilos javanicus
2010,1.20246682273074,Leptoptilos javanicus
2011,0.786476870270875,Leptoptilos javanicus
2012,1.18638988917491,Leptoptilos javanicus
2013,1.10285595338836,Leptoptilos javanicus
2014,1.16747344952592,Leptoptilos javanicus
2015,1.0879192777664,Leptoptilos javanicus
2016,1.18237155657969,Leptoptilos javanicus
2017,1.438209763802,Leptoptilos javanicus
2018,0.826216356489393,Leptoptilos javanicus
2019,1.10249269932896,Leptoptilos javanicus
2020,1.16631304950052,Leptoptilos javanicus
2021,1.25918256746455,Leptoptilos javanicus
2022,1.36785150993438,Leptoptilos javanicus
2023,1.50139865896689,Leptoptilos javanicus
2024,1.51714017811816,Leptoptilos javanicus
2002,1.17134623314362,Limnodromus semipalmatus
2003,1.06283088139723,Limnodromus semipalmatus
2004,1.18315755922352,Limnodromus semipalmatus
2005,1.18075099459425,Limnodromus semipalmatus
2006,1.18374495739029,Limnodromus semipalmatus
2007,1.5076562062959,Limnodromus semipalmatus
2008,1.1380932461524,Limnodromus semipalmatus
2009,0.797644095502505,Limnodromus semipalmatus
2010,1.20246682273074,Limnodromus semipalmatus
2011,0.786476870270875,Limnodromus semipalmatus
2012,1.18638988917491,Limnodromus semipalmatus
2013,1.10285595338836,Limnodromus semipalmatus
2014,1.16747344952592,Limnodromus semipalmatus
2015,1.0879192777664,Limnodromus semipalmatus
2016,1.18237155657969,Limnodromus semipalmatus
2017,1.438209763802,Limnodromus semipalmatus
2018,0.826216356489393,Limnodromus semipalmatus
2019,1.10249269932896,Limnodromus semipalmatus
2020,1.16631304950052,Limnodromus semipalmatus
2021,1.25918256746455,Limnodromus semipalmatus
2022,1.36785150993438,Limnodromus semipalmatus
2023,1.50139865896689,Limnodromus semipalmatus
2024,1.51714017811816,Limnodromus semipalmatus
2002,1.17134623314362,Limosa limosa
2003,1.06283088139723,Limosa limosa
2004,1.18315755922352,Limosa limosa
2005,1.18075099459425,Limosa limosa
2006,1.18374495739029,Limosa limosa
2007,1.5076562062959,Limosa limosa
2008,1.1380932461524,Limosa limosa
2009,0.797644095502505,Limosa limosa
2010,1.20246682273074,Limosa limosa
2011,0.786476870270875,Limosa limosa
2012,1.18638988917491,Limosa limosa
2013,1.10285595338836,Limosa limosa
2014,1.16747344952592,Limosa limosa
2015,1.0879192777664,Limosa limosa
2016,1.18237155657969,Limosa limosa
2017,1.438209763802,Limosa limosa
2018,0.826216356489393,Limosa limosa
2019,1.10249269932896,Limosa limosa
2020,1.16631304950052,Limosa limosa
2021,1.25918256746455,Limosa limosa
2022,1.36785150993438,Limosa limosa
2023,1.50139865896689,Limosa limosa
2024,1.51714017811816,Limosa limosa
2002,1.17134623314362,Linaria cannabina
2003,1.06283088139723,Linaria cannabina
2004,1.18315755922352,Linaria cannabina
2005,1.18075099459425,Linaria cannabina
2006,1.18374495739029,Linaria cannabina
2007,1.5076562062959,Linaria cannabina
2008,1.1380932461524,Linaria cannabina
2009,0.797644095502505,Linaria cannabina
2010,1.20246682273074,Linaria cannabina
2011,0.786476870270875,Linaria cannabina
2012,1.18638988917491,Linaria cannabina
2013,1.10285595338836,Linaria cannabina
2014,1.16747344952592,Linaria cannabina
2015,1.0879192777664,Linaria cannabina
2016,1.18237155657969,Linaria cannabina
2017,1.438209763802,Linaria cannabina
2018,0.826216356489393,Linaria cannabina
2019,1.10249269932896,Linaria cannabina
2020,1.16631304950052,Linaria cannabina
2021,1.25918256746455,Linaria cannabina
2022,1.36785150993438,Linaria cannabina
2023,1.50139865896689,Linaria cannabina
2024,1.51714017811816,Linaria cannabina
2002,1.17134623314362,Locustella davidi
2003,1.06283088139723,Locustella davidi
2004,1.18315755922352,Locustella davidi
2005,1.18075099459425,Locustella davidi
2006,1.18374495739029,Locustella davidi
2007,1.5076562062959,Locustella davidi
2008,1.1380932461524,Locustella davidi
2009,0.797644095502505,Locustella davidi
2010,1.20246682273074,Locustella davidi
2011,0.786476870270875,Locustella davidi
2012,1.18638988917491,Locustella davidi
2013,1.10285595338836,Locustella davidi
2014,1.16747344952592,Locustella davidi
2015,1.0879192777664,Locustella davidi
2016,1.18237155657969,Locustella davidi
2017,1.438209763802,Locustella davidi
2018,0.826216356489393,Locustella davidi
2019,1.10249269932896,Locustella davidi
2020,1.16631304950052,Locustella davidi
2021,1.25918256746455,Locustella davidi
2022,1.36785150993438,Locustella davidi
2023,1.50139865896689,Locustella davidi
2024,1.51714017811816,Locustella davidi
2002,1.17134623314362,Locustella mandelli
2003,1.06283088139723,Locustella mandelli
2004,1.18315755922352,Locustella mandelli
2005,1.18075099459425,Locustella mandelli
2006,1.18374495739029,Locustella mandelli
2007,1.5076562062959,Locustella mandelli
2008,1.1380932461524,Locustella mandelli
2009,0.797644095502505,Locustella mandelli
2010,1.20246682273074,Locustella mandelli
2011,0.786476870270875,Locustella mandelli
2012,1.18638988917491,Locustella mandelli
2013,1.10285595338836,Locustella mandelli
2014,1.16747344952592,Locustella mandelli
2015,1.0879192777664,Locustella mandelli
2016,1.18237155657969,Locustella mandelli
2017,1.438209763802,Locustella mandelli
2018,0.826216356489393,Locustella mandelli
2019,1.10249269932896,Locustella mandelli
2020,1.16631304950052,Locustella mandelli
2021,1.25918256746455,Locustella mandelli
2022,1.36785150993438,Locustella mandelli
2023,1.50139865896689,Locustella mandelli
2024,1.51714017811816,Locustella mandelli
2002,1.17134623314362,Lonchura striata
2003,1.06283088139723,Lonchura striata
2004,1.18315755922352,Lonchura striata
2005,1.18075099459425,Lonchura striata
2006,1.18374495739029,Lonchura striata
2007,1.5076562062959,Lonchura striata
2008,1.1380932461524,Lonchura striata
2009,0.797644095502505,Lonchura striata
2010,1.20246682273074,Lonchura striata
2011,0.786476870270875,Lonchura striata
2012,1.18638988917491,Lonchura striata
2013,1.10285595338836,Lonchura striata
2014,1.16747344952592,Lonchura striata
2015,1.0879192777664,Lonchura striata
2016,1.18237155657969,Lonchura striata
2017,1.438209763802,Lonchura striata
2018,0.826216356489393,Lonchura striata
2019,1.10249269932896,Lonchura striata
2020,1.16631304950052,Lonchura striata
2021,1.25918256746455,Lonchura striata
2022,1.36785150993438,Lonchura striata
2023,1.50139865896689,Lonchura striata
2024,1.51714017811816,Lonchura striata
2002,1.17134623314362,Lophophanes dichrous
2003,1.06283088139723,Lophophanes dichrous
2004,1.18315755922352,Lophophanes dichrous
2005,1.18075099459425,Lophophanes dichrous
2006,1.18374495739029,Lophophanes dichrous
2007,1.5076562062959,Lophophanes dichrous
2008,1.1380932461524,Lophophanes dichrous
2009,0.797644095502505,Lophophanes dichrous
2010,1.20246682273074,Lophophanes dichrous
2011,0.786476870270875,Lophophanes dichrous
2012,1.18638988917491,Lophophanes dichrous
2013,1.10285595338836,Lophophanes dichrous
2014,1.16747344952592,Lophophanes dichrous
2015,1.0879192777664,Lophophanes dichrous
2016,1.18237155657969,Lophophanes dichrous
2017,1.438209763802,Lophophanes dichrous
2018,0.826216356489393,Lophophanes dichrous
2019,1.10249269932896,Lophophanes dichrous
2020,1.16631304950052,Lophophanes dichrous
2021,1.25918256746455,Lophophanes dichrous
2022,1.36785150993438,Lophophanes dichrous
2023,1.50139865896689,Lophophanes dichrous
2024,1.51714017811816,Lophophanes dichrous
2002,1.17134623314362,Lophotriorchis kienerii
2003,1.06283088139723,Lophotriorchis kienerii
2004,1.18315755922352,Lophotriorchis kienerii
2005,1.18075099459425,Lophotriorchis kienerii
2006,1.18374495739029,Lophotriorchis kienerii
2007,1.5076562062959,Lophotriorchis kienerii
2008,1.1380932461524,Lophotriorchis kienerii
2009,0.797644095502505,Lophotriorchis kienerii
2010,1.20246682273074,Lophotriorchis kienerii
2011,0.786476870270875,Lophotriorchis kienerii
2012,1.18638988917491,Lophotriorchis kienerii
2013,1.10285595338836,Lophotriorchis kienerii
2014,1.16747344952592,Lophotriorchis kienerii
2015,1.0879192777664,Lophotriorchis kienerii
2016,1.18237155657969,Lophotriorchis kienerii
2017,1.438209763802,Lophotriorchis kienerii
2018,0.826216356489393,Lophotriorchis kienerii
2019,1.10249269932896,Lophotriorchis kienerii
2020,1.16631304950052,Lophotriorchis kienerii
2021,1.25918256746455,Lophotriorchis kienerii
2022,1.36785150993438,Lophotriorchis kienerii
2023,1.50139865896689,Lophotriorchis kienerii
2024,1.51714017811816,Lophotriorchis kienerii
2002,1.17134623314362,Lophura leucomelanos
2003,1.06283088139723,Lophura leucomelanos
2004,1.18315755922352,Lophura leucomelanos
2005,1.18075099459425,Lophura leucomelanos
2006,1.18374495739029,Lophura leucomelanos
2007,1.5076562062959,Lophura leucomelanos
2008,1.1380932461524,Lophura leucomelanos
2009,0.797644095502505,Lophura leucomelanos
2010,1.20246682273074,Lophura leucomelanos
2011,0.786476870270875,Lophura leucomelanos
2012,1.18638988917491,Lophura leucomelanos
2013,1.10285595338836,Lophura leucomelanos
2014,1.16747344952592,Lophura leucomelanos
2015,1.0879192777664,Lophura leucomelanos
2016,1.18237155657969,Lophura leucomelanos
2017,1.438209763802,Lophura leucomelanos
2018,0.826216356489393,Lophura leucomelanos
2019,1.10249269932896,Lophura leucomelanos
2020,1.16631304950052,Lophura leucomelanos
2021,1.25918256746455,Lophura leucomelanos
2022,1.36785150993438,Lophura leucomelanos
2023,1.50139865896689,Lophura leucomelanos
2024,1.51714017811816,Lophura leucomelanos
2002,1.17134623314362,Lophura nycthemera
2003,1.06283088139723,Lophura nycthemera
2004,1.18315755922352,Lophura nycthemera
2005,1.18075099459425,Lophura nycthemera
2006,1.18374495739029,Lophura nycthemera
2007,1.5076562062959,Lophura nycthemera
2008,1.1380932461524,Lophura nycthemera
2009,0.797644095502505,Lophura nycthemera
2010,1.20246682273074,Lophura nycthemera
2011,0.786476870270875,Lophura nycthemera
2012,1.18638988917491,Lophura nycthemera
2013,1.10285595338836,Lophura nycthemera
2014,1.16747344952592,Lophura nycthemera
2015,1.0879192777664,Lophura nycthemera
2016,1.18237155657969,Lophura nycthemera
2017,1.438209763802,Lophura nycthemera
2018,0.826216356489393,Lophura nycthemera
2019,1.10249269932896,Lophura nycthemera
2020,1.16631304950052,Lophura nycthemera
2021,1.25918256746455,Lophura nycthemera
2022,1.36785150993438,Lophura nycthemera
2023,1.50139865896689,Lophura nycthemera
2024,1.51714017811816,Lophura nycthemera
2002,1.17134623314362,Loxia curvirostra
2003,1.06283088139723,Loxia curvirostra
2004,1.18315755922352,Loxia curvirostra
2005,1.18075099459425,Loxia curvirostra
2006,1.18374495739029,Loxia curvirostra
2007,1.5076562062959,Loxia curvirostra
2008,1.1380932461524,Loxia curvirostra
2009,0.797644095502505,Loxia curvirostra
2010,1.20246682273074,Loxia curvirostra
2011,0.786476870270875,Loxia curvirostra
2012,1.18638988917491,Loxia curvirostra
2013,1.10285595338836,Loxia curvirostra
2014,1.16747344952592,Loxia curvirostra
2015,1.0879192777664,Loxia curvirostra
2016,1.18237155657969,Loxia curvirostra
2017,1.438209763802,Loxia curvirostra
2018,0.826216356489393,Loxia curvirostra
2019,1.10249269932896,Loxia curvirostra
2020,1.16631304950052,Loxia curvirostra
2021,1.25918256746455,Loxia curvirostra
2022,1.36785150993438,Loxia curvirostra
2023,1.50139865896689,Loxia curvirostra
2024,1.51714017811816,Loxia curvirostra
2002,1.17134623314362,Macropygia unchall
2003,1.06283088139723,Macropygia unchall
2004,1.18315755922352,Macropygia unchall
2005,1.18075099459425,Macropygia unchall
2006,1.18374495739029,Macropygia unchall
2007,1.5076562062959,Macropygia unchall
2008,1.1380932461524,Macropygia unchall
2009,0.797644095502505,Macropygia unchall
2010,1.20246682273074,Macropygia unchall
2011,0.786476870270875,Macropygia unchall
2012,1.18638988917491,Macropygia unchall
2013,1.10285595338836,Macropygia unchall
2014,1.16747344952592,Macropygia unchall
2015,1.0879192777664,Macropygia unchall
2016,1.18237155657969,Macropygia unchall
2017,1.438209763802,Macropygia unchall
2018,0.826216356489393,Macropygia unchall
2019,1.10249269932896,Macropygia unchall
2020,1.16631304950052,Macropygia unchall
2021,1.25918256746455,Macropygia unchall
2022,1.36785150993438,Macropygia unchall
2023,1.50139865896689,Macropygia unchall
2024,1.51714017811816,Macropygia unchall
2002,1.17134623314362,Mareca falcata
2003,1.06283088139723,Mareca falcata
2004,1.18315755922352,Mareca falcata
2005,1.18075099459425,Mareca falcata
2006,1.18374495739029,Mareca falcata
2007,1.5076562062959,Mareca falcata
2008,1.1380932461524,Mareca falcata
2009,0.797644095502505,Mareca falcata
2010,1.20246682273074,Mareca falcata
2011,0.786476870270875,Mareca falcata
2012,1.18638988917491,Mareca falcata
2013,1.10285595338836,Mareca falcata
2014,1.16747344952592,Mareca falcata
2015,1.0879192777664,Mareca falcata
2016,1.18237155657969,Mareca falcata
2017,1.438209763802,Mareca falcata
2018,0.826216356489393,Mareca falcata
2019,1.10249269932896,Mareca falcata
2020,1.16631304950052,Mareca falcata
2021,1.25918256746455,Mareca falcata
2022,1.36785150993438,Mareca falcata
2023,1.50139865896689,Mareca falcata
2024,1.51714017811816,Mareca falcata
2002,1.17134623314362,Megaceryle lugubris
2003,1.06283088139723,Megaceryle lugubris
2004,1.18315755922352,Megaceryle lugubris
2005,1.18075099459425,Megaceryle lugubris
2006,1.18374495739029,Megaceryle lugubris
2007,1.5076562062959,Megaceryle lugubris
2008,1.1380932461524,Megaceryle lugubris
2009,0.797644095502505,Megaceryle lugubris
2010,1.20246682273074,Megaceryle lugubris
2011,0.786476870270875,Megaceryle lugubris
2012,1.18638988917491,Megaceryle lugubris
2013,1.10285595338836,Megaceryle lugubris
2014,1.16747344952592,Megaceryle lugubris
2015,1.0879192777664,Megaceryle lugubris
2016,1.18237155657969,Megaceryle lugubris
2017,1.438209763802,Megaceryle lugubris
2018,0.826216356489393,Megaceryle lugubris
2019,1.10249269932896,Megaceryle lugubris
2020,1.16631304950052,Megaceryle lugubris
2021,1.25918256746455,Megaceryle lugubris
2022,1.36785150993438,Megaceryle lugubris
2023,1.50139865896689,Megaceryle lugubris
2024,1.51714017811816,Megaceryle lugubris
2002,1.17134623314362,Melanitta fusca
2003,1.06283088139723,Melanitta fusca
2004,1.18315755922352,Melanitta fusca
2005,1.18075099459425,Melanitta fusca
2006,1.18374495739029,Melanitta fusca
2007,1.5076562062959,Melanitta fusca
2008,1.1380932461524,Melanitta fusca
2009,0.797644095502505,Melanitta fusca
2010,1.20246682273074,Melanitta fusca
2011,0.786476870270875,Melanitta fusca
2012,1.18638988917491,Melanitta fusca
2013,1.10285595338836,Melanitta fusca
2014,1.16747344952592,Melanitta fusca
2015,1.0879192777664,Melanitta fusca
2016,1.18237155657969,Melanitta fusca
2017,1.438209763802,Melanitta fusca
2018,0.826216356489393,Melanitta fusca
2019,1.10249269932896,Melanitta fusca
2020,1.16631304950052,Melanitta fusca
2021,1.25918256746455,Melanitta fusca
2022,1.36785150993438,Melanitta fusca
2023,1.50139865896689,Melanitta fusca
2024,1.51714017811816,Melanitta fusca
2002,1.17134623314362,Melanitta stejnegeri
2003,1.06283088139723,Melanitta stejnegeri
2004,1.18315755922352,Melanitta stejnegeri
2005,1.18075099459425,Melanitta stejnegeri
2006,1.18374495739029,Melanitta stejnegeri
2007,1.5076562062959,Melanitta stejnegeri
2008,1.1380932461524,Melanitta stejnegeri
2009,0.797644095502505,Melanitta stejnegeri
2010,1.20246682273074,Melanitta stejnegeri
2011,0.786476870270875,Melanitta stejnegeri
2012,1.18638988917491,Melanitta stejnegeri
2013,1.10285595338836,Melanitta stejnegeri
2014,1.16747344952592,Melanitta stejnegeri
2015,1.0879192777664,Melanitta stejnegeri
2016,1.18237155657969,Melanitta stejnegeri
2017,1.438209763802,Melanitta stejnegeri
2018,0.826216356489393,Melanitta stejnegeri
2019,1.10249269932896,Melanitta stejnegeri
2020,1.16631304950052,Melanitta stejnegeri
2021,1.25918256746455,Melanitta stejnegeri
2022,1.36785150993438,Melanitta stejnegeri
2023,1.50139865896689,Melanitta stejnegeri
2024,1.51714017811816,Melanitta stejnegeri
2002,1.17134623314362,Melanochlora sultanea
2003,1.06283088139723,Melanochlora sultanea
2004,1.18315755922352,Melanochlora sultanea
2005,1.18075099459425,Melanochlora sultanea
2006,1.18374495739029,Melanochlora sultanea
2007,1.5076562062959,Melanochlora sultanea
2008,1.1380932461524,Melanochlora sultanea
2009,0.797644095502505,Melanochlora sultanea
2010,1.20246682273074,Melanochlora sultanea
2011,0.786476870270875,Melanochlora sultanea
2012,1.18638988917491,Melanochlora sultanea
2013,1.10285595338836,Melanochlora sultanea
2014,1.16747344952592,Melanochlora sultanea
2015,1.0879192777664,Melanochlora sultanea
2016,1.18237155657969,Melanochlora sultanea
2017,1.438209763802,Melanochlora sultanea
2018,0.826216356489393,Melanochlora sultanea
2019,1.10249269932896,Melanochlora sultanea
2020,1.16631304950052,Melanochlora sultanea
2021,1.25918256746455,Melanochlora sultanea
2022,1.36785150993438,Melanochlora sultanea
2023,1.50139865896689,Melanochlora sultanea
2024,1.51714017811816,Melanochlora sultanea
2002,1.17134623314362,Mergus serrator
2003,1.06283088139723,Mergus serrator
2004,1.18315755922352,Mergus serrator
2005,1.18075099459425,Mergus serrator
2006,1.18374495739029,Mergus serrator
2007,1.5076562062959,Mergus serrator
2008,1.1380932461524,Mergus serrator
2009,0.797644095502505,Mergus serrator
2010,1.20246682273074,Mergus serrator
2011,0.786476870270875,Mergus serrator
2012,1.18638988917491,Mergus serrator
2013,1.10285595338836,Mergus serrator
2014,1.16747344952592,Mergus serrator
2015,1.0879192777664,Mergus serrator
2016,1.18237155657969,Mergus serrator
2017,1.438209763802,Mergus serrator
2018,0.826216356489393,Mergus serrator
2019,1.10249269932896,Mergus serrator
2020,1.16631304950052,Mergus serrator
2021,1.25918256746455,Mergus serrator
2022,1.36785150993438,Mergus serrator
2023,1.50139865896689,Mergus serrator
2024,1.51714017811816,Mergus serrator
2002,1.17134623314362,Mixornis gularis
2003,1.06283088139723,Mixornis gularis
2004,1.18315755922352,Mixornis gularis
2005,1.18075099459425,Mixornis gularis
2006,1.18374495739029,Mixornis gularis
2007,1.5076562062959,Mixornis gularis
2008,1.1380932461524,Mixornis gularis
2009,0.797644095502505,Mixornis gularis
2010,1.20246682273074,Mixornis gularis
2011,0.786476870270875,Mixornis gularis
2012,1.18638988917491,Mixornis gularis
2013,1.10285595338836,Mixornis gularis
2014,1.16747344952592,Mixornis gularis
2015,1.0879192777664,Mixornis gularis
2016,1.18237155657969,Mixornis gularis
2017,1.438209763802,Mixornis gularis
2018,0.826216356489393,Mixornis gularis
2019,1.10249269932896,Mixornis gularis
2020,1.16631304950052,Mixornis gularis
2021,1.25918256746455,Mixornis gularis
2022,1.36785150993438,Mixornis gularis
2023,1.50139865896689,Mixornis gularis
2024,1.51714017811816,Mixornis gularis
2002,1.17134623314362,Monticola gularis
2003,1.06283088139723,Monticola gularis
2004,1.18315755922352,Monticola gularis
2005,1.18075099459425,Monticola gularis
2006,1.18374495739029,Monticola gularis
2007,1.5076562062959,Monticola gularis
2008,1.1380932461524,Monticola gularis
2009,0.797644095502505,Monticola gularis
2010,1.20246682273074,Monticola gularis
2011,0.786476870270875,Monticola gularis
2012,1.18638988917491,Monticola gularis
2013,1.10285595338836,Monticola gularis
2014,1.16747344952592,Monticola gularis
2015,1.0879192777664,Monticola gularis
2016,1.18237155657969,Monticola gularis
2017,1.438209763802,Monticola gularis
2018,0.826216356489393,Monticola gularis
2019,1.10249269932896,Monticola gularis
2020,1.16631304950052,Monticola gularis
2021,1.25918256746455,Monticola gularis
2022,1.36785150993438,Monticola gularis
2023,1.50139865896689,Monticola gularis
2024,1.51714017811816,Monticola gularis
2002,1.17134623314362,Monticola rufiventris
2003,1.06283088139723,Monticola rufiventris
2004,1.18315755922352,Monticola rufiventris
2005,1.18075099459425,Monticola rufiventris
2006,1.18374495739029,Monticola rufiventris
2007,1.5076562062959,Monticola rufiventris
2008,1.1380932461524,Monticola rufiventris
2009,0.797644095502505,Monticola rufiventris
2010,1.20246682273074,Monticola rufiventris
2011,0.786476870270875,Monticola rufiventris
2012,1.18638988917491,Monticola rufiventris
2013,1.10285595338836,Monticola rufiventris
2014,1.16747344952592,Monticola rufiventris
2015,1.0879192777664,Monticola rufiventris
2016,1.18237155657969,Monticola rufiventris
2017,1.438209763802,Monticola rufiventris
2018,0.826216356489393,Monticola rufiventris
2019,1.10249269932896,Monticola rufiventris
2020,1.16631304950052,Monticola rufiventris
2021,1.25918256746455,Monticola rufiventris
2022,1.36785150993438,Monticola rufiventris
2023,1.50139865896689,Monticola rufiventris
2024,1.51714017811816,Monticola rufiventris
2002,1.17134623314362,Monticola solitarius
2003,1.06283088139723,Monticola solitarius
2004,1.18315755922352,Monticola solitarius
2005,1.18075099459425,Monticola solitarius
2006,1.18374495739029,Monticola solitarius
2007,1.5076562062959,Monticola solitarius
2008,1.1380932461524,Monticola solitarius
2009,0.797644095502505,Monticola solitarius
2010,1.20246682273074,Monticola solitarius
2011,0.786476870270875,Monticola solitarius
2012,1.18638988917491,Monticola solitarius
2013,1.10285595338836,Monticola solitarius
2014,1.16747344952592,Monticola solitarius
2015,1.0879192777664,Monticola solitarius
2016,1.18237155657969,Monticola solitarius
2017,1.438209763802,Monticola solitarius
2018,0.826216356489393,Monticola solitarius
2019,1.10249269932896,Monticola solitarius
2020,1.16631304950052,Monticola solitarius
2021,1.25918256746455,Monticola solitarius
2022,1.36785150993438,Monticola solitarius
2023,1.50139865896689,Monticola solitarius
2024,1.51714017811816,Monticola solitarius
2002,1.17134623314362,Motacilla citreola
2003,1.06283088139723,Motacilla citreola
2004,1.18315755922352,Motacilla citreola
2005,1.18075099459425,Motacilla citreola
2006,1.18374495739029,Motacilla citreola
2007,1.5076562062959,Motacilla citreola
2008,1.1380932461524,Motacilla citreola
2009,0.797644095502505,Motacilla citreola
2010,1.20246682273074,Motacilla citreola
2011,0.786476870270875,Motacilla citreola
2012,1.18638988917491,Motacilla citreola
2013,1.10285595338836,Motacilla citreola
2014,1.16747344952592,Motacilla citreola
2015,1.0879192777664,Motacilla citreola
2016,1.18237155657969,Motacilla citreola
2017,1.438209763802,Motacilla citreola
2018,0.826216356489393,Motacilla citreola
2019,1.10249269932896,Motacilla citreola
2020,1.16631304950052,Motacilla citreola
2021,1.25918256746455,Motacilla citreola
2022,1.36785150993438,Motacilla citreola
2023,1.50139865896689,Motacilla citreola
2024,1.51714017811816,Motacilla citreola
2002,1.17134623314362,Moupinia poecilotis
2003,1.06283088139723,Moupinia poecilotis
2004,1.18315755922352,Moupinia poecilotis
2005,1.18075099459425,Moupinia poecilotis
2006,1.18374495739029,Moupinia poecilotis
2007,1.5076562062959,Moupinia poecilotis
2008,1.1380932461524,Moupinia poecilotis
2009,0.797644095502505,Moupinia poecilotis
2010,1.20246682273074,Moupinia poecilotis
2011,0.786476870270875,Moupinia poecilotis
2012,1.18638988917491,Moupinia poecilotis
2013,1.10285595338836,Moupinia poecilotis
2014,1.16747344952592,Moupinia poecilotis
2015,1.0879192777664,Moupinia poecilotis
2016,1.18237155657969,Moupinia poecilotis
2017,1.438209763802,Moupinia poecilotis
2018,0.826216356489393,Moupinia poecilotis
2019,1.10249269932896,Moupinia poecilotis
2020,1.16631304950052,Moupinia poecilotis
2021,1.25918256746455,Moupinia poecilotis
2022,1.36785150993438,Moupinia poecilotis
2023,1.50139865896689,Moupinia poecilotis
2024,1.51714017811816,Moupinia poecilotis
2002,1.17134623314362,Muscicapa dauurica
2003,1.06283088139723,Muscicapa dauurica
2004,1.18315755922352,Muscicapa dauurica
2005,1.18075099459425,Muscicapa dauurica
2006,1.18374495739029,Muscicapa dauurica
2007,1.5076562062959,Muscicapa dauurica
2008,1.1380932461524,Muscicapa dauurica
2009,0.797644095502505,Muscicapa dauurica
2010,1.20246682273074,Muscicapa dauurica
2011,0.786476870270875,Muscicapa dauurica
2012,1.18638988917491,Muscicapa dauurica
2013,1.10285595338836,Muscicapa dauurica
2014,1.16747344952592,Muscicapa dauurica
2015,1.0879192777664,Muscicapa dauurica
2016,1.18237155657969,Muscicapa dauurica
2017,1.438209763802,Muscicapa dauurica
2018,0.826216356489393,Muscicapa dauurica
2019,1.10249269932896,Muscicapa dauurica
2020,1.16631304950052,Muscicapa dauurica
2021,1.25918256746455,Muscicapa dauurica
2022,1.36785150993438,Muscicapa dauurica
2023,1.50139865896689,Muscicapa dauurica
2024,1.51714017811816,Muscicapa dauurica
2002,1.17134623314362,Muscicapa ferruginea
2003,1.06283088139723,Muscicapa ferruginea
2004,1.18315755922352,Muscicapa ferruginea
2005,1.18075099459425,Muscicapa ferruginea
2006,1.18374495739029,Muscicapa ferruginea
2007,1.5076562062959,Muscicapa ferruginea
2008,1.1380932461524,Muscicapa ferruginea
2009,0.797644095502505,Muscicapa ferruginea
2010,1.20246682273074,Muscicapa ferruginea
2011,0.786476870270875,Muscicapa ferruginea
2012,1.18638988917491,Muscicapa ferruginea
2013,1.10285595338836,Muscicapa ferruginea
2014,1.16747344952592,Muscicapa ferruginea
2015,1.0879192777664,Muscicapa ferruginea
2016,1.18237155657969,Muscicapa ferruginea
2017,1.438209763802,Muscicapa ferruginea
2018,0.826216356489393,Muscicapa ferruginea
2019,1.10249269932896,Muscicapa ferruginea
2020,1.16631304950052,Muscicapa ferruginea
2021,1.25918256746455,Muscicapa ferruginea
2022,1.36785150993438,Muscicapa ferruginea
2023,1.50139865896689,Muscicapa ferruginea
2024,1.51714017811816,Muscicapa ferruginea
2002,1.17134623314362,Muscicapa muttui
2003,1.06283088139723,Muscicapa muttui
2004,1.18315755922352,Muscicapa muttui
2005,1.18075099459425,Muscicapa muttui
2006,1.18374495739029,Muscicapa muttui
2007,1.5076562062959,Muscicapa muttui
2008,1.1380932461524,Muscicapa muttui
2009,0.797644095502505,Muscicapa muttui
2010,1.20246682273074,Muscicapa muttui
2011,0.786476870270875,Muscicapa muttui
2012,1.18638988917491,Muscicapa muttui
2013,1.10285595338836,Muscicapa muttui
2014,1.16747344952592,Muscicapa muttui
2015,1.0879192777664,Muscicapa muttui
2016,1.18237155657969,Muscicapa muttui
2017,1.438209763802,Muscicapa muttui
2018,0.826216356489393,Muscicapa muttui
2019,1.10249269932896,Muscicapa muttui
2020,1.16631304950052,Muscicapa muttui
2021,1.25918256746455,Muscicapa muttui
2022,1.36785150993438,Muscicapa muttui
2023,1.50139865896689,Muscicapa muttui
2024,1.51714017811816,Muscicapa muttui
2002,1.17134623314362,Mycerobas affinis
2003,1.06283088139723,Mycerobas affinis
2004,1.18315755922352,Mycerobas affinis
2005,1.18075099459425,Mycerobas affinis
2006,1.18374495739029,Mycerobas affinis
2007,1.5076562062959,Mycerobas affinis
2008,1.1380932461524,Mycerobas affinis
2009,0.797644095502505,Mycerobas affinis
2010,1.20246682273074,Mycerobas affinis
2011,0.786476870270875,Mycerobas affinis
2012,1.18638988917491,Mycerobas affinis
2013,1.10285595338836,Mycerobas affinis
2014,1.16747344952592,Mycerobas affinis
2015,1.0879192777664,Mycerobas affinis
2016,1.18237155657969,Mycerobas affinis
2017,1.438209763802,Mycerobas affinis
2018,0.826216356489393,Mycerobas affinis
2019,1.10249269932896,Mycerobas affinis
2020,1.16631304950052,Mycerobas affinis
2021,1.25918256746455,Mycerobas affinis
2022,1.36785150993438,Mycerobas affinis
2023,1.50139865896689,Mycerobas affinis
2024,1.51714017811816,Mycerobas affinis
2002,1.17134623314362,Mycerobas carnipes
2003,1.06283088139723,Mycerobas carnipes
2004,1.18315755922352,Mycerobas carnipes
2005,1.18075099459425,Mycerobas carnipes
2006,1.18374495739029,Mycerobas carnipes
2007,1.5076562062959,Mycerobas carnipes
2008,1.1380932461524,Mycerobas carnipes
2009,0.797644095502505,Mycerobas carnipes
2010,1.20246682273074,Mycerobas carnipes
2011,0.786476870270875,Mycerobas carnipes
2012,1.18638988917491,Mycerobas carnipes
2013,1.10285595338836,Mycerobas carnipes
2014,1.16747344952592,Mycerobas carnipes
2015,1.0879192777664,Mycerobas carnipes
2016,1.18237155657969,Mycerobas carnipes
2017,1.438209763802,Mycerobas carnipes
2018,0.826216356489393,Mycerobas carnipes
2019,1.10249269932896,Mycerobas carnipes
2020,1.16631304950052,Mycerobas carnipes
2021,1.25918256746455,Mycerobas carnipes
2022,1.36785150993438,Mycerobas carnipes
2023,1.50139865896689,Mycerobas carnipes
2024,1.51714017811816,Mycerobas carnipes
2002,1.17134623314362,Myiomela leucura
2003,1.06283088139723,Myiomela leucura
2004,1.18315755922352,Myiomela leucura
2005,1.18075099459425,Myiomela leucura
2006,1.18374495739029,Myiomela leucura
2007,1.5076562062959,Myiomela leucura
2008,1.1380932461524,Myiomela leucura
2009,0.797644095502505,Myiomela leucura
2010,1.20246682273074,Myiomela leucura
2011,0.786476870270875,Myiomela leucura
2012,1.18638988917491,Myiomela leucura
2013,1.10285595338836,Myiomela leucura
2014,1.16747344952592,Myiomela leucura
2015,1.0879192777664,Myiomela leucura
2016,1.18237155657969,Myiomela leucura
2017,1.438209763802,Myiomela leucura
2018,0.826216356489393,Myiomela leucura
2019,1.10249269932896,Myiomela leucura
2020,1.16631304950052,Myiomela leucura
2021,1.25918256746455,Myiomela leucura
2022,1.36785150993438,Myiomela leucura
2023,1.50139865896689,Myiomela leucura
2024,1.51714017811816,Myiomela leucura
2002,1.17134623314362,Myophonus caeruleus
2003,1.06283088139723,Myophonus caeruleus
2004,1.18315755922352,Myophonus caeruleus
2005,1.18075099459425,Myophonus caeruleus
2006,1.18374495739029,Myophonus caeruleus
2007,1.5076562062959,Myophonus caeruleus
2008,1.1380932461524,Myophonus caeruleus
2009,0.797644095502505,Myophonus caeruleus
2010,1.20246682273074,Myophonus caeruleus
2011,0.786476870270875,Myophonus caeruleus
2012,1.18638988917491,Myophonus caeruleus
2013,1.10285595338836,Myophonus caeruleus
2014,1.16747344952592,Myophonus caeruleus
2015,1.0879192777664,Myophonus caeruleus
2016,1.18237155657969,Myophonus caeruleus
2017,1.438209763802,Myophonus caeruleus
2018,0.826216356489393,Myophonus caeruleus
2019,1.10249269932896,Myophonus caeruleus
2020,1.16631304950052,Myophonus caeruleus
2021,1.25918256746455,Myophonus caeruleus
2022,1.36785150993438,Myophonus caeruleus
2023,1.50139865896689,Myophonus caeruleus
2024,1.51714017811816,Myophonus caeruleus
2002,1.17134623314362,Netta rufina
2003,1.06283088139723,Netta rufina
2004,1.18315755922352,Netta rufina
2005,1.18075099459425,Netta rufina
2006,1.18374495739029,Netta rufina
2007,1.5076562062959,Netta rufina
2008,1.1380932461524,Netta rufina
2009,0.797644095502505,Netta rufina
2010,1.20246682273074,Netta rufina
2011,0.786476870270875,Netta rufina
2012,1.18638988917491,Netta rufina
2013,1.10285595338836,Netta rufina
2014,1.16747344952592,Netta rufina
2015,1.0879192777664,Netta rufina
2016,1.18237155657969,Netta rufina
2017,1.438209763802,Netta rufina
2018,0.826216356489393,Netta rufina
2019,1.10249269932896,Netta rufina
2020,1.16631304950052,Netta rufina
2021,1.25918256746455,Netta rufina
2022,1.36785150993438,Netta rufina
2023,1.50139865896689,Netta rufina
2024,1.51714017811816,Netta rufina
2002,1.17134623314362,Niltava davidi
2003,1.06283088139723,Niltava davidi
2004,1.18315755922352,Niltava davidi
2005,1.18075099459425,Niltava davidi
2006,1.18374495739029,Niltava davidi
2007,1.5076562062959,Niltava davidi
2008,1.1380932461524,Niltava davidi
2009,0.797644095502505,Niltava davidi
2010,1.20246682273074,Niltava davidi
2011,0.786476870270875,Niltava davidi
2012,1.18638988917491,Niltava davidi
2013,1.10285595338836,Niltava davidi
2014,1.16747344952592,Niltava davidi
2015,1.0879192777664,Niltava davidi
2016,1.18237155657969,Niltava davidi
2017,1.438209763802,Niltava davidi
2018,0.826216356489393,Niltava davidi
2019,1.10249269932896,Niltava davidi
2020,1.16631304950052,Niltava davidi
2021,1.25918256746455,Niltava davidi
2022,1.36785150993438,Niltava davidi
2023,1.50139865896689,Niltava davidi
2024,1.51714017811816,Niltava davidi
2002,1.17134623314362,Niltava grandis
2003,1.06283088139723,Niltava grandis
2004,1.18315755922352,Niltava grandis
2005,1.18075099459425,Niltava grandis
2006,1.18374495739029,Niltava grandis
2007,1.5076562062959,Niltava grandis
2008,1.1380932461524,Niltava grandis
2009,0.797644095502505,Niltava grandis
2010,1.20246682273074,Niltava grandis
2011,0.786476870270875,Niltava grandis
2012,1.18638988917491,Niltava grandis
2013,1.10285595338836,Niltava grandis
2014,1.16747344952592,Niltava grandis
2015,1.0879192777664,Niltava grandis
2016,1.18237155657969,Niltava grandis
2017,1.438209763802,Niltava grandis
2018,0.826216356489393,Niltava grandis
2019,1.10249269932896,Niltava grandis
2020,1.16631304950052,Niltava grandis
2021,1.25918256746455,Niltava grandis
2022,1.36785150993438,Niltava grandis
2023,1.50139865896689,Niltava grandis
2024,1.51714017811816,Niltava grandis
2002,1.17134623314362,Niltava sundara
2003,1.06283088139723,Niltava sundara
2004,1.18315755922352,Niltava sundara
2005,1.18075099459425,Niltava sundara
2006,1.18374495739029,Niltava sundara
2007,1.5076562062959,Niltava sundara
2008,1.1380932461524,Niltava sundara
2009,0.797644095502505,Niltava sundara
2010,1.20246682273074,Niltava sundara
2011,0.786476870270875,Niltava sundara
2012,1.18638988917491,Niltava sundara
2013,1.10285595338836,Niltava sundara
2014,1.16747344952592,Niltava sundara
2015,1.0879192777664,Niltava sundara
2016,1.18237155657969,Niltava sundara
2017,1.438209763802,Niltava sundara
2018,0.826216356489393,Niltava sundara
2019,1.10249269932896,Niltava sundara
2020,1.16631304950052,Niltava sundara
2021,1.25918256746455,Niltava sundara
2022,1.36785150993438,Niltava sundara
2023,1.50139865896689,Niltava sundara
2024,1.51714017811816,Niltava sundara
2002,1.17134623314362,Ninox japonica
2003,1.06283088139723,Ninox japonica
2004,1.18315755922352,Ninox japonica
2005,1.18075099459425,Ninox japonica
2006,1.18374495739029,Ninox japonica
2007,1.5076562062959,Ninox japonica
2008,1.1380932461524,Ninox japonica
2009,0.797644095502505,Ninox japonica
2010,1.20246682273074,Ninox japonica
2011,0.786476870270875,Ninox japonica
2012,1.18638988917491,Ninox japonica
2013,1.10285595338836,Ninox japonica
2014,1.16747344952592,Ninox japonica
2015,1.0879192777664,Ninox japonica
2016,1.18237155657969,Ninox japonica
2017,1.438209763802,Ninox japonica
2018,0.826216356489393,Ninox japonica
2019,1.10249269932896,Ninox japonica
2020,1.16631304950052,Ninox japonica
2021,1.25918256746455,Ninox japonica
2022,1.36785150993438,Ninox japonica
2023,1.50139865896689,Ninox japonica
2024,1.51714017811816,Ninox japonica
2002,1.17134623314362,Nipponia nippon
2003,1.06283088139723,Nipponia nippon
2004,1.18315755922352,Nipponia nippon
2005,1.18075099459425,Nipponia nippon
2006,1.18374495739029,Nipponia nippon
2007,1.5076562062959,Nipponia nippon
2008,1.1380932461524,Nipponia nippon
2009,0.797644095502505,Nipponia nippon
2010,1.20246682273074,Nipponia nippon
2011,0.786476870270875,Nipponia nippon
2012,1.18638988917491,Nipponia nippon
2013,1.10285595338836,Nipponia nippon
2014,1.16747344952592,Nipponia nippon
2015,1.0879192777664,Nipponia nippon
2016,1.18237155657969,Nipponia nippon
2017,1.438209763802,Nipponia nippon
2018,0.826216356489393,Nipponia nippon
2019,1.10249269932896,Nipponia nippon
2020,1.16631304950052,Nipponia nippon
2021,1.25918256746455,Nipponia nippon
2022,1.36785150993438,Nipponia nippon
2023,1.50139865896689,Nipponia nippon
2024,1.51714017811816,Nipponia nippon
2002,1.17134623314362,Nisaetus nipalensis
2003,1.06283088139723,Nisaetus nipalensis
2004,1.18315755922352,Nisaetus nipalensis
2005,1.18075099459425,Nisaetus nipalensis
2006,1.18374495739029,Nisaetus nipalensis
2007,1.5076562062959,Nisaetus nipalensis
2008,1.1380932461524,Nisaetus nipalensis
2009,0.797644095502505,Nisaetus nipalensis
2010,1.20246682273074,Nisaetus nipalensis
2011,0.786476870270875,Nisaetus nipalensis
2012,1.18638988917491,Nisaetus nipalensis
2013,1.10285595338836,Nisaetus nipalensis
2014,1.16747344952592,Nisaetus nipalensis
2015,1.0879192777664,Nisaetus nipalensis
2016,1.18237155657969,Nisaetus nipalensis
2017,1.438209763802,Nisaetus nipalensis
2018,0.826216356489393,Nisaetus nipalensis
2019,1.10249269932896,Nisaetus nipalensis
2020,1.16631304950052,Nisaetus nipalensis
2021,1.25918256746455,Nisaetus nipalensis
2022,1.36785150993438,Nisaetus nipalensis
2023,1.50139865896689,Nisaetus nipalensis
2024,1.51714017811816,Nisaetus nipalensis
2002,1.17134623314362,Numenius madagascariensis
2003,1.06283088139723,Numenius madagascariensis
2004,1.18315755922352,Numenius madagascariensis
2005,1.18075099459425,Numenius madagascariensis
2006,1.18374495739029,Numenius madagascariensis
2007,1.5076562062959,Numenius madagascariensis
2008,1.1380932461524,Numenius madagascariensis
2009,0.797644095502505,Numenius madagascariensis
2010,1.20246682273074,Numenius madagascariensis
2011,0.786476870270875,Numenius madagascariensis
2012,1.18638988917491,Numenius madagascariensis
2013,1.10285595338836,Numenius madagascariensis
2014,1.16747344952592,Numenius madagascariensis
2015,1.0879192777664,Numenius madagascariensis
2016,1.18237155657969,Numenius madagascariensis
2017,1.438209763802,Numenius madagascariensis
2018,0.826216356489393,Numenius madagascariensis
2019,1.10249269932896,Numenius madagascariensis
2020,1.16631304950052,Numenius madagascariensis
2021,1.25918256746455,Numenius madagascariensis
2022,1.36785150993438,Numenius madagascariensis
2023,1.50139865896689,Numenius madagascariensis
2024,1.51714017811816,Numenius madagascariensis
2002,1.17134623314362,Oenanthe oenanthe
2003,1.06283088139723,Oenanthe oenanthe
2004,1.18315755922352,Oenanthe oenanthe
2005,1.18075099459425,Oenanthe oenanthe
2006,1.18374495739029,Oenanthe oenanthe
2007,1.5076562062959,Oenanthe oenanthe
2008,1.1380932461524,Oenanthe oenanthe
2009,0.797644095502505,Oenanthe oenanthe
2010,1.20246682273074,Oenanthe oenanthe
2011,0.786476870270875,Oenanthe oenanthe
2012,1.18638988917491,Oenanthe oenanthe
2013,1.10285595338836,Oenanthe oenanthe
2014,1.16747344952592,Oenanthe oenanthe
2015,1.0879192777664,Oenanthe oenanthe
2016,1.18237155657969,Oenanthe oenanthe
2017,1.438209763802,Oenanthe oenanthe
2018,0.826216356489393,Oenanthe oenanthe
2019,1.10249269932896,Oenanthe oenanthe
2020,1.16631304950052,Oenanthe oenanthe
2021,1.25918256746455,Oenanthe oenanthe
2022,1.36785150993438,Oenanthe oenanthe
2023,1.50139865896689,Oenanthe oenanthe
2024,1.51714017811816,Oenanthe oenanthe
2002,1.17134623314362,Onychoprion anaethetus
2003,1.06283088139723,Onychoprion anaethetus
2004,1.18315755922352,Onychoprion anaethetus
2005,1.18075099459425,Onychoprion anaethetus
2006,1.18374495739029,Onychoprion anaethetus
2007,1.5076562062959,Onychoprion anaethetus
2008,1.1380932461524,Onychoprion anaethetus
2009,0.797644095502505,Onychoprion anaethetus
2010,1.20246682273074,Onychoprion anaethetus
2011,0.786476870270875,Onychoprion anaethetus
2012,1.18638988917491,Onychoprion anaethetus
2013,1.10285595338836,Onychoprion anaethetus
2014,1.16747344952592,Onychoprion anaethetus
2015,1.0879192777664,Onychoprion anaethetus
2016,1.18237155657969,Onychoprion anaethetus
2017,1.438209763802,Onychoprion anaethetus
2018,0.826216356489393,Onychoprion anaethetus
2019,1.10249269932896,Onychoprion anaethetus
2020,1.16631304950052,Onychoprion anaethetus
2021,1.25918256746455,Onychoprion anaethetus
2022,1.36785150993438,Onychoprion anaethetus
2023,1.50139865896689,Onychoprion anaethetus
2024,1.51714017811816,Onychoprion anaethetus
2002,1.17134623314362,Otus semitorques
2003,1.06283088139723,Otus semitorques
2004,1.18315755922352,Otus semitorques
2005,1.18075099459425,Otus semitorques
2006,1.18374495739029,Otus semitorques
2007,1.5076562062959,Otus semitorques
2008,1.1380932461524,Otus semitorques
2009,0.797644095502505,Otus semitorques
2010,1.20246682273074,Otus semitorques
2011,0.786476870270875,Otus semitorques
2012,1.18638988917491,Otus semitorques
2013,1.10285595338836,Otus semitorques
2014,1.16747344952592,Otus semitorques
2015,1.0879192777664,Otus semitorques
2016,1.18237155657969,Otus semitorques
2017,1.438209763802,Otus semitorques
2018,0.826216356489393,Otus semitorques
2019,1.10249269932896,Otus semitorques
2020,1.16631304950052,Otus semitorques
2021,1.25918256746455,Otus semitorques
2022,1.36785150993438,Otus semitorques
2023,1.50139865896689,Otus semitorques
2024,1.51714017811816,Otus semitorques
2002,1.17134623314362,Otus spilocephalus
2003,1.06283088139723,Otus spilocephalus
2004,1.18315755922352,Otus spilocephalus
2005,1.18075099459425,Otus spilocephalus
2006,1.18374495739029,Otus spilocephalus
2007,1.5076562062959,Otus spilocephalus
2008,1.1380932461524,Otus spilocephalus
2009,0.797644095502505,Otus spilocephalus
2010,1.20246682273074,Otus spilocephalus
2011,0.786476870270875,Otus spilocephalus
2012,1.18638988917491,Otus spilocephalus
2013,1.10285595338836,Otus spilocephalus
2014,1.16747344952592,Otus spilocephalus
2015,1.0879192777664,Otus spilocephalus
2016,1.18237155657969,Otus spilocephalus
2017,1.438209763802,Otus spilocephalus
2018,0.826216356489393,Otus spilocephalus
2019,1.10249269932896,Otus spilocephalus
2020,1.16631304950052,Otus spilocephalus
2021,1.25918256746455,Otus spilocephalus
2022,1.36785150993438,Otus spilocephalus
2023,1.50139865896689,Otus spilocephalus
2024,1.51714017811816,Otus spilocephalus
2002,1.17134623314362,Oxyura leucocephala
2003,1.06283088139723,Oxyura leucocephala
2004,1.18315755922352,Oxyura leucocephala
2005,1.18075099459425,Oxyura leucocephala
2006,1.18374495739029,Oxyura leucocephala
2007,1.5076562062959,Oxyura leucocephala
2008,1.1380932461524,Oxyura leucocephala
2009,0.797644095502505,Oxyura leucocephala
2010,1.20246682273074,Oxyura leucocephala
2011,0.786476870270875,Oxyura leucocephala
2012,1.18638988917491,Oxyura leucocephala
2013,1.10285595338836,Oxyura leucocephala
2014,1.16747344952592,Oxyura leucocephala
2015,1.0879192777664,Oxyura leucocephala
2016,1.18237155657969,Oxyura leucocephala
2017,1.438209763802,Oxyura leucocephala
2018,0.826216356489393,Oxyura leucocephala
2019,1.10249269932896,Oxyura leucocephala
2020,1.16631304950052,Oxyura leucocephala
2021,1.25918256746455,Oxyura leucocephala
2022,1.36785150993438,Oxyura leucocephala
2023,1.50139865896689,Oxyura leucocephala
2024,1.51714017811816,Oxyura leucocephala
2002,1.17134623314362,Panurus biarmicus
2003,1.06283088139723,Panurus biarmicus
2004,1.18315755922352,Panurus biarmicus
2005,1.18075099459425,Panurus biarmicus
2006,1.18374495739029,Panurus biarmicus
2007,1.5076562062959,Panurus biarmicus
2008,1.1380932461524,Panurus biarmicus
2009,0.797644095502505,Panurus biarmicus
2010,1.20246682273074,Panurus biarmicus
2011,0.786476870270875,Panurus biarmicus
2012,1.18638988917491,Panurus biarmicus
2013,1.10285595338836,Panurus biarmicus
2014,1.16747344952592,Panurus biarmicus
2015,1.0879192777664,Panurus biarmicus
2016,1.18237155657969,Panurus biarmicus
2017,1.438209763802,Panurus biarmicus
2018,0.826216356489393,Panurus biarmicus
2019,1.10249269932896,Panurus biarmicus
2020,1.16631304950052,Panurus biarmicus
2021,1.25918256746455,Panurus biarmicus
2022,1.36785150993438,Panurus biarmicus
2023,1.50139865896689,Panurus biarmicus
2024,1.51714017811816,Panurus biarmicus
2002,1.17134623314362,Paradoxornis guttaticollis
2003,1.06283088139723,Paradoxornis guttaticollis
2004,1.18315755922352,Paradoxornis guttaticollis
2005,1.18075099459425,Paradoxornis guttaticollis
2006,1.18374495739029,Paradoxornis guttaticollis
2007,1.5076562062959,Paradoxornis guttaticollis
2008,1.1380932461524,Paradoxornis guttaticollis
2009,0.797644095502505,Paradoxornis guttaticollis
2010,1.20246682273074,Paradoxornis guttaticollis
2011,0.786476870270875,Paradoxornis guttaticollis
2012,1.18638988917491,Paradoxornis guttaticollis
2013,1.10285595338836,Paradoxornis guttaticollis
2014,1.16747344952592,Paradoxornis guttaticollis
2015,1.0879192777664,Paradoxornis guttaticollis
2016,1.18237155657969,Paradoxornis guttaticollis
2017,1.438209763802,Paradoxornis guttaticollis
2018,0.826216356489393,Paradoxornis guttaticollis
2019,1.10249269932896,Paradoxornis guttaticollis
2020,1.16631304950052,Paradoxornis guttaticollis
2021,1.25918256746455,Paradoxornis guttaticollis
2022,1.36785150993438,Paradoxornis guttaticollis
2023,1.50139865896689,Paradoxornis guttaticollis
2024,1.51714017811816,Paradoxornis guttaticollis
2002,1.17134623314362,Paradoxornis heudei
2003,1.06283088139723,Paradoxornis heudei
2004,1.18315755922352,Paradoxornis heudei
2005,1.18075099459425,Paradoxornis heudei
2006,1.18374495739029,Paradoxornis heudei
2007,1.5076562062959,Paradoxornis heudei
2008,1.1380932461524,Paradoxornis heudei
2009,0.797644095502505,Paradoxornis heudei
2010,1.20246682273074,Paradoxornis heudei
2011,0.786476870270875,Paradoxornis heudei
2012,1.18638988917491,Paradoxornis heudei
2013,1.10285595338836,Paradoxornis heudei
2014,1.16747344952592,Paradoxornis heudei
2015,1.0879192777664,Paradoxornis heudei
2016,1.18237155657969,Paradoxornis heudei
2017,1.438209763802,Paradoxornis heudei
2018,0.826216356489393,Paradoxornis heudei
2019,1.10249269932896,Paradoxornis heudei
2020,1.16631304950052,Paradoxornis heudei
2021,1.25918256746455,Paradoxornis heudei
2022,1.36785150993438,Paradoxornis heudei
2023,1.50139865896689,Paradoxornis heudei
2024,1.51714017811816,Paradoxornis heudei
2002,1.17134623314362,Parayuhina diademata
2003,1.06283088139723,Parayuhina diademata
2004,1.18315755922352,Parayuhina diademata
2005,1.18075099459425,Parayuhina diademata
2006,1.18374495739029,Parayuhina diademata
2007,1.5076562062959,Parayuhina diademata
2008,1.1380932461524,Parayuhina diademata
2009,0.797644095502505,Parayuhina diademata
2010,1.20246682273074,Parayuhina diademata
2011,0.786476870270875,Parayuhina diademata
2012,1.18638988917491,Parayuhina diademata
2013,1.10285595338836,Parayuhina diademata
2014,1.16747344952592,Parayuhina diademata
2015,1.0879192777664,Parayuhina diademata
2016,1.18237155657969,Parayuhina diademata
2017,1.438209763802,Parayuhina diademata
2018,0.826216356489393,Parayuhina diademata
2019,1.10249269932896,Parayuhina diademata
2020,1.16631304950052,Parayuhina diademata
2021,1.25918256746455,Parayuhina diademata
2022,1.36785150993438,Parayuhina diademata
2023,1.50139865896689,Parayuhina diademata
2024,1.51714017811816,Parayuhina diademata
2002,1.17134623314362,Pardaliparus venustulus
2003,1.06283088139723,Pardaliparus venustulus
2004,1.18315755922352,Pardaliparus venustulus
2005,1.18075099459425,Pardaliparus venustulus
2006,1.18374495739029,Pardaliparus venustulus
2007,1.5076562062959,Pardaliparus venustulus
2008,1.1380932461524,Pardaliparus venustulus
2009,0.797644095502505,Pardaliparus venustulus
2010,1.20246682273074,Pardaliparus venustulus
2011,0.786476870270875,Pardaliparus venustulus
2012,1.18638988917491,Pardaliparus venustulus
2013,1.10285595338836,Pardaliparus venustulus
2014,1.16747344952592,Pardaliparus venustulus
2015,1.0879192777664,Pardaliparus venustulus
2016,1.18237155657969,Pardaliparus venustulus
2017,1.438209763802,Pardaliparus venustulus
2018,0.826216356489393,Pardaliparus venustulus
2019,1.10249269932896,Pardaliparus venustulus
2020,1.16631304950052,Pardaliparus venustulus
2021,1.25918256746455,Pardaliparus venustulus
2022,1.36785150993438,Pardaliparus venustulus
2023,1.50139865896689,Pardaliparus venustulus
2024,1.51714017811816,Pardaliparus venustulus
2002,1.17134623314362,Parus monticolus
2003,1.06283088139723,Parus monticolus
2004,1.18315755922352,Parus monticolus
2005,1.18075099459425,Parus monticolus
2006,1.18374495739029,Parus monticolus
2007,1.5076562062959,Parus monticolus
2008,1.1380932461524,Parus monticolus
2009,0.797644095502505,Parus monticolus
2010,1.20246682273074,Parus monticolus
2011,0.786476870270875,Parus monticolus
2012,1.18638988917491,Parus monticolus
2013,1.10285595338836,Parus monticolus
2014,1.16747344952592,Parus monticolus
2015,1.0879192777664,Parus monticolus
2016,1.18237155657969,Parus monticolus
2017,1.438209763802,Parus monticolus
2018,0.826216356489393,Parus monticolus
2019,1.10249269932896,Parus monticolus
2020,1.16631304950052,Parus monticolus
2021,1.25918256746455,Parus monticolus
2022,1.36785150993438,Parus monticolus
2023,1.50139865896689,Parus monticolus
2024,1.51714017811816,Parus monticolus
2002,1.17134623314362,Passer cinnamomeus
2003,1.06283088139723,Passer cinnamomeus
2004,1.18315755922352,Passer cinnamomeus
2005,1.18075099459425,Passer cinnamomeus
2006,1.18374495739029,Passer cinnamomeus
2007,1.5076562062959,Passer cinnamomeus
2008,1.1380932461524,Passer cinnamomeus
2009,0.797644095502505,Passer cinnamomeus
2010,1.20246682273074,Passer cinnamomeus
2011,0.786476870270875,Passer cinnamomeus
2012,1.18638988917491,Passer cinnamomeus
2013,1.10285595338836,Passer cinnamomeus
2014,1.16747344952592,Passer cinnamomeus
2015,1.0879192777664,Passer cinnamomeus
2016,1.18237155657969,Passer cinnamomeus
2017,1.438209763802,Passer cinnamomeus
2018,0.826216356489393,Passer cinnamomeus
2019,1.10249269932896,Passer cinnamomeus
2020,1.16631304950052,Passer cinnamomeus
2021,1.25918256746455,Passer cinnamomeus
2022,1.36785150993438,Passer cinnamomeus
2023,1.50139865896689,Passer cinnamomeus
2024,1.51714017811816,Passer cinnamomeus
2002,1.17134623314362,Passer domesticus
2003,1.06283088139723,Passer domesticus
2004,1.18315755922352,Passer domesticus
2005,1.18075099459425,Passer domesticus
2006,1.18374495739029,Passer domesticus
2007,1.5076562062959,Passer domesticus
2008,1.1380932461524,Passer domesticus
2009,0.797644095502505,Passer domesticus
2010,1.20246682273074,Passer domesticus
2011,0.786476870270875,Passer domesticus
2012,1.18638988917491,Passer domesticus
2013,1.10285595338836,Passer domesticus
2014,1.16747344952592,Passer domesticus
2015,1.0879192777664,Passer domesticus
2016,1.18237155657969,Passer domesticus
2017,1.438209763802,Passer domesticus
2018,0.826216356489393,Passer domesticus
2019,1.10249269932896,Passer domesticus
2020,1.16631304950052,Passer domesticus
2021,1.25918256746455,Passer domesticus
2022,1.36785150993438,Passer domesticus
2023,1.50139865896689,Passer domesticus
2024,1.51714017811816,Passer domesticus
2002,1.17134623314362,Passer hispaniolensis
2003,1.06283088139723,Passer hispaniolensis
2004,1.18315755922352,Passer hispaniolensis
2005,1.18075099459425,Passer hispaniolensis
2006,1.18374495739029,Passer hispaniolensis
2007,1.5076562062959,Passer hispaniolensis
2008,1.1380932461524,Passer hispaniolensis
2009,0.797644095502505,Passer hispaniolensis
2010,1.20246682273074,Passer hispaniolensis
2011,0.786476870270875,Passer hispaniolensis
2012,1.18638988917491,Passer hispaniolensis
2013,1.10285595338836,Passer hispaniolensis
2014,1.16747344952592,Passer hispaniolensis
2015,1.0879192777664,Passer hispaniolensis
2016,1.18237155657969,Passer hispaniolensis
2017,1.438209763802,Passer hispaniolensis
2018,0.826216356489393,Passer hispaniolensis
2019,1.10249269932896,Passer hispaniolensis
2020,1.16631304950052,Passer hispaniolensis
2021,1.25918256746455,Passer hispaniolensis
2022,1.36785150993438,Passer hispaniolensis
2023,1.50139865896689,Passer hispaniolensis
2024,1.51714017811816,Passer hispaniolensis
2002,1.17134623314362,Pelecanus crispus
2003,1.06283088139723,Pelecanus crispus
2004,1.18315755922352,Pelecanus crispus
2005,1.18075099459425,Pelecanus crispus
2006,1.18374495739029,Pelecanus crispus
2007,1.5076562062959,Pelecanus crispus
2008,1.1380932461524,Pelecanus crispus
2009,0.797644095502505,Pelecanus crispus
2010,1.20246682273074,Pelecanus crispus
2011,0.786476870270875,Pelecanus crispus
2012,1.18638988917491,Pelecanus crispus
2013,1.10285595338836,Pelecanus crispus
2014,1.16747344952592,Pelecanus crispus
2015,1.0879192777664,Pelecanus crispus
2016,1.18237155657969,Pelecanus crispus
2017,1.438209763802,Pelecanus crispus
2018,0.826216356489393,Pelecanus crispus
2019,1.10249269932896,Pelecanus crispus
2020,1.16631304950052,Pelecanus crispus
2021,1.25918256746455,Pelecanus crispus
2022,1.36785150993438,Pelecanus crispus
2023,1.50139865896689,Pelecanus crispus
2024,1.51714017811816,Pelecanus crispus
2002,1.17134623314362,Pellorneum tickelli
2003,1.06283088139723,Pellorneum tickelli
2004,1.18315755922352,Pellorneum tickelli
2005,1.18075099459425,Pellorneum tickelli
2006,1.18374495739029,Pellorneum tickelli
2007,1.5076562062959,Pellorneum tickelli
2008,1.1380932461524,Pellorneum tickelli
2009,0.797644095502505,Pellorneum tickelli
2010,1.20246682273074,Pellorneum tickelli
2011,0.786476870270875,Pellorneum tickelli
2012,1.18638988917491,Pellorneum tickelli
2013,1.10285595338836,Pellorneum tickelli
2014,1.16747344952592,Pellorneum tickelli
2015,1.0879192777664,Pellorneum tickelli
2016,1.18237155657969,Pellorneum tickelli
2017,1.438209763802,Pellorneum tickelli
2018,0.826216356489393,Pellorneum tickelli
2019,1.10249269932896,Pellorneum tickelli
2020,1.16631304950052,Pellorneum tickelli
2021,1.25918256746455,Pellorneum tickelli
2022,1.36785150993438,Pellorneum tickelli
2023,1.50139865896689,Pellorneum tickelli
2024,1.51714017811816,Pellorneum tickelli
2002,1.17134623314362,Perdix hodgsoniae
2003,1.06283088139723,Perdix hodgsoniae
2004,1.18315755922352,Perdix hodgsoniae
2005,1.18075099459425,Perdix hodgsoniae
2006,1.18374495739029,Perdix hodgsoniae
2007,1.5076562062959,Perdix hodgsoniae
2008,1.1380932461524,Perdix hodgsoniae
2009,0.797644095502505,Perdix hodgsoniae
2010,1.20246682273074,Perdix hodgsoniae
2011,0.786476870270875,Perdix hodgsoniae
2012,1.18638988917491,Perdix hodgsoniae
2013,1.10285595338836,Perdix hodgsoniae
2014,1.16747344952592,Perdix hodgsoniae
2015,1.0879192777664,Perdix hodgsoniae
2016,1.18237155657969,Perdix hodgsoniae
2017,1.438209763802,Perdix hodgsoniae
2018,0.826216356489393,Perdix hodgsoniae
2019,1.10249269932896,Perdix hodgsoniae
2020,1.16631304950052,Perdix hodgsoniae
2021,1.25918256746455,Perdix hodgsoniae
2022,1.36785150993438,Perdix hodgsoniae
2023,1.50139865896689,Perdix hodgsoniae
2024,1.51714017811816,Perdix hodgsoniae
2002,1.17134623314362,Pericrocotus divaricatus
2003,1.06283088139723,Pericrocotus divaricatus
2004,1.18315755922352,Pericrocotus divaricatus
2005,1.18075099459425,Pericrocotus divaricatus
2006,1.18374495739029,Pericrocotus divaricatus
2007,1.5076562062959,Pericrocotus divaricatus
2008,1.1380932461524,Pericrocotus divaricatus
2009,0.797644095502505,Pericrocotus divaricatus
2010,1.20246682273074,Pericrocotus divaricatus
2011,0.786476870270875,Pericrocotus divaricatus
2012,1.18638988917491,Pericrocotus divaricatus
2013,1.10285595338836,Pericrocotus divaricatus
2014,1.16747344952592,Pericrocotus divaricatus
2015,1.0879192777664,Pericrocotus divaricatus
2016,1.18237155657969,Pericrocotus divaricatus
2017,1.438209763802,Pericrocotus divaricatus
2018,0.826216356489393,Pericrocotus divaricatus
2019,1.10249269932896,Pericrocotus divaricatus
2020,1.16631304950052,Pericrocotus divaricatus
2021,1.25918256746455,Pericrocotus divaricatus
2022,1.36785150993438,Pericrocotus divaricatus
2023,1.50139865896689,Pericrocotus divaricatus
2024,1.51714017811816,Pericrocotus divaricatus
2002,1.17134623314362,Pericrocotus ethologus
2003,1.06283088139723,Pericrocotus ethologus
2004,1.18315755922352,Pericrocotus ethologus
2005,1.18075099459425,Pericrocotus ethologus
2006,1.18374495739029,Pericrocotus ethologus
2007,1.5076562062959,Pericrocotus ethologus
2008,1.1380932461524,Pericrocotus ethologus
2009,0.797644095502505,Pericrocotus ethologus
2010,1.20246682273074,Pericrocotus ethologus
2011,0.786476870270875,Pericrocotus ethologus
2012,1.18638988917491,Pericrocotus ethologus
2013,1.10285595338836,Pericrocotus ethologus
2014,1.16747344952592,Pericrocotus ethologus
2015,1.0879192777664,Pericrocotus ethologus
2016,1.18237155657969,Pericrocotus ethologus
2017,1.438209763802,Pericrocotus ethologus
2018,0.826216356489393,Pericrocotus ethologus
2019,1.10249269932896,Pericrocotus ethologus
2020,1.16631304950052,Pericrocotus ethologus
2021,1.25918256746455,Pericrocotus ethologus
2022,1.36785150993438,Pericrocotus ethologus
2023,1.50139865896689,Pericrocotus ethologus
2024,1.51714017811816,Pericrocotus ethologus
2002,1.17134623314362,Pericrocotus solaris
2003,1.06283088139723,Pericrocotus solaris
2004,1.18315755922352,Pericrocotus solaris
2005,1.18075099459425,Pericrocotus solaris
2006,1.18374495739029,Pericrocotus solaris
2007,1.5076562062959,Pericrocotus solaris
2008,1.1380932461524,Pericrocotus solaris
2009,0.797644095502505,Pericrocotus solaris
2010,1.20246682273074,Pericrocotus solaris
2011,0.786476870270875,Pericrocotus solaris
2012,1.18638988917491,Pericrocotus solaris
2013,1.10285595338836,Pericrocotus solaris
2014,1.16747344952592,Pericrocotus solaris
2015,1.0879192777664,Pericrocotus solaris
2016,1.18237155657969,Pericrocotus solaris
2017,1.438209763802,Pericrocotus solaris
2018,0.826216356489393,Pericrocotus solaris
2019,1.10249269932896,Pericrocotus solaris
2020,1.16631304950052,Pericrocotus solaris
2021,1.25918256746455,Pericrocotus solaris
2022,1.36785150993438,Pericrocotus solaris
2023,1.50139865896689,Pericrocotus solaris
2024,1.51714017811816,Pericrocotus solaris
2002,1.17134623314362,Periparus rubidiventris
2003,1.06283088139723,Periparus rubidiventris
2004,1.18315755922352,Periparus rubidiventris
2005,1.18075099459425,Periparus rubidiventris
2006,1.18374495739029,Periparus rubidiventris
2007,1.5076562062959,Periparus rubidiventris
2008,1.1380932461524,Periparus rubidiventris
2009,0.797644095502505,Periparus rubidiventris
2010,1.20246682273074,Periparus rubidiventris
2011,0.786476870270875,Periparus rubidiventris
2012,1.18638988917491,Periparus rubidiventris
2013,1.10285595338836,Periparus rubidiventris
2014,1.16747344952592,Periparus rubidiventris
2015,1.0879192777664,Periparus rubidiventris
2016,1.18237155657969,Periparus rubidiventris
2017,1.438209763802,Periparus rubidiventris
2018,0.826216356489393,Periparus rubidiventris
2019,1.10249269932896,Periparus rubidiventris
2020,1.16631304950052,Periparus rubidiventris
2021,1.25918256746455,Periparus rubidiventris
2022,1.36785150993438,Periparus rubidiventris
2023,1.50139865896689,Periparus rubidiventris
2024,1.51714017811816,Periparus rubidiventris
2002,1.17134623314362,Pernis ptilorhynchus
2003,1.06283088139723,Pernis ptilorhynchus
2004,1.18315755922352,Pernis ptilorhynchus
2005,1.18075099459425,Pernis ptilorhynchus
2006,1.18374495739029,Pernis ptilorhynchus
2007,1.5076562062959,Pernis ptilorhynchus
2008,1.1380932461524,Pernis ptilorhynchus
2009,0.797644095502505,Pernis ptilorhynchus
2010,1.20246682273074,Pernis ptilorhynchus
2011,0.786476870270875,Pernis ptilorhynchus
2012,1.18638988917491,Pernis ptilorhynchus
2013,1.10285595338836,Pernis ptilorhynchus
2014,1.16747344952592,Pernis ptilorhynchus
2015,1.0879192777664,Pernis ptilorhynchus
2016,1.18237155657969,Pernis ptilorhynchus
2017,1.438209763802,Pernis ptilorhynchus
2018,0.826216356489393,Pernis ptilorhynchus
2019,1.10249269932896,Pernis ptilorhynchus
2020,1.16631304950052,Pernis ptilorhynchus
2021,1.25918256746455,Pernis ptilorhynchus
2022,1.36785150993438,Pernis ptilorhynchus
2023,1.50139865896689,Pernis ptilorhynchus
2024,1.51714017811816,Pernis ptilorhynchus
2002,1.17134623314362,Phasianus colchicus
2003,1.06283088139723,Phasianus colchicus
2004,1.18315755922352,Phasianus colchicus
2005,1.18075099459425,Phasianus colchicus
2006,1.18374495739029,Phasianus colchicus
2007,1.5076562062959,Phasianus colchicus
2008,1.1380932461524,Phasianus colchicus
2009,0.797644095502505,Phasianus colchicus
2010,1.20246682273074,Phasianus colchicus
2011,0.786476870270875,Phasianus colchicus
2012,1.18638988917491,Phasianus colchicus
2013,1.10285595338836,Phasianus colchicus
2014,1.16747344952592,Phasianus colchicus
2015,1.0879192777664,Phasianus colchicus
2016,1.18237155657969,Phasianus colchicus
2017,1.438209763802,Phasianus colchicus
2018,0.826216356489393,Phasianus colchicus
2019,1.10249269932896,Phasianus colchicus
2020,1.16631304950052,Phasianus colchicus
2021,1.25918256746455,Phasianus colchicus
2022,1.36785150993438,Phasianus colchicus
2023,1.50139865896689,Phasianus colchicus
2024,1.51714017811816,Phasianus colchicus
2002,1.17134623314362,Phoenicurus erythronotus
2003,1.06283088139723,Phoenicurus erythronotus
2004,1.18315755922352,Phoenicurus erythronotus
2005,1.18075099459425,Phoenicurus erythronotus
2006,1.18374495739029,Phoenicurus erythronotus
2007,1.5076562062959,Phoenicurus erythronotus
2008,1.1380932461524,Phoenicurus erythronotus
2009,0.797644095502505,Phoenicurus erythronotus
2010,1.20246682273074,Phoenicurus erythronotus
2011,0.786476870270875,Phoenicurus erythronotus
2012,1.18638988917491,Phoenicurus erythronotus
2013,1.10285595338836,Phoenicurus erythronotus
2014,1.16747344952592,Phoenicurus erythronotus
2015,1.0879192777664,Phoenicurus erythronotus
2016,1.18237155657969,Phoenicurus erythronotus
2017,1.438209763802,Phoenicurus erythronotus
2018,0.826216356489393,Phoenicurus erythronotus
2019,1.10249269932896,Phoenicurus erythronotus
2020,1.16631304950052,Phoenicurus erythronotus
2021,1.25918256746455,Phoenicurus erythronotus
2022,1.36785150993438,Phoenicurus erythronotus
2023,1.50139865896689,Phoenicurus erythronotus
2024,1.51714017811816,Phoenicurus erythronotus
2002,1.17134623314362,Phoenicurus frontalis
2003,1.06283088139723,Phoenicurus frontalis
2004,1.18315755922352,Phoenicurus frontalis
2005,1.18075099459425,Phoenicurus frontalis
2006,1.18374495739029,Phoenicurus frontalis
2007,1.5076562062959,Phoenicurus frontalis
2008,1.1380932461524,Phoenicurus frontalis
2009,0.797644095502505,Phoenicurus frontalis
2010,1.20246682273074,Phoenicurus frontalis
2011,0.786476870270875,Phoenicurus frontalis
2012,1.18638988917491,Phoenicurus frontalis
2013,1.10285595338836,Phoenicurus frontalis
2014,1.16747344952592,Phoenicurus frontalis
2015,1.0879192777664,Phoenicurus frontalis
2016,1.18237155657969,Phoenicurus frontalis
2017,1.438209763802,Phoenicurus frontalis
2018,0.826216356489393,Phoenicurus frontalis
2019,1.10249269932896,Phoenicurus frontalis
2020,1.16631304950052,Phoenicurus frontalis
2021,1.25918256746455,Phoenicurus frontalis
2022,1.36785150993438,Phoenicurus frontalis
2023,1.50139865896689,Phoenicurus frontalis
2024,1.51714017811816,Phoenicurus frontalis
2002,1.17134623314362,Phoenicurus leucocephalus
2003,1.06283088139723,Phoenicurus leucocephalus
2004,1.18315755922352,Phoenicurus leucocephalus
2005,1.18075099459425,Phoenicurus leucocephalus
2006,1.18374495739029,Phoenicurus leucocephalus
2007,1.5076562062959,Phoenicurus leucocephalus
2008,1.1380932461524,Phoenicurus leucocephalus
2009,0.797644095502505,Phoenicurus leucocephalus
2010,1.20246682273074,Phoenicurus leucocephalus
2011,0.786476870270875,Phoenicurus leucocephalus
2012,1.18638988917491,Phoenicurus leucocephalus
2013,1.10285595338836,Phoenicurus leucocephalus
2014,1.16747344952592,Phoenicurus leucocephalus
2015,1.0879192777664,Phoenicurus leucocephalus
2016,1.18237155657969,Phoenicurus leucocephalus
2017,1.438209763802,Phoenicurus leucocephalus
2018,0.826216356489393,Phoenicurus leucocephalus
2019,1.10249269932896,Phoenicurus leucocephalus
2020,1.16631304950052,Phoenicurus leucocephalus
2021,1.25918256746455,Phoenicurus leucocephalus
2022,1.36785150993438,Phoenicurus leucocephalus
2023,1.50139865896689,Phoenicurus leucocephalus
2024,1.51714017811816,Phoenicurus leucocephalus
2002,1.17134623314362,Phylloscopus affinis
2003,1.06283088139723,Phylloscopus affinis
2004,1.18315755922352,Phylloscopus affinis
2005,1.18075099459425,Phylloscopus affinis
2006,1.18374495739029,Phylloscopus affinis
2007,1.5076562062959,Phylloscopus affinis
2008,1.1380932461524,Phylloscopus affinis
2009,0.797644095502505,Phylloscopus affinis
2010,1.20246682273074,Phylloscopus affinis
2011,0.786476870270875,Phylloscopus affinis
2012,1.18638988917491,Phylloscopus affinis
2013,1.10285595338836,Phylloscopus affinis
2014,1.16747344952592,Phylloscopus affinis
2015,1.0879192777664,Phylloscopus affinis
2016,1.18237155657969,Phylloscopus affinis
2017,1.438209763802,Phylloscopus affinis
2018,0.826216356489393,Phylloscopus affinis
2019,1.10249269932896,Phylloscopus affinis
2020,1.16631304950052,Phylloscopus affinis
2021,1.25918256746455,Phylloscopus affinis
2022,1.36785150993438,Phylloscopus affinis
2023,1.50139865896689,Phylloscopus affinis
2024,1.51714017811816,Phylloscopus affinis
2002,1.17134623314362,Phylloscopus cantator
2003,1.06283088139723,Phylloscopus cantator
2004,1.18315755922352,Phylloscopus cantator
2005,1.18075099459425,Phylloscopus cantator
2006,1.18374495739029,Phylloscopus cantator
2007,1.5076562062959,Phylloscopus cantator
2008,1.1380932461524,Phylloscopus cantator
2009,0.797644095502505,Phylloscopus cantator
2010,1.20246682273074,Phylloscopus cantator
2011,0.786476870270875,Phylloscopus cantator
2012,1.18638988917491,Phylloscopus cantator
2013,1.10285595338836,Phylloscopus cantator
2014,1.16747344952592,Phylloscopus cantator
2015,1.0879192777664,Phylloscopus cantator
2016,1.18237155657969,Phylloscopus cantator
2017,1.438209763802,Phylloscopus cantator
2018,0.826216356489393,Phylloscopus cantator
2019,1.10249269932896,Phylloscopus cantator
2020,1.16631304950052,Phylloscopus cantator
2021,1.25918256746455,Phylloscopus cantator
2022,1.36785150993438,Phylloscopus cantator
2023,1.50139865896689,Phylloscopus cantator
2024,1.51714017811816,Phylloscopus cantator
2002,1.17134623314362,Phylloscopus castaniceps
2003,1.06283088139723,Phylloscopus castaniceps
2004,1.18315755922352,Phylloscopus castaniceps
2005,1.18075099459425,Phylloscopus castaniceps
2006,1.18374495739029,Phylloscopus castaniceps
2007,1.5076562062959,Phylloscopus castaniceps
2008,1.1380932461524,Phylloscopus castaniceps
2009,0.797644095502505,Phylloscopus castaniceps
2010,1.20246682273074,Phylloscopus castaniceps
2011,0.786476870270875,Phylloscopus castaniceps
2012,1.18638988917491,Phylloscopus castaniceps
2013,1.10285595338836,Phylloscopus castaniceps
2014,1.16747344952592,Phylloscopus castaniceps
2015,1.0879192777664,Phylloscopus castaniceps
2016,1.18237155657969,Phylloscopus castaniceps
2017,1.438209763802,Phylloscopus castaniceps
2018,0.826216356489393,Phylloscopus castaniceps
2019,1.10249269932896,Phylloscopus castaniceps
2020,1.16631304950052,Phylloscopus castaniceps
2021,1.25918256746455,Phylloscopus castaniceps
2022,1.36785150993438,Phylloscopus castaniceps
2023,1.50139865896689,Phylloscopus castaniceps
2024,1.51714017811816,Phylloscopus castaniceps
2002,1.17134623314362,Phylloscopus claudiae
2003,1.06283088139723,Phylloscopus claudiae
2004,1.18315755922352,Phylloscopus claudiae
2005,1.18075099459425,Phylloscopus claudiae
2006,1.18374495739029,Phylloscopus claudiae
2007,1.5076562062959,Phylloscopus claudiae
2008,1.1380932461524,Phylloscopus claudiae
2009,0.797644095502505,Phylloscopus claudiae
2010,1.20246682273074,Phylloscopus claudiae
2011,0.786476870270875,Phylloscopus claudiae
2012,1.18638988917491,Phylloscopus claudiae
2013,1.10285595338836,Phylloscopus claudiae
2014,1.16747344952592,Phylloscopus claudiae
2015,1.0879192777664,Phylloscopus claudiae
2016,1.18237155657969,Phylloscopus claudiae
2017,1.438209763802,Phylloscopus claudiae
2018,0.826216356489393,Phylloscopus claudiae
2019,1.10249269932896,Phylloscopus claudiae
2020,1.16631304950052,Phylloscopus claudiae
2021,1.25918256746455,Phylloscopus claudiae
2022,1.36785150993438,Phylloscopus claudiae
2023,1.50139865896689,Phylloscopus claudiae
2024,1.51714017811816,Phylloscopus claudiae
2002,1.17134623314362,Phylloscopus coronatus
2003,1.06283088139723,Phylloscopus coronatus
2004,1.18315755922352,Phylloscopus coronatus
2005,1.18075099459425,Phylloscopus coronatus
2006,1.18374495739029,Phylloscopus coronatus
2007,1.5076562062959,Phylloscopus coronatus
2008,1.1380932461524,Phylloscopus coronatus
2009,0.797644095502505,Phylloscopus coronatus
2010,1.20246682273074,Phylloscopus coronatus
2011,0.786476870270875,Phylloscopus coronatus
2012,1.18638988917491,Phylloscopus coronatus
2013,1.10285595338836,Phylloscopus coronatus
2014,1.16747344952592,Phylloscopus coronatus
2015,1.0879192777664,Phylloscopus coronatus
2016,1.18237155657969,Phylloscopus coronatus
2017,1.438209763802,Phylloscopus coronatus
2018,0.826216356489393,Phylloscopus coronatus
2019,1.10249269932896,Phylloscopus coronatus
2020,1.16631304950052,Phylloscopus coronatus
2021,1.25918256746455,Phylloscopus coronatus
2022,1.36785150993438,Phylloscopus coronatus
2023,1.50139865896689,Phylloscopus coronatus
2024,1.51714017811816,Phylloscopus coronatus
2002,1.17134623314362,Phylloscopus emeiensis
2003,1.06283088139723,Phylloscopus emeiensis
2004,1.18315755922352,Phylloscopus emeiensis
2005,1.18075099459425,Phylloscopus emeiensis
2006,1.18374495739029,Phylloscopus emeiensis
2007,1.5076562062959,Phylloscopus emeiensis
2008,1.1380932461524,Phylloscopus emeiensis
2009,0.797644095502505,Phylloscopus emeiensis
2010,1.20246682273074,Phylloscopus emeiensis
2011,0.786476870270875,Phylloscopus emeiensis
2012,1.18638988917491,Phylloscopus emeiensis
2013,1.10285595338836,Phylloscopus emeiensis
2014,1.16747344952592,Phylloscopus emeiensis
2015,1.0879192777664,Phylloscopus emeiensis
2016,1.18237155657969,Phylloscopus emeiensis
2017,1.438209763802,Phylloscopus emeiensis
2018,0.826216356489393,Phylloscopus emeiensis
2019,1.10249269932896,Phylloscopus emeiensis
2020,1.16631304950052,Phylloscopus emeiensis
2021,1.25918256746455,Phylloscopus emeiensis
2022,1.36785150993438,Phylloscopus emeiensis
2023,1.50139865896689,Phylloscopus emeiensis
2024,1.51714017811816,Phylloscopus emeiensis
2002,1.17134623314362,Phylloscopus intermedius
2003,1.06283088139723,Phylloscopus intermedius
2004,1.18315755922352,Phylloscopus intermedius
2005,1.18075099459425,Phylloscopus intermedius
2006,1.18374495739029,Phylloscopus intermedius
2007,1.5076562062959,Phylloscopus intermedius
2008,1.1380932461524,Phylloscopus intermedius
2009,0.797644095502505,Phylloscopus intermedius
2010,1.20246682273074,Phylloscopus intermedius
2011,0.786476870270875,Phylloscopus intermedius
2012,1.18638988917491,Phylloscopus intermedius
2013,1.10285595338836,Phylloscopus intermedius
2014,1.16747344952592,Phylloscopus intermedius
2015,1.0879192777664,Phylloscopus intermedius
2016,1.18237155657969,Phylloscopus intermedius
2017,1.438209763802,Phylloscopus intermedius
2018,0.826216356489393,Phylloscopus intermedius
2019,1.10249269932896,Phylloscopus intermedius
2020,1.16631304950052,Phylloscopus intermedius
2021,1.25918256746455,Phylloscopus intermedius
2022,1.36785150993438,Phylloscopus intermedius
2023,1.50139865896689,Phylloscopus intermedius
2024,1.51714017811816,Phylloscopus intermedius
2002,1.17134623314362,Phylloscopus magnirostris
2003,1.06283088139723,Phylloscopus magnirostris
2004,1.18315755922352,Phylloscopus magnirostris
2005,1.18075099459425,Phylloscopus magnirostris
2006,1.18374495739029,Phylloscopus magnirostris
2007,1.5076562062959,Phylloscopus magnirostris
2008,1.1380932461524,Phylloscopus magnirostris
2009,0.797644095502505,Phylloscopus magnirostris
2010,1.20246682273074,Phylloscopus magnirostris
2011,0.786476870270875,Phylloscopus magnirostris
2012,1.18638988917491,Phylloscopus magnirostris
2013,1.10285595338836,Phylloscopus magnirostris
2014,1.16747344952592,Phylloscopus magnirostris
2015,1.0879192777664,Phylloscopus magnirostris
2016,1.18237155657969,Phylloscopus magnirostris
2017,1.438209763802,Phylloscopus magnirostris
2018,0.826216356489393,Phylloscopus magnirostris
2019,1.10249269932896,Phylloscopus magnirostris
2020,1.16631304950052,Phylloscopus magnirostris
2021,1.25918256746455,Phylloscopus magnirostris
2022,1.36785150993438,Phylloscopus magnirostris
2023,1.50139865896689,Phylloscopus magnirostris
2024,1.51714017811816,Phylloscopus magnirostris
2002,1.17134623314362,Phylloscopus ogilviegranti
2003,1.06283088139723,Phylloscopus ogilviegranti
2004,1.18315755922352,Phylloscopus ogilviegranti
2005,1.18075099459425,Phylloscopus ogilviegranti
2006,1.18374495739029,Phylloscopus ogilviegranti
2007,1.5076562062959,Phylloscopus ogilviegranti
2008,1.1380932461524,Phylloscopus ogilviegranti
2009,0.797644095502505,Phylloscopus ogilviegranti
2010,1.20246682273074,Phylloscopus ogilviegranti
2011,0.786476870270875,Phylloscopus ogilviegranti
2012,1.18638988917491,Phylloscopus ogilviegranti
2013,1.10285595338836,Phylloscopus ogilviegranti
2014,1.16747344952592,Phylloscopus ogilviegranti
2015,1.0879192777664,Phylloscopus ogilviegranti
2016,1.18237155657969,Phylloscopus ogilviegranti
2017,1.438209763802,Phylloscopus ogilviegranti
2018,0.826216356489393,Phylloscopus ogilviegranti
2019,1.10249269932896,Phylloscopus ogilviegranti
2020,1.16631304950052,Phylloscopus ogilviegranti
2021,1.25918256746455,Phylloscopus ogilviegranti
2022,1.36785150993438,Phylloscopus ogilviegranti
2023,1.50139865896689,Phylloscopus ogilviegranti
2024,1.51714017811816,Phylloscopus ogilviegranti
2002,1.17134623314362,Phylloscopus omeiensis
2003,1.06283088139723,Phylloscopus omeiensis
2004,1.18315755922352,Phylloscopus omeiensis
2005,1.18075099459425,Phylloscopus omeiensis
2006,1.18374495739029,Phylloscopus omeiensis
2007,1.5076562062959,Phylloscopus omeiensis
2008,1.1380932461524,Phylloscopus omeiensis
2009,0.797644095502505,Phylloscopus omeiensis
2010,1.20246682273074,Phylloscopus omeiensis
2011,0.786476870270875,Phylloscopus omeiensis
2012,1.18638988917491,Phylloscopus omeiensis
2013,1.10285595338836,Phylloscopus omeiensis
2014,1.16747344952592,Phylloscopus omeiensis
2015,1.0879192777664,Phylloscopus omeiensis
2016,1.18237155657969,Phylloscopus omeiensis
2017,1.438209763802,Phylloscopus omeiensis
2018,0.826216356489393,Phylloscopus omeiensis
2019,1.10249269932896,Phylloscopus omeiensis
2020,1.16631304950052,Phylloscopus omeiensis
2021,1.25918256746455,Phylloscopus omeiensis
2022,1.36785150993438,Phylloscopus omeiensis
2023,1.50139865896689,Phylloscopus omeiensis
2024,1.51714017811816,Phylloscopus omeiensis
2002,1.17134623314362,Phylloscopus proregulus
2003,1.06283088139723,Phylloscopus proregulus
2004,1.18315755922352,Phylloscopus proregulus
2005,1.18075099459425,Phylloscopus proregulus
2006,1.18374495739029,Phylloscopus proregulus
2007,1.5076562062959,Phylloscopus proregulus
2008,1.1380932461524,Phylloscopus proregulus
2009,0.797644095502505,Phylloscopus proregulus
2010,1.20246682273074,Phylloscopus proregulus
2011,0.786476870270875,Phylloscopus proregulus
2012,1.18638988917491,Phylloscopus proregulus
2013,1.10285595338836,Phylloscopus proregulus
2014,1.16747344952592,Phylloscopus proregulus
2015,1.0879192777664,Phylloscopus proregulus
2016,1.18237155657969,Phylloscopus proregulus
2017,1.438209763802,Phylloscopus proregulus
2018,0.826216356489393,Phylloscopus proregulus
2019,1.10249269932896,Phylloscopus proregulus
2020,1.16631304950052,Phylloscopus proregulus
2021,1.25918256746455,Phylloscopus proregulus
2022,1.36785150993438,Phylloscopus proregulus
2023,1.50139865896689,Phylloscopus proregulus
2024,1.51714017811816,Phylloscopus proregulus
2002,1.17134623314362,Phylloscopus pulcher
2003,1.06283088139723,Phylloscopus pulcher
2004,1.18315755922352,Phylloscopus pulcher
2005,1.18075099459425,Phylloscopus pulcher
2006,1.18374495739029,Phylloscopus pulcher
2007,1.5076562062959,Phylloscopus pulcher
2008,1.1380932461524,Phylloscopus pulcher
2009,0.797644095502505,Phylloscopus pulcher
2010,1.20246682273074,Phylloscopus pulcher
2011,0.786476870270875,Phylloscopus pulcher
2012,1.18638988917491,Phylloscopus pulcher
2013,1.10285595338836,Phylloscopus pulcher
2014,1.16747344952592,Phylloscopus pulcher
2015,1.0879192777664,Phylloscopus pulcher
2016,1.18237155657969,Phylloscopus pulcher
2017,1.438209763802,Phylloscopus pulcher
2018,0.826216356489393,Phylloscopus pulcher
2019,1.10249269932896,Phylloscopus pulcher
2020,1.16631304950052,Phylloscopus pulcher
2021,1.25918256746455,Phylloscopus pulcher
2022,1.36785150993438,Phylloscopus pulcher
2023,1.50139865896689,Phylloscopus pulcher
2024,1.51714017811816,Phylloscopus pulcher
2002,1.17134623314362,Phylloscopus ricketti
2003,1.06283088139723,Phylloscopus ricketti
2004,1.18315755922352,Phylloscopus ricketti
2005,1.18075099459425,Phylloscopus ricketti
2006,1.18374495739029,Phylloscopus ricketti
2007,1.5076562062959,Phylloscopus ricketti
2008,1.1380932461524,Phylloscopus ricketti
2009,0.797644095502505,Phylloscopus ricketti
2010,1.20246682273074,Phylloscopus ricketti
2011,0.786476870270875,Phylloscopus ricketti
2012,1.18638988917491,Phylloscopus ricketti
2013,1.10285595338836,Phylloscopus ricketti
2014,1.16747344952592,Phylloscopus ricketti
2015,1.0879192777664,Phylloscopus ricketti
2016,1.18237155657969,Phylloscopus ricketti
2017,1.438209763802,Phylloscopus ricketti
2018,0.826216356489393,Phylloscopus ricketti
2019,1.10249269932896,Phylloscopus ricketti
2020,1.16631304950052,Phylloscopus ricketti
2021,1.25918256746455,Phylloscopus ricketti
2022,1.36785150993438,Phylloscopus ricketti
2023,1.50139865896689,Phylloscopus ricketti
2024,1.51714017811816,Phylloscopus ricketti
2002,1.17134623314362,Phylloscopus soror
2003,1.06283088139723,Phylloscopus soror
2004,1.18315755922352,Phylloscopus soror
2005,1.18075099459425,Phylloscopus soror
2006,1.18374495739029,Phylloscopus soror
2007,1.5076562062959,Phylloscopus soror
2008,1.1380932461524,Phylloscopus soror
2009,0.797644095502505,Phylloscopus soror
2010,1.20246682273074,Phylloscopus soror
2011,0.786476870270875,Phylloscopus soror
2012,1.18638988917491,Phylloscopus soror
2013,1.10285595338836,Phylloscopus soror
2014,1.16747344952592,Phylloscopus soror
2015,1.0879192777664,Phylloscopus soror
2016,1.18237155657969,Phylloscopus soror
2017,1.438209763802,Phylloscopus soror
2018,0.826216356489393,Phylloscopus soror
2019,1.10249269932896,Phylloscopus soror
2020,1.16631304950052,Phylloscopus soror
2021,1.25918256746455,Phylloscopus soror
2022,1.36785150993438,Phylloscopus soror
2023,1.50139865896689,Phylloscopus soror
2024,1.51714017811816,Phylloscopus soror
2002,1.17134623314362,Phylloscopus tenellipes
2003,1.06283088139723,Phylloscopus tenellipes
2004,1.18315755922352,Phylloscopus tenellipes
2005,1.18075099459425,Phylloscopus tenellipes
2006,1.18374495739029,Phylloscopus tenellipes
2007,1.5076562062959,Phylloscopus tenellipes
2008,1.1380932461524,Phylloscopus tenellipes
2009,0.797644095502505,Phylloscopus tenellipes
2010,1.20246682273074,Phylloscopus tenellipes
2011,0.786476870270875,Phylloscopus tenellipes
2012,1.18638988917491,Phylloscopus tenellipes
2013,1.10285595338836,Phylloscopus tenellipes
2014,1.16747344952592,Phylloscopus tenellipes
2015,1.0879192777664,Phylloscopus tenellipes
2016,1.18237155657969,Phylloscopus tenellipes
2017,1.438209763802,Phylloscopus tenellipes
2018,0.826216356489393,Phylloscopus tenellipes
2019,1.10249269932896,Phylloscopus tenellipes
2020,1.16631304950052,Phylloscopus tenellipes
2021,1.25918256746455,Phylloscopus tenellipes
2022,1.36785150993438,Phylloscopus tenellipes
2023,1.50139865896689,Phylloscopus tenellipes
2024,1.51714017811816,Phylloscopus tenellipes
2002,1.17134623314362,Phylloscopus tephrocephalus
2003,1.06283088139723,Phylloscopus tephrocephalus
2004,1.18315755922352,Phylloscopus tephrocephalus
2005,1.18075099459425,Phylloscopus tephrocephalus
2006,1.18374495739029,Phylloscopus tephrocephalus
2007,1.5076562062959,Phylloscopus tephrocephalus
2008,1.1380932461524,Phylloscopus tephrocephalus
2009,0.797644095502505,Phylloscopus tephrocephalus
2010,1.20246682273074,Phylloscopus tephrocephalus
2011,0.786476870270875,Phylloscopus tephrocephalus
2012,1.18638988917491,Phylloscopus tephrocephalus
2013,1.10285595338836,Phylloscopus tephrocephalus
2014,1.16747344952592,Phylloscopus tephrocephalus
2015,1.0879192777664,Phylloscopus tephrocephalus
2016,1.18237155657969,Phylloscopus tephrocephalus
2017,1.438209763802,Phylloscopus tephrocephalus
2018,0.826216356489393,Phylloscopus tephrocephalus
2019,1.10249269932896,Phylloscopus tephrocephalus
2020,1.16631304950052,Phylloscopus tephrocephalus
2021,1.25918256746455,Phylloscopus tephrocephalus
2022,1.36785150993438,Phylloscopus tephrocephalus
2023,1.50139865896689,Phylloscopus tephrocephalus
2024,1.51714017811816,Phylloscopus tephrocephalus
2002,1.17134623314362,Picumnus innominatus
2003,1.06283088139723,Picumnus innominatus
2004,1.18315755922352,Picumnus innominatus
2005,1.18075099459425,Picumnus innominatus
2006,1.18374495739029,Picumnus innominatus
2007,1.5076562062959,Picumnus innominatus
2008,1.1380932461524,Picumnus innominatus
2009,0.797644095502505,Picumnus innominatus
2010,1.20246682273074,Picumnus innominatus
2011,0.786476870270875,Picumnus innominatus
2012,1.18638988917491,Picumnus innominatus
2013,1.10285595338836,Picumnus innominatus
2014,1.16747344952592,Picumnus innominatus
2015,1.0879192777664,Picumnus innominatus
2016,1.18237155657969,Picumnus innominatus
2017,1.438209763802,Picumnus innominatus
2018,0.826216356489393,Picumnus innominatus
2019,1.10249269932896,Picumnus innominatus
2020,1.16631304950052,Picumnus innominatus
2021,1.25918256746455,Picumnus innominatus
2022,1.36785150993438,Picumnus innominatus
2023,1.50139865896689,Picumnus innominatus
2024,1.51714017811816,Picumnus innominatus
2002,1.17134623314362,Picus chlorolophus
2003,1.06283088139723,Picus chlorolophus
2004,1.18315755922352,Picus chlorolophus
2005,1.18075099459425,Picus chlorolophus
2006,1.18374495739029,Picus chlorolophus
2007,1.5076562062959,Picus chlorolophus
2008,1.1380932461524,Picus chlorolophus
2009,0.797644095502505,Picus chlorolophus
2010,1.20246682273074,Picus chlorolophus
2011,0.786476870270875,Picus chlorolophus
2012,1.18638988917491,Picus chlorolophus
2013,1.10285595338836,Picus chlorolophus
2014,1.16747344952592,Picus chlorolophus
2015,1.0879192777664,Picus chlorolophus
2016,1.18237155657969,Picus chlorolophus
2017,1.438209763802,Picus chlorolophus
2018,0.826216356489393,Picus chlorolophus
2019,1.10249269932896,Picus chlorolophus
2020,1.16631304950052,Picus chlorolophus
2021,1.25918256746455,Picus chlorolophus
2022,1.36785150993438,Picus chlorolophus
2023,1.50139865896689,Picus chlorolophus
2024,1.51714017811816,Picus chlorolophus
2002,1.17134623314362,Pitta nympha
2003,1.06283088139723,Pitta nympha
2004,1.18315755922352,Pitta nympha
2005,1.18075099459425,Pitta nympha
2006,1.18374495739029,Pitta nympha
2007,1.5076562062959,Pitta nympha
2008,1.1380932461524,Pitta nympha
2009,0.797644095502505,Pitta nympha
2010,1.20246682273074,Pitta nympha
2011,0.786476870270875,Pitta nympha
2012,1.18638988917491,Pitta nympha
2013,1.10285595338836,Pitta nympha
2014,1.16747344952592,Pitta nympha
2015,1.0879192777664,Pitta nympha
2016,1.18237155657969,Pitta nympha
2017,1.438209763802,Pitta nympha
2018,0.826216356489393,Pitta nympha
2019,1.10249269932896,Pitta nympha
2020,1.16631304950052,Pitta nympha
2021,1.25918256746455,Pitta nympha
2022,1.36785150993438,Pitta nympha
2023,1.50139865896689,Pitta nympha
2024,1.51714017811816,Pitta nympha
2002,1.17134623314362,Platalea minor
2003,1.06283088139723,Platalea minor
2004,1.18315755922352,Platalea minor
2005,1.18075099459425,Platalea minor
2006,1.18374495739029,Platalea minor
2007,1.5076562062959,Platalea minor
2008,1.1380932461524,Platalea minor
2009,0.797644095502505,Platalea minor
2010,1.20246682273074,Platalea minor
2011,0.786476870270875,Platalea minor
2012,1.18638988917491,Platalea minor
2013,1.10285595338836,Platalea minor
2014,1.16747344952592,Platalea minor
2015,1.0879192777664,Platalea minor
2016,1.18237155657969,Platalea minor
2017,1.438209763802,Platalea minor
2018,0.826216356489393,Platalea minor
2019,1.10249269932896,Platalea minor
2020,1.16631304950052,Platalea minor
2021,1.25918256746455,Platalea minor
2022,1.36785150993438,Platalea minor
2023,1.50139865896689,Platalea minor
2024,1.51714017811816,Platalea minor
2002,1.17134623314362,Pnoepyga immaculata
2003,1.06283088139723,Pnoepyga immaculata
2004,1.18315755922352,Pnoepyga immaculata
2005,1.18075099459425,Pnoepyga immaculata
2006,1.18374495739029,Pnoepyga immaculata
2007,1.5076562062959,Pnoepyga immaculata
2008,1.1380932461524,Pnoepyga immaculata
2009,0.797644095502505,Pnoepyga immaculata
2010,1.20246682273074,Pnoepyga immaculata
2011,0.786476870270875,Pnoepyga immaculata
2012,1.18638988917491,Pnoepyga immaculata
2013,1.10285595338836,Pnoepyga immaculata
2014,1.16747344952592,Pnoepyga immaculata
2015,1.0879192777664,Pnoepyga immaculata
2016,1.18237155657969,Pnoepyga immaculata
2017,1.438209763802,Pnoepyga immaculata
2018,0.826216356489393,Pnoepyga immaculata
2019,1.10249269932896,Pnoepyga immaculata
2020,1.16631304950052,Pnoepyga immaculata
2021,1.25918256746455,Pnoepyga immaculata
2022,1.36785150993438,Pnoepyga immaculata
2023,1.50139865896689,Pnoepyga immaculata
2024,1.51714017811816,Pnoepyga immaculata
2002,1.17134623314362,Podiceps grisegena
2003,1.06283088139723,Podiceps grisegena
2004,1.18315755922352,Podiceps grisegena
2005,1.18075099459425,Podiceps grisegena
2006,1.18374495739029,Podiceps grisegena
2007,1.5076562062959,Podiceps grisegena
2008,1.1380932461524,Podiceps grisegena
2009,0.797644095502505,Podiceps grisegena
2010,1.20246682273074,Podiceps grisegena
2011,0.786476870270875,Podiceps grisegena
2012,1.18638988917491,Podiceps grisegena
2013,1.10285595338836,Podiceps grisegena
2014,1.16747344952592,Podiceps grisegena
2015,1.0879192777664,Podiceps grisegena
2016,1.18237155657969,Podiceps grisegena
2017,1.438209763802,Podiceps grisegena
2018,0.826216356489393,Podiceps grisegena
2019,1.10249269932896,Podiceps grisegena
2020,1.16631304950052,Podiceps grisegena
2021,1.25918256746455,Podiceps grisegena
2022,1.36785150993438,Podiceps grisegena
2023,1.50139865896689,Podiceps grisegena
2024,1.51714017811816,Podiceps grisegena
2002,1.17134623314362,Podiceps nigricollis
2003,1.06283088139723,Podiceps nigricollis
2004,1.18315755922352,Podiceps nigricollis
2005,1.18075099459425,Podiceps nigricollis
2006,1.18374495739029,Podiceps nigricollis
2007,1.5076562062959,Podiceps nigricollis
2008,1.1380932461524,Podiceps nigricollis
2009,0.797644095502505,Podiceps nigricollis
2010,1.20246682273074,Podiceps nigricollis
2011,0.786476870270875,Podiceps nigricollis
2012,1.18638988917491,Podiceps nigricollis
2013,1.10285595338836,Podiceps nigricollis
2014,1.16747344952592,Podiceps nigricollis
2015,1.0879192777664,Podiceps nigricollis
2016,1.18237155657969,Podiceps nigricollis
2017,1.438209763802,Podiceps nigricollis
2018,0.826216356489393,Podiceps nigricollis
2019,1.10249269932896,Podiceps nigricollis
2020,1.16631304950052,Podiceps nigricollis
2021,1.25918256746455,Podiceps nigricollis
2022,1.36785150993438,Podiceps nigricollis
2023,1.50139865896689,Podiceps nigricollis
2024,1.51714017811816,Podiceps nigricollis
2002,1.17134623314362,Podoces biddulphi
2003,1.06283088139723,Podoces biddulphi
2004,1.18315755922352,Podoces biddulphi
2005,1.18075099459425,Podoces biddulphi
2006,1.18374495739029,Podoces biddulphi
2007,1.5076562062959,Podoces biddulphi
2008,1.1380932461524,Podoces biddulphi
2009,0.797644095502505,Podoces biddulphi
2010,1.20246682273074,Podoces biddulphi
2011,0.786476870270875,Podoces biddulphi
2012,1.18638988917491,Podoces biddulphi
2013,1.10285595338836,Podoces biddulphi
2014,1.16747344952592,Podoces biddulphi
2015,1.0879192777664,Podoces biddulphi
2016,1.18237155657969,Podoces biddulphi
2017,1.438209763802,Podoces biddulphi
2018,0.826216356489393,Podoces biddulphi
2019,1.10249269932896,Podoces biddulphi
2020,1.16631304950052,Podoces biddulphi
2021,1.25918256746455,Podoces biddulphi
2022,1.36785150993438,Podoces biddulphi
2023,1.50139865896689,Podoces biddulphi
2024,1.51714017811816,Podoces biddulphi
2002,1.17134623314362,Pomatorhinus schisticeps
2003,1.06283088139723,Pomatorhinus schisticeps
2004,1.18315755922352,Pomatorhinus schisticeps
2005,1.18075099459425,Pomatorhinus schisticeps
2006,1.18374495739029,Pomatorhinus schisticeps
2007,1.5076562062959,Pomatorhinus schisticeps
2008,1.1380932461524,Pomatorhinus schisticeps
2009,0.797644095502505,Pomatorhinus schisticeps
2010,1.20246682273074,Pomatorhinus schisticeps
2011,0.786476870270875,Pomatorhinus schisticeps
2012,1.18638988917491,Pomatorhinus schisticeps
2013,1.10285595338836,Pomatorhinus schisticeps
2014,1.16747344952592,Pomatorhinus schisticeps
2015,1.0879192777664,Pomatorhinus schisticeps
2016,1.18237155657969,Pomatorhinus schisticeps
2017,1.438209763802,Pomatorhinus schisticeps
2018,0.826216356489393,Pomatorhinus schisticeps
2019,1.10249269932896,Pomatorhinus schisticeps
2020,1.16631304950052,Pomatorhinus schisticeps
2021,1.25918256746455,Pomatorhinus schisticeps
2022,1.36785150993438,Pomatorhinus schisticeps
2023,1.50139865896689,Pomatorhinus schisticeps
2024,1.51714017811816,Pomatorhinus schisticeps
2002,1.17134623314362,Pomatorhinus superciliaris
2003,1.06283088139723,Pomatorhinus superciliaris
2004,1.18315755922352,Pomatorhinus superciliaris
2005,1.18075099459425,Pomatorhinus superciliaris
2006,1.18374495739029,Pomatorhinus superciliaris
2007,1.5076562062959,Pomatorhinus superciliaris
2008,1.1380932461524,Pomatorhinus superciliaris
2009,0.797644095502505,Pomatorhinus superciliaris
2010,1.20246682273074,Pomatorhinus superciliaris
2011,0.786476870270875,Pomatorhinus superciliaris
2012,1.18638988917491,Pomatorhinus superciliaris
2013,1.10285595338836,Pomatorhinus superciliaris
2014,1.16747344952592,Pomatorhinus superciliaris
2015,1.0879192777664,Pomatorhinus superciliaris
2016,1.18237155657969,Pomatorhinus superciliaris
2017,1.438209763802,Pomatorhinus superciliaris
2018,0.826216356489393,Pomatorhinus superciliaris
2019,1.10249269932896,Pomatorhinus superciliaris
2020,1.16631304950052,Pomatorhinus superciliaris
2021,1.25918256746455,Pomatorhinus superciliaris
2022,1.36785150993438,Pomatorhinus superciliaris
2023,1.50139865896689,Pomatorhinus superciliaris
2024,1.51714017811816,Pomatorhinus superciliaris
2002,1.17134623314362,Prinia atrogularis
2003,1.06283088139723,Prinia atrogularis
2004,1.18315755922352,Prinia atrogularis
2005,1.18075099459425,Prinia atrogularis
2006,1.18374495739029,Prinia atrogularis
2007,1.5076562062959,Prinia atrogularis
2008,1.1380932461524,Prinia atrogularis
2009,0.797644095502505,Prinia atrogularis
2010,1.20246682273074,Prinia atrogularis
2011,0.786476870270875,Prinia atrogularis
2012,1.18638988917491,Prinia atrogularis
2013,1.10285595338836,Prinia atrogularis
2014,1.16747344952592,Prinia atrogularis
2015,1.0879192777664,Prinia atrogularis
2016,1.18237155657969,Prinia atrogularis
2017,1.438209763802,Prinia atrogularis
2018,0.826216356489393,Prinia atrogularis
2019,1.10249269932896,Prinia atrogularis
2020,1.16631304950052,Prinia atrogularis
2021,1.25918256746455,Prinia atrogularis
2022,1.36785150993438,Prinia atrogularis
2023,1.50139865896689,Prinia atrogularis
2024,1.51714017811816,Prinia atrogularis
2002,1.17134623314362,Prinia flaviventris
2003,1.06283088139723,Prinia flaviventris
2004,1.18315755922352,Prinia flaviventris
2005,1.18075099459425,Prinia flaviventris
2006,1.18374495739029,Prinia flaviventris
2007,1.5076562062959,Prinia flaviventris
2008,1.1380932461524,Prinia flaviventris
2009,0.797644095502505,Prinia flaviventris
2010,1.20246682273074,Prinia flaviventris
2011,0.786476870270875,Prinia flaviventris
2012,1.18638988917491,Prinia flaviventris
2013,1.10285595338836,Prinia flaviventris
2014,1.16747344952592,Prinia flaviventris
2015,1.0879192777664,Prinia flaviventris
2016,1.18237155657969,Prinia flaviventris
2017,1.438209763802,Prinia flaviventris
2018,0.826216356489393,Prinia flaviventris
2019,1.10249269932896,Prinia flaviventris
2020,1.16631304950052,Prinia flaviventris
2021,1.25918256746455,Prinia flaviventris
2022,1.36785150993438,Prinia flaviventris
2023,1.50139865896689,Prinia flaviventris
2024,1.51714017811816,Prinia flaviventris
2002,1.17134623314362,Prinia inornata
2003,1.06283088139723,Prinia inornata
2004,1.18315755922352,Prinia inornata
2005,1.18075099459425,Prinia inornata
2006,1.18374495739029,Prinia inornata
2007,1.5076562062959,Prinia inornata
2008,1.1380932461524,Prinia inornata
2009,0.797644095502505,Prinia inornata
2010,1.20246682273074,Prinia inornata
2011,0.786476870270875,Prinia inornata
2012,1.18638988917491,Prinia inornata
2013,1.10285595338836,Prinia inornata
2014,1.16747344952592,Prinia inornata
2015,1.0879192777664,Prinia inornata
2016,1.18237155657969,Prinia inornata
2017,1.438209763802,Prinia inornata
2018,0.826216356489393,Prinia inornata
2019,1.10249269932896,Prinia inornata
2020,1.16631304950052,Prinia inornata
2021,1.25918256746455,Prinia inornata
2022,1.36785150993438,Prinia inornata
2023,1.50139865896689,Prinia inornata
2024,1.51714017811816,Prinia inornata
2002,1.17134623314362,Prunella collaris
2003,1.06283088139723,Prunella collaris
2004,1.18315755922352,Prunella collaris
2005,1.18075099459425,Prunella collaris
2006,1.18374495739029,Prunella collaris
2007,1.5076562062959,Prunella collaris
2008,1.1380932461524,Prunella collaris
2009,0.797644095502505,Prunella collaris
2010,1.20246682273074,Prunella collaris
2011,0.786476870270875,Prunella collaris
2012,1.18638988917491,Prunella collaris
2013,1.10285595338836,Prunella collaris
2014,1.16747344952592,Prunella collaris
2015,1.0879192777664,Prunella collaris
2016,1.18237155657969,Prunella collaris
2017,1.438209763802,Prunella collaris
2018,0.826216356489393,Prunella collaris
2019,1.10249269932896,Prunella collaris
2020,1.16631304950052,Prunella collaris
2021,1.25918256746455,Prunella collaris
2022,1.36785150993438,Prunella collaris
2023,1.50139865896689,Prunella collaris
2024,1.51714017811816,Prunella collaris
2002,1.17134623314362,Prunella himalayana
2003,1.06283088139723,Prunella himalayana
2004,1.18315755922352,Prunella himalayana
2005,1.18075099459425,Prunella himalayana
2006,1.18374495739029,Prunella himalayana
2007,1.5076562062959,Prunella himalayana
2008,1.1380932461524,Prunella himalayana
2009,0.797644095502505,Prunella himalayana
2010,1.20246682273074,Prunella himalayana
2011,0.786476870270875,Prunella himalayana
2012,1.18638988917491,Prunella himalayana
2013,1.10285595338836,Prunella himalayana
2014,1.16747344952592,Prunella himalayana
2015,1.0879192777664,Prunella himalayana
2016,1.18237155657969,Prunella himalayana
2017,1.438209763802,Prunella himalayana
2018,0.826216356489393,Prunella himalayana
2019,1.10249269932896,Prunella himalayana
2020,1.16631304950052,Prunella himalayana
2021,1.25918256746455,Prunella himalayana
2022,1.36785150993438,Prunella himalayana
2023,1.50139865896689,Prunella himalayana
2024,1.51714017811816,Prunella himalayana
2002,1.17134623314362,Prunella immaculata
2003,1.06283088139723,Prunella immaculata
2004,1.18315755922352,Prunella immaculata
2005,1.18075099459425,Prunella immaculata
2006,1.18374495739029,Prunella immaculata
2007,1.5076562062959,Prunella immaculata
2008,1.1380932461524,Prunella immaculata
2009,0.797644095502505,Prunella immaculata
2010,1.20246682273074,Prunella immaculata
2011,0.786476870270875,Prunella immaculata
2012,1.18638988917491,Prunella immaculata
2013,1.10285595338836,Prunella immaculata
2014,1.16747344952592,Prunella immaculata
2015,1.0879192777664,Prunella immaculata
2016,1.18237155657969,Prunella immaculata
2017,1.438209763802,Prunella immaculata
2018,0.826216356489393,Prunella immaculata
2019,1.10249269932896,Prunella immaculata
2020,1.16631304950052,Prunella immaculata
2021,1.25918256746455,Prunella immaculata
2022,1.36785150993438,Prunella immaculata
2023,1.50139865896689,Prunella immaculata
2024,1.51714017811816,Prunella immaculata
2002,1.17134623314362,Prunella montanella
2003,1.06283088139723,Prunella montanella
2004,1.18315755922352,Prunella montanella
2005,1.18075099459425,Prunella montanella
2006,1.18374495739029,Prunella montanella
2007,1.5076562062959,Prunella montanella
2008,1.1380932461524,Prunella montanella
2009,0.797644095502505,Prunella montanella
2010,1.20246682273074,Prunella montanella
2011,0.786476870270875,Prunella montanella
2012,1.18638988917491,Prunella montanella
2013,1.10285595338836,Prunella montanella
2014,1.16747344952592,Prunella montanella
2015,1.0879192777664,Prunella montanella
2016,1.18237155657969,Prunella montanella
2017,1.438209763802,Prunella montanella
2018,0.826216356489393,Prunella montanella
2019,1.10249269932896,Prunella montanella
2020,1.16631304950052,Prunella montanella
2021,1.25918256746455,Prunella montanella
2022,1.36785150993438,Prunella montanella
2023,1.50139865896689,Prunella montanella
2024,1.51714017811816,Prunella montanella
2002,1.17134623314362,Prunella strophiata
2003,1.06283088139723,Prunella strophiata
2004,1.18315755922352,Prunella strophiata
2005,1.18075099459425,Prunella strophiata
2006,1.18374495739029,Prunella strophiata
2007,1.5076562062959,Prunella strophiata
2008,1.1380932461524,Prunella strophiata
2009,0.797644095502505,Prunella strophiata
2010,1.20246682273074,Prunella strophiata
2011,0.786476870270875,Prunella strophiata
2012,1.18638988917491,Prunella strophiata
2013,1.10285595338836,Prunella strophiata
2014,1.16747344952592,Prunella strophiata
2015,1.0879192777664,Prunella strophiata
2016,1.18237155657969,Prunella strophiata
2017,1.438209763802,Prunella strophiata
2018,0.826216356489393,Prunella strophiata
2019,1.10249269932896,Prunella strophiata
2020,1.16631304950052,Prunella strophiata
2021,1.25918256746455,Prunella strophiata
2022,1.36785150993438,Prunella strophiata
2023,1.50139865896689,Prunella strophiata
2024,1.51714017811816,Prunella strophiata
2002,1.17134623314362,Psarisomus dalhousiae
2003,1.06283088139723,Psarisomus dalhousiae
2004,1.18315755922352,Psarisomus dalhousiae
2005,1.18075099459425,Psarisomus dalhousiae
2006,1.18374495739029,Psarisomus dalhousiae
2007,1.5076562062959,Psarisomus dalhousiae
2008,1.1380932461524,Psarisomus dalhousiae
2009,0.797644095502505,Psarisomus dalhousiae
2010,1.20246682273074,Psarisomus dalhousiae
2011,0.786476870270875,Psarisomus dalhousiae
2012,1.18638988917491,Psarisomus dalhousiae
2013,1.10285595338836,Psarisomus dalhousiae
2014,1.16747344952592,Psarisomus dalhousiae
2015,1.0879192777664,Psarisomus dalhousiae
2016,1.18237155657969,Psarisomus dalhousiae
2017,1.438209763802,Psarisomus dalhousiae
2018,0.826216356489393,Psarisomus dalhousiae
2019,1.10249269932896,Psarisomus dalhousiae
2020,1.16631304950052,Psarisomus dalhousiae
2021,1.25918256746455,Psarisomus dalhousiae
2022,1.36785150993438,Psarisomus dalhousiae
2023,1.50139865896689,Psarisomus dalhousiae
2024,1.51714017811816,Psarisomus dalhousiae
2002,1.17134623314362,Pseudopodoces humilis
2003,1.06283088139723,Pseudopodoces humilis
2004,1.18315755922352,Pseudopodoces humilis
2005,1.18075099459425,Pseudopodoces humilis
2006,1.18374495739029,Pseudopodoces humilis
2007,1.5076562062959,Pseudopodoces humilis
2008,1.1380932461524,Pseudopodoces humilis
2009,0.797644095502505,Pseudopodoces humilis
2010,1.20246682273074,Pseudopodoces humilis
2011,0.786476870270875,Pseudopodoces humilis
2012,1.18638988917491,Pseudopodoces humilis
2013,1.10285595338836,Pseudopodoces humilis
2014,1.16747344952592,Pseudopodoces humilis
2015,1.0879192777664,Pseudopodoces humilis
2016,1.18237155657969,Pseudopodoces humilis
2017,1.438209763802,Pseudopodoces humilis
2018,0.826216356489393,Pseudopodoces humilis
2019,1.10249269932896,Pseudopodoces humilis
2020,1.16631304950052,Pseudopodoces humilis
2021,1.25918256746455,Pseudopodoces humilis
2022,1.36785150993438,Pseudopodoces humilis
2023,1.50139865896689,Pseudopodoces humilis
2024,1.51714017811816,Pseudopodoces humilis
2002,1.17134623314362,Psilopogon faber
2003,1.06283088139723,Psilopogon faber
2004,1.18315755922352,Psilopogon faber
2005,1.18075099459425,Psilopogon faber
2006,1.18374495739029,Psilopogon faber
2007,1.5076562062959,Psilopogon faber
2008,1.1380932461524,Psilopogon faber
2009,0.797644095502505,Psilopogon faber
2010,1.20246682273074,Psilopogon faber
2011,0.786476870270875,Psilopogon faber
2012,1.18638988917491,Psilopogon faber
2013,1.10285595338836,Psilopogon faber
2014,1.16747344952592,Psilopogon faber
2015,1.0879192777664,Psilopogon faber
2016,1.18237155657969,Psilopogon faber
2017,1.438209763802,Psilopogon faber
2018,0.826216356489393,Psilopogon faber
2019,1.10249269932896,Psilopogon faber
2020,1.16631304950052,Psilopogon faber
2021,1.25918256746455,Psilopogon faber
2022,1.36785150993438,Psilopogon faber
2023,1.50139865896689,Psilopogon faber
2024,1.51714017811816,Psilopogon faber
2002,1.17134623314362,Psilopogon virens
2003,1.06283088139723,Psilopogon virens
2004,1.18315755922352,Psilopogon virens
2005,1.18075099459425,Psilopogon virens
2006,1.18374495739029,Psilopogon virens
2007,1.5076562062959,Psilopogon virens
2008,1.1380932461524,Psilopogon virens
2009,0.797644095502505,Psilopogon virens
2010,1.20246682273074,Psilopogon virens
2011,0.786476870270875,Psilopogon virens
2012,1.18638988917491,Psilopogon virens
2013,1.10285595338836,Psilopogon virens
2014,1.16747344952592,Psilopogon virens
2015,1.0879192777664,Psilopogon virens
2016,1.18237155657969,Psilopogon virens
2017,1.438209763802,Psilopogon virens
2018,0.826216356489393,Psilopogon virens
2019,1.10249269932896,Psilopogon virens
2020,1.16631304950052,Psilopogon virens
2021,1.25918256746455,Psilopogon virens
2022,1.36785150993438,Psilopogon virens
2023,1.50139865896689,Psilopogon virens
2024,1.51714017811816,Psilopogon virens
2002,1.17134623314362,Pterorhinus berthemyi
2003,1.06283088139723,Pterorhinus berthemyi
2004,1.18315755922352,Pterorhinus berthemyi
2005,1.18075099459425,Pterorhinus berthemyi
2006,1.18374495739029,Pterorhinus berthemyi
2007,1.5076562062959,Pterorhinus berthemyi
2008,1.1380932461524,Pterorhinus berthemyi
2009,0.797644095502505,Pterorhinus berthemyi
2010,1.20246682273074,Pterorhinus berthemyi
2011,0.786476870270875,Pterorhinus berthemyi
2012,1.18638988917491,Pterorhinus berthemyi
2013,1.10285595338836,Pterorhinus berthemyi
2014,1.16747344952592,Pterorhinus berthemyi
2015,1.0879192777664,Pterorhinus berthemyi
2016,1.18237155657969,Pterorhinus berthemyi
2017,1.438209763802,Pterorhinus berthemyi
2018,0.826216356489393,Pterorhinus berthemyi
2019,1.10249269932896,Pterorhinus berthemyi
2020,1.16631304950052,Pterorhinus berthemyi
2021,1.25918256746455,Pterorhinus berthemyi
2022,1.36785150993438,Pterorhinus berthemyi
2023,1.50139865896689,Pterorhinus berthemyi
2024,1.51714017811816,Pterorhinus berthemyi
2002,1.17134623314362,Pterorhinus pectoralis
2003,1.06283088139723,Pterorhinus pectoralis
2004,1.18315755922352,Pterorhinus pectoralis
2005,1.18075099459425,Pterorhinus pectoralis
2006,1.18374495739029,Pterorhinus pectoralis
2007,1.5076562062959,Pterorhinus pectoralis
2008,1.1380932461524,Pterorhinus pectoralis
2009,0.797644095502505,Pterorhinus pectoralis
2010,1.20246682273074,Pterorhinus pectoralis
2011,0.786476870270875,Pterorhinus pectoralis
2012,1.18638988917491,Pterorhinus pectoralis
2013,1.10285595338836,Pterorhinus pectoralis
2014,1.16747344952592,Pterorhinus pectoralis
2015,1.0879192777664,Pterorhinus pectoralis
2016,1.18237155657969,Pterorhinus pectoralis
2017,1.438209763802,Pterorhinus pectoralis
2018,0.826216356489393,Pterorhinus pectoralis
2019,1.10249269932896,Pterorhinus pectoralis
2020,1.16631304950052,Pterorhinus pectoralis
2021,1.25918256746455,Pterorhinus pectoralis
2022,1.36785150993438,Pterorhinus pectoralis
2023,1.50139865896689,Pterorhinus pectoralis
2024,1.51714017811816,Pterorhinus pectoralis
2002,1.17134623314362,Pterorhinus sannio
2003,1.06283088139723,Pterorhinus sannio
2004,1.18315755922352,Pterorhinus sannio
2005,1.18075099459425,Pterorhinus sannio
2006,1.18374495739029,Pterorhinus sannio
2007,1.5076562062959,Pterorhinus sannio
2008,1.1380932461524,Pterorhinus sannio
2009,0.797644095502505,Pterorhinus sannio
2010,1.20246682273074,Pterorhinus sannio
2011,0.786476870270875,Pterorhinus sannio
2012,1.18638988917491,Pterorhinus sannio
2013,1.10285595338836,Pterorhinus sannio
2014,1.16747344952592,Pterorhinus sannio
2015,1.0879192777664,Pterorhinus sannio
2016,1.18237155657969,Pterorhinus sannio
2017,1.438209763802,Pterorhinus sannio
2018,0.826216356489393,Pterorhinus sannio
2019,1.10249269932896,Pterorhinus sannio
2020,1.16631304950052,Pterorhinus sannio
2021,1.25918256746455,Pterorhinus sannio
2022,1.36785150993438,Pterorhinus sannio
2023,1.50139865896689,Pterorhinus sannio
2024,1.51714017811816,Pterorhinus sannio
2002,1.17134623314362,Pteruthius rufiventer
2003,1.06283088139723,Pteruthius rufiventer
2004,1.18315755922352,Pteruthius rufiventer
2005,1.18075099459425,Pteruthius rufiventer
2006,1.18374495739029,Pteruthius rufiventer
2007,1.5076562062959,Pteruthius rufiventer
2008,1.1380932461524,Pteruthius rufiventer
2009,0.797644095502505,Pteruthius rufiventer
2010,1.20246682273074,Pteruthius rufiventer
2011,0.786476870270875,Pteruthius rufiventer
2012,1.18638988917491,Pteruthius rufiventer
2013,1.10285595338836,Pteruthius rufiventer
2014,1.16747344952592,Pteruthius rufiventer
2015,1.0879192777664,Pteruthius rufiventer
2016,1.18237155657969,Pteruthius rufiventer
2017,1.438209763802,Pteruthius rufiventer
2018,0.826216356489393,Pteruthius rufiventer
2019,1.10249269932896,Pteruthius rufiventer
2020,1.16631304950052,Pteruthius rufiventer
2021,1.25918256746455,Pteruthius rufiventer
2022,1.36785150993438,Pteruthius rufiventer
2023,1.50139865896689,Pteruthius rufiventer
2024,1.51714017811816,Pteruthius rufiventer
2002,1.17134623314362,Pteruthius xanthochlorus
2003,1.06283088139723,Pteruthius xanthochlorus
2004,1.18315755922352,Pteruthius xanthochlorus
2005,1.18075099459425,Pteruthius xanthochlorus
2006,1.18374495739029,Pteruthius xanthochlorus
2007,1.5076562062959,Pteruthius xanthochlorus
2008,1.1380932461524,Pteruthius xanthochlorus
2009,0.797644095502505,Pteruthius xanthochlorus
2010,1.20246682273074,Pteruthius xanthochlorus
2011,0.786476870270875,Pteruthius xanthochlorus
2012,1.18638988917491,Pteruthius xanthochlorus
2013,1.10285595338836,Pteruthius xanthochlorus
2014,1.16747344952592,Pteruthius xanthochlorus
2015,1.0879192777664,Pteruthius xanthochlorus
2016,1.18237155657969,Pteruthius xanthochlorus
2017,1.438209763802,Pteruthius xanthochlorus
2018,0.826216356489393,Pteruthius xanthochlorus
2019,1.10249269932896,Pteruthius xanthochlorus
2020,1.16631304950052,Pteruthius xanthochlorus
2021,1.25918256746455,Pteruthius xanthochlorus
2022,1.36785150993438,Pteruthius xanthochlorus
2023,1.50139865896689,Pteruthius xanthochlorus
2024,1.51714017811816,Pteruthius xanthochlorus
2002,1.17134623314362,Ptyonoprogne rupestris
2003,1.06283088139723,Ptyonoprogne rupestris
2004,1.18315755922352,Ptyonoprogne rupestris
2005,1.18075099459425,Ptyonoprogne rupestris
2006,1.18374495739029,Ptyonoprogne rupestris
2007,1.5076562062959,Ptyonoprogne rupestris
2008,1.1380932461524,Ptyonoprogne rupestris
2009,0.797644095502505,Ptyonoprogne rupestris
2010,1.20246682273074,Ptyonoprogne rupestris
2011,0.786476870270875,Ptyonoprogne rupestris
2012,1.18638988917491,Ptyonoprogne rupestris
2013,1.10285595338836,Ptyonoprogne rupestris
2014,1.16747344952592,Ptyonoprogne rupestris
2015,1.0879192777664,Ptyonoprogne rupestris
2016,1.18237155657969,Ptyonoprogne rupestris
2017,1.438209763802,Ptyonoprogne rupestris
2018,0.826216356489393,Ptyonoprogne rupestris
2019,1.10249269932896,Ptyonoprogne rupestris
2020,1.16631304950052,Ptyonoprogne rupestris
2021,1.25918256746455,Ptyonoprogne rupestris
2022,1.36785150993438,Ptyonoprogne rupestris
2023,1.50139865896689,Ptyonoprogne rupestris
2024,1.51714017811816,Ptyonoprogne rupestris
2002,1.17134623314362,Pycnonotus aurigaster
2003,1.06283088139723,Pycnonotus aurigaster
2004,1.18315755922352,Pycnonotus aurigaster
2005,1.18075099459425,Pycnonotus aurigaster
2006,1.18374495739029,Pycnonotus aurigaster
2007,1.5076562062959,Pycnonotus aurigaster
2008,1.1380932461524,Pycnonotus aurigaster
2009,0.797644095502505,Pycnonotus aurigaster
2010,1.20246682273074,Pycnonotus aurigaster
2011,0.786476870270875,Pycnonotus aurigaster
2012,1.18638988917491,Pycnonotus aurigaster
2013,1.10285595338836,Pycnonotus aurigaster
2014,1.16747344952592,Pycnonotus aurigaster
2015,1.0879192777664,Pycnonotus aurigaster
2016,1.18237155657969,Pycnonotus aurigaster
2017,1.438209763802,Pycnonotus aurigaster
2018,0.826216356489393,Pycnonotus aurigaster
2019,1.10249269932896,Pycnonotus aurigaster
2020,1.16631304950052,Pycnonotus aurigaster
2021,1.25918256746455,Pycnonotus aurigaster
2022,1.36785150993438,Pycnonotus aurigaster
2023,1.50139865896689,Pycnonotus aurigaster
2024,1.51714017811816,Pycnonotus aurigaster
2002,1.17134623314362,Pycnonotus jocosus
2003,1.06283088139723,Pycnonotus jocosus
2004,1.18315755922352,Pycnonotus jocosus
2005,1.18075099459425,Pycnonotus jocosus
2006,1.18374495739029,Pycnonotus jocosus
2007,1.5076562062959,Pycnonotus jocosus
2008,1.1380932461524,Pycnonotus jocosus
2009,0.797644095502505,Pycnonotus jocosus
2010,1.20246682273074,Pycnonotus jocosus
2011,0.786476870270875,Pycnonotus jocosus
2012,1.18638988917491,Pycnonotus jocosus
2013,1.10285595338836,Pycnonotus jocosus
2014,1.16747344952592,Pycnonotus jocosus
2015,1.0879192777664,Pycnonotus jocosus
2016,1.18237155657969,Pycnonotus jocosus
2017,1.438209763802,Pycnonotus jocosus
2018,0.826216356489393,Pycnonotus jocosus
2019,1.10249269932896,Pycnonotus jocosus
2020,1.16631304950052,Pycnonotus jocosus
2021,1.25918256746455,Pycnonotus jocosus
2022,1.36785150993438,Pycnonotus jocosus
2023,1.50139865896689,Pycnonotus jocosus
2024,1.51714017811816,Pycnonotus jocosus
2002,1.17134623314362,Pycnonotus sinensis
2003,1.06283088139723,Pycnonotus sinensis
2004,1.18315755922352,Pycnonotus sinensis
2005,1.18075099459425,Pycnonotus sinensis
2006,1.18374495739029,Pycnonotus sinensis
2007,1.5076562062959,Pycnonotus sinensis
2008,1.1380932461524,Pycnonotus sinensis
2009,0.797644095502505,Pycnonotus sinensis
2010,1.20246682273074,Pycnonotus sinensis
2011,0.786476870270875,Pycnonotus sinensis
2012,1.18638988917491,Pycnonotus sinensis
2013,1.10285595338836,Pycnonotus sinensis
2014,1.16747344952592,Pycnonotus sinensis
2015,1.0879192777664,Pycnonotus sinensis
2016,1.18237155657969,Pycnonotus sinensis
2017,1.438209763802,Pycnonotus sinensis
2018,0.826216356489393,Pycnonotus sinensis
2019,1.10249269932896,Pycnonotus sinensis
2020,1.16631304950052,Pycnonotus sinensis
2021,1.25918256746455,Pycnonotus sinensis
2022,1.36785150993438,Pycnonotus sinensis
2023,1.50139865896689,Pycnonotus sinensis
2024,1.51714017811816,Pycnonotus sinensis
2002,1.17134623314362,Pycnonotus xanthorrhous
2003,1.06283088139723,Pycnonotus xanthorrhous
2004,1.18315755922352,Pycnonotus xanthorrhous
2005,1.18075099459425,Pycnonotus xanthorrhous
2006,1.18374495739029,Pycnonotus xanthorrhous
2007,1.5076562062959,Pycnonotus xanthorrhous
2008,1.1380932461524,Pycnonotus xanthorrhous
2009,0.797644095502505,Pycnonotus xanthorrhous
2010,1.20246682273074,Pycnonotus xanthorrhous
2011,0.786476870270875,Pycnonotus xanthorrhous
2012,1.18638988917491,Pycnonotus xanthorrhous
2013,1.10285595338836,Pycnonotus xanthorrhous
2014,1.16747344952592,Pycnonotus xanthorrhous
2015,1.0879192777664,Pycnonotus xanthorrhous
2016,1.18237155657969,Pycnonotus xanthorrhous
2017,1.438209763802,Pycnonotus xanthorrhous
2018,0.826216356489393,Pycnonotus xanthorrhous
2019,1.10249269932896,Pycnonotus xanthorrhous
2020,1.16631304950052,Pycnonotus xanthorrhous
2021,1.25918256746455,Pycnonotus xanthorrhous
2022,1.36785150993438,Pycnonotus xanthorrhous
2023,1.50139865896689,Pycnonotus xanthorrhous
2024,1.51714017811816,Pycnonotus xanthorrhous
2002,1.17134623314362,Pyrrhula erythaca
2003,1.06283088139723,Pyrrhula erythaca
2004,1.18315755922352,Pyrrhula erythaca
2005,1.18075099459425,Pyrrhula erythaca
2006,1.18374495739029,Pyrrhula erythaca
2007,1.5076562062959,Pyrrhula erythaca
2008,1.1380932461524,Pyrrhula erythaca
2009,0.797644095502505,Pyrrhula erythaca
2010,1.20246682273074,Pyrrhula erythaca
2011,0.786476870270875,Pyrrhula erythaca
2012,1.18638988917491,Pyrrhula erythaca
2013,1.10285595338836,Pyrrhula erythaca
2014,1.16747344952592,Pyrrhula erythaca
2015,1.0879192777664,Pyrrhula erythaca
2016,1.18237155657969,Pyrrhula erythaca
2017,1.438209763802,Pyrrhula erythaca
2018,0.826216356489393,Pyrrhula erythaca
2019,1.10249269932896,Pyrrhula erythaca
2020,1.16631304950052,Pyrrhula erythaca
2021,1.25918256746455,Pyrrhula erythaca
2022,1.36785150993438,Pyrrhula erythaca
2023,1.50139865896689,Pyrrhula erythaca
2024,1.51714017811816,Pyrrhula erythaca
2002,1.17134623314362,Pyrrhula nipalensis
2003,1.06283088139723,Pyrrhula nipalensis
2004,1.18315755922352,Pyrrhula nipalensis
2005,1.18075099459425,Pyrrhula nipalensis
2006,1.18374495739029,Pyrrhula nipalensis
2007,1.5076562062959,Pyrrhula nipalensis
2008,1.1380932461524,Pyrrhula nipalensis
2009,0.797644095502505,Pyrrhula nipalensis
2010,1.20246682273074,Pyrrhula nipalensis
2011,0.786476870270875,Pyrrhula nipalensis
2012,1.18638988917491,Pyrrhula nipalensis
2013,1.10285595338836,Pyrrhula nipalensis
2014,1.16747344952592,Pyrrhula nipalensis
2015,1.0879192777664,Pyrrhula nipalensis
2016,1.18237155657969,Pyrrhula nipalensis
2017,1.438209763802,Pyrrhula nipalensis
2018,0.826216356489393,Pyrrhula nipalensis
2019,1.10249269932896,Pyrrhula nipalensis
2020,1.16631304950052,Pyrrhula nipalensis
2021,1.25918256746455,Pyrrhula nipalensis
2022,1.36785150993438,Pyrrhula nipalensis
2023,1.50139865896689,Pyrrhula nipalensis
2024,1.51714017811816,Pyrrhula nipalensis
2002,1.17134623314362,Rallina eurizonoides
2003,1.06283088139723,Rallina eurizonoides
2004,1.18315755922352,Rallina eurizonoides
2005,1.18075099459425,Rallina eurizonoides
2006,1.18374495739029,Rallina eurizonoides
2007,1.5076562062959,Rallina eurizonoides
2008,1.1380932461524,Rallina eurizonoides
2009,0.797644095502505,Rallina eurizonoides
2010,1.20246682273074,Rallina eurizonoides
2011,0.786476870270875,Rallina eurizonoides
2012,1.18638988917491,Rallina eurizonoides
2013,1.10285595338836,Rallina eurizonoides
2014,1.16747344952592,Rallina eurizonoides
2015,1.0879192777664,Rallina eurizonoides
2016,1.18237155657969,Rallina eurizonoides
2017,1.438209763802,Rallina eurizonoides
2018,0.826216356489393,Rallina eurizonoides
2019,1.10249269932896,Rallina eurizonoides
2020,1.16631304950052,Rallina eurizonoides
2021,1.25918256746455,Rallina eurizonoides
2022,1.36785150993438,Rallina eurizonoides
2023,1.50139865896689,Rallina eurizonoides
2024,1.51714017811816,Rallina eurizonoides
2002,1.17134623314362,Rallus aquaticus
2003,1.06283088139723,Rallus aquaticus
2004,1.18315755922352,Rallus aquaticus
2005,1.18075099459425,Rallus aquaticus
2006,1.18374495739029,Rallus aquaticus
2007,1.5076562062959,Rallus aquaticus
2008,1.1380932461524,Rallus aquaticus
2009,0.797644095502505,Rallus aquaticus
2010,1.20246682273074,Rallus aquaticus
2011,0.786476870270875,Rallus aquaticus
2012,1.18638988917491,Rallus aquaticus
2013,1.10285595338836,Rallus aquaticus
2014,1.16747344952592,Rallus aquaticus
2015,1.0879192777664,Rallus aquaticus
2016,1.18237155657969,Rallus aquaticus
2017,1.438209763802,Rallus aquaticus
2018,0.826216356489393,Rallus aquaticus
2019,1.10249269932896,Rallus aquaticus
2020,1.16631304950052,Rallus aquaticus
2021,1.25918256746455,Rallus aquaticus
2022,1.36785150993438,Rallus aquaticus
2023,1.50139865896689,Rallus aquaticus
2024,1.51714017811816,Rallus aquaticus
2002,1.17134623314362,Recurvirostra avosetta
2003,1.06283088139723,Recurvirostra avosetta
2004,1.18315755922352,Recurvirostra avosetta
2005,1.18075099459425,Recurvirostra avosetta
2006,1.18374495739029,Recurvirostra avosetta
2007,1.5076562062959,Recurvirostra avosetta
2008,1.1380932461524,Recurvirostra avosetta
2009,0.797644095502505,Recurvirostra avosetta
2010,1.20246682273074,Recurvirostra avosetta
2011,0.786476870270875,Recurvirostra avosetta
2012,1.18638988917491,Recurvirostra avosetta
2013,1.10285595338836,Recurvirostra avosetta
2014,1.16747344952592,Recurvirostra avosetta
2015,1.0879192777664,Recurvirostra avosetta
2016,1.18237155657969,Recurvirostra avosetta
2017,1.438209763802,Recurvirostra avosetta
2018,0.826216356489393,Recurvirostra avosetta
2019,1.10249269932896,Recurvirostra avosetta
2020,1.16631304950052,Recurvirostra avosetta
2021,1.25918256746455,Recurvirostra avosetta
2022,1.36785150993438,Recurvirostra avosetta
2023,1.50139865896689,Recurvirostra avosetta
2024,1.51714017811816,Recurvirostra avosetta
2002,1.17134623314362,Regulus regulus
2003,1.06283088139723,Regulus regulus
2004,1.18315755922352,Regulus regulus
2005,1.18075099459425,Regulus regulus
2006,1.18374495739029,Regulus regulus
2007,1.5076562062959,Regulus regulus
2008,1.1380932461524,Regulus regulus
2009,0.797644095502505,Regulus regulus
2010,1.20246682273074,Regulus regulus
2011,0.786476870270875,Regulus regulus
2012,1.18638988917491,Regulus regulus
2013,1.10285595338836,Regulus regulus
2014,1.16747344952592,Regulus regulus
2015,1.0879192777664,Regulus regulus
2016,1.18237155657969,Regulus regulus
2017,1.438209763802,Regulus regulus
2018,0.826216356489393,Regulus regulus
2019,1.10249269932896,Regulus regulus
2020,1.16631304950052,Regulus regulus
2021,1.25918256746455,Regulus regulus
2022,1.36785150993438,Regulus regulus
2023,1.50139865896689,Regulus regulus
2024,1.51714017811816,Regulus regulus
2002,1.17134623314362,Remiz consobrinus
2003,1.06283088139723,Remiz consobrinus
2004,1.18315755922352,Remiz consobrinus
2005,1.18075099459425,Remiz consobrinus
2006,1.18374495739029,Remiz consobrinus
2007,1.5076562062959,Remiz consobrinus
2008,1.1380932461524,Remiz consobrinus
2009,0.797644095502505,Remiz consobrinus
2010,1.20246682273074,Remiz consobrinus
2011,0.786476870270875,Remiz consobrinus
2012,1.18638988917491,Remiz consobrinus
2013,1.10285595338836,Remiz consobrinus
2014,1.16747344952592,Remiz consobrinus
2015,1.0879192777664,Remiz consobrinus
2016,1.18237155657969,Remiz consobrinus
2017,1.438209763802,Remiz consobrinus
2018,0.826216356489393,Remiz consobrinus
2019,1.10249269932896,Remiz consobrinus
2020,1.16631304950052,Remiz consobrinus
2021,1.25918256746455,Remiz consobrinus
2022,1.36785150993438,Remiz consobrinus
2023,1.50139865896689,Remiz consobrinus
2024,1.51714017811816,Remiz consobrinus
2002,1.17134623314362,Remiz coronatus
2003,1.06283088139723,Remiz coronatus
2004,1.18315755922352,Remiz coronatus
2005,1.18075099459425,Remiz coronatus
2006,1.18374495739029,Remiz coronatus
2007,1.5076562062959,Remiz coronatus
2008,1.1380932461524,Remiz coronatus
2009,0.797644095502505,Remiz coronatus
2010,1.20246682273074,Remiz coronatus
2011,0.786476870270875,Remiz coronatus
2012,1.18638988917491,Remiz coronatus
2013,1.10285595338836,Remiz coronatus
2014,1.16747344952592,Remiz coronatus
2015,1.0879192777664,Remiz coronatus
2016,1.18237155657969,Remiz coronatus
2017,1.438209763802,Remiz coronatus
2018,0.826216356489393,Remiz coronatus
2019,1.10249269932896,Remiz coronatus
2020,1.16631304950052,Remiz coronatus
2021,1.25918256746455,Remiz coronatus
2022,1.36785150993438,Remiz coronatus
2023,1.50139865896689,Remiz coronatus
2024,1.51714017811816,Remiz coronatus
2002,1.17134623314362,Rhodospiza obsoleta
2003,1.06283088139723,Rhodospiza obsoleta
2004,1.18315755922352,Rhodospiza obsoleta
2005,1.18075099459425,Rhodospiza obsoleta
2006,1.18374495739029,Rhodospiza obsoleta
2007,1.5076562062959,Rhodospiza obsoleta
2008,1.1380932461524,Rhodospiza obsoleta
2009,0.797644095502505,Rhodospiza obsoleta
2010,1.20246682273074,Rhodospiza obsoleta
2011,0.786476870270875,Rhodospiza obsoleta
2012,1.18638988917491,Rhodospiza obsoleta
2013,1.10285595338836,Rhodospiza obsoleta
2014,1.16747344952592,Rhodospiza obsoleta
2015,1.0879192777664,Rhodospiza obsoleta
2016,1.18237155657969,Rhodospiza obsoleta
2017,1.438209763802,Rhodospiza obsoleta
2018,0.826216356489393,Rhodospiza obsoleta
2019,1.10249269932896,Rhodospiza obsoleta
2020,1.16631304950052,Rhodospiza obsoleta
2021,1.25918256746455,Rhodospiza obsoleta
2022,1.36785150993438,Rhodospiza obsoleta
2023,1.50139865896689,Rhodospiza obsoleta
2024,1.51714017811816,Rhodospiza obsoleta
2002,1.17134623314362,Rubigula flaviventris
2003,1.06283088139723,Rubigula flaviventris
2004,1.18315755922352,Rubigula flaviventris
2005,1.18075099459425,Rubigula flaviventris
2006,1.18374495739029,Rubigula flaviventris
2007,1.5076562062959,Rubigula flaviventris
2008,1.1380932461524,Rubigula flaviventris
2009,0.797644095502505,Rubigula flaviventris
2010,1.20246682273074,Rubigula flaviventris
2011,0.786476870270875,Rubigula flaviventris
2012,1.18638988917491,Rubigula flaviventris
2013,1.10285595338836,Rubigula flaviventris
2014,1.16747344952592,Rubigula flaviventris
2015,1.0879192777664,Rubigula flaviventris
2016,1.18237155657969,Rubigula flaviventris
2017,1.438209763802,Rubigula flaviventris
2018,0.826216356489393,Rubigula flaviventris
2019,1.10249269932896,Rubigula flaviventris
2020,1.16631304950052,Rubigula flaviventris
2021,1.25918256746455,Rubigula flaviventris
2022,1.36785150993438,Rubigula flaviventris
2023,1.50139865896689,Rubigula flaviventris
2024,1.51714017811816,Rubigula flaviventris
2002,1.17134623314362,Sasia ochracea
2003,1.06283088139723,Sasia ochracea
2004,1.18315755922352,Sasia ochracea
2005,1.18075099459425,Sasia ochracea
2006,1.18374495739029,Sasia ochracea
2007,1.5076562062959,Sasia ochracea
2008,1.1380932461524,Sasia ochracea
2009,0.797644095502505,Sasia ochracea
2010,1.20246682273074,Sasia ochracea
2011,0.786476870270875,Sasia ochracea
2012,1.18638988917491,Sasia ochracea
2013,1.10285595338836,Sasia ochracea
2014,1.16747344952592,Sasia ochracea
2015,1.0879192777664,Sasia ochracea
2016,1.18237155657969,Sasia ochracea
2017,1.438209763802,Sasia ochracea
2018,0.826216356489393,Sasia ochracea
2019,1.10249269932896,Sasia ochracea
2020,1.16631304950052,Sasia ochracea
2021,1.25918256746455,Sasia ochracea
2022,1.36785150993438,Sasia ochracea
2023,1.50139865896689,Sasia ochracea
2024,1.51714017811816,Sasia ochracea
2002,1.17134623314362,Sitta cinnamoventris
2003,1.06283088139723,Sitta cinnamoventris
2004,1.18315755922352,Sitta cinnamoventris
2005,1.18075099459425,Sitta cinnamoventris
2006,1.18374495739029,Sitta cinnamoventris
2007,1.5076562062959,Sitta cinnamoventris
2008,1.1380932461524,Sitta cinnamoventris
2009,0.797644095502505,Sitta cinnamoventris
2010,1.20246682273074,Sitta cinnamoventris
2011,0.786476870270875,Sitta cinnamoventris
2012,1.18638988917491,Sitta cinnamoventris
2013,1.10285595338836,Sitta cinnamoventris
2014,1.16747344952592,Sitta cinnamoventris
2015,1.0879192777664,Sitta cinnamoventris
2016,1.18237155657969,Sitta cinnamoventris
2017,1.438209763802,Sitta cinnamoventris
2018,0.826216356489393,Sitta cinnamoventris
2019,1.10249269932896,Sitta cinnamoventris
2020,1.16631304950052,Sitta cinnamoventris
2021,1.25918256746455,Sitta cinnamoventris
2022,1.36785150993438,Sitta cinnamoventris
2023,1.50139865896689,Sitta cinnamoventris
2024,1.51714017811816,Sitta cinnamoventris
2002,1.17134623314362,Sitta formosa
2003,1.06283088139723,Sitta formosa
2004,1.18315755922352,Sitta formosa
2005,1.18075099459425,Sitta formosa
2006,1.18374495739029,Sitta formosa
2007,1.5076562062959,Sitta formosa
2008,1.1380932461524,Sitta formosa
2009,0.797644095502505,Sitta formosa
2010,1.20246682273074,Sitta formosa
2011,0.786476870270875,Sitta formosa
2012,1.18638988917491,Sitta formosa
2013,1.10285595338836,Sitta formosa
2014,1.16747344952592,Sitta formosa
2015,1.0879192777664,Sitta formosa
2016,1.18237155657969,Sitta formosa
2017,1.438209763802,Sitta formosa
2018,0.826216356489393,Sitta formosa
2019,1.10249269932896,Sitta formosa
2020,1.16631304950052,Sitta formosa
2021,1.25918256746455,Sitta formosa
2022,1.36785150993438,Sitta formosa
2023,1.50139865896689,Sitta formosa
2024,1.51714017811816,Sitta formosa
2002,1.17134623314362,Sitta villosa
2003,1.06283088139723,Sitta villosa
2004,1.18315755922352,Sitta villosa
2005,1.18075099459425,Sitta villosa
2006,1.18374495739029,Sitta villosa
2007,1.5076562062959,Sitta villosa
2008,1.1380932461524,Sitta villosa
2009,0.797644095502505,Sitta villosa
2010,1.20246682273074,Sitta villosa
2011,0.786476870270875,Sitta villosa
2012,1.18638988917491,Sitta villosa
2013,1.10285595338836,Sitta villosa
2014,1.16747344952592,Sitta villosa
2015,1.0879192777664,Sitta villosa
2016,1.18237155657969,Sitta villosa
2017,1.438209763802,Sitta villosa
2018,0.826216356489393,Sitta villosa
2019,1.10249269932896,Sitta villosa
2020,1.16631304950052,Sitta villosa
2021,1.25918256746455,Sitta villosa
2022,1.36785150993438,Sitta villosa
2023,1.50139865896689,Sitta villosa
2024,1.51714017811816,Sitta villosa
2002,1.17134623314362,Sittiparus varius
2003,1.06283088139723,Sittiparus varius
2004,1.18315755922352,Sittiparus varius
2005,1.18075099459425,Sittiparus varius
2006,1.18374495739029,Sittiparus varius
2007,1.5076562062959,Sittiparus varius
2008,1.1380932461524,Sittiparus varius
2009,0.797644095502505,Sittiparus varius
2010,1.20246682273074,Sittiparus varius
2011,0.786476870270875,Sittiparus varius
2012,1.18638988917491,Sittiparus varius
2013,1.10285595338836,Sittiparus varius
2014,1.16747344952592,Sittiparus varius
2015,1.0879192777664,Sittiparus varius
2016,1.18237155657969,Sittiparus varius
2017,1.438209763802,Sittiparus varius
2018,0.826216356489393,Sittiparus varius
2019,1.10249269932896,Sittiparus varius
2020,1.16631304950052,Sittiparus varius
2021,1.25918256746455,Sittiparus varius
2022,1.36785150993438,Sittiparus varius
2023,1.50139865896689,Sittiparus varius
2024,1.51714017811816,Sittiparus varius
2002,1.17134623314362,Spilopelia chinensis
2003,1.06283088139723,Spilopelia chinensis
2004,1.18315755922352,Spilopelia chinensis
2005,1.18075099459425,Spilopelia chinensis
2006,1.18374495739029,Spilopelia chinensis
2007,1.5076562062959,Spilopelia chinensis
2008,1.1380932461524,Spilopelia chinensis
2009,0.797644095502505,Spilopelia chinensis
2010,1.20246682273074,Spilopelia chinensis
2011,0.786476870270875,Spilopelia chinensis
2012,1.18638988917491,Spilopelia chinensis
2013,1.10285595338836,Spilopelia chinensis
2014,1.16747344952592,Spilopelia chinensis
2015,1.0879192777664,Spilopelia chinensis
2016,1.18237155657969,Spilopelia chinensis
2017,1.438209763802,Spilopelia chinensis
2018,0.826216356489393,Spilopelia chinensis
2019,1.10249269932896,Spilopelia chinensis
2020,1.16631304950052,Spilopelia chinensis
2021,1.25918256746455,Spilopelia chinensis
2022,1.36785150993438,Spilopelia chinensis
2023,1.50139865896689,Spilopelia chinensis
2024,1.51714017811816,Spilopelia chinensis
2002,1.17134623314362,Spilopelia senegalensis
2003,1.06283088139723,Spilopelia senegalensis
2004,1.18315755922352,Spilopelia senegalensis
2005,1.18075099459425,Spilopelia senegalensis
2006,1.18374495739029,Spilopelia senegalensis
2007,1.5076562062959,Spilopelia senegalensis
2008,1.1380932461524,Spilopelia senegalensis
2009,0.797644095502505,Spilopelia senegalensis
2010,1.20246682273074,Spilopelia senegalensis
2011,0.786476870270875,Spilopelia senegalensis
2012,1.18638988917491,Spilopelia senegalensis
2013,1.10285595338836,Spilopelia senegalensis
2014,1.16747344952592,Spilopelia senegalensis
2015,1.0879192777664,Spilopelia senegalensis
2016,1.18237155657969,Spilopelia senegalensis
2017,1.438209763802,Spilopelia senegalensis
2018,0.826216356489393,Spilopelia senegalensis
2019,1.10249269932896,Spilopelia senegalensis
2020,1.16631304950052,Spilopelia senegalensis
2021,1.25918256746455,Spilopelia senegalensis
2022,1.36785150993438,Spilopelia senegalensis
2023,1.50139865896689,Spilopelia senegalensis
2024,1.51714017811816,Spilopelia senegalensis
2002,1.17134623314362,Spilornis cheela
2003,1.06283088139723,Spilornis cheela
2004,1.18315755922352,Spilornis cheela
2005,1.18075099459425,Spilornis cheela
2006,1.18374495739029,Spilornis cheela
2007,1.5076562062959,Spilornis cheela
2008,1.1380932461524,Spilornis cheela
2009,0.797644095502505,Spilornis cheela
2010,1.20246682273074,Spilornis cheela
2011,0.786476870270875,Spilornis cheela
2012,1.18638988917491,Spilornis cheela
2013,1.10285595338836,Spilornis cheela
2014,1.16747344952592,Spilornis cheela
2015,1.0879192777664,Spilornis cheela
2016,1.18237155657969,Spilornis cheela
2017,1.438209763802,Spilornis cheela
2018,0.826216356489393,Spilornis cheela
2019,1.10249269932896,Spilornis cheela
2020,1.16631304950052,Spilornis cheela
2021,1.25918256746455,Spilornis cheela
2022,1.36785150993438,Spilornis cheela
2023,1.50139865896689,Spilornis cheela
2024,1.51714017811816,Spilornis cheela
2002,1.17134623314362,Spinus spinus
2003,1.06283088139723,Spinus spinus
2004,1.18315755922352,Spinus spinus
2005,1.18075099459425,Spinus spinus
2006,1.18374495739029,Spinus spinus
2007,1.5076562062959,Spinus spinus
2008,1.1380932461524,Spinus spinus
2009,0.797644095502505,Spinus spinus
2010,1.20246682273074,Spinus spinus
2011,0.786476870270875,Spinus spinus
2012,1.18638988917491,Spinus spinus
2013,1.10285595338836,Spinus spinus
2014,1.16747344952592,Spinus spinus
2015,1.0879192777664,Spinus spinus
2016,1.18237155657969,Spinus spinus
2017,1.438209763802,Spinus spinus
2018,0.826216356489393,Spinus spinus
2019,1.10249269932896,Spinus spinus
2020,1.16631304950052,Spinus spinus
2021,1.25918256746455,Spinus spinus
2022,1.36785150993438,Spinus spinus
2023,1.50139865896689,Spinus spinus
2024,1.51714017811816,Spinus spinus
2002,1.17134623314362,Spizixos semitorques
2003,1.06283088139723,Spizixos semitorques
2004,1.18315755922352,Spizixos semitorques
2005,1.18075099459425,Spizixos semitorques
2006,1.18374495739029,Spizixos semitorques
2007,1.5076562062959,Spizixos semitorques
2008,1.1380932461524,Spizixos semitorques
2009,0.797644095502505,Spizixos semitorques
2010,1.20246682273074,Spizixos semitorques
2011,0.786476870270875,Spizixos semitorques
2012,1.18638988917491,Spizixos semitorques
2013,1.10285595338836,Spizixos semitorques
2014,1.16747344952592,Spizixos semitorques
2015,1.0879192777664,Spizixos semitorques
2016,1.18237155657969,Spizixos semitorques
2017,1.438209763802,Spizixos semitorques
2018,0.826216356489393,Spizixos semitorques
2019,1.10249269932896,Spizixos semitorques
2020,1.16631304950052,Spizixos semitorques
2021,1.25918256746455,Spizixos semitorques
2022,1.36785150993438,Spizixos semitorques
2023,1.50139865896689,Spizixos semitorques
2024,1.51714017811816,Spizixos semitorques
2002,1.17134623314362,Spodiopsar sericeus
2003,1.06283088139723,Spodiopsar sericeus
2004,1.18315755922352,Spodiopsar sericeus
2005,1.18075099459425,Spodiopsar sericeus
2006,1.18374495739029,Spodiopsar sericeus
2007,1.5076562062959,Spodiopsar sericeus
2008,1.1380932461524,Spodiopsar sericeus
2009,0.797644095502505,Spodiopsar sericeus
2010,1.20246682273074,Spodiopsar sericeus
2011,0.786476870270875,Spodiopsar sericeus
2012,1.18638988917491,Spodiopsar sericeus
2013,1.10285595338836,Spodiopsar sericeus
2014,1.16747344952592,Spodiopsar sericeus
2015,1.0879192777664,Spodiopsar sericeus
2016,1.18237155657969,Spodiopsar sericeus
2017,1.438209763802,Spodiopsar sericeus
2018,0.826216356489393,Spodiopsar sericeus
2019,1.10249269932896,Spodiopsar sericeus
2020,1.16631304950052,Spodiopsar sericeus
2021,1.25918256746455,Spodiopsar sericeus
2022,1.36785150993438,Spodiopsar sericeus
2023,1.50139865896689,Spodiopsar sericeus
2024,1.51714017811816,Spodiopsar sericeus
2002,1.17134623314362,Stachyris humei
2003,1.06283088139723,Stachyris humei
2004,1.18315755922352,Stachyris humei
2005,1.18075099459425,Stachyris humei
2006,1.18374495739029,Stachyris humei
2007,1.5076562062959,Stachyris humei
2008,1.1380932461524,Stachyris humei
2009,0.797644095502505,Stachyris humei
2010,1.20246682273074,Stachyris humei
2011,0.786476870270875,Stachyris humei
2012,1.18638988917491,Stachyris humei
2013,1.10285595338836,Stachyris humei
2014,1.16747344952592,Stachyris humei
2015,1.0879192777664,Stachyris humei
2016,1.18237155657969,Stachyris humei
2017,1.438209763802,Stachyris humei
2018,0.826216356489393,Stachyris humei
2019,1.10249269932896,Stachyris humei
2020,1.16631304950052,Stachyris humei
2021,1.25918256746455,Stachyris humei
2022,1.36785150993438,Stachyris humei
2023,1.50139865896689,Stachyris humei
2024,1.51714017811816,Stachyris humei
2002,1.17134623314362,Stachyris nonggangensis
2003,1.06283088139723,Stachyris nonggangensis
2004,1.18315755922352,Stachyris nonggangensis
2005,1.18075099459425,Stachyris nonggangensis
2006,1.18374495739029,Stachyris nonggangensis
2007,1.5076562062959,Stachyris nonggangensis
2008,1.1380932461524,Stachyris nonggangensis
2009,0.797644095502505,Stachyris nonggangensis
2010,1.20246682273074,Stachyris nonggangensis
2011,0.786476870270875,Stachyris nonggangensis
2012,1.18638988917491,Stachyris nonggangensis
2013,1.10285595338836,Stachyris nonggangensis
2014,1.16747344952592,Stachyris nonggangensis
2015,1.0879192777664,Stachyris nonggangensis
2016,1.18237155657969,Stachyris nonggangensis
2017,1.438209763802,Stachyris nonggangensis
2018,0.826216356489393,Stachyris nonggangensis
2019,1.10249269932896,Stachyris nonggangensis
2020,1.16631304950052,Stachyris nonggangensis
2021,1.25918256746455,Stachyris nonggangensis
2022,1.36785150993438,Stachyris nonggangensis
2023,1.50139865896689,Stachyris nonggangensis
2024,1.51714017811816,Stachyris nonggangensis
2002,1.17134623314362,Staphida torqueola
2003,1.06283088139723,Staphida torqueola
2004,1.18315755922352,Staphida torqueola
2005,1.18075099459425,Staphida torqueola
2006,1.18374495739029,Staphida torqueola
2007,1.5076562062959,Staphida torqueola
2008,1.1380932461524,Staphida torqueola
2009,0.797644095502505,Staphida torqueola
2010,1.20246682273074,Staphida torqueola
2011,0.786476870270875,Staphida torqueola
2012,1.18638988917491,Staphida torqueola
2013,1.10285595338836,Staphida torqueola
2014,1.16747344952592,Staphida torqueola
2015,1.0879192777664,Staphida torqueola
2016,1.18237155657969,Staphida torqueola
2017,1.438209763802,Staphida torqueola
2018,0.826216356489393,Staphida torqueola
2019,1.10249269932896,Staphida torqueola
2020,1.16631304950052,Staphida torqueola
2021,1.25918256746455,Staphida torqueola
2022,1.36785150993438,Staphida torqueola
2023,1.50139865896689,Staphida torqueola
2024,1.51714017811816,Staphida torqueola
2002,1.17134623314362,Streptopelia decaocto
2003,1.06283088139723,Streptopelia decaocto
2004,1.18315755922352,Streptopelia decaocto
2005,1.18075099459425,Streptopelia decaocto
2006,1.18374495739029,Streptopelia decaocto
2007,1.5076562062959,Streptopelia decaocto
2008,1.1380932461524,Streptopelia decaocto
2009,0.797644095502505,Streptopelia decaocto
2010,1.20246682273074,Streptopelia decaocto
2011,0.786476870270875,Streptopelia decaocto
2012,1.18638988917491,Streptopelia decaocto
2013,1.10285595338836,Streptopelia decaocto
2014,1.16747344952592,Streptopelia decaocto
2015,1.0879192777664,Streptopelia decaocto
2016,1.18237155657969,Streptopelia decaocto
2017,1.438209763802,Streptopelia decaocto
2018,0.826216356489393,Streptopelia decaocto
2019,1.10249269932896,Streptopelia decaocto
2020,1.16631304950052,Streptopelia decaocto
2021,1.25918256746455,Streptopelia decaocto
2022,1.36785150993438,Streptopelia decaocto
2023,1.50139865896689,Streptopelia decaocto
2024,1.51714017811816,Streptopelia decaocto
2002,1.17134623314362,Sturnia sinensis
2003,1.06283088139723,Sturnia sinensis
2004,1.18315755922352,Sturnia sinensis
2005,1.18075099459425,Sturnia sinensis
2006,1.18374495739029,Sturnia sinensis
2007,1.5076562062959,Sturnia sinensis
2008,1.1380932461524,Sturnia sinensis
2009,0.797644095502505,Sturnia sinensis
2010,1.20246682273074,Sturnia sinensis
2011,0.786476870270875,Sturnia sinensis
2012,1.18638988917491,Sturnia sinensis
2013,1.10285595338836,Sturnia sinensis
2014,1.16747344952592,Sturnia sinensis
2015,1.0879192777664,Sturnia sinensis
2016,1.18237155657969,Sturnia sinensis
2017,1.438209763802,Sturnia sinensis
2018,0.826216356489393,Sturnia sinensis
2019,1.10249269932896,Sturnia sinensis
2020,1.16631304950052,Sturnia sinensis
2021,1.25918256746455,Sturnia sinensis
2022,1.36785150993438,Sturnia sinensis
2023,1.50139865896689,Sturnia sinensis
2024,1.51714017811816,Sturnia sinensis
2002,1.17134623314362,Sturnus vulgaris
2003,1.06283088139723,Sturnus vulgaris
2004,1.18315755922352,Sturnus vulgaris
2005,1.18075099459425,Sturnus vulgaris
2006,1.18374495739029,Sturnus vulgaris
2007,1.5076562062959,Sturnus vulgaris
2008,1.1380932461524,Sturnus vulgaris
2009,0.797644095502505,Sturnus vulgaris
2010,1.20246682273074,Sturnus vulgaris
2011,0.786476870270875,Sturnus vulgaris
2012,1.18638988917491,Sturnus vulgaris
2013,1.10285595338836,Sturnus vulgaris
2014,1.16747344952592,Sturnus vulgaris
2015,1.0879192777664,Sturnus vulgaris
2016,1.18237155657969,Sturnus vulgaris
2017,1.438209763802,Sturnus vulgaris
2018,0.826216356489393,Sturnus vulgaris
2019,1.10249269932896,Sturnus vulgaris
2020,1.16631304950052,Sturnus vulgaris
2021,1.25918256746455,Sturnus vulgaris
2022,1.36785150993438,Sturnus vulgaris
2023,1.50139865896689,Sturnus vulgaris
2024,1.51714017811816,Sturnus vulgaris
2002,1.17134623314362,Suthora fulvifrons
2003,1.06283088139723,Suthora fulvifrons
2004,1.18315755922352,Suthora fulvifrons
2005,1.18075099459425,Suthora fulvifrons
2006,1.18374495739029,Suthora fulvifrons
2007,1.5076562062959,Suthora fulvifrons
2008,1.1380932461524,Suthora fulvifrons
2009,0.797644095502505,Suthora fulvifrons
2010,1.20246682273074,Suthora fulvifrons
2011,0.786476870270875,Suthora fulvifrons
2012,1.18638988917491,Suthora fulvifrons
2013,1.10285595338836,Suthora fulvifrons
2014,1.16747344952592,Suthora fulvifrons
2015,1.0879192777664,Suthora fulvifrons
2016,1.18237155657969,Suthora fulvifrons
2017,1.438209763802,Suthora fulvifrons
2018,0.826216356489393,Suthora fulvifrons
2019,1.10249269932896,Suthora fulvifrons
2020,1.16631304950052,Suthora fulvifrons
2021,1.25918256746455,Suthora fulvifrons
2022,1.36785150993438,Suthora fulvifrons
2023,1.50139865896689,Suthora fulvifrons
2024,1.51714017811816,Suthora fulvifrons
2002,1.17134623314362,Syrmaticus humiae
2003,1.06283088139723,Syrmaticus humiae
2004,1.18315755922352,Syrmaticus humiae
2005,1.18075099459425,Syrmaticus humiae
2006,1.18374495739029,Syrmaticus humiae
2007,1.5076562062959,Syrmaticus humiae
2008,1.1380932461524,Syrmaticus humiae
2009,0.797644095502505,Syrmaticus humiae
2010,1.20246682273074,Syrmaticus humiae
2011,0.786476870270875,Syrmaticus humiae
2012,1.18638988917491,Syrmaticus humiae
2013,1.10285595338836,Syrmaticus humiae
2014,1.16747344952592,Syrmaticus humiae
2015,1.0879192777664,Syrmaticus humiae
2016,1.18237155657969,Syrmaticus humiae
2017,1.438209763802,Syrmaticus humiae
2018,0.826216356489393,Syrmaticus humiae
2019,1.10249269932896,Syrmaticus humiae
2020,1.16631304950052,Syrmaticus humiae
2021,1.25918256746455,Syrmaticus humiae
2022,1.36785150993438,Syrmaticus humiae
2023,1.50139865896689,Syrmaticus humiae
2024,1.51714017811816,Syrmaticus humiae
2002,1.17134623314362,Syrmaticus reevesii
2003,1.06283088139723,Syrmaticus reevesii
2004,1.18315755922352,Syrmaticus reevesii
2005,1.18075099459425,Syrmaticus reevesii
2006,1.18374495739029,Syrmaticus reevesii
2007,1.5076562062959,Syrmaticus reevesii
2008,1.1380932461524,Syrmaticus reevesii
2009,0.797644095502505,Syrmaticus reevesii
2010,1.20246682273074,Syrmaticus reevesii
2011,0.786476870270875,Syrmaticus reevesii
2012,1.18638988917491,Syrmaticus reevesii
2013,1.10285595338836,Syrmaticus reevesii
2014,1.16747344952592,Syrmaticus reevesii
2015,1.0879192777664,Syrmaticus reevesii
2016,1.18237155657969,Syrmaticus reevesii
2017,1.438209763802,Syrmaticus reevesii
2018,0.826216356489393,Syrmaticus reevesii
2019,1.10249269932896,Syrmaticus reevesii
2020,1.16631304950052,Syrmaticus reevesii
2021,1.25918256746455,Syrmaticus reevesii
2022,1.36785150993438,Syrmaticus reevesii
2023,1.50139865896689,Syrmaticus reevesii
2024,1.51714017811816,Syrmaticus reevesii
2002,1.17134623314362,Syrrhaptes paradoxus
2003,1.06283088139723,Syrrhaptes paradoxus
2004,1.18315755922352,Syrrhaptes paradoxus
2005,1.18075099459425,Syrrhaptes paradoxus
2006,1.18374495739029,Syrrhaptes paradoxus
2007,1.5076562062959,Syrrhaptes paradoxus
2008,1.1380932461524,Syrrhaptes paradoxus
2009,0.797644095502505,Syrrhaptes paradoxus
2010,1.20246682273074,Syrrhaptes paradoxus
2011,0.786476870270875,Syrrhaptes paradoxus
2012,1.18638988917491,Syrrhaptes paradoxus
2013,1.10285595338836,Syrrhaptes paradoxus
2014,1.16747344952592,Syrrhaptes paradoxus
2015,1.0879192777664,Syrrhaptes paradoxus
2016,1.18237155657969,Syrrhaptes paradoxus
2017,1.438209763802,Syrrhaptes paradoxus
2018,0.826216356489393,Syrrhaptes paradoxus
2019,1.10249269932896,Syrrhaptes paradoxus
2020,1.16631304950052,Syrrhaptes paradoxus
2021,1.25918256746455,Syrrhaptes paradoxus
2022,1.36785150993438,Syrrhaptes paradoxus
2023,1.50139865896689,Syrrhaptes paradoxus
2024,1.51714017811816,Syrrhaptes paradoxus
2002,1.17134623314362,Tarsiger chrysaeus
2003,1.06283088139723,Tarsiger chrysaeus
2004,1.18315755922352,Tarsiger chrysaeus
2005,1.18075099459425,Tarsiger chrysaeus
2006,1.18374495739029,Tarsiger chrysaeus
2007,1.5076562062959,Tarsiger chrysaeus
2008,1.1380932461524,Tarsiger chrysaeus
2009,0.797644095502505,Tarsiger chrysaeus
2010,1.20246682273074,Tarsiger chrysaeus
2011,0.786476870270875,Tarsiger chrysaeus
2012,1.18638988917491,Tarsiger chrysaeus
2013,1.10285595338836,Tarsiger chrysaeus
2014,1.16747344952592,Tarsiger chrysaeus
2015,1.0879192777664,Tarsiger chrysaeus
2016,1.18237155657969,Tarsiger chrysaeus
2017,1.438209763802,Tarsiger chrysaeus
2018,0.826216356489393,Tarsiger chrysaeus
2019,1.10249269932896,Tarsiger chrysaeus
2020,1.16631304950052,Tarsiger chrysaeus
2021,1.25918256746455,Tarsiger chrysaeus
2022,1.36785150993438,Tarsiger chrysaeus
2023,1.50139865896689,Tarsiger chrysaeus
2024,1.51714017811816,Tarsiger chrysaeus
2002,1.17134623314362,Tarsiger indicus
2003,1.06283088139723,Tarsiger indicus
2004,1.18315755922352,Tarsiger indicus
2005,1.18075099459425,Tarsiger indicus
2006,1.18374495739029,Tarsiger indicus
2007,1.5076562062959,Tarsiger indicus
2008,1.1380932461524,Tarsiger indicus
2009,0.797644095502505,Tarsiger indicus
2010,1.20246682273074,Tarsiger indicus
2011,0.786476870270875,Tarsiger indicus
2012,1.18638988917491,Tarsiger indicus
2013,1.10285595338836,Tarsiger indicus
2014,1.16747344952592,Tarsiger indicus
2015,1.0879192777664,Tarsiger indicus
2016,1.18237155657969,Tarsiger indicus
2017,1.438209763802,Tarsiger indicus
2018,0.826216356489393,Tarsiger indicus
2019,1.10249269932896,Tarsiger indicus
2020,1.16631304950052,Tarsiger indicus
2021,1.25918256746455,Tarsiger indicus
2022,1.36785150993438,Tarsiger indicus
2023,1.50139865896689,Tarsiger indicus
2024,1.51714017811816,Tarsiger indicus
2002,1.17134623314362,Tephrodornis virgatus
2003,1.06283088139723,Tephrodornis virgatus
2004,1.18315755922352,Tephrodornis virgatus
2005,1.18075099459425,Tephrodornis virgatus
2006,1.18374495739029,Tephrodornis virgatus
2007,1.5076562062959,Tephrodornis virgatus
2008,1.1380932461524,Tephrodornis virgatus
2009,0.797644095502505,Tephrodornis virgatus
2010,1.20246682273074,Tephrodornis virgatus
2011,0.786476870270875,Tephrodornis virgatus
2012,1.18638988917491,Tephrodornis virgatus
2013,1.10285595338836,Tephrodornis virgatus
2014,1.16747344952592,Tephrodornis virgatus
2015,1.0879192777664,Tephrodornis virgatus
2016,1.18237155657969,Tephrodornis virgatus
2017,1.438209763802,Tephrodornis virgatus
2018,0.826216356489393,Tephrodornis virgatus
2019,1.10249269932896,Tephrodornis virgatus
2020,1.16631304950052,Tephrodornis virgatus
2021,1.25918256746455,Tephrodornis virgatus
2022,1.36785150993438,Tephrodornis virgatus
2023,1.50139865896689,Tephrodornis virgatus
2024,1.51714017811816,Tephrodornis virgatus
2002,1.17134623314362,Thalasseus bergii
2003,1.06283088139723,Thalasseus bergii
2004,1.18315755922352,Thalasseus bergii
2005,1.18075099459425,Thalasseus bergii
2006,1.18374495739029,Thalasseus bergii
2007,1.5076562062959,Thalasseus bergii
2008,1.1380932461524,Thalasseus bergii
2009,0.797644095502505,Thalasseus bergii
2010,1.20246682273074,Thalasseus bergii
2011,0.786476870270875,Thalasseus bergii
2012,1.18638988917491,Thalasseus bergii
2013,1.10285595338836,Thalasseus bergii
2014,1.16747344952592,Thalasseus bergii
2015,1.0879192777664,Thalasseus bergii
2016,1.18237155657969,Thalasseus bergii
2017,1.438209763802,Thalasseus bergii
2018,0.826216356489393,Thalasseus bergii
2019,1.10249269932896,Thalasseus bergii
2020,1.16631304950052,Thalasseus bergii
2021,1.25918256746455,Thalasseus bergii
2022,1.36785150993438,Thalasseus bergii
2023,1.50139865896689,Thalasseus bergii
2024,1.51714017811816,Thalasseus bergii
2002,1.17134623314362,Tragopan caboti
2003,1.06283088139723,Tragopan caboti
2004,1.18315755922352,Tragopan caboti
2005,1.18075099459425,Tragopan caboti
2006,1.18374495739029,Tragopan caboti
2007,1.5076562062959,Tragopan caboti
2008,1.1380932461524,Tragopan caboti
2009,0.797644095502505,Tragopan caboti
2010,1.20246682273074,Tragopan caboti
2011,0.786476870270875,Tragopan caboti
2012,1.18638988917491,Tragopan caboti
2013,1.10285595338836,Tragopan caboti
2014,1.16747344952592,Tragopan caboti
2015,1.0879192777664,Tragopan caboti
2016,1.18237155657969,Tragopan caboti
2017,1.438209763802,Tragopan caboti
2018,0.826216356489393,Tragopan caboti
2019,1.10249269932896,Tragopan caboti
2020,1.16631304950052,Tragopan caboti
2021,1.25918256746455,Tragopan caboti
2022,1.36785150993438,Tragopan caboti
2023,1.50139865896689,Tragopan caboti
2024,1.51714017811816,Tragopan caboti
2002,1.17134623314362,Tragopan temminckii
2003,1.06283088139723,Tragopan temminckii
2004,1.18315755922352,Tragopan temminckii
2005,1.18075099459425,Tragopan temminckii
2006,1.18374495739029,Tragopan temminckii
2007,1.5076562062959,Tragopan temminckii
2008,1.1380932461524,Tragopan temminckii
2009,0.797644095502505,Tragopan temminckii
2010,1.20246682273074,Tragopan temminckii
2011,0.786476870270875,Tragopan temminckii
2012,1.18638988917491,Tragopan temminckii
2013,1.10285595338836,Tragopan temminckii
2014,1.16747344952592,Tragopan temminckii
2015,1.0879192777664,Tragopan temminckii
2016,1.18237155657969,Tragopan temminckii
2017,1.438209763802,Tragopan temminckii
2018,0.826216356489393,Tragopan temminckii
2019,1.10249269932896,Tragopan temminckii
2020,1.16631304950052,Tragopan temminckii
2021,1.25918256746455,Tragopan temminckii
2022,1.36785150993438,Tragopan temminckii
2023,1.50139865896689,Tragopan temminckii
2024,1.51714017811816,Tragopan temminckii
2002,1.17134623314362,Treron curvirostra
2003,1.06283088139723,Treron curvirostra
2004,1.18315755922352,Treron curvirostra
2005,1.18075099459425,Treron curvirostra
2006,1.18374495739029,Treron curvirostra
2007,1.5076562062959,Treron curvirostra
2008,1.1380932461524,Treron curvirostra
2009,0.797644095502505,Treron curvirostra
2010,1.20246682273074,Treron curvirostra
2011,0.786476870270875,Treron curvirostra
2012,1.18638988917491,Treron curvirostra
2013,1.10285595338836,Treron curvirostra
2014,1.16747344952592,Treron curvirostra
2015,1.0879192777664,Treron curvirostra
2016,1.18237155657969,Treron curvirostra
2017,1.438209763802,Treron curvirostra
2018,0.826216356489393,Treron curvirostra
2019,1.10249269932896,Treron curvirostra
2020,1.16631304950052,Treron curvirostra
2021,1.25918256746455,Treron curvirostra
2022,1.36785150993438,Treron curvirostra
2023,1.50139865896689,Treron curvirostra
2024,1.51714017811816,Treron curvirostra
2002,1.17134623314362,Treron sieboldii
2003,1.06283088139723,Treron sieboldii
2004,1.18315755922352,Treron sieboldii
2005,1.18075099459425,Treron sieboldii
2006,1.18374495739029,Treron sieboldii
2007,1.5076562062959,Treron sieboldii
2008,1.1380932461524,Treron sieboldii
2009,0.797644095502505,Treron sieboldii
2010,1.20246682273074,Treron sieboldii
2011,0.786476870270875,Treron sieboldii
2012,1.18638988917491,Treron sieboldii
2013,1.10285595338836,Treron sieboldii
2014,1.16747344952592,Treron sieboldii
2015,1.0879192777664,Treron sieboldii
2016,1.18237155657969,Treron sieboldii
2017,1.438209763802,Treron sieboldii
2018,0.826216356489393,Treron sieboldii
2019,1.10249269932896,Treron sieboldii
2020,1.16631304950052,Treron sieboldii
2021,1.25918256746455,Treron sieboldii
2022,1.36785150993438,Treron sieboldii
2023,1.50139865896689,Treron sieboldii
2024,1.51714017811816,Treron sieboldii
2002,1.17134623314362,Treron sphenurus
2003,1.06283088139723,Treron sphenurus
2004,1.18315755922352,Treron sphenurus
2005,1.18075099459425,Treron sphenurus
2006,1.18374495739029,Treron sphenurus
2007,1.5076562062959,Treron sphenurus
2008,1.1380932461524,Treron sphenurus
2009,0.797644095502505,Treron sphenurus
2010,1.20246682273074,Treron sphenurus
2011,0.786476870270875,Treron sphenurus
2012,1.18638988917491,Treron sphenurus
2013,1.10285595338836,Treron sphenurus
2014,1.16747344952592,Treron sphenurus
2015,1.0879192777664,Treron sphenurus
2016,1.18237155657969,Treron sphenurus
2017,1.438209763802,Treron sphenurus
2018,0.826216356489393,Treron sphenurus
2019,1.10249269932896,Treron sphenurus
2020,1.16631304950052,Treron sphenurus
2021,1.25918256746455,Treron sphenurus
2022,1.36785150993438,Treron sphenurus
2023,1.50139865896689,Treron sphenurus
2024,1.51714017811816,Treron sphenurus
2002,1.17134623314362,Turdus boulboul
2003,1.06283088139723,Turdus boulboul
2004,1.18315755922352,Turdus boulboul
2005,1.18075099459425,Turdus boulboul
2006,1.18374495739029,Turdus boulboul
2007,1.5076562062959,Turdus boulboul
2008,1.1380932461524,Turdus boulboul
2009,0.797644095502505,Turdus boulboul
2010,1.20246682273074,Turdus boulboul
2011,0.786476870270875,Turdus boulboul
2012,1.18638988917491,Turdus boulboul
2013,1.10285595338836,Turdus boulboul
2014,1.16747344952592,Turdus boulboul
2015,1.0879192777664,Turdus boulboul
2016,1.18237155657969,Turdus boulboul
2017,1.438209763802,Turdus boulboul
2018,0.826216356489393,Turdus boulboul
2019,1.10249269932896,Turdus boulboul
2020,1.16631304950052,Turdus boulboul
2021,1.25918256746455,Turdus boulboul
2022,1.36785150993438,Turdus boulboul
2023,1.50139865896689,Turdus boulboul
2024,1.51714017811816,Turdus boulboul
2002,1.17134623314362,Turdus cardis
2003,1.06283088139723,Turdus cardis
2004,1.18315755922352,Turdus cardis
2005,1.18075099459425,Turdus cardis
2006,1.18374495739029,Turdus cardis
2007,1.5076562062959,Turdus cardis
2008,1.1380932461524,Turdus cardis
2009,0.797644095502505,Turdus cardis
2010,1.20246682273074,Turdus cardis
2011,0.786476870270875,Turdus cardis
2012,1.18638988917491,Turdus cardis
2013,1.10285595338836,Turdus cardis
2014,1.16747344952592,Turdus cardis
2015,1.0879192777664,Turdus cardis
2016,1.18237155657969,Turdus cardis
2017,1.438209763802,Turdus cardis
2018,0.826216356489393,Turdus cardis
2019,1.10249269932896,Turdus cardis
2020,1.16631304950052,Turdus cardis
2021,1.25918256746455,Turdus cardis
2022,1.36785150993438,Turdus cardis
2023,1.50139865896689,Turdus cardis
2024,1.51714017811816,Turdus cardis
2002,1.17134623314362,Turdus feae
2003,1.06283088139723,Turdus feae
2004,1.18315755922352,Turdus feae
2005,1.18075099459425,Turdus feae
2006,1.18374495739029,Turdus feae
2007,1.5076562062959,Turdus feae
2008,1.1380932461524,Turdus feae
2009,0.797644095502505,Turdus feae
2010,1.20246682273074,Turdus feae
2011,0.786476870270875,Turdus feae
2012,1.18638988917491,Turdus feae
2013,1.10285595338836,Turdus feae
2014,1.16747344952592,Turdus feae
2015,1.0879192777664,Turdus feae
2016,1.18237155657969,Turdus feae
2017,1.438209763802,Turdus feae
2018,0.826216356489393,Turdus feae
2019,1.10249269932896,Turdus feae
2020,1.16631304950052,Turdus feae
2021,1.25918256746455,Turdus feae
2022,1.36785150993438,Turdus feae
2023,1.50139865896689,Turdus feae
2024,1.51714017811816,Turdus feae
2002,1.17134623314362,Turdus mandarinus
2003,1.06283088139723,Turdus mandarinus
2004,1.18315755922352,Turdus mandarinus
2005,1.18075099459425,Turdus mandarinus
2006,1.18374495739029,Turdus mandarinus
2007,1.5076562062959,Turdus mandarinus
2008,1.1380932461524,Turdus mandarinus
2009,0.797644095502505,Turdus mandarinus
2010,1.20246682273074,Turdus mandarinus
2011,0.786476870270875,Turdus mandarinus
2012,1.18638988917491,Turdus mandarinus
2013,1.10285595338836,Turdus mandarinus
2014,1.16747344952592,Turdus mandarinus
2015,1.0879192777664,Turdus mandarinus
2016,1.18237155657969,Turdus mandarinus
2017,1.438209763802,Turdus mandarinus
2018,0.826216356489393,Turdus mandarinus
2019,1.10249269932896,Turdus mandarinus
2020,1.16631304950052,Turdus mandarinus
2021,1.25918256746455,Turdus mandarinus
2022,1.36785150993438,Turdus mandarinus
2023,1.50139865896689,Turdus mandarinus
2024,1.51714017811816,Turdus mandarinus
2002,1.17134623314362,Turdus pilaris
2003,1.06283088139723,Turdus pilaris
2004,1.18315755922352,Turdus pilaris
2005,1.18075099459425,Turdus pilaris
2006,1.18374495739029,Turdus pilaris
2007,1.5076562062959,Turdus pilaris
2008,1.1380932461524,Turdus pilaris
2009,0.797644095502505,Turdus pilaris
2010,1.20246682273074,Turdus pilaris
2011,0.786476870270875,Turdus pilaris
2012,1.18638988917491,Turdus pilaris
2013,1.10285595338836,Turdus pilaris
2014,1.16747344952592,Turdus pilaris
2015,1.0879192777664,Turdus pilaris
2016,1.18237155657969,Turdus pilaris
2017,1.438209763802,Turdus pilaris
2018,0.826216356489393,Turdus pilaris
2019,1.10249269932896,Turdus pilaris
2020,1.16631304950052,Turdus pilaris
2021,1.25918256746455,Turdus pilaris
2022,1.36785150993438,Turdus pilaris
2023,1.50139865896689,Turdus pilaris
2024,1.51714017811816,Turdus pilaris
2002,1.17134623314362,Turdus rubrocanus
2003,1.06283088139723,Turdus rubrocanus
2004,1.18315755922352,Turdus rubrocanus
2005,1.18075099459425,Turdus rubrocanus
2006,1.18374495739029,Turdus rubrocanus
2007,1.5076562062959,Turdus rubrocanus
2008,1.1380932461524,Turdus rubrocanus
2009,0.797644095502505,Turdus rubrocanus
2010,1.20246682273074,Turdus rubrocanus
2011,0.786476870270875,Turdus rubrocanus
2012,1.18638988917491,Turdus rubrocanus
2013,1.10285595338836,Turdus rubrocanus
2014,1.16747344952592,Turdus rubrocanus
2015,1.0879192777664,Turdus rubrocanus
2016,1.18237155657969,Turdus rubrocanus
2017,1.438209763802,Turdus rubrocanus
2018,0.826216356489393,Turdus rubrocanus
2019,1.10249269932896,Turdus rubrocanus
2020,1.16631304950052,Turdus rubrocanus
2021,1.25918256746455,Turdus rubrocanus
2022,1.36785150993438,Turdus rubrocanus
2023,1.50139865896689,Turdus rubrocanus
2024,1.51714017811816,Turdus rubrocanus
2002,1.17134623314362,Turdus ruficollis
2003,1.06283088139723,Turdus ruficollis
2004,1.18315755922352,Turdus ruficollis
2005,1.18075099459425,Turdus ruficollis
2006,1.18374495739029,Turdus ruficollis
2007,1.5076562062959,Turdus ruficollis
2008,1.1380932461524,Turdus ruficollis
2009,0.797644095502505,Turdus ruficollis
2010,1.20246682273074,Turdus ruficollis
2011,0.786476870270875,Turdus ruficollis
2012,1.18638988917491,Turdus ruficollis
2013,1.10285595338836,Turdus ruficollis
2014,1.16747344952592,Turdus ruficollis
2015,1.0879192777664,Turdus ruficollis
2016,1.18237155657969,Turdus ruficollis
2017,1.438209763802,Turdus ruficollis
2018,0.826216356489393,Turdus ruficollis
2019,1.10249269932896,Turdus ruficollis
2020,1.16631304950052,Turdus ruficollis
2021,1.25918256746455,Turdus ruficollis
2022,1.36785150993438,Turdus ruficollis
2023,1.50139865896689,Turdus ruficollis
2024,1.51714017811816,Turdus ruficollis
2002,1.17134623314362,Turdus viscivorus
2003,1.06283088139723,Turdus viscivorus
2004,1.18315755922352,Turdus viscivorus
2005,1.18075099459425,Turdus viscivorus
2006,1.18374495739029,Turdus viscivorus
2007,1.5076562062959,Turdus viscivorus
2008,1.1380932461524,Turdus viscivorus
2009,0.797644095502505,Turdus viscivorus
2010,1.20246682273074,Turdus viscivorus
2011,0.786476870270875,Turdus viscivorus
2012,1.18638988917491,Turdus viscivorus
2013,1.10285595338836,Turdus viscivorus
2014,1.16747344952592,Turdus viscivorus
2015,1.0879192777664,Turdus viscivorus
2016,1.18237155657969,Turdus viscivorus
2017,1.438209763802,Turdus viscivorus
2018,0.826216356489393,Turdus viscivorus
2019,1.10249269932896,Turdus viscivorus
2020,1.16631304950052,Turdus viscivorus
2021,1.25918256746455,Turdus viscivorus
2022,1.36785150993438,Turdus viscivorus
2023,1.50139865896689,Turdus viscivorus
2024,1.51714017811816,Turdus viscivorus
2002,1.17134623314362,Urile pelagicus
2003,1.06283088139723,Urile pelagicus
2004,1.18315755922352,Urile pelagicus
2005,1.18075099459425,Urile pelagicus
2006,1.18374495739029,Urile pelagicus
2007,1.5076562062959,Urile pelagicus
2008,1.1380932461524,Urile pelagicus
2009,0.797644095502505,Urile pelagicus
2010,1.20246682273074,Urile pelagicus
2011,0.786476870270875,Urile pelagicus
2012,1.18638988917491,Urile pelagicus
2013,1.10285595338836,Urile pelagicus
2014,1.16747344952592,Urile pelagicus
2015,1.0879192777664,Urile pelagicus
2016,1.18237155657969,Urile pelagicus
2017,1.438209763802,Urile pelagicus
2018,0.826216356489393,Urile pelagicus
2019,1.10249269932896,Urile pelagicus
2020,1.16631304950052,Urile pelagicus
2021,1.25918256746455,Urile pelagicus
2022,1.36785150993438,Urile pelagicus
2023,1.50139865896689,Urile pelagicus
2024,1.51714017811816,Urile pelagicus
2002,1.17134623314362,Urosphena squameiceps
2003,1.06283088139723,Urosphena squameiceps
2004,1.18315755922352,Urosphena squameiceps
2005,1.18075099459425,Urosphena squameiceps
2006,1.18374495739029,Urosphena squameiceps
2007,1.5076562062959,Urosphena squameiceps
2008,1.1380932461524,Urosphena squameiceps
2009,0.797644095502505,Urosphena squameiceps
2010,1.20246682273074,Urosphena squameiceps
2011,0.786476870270875,Urosphena squameiceps
2012,1.18638988917491,Urosphena squameiceps
2013,1.10285595338836,Urosphena squameiceps
2014,1.16747344952592,Urosphena squameiceps
2015,1.0879192777664,Urosphena squameiceps
2016,1.18237155657969,Urosphena squameiceps
2017,1.438209763802,Urosphena squameiceps
2018,0.826216356489393,Urosphena squameiceps
2019,1.10249269932896,Urosphena squameiceps
2020,1.16631304950052,Urosphena squameiceps
2021,1.25918256746455,Urosphena squameiceps
2022,1.36785150993438,Urosphena squameiceps
2023,1.50139865896689,Urosphena squameiceps
2024,1.51714017811816,Urosphena squameiceps
2002,1.17134623314362,Vanellus cinereus
2003,1.06283088139723,Vanellus cinereus
2004,1.18315755922352,Vanellus cinereus
2005,1.18075099459425,Vanellus cinereus
2006,1.18374495739029,Vanellus cinereus
2007,1.5076562062959,Vanellus cinereus
2008,1.1380932461524,Vanellus cinereus
2009,0.797644095502505,Vanellus cinereus
2010,1.20246682273074,Vanellus cinereus
2011,0.786476870270875,Vanellus cinereus
2012,1.18638988917491,Vanellus cinereus
2013,1.10285595338836,Vanellus cinereus
2014,1.16747344952592,Vanellus cinereus
2015,1.0879192777664,Vanellus cinereus
2016,1.18237155657969,Vanellus cinereus
2017,1.438209763802,Vanellus cinereus
2018,0.826216356489393,Vanellus cinereus
2019,1.10249269932896,Vanellus cinereus
2020,1.16631304950052,Vanellus cinereus
2021,1.25918256746455,Vanellus cinereus
2022,1.36785150993438,Vanellus cinereus
2023,1.50139865896689,Vanellus cinereus
2024,1.51714017811816,Vanellus cinereus
2002,1.17134623314362,Vanellus vanellus
2003,1.06283088139723,Vanellus vanellus
2004,1.18315755922352,Vanellus vanellus
2005,1.18075099459425,Vanellus vanellus
2006,1.18374495739029,Vanellus vanellus
2007,1.5076562062959,Vanellus vanellus
2008,1.1380932461524,Vanellus vanellus
2009,0.797644095502505,Vanellus vanellus
2010,1.20246682273074,Vanellus vanellus
2011,0.786476870270875,Vanellus vanellus
2012,1.18638988917491,Vanellus vanellus
2013,1.10285595338836,Vanellus vanellus
2014,1.16747344952592,Vanellus vanellus
2015,1.0879192777664,Vanellus vanellus
2016,1.18237155657969,Vanellus vanellus
2017,1.438209763802,Vanellus vanellus
2018,0.826216356489393,Vanellus vanellus
2019,1.10249269932896,Vanellus vanellus
2020,1.16631304950052,Vanellus vanellus
2021,1.25918256746455,Vanellus vanellus
2022,1.36785150993438,Vanellus vanellus
2023,1.50139865896689,Vanellus vanellus
2024,1.51714017811816,Vanellus vanellus
2002,1.17134623314362,Yuhina nigrimenta
2003,1.06283088139723,Yuhina nigrimenta
2004,1.18315755922352,Yuhina nigrimenta
2005,1.18075099459425,Yuhina nigrimenta
2006,1.18374495739029,Yuhina nigrimenta
2007,1.5076562062959,Yuhina nigrimenta
2008,1.1380932461524,Yuhina nigrimenta
2009,0.797644095502505,Yuhina nigrimenta
2010,1.20246682273074,Yuhina nigrimenta
2011,0.786476870270875,Yuhina nigrimenta
2012,1.18638988917491,Yuhina nigrimenta
2013,1.10285595338836,Yuhina nigrimenta
2014,1.16747344952592,Yuhina nigrimenta
2015,1.0879192777664,Yuhina nigrimenta
2016,1.18237155657969,Yuhina nigrimenta
2017,1.438209763802,Yuhina nigrimenta
2018,0.826216356489393,Yuhina nigrimenta
2019,1.10249269932896,Yuhina nigrimenta
2020,1.16631304950052,Yuhina nigrimenta
2021,1.25918256746455,Yuhina nigrimenta
2022,1.36785150993438,Yuhina nigrimenta
2023,1.50139865896689,Yuhina nigrimenta
2024,1.51714017811816,Yuhina nigrimenta
2002,1.17134623314362,Zoothera mollissima
2003,1.06283088139723,Zoothera mollissima
2004,1.18315755922352,Zoothera mollissima
2005,1.18075099459425,Zoothera mollissima
2006,1.18374495739029,Zoothera mollissima
2007,1.5076562062959,Zoothera mollissima
2008,1.1380932461524,Zoothera mollissima
2009,0.797644095502505,Zoothera mollissima
2010,1.20246682273074,Zoothera mollissima
2011,0.786476870270875,Zoothera mollissima
2012,1.18638988917491,Zoothera mollissima
2013,1.10285595338836,Zoothera mollissima
2014,1.16747344952592,Zoothera mollissima
2015,1.0879192777664,Zoothera mollissima
2016,1.18237155657969,Zoothera mollissima
2017,1.438209763802,Zoothera mollissima
2018,0.826216356489393,Zoothera mollissima
2019,1.10249269932896,Zoothera mollissima
2020,1.16631304950052,Zoothera mollissima
2021,1.25918256746455,Zoothera mollissima
2022,1.36785150993438,Zoothera mollissima
2023,1.50139865896689,Zoothera mollissima
2024,1.51714017811816,Zoothera mollissima
2002,1.17134623314362,Zoothera monticola
2003,1.06283088139723,Zoothera monticola
2004,1.18315755922352,Zoothera monticola
2005,1.18075099459425,Zoothera monticola
2006,1.18374495739029,Zoothera monticola
2007,1.5076562062959,Zoothera monticola
2008,1.1380932461524,Zoothera monticola
2009,0.797644095502505,Zoothera monticola
2010,1.20246682273074,Zoothera monticola
2011,0.786476870270875,Zoothera monticola
2012,1.18638988917491,Zoothera monticola
2013,1.10285595338836,Zoothera monticola
2014,1.16747344952592,Zoothera monticola
2015,1.0879192777664,Zoothera monticola
2016,1.18237155657969,Zoothera monticola
2017,1.438209763802,Zoothera monticola
2018,0.826216356489393,Zoothera monticola
2019,1.10249269932896,Zoothera monticola
2020,1.16631304950052,Zoothera monticola
2021,1.25918256746455,Zoothera monticola
2022,1.36785150993438,Zoothera monticola
2023,1.50139865896689,Zoothera monticola
2024,1.51714017811816,Zoothera monticola
2002,1.17134623314362,Zosterops erythropleurus
2003,1.06283088139723,Zosterops erythropleurus
2004,1.18315755922352,Zosterops erythropleurus
2005,1.18075099459425,Zosterops erythropleurus
2006,1.18374495739029,Zosterops erythropleurus
2007,1.5076562062959,Zosterops erythropleurus
2008,1.1380932461524,Zosterops erythropleurus
2009,0.797644095502505,Zosterops erythropleurus
2010,1.20246682273074,Zosterops erythropleurus
2011,0.786476870270875,Zosterops erythropleurus
2012,1.18638988917491,Zosterops erythropleurus
2013,1.10285595338836,Zosterops erythropleurus
2014,1.16747344952592,Zosterops erythropleurus
2015,1.0879192777664,Zosterops erythropleurus
2016,1.18237155657969,Zosterops erythropleurus
2017,1.438209763802,Zosterops erythropleurus
2018,0.826216356489393,Zosterops erythropleurus
2019,1.10249269932896,Zosterops erythropleurus
2020,1.16631304950052,Zosterops erythropleurus
2021,1.25918256746455,Zosterops erythropleurus
2022,1.36785150993438,Zosterops erythropleurus
2023,1.50139865896689,Zosterops erythropleurus
2024,1.51714017811816,Zosterops erythropleurus
