"province","n_records","n_species","current_report_sum","historical_report_sum","current_user_sum","historical_user_sum","historical_report_annual","current_report_annual","historical_user_annual","current_user_annual","gdp_per_capita","area_km2","habitat_heterogeneity","human_density","population_10k","reference_mammal_richness","new_record_density_100k","log_new_record_density","historical_report_density","current_report_density","historical_user_density","current_user_density","z_hist_report_density","z_curr_report_density","z_gdp_per_capita","z_area_km2","z_habitat_heterogeneity","z_curr_user_density","fitted_primary","resid_primary","std_resid_primary","cooks_d_primary","hat_primary","dffits_primary"
"Xinjiang",34,34,14290,0,1158,0,0,571.6,0,46.32,68626,1664990,1.6312508,16,2585,153,2.04205430663247,1.11253304595667,0,34.3305365197389,0,2.78199869068283,-0.182574185835055,-0.317038422181215,-0.458467340273597,3.90793575952196,-0.157634911108315,-0.361397376978036,0.527594660223172,0.584938385733499,1.41055069227938,0.456288422459933,0.579121699491876,1.69139805069421
"Tianjin",23,23,9815,0,1055,0,0,392.6,0,42.2,117635,11934,1.3320304,1162,1387,22,192.726663314899,5.26644821357211,0,3289.76034858388,0,353.611530082118,-0.182574185835055,0.0818444700817932,0.884584047733977,-0.75775921339044,-1.03764668915277,0.22823910798349,3.63072113712378,1.63572707644833,2.8278776943131,0.294815298631997,0.181131569518512,1.59445544045148
