"term","vif"
"z_log_mass",1.54124269940672
"z_log_hwi",1.48185343116181
"z_log_range_provinces",1.10768100803054
"z_log_clutch_size",1.08558910722002
"z_log_n_congeners",1.16445873628665
