"term","predictor","independent_r2_mean","independent_r2_low","independent_r2_high","percent_mean","percent_low","percent_high"
"z_area_km2","Area",0.323036965362805,0.168657853896702,0.534240645538441,46.5006287687559,23.690276413306,76.9431318943013
"z_curr_report_density","Current survey effort",0.193157339481187,0.0631843473429017,0.380576937281869,27.0276916179266,9.42766533976366,48.6328421668323
"z_gdp_per_capita","Per capita GDP",0.142226546249773,0.0278646631281637,0.273176424627615,20.1985314371176,4.14165016515557,37.7603584732713
"z_habitat_heterogeneity","Habitat heterogeneity",0.0213370628206231,0.00209120470048198,0.0750515402125799,3.10484669401051,0.310092659742265,11.5453136471865
"z_hist_report_density","Historical survey effort",0.0219659417726166,0,0.0780487608722121,3.16830148218932,0,11.7497875383735
