"variable","n_missing","pct_missing"
"Body mass",120,0.0797872340425532
"HWI",120,0.0797872340425532
"Range size (provinces)",196,0.13031914893617
"Clutch size",360,0.23936170212766
"Congeners",0,0
"Endemicity",196,0.13031914893617
"Migration class",120,0.0797872340425532
"Diet guild",120,0.0797872340425532
"Forest association",120,0.0797872340425532
