"term","vif"
"z_log_mass",1.53514038130372
"z_log_hwi",1.48133544865442
"z_log_range_provinces",1.11174786453227
"z_log_clutch_size",1.0848049996691
"z_log_n_congeners",1.16140380243679
