"group","fit","conf.low","conf.high","variable"
"LC/NE",0.296522862874829,0.2598358225618,0.336038135654577,"risk_group"
"NT",0.308798179409183,0.211812567677474,0.426180063340996,"risk_group"
"Threatened/DD",0.280808077160984,0.19941926551293,0.379661384860699,"risk_group"
