"variable","n_missing","pct_missing"
"log_mass",120,0.0797872340425532
"range_size_provinces",196,0.13031914893617
"migration_class",120,0.0797872340425532
"risk_group",83,0.055186170212766
