"n_species","pearson_r","spearman_rho"
1270,0.276107186867569,0.467428739404079
