"species","species_cn","order","order_cn","family","family_cn","genus","genus_cn"
"Accipiter badius","褐耳鹰","Accipitriformes","鹰形目","Accipitridae","鹰科","Accipiter","鹰属"
"Accipiter gentilis","苍鹰","Accipitriformes","鹰形目","Accipitridae","鹰科","Accipiter","鹰属"
"Accipiter gularis","日本松雀鹰","Accipitriformes","鹰形目","Accipitridae","鹰科","Accipiter","鹰属"
"Accipiter nisus","雀鹰","Accipitriformes","鹰形目","Accipitridae","鹰科","Accipiter","鹰属"
"Accipiter soloensis","赤腹鹰","Accipitriformes","鹰形目","Accipitridae","鹰科","Accipiter","鹰属"
"Accipiter trivirgatus","凤头鹰","Accipitriformes","鹰形目","Accipitridae","鹰科","Accipiter","鹰属"
"Accipiter virgatus","松雀鹰","Accipitriformes","鹰形目","Accipitridae","鹰科","Accipiter","鹰属"
"Aegypius monachus","秃鹫","Accipitriformes","鹰形目","Accipitridae","鹰科","Aegypius","秃鹫属"
"Aquila chrysaetos","金雕","Accipitriformes","鹰形目","Accipitridae","鹰科","Aquila","鵰属"
"Aquila fasciata","白腹隼雕","Accipitriformes","鹰形目","Accipitridae","鹰科","Aquila","鵰属"
"Aquila heliaca","白肩雕","Accipitriformes","鹰形目","Accipitridae","鹰科","Aquila","鵰属"
"Aquila nipalensis","草原雕","Accipitriformes","鹰形目","Accipitridae","鹰科","Aquila","鵰属"
"Aviceda jerdoni","褐冠鹃隼","Accipitriformes","鹰形目","Accipitridae","鹰科","Aviceda","鹃隼属"
"Aviceda leuphotes","黑冠鹃隼","Accipitriformes","鹰形目","Accipitridae","鹰科","Aviceda","鹃隼属"
"Butastur indicus","灰脸鵟鹰","Accipitriformes","鹰形目","Accipitridae","鹰科","Butastur","鵟鹰属"
"Butastur liventer","棕翅鵟鹰","Accipitriformes","鹰形目","Accipitridae","鹰科","Butastur","鵟鹰属"
"Butastur teesa","白眼鵟鹰","Accipitriformes","鹰形目","Accipitridae","鹰科","Butastur","鵟鹰属"
"Buteo buteo","欧亚鵟","Accipitriformes","鹰形目","Accipitridae","鹰科","Buteo","鵟属"
"Buteo hemilasius","大鵟","Accipitriformes","鹰形目","Accipitridae","鹰科","Buteo","鵟属"
"Buteo japonicus","普通鵟","Accipitriformes","鹰形目","Accipitridae","鹰科","Buteo","鵟属"
"Buteo lagopus","毛脚鵟","Accipitriformes","鹰形目","Accipitridae","鹰科","Buteo","鵟属"
"Buteo refectus","喜山鵟","Accipitriformes","鹰形目","Accipitridae","鹰科","Buteo","鵟属"
"Buteo rufinus","棕尾鵟","Accipitriformes","鹰形目","Accipitridae","鹰科","Buteo","鵟属"
"Circaetus gallicus","短趾雕","Accipitriformes","鹰形目","Accipitridae","鹰科","Circaetus","短趾鵰属"
"Circus aeruginosus","白头鹞","Accipitriformes","鹰形目","Accipitridae","鹰科","Circus","鹞属"
"Circus cyaneus","白尾鹞","Accipitriformes","鹰形目","Accipitridae","鹰科","Circus","鹞属"
"Circus macrourus","草原鹞","Accipitriformes","鹰形目","Accipitridae","鹰科","Circus","鹞属"
"Circus melanoleucos","鹊鹞","Accipitriformes","鹰形目","Accipitridae","鹰科","Circus","鹞属"
"Circus pygargus","乌灰鹞","Accipitriformes","鹰形目","Accipitridae","鹰科","Circus","鹞属"
"Circus spilonotus","白腹鹞","Accipitriformes","鹰形目","Accipitridae","鹰科","Circus","鹞属"
"Clanga clanga","乌雕","Accipitriformes","鹰形目","Accipitridae","鹰科","Clanga",NA
"Elanus caeruleus","黑翅鸢","Accipitriformes","鹰形目","Accipitridae","鹰科","Elanus","黑翅鸢属"
"Gypaetus barbatus","胡兀鹫","Accipitriformes","鹰形目","Accipitridae","鹰科","Gypaetus","胡兀鹫属"
"Gyps bengalensis","白背兀鹫","Accipitriformes","鹰形目","Accipitridae","鹰科","Gyps","兀鹫属"
"Gyps fulvus","兀鹫","Accipitriformes","鹰形目","Accipitridae","鹰科","Gyps","兀鹫属"
"Gyps himalayensis","高山兀鹫","Accipitriformes","鹰形目","Accipitridae","鹰科","Gyps","兀鹫属"
"Gyps tenuirostris","长嘴兀鹫","Accipitriformes","鹰形目","Accipitridae","鹰科","Gyps","兀鹫属"
"Haliaeetus albicilla","白尾海雕","Accipitriformes","鹰形目","Accipitridae","鹰科","Haliaeetus","海鵰属"
"Haliaeetus humilis","渔雕","Accipitriformes","鹰形目","Accipitridae","鹰科","Haliaeetus","海鵰属"
"Haliaeetus leucogaster","白腹海雕","Accipitriformes","鹰形目","Accipitridae","鹰科","Haliaeetus","海鵰属"
"Haliaeetus leucoryphus","玉带海雕","Accipitriformes","鹰形目","Accipitridae","鹰科","Haliaeetus","海鵰属"
"Haliaeetus pelagicus","虎头海雕","Accipitriformes","鹰形目","Accipitridae","鹰科","Haliaeetus","海鵰属"
"Haliastur indus","栗鸢","Accipitriformes","鹰形目","Accipitridae","鹰科","Haliastur","栗鸢属"
"Hieraaetus pennatus","靴隼雕","Accipitriformes","鹰形目","Accipitridae","鹰科","Hieraaetus","隼鵰属"
"Ictinaetus malaiensis","林雕","Accipitriformes","鹰形目","Accipitridae","鹰科","Ictinaetus","林鵰属"
"Lophotriorchis kienerii","棕腹隼雕","Accipitriformes","鹰形目","Accipitridae","鹰科","Lophotriorchis",NA
"Milvus migrans","黑鸢","Accipitriformes","鹰形目","Accipitridae","鹰科","Milvus","鸢属"
"Neophron percnopterus","白兀鹫","Accipitriformes","鹰形目","Accipitridae","鹰科","Neophron",NA
"Nisaetus cirrhatus","凤头鹰雕","Accipitriformes","鹰形目","Accipitridae","鹰科","Nisaetus",NA
"Nisaetus nipalensis","鹰雕","Accipitriformes","鹰形目","Accipitridae","鹰科","Nisaetus",NA
"Pernis apivorus","鹃头蜂鹰","Accipitriformes","鹰形目","Accipitridae","鹰科","Pernis","蜂鹰属"
"Pernis ptilorhynchus","凤头蜂鹰","Accipitriformes","鹰形目","Accipitridae","鹰科","Pernis","蜂鹰属"
"Sarcogyps calvus","黑兀鹫","Accipitriformes","鹰形目","Accipitridae","鹰科","Sarcogyps","黑兀鹫属"
"Spilornis cheela","蛇雕","Accipitriformes","鹰形目","Accipitridae","鹰科","Spilornis","蛇鵰属"
"Pandion haliaetus","鹗","Accipitriformes","鹰形目","Pandionidae","鹗科","Pandion","鹗属"
"Aix galericulata","鸳鸯","Anseriformes","雁形目","Anatidae","鸭科","Aix","鸳鸯属"
"Anas acuta","针尾鸭","Anseriformes","雁形目","Anatidae","鸭科","Anas","(河)鸭属"
"Anas crecca","绿翅鸭","Anseriformes","雁形目","Anatidae","鸭科","Anas","(河)鸭属"
"Anas luzonica","棕颈鸭","Anseriformes","雁形目","Anatidae","鸭科","Anas","(河)鸭属"
"Anas platyrhynchos","绿头鸭","Anseriformes","雁形目","Anatidae","鸭科","Anas","(河)鸭属"
"Anas poecilorhyncha","南亚斑嘴鸭","Anseriformes","雁形目","Anatidae","鸭科","Anas","(河)鸭属"
"Anas zonorhyncha","斑嘴鸭","Anseriformes","雁形目","Anatidae","鸭科","Anas","(河)鸭属"
"Anser albifrons","白额雁","Anseriformes","雁形目","Anatidae","鸭科","Anser","雁属"
"Anser anser","灰雁","Anseriformes","雁形目","Anatidae","鸭科","Anser","雁属"
"Anser caerulescens","雪雁","Anseriformes","雁形目","Anatidae","鸭科","Anser","雁属"
"Anser cygnoides","鸿雁","Anseriformes","雁形目","Anatidae","鸭科","Anser","雁属"
"Anser erythropus","小白额雁","Anseriformes","雁形目","Anatidae","鸭科","Anser","雁属"
"Anser fabalis","豆雁","Anseriformes","雁形目","Anatidae","鸭科","Anser","雁属"
"Anser indicus","斑头雁","Anseriformes","雁形目","Anatidae","鸭科","Anser","雁属"
"Anser serrirostris","短嘴豆雁","Anseriformes","雁形目","Anatidae","鸭科","Anser","雁属"
"Asarcornis scutulata","白翅栖鸭","Anseriformes","雁形目","Anatidae","鸭科","Asarcornis",NA
"Aythya affinis","小潜鸭","Anseriformes","雁形目","Anatidae","鸭科","Aythya","潜鸭属"
"Aythya baeri","青头潜鸭","Anseriformes","雁形目","Anatidae","鸭科","Aythya","潜鸭属"
"Aythya collaris","环颈潜鸭","Anseriformes","雁形目","Anatidae","鸭科","Aythya","潜鸭属"
"Aythya ferina","红头潜鸭","Anseriformes","雁形目","Anatidae","鸭科","Aythya","潜鸭属"
"Aythya fuligula","凤头潜鸭","Anseriformes","雁形目","Anatidae","鸭科","Aythya","潜鸭属"
"Aythya marila","斑背潜鸭","Anseriformes","雁形目","Anatidae","鸭科","Aythya","潜鸭属"
"Aythya nyroca","白眼潜鸭","Anseriformes","雁形目","Anatidae","鸭科","Aythya","潜鸭属"
"Aythya valisineria","帆背潜鸭","Anseriformes","雁形目","Anatidae","鸭科","Aythya","潜鸭属"
"Branta bernicla","黑雁","Anseriformes","雁形目","Anatidae","鸭科","Branta","黑雁属"
"Branta canadensis","加拿大黑雁","Anseriformes","雁形目","Anatidae","鸭科","Branta","黑雁属"
"Branta hutchinsii","小美洲黑雁","Anseriformes","雁形目","Anatidae","鸭科","Branta","黑雁属"
"Branta leucopsis","白颊黑雁","Anseriformes","雁形目","Anatidae","鸭科","Branta","黑雁属"
"Branta ruficollis","红胸黑雁","Anseriformes","雁形目","Anatidae","鸭科","Branta","黑雁属"
"Bucephala clangula","鹊鸭","Anseriformes","雁形目","Anatidae","鸭科","Bucephala","鹊鸭属"
"Clangula hyemalis","长尾鸭","Anseriformes","雁形目","Anatidae","鸭科","Clangula","长尾鸭属"
"Cygnus columbianus","小天鹅","Anseriformes","雁形目","Anatidae","鸭科","Cygnus","天鹅属"
"Cygnus cygnus","大天鹅","Anseriformes","雁形目","Anatidae","鸭科","Cygnus","天鹅属"
"Cygnus olor","疣鼻天鹅","Anseriformes","雁形目","Anatidae","鸭科","Cygnus","天鹅属"
"Dendrocygna javanica","栗树鸭","Anseriformes","雁形目","Anatidae","鸭科","Dendrocygna","树鸭属"
"Histrionicus histrionicus","丑鸭","Anseriformes","雁形目","Anatidae","鸭科","Histrionicus","丑鸭属"
"Mareca americana","绿眉鸭","Anseriformes","雁形目","Anatidae","鸭科","Mareca",NA
"Mareca falcata","罗纹鸭","Anseriformes","雁形目","Anatidae","鸭科","Mareca",NA
"Mareca penelope","赤颈鸭","Anseriformes","雁形目","Anatidae","鸭科","Mareca",NA
"Mareca strepera","赤膀鸭","Anseriformes","雁形目","Anatidae","鸭科","Mareca",NA
"Marmaronetta angustirostris","云石斑鸭","Anseriformes","雁形目","Anatidae","鸭科","Marmaronetta","云石斑鸭属"
"Melanitta americana","黑海番鸭","Anseriformes","雁形目","Anatidae","鸭科","Melanitta","海番鸭属"
"Melanitta fusca","丝绒海番鸭","Anseriformes","雁形目","Anatidae","鸭科","Melanitta","海番鸭属"
"Melanitta stejnegeri","斑脸海番鸭","Anseriformes","雁形目","Anatidae","鸭科","Melanitta","海番鸭属"
"Mergellus albellus","斑头秋沙鸭","Anseriformes","雁形目","Anatidae","鸭科","Mergellus",NA
"Mergus merganser","普通秋沙鸭","Anseriformes","雁形目","Anatidae","鸭科","Mergus","秋沙鸭属"
"Mergus serrator","红胸秋沙鸭","Anseriformes","雁形目","Anatidae","鸭科","Mergus","秋沙鸭属"
"Mergus squamatus","中华秋沙鸭","Anseriformes","雁形目","Anatidae","鸭科","Mergus","秋沙鸭属"
"Netta rufina","赤嘴潜鸭","Anseriformes","雁形目","Anatidae","鸭科","Netta","狭嘴潜鸭属"
"Nettapus coromandelianus","棉凫","Anseriformes","雁形目","Anatidae","鸭科","Nettapus","棉凫属"
"Oxyura leucocephala","白头硬尾鸭","Anseriformes","雁形目","Anatidae","鸭科","Oxyura","硬尾鸭属"
"Polysticta stelleri","小绒鸭","Anseriformes","雁形目","Anatidae","鸭科","Polysticta","小绒鸭属"
"Sarkidiornis melanotos","瘤鸭","Anseriformes","雁形目","Anatidae","鸭科","Sarkidiornis","瘤鸭属"
"Sibirionetta formosa","花脸鸭","Anseriformes","雁形目","Anatidae","鸭科","Sibirionetta",NA
"Spatula clypeata","琵嘴鸭","Anseriformes","雁形目","Anatidae","鸭科","Spatula",NA
"Spatula querquedula","白眉鸭","Anseriformes","雁形目","Anatidae","鸭科","Spatula",NA
"Tadorna ferruginea","赤麻鸭","Anseriformes","雁形目","Anatidae","鸭科","Tadorna","麻鸭属"
"Tadorna tadorna","翘鼻麻鸭","Anseriformes","雁形目","Anatidae","鸭科","Tadorna","麻鸭属"
"Aceros nipalensis","棕颈犀鸟","Bucerotiformes","犀鸟目","Bucerotidae","犀鸟科","Aceros","无盔犀鸟属"
"Anorrhinus austeni","白喉犀鸟","Bucerotiformes","犀鸟目","Bucerotidae","犀鸟科","Anorrhinus","小盔犀鸟属"
"Anthracoceros albirostris","冠斑犀鸟","Bucerotiformes","犀鸟目","Bucerotidae","犀鸟科","Anthracoceros","斑犀鸟属"
"Buceros bicornis","双角犀鸟","Bucerotiformes","犀鸟目","Bucerotidae","犀鸟科","Buceros","犀鸟属"
"Rhyticeros undulatus","花冠皱盔犀鸟","Bucerotiformes","犀鸟目","Bucerotidae","犀鸟科","Rhyticeros",NA
"Upupa epops","戴胜","Bucerotiformes","犀鸟目","Upupidae","戴胜科","Upupa","戴胜属"
"Aerodramus brevirostris","短嘴金丝燕","Caprimulgiformes","夜鹰目","Apodidae","雨燕科","Aerodramus","金丝燕属"
"Aerodramus fuciphagus","爪哇金丝燕","Caprimulgiformes","夜鹰目","Apodidae","雨燕科","Aerodramus","金丝燕属"
"Apus acuticauda","暗背雨燕","Caprimulgiformes","夜鹰目","Apodidae","雨燕科","Apus","雨燕属"
"Apus apus","普通雨燕","Caprimulgiformes","夜鹰目","Apodidae","雨燕科","Apus","雨燕属"
"Apus cooki","库氏白腰雨燕","Caprimulgiformes","夜鹰目","Apodidae","雨燕科","Apus","雨燕属"
"Apus nipalensis","小白腰雨燕","Caprimulgiformes","夜鹰目","Apodidae","雨燕科","Apus","雨燕属"
"Apus pacificus","白腰雨燕","Caprimulgiformes","夜鹰目","Apodidae","雨燕科","Apus","雨燕属"
"Apus salimalii","华西白腰雨燕","Caprimulgiformes","夜鹰目","Apodidae","雨燕科","Apus","雨燕属"
"Cypsiurus balasiensis","棕雨燕","Caprimulgiformes","夜鹰目","Apodidae","雨燕科","Cypsiurus","棕雨燕属"
"Hirundapus caudacutus","白喉针尾雨燕","Caprimulgiformes","夜鹰目","Apodidae","雨燕科","Hirundapus","针尾雨燕属"
"Hirundapus celebensis","紫针尾雨燕","Caprimulgiformes","夜鹰目","Apodidae","雨燕科","Hirundapus","针尾雨燕属"
"Hirundapus cochinchinensis","灰喉针尾雨燕","Caprimulgiformes","夜鹰目","Apodidae","雨燕科","Hirundapus","针尾雨燕属"
"Hirundapus giganteus","褐背针尾雨燕","Caprimulgiformes","夜鹰目","Apodidae","雨燕科","Hirundapus","针尾雨燕属"
"Tachymarptis melba","高山雨燕","Caprimulgiformes","夜鹰目","Apodidae","雨燕科","Tachymarptis",NA
"Caprimulgus aegyptius","埃及夜鹰","Caprimulgiformes","夜鹰目","Caprimulgidae","夜鹰科","Caprimulgus","夜鹰属"
"Caprimulgus affinis","林夜鹰","Caprimulgiformes","夜鹰目","Caprimulgidae","夜鹰科","Caprimulgus","夜鹰属"
"Caprimulgus europaeus","欧夜鹰","Caprimulgiformes","夜鹰目","Caprimulgidae","夜鹰科","Caprimulgus","夜鹰属"
"Caprimulgus jotaka","普通夜鹰","Caprimulgiformes","夜鹰目","Caprimulgidae","夜鹰科","Caprimulgus","夜鹰属"
"Caprimulgus macrurus","长尾夜鹰","Caprimulgiformes","夜鹰目","Caprimulgidae","夜鹰科","Caprimulgus","夜鹰属"
"Lyncornis macrotis","毛腿夜鹰","Caprimulgiformes","夜鹰目","Caprimulgidae","夜鹰科","Lyncornis",NA
"Hemiprocne coronata","凤头雨燕","Caprimulgiformes","夜鹰目","Hemiprocnodae","凤头雨燕科","Hemiprocne","凤头雨燕属"
"Batrachostomus hodgsoni","黑顶蛙口夜鹰","Caprimulgiformes","夜鹰目","Podargidae","蛙口夜鹰科","Batrachostomus","蛙嘴夜鹰属"
"Brachyramphus perdix","长嘴斑海雀","Charadriiformes","鸻形目","Alcidae","海雀科","Brachyramphus","斑海雀属"
"Cerorhinca monocerata","角嘴海雀","Charadriiformes","鸻形目","Alcidae","海雀科","Cerorhinca","角嘴海雀属"
"Synthliboramphus antiquus","扁嘴海雀","Charadriiformes","鸻形目","Alcidae","海雀科","Synthliboramphus","扁嘴海雀属"
"Synthliboramphus wumizusume","冠海雀","Charadriiformes","鸻形目","Alcidae","海雀科","Synthliboramphus","扁嘴海雀属"
"Uria aalge","崖海鸦","Charadriiformes","鸻形目","Alcidae","海雀科","Uria",NA
"Burhinus oedicnemus","石鸻","Charadriiformes","鸻形目","Burhinidae","石鸻科","Burhinus","石鸻属"
"Esacus recurvirostris","大石鸻","Charadriiformes","鸻形目","Burhinidae","石鸻科","Esacus","大石鸻属"
"Charadrius alexandrinus","环颈鸻","Charadriiformes","鸻形目","Charadriidae","鸻科","Charadrius","鸻属"
"Charadrius asiaticus","红胸鸻","Charadriiformes","鸻形目","Charadriidae","鸻科","Charadrius","鸻属"
"Charadrius atrifrons","青藏沙鸻","Charadriiformes","鸻形目","Charadriidae","鸻科","Charadrius","鸻属"
"Charadrius dealbatus","白脸鸻","Charadriiformes","鸻形目","Charadriidae","鸻科","Charadrius","鸻属"
"Charadrius dubius","金眶鸻","Charadriiformes","鸻形目","Charadriidae","鸻科","Charadrius","鸻属"
"Charadrius hiaticula","剑鸻","Charadriiformes","鸻形目","Charadriidae","鸻科","Charadrius","鸻属"
"Charadrius leschenaultii","铁嘴沙鸻","Charadriiformes","鸻形目","Charadriidae","鸻科","Charadrius","鸻属"
"Charadrius mongolus","蒙古沙鸻","Charadriiformes","鸻形目","Charadriidae","鸻科","Charadrius","鸻属"
"Charadrius placidus","长嘴剑鸻","Charadriiformes","鸻形目","Charadriidae","鸻科","Charadrius","鸻属"
"Charadrius veredus","东方鸻","Charadriiformes","鸻形目","Charadriidae","鸻科","Charadrius","鸻属"
"Eudromias morinellus","小嘴鸻","Charadriiformes","鸻形目","Charadriidae","鸻科","Eudromias",NA
"Pluvialis apricaria","欧金鸻","Charadriiformes","鸻形目","Charadriidae","鸻科","Pluvialis","斑鸻属"
"Pluvialis fulva","金鸻","Charadriiformes","鸻形目","Charadriidae","鸻科","Pluvialis","斑鸻属"
"Pluvialis squatarola","灰鸻","Charadriiformes","鸻形目","Charadriidae","鸻科","Pluvialis","斑鸻属"
"Vanellus cinereus","灰头麦鸡","Charadriiformes","鸻形目","Charadriidae","鸻科","Vanellus","麦鸡属"
"Vanellus duvaucelii","距翅麦鸡","Charadriiformes","鸻形目","Charadriidae","鸻科","Vanellus","麦鸡属"
"Vanellus gregarius","黄颊麦鸡","Charadriiformes","鸻形目","Charadriidae","鸻科","Vanellus","麦鸡属"
"Vanellus indicus","肉垂麦鸡","Charadriiformes","鸻形目","Charadriidae","鸻科","Vanellus","麦鸡属"
"Vanellus leucurus","白尾麦鸡","Charadriiformes","鸻形目","Charadriidae","鸻科","Vanellus","麦鸡属"
"Vanellus vanellus","凤头麦鸡","Charadriiformes","鸻形目","Charadriidae","鸻科","Vanellus","麦鸡属"
"Chionis albus","白鞘嘴鸥","Charadriiformes","鸻形目","Chionidae","鞘嘴鸥科","Chionis",NA
"Glareola lactea","灰燕鸻","Charadriiformes","鸻形目","Glareolidae","燕鸻科","Glareola","燕鸻属"
"Glareola maldivarum","普通燕鸻","Charadriiformes","鸻形目","Glareolidae","燕鸻科","Glareola","燕鸻属"
"Glareola nordmanni","黑翅燕鸻","Charadriiformes","鸻形目","Glareolidae","燕鸻科","Glareola","燕鸻属"
"Glareola pratincola","领燕鸻","Charadriiformes","鸻形目","Glareolidae","燕鸻科","Glareola","燕鸻属"
"Haematopus ostralegus","蛎鹬","Charadriiformes","鸻形目","Haematopodidae","蛎鹬科","Haematopus","蛎鹬属"
"Ibidorhyncha struthersii","鹮嘴鹬","Charadriiformes","鸻形目","Ibidorhynchidae","鹮嘴鹬科","Ibidorhyncha","鹮嘴鹬属"
"Hydrophasianus chirurgus","水雉","Charadriiformes","鸻形目","Jacanidae","水雉科","Hydrophasianus","水雉属"
"Metopidius indicus","铜翅水雉","Charadriiformes","鸻形目","Jacanidae","水雉科","Metopidius","铜翅水雉属"
"Anous minutus","玄燕鸥","Charadriiformes","鸻形目","Laridae","鸥科","Anous","玄燕鸥属"
"Anous stolidus","白顶玄燕鸥","Charadriiformes","鸻形目","Laridae","鸥科","Anous","玄燕鸥属"
"Chlidonias hybrida","灰翅浮鸥","Charadriiformes","鸻形目","Laridae","鸥科","Chlidonias","浮鸥属"
"Chlidonias leucopterus","白翅浮鸥","Charadriiformes","鸻形目","Laridae","鸥科","Chlidonias","浮鸥属"
"Chlidonias niger","黑浮鸥","Charadriiformes","鸻形目","Laridae","鸥科","Chlidonias","浮鸥属"
"Chroicocephalus brunnicephalus","棕头鸥","Charadriiformes","鸻形目","Laridae","鸥科","Chroicocephalus",NA
"Chroicocephalus genei","细嘴鸥","Charadriiformes","鸻形目","Laridae","鸥科","Chroicocephalus",NA
"Chroicocephalus novaehollandiae","澳洲红嘴鸥","Charadriiformes","鸻形目","Laridae","鸥科","Chroicocephalus",NA
"Chroicocephalus ridibundus","红嘴鸥","Charadriiformes","鸻形目","Laridae","鸥科","Chroicocephalus",NA
"Gelochelidon nilotica","鸥嘴噪鸥","Charadriiformes","鸻形目","Laridae","鸥科","Gelochelidon","噪鸥属"
"Gygis alba","白燕鸥","Charadriiformes","鸻形目","Laridae","鸥科","Gygis","玄鸥属"
"Hydrocoloeus minutus","小鸥","Charadriiformes","鸻形目","Laridae","鸥科","Hydrocoloeus",NA
"Hydroprogne caspia","红嘴巨燕鸥","Charadriiformes","鸻形目","Laridae","鸥科","Hydroprogne","巨鸥属"
"Ichthyaetus ichthyaetus","渔鸥","Charadriiformes","鸻形目","Laridae","鸥科","Ichthyaetus",NA
"Ichthyaetus relictus","遗鸥","Charadriiformes","鸻形目","Laridae","鸥科","Ichthyaetus",NA
"Larus brachyrhynchus","美洲海鸥","Charadriiformes","鸻形目","Laridae","鸥科","Larus","鸥属"
"Larus cachinnans","黄腿银鸥","Charadriiformes","鸻形目","Laridae","鸥科","Larus","鸥属"
"Larus canus","普通海鸥","Charadriiformes","鸻形目","Laridae","鸥科","Larus","鸥属"
"Larus crassirostris","黑尾鸥","Charadriiformes","鸻形目","Laridae","鸥科","Larus","鸥属"
"Larus delawarensis","环嘴鸥","Charadriiformes","鸻形目","Laridae","鸥科","Larus","鸥属"
"Larus fuscus","小黑背银鸥","Charadriiformes","鸻形目","Laridae","鸥科","Larus","鸥属"
"Larus glaucescens","灰翅鸥","Charadriiformes","鸻形目","Laridae","鸥科","Larus","鸥属"
"Larus hyperboreus","北极鸥","Charadriiformes","鸻形目","Laridae","鸥科","Larus","鸥属"
"Larus schistisagus","灰背鸥","Charadriiformes","鸻形目","Laridae","鸥科","Larus","鸥属"
"Larus vegae","西伯利亚银鸥","Charadriiformes","鸻形目","Laridae","鸥科","Larus","鸥属"
"Leucophaeus atricilla","笑鸥","Charadriiformes","鸻形目","Laridae","鸥科","Leucophaeus",NA
"Leucophaeus pipixcan","弗氏鸥","Charadriiformes","鸻形目","Laridae","鸥科","Leucophaeus",NA
"Onychoprion aleuticus","白腰燕鸥","Charadriiformes","鸻形目","Laridae","鸥科","Onychoprion",NA
"Onychoprion anaethetus","褐翅燕鸥","Charadriiformes","鸻形目","Laridae","鸥科","Onychoprion",NA
"Onychoprion fuscatus","乌燕鸥","Charadriiformes","鸻形目","Laridae","鸥科","Onychoprion",NA
"Rhodostethia rosea","楔尾鸥","Charadriiformes","鸻形目","Laridae","鸥科","Rhodostethia","楔尾鸥属"
"Rissa tridactyla","三趾鸥","Charadriiformes","鸻形目","Laridae","鸥科","Rissa","三趾鸥属"
"Rynchops albicollis","剪嘴鸥","Charadriiformes","鸻形目","Laridae","鸥科","Rynchops","剪嘴鸥属"
"Saundersilarus saundersi","黑嘴鸥","Charadriiformes","鸻形目","Laridae","鸥科","Saundersilarus",NA
"Sterna acuticauda","黑腹燕鸥","Charadriiformes","鸻形目","Laridae","鸥科","Sterna","燕鸥属"
"Sterna aurantia","河燕鸥","Charadriiformes","鸻形目","Laridae","鸥科","Sterna","燕鸥属"
"Sterna dougallii","粉红燕鸥","Charadriiformes","鸻形目","Laridae","鸥科","Sterna","燕鸥属"
"Sterna hirundo","普通燕鸥","Charadriiformes","鸻形目","Laridae","鸥科","Sterna","燕鸥属"
"Sterna sumatrana","黑枕燕鸥","Charadriiformes","鸻形目","Laridae","鸥科","Sterna","燕鸥属"
"Sternula albifrons","白额燕鸥","Charadriiformes","鸻形目","Laridae","鸥科","Sternula",NA
"Thalasseus bengalensis","小凤头燕鸥","Charadriiformes","鸻形目","Laridae","鸥科","Thalasseus","凤头燕鸥属"
"Thalasseus bergii","大凤头燕鸥","Charadriiformes","鸻形目","Laridae","鸥科","Thalasseus","凤头燕鸥属"
"Thalasseus bernsteini","中华凤头燕鸥","Charadriiformes","鸻形目","Laridae","鸥科","Thalasseus","凤头燕鸥属"
"Thalasseus sandvicensis","白嘴端凤头燕鸥","Charadriiformes","鸻形目","Laridae","鸥科","Thalasseus","凤头燕鸥属"
"Xema sabini","叉尾鸥","Charadriiformes","鸻形目","Laridae","鸥科","Xema",NA
"Himantopus himantopus","黑翅长脚鹬","Charadriiformes","鸻形目","Recurvirostridae","反嘴鹬科","Himantopus","长脚鹬属"
"Recurvirostra avosetta","反嘴鹬","Charadriiformes","鸻形目","Recurvirostridae","反嘴鹬科","Recurvirostra","反嘴鹬属"
"Rostratula benghalensis","彩鹬","Charadriiformes","鸻形目","Rostratulidae","彩鹬科","Rostratula","彩鹬属"
"Actitis hypoleucos","矶鹬","Charadriiformes","鸻形目","Scolopacidae","鹬科","Actitis",NA
"Arenaria interpres","翻石鹬","Charadriiformes","鸻形目","Scolopacidae","鹬科","Arenaria","翻石鹬属"
"Calidris acuminata","尖尾滨鹬","Charadriiformes","鸻形目","Scolopacidae","鹬科","Calidris","滨鹬属"
"Calidris alba","三趾滨鹬","Charadriiformes","鸻形目","Scolopacidae","鹬科","Calidris","滨鹬属"
"Calidris alpina","黑腹滨鹬","Charadriiformes","鸻形目","Scolopacidae","鹬科","Calidris","滨鹬属"
"Calidris bairdii","黑腰滨鹬","Charadriiformes","鸻形目","Scolopacidae","鹬科","Calidris","滨鹬属"
"Calidris canutus","红腹滨鹬","Charadriiformes","鸻形目","Scolopacidae","鹬科","Calidris","滨鹬属"
"Calidris falcinellus","阔嘴鹬","Charadriiformes","鸻形目","Scolopacidae","鹬科","Calidris","滨鹬属"
"Calidris ferruginea","弯嘴滨鹬","Charadriiformes","鸻形目","Scolopacidae","鹬科","Calidris","滨鹬属"
"Calidris fuscicollis","白腰滨鹬","Charadriiformes","鸻形目","Scolopacidae","鹬科","Calidris","滨鹬属"
"Calidris himantopus","高跷鹬","Charadriiformes","鸻形目","Scolopacidae","鹬科","Calidris","滨鹬属"
"Calidris mauri","西滨鹬","Charadriiformes","鸻形目","Scolopacidae","鹬科","Calidris","滨鹬属"
"Calidris melanotos","斑胸滨鹬","Charadriiformes","鸻形目","Scolopacidae","鹬科","Calidris","滨鹬属"
"Calidris minuta","小滨鹬","Charadriiformes","鸻形目","Scolopacidae","鹬科","Calidris","滨鹬属"
"Calidris ptilocnemis","岩滨鹬","Charadriiformes","鸻形目","Scolopacidae","鹬科","Calidris","滨鹬属"
"Calidris pugnax","流苏鹬","Charadriiformes","鸻形目","Scolopacidae","鹬科","Calidris","滨鹬属"
"Calidris pygmaea","勺嘴鹬","Charadriiformes","鸻形目","Scolopacidae","鹬科","Calidris","滨鹬属"
"Calidris ruficollis","红颈滨鹬","Charadriiformes","鸻形目","Scolopacidae","鹬科","Calidris","滨鹬属"
"Calidris subminuta","长趾滨鹬","Charadriiformes","鸻形目","Scolopacidae","鹬科","Calidris","滨鹬属"
"Calidris subruficollis","黄胸滨鹬","Charadriiformes","鸻形目","Scolopacidae","鹬科","Calidris","滨鹬属"
"Calidris temminckii","青脚滨鹬","Charadriiformes","鸻形目","Scolopacidae","鹬科","Calidris","滨鹬属"
"Calidris tenuirostris","大滨鹬","Charadriiformes","鸻形目","Scolopacidae","鹬科","Calidris","滨鹬属"
"Gallinago gallinago","扇尾沙锥","Charadriiformes","鸻形目","Scolopacidae","鹬科","Gallinago","沙锥属"
"Gallinago hardwickii","拉氏沙锥","Charadriiformes","鸻形目","Scolopacidae","鹬科","Gallinago","沙锥属"
"Gallinago megala","大沙锥","Charadriiformes","鸻形目","Scolopacidae","鹬科","Gallinago","沙锥属"
"Gallinago nemoricola","林沙锥","Charadriiformes","鸻形目","Scolopacidae","鹬科","Gallinago","沙锥属"
"Gallinago solitaria","孤沙锥","Charadriiformes","鸻形目","Scolopacidae","鹬科","Gallinago","沙锥属"
"Gallinago stenura","针尾沙锥","Charadriiformes","鸻形目","Scolopacidae","鹬科","Gallinago","沙锥属"
"Limnodromus scolopaceus","长嘴半蹼鹬","Charadriiformes","鸻形目","Scolopacidae","鹬科","Limnodromus","半蹼鹬属"
"Limnodromus semipalmatus","半蹼鹬","Charadriiformes","鸻形目","Scolopacidae","鹬科","Limnodromus","半蹼鹬属"
"Limosa lapponica","斑尾塍鹬","Charadriiformes","鸻形目","Scolopacidae","鹬科","Limosa","塍鹬属"
"Limosa limosa","黑尾塍鹬","Charadriiformes","鸻形目","Scolopacidae","鹬科","Limosa","塍鹬属"
"Lymnocryptes minimus","姬鹬","Charadriiformes","鸻形目","Scolopacidae","鹬科","Lymnocryptes","姬鹬属"
"Numenius arquata","白腰杓鹬","Charadriiformes","鸻形目","Scolopacidae","鹬科","Numenius","杓鹬属"
"Numenius madagascariensis","大杓鹬","Charadriiformes","鸻形目","Scolopacidae","鹬科","Numenius","杓鹬属"
"Numenius minutus","小杓鹬","Charadriiformes","鸻形目","Scolopacidae","鹬科","Numenius","杓鹬属"
"Numenius phaeopus","中杓鹬","Charadriiformes","鸻形目","Scolopacidae","鹬科","Numenius","杓鹬属"
"Phalaropus fulicarius","灰瓣蹼鹬","Charadriiformes","鸻形目","Scolopacidae","鹬科","Phalaropus","瓣蹼鹬属"
"Phalaropus lobatus","红颈瓣蹼鹬","Charadriiformes","鸻形目","Scolopacidae","鹬科","Phalaropus","瓣蹼鹬属"
"Scolopax rusticola","丘鹬","Charadriiformes","鸻形目","Scolopacidae","鹬科","Scolopax","丘鹬属"
"Tringa brevipes","灰尾漂鹬","Charadriiformes","鸻形目","Scolopacidae","鹬科","Tringa","鹬属"
"Tringa erythropus","鹤鹬","Charadriiformes","鸻形目","Scolopacidae","鹬科","Tringa","鹬属"
"Tringa flavipes","小黄脚鹬","Charadriiformes","鸻形目","Scolopacidae","鹬科","Tringa","鹬属"
"Tringa glareola","林鹬","Charadriiformes","鸻形目","Scolopacidae","鹬科","Tringa","鹬属"
"Tringa guttifer","小青脚鹬","Charadriiformes","鸻形目","Scolopacidae","鹬科","Tringa","鹬属"
"Tringa incana","漂鹬","Charadriiformes","鸻形目","Scolopacidae","鹬科","Tringa","鹬属"
"Tringa nebularia","青脚鹬","Charadriiformes","鸻形目","Scolopacidae","鹬科","Tringa","鹬属"
"Tringa ochropus","白腰草鹬","Charadriiformes","鸻形目","Scolopacidae","鹬科","Tringa","鹬属"
"Tringa stagnatilis","泽鹬","Charadriiformes","鸻形目","Scolopacidae","鹬科","Tringa","鹬属"
"Tringa totanus","红脚鹬","Charadriiformes","鸻形目","Scolopacidae","鹬科","Tringa","鹬属"
"Xenus cinereus","翘嘴鹬","Charadriiformes","鸻形目","Scolopacidae","鹬科","Xenus","翘嘴鹬属"
"Stercorarius longicaudus","长尾贼鸥","Charadriiformes","鸻形目","Stercorariidae","贼鸥科","Stercorarius","大贼鸥属"
"Stercorarius maccormicki","南极贼鸥","Charadriiformes","鸻形目","Stercorariidae","贼鸥科","Stercorarius","大贼鸥属"
"Stercorarius parasiticus","短尾贼鸥","Charadriiformes","鸻形目","Stercorariidae","贼鸥科","Stercorarius","大贼鸥属"
"Stercorarius pomarinus","中贼鸥","Charadriiformes","鸻形目","Stercorariidae","贼鸥科","Stercorarius","大贼鸥属"
"Turnix suscitator","棕三趾鹑","Charadriiformes","鸻形目","Turnicidae","三趾鹑科","Turnix","三趾鹑属"
"Turnix sylvaticus","林三趾鹑","Charadriiformes","鸻形目","Turnicidae","三趾鹑科","Turnix","三趾鹑属"
"Turnix tanki","黄脚三趾鹑","Charadriiformes","鸻形目","Turnicidae","三趾鹑科","Turnix","三趾鹑属"
"Anastomus oscitans","钳嘴鹳","Ciconiiformes","鹳形目","Ciconiidae","鹳科","Anastomus",NA
"Ciconia boyciana","东方白鹳","Ciconiiformes","鹳形目","Ciconiidae","鹳科","Ciconia","鹳属"
"Ciconia ciconia","白鹳","Ciconiiformes","鹳形目","Ciconiidae","鹳科","Ciconia","鹳属"
"Ciconia episcopus","白颈鹳","Ciconiiformes","鹳形目","Ciconiidae","鹳科","Ciconia","鹳属"
"Ciconia nigra","黑鹳","Ciconiiformes","鹳形目","Ciconiidae","鹳科","Ciconia","鹳属"
"Leptoptilos javanicus","秃鹳","Ciconiiformes","鹳形目","Ciconiidae","鹳科","Leptoptilos","秃鹳属"
"Mycteria leucocephala","彩鹳","Ciconiiformes","鹳形目","Ciconiidae","鹳科","Mycteria","鹮鹳属"
"Chalcophaps indica","绿翅金鸠","Columbiformes","鸽形目","Columbidae","鸠鸽科","Chalcophaps","金鸠属"
"Columba eversmanni","中亚鸽","Columbiformes","鸽形目","Columbidae","鸠鸽科","Columba","鸽属"
"Columba hodgsonii","斑林鸽","Columbiformes","鸽形目","Columbidae","鸠鸽科","Columba","鸽属"
"Columba janthina","黑林鸽","Columbiformes","鸽形目","Columbidae","鸠鸽科","Columba","鸽属"
"Columba leuconota","雪鸽","Columbiformes","鸽形目","Columbidae","鸠鸽科","Columba","鸽属"
"Columba livia","原鸽","Columbiformes","鸽形目","Columbidae","鸠鸽科","Columba","鸽属"
"Columba oenas","欧鸽","Columbiformes","鸽形目","Columbidae","鸠鸽科","Columba","鸽属"
"Columba palumbus","斑尾林鸽","Columbiformes","鸽形目","Columbidae","鸠鸽科","Columba","鸽属"
"Columba pulchricollis","灰林鸽","Columbiformes","鸽形目","Columbidae","鸠鸽科","Columba","鸽属"
"Columba punicea","紫林鸽","Columbiformes","鸽形目","Columbidae","鸠鸽科","Columba","鸽属"
"Columba rupestris","岩鸽","Columbiformes","鸽形目","Columbidae","鸠鸽科","Columba","鸽属"
"Columba vitiensis","白喉林鸽","Columbiformes","鸽形目","Columbidae","鸠鸽科","Columba","鸽属"
"Ducula aenea","绿皇鸠","Columbiformes","鸽形目","Columbidae","鸠鸽科","Ducula","皇鸠属"
"Ducula badia","山皇鸠","Columbiformes","鸽形目","Columbidae","鸠鸽科","Ducula","皇鸠属"
"Geopelia striata","斑姬地鸠","Columbiformes","鸽形目","Columbidae","鸠鸽科","Geopelia",NA
"Macropygia ruficeps","小鹃鸠","Columbiformes","鸽形目","Columbidae","鸠鸽科","Macropygia","鹃鸠属"
"Macropygia tenuirostris","菲律宾鹃鸠","Columbiformes","鸽形目","Columbidae","鸠鸽科","Macropygia","鹃鸠属"
"Macropygia unchall","斑尾鹃鸠","Columbiformes","鸽形目","Columbidae","鸠鸽科","Macropygia","鹃鸠属"
"Ptilinopus leclancheri","黑颏果鸠","Columbiformes","鸽形目","Columbidae","鸠鸽科","Ptilinopus","果鸠属"
"Spilopelia chinensis","珠颈斑鸠","Columbiformes","鸽形目","Columbidae","鸠鸽科","Spilopelia",NA
"Spilopelia senegalensis","棕斑鸠","Columbiformes","鸽形目","Columbidae","鸠鸽科","Spilopelia",NA
"Streptopelia decaocto","灰斑鸠","Columbiformes","鸽形目","Columbidae","鸠鸽科","Streptopelia","斑鸠属"
"Streptopelia orientalis","山斑鸠","Columbiformes","鸽形目","Columbidae","鸠鸽科","Streptopelia","斑鸠属"
"Streptopelia tranquebarica","火斑鸠","Columbiformes","鸽形目","Columbidae","鸠鸽科","Streptopelia","斑鸠属"
"Streptopelia turtur","欧斑鸠","Columbiformes","鸽形目","Columbidae","鸠鸽科","Streptopelia","斑鸠属"
"Treron apicauda","针尾绿鸠","Columbiformes","鸽形目","Columbidae","鸠鸽科","Treron","绿鸠属"
"Treron bicinctus","橙胸绿鸠","Columbiformes","鸽形目","Columbidae","鸠鸽科","Treron","绿鸠属"
"Treron curvirostra","厚嘴绿鸠","Columbiformes","鸽形目","Columbidae","鸠鸽科","Treron","绿鸠属"
"Treron formosae","红顶绿鸠","Columbiformes","鸽形目","Columbidae","鸠鸽科","Treron","绿鸠属"
"Treron phayrei","灰头绿鸠","Columbiformes","鸽形目","Columbidae","鸠鸽科","Treron","绿鸠属"
"Treron phoenicopterus","黄脚绿鸠","Columbiformes","鸽形目","Columbidae","鸠鸽科","Treron","绿鸠属"
"Treron seimundi","白腹针尾绿鸠","Columbiformes","鸽形目","Columbidae","鸠鸽科","Treron","绿鸠属"
"Treron sieboldii","红翅绿鸠","Columbiformes","鸽形目","Columbidae","鸠鸽科","Treron","绿鸠属"
"Treron sphenurus","楔尾绿鸠","Columbiformes","鸽形目","Columbidae","鸠鸽科","Treron","绿鸠属"
"Alcedo atthis","普通翠鸟","Coraciiformes","佛法僧目","Alcedinidae","翠鸟科","Alcedo","翠鸟属"
"Alcedo hercules","斑头大翠鸟","Coraciiformes","佛法僧目","Alcedinidae","翠鸟科","Alcedo","翠鸟属"
"Alcedo meninting","蓝耳翠鸟","Coraciiformes","佛法僧目","Alcedinidae","翠鸟科","Alcedo","翠鸟属"
"Ceryle rudis","斑鱼狗","Coraciiformes","佛法僧目","Alcedinidae","翠鸟科","Ceryle","鱼狗属"
"Ceyx erithaca","三趾翠鸟","Coraciiformes","佛法僧目","Alcedinidae","翠鸟科","Ceyx","三趾翠鸟属"
"Halcyon coromanda","赤翡翠","Coraciiformes","佛法僧目","Alcedinidae","翠鸟科","Halcyon","翡翠属"
"Halcyon pileata","蓝翡翠","Coraciiformes","佛法僧目","Alcedinidae","翠鸟科","Halcyon","翡翠属"
"Halcyon smyrnensis","白胸翡翠","Coraciiformes","佛法僧目","Alcedinidae","翠鸟科","Halcyon","翡翠属"
"Megaceryle lugubris","冠鱼狗","Coraciiformes","佛法僧目","Alcedinidae","翠鸟科","Megaceryle",NA
"Pelargopsis capensis","鹳嘴翡翠","Coraciiformes","佛法僧目","Alcedinidae","翠鸟科","Pelargopsis","鹳嘴翡翠属"
"Todiramphus chloris","白领翡翠","Coraciiformes","佛法僧目","Alcedinidae","翠鸟科","Todiramphus",NA
"Coracias affinis","棕胸佛法僧","Coraciiformes","佛法僧目","Coraciidae","佛法僧科","Coracias","佛法僧属"
"Coracias garrulus","蓝胸佛法僧","Coraciiformes","佛法僧目","Coraciidae","佛法僧科","Coracias","佛法僧属"
"Eurystomus orientalis","三宝鸟","Coraciiformes","佛法僧目","Coraciidae","佛法僧科","Eurystomus","三宝鸟属"
"Merops apiaster","黄喉蜂虎","Coraciiformes","佛法僧目","Meropidae","蜂虎科","Merops","蜂虎属"
"Merops leschenaulti","栗头蜂虎","Coraciiformes","佛法僧目","Meropidae","蜂虎科","Merops","蜂虎属"
"Merops orientalis","绿喉蜂虎","Coraciiformes","佛法僧目","Meropidae","蜂虎科","Merops","蜂虎属"
"Merops ornatus","彩虹蜂虎","Coraciiformes","佛法僧目","Meropidae","蜂虎科","Merops","蜂虎属"
"Merops persicus","蓝颊蜂虎","Coraciiformes","佛法僧目","Meropidae","蜂虎科","Merops","蜂虎属"
"Merops philippinus","栗喉蜂虎","Coraciiformes","佛法僧目","Meropidae","蜂虎科","Merops","蜂虎属"
"Merops viridis","蓝喉蜂虎","Coraciiformes","佛法僧目","Meropidae","蜂虎科","Merops","蜂虎属"
"Nyctyornis amictus","赤须夜蜂虎","Coraciiformes","佛法僧目","Meropidae","蜂虎科","Nyctyornis","夜蜂虎属"
"Nyctyornis athertoni","蓝须夜蜂虎","Coraciiformes","佛法僧目","Meropidae","蜂虎科","Nyctyornis","夜蜂虎属"
"Cacomantis merulinus","八声杜鹃","Cuculiformes","鹃形目","Cuculidae","杜鹃科","Cacomantis",NA
"Cacomantis sonneratii","栗斑杜鹃","Cuculiformes","鹃形目","Cuculidae","杜鹃科","Cacomantis",NA
"Centropus bengalensis","小鸦鹃","Cuculiformes","鹃形目","Cuculidae","杜鹃科","Centropus","鸦鹃属"
"Centropus sinensis","褐翅鸦鹃","Cuculiformes","鹃形目","Cuculidae","杜鹃科","Centropus","鸦鹃属"
"Chrysococcyx maculatus","翠金鹃","Cuculiformes","鹃形目","Cuculidae","杜鹃科","Chrysococcyx",NA
"Chrysococcyx xanthorhynchus","紫金鹃","Cuculiformes","鹃形目","Cuculidae","杜鹃科","Chrysococcyx",NA
"Clamator coromandus","红翅凤头鹃","Cuculiformes","鹃形目","Cuculidae","杜鹃科","Clamator","凤头鹃属"
"Clamator jacobinus","斑翅凤头鹃","Cuculiformes","鹃形目","Cuculidae","杜鹃科","Clamator","凤头鹃属"
"Cuculus canorus","大杜鹃","Cuculiformes","鹃形目","Cuculidae","杜鹃科","Cuculus","杜鹃属"
"Cuculus micropterus","四声杜鹃","Cuculiformes","鹃形目","Cuculidae","杜鹃科","Cuculus","杜鹃属"
"Cuculus optatus","东方中杜鹃","Cuculiformes","鹃形目","Cuculidae","杜鹃科","Cuculus","杜鹃属"
"Cuculus poliocephalus","小杜鹃","Cuculiformes","鹃形目","Cuculidae","杜鹃科","Cuculus","杜鹃属"
"Cuculus saturatus","中杜鹃","Cuculiformes","鹃形目","Cuculidae","杜鹃科","Cuculus","杜鹃属"
"Eudynamys scolopaceus","噪鹃","Cuculiformes","鹃形目","Cuculidae","杜鹃科","Eudynamys","噪鹃属"
"Hierococcyx hyperythrus","北棕腹鹰鹃","Cuculiformes","鹃形目","Cuculidae","杜鹃科","Hierococcyx",NA
"Hierococcyx nisicolor","棕腹鹰鹃","Cuculiformes","鹃形目","Cuculidae","杜鹃科","Hierococcyx",NA
"Hierococcyx sparverioides","大鹰鹃","Cuculiformes","鹃形目","Cuculidae","杜鹃科","Hierococcyx",NA
"Hierococcyx varius","普通鹰鹃","Cuculiformes","鹃形目","Cuculidae","杜鹃科","Hierococcyx",NA
"Phaenicophaeus tristis","绿嘴地鹃","Cuculiformes","鹃形目","Cuculidae","杜鹃科","Phaenicophaeus","地鹃属"
"Surniculus lugubris","乌鹃","Cuculiformes","鹃形目","Cuculidae","杜鹃科","Surniculus","乌鹃属"
"Falco amurensis","红脚隼","Falconiformes","隼形目","Falconidae","隼科","Falco","隼属"
"Falco cherrug","猎隼","Falconiformes","隼形目","Falconidae","隼科","Falco","隼属"
"Falco columbarius","灰背隼","Falconiformes","隼形目","Falconidae","隼科","Falco","隼属"
"Falco naumanni","黄爪隼","Falconiformes","隼形目","Falconidae","隼科","Falco","隼属"
"Falco peregrinus","游隼","Falconiformes","隼形目","Falconidae","隼科","Falco","隼属"
"Falco rusticolus","矛隼","Falconiformes","隼形目","Falconidae","隼科","Falco","隼属"
"Falco severus","猛隼","Falconiformes","隼形目","Falconidae","隼科","Falco","隼属"
"Falco subbuteo","燕隼","Falconiformes","隼形目","Falconidae","隼科","Falco","隼属"
"Falco tinnunculus","红隼","Falconiformes","隼形目","Falconidae","隼科","Falco","隼属"
"Falco vespertinus","西红脚隼","Falconiformes","隼形目","Falconidae","隼科","Falco","隼属"
"Microhierax caerulescens","红腿小隼","Falconiformes","隼形目","Falconidae","隼科","Microhierax","小隼属"
"Microhierax melanoleucos","白腿小隼","Falconiformes","隼形目","Falconidae","隼科","Microhierax","小隼属"
"Alectoris chukar","石鸡","Galliformes","鸡形目","Phasianidae","雉科","Alectoris","石鸡属"
"Alectoris magna","大石鸡","Galliformes","鸡形目","Phasianidae","雉科","Alectoris","石鸡属"
"Arborophila ardens","海南山鹧鸪","Galliformes","鸡形目","Phasianidae","雉科","Arborophila","山鹧鸪属"
"Arborophila atrogularis","白颊山鹧鸪","Galliformes","鸡形目","Phasianidae","雉科","Arborophila","山鹧鸪属"
"Arborophila brunneopectus","褐胸山鹧鸪","Galliformes","鸡形目","Phasianidae","雉科","Arborophila","山鹧鸪属"
"Arborophila crudigularis","台湾山鹧鸪","Galliformes","鸡形目","Phasianidae","雉科","Arborophila","山鹧鸪属"
"Arborophila gingica","白眉山鹧鸪","Galliformes","鸡形目","Phasianidae","雉科","Arborophila","山鹧鸪属"
"Arborophila mandellii","红胸山鹧鸪","Galliformes","鸡形目","Phasianidae","雉科","Arborophila","山鹧鸪属"
"Arborophila rufipectus","四川山鹧鸪","Galliformes","鸡形目","Phasianidae","雉科","Arborophila","山鹧鸪属"
"Arborophila rufogularis","红喉山鹧鸪","Galliformes","鸡形目","Phasianidae","雉科","Arborophila","山鹧鸪属"
"Arborophila torqueola","环颈山鹧鸪","Galliformes","鸡形目","Phasianidae","雉科","Arborophila","山鹧鸪属"
"Bambusicola fytchii","棕胸竹鸡","Galliformes","鸡形目","Phasianidae","雉科","Bambusicola","竹鸡属"
"Bambusicola sonorivox","台湾竹鸡","Galliformes","鸡形目","Phasianidae","雉科","Bambusicola","竹鸡属"
"Bambusicola thoracicus","灰胸竹鸡","Galliformes","鸡形目","Phasianidae","雉科","Bambusicola","竹鸡属"
"Chrysolophus amherstiae","白腹锦鸡","Galliformes","鸡形目","Phasianidae","雉科","Chrysolophus","锦鸡属"
"Chrysolophus pictus","红腹锦鸡","Galliformes","鸡形目","Phasianidae","雉科","Chrysolophus","锦鸡属"
"Coturnix coturnix","西鹌鹑","Galliformes","鸡形目","Phasianidae","雉科","Coturnix","鹌鹑属"
"Coturnix japonica","鹌鹑","Galliformes","鸡形目","Phasianidae","雉科","Coturnix","鹌鹑属"
"Crossoptilon auritum","蓝马鸡","Galliformes","鸡形目","Phasianidae","雉科","Crossoptilon","马鸡属"
"Crossoptilon crossoptilon","白马鸡","Galliformes","鸡形目","Phasianidae","雉科","Crossoptilon","马鸡属"
"Crossoptilon harmani","藏马鸡","Galliformes","鸡形目","Phasianidae","雉科","Crossoptilon","马鸡属"
"Crossoptilon mantchuricum","褐马鸡","Galliformes","鸡形目","Phasianidae","雉科","Crossoptilon","马鸡属"
"Falcipennis falcipennis","镰翅鸡","Galliformes","鸡形目","Phasianidae","雉科","Falcipennis",NA
"Francolinus pintadeanus","中华鹧鸪","Galliformes","鸡形目","Phasianidae","雉科","Francolinus","鹧鸪属"
"Gallus gallus","红原鸡","Galliformes","鸡形目","Phasianidae","雉科","Gallus","原鸡属"
"Ithaginis cruentus","血雉","Galliformes","鸡形目","Phasianidae","雉科","Ithaginis","血雉属"
"Lagopus lagopus","柳雷鸟","Galliformes","鸡形目","Phasianidae","雉科","Lagopus","雷鸟属"
"Lagopus muta","岩雷鸟","Galliformes","鸡形目","Phasianidae","雉科","Lagopus","雷鸟属"
"Lerwa lerwa","雪鹑","Galliformes","鸡形目","Phasianidae","雉科","Lerwa","雪鹑属"
"Lophophorus impejanus","棕尾虹雉","Galliformes","鸡形目","Phasianidae","雉科","Lophophorus","虹雉属"
"Lophophorus lhuysii","绿尾虹雉","Galliformes","鸡形目","Phasianidae","雉科","Lophophorus","虹雉属"
"Lophophorus sclateri","白尾梢虹雉","Galliformes","鸡形目","Phasianidae","雉科","Lophophorus","虹雉属"
"Lophura leucomelanos","黑鹇","Galliformes","鸡形目","Phasianidae","雉科","Lophura","鹇属"
"Lophura nycthemera","白鹇","Galliformes","鸡形目","Phasianidae","雉科","Lophura","鹇属"
"Lophura swinhoii","蓝腹鹇","Galliformes","鸡形目","Phasianidae","雉科","Lophura","鹇属"
"Lyrurus tetrix","黑琴鸡","Galliformes","鸡形目","Phasianidae","雉科","Lyrurus","琴鸡属"
"Pavo muticus","绿孔雀","Galliformes","鸡形目","Phasianidae","雉科","Pavo","孔雀属"
"Perdix dauurica","斑翅山鹑","Galliformes","鸡形目","Phasianidae","雉科","Perdix","山鹑属"
"Perdix hodgsoniae","高原山鹑","Galliformes","鸡形目","Phasianidae","雉科","Perdix","山鹑属"
"Perdix perdix","灰山鹑","Galliformes","鸡形目","Phasianidae","雉科","Perdix","山鹑属"
"Phasianus colchicus","环颈雉","Galliformes","鸡形目","Phasianidae","雉科","Phasianus","雉属"
"Polyplectron bicalcaratum","灰孔雀雉","Galliformes","鸡形目","Phasianidae","雉科","Polyplectron","孔雀雉属"
"Polyplectron katsumatae","海南孔雀雉","Galliformes","鸡形目","Phasianidae","雉科","Polyplectron","孔雀雉属"
"Pucrasia macrolopha","勺鸡","Galliformes","鸡形目","Phasianidae","雉科","Pucrasia","勺鸡属"
"Synoicus chinensis","蓝胸鹑","Galliformes","鸡形目","Phasianidae","雉科","Synoicus",NA
"Syrmaticus ellioti","白颈长尾雉","Galliformes","鸡形目","Phasianidae","雉科","Syrmaticus","长尾雉属"
"Syrmaticus humiae","黑颈长尾雉","Galliformes","鸡形目","Phasianidae","雉科","Syrmaticus","长尾雉属"
"Syrmaticus mikado","黑长尾雉","Galliformes","鸡形目","Phasianidae","雉科","Syrmaticus","长尾雉属"
"Syrmaticus reevesii","白冠长尾雉","Galliformes","鸡形目","Phasianidae","雉科","Syrmaticus","长尾雉属"
"Tetrao urogalloides","黑嘴松鸡","Galliformes","鸡形目","Phasianidae","雉科","Tetrao","松鸡属"
"Tetrao urogallus","松鸡","Galliformes","鸡形目","Phasianidae","雉科","Tetrao","松鸡属"
"Tetraogallus altaicus","阿尔泰雪鸡","Galliformes","鸡形目","Phasianidae","雉科","Tetraogallus","雪鸡属"
"Tetraogallus himalayensis","暗腹雪鸡","Galliformes","鸡形目","Phasianidae","雉科","Tetraogallus","雪鸡属"
"Tetraogallus tibetanus","藏雪鸡","Galliformes","鸡形目","Phasianidae","雉科","Tetraogallus","雪鸡属"
"Tetraophasis obscurus","红喉雉鹑","Galliformes","鸡形目","Phasianidae","雉科","Tetraophasis","雉鹑属"
"Tetraophasis szechenyii","黄喉雉鹑","Galliformes","鸡形目","Phasianidae","雉科","Tetraophasis","雉鹑属"
"Tetrastes bonasia","花尾榛鸡","Galliformes","鸡形目","Phasianidae","雉科","Tetrastes",NA
"Tetrastes sewerzowi","斑尾榛鸡","Galliformes","鸡形目","Phasianidae","雉科","Tetrastes",NA
"Tragopan blythii","灰腹角雉","Galliformes","鸡形目","Phasianidae","雉科","Tragopan","角雉属"
"Tragopan caboti","黄腹角雉","Galliformes","鸡形目","Phasianidae","雉科","Tragopan","角雉属"
"Tragopan melanocephalus","黑头角雉","Galliformes","鸡形目","Phasianidae","雉科","Tragopan","角雉属"
"Tragopan satyra","红胸角雉","Galliformes","鸡形目","Phasianidae","雉科","Tragopan","角雉属"
"Tragopan temminckii","红腹角雉","Galliformes","鸡形目","Phasianidae","雉科","Tragopan","角雉属"
"Tropicoperdix chloropus","绿脚树鹧鸪","Galliformes","鸡形目","Phasianidae","雉科","Tropicoperdix",NA
"Gavia adamsii","黄嘴潜鸟","Gaviiformes","潜鸟目","Gaviidae","潜鸟科","Gavia","潜鸟属"
"Gavia arctica","黑喉潜鸟","Gaviiformes","潜鸟目","Gaviidae","潜鸟科","Gavia","潜鸟属"
"Gavia pacifica","太平洋潜鸟","Gaviiformes","潜鸟目","Gaviidae","潜鸟科","Gavia","潜鸟属"
"Gavia stellata","红喉潜鸟","Gaviiformes","潜鸟目","Gaviidae","潜鸟科","Gavia","潜鸟属"
"Antigone antigone","赤颈鹤","Gruiformes","鹤形目","Gruidae","鹤科","Antigone",NA
"Antigone canadensis","沙丘鹤","Gruiformes","鹤形目","Gruidae","鹤科","Antigone",NA
"Antigone vipio","白枕鹤","Gruiformes","鹤形目","Gruidae","鹤科","Antigone",NA
"Grus grus","灰鹤","Gruiformes","鹤形目","Gruidae","鹤科","Grus","鹤属"
"Grus japonensis","丹顶鹤","Gruiformes","鹤形目","Gruidae","鹤科","Grus","鹤属"
"Grus monacha","白头鹤","Gruiformes","鹤形目","Gruidae","鹤科","Grus","鹤属"
"Grus nigricollis","黑颈鹤","Gruiformes","鹤形目","Gruidae","鹤科","Grus","鹤属"
"Grus virgo","蓑羽鹤","Gruiformes","鹤形目","Gruidae","鹤科","Grus","鹤属"
"Leucogeranus leucogeranus","白鹤","Gruiformes","鹤形目","Gruidae","鹤科","Leucogeranus",NA
"Amaurornis cinerea","白眉苦恶鸟","Gruiformes","鹤形目","Rallidae","秧鸡科","Amaurornis","苦恶鸟属"
"Amaurornis phoenicurus","白胸苦恶鸟","Gruiformes","鹤形目","Rallidae","秧鸡科","Amaurornis","苦恶鸟属"
"Coturnicops exquisitus","花田鸡","Gruiformes","鹤形目","Rallidae","秧鸡科","Coturnicops",NA
"Crex crex","长脚秧鸡","Gruiformes","鹤形目","Rallidae","秧鸡科","Crex","长脚秧鸡属"
"Fulica atra","白骨顶","Gruiformes","鹤形目","Rallidae","秧鸡科","Fulica","骨顶属"
"Gallicrex cinerea","董鸡","Gruiformes","鹤形目","Rallidae","秧鸡科","Gallicrex","董鸡属"
"Gallinula chloropus","黑水鸡","Gruiformes","鹤形目","Rallidae","秧鸡科","Gallinula","黑水鸡属"
"Lewinia striata","灰胸秧鸡","Gruiformes","鹤形目","Rallidae","秧鸡科","Lewinia",NA
"Porphyrio poliocephalus","紫水鸡","Gruiformes","鹤形目","Rallidae","秧鸡科","Porphyrio","紫水鸡属"
"Porzana porzana","斑胸田鸡","Gruiformes","鹤形目","Rallidae","秧鸡科","Porzana","田鸡属"
"Rallina eurizonoides","白喉斑秧鸡","Gruiformes","鹤形目","Rallidae","秧鸡科","Rallina","斑秧鸡属"
"Rallina fasciata","红脚斑秧鸡","Gruiformes","鹤形目","Rallidae","秧鸡科","Rallina","斑秧鸡属"
"Rallus aquaticus","西秧鸡","Gruiformes","鹤形目","Rallidae","秧鸡科","Rallus","秧鸡属"
"Rallus indicus","普通秧鸡","Gruiformes","鹤形目","Rallidae","秧鸡科","Rallus","秧鸡属"
"Zapornia akool","红脚田鸡","Gruiformes","鹤形目","Rallidae","秧鸡科","Zapornia",NA
"Zapornia bicolor","棕背田鸡","Gruiformes","鹤形目","Rallidae","秧鸡科","Zapornia",NA
"Zapornia fusca","红胸田鸡","Gruiformes","鹤形目","Rallidae","秧鸡科","Zapornia",NA
"Zapornia parva","姬田鸡","Gruiformes","鹤形目","Rallidae","秧鸡科","Zapornia",NA
"Zapornia paykullii","斑胁田鸡","Gruiformes","鹤形目","Rallidae","秧鸡科","Zapornia",NA
"Zapornia pusilla","小田鸡","Gruiformes","鹤形目","Rallidae","秧鸡科","Zapornia",NA
"Chlamydotis macqueenii","波斑鸨","Otidiformes","鸨形目","Otididae","鸨科","Chlamydotis",NA
"Otis tarda","大鸨","Otidiformes","鸨形目","Otididae","鸨科","Otis","大鸨属"
"Tetrax tetrax","小鸨","Otidiformes","鸨形目","Otididae","鸨科","Tetrax",NA
"Acrocephalus agricola","稻田苇莺","Passeriformes","雀形目","Acrocephalidae","苇莺科","Acrocephalus","苇莺属"
"Acrocephalus arundinaceus","大苇莺","Passeriformes","雀形目","Acrocephalidae","苇莺科","Acrocephalus","苇莺属"
"Acrocephalus bistrigiceps","黑眉苇莺","Passeriformes","雀形目","Acrocephalidae","苇莺科","Acrocephalus","苇莺属"
"Acrocephalus concinens","钝翅苇莺","Passeriformes","雀形目","Acrocephalidae","苇莺科","Acrocephalus","苇莺属"
"Acrocephalus dumetorum","布氏苇莺","Passeriformes","雀形目","Acrocephalidae","苇莺科","Acrocephalus","苇莺属"
"Acrocephalus melanopogon","须苇莺","Passeriformes","雀形目","Acrocephalidae","苇莺科","Acrocephalus","苇莺属"
"Acrocephalus orientalis","东方大苇莺","Passeriformes","雀形目","Acrocephalidae","苇莺科","Acrocephalus","苇莺属"
"Acrocephalus schoenobaenus","蒲苇莺","Passeriformes","雀形目","Acrocephalidae","苇莺科","Acrocephalus","苇莺属"
"Acrocephalus scirpaceus","芦莺","Passeriformes","雀形目","Acrocephalidae","苇莺科","Acrocephalus","苇莺属"
"Acrocephalus sorghophilus","细纹苇莺","Passeriformes","雀形目","Acrocephalidae","苇莺科","Acrocephalus","苇莺属"
"Acrocephalus stentoreus","噪苇莺","Passeriformes","雀形目","Acrocephalidae","苇莺科","Acrocephalus","苇莺属"
"Acrocephalus tangorum","远东苇莺","Passeriformes","雀形目","Acrocephalidae","苇莺科","Acrocephalus","苇莺属"
"Arundinax aedon","厚嘴苇莺","Passeriformes","雀形目","Acrocephalidae","苇莺科","Arundinax",NA
"Iduna caligata","靴篱莺","Passeriformes","雀形目","Acrocephalidae","苇莺科","Iduna",NA
"Iduna pallida","草绿篱莺","Passeriformes","雀形目","Acrocephalidae","苇莺科","Iduna",NA
"Iduna rama","赛氏篱莺","Passeriformes","雀形目","Acrocephalidae","苇莺科","Iduna",NA
"Aegithalos bonvaloti","黑眉长尾山雀","Passeriformes","雀形目","Aegithalidae","长尾山雀科","Aegithalos","长尾山雀属"
"Aegithalos caudatus","北长尾山雀","Passeriformes","雀形目","Aegithalidae","长尾山雀科","Aegithalos","长尾山雀属"
"Aegithalos concinnus","红头长尾山雀","Passeriformes","雀形目","Aegithalidae","长尾山雀科","Aegithalos","长尾山雀属"
"Aegithalos fuliginosus","银脸长尾山雀","Passeriformes","雀形目","Aegithalidae","长尾山雀科","Aegithalos","长尾山雀属"
"Aegithalos glaucogularis","银喉长尾山雀","Passeriformes","雀形目","Aegithalidae","长尾山雀科","Aegithalos","长尾山雀属"
"Aegithalos iouschistos","棕额长尾山雀","Passeriformes","雀形目","Aegithalidae","长尾山雀科","Aegithalos","长尾山雀属"
"Leptopoecile elegans","凤头雀莺","Passeriformes","雀形目","Aegithalidae","长尾山雀科","Leptopoecile","雀莺属"
"Leptopoecile sophiae","花彩雀莺","Passeriformes","雀形目","Aegithalidae","长尾山雀科","Leptopoecile","雀莺属"
"Aegithina lafresnayei","大绿雀鹎","Passeriformes","雀形目","Aegithinidae","雀鹎科","Aegithina","雀鹎属"
"Aegithina tiphia","黑翅雀鹎","Passeriformes","雀形目","Aegithinidae","雀鹎科","Aegithina","雀鹎属"
"Alauda arvensis","云雀","Passeriformes","雀形目","Alaudidae","百灵科","Alauda","云雀属"
"Alauda gulgula","小云雀","Passeriformes","雀形目","Alaudidae","百灵科","Alauda","云雀属"
"Alauda leucoptera","白翅云雀","Passeriformes","雀形目","Alaudidae","百灵科","Alauda","云雀属"
"Alaudala cheleensis","短趾百灵","Passeriformes","雀形目","Alaudidae","百灵科","Alaudala",NA
"Alaudala heinei","中亚短趾百灵","Passeriformes","雀形目","Alaudidae","百灵科","Alaudala",NA
"Calandrella acutirostris","细嘴短趾百灵","Passeriformes","雀形目","Alaudidae","百灵科","Calandrella","短趾百灵属"
"Calandrella brachydactyla","大短趾百灵","Passeriformes","雀形目","Alaudidae","百灵科","Calandrella","短趾百灵属"
"Calandrella dukhunensis","中华短趾百灵","Passeriformes","雀形目","Alaudidae","百灵科","Calandrella","短趾百灵属"
"Eremophila alpestris","角百灵","Passeriformes","雀形目","Alaudidae","百灵科","Eremophila","角百灵属"
"Galerida cristata","凤头百灵","Passeriformes","雀形目","Alaudidae","百灵科","Galerida","凤头百灵属"
"Melanocorypha bimaculata","双斑百灵","Passeriformes","雀形目","Alaudidae","百灵科","Melanocorypha","百灵属"
"Melanocorypha calandra","草原百灵","Passeriformes","雀形目","Alaudidae","百灵科","Melanocorypha","百灵属"
"Melanocorypha maxima","长嘴百灵","Passeriformes","雀形目","Alaudidae","百灵科","Melanocorypha","百灵属"
"Melanocorypha mongolica","蒙古百灵","Passeriformes","雀形目","Alaudidae","百灵科","Melanocorypha","百灵属"
"Melanocorypha yeltoniensis","黑百灵","Passeriformes","雀形目","Alaudidae","百灵科","Melanocorypha","百灵属"
"Mirafra javanica","歌百灵","Passeriformes","雀形目","Alaudidae","百灵科","Mirafra","歌百灵属"
"Alcippe davidi","灰眶雀鹛","Passeriformes","雀形目","Alcippeidae","雀鹛科","Alcippe","雀鹛属"
"Alcippe fratercula","云南雀鹛","Passeriformes","雀形目","Alcippeidae","雀鹛科","Alcippe","雀鹛属"
"Alcippe hueti","淡眉雀鹛","Passeriformes","雀形目","Alcippeidae","雀鹛科","Alcippe","雀鹛属"
"Alcippe morrisonia","台湾雀鹛","Passeriformes","雀形目","Alcippeidae","雀鹛科","Alcippe","雀鹛属"
"Alcippe nipalensis","白眶雀鹛","Passeriformes","雀形目","Alcippeidae","雀鹛科","Alcippe","雀鹛属"
"Alcippe poioicephala","褐脸雀鹛","Passeriformes","雀形目","Alcippeidae","雀鹛科","Alcippe","雀鹛属"
"Artamus fuscus","灰燕鵙","Passeriformes","雀形目","Artamidae","燕鵙科","Artamus","燕鵙属"
"Bombycilla garrulus","太平鸟","Passeriformes","雀形目","Bombycillidae","太平鸟科","Bombycilla","太平鸟属"
"Bombycilla japonica","小太平鸟","Passeriformes","雀形目","Bombycillidae","太平鸟科","Bombycilla","太平鸟属"
"Calcarius lapponicus","铁爪鹀","Passeriformes","雀形目","Calcariidae","铁爪鹀科","Calcarius","铁爪鹀属"
"Plectrophenax nivalis","雪鹀","Passeriformes","雀形目","Calcariidae","铁爪鹀科","Plectrophenax","雪鹀属"
"Coracina macei","大鹃鵙","Passeriformes","雀形目","Campephagidae","山椒鸟科","Coracina","鹃鵙属"
"Lalage melaschistos","暗灰鹃鵙","Passeriformes","雀形目","Campephagidae","山椒鸟科","Lalage",NA
"Lalage nigra","斑鹃鵙","Passeriformes","雀形目","Campephagidae","山椒鸟科","Lalage",NA
"Pericrocotus brevirostris","短嘴山椒鸟","Passeriformes","雀形目","Campephagidae","山椒鸟科","Pericrocotus","山椒鸟属"
"Pericrocotus cantonensis","小灰山椒鸟","Passeriformes","雀形目","Campephagidae","山椒鸟科","Pericrocotus","山椒鸟属"
"Pericrocotus divaricatus","灰山椒鸟","Passeriformes","雀形目","Campephagidae","山椒鸟科","Pericrocotus","山椒鸟属"
"Pericrocotus ethologus","长尾山椒鸟","Passeriformes","雀形目","Campephagidae","山椒鸟科","Pericrocotus","山椒鸟属"
"Pericrocotus roseus","粉红山椒鸟","Passeriformes","雀形目","Campephagidae","山椒鸟科","Pericrocotus","山椒鸟属"
"Pericrocotus solaris","灰喉山椒鸟","Passeriformes","雀形目","Campephagidae","山椒鸟科","Pericrocotus","山椒鸟属"
"Pericrocotus speciosus","赤红山椒鸟","Passeriformes","雀形目","Campephagidae","山椒鸟科","Pericrocotus","山椒鸟属"
"Pericrocotus tegimae","琉球山椒鸟","Passeriformes","雀形目","Campephagidae","山椒鸟科","Pericrocotus","山椒鸟属"
"Certhia discolor","褐喉旋木雀","Passeriformes","雀形目","Certhiidae","旋木雀科","Certhia","旋木雀属"
"Certhia familiaris","欧亚旋木雀","Passeriformes","雀形目","Certhiidae","旋木雀科","Certhia","旋木雀属"
"Certhia himalayana","高山旋木雀","Passeriformes","雀形目","Certhiidae","旋木雀科","Certhia","旋木雀属"
"Certhia hodgsoni","霍氏旋木雀","Passeriformes","雀形目","Certhiidae","旋木雀科","Certhia","旋木雀属"
"Certhia manipurensis","休氏旋木雀","Passeriformes","雀形目","Certhiidae","旋木雀科","Certhia","旋木雀属"
"Certhia nipalensis","锈红腹旋木雀","Passeriformes","雀形目","Certhiidae","旋木雀科","Certhia","旋木雀属"
"Certhia tianquanensis","四川旋木雀","Passeriformes","雀形目","Certhiidae","旋木雀科","Certhia","旋木雀属"
"Chloropsis aurifrons","金额叶鹎","Passeriformes","雀形目","Chloropseidae","叶鹎科","Chloropsis","叶鹎属"
"Chloropsis cochinchinensis","蓝翅叶鹎","Passeriformes","雀形目","Chloropseidae","叶鹎科","Chloropsis","叶鹎属"
"Chloropsis hardwickii","西南橙腹叶鹎","Passeriformes","雀形目","Chloropseidae","叶鹎科","Chloropsis","叶鹎属"
"Chloropsis lazulina","橙腹叶鹎","Passeriformes","雀形目","Chloropseidae","叶鹎科","Chloropsis","叶鹎属"
"Cinclus cinclus","河乌","Passeriformes","雀形目","Cinclidae","河乌科","Cinclus","河乌属"
"Cinclus pallasii","褐河乌","Passeriformes","雀形目","Cinclidae","河乌科","Cinclus","河乌属"
"Cisticola exilis","金头扇尾莺","Passeriformes","雀形目","Cisticolidae","扇尾莺科","Cisticola","扇尾莺属"
"Cisticola juncidis","棕扇尾莺","Passeriformes","雀形目","Cisticolidae","扇尾莺科","Cisticola","扇尾莺属"
"Orthotomus atrogularis","黑喉缝叶莺","Passeriformes","雀形目","Cisticolidae","扇尾莺科","Orthotomus","缝叶莺属"
"Orthotomus sutorius","长尾缝叶莺","Passeriformes","雀形目","Cisticolidae","扇尾莺科","Orthotomus","缝叶莺属"
"Prinia atrogularis","黑喉山鹪莺","Passeriformes","雀形目","Cisticolidae","扇尾莺科","Prinia","鹪莺属"
"Prinia crinigera","喜山山鹪莺","Passeriformes","雀形目","Cisticolidae","扇尾莺科","Prinia","鹪莺属"
"Prinia flaviventris","黄腹山鹪莺","Passeriformes","雀形目","Cisticolidae","扇尾莺科","Prinia","鹪莺属"
"Prinia hodgsonii","灰胸山鹪莺","Passeriformes","雀形目","Cisticolidae","扇尾莺科","Prinia","鹪莺属"
"Prinia inornata","纯色山鹪莺","Passeriformes","雀形目","Cisticolidae","扇尾莺科","Prinia","鹪莺属"
"Prinia rufescens","暗冕山鹪莺","Passeriformes","雀形目","Cisticolidae","扇尾莺科","Prinia","鹪莺属"
"Prinia striata","山鹪莺","Passeriformes","雀形目","Cisticolidae","扇尾莺科","Prinia","鹪莺属"
"Prinia superciliaris","白喉山鹪莺","Passeriformes","雀形目","Cisticolidae","扇尾莺科","Prinia","鹪莺属"
"Cissa chinensis","蓝绿鹊","Passeriformes","雀形目","Corvidae","鸦科","Cissa","绿鹊属"
"Cissa hypoleuca","黄胸绿鹊","Passeriformes","雀形目","Corvidae","鸦科","Cissa","绿鹊属"
"Corvus corax","渡鸦","Passeriformes","雀形目","Corvidae","鸦科","Corvus","鸦属"
"Corvus cornix","冠小嘴乌鸦","Passeriformes","雀形目","Corvidae","鸦科","Corvus","鸦属"
"Corvus corone","小嘴乌鸦","Passeriformes","雀形目","Corvidae","鸦科","Corvus","鸦属"
"Corvus dauuricus","达乌里寒鸦","Passeriformes","雀形目","Corvidae","鸦科","Corvus","鸦属"
"Corvus frugilegus","秃鼻乌鸦","Passeriformes","雀形目","Corvidae","鸦科","Corvus","鸦属"
"Corvus macrorhynchos","大嘴乌鸦","Passeriformes","雀形目","Corvidae","鸦科","Corvus","鸦属"
"Corvus monedula","寒鸦","Passeriformes","雀形目","Corvidae","鸦科","Corvus","鸦属"
"Corvus pectoralis","白颈鸦","Passeriformes","雀形目","Corvidae","鸦科","Corvus","鸦属"
"Corvus splendens","家鸦","Passeriformes","雀形目","Corvidae","鸦科","Corvus","鸦属"
"Cyanopica cyanus","灰喜鹊","Passeriformes","雀形目","Corvidae","鸦科","Cyanopica","灰喜鹊属"
"Dendrocitta formosae","灰树鹊","Passeriformes","雀形目","Corvidae","鸦科","Dendrocitta","树鹊属"
"Dendrocitta frontalis","黑额树鹊","Passeriformes","雀形目","Corvidae","鸦科","Dendrocitta","树鹊属"
"Dendrocitta vagabunda","棕腹树鹊","Passeriformes","雀形目","Corvidae","鸦科","Dendrocitta","树鹊属"
"Garrulus glandarius","松鸦","Passeriformes","雀形目","Corvidae","鸦科","Garrulus","松鸦属"
"Nucifraga caryocatactes","星鸦","Passeriformes","雀形目","Corvidae","鸦科","Nucifraga","星鸦属"
"Perisoreus infaustus","北噪鸦","Passeriformes","雀形目","Corvidae","鸦科","Perisoreus","噪鸦属"
"Perisoreus internigrans","黑头噪鸦","Passeriformes","雀形目","Corvidae","鸦科","Perisoreus","噪鸦属"
"Pica bottanensis","青藏喜鹊","Passeriformes","雀形目","Corvidae","鸦科","Pica","鹊属"
"Pica pica","欧亚喜鹊","Passeriformes","雀形目","Corvidae","鸦科","Pica","鹊属"
"Pica serica","喜鹊","Passeriformes","雀形目","Corvidae","鸦科","Pica","鹊属"
"Podoces biddulphi","白尾地鸦","Passeriformes","雀形目","Corvidae","鸦科","Podoces","地鸦属"
"Podoces hendersoni","黑尾地鸦","Passeriformes","雀形目","Corvidae","鸦科","Podoces","地鸦属"
"Pyrrhocorax graculus","黄嘴山鸦","Passeriformes","雀形目","Corvidae","鸦科","Pyrrhocorax","山鸦属"
"Pyrrhocorax pyrrhocorax","红嘴山鸦","Passeriformes","雀形目","Corvidae","鸦科","Pyrrhocorax","山鸦属"
"Temnurus temnurus","塔尾树鹊","Passeriformes","雀形目","Corvidae","鸦科","Temnurus","塔尾树鹊属"
"Urocissa caerulea","台湾蓝鹊","Passeriformes","雀形目","Corvidae","鸦科","Urocissa","蓝鹊属"
"Urocissa erythroryncha","红嘴蓝鹊","Passeriformes","雀形目","Corvidae","鸦科","Urocissa","蓝鹊属"
"Urocissa flavirostris","黄嘴蓝鹊","Passeriformes","雀形目","Corvidae","鸦科","Urocissa","蓝鹊属"
"Urocissa whiteheadi","白翅蓝鹊","Passeriformes","雀形目","Corvidae","鸦科","Urocissa","蓝鹊属"
"Dicaeum agile","厚嘴啄花鸟","Passeriformes","雀形目","Dicaeidae","啄花鸟科","Dicaeum","啄花鸟属"
"Dicaeum chrysorrheum","黄臀啄花鸟","Passeriformes","雀形目","Dicaeidae","啄花鸟科","Dicaeum","啄花鸟属"
"Dicaeum cruentatum","朱背啄花鸟","Passeriformes","雀形目","Dicaeidae","啄花鸟科","Dicaeum","啄花鸟属"
"Dicaeum ignipectus","红胸啄花鸟","Passeriformes","雀形目","Dicaeidae","啄花鸟科","Dicaeum","啄花鸟属"
"Dicaeum melanozanthum","黄腹啄花鸟","Passeriformes","雀形目","Dicaeidae","啄花鸟科","Dicaeum","啄花鸟属"
"Dicaeum minullum","纯色啄花鸟","Passeriformes","雀形目","Dicaeidae","啄花鸟科","Dicaeum","啄花鸟属"
"Dicrurus aeneus","古铜色卷尾","Passeriformes","雀形目","Dicruridae","卷尾科","Dicrurus","卷尾属"
"Dicrurus annectens","鸦嘴卷尾","Passeriformes","雀形目","Dicruridae","卷尾科","Dicrurus","卷尾属"
"Dicrurus hottentottus","发冠卷尾","Passeriformes","雀形目","Dicruridae","卷尾科","Dicrurus","卷尾属"
"Dicrurus leucophaeus","灰卷尾","Passeriformes","雀形目","Dicruridae","卷尾科","Dicrurus","卷尾属"
"Dicrurus macrocercus","黑卷尾","Passeriformes","雀形目","Dicruridae","卷尾科","Dicrurus","卷尾属"
"Dicrurus paradiseus","大盘尾","Passeriformes","雀形目","Dicruridae","卷尾科","Dicrurus","卷尾属"
"Dicrurus remifer","小盘尾","Passeriformes","雀形目","Dicruridae","卷尾科","Dicrurus","卷尾属"
"Elachura formosa","丽星鹩鹛","Passeriformes","雀形目","Elachuridae","丽星鹩鹛科","Elachura",NA
"Emberiza aureola","黄胸鹀","Passeriformes","雀形目","Emberizidae","鹀科","Emberiza","鹀属"
"Emberiza bruniceps","褐头鹀","Passeriformes","雀形目","Emberizidae","鹀科","Emberiza","鹀属"
"Emberiza buchanani","灰颈鹀","Passeriformes","雀形目","Emberizidae","鹀科","Emberiza","鹀属"
"Emberiza calandra","黍鹀","Passeriformes","雀形目","Emberizidae","鹀科","Emberiza","鹀属"
"Emberiza chrysophrys","黄眉鹀","Passeriformes","雀形目","Emberizidae","鹀科","Emberiza","鹀属"
"Emberiza cia","淡灰眉岩鹀","Passeriformes","雀形目","Emberizidae","鹀科","Emberiza","鹀属"
"Emberiza cioides","三道眉草鹀","Passeriformes","雀形目","Emberizidae","鹀科","Emberiza","鹀属"
"Emberiza citrinella","黄鹀","Passeriformes","雀形目","Emberizidae","鹀科","Emberiza","鹀属"
"Emberiza elegans","黄喉鹀","Passeriformes","雀形目","Emberizidae","鹀科","Emberiza","鹀属"
"Emberiza fucata","栗耳鹀","Passeriformes","雀形目","Emberizidae","鹀科","Emberiza","鹀属"
"Emberiza godlewskii","灰眉岩鹀","Passeriformes","雀形目","Emberizidae","鹀科","Emberiza","鹀属"
"Emberiza hortulana","圃鹀","Passeriformes","雀形目","Emberizidae","鹀科","Emberiza","鹀属"
"Emberiza jankowskii","栗斑腹鹀","Passeriformes","雀形目","Emberizidae","鹀科","Emberiza","鹀属"
"Emberiza koslowi","藏鹀","Passeriformes","雀形目","Emberizidae","鹀科","Emberiza","鹀属"
"Emberiza lathami","凤头鹀","Passeriformes","雀形目","Emberizidae","鹀科","Emberiza","鹀属"
"Emberiza leucocephalos","白头鹀","Passeriformes","雀形目","Emberizidae","鹀科","Emberiza","鹀属"
"Emberiza melanocephala","黑头鹀","Passeriformes","雀形目","Emberizidae","鹀科","Emberiza","鹀属"
"Emberiza pallasi","苇鹀","Passeriformes","雀形目","Emberizidae","鹀科","Emberiza","鹀属"
"Emberiza personata","日本灰头鹀","Passeriformes","雀形目","Emberizidae","鹀科","Emberiza","鹀属"
"Emberiza pusilla","小鹀","Passeriformes","雀形目","Emberizidae","鹀科","Emberiza","鹀属"
"Emberiza rustica","田鹀","Passeriformes","雀形目","Emberizidae","鹀科","Emberiza","鹀属"
"Emberiza rutila","栗鹀","Passeriformes","雀形目","Emberizidae","鹀科","Emberiza","鹀属"
"Emberiza schoeniclus","芦鹀","Passeriformes","雀形目","Emberizidae","鹀科","Emberiza","鹀属"
"Emberiza siemsseni","蓝鹀","Passeriformes","雀形目","Emberizidae","鹀科","Emberiza","鹀属"
"Emberiza spodocephala","灰头鹀","Passeriformes","雀形目","Emberizidae","鹀科","Emberiza","鹀属"
"Emberiza stewarti","白顶鹀","Passeriformes","雀形目","Emberizidae","鹀科","Emberiza","鹀属"
"Emberiza sulphurata","硫黄鹀","Passeriformes","雀形目","Emberizidae","鹀科","Emberiza","鹀属"
"Emberiza tristrami","白眉鹀","Passeriformes","雀形目","Emberizidae","鹀科","Emberiza","鹀属"
"Emberiza variabilis","灰鹀","Passeriformes","雀形目","Emberizidae","鹀科","Emberiza","鹀属"
"Emberiza yessoensis","红颈苇鹀","Passeriformes","雀形目","Emberizidae","鹀科","Emberiza","鹀属"
"Emberiza yunnanensis","西南灰眉岩鹀","Passeriformes","雀形目","Emberizidae","鹀科","Emberiza","鹀属"
"Amandava amandava","红梅花雀","Passeriformes","雀形目","Estrildidae","梅花雀科","Amandava",NA
"Erythrura prasina","长尾鹦雀","Passeriformes","雀形目","Estrildidae","梅花雀科","Erythrura",NA
"Estrilda melpoda","橙颊梅花雀","Passeriformes","雀形目","Estrildidae","梅花雀科","Estrilda","梅花雀属"
"Euodice malabarica","白喉文鸟","Passeriformes","雀形目","Estrildidae","梅花雀科","Euodice",NA
"Lonchura atricapilla","栗腹文鸟","Passeriformes","雀形目","Estrildidae","梅花雀科","Lonchura","文鸟属"
"Lonchura oryzivora","禾雀","Passeriformes","雀形目","Estrildidae","梅花雀科","Lonchura","文鸟属"
"Lonchura punctulata","斑文鸟","Passeriformes","雀形目","Estrildidae","梅花雀科","Lonchura","文鸟属"
"Lonchura striata","白腰文鸟","Passeriformes","雀形目","Estrildidae","梅花雀科","Lonchura","文鸟属"
"Psarisomus dalhousiae","长尾阔嘴鸟","Passeriformes","雀形目","Eurylaimidae","阔嘴鸟科","Psarisomus","阔嘴鸟属"
"Serilophus lunatus","银胸丝冠鸟","Passeriformes","雀形目","Eurylaimidae","阔嘴鸟科","Serilophus","丝冠鸟属"
"Acanthis flammea","白腰朱顶雀","Passeriformes","雀形目","Fringillidae","燕雀科","Acanthis",NA
"Acanthis hornemanni","极北朱顶雀","Passeriformes","雀形目","Fringillidae","燕雀科","Acanthis",NA
"Agraphospiza rubescens","赤朱雀","Passeriformes","雀形目","Fringillidae","燕雀科","Agraphospiza",NA
"Bucanetes mongolicus","蒙古沙雀","Passeriformes","雀形目","Fringillidae","燕雀科","Bucanetes",NA
"Callacanthis burtoni","红眉金翅雀","Passeriformes","雀形目","Fringillidae","燕雀科","Callacanthis",NA
"Carduelis carduelis","红额金翅雀","Passeriformes","雀形目","Fringillidae","燕雀科","Carduelis","金翅属"
"Carpodacus davidianus","中华朱雀","Passeriformes","雀形目","Fringillidae","燕雀科","Carpodacus","朱雀属"
"Carpodacus dubius","白眉朱雀","Passeriformes","雀形目","Fringillidae","燕雀科","Carpodacus","朱雀属"
"Carpodacus edwardsii","棕朱雀","Passeriformes","雀形目","Fringillidae","燕雀科","Carpodacus","朱雀属"
"Carpodacus erythrinus","普通朱雀","Passeriformes","雀形目","Fringillidae","燕雀科","Carpodacus","朱雀属"
"Carpodacus formosanus","台湾酒红朱雀","Passeriformes","雀形目","Fringillidae","燕雀科","Carpodacus","朱雀属"
"Carpodacus grandis","喜山红腰朱雀","Passeriformes","雀形目","Fringillidae","燕雀科","Carpodacus","朱雀属"
"Carpodacus lepidus","中华长尾雀","Passeriformes","雀形目","Fringillidae","燕雀科","Carpodacus","朱雀属"
"Carpodacus pulcherrimus","红眉朱雀","Passeriformes","雀形目","Fringillidae","燕雀科","Carpodacus","朱雀属"
"Carpodacus puniceus","红胸朱雀","Passeriformes","雀形目","Fringillidae","燕雀科","Carpodacus","朱雀属"
"Carpodacus rhodochlamys","红腰朱雀","Passeriformes","雀形目","Fringillidae","燕雀科","Carpodacus","朱雀属"
"Carpodacus roborowskii","藏雀","Passeriformes","雀形目","Fringillidae","燕雀科","Carpodacus","朱雀属"
"Carpodacus rodochroa","粉眉朱雀","Passeriformes","雀形目","Fringillidae","燕雀科","Carpodacus","朱雀属"
"Carpodacus rodopeplus","点翅朱雀","Passeriformes","雀形目","Fringillidae","燕雀科","Carpodacus","朱雀属"
"Carpodacus roseus","北朱雀","Passeriformes","雀形目","Fringillidae","燕雀科","Carpodacus","朱雀属"
"Carpodacus rubicilla","大朱雀","Passeriformes","雀形目","Fringillidae","燕雀科","Carpodacus","朱雀属"
"Carpodacus rubicilloides","拟大朱雀","Passeriformes","雀形目","Fringillidae","燕雀科","Carpodacus","朱雀属"
"Carpodacus sibiricus","长尾雀","Passeriformes","雀形目","Fringillidae","燕雀科","Carpodacus","朱雀属"
"Carpodacus sillemi","褐头朱雀","Passeriformes","雀形目","Fringillidae","燕雀科","Carpodacus","朱雀属"
"Carpodacus sipahi","血雀","Passeriformes","雀形目","Fringillidae","燕雀科","Carpodacus","朱雀属"
"Carpodacus stoliczkae","沙色朱雀","Passeriformes","雀形目","Fringillidae","燕雀科","Carpodacus","朱雀属"
"Carpodacus subhimachalus","红眉松雀","Passeriformes","雀形目","Fringillidae","燕雀科","Carpodacus","朱雀属"
"Carpodacus thura","喜山白眉朱雀","Passeriformes","雀形目","Fringillidae","燕雀科","Carpodacus","朱雀属"
"Carpodacus trifasciatus","斑翅朱雀","Passeriformes","雀形目","Fringillidae","燕雀科","Carpodacus","朱雀属"
"Carpodacus verreauxii","淡腹点翅朱雀","Passeriformes","雀形目","Fringillidae","燕雀科","Carpodacus","朱雀属"
"Carpodacus vinaceus","酒红朱雀","Passeriformes","雀形目","Fringillidae","燕雀科","Carpodacus","朱雀属"
"Carpodacus waltoni","曙红朱雀","Passeriformes","雀形目","Fringillidae","燕雀科","Carpodacus","朱雀属"
"Chloris ambigua","黑头金翅雀","Passeriformes","雀形目","Fringillidae","燕雀科","Chloris",NA
"Chloris chloris","欧金翅雀","Passeriformes","雀形目","Fringillidae","燕雀科","Chloris",NA
"Chloris sinica","金翅雀","Passeriformes","雀形目","Fringillidae","燕雀科","Chloris",NA
"Chloris spinoides","高山金翅雀","Passeriformes","雀形目","Fringillidae","燕雀科","Chloris",NA
"Coccothraustes coccothraustes","锡嘴雀","Passeriformes","雀形目","Fringillidae","燕雀科","Coccothraustes","锡嘴属"
"Eophona migratoria","黑尾蜡嘴雀","Passeriformes","雀形目","Fringillidae","燕雀科","Eophona","蜡嘴属"
"Eophona personata","黑头蜡嘴雀","Passeriformes","雀形目","Fringillidae","燕雀科","Eophona","蜡嘴属"
"Fringilla coelebs","苍头燕雀","Passeriformes","雀形目","Fringillidae","燕雀科","Fringilla","燕雀属"
"Fringilla montifringilla","燕雀","Passeriformes","雀形目","Fringillidae","燕雀科","Fringilla","燕雀属"
"Leucosticte arctoa","粉红腹岭雀","Passeriformes","雀形目","Fringillidae","燕雀科","Leucosticte","岭雀属"
"Leucosticte brandti","高山岭雀","Passeriformes","雀形目","Fringillidae","燕雀科","Leucosticte","岭雀属"
"Leucosticte nemoricola","林岭雀","Passeriformes","雀形目","Fringillidae","燕雀科","Leucosticte","岭雀属"
"Linaria cannabina","赤胸朱顶雀","Passeriformes","雀形目","Fringillidae","燕雀科","Linaria",NA
"Linaria flavirostris","黄嘴朱顶雀","Passeriformes","雀形目","Fringillidae","燕雀科","Linaria",NA
"Loxia curvirostra","红交嘴雀","Passeriformes","雀形目","Fringillidae","燕雀科","Loxia","交嘴雀属"
"Loxia leucoptera","白翅交嘴雀","Passeriformes","雀形目","Fringillidae","燕雀科","Loxia","交嘴雀属"
"Mycerobas affinis","黄颈拟蜡嘴雀","Passeriformes","雀形目","Fringillidae","燕雀科","Mycerobas","拟蜡嘴属"
"Mycerobas carnipes","白斑翅拟蜡嘴雀","Passeriformes","雀形目","Fringillidae","燕雀科","Mycerobas","拟蜡嘴属"
"Mycerobas melanozanthos","白点翅拟蜡嘴雀","Passeriformes","雀形目","Fringillidae","燕雀科","Mycerobas","拟蜡嘴属"
"Pinicola enucleator","松雀","Passeriformes","雀形目","Fringillidae","燕雀科","Pinicola","松雀属"
"Procarduelis nipalensis","暗胸朱雀","Passeriformes","雀形目","Fringillidae","燕雀科","Procarduelis",NA
"Pyrrhoplectes epauletta","金枕黑雀","Passeriformes","雀形目","Fringillidae","燕雀科","Pyrrhoplectes","黑雀属"
"Pyrrhula erythaca","灰头灰雀","Passeriformes","雀形目","Fringillidae","燕雀科","Pyrrhula","灰雀属"
"Pyrrhula erythrocephala","红头灰雀","Passeriformes","雀形目","Fringillidae","燕雀科","Pyrrhula","灰雀属"
"Pyrrhula nipalensis","褐灰雀","Passeriformes","雀形目","Fringillidae","燕雀科","Pyrrhula","灰雀属"
"Pyrrhula owstnoi","台湾灰头灰雀","Passeriformes","雀形目","Fringillidae","燕雀科","Pyrrhula","灰雀属"
"Pyrrhula pyrrhula","红腹灰雀","Passeriformes","雀形目","Fringillidae","燕雀科","Pyrrhula","灰雀属"
"Rhodopechys sanguineus","红翅沙雀","Passeriformes","雀形目","Fringillidae","燕雀科","Rhodopechys","沙雀属"
"Rhodospiza obsoleta","巨嘴沙雀","Passeriformes","雀形目","Fringillidae","燕雀科","Rhodospiza",NA
"Serinus pusillus","金额丝雀","Passeriformes","雀形目","Fringillidae","燕雀科","Serinus","丝雀属"
"Spinus spinus","黄雀","Passeriformes","雀形目","Fringillidae","燕雀科","Spinus",NA
"Spinus thibetanus","藏黄雀","Passeriformes","雀形目","Fringillidae","燕雀科","Spinus",NA
"Cecropis daurica","金腰燕","Passeriformes","雀形目","Hirundinidae","燕科","Cecropis",NA
"Cecropis striolata","斑腰燕","Passeriformes","雀形目","Hirundinidae","燕科","Cecropis",NA
"Delichon dasypus","烟腹毛脚燕","Passeriformes","雀形目","Hirundinidae","燕科","Delichon","毛脚燕属"
"Delichon nipalense","黑喉毛脚燕","Passeriformes","雀形目","Hirundinidae","燕科","Delichon","毛脚燕属"
"Delichon urbicum","毛脚燕","Passeriformes","雀形目","Hirundinidae","燕科","Delichon","毛脚燕属"
"Hirundo rustica","家燕","Passeriformes","雀形目","Hirundinidae","燕科","Hirundo","燕属"
"Hirundo smithii","线尾燕","Passeriformes","雀形目","Hirundinidae","燕科","Hirundo","燕属"
"Hirundo tahitica","洋燕","Passeriformes","雀形目","Hirundinidae","燕科","Hirundo","燕属"
"Petrochelidon fluvicola","黄额燕","Passeriformes","雀形目","Hirundinidae","燕科","Petrochelidon",NA
"Ptyonoprogne concolor","纯色岩燕","Passeriformes","雀形目","Hirundinidae","燕科","Ptyonoprogne","岩燕属"
"Ptyonoprogne rupestris","岩燕","Passeriformes","雀形目","Hirundinidae","燕科","Ptyonoprogne","岩燕属"
"Riparia chinensis","灰喉沙燕","Passeriformes","雀形目","Hirundinidae","燕科","Riparia","沙燕属"
"Riparia diluta","淡色崖沙燕","Passeriformes","雀形目","Hirundinidae","燕科","Riparia","沙燕属"
"Riparia riparia","崖沙燕","Passeriformes","雀形目","Hirundinidae","燕科","Riparia","沙燕属"
"Irena puella","和平鸟","Passeriformes","雀形目","Irenidae","和平鸟科","Irena","和平鸟属"
"Lanius borealis","灰伯劳","Passeriformes","雀形目","Laniidae","伯劳科","Lanius","伯劳属"
"Lanius bucephalus","牛头伯劳","Passeriformes","雀形目","Laniidae","伯劳科","Lanius","伯劳属"
"Lanius collurio","红背伯劳","Passeriformes","雀形目","Laniidae","伯劳科","Lanius","伯劳属"
"Lanius collurioides","栗背伯劳","Passeriformes","雀形目","Laniidae","伯劳科","Lanius","伯劳属"
"Lanius cristatus","红尾伯劳","Passeriformes","雀形目","Laniidae","伯劳科","Lanius","伯劳属"
"Lanius excubitor","西灰伯劳","Passeriformes","雀形目","Laniidae","伯劳科","Lanius","伯劳属"
"Lanius giganteus","青藏楔尾伯劳","Passeriformes","雀形目","Laniidae","伯劳科","Lanius","伯劳属"
"Lanius isabellinus","荒漠伯劳","Passeriformes","雀形目","Laniidae","伯劳科","Lanius","伯劳属"
"Lanius minor","黑额伯劳","Passeriformes","雀形目","Laniidae","伯劳科","Lanius","伯劳属"
"Lanius phoenicuroides","棕尾伯劳","Passeriformes","雀形目","Laniidae","伯劳科","Lanius","伯劳属"
"Lanius schach","棕背伯劳","Passeriformes","雀形目","Laniidae","伯劳科","Lanius","伯劳属"
"Lanius sphenocercus","楔尾伯劳","Passeriformes","雀形目","Laniidae","伯劳科","Lanius","伯劳属"
"Lanius tephronotus","灰背伯劳","Passeriformes","雀形目","Laniidae","伯劳科","Lanius","伯劳属"
"Lanius tigrinus","虎纹伯劳","Passeriformes","雀形目","Laniidae","伯劳科","Lanius","伯劳属"
"Lanius vittatus","褐背伯劳","Passeriformes","雀形目","Laniidae","伯劳科","Lanius","伯劳属"
"Actinodura cyanouroptera","蓝翅希鹛","Passeriformes","雀形目","Leiothrichidae","噪鹛科","Actinodura","斑翅鹛属"
"Actinodura egertoni","栗额斑翅鹛","Passeriformes","雀形目","Leiothrichidae","噪鹛科","Actinodura","斑翅鹛属"
"Actinodura morrisoniana","台湾斑翅鹛","Passeriformes","雀形目","Leiothrichidae","噪鹛科","Actinodura","斑翅鹛属"
"Actinodura nipalensis","纹头斑翅鹛","Passeriformes","雀形目","Leiothrichidae","噪鹛科","Actinodura","斑翅鹛属"
"Actinodura ramsayi","白眶斑翅鹛","Passeriformes","雀形目","Leiothrichidae","噪鹛科","Actinodura","斑翅鹛属"
"Actinodura souliei","灰头斑翅鹛","Passeriformes","雀形目","Leiothrichidae","噪鹛科","Actinodura","斑翅鹛属"
"Actinodura strigula","斑喉希鹛","Passeriformes","雀形目","Leiothrichidae","噪鹛科","Actinodura","斑翅鹛属"
"Actinodura waldeni","纹胸斑翅鹛","Passeriformes","雀形目","Leiothrichidae","噪鹛科","Actinodura","斑翅鹛属"
"Cutia nipalensis","斑胁姬鹛","Passeriformes","雀形目","Leiothrichidae","噪鹛科","Cutia","姬鹛属"
"Garrulax canorus","画眉","Passeriformes","雀形目","Leiothrichidae","噪鹛科","Garrulax","噪鹛属"
"Garrulax castanotis","栗颊噪鹛","Passeriformes","雀形目","Leiothrichidae","噪鹛科","Garrulax","噪鹛属"
"Garrulax leucolophus","白冠噪鹛","Passeriformes","雀形目","Leiothrichidae","噪鹛科","Garrulax","噪鹛属"
"Garrulax maesi","褐胸噪鹛","Passeriformes","雀形目","Leiothrichidae","噪鹛科","Garrulax","噪鹛属"
"Garrulax merulinus","斑胸噪鹛","Passeriformes","雀形目","Leiothrichidae","噪鹛科","Garrulax","噪鹛属"
"Garrulax monileger","小黑领噪鹛","Passeriformes","雀形目","Leiothrichidae","噪鹛科","Garrulax","噪鹛属"
"Garrulax owstoni","海南画眉","Passeriformes","雀形目","Leiothrichidae","噪鹛科","Garrulax","噪鹛属"
"Garrulax strepitans","白颈噪鹛","Passeriformes","雀形目","Leiothrichidae","噪鹛科","Garrulax","噪鹛属"
"Garrulax taewanus","台湾画眉","Passeriformes","雀形目","Leiothrichidae","噪鹛科","Garrulax","噪鹛属"
"Grammatoptila striata","条纹噪鹛","Passeriformes","雀形目","Leiothrichidae","噪鹛科","Grammatoptila",NA
"Heterophasia auricularis","白耳奇鹛","Passeriformes","雀形目","Leiothrichidae","噪鹛科","Heterophasia","奇鹛属"
"Heterophasia capistrata","黑顶奇鹛","Passeriformes","雀形目","Leiothrichidae","噪鹛科","Heterophasia","奇鹛属"
"Heterophasia desgodinsi","黑头奇鹛","Passeriformes","雀形目","Leiothrichidae","噪鹛科","Heterophasia","奇鹛属"
"Heterophasia gracilis","灰奇鹛","Passeriformes","雀形目","Leiothrichidae","噪鹛科","Heterophasia","奇鹛属"
"Heterophasia picaoides","长尾奇鹛","Passeriformes","雀形目","Leiothrichidae","噪鹛科","Heterophasia","奇鹛属"
"Heterophasia pulchella","丽色奇鹛","Passeriformes","雀形目","Leiothrichidae","噪鹛科","Heterophasia","奇鹛属"
"Ianthocincla bieti","白点噪鹛","Passeriformes","雀形目","Leiothrichidae","噪鹛科","Ianthocincla",NA
"Ianthocincla cineracea","灰翅噪鹛","Passeriformes","雀形目","Leiothrichidae","噪鹛科","Ianthocincla",NA
"Ianthocincla lunulata","斑背噪鹛","Passeriformes","雀形目","Leiothrichidae","噪鹛科","Ianthocincla",NA
"Ianthocincla maxima","大噪鹛","Passeriformes","雀形目","Leiothrichidae","噪鹛科","Ianthocincla",NA
"Ianthocincla ocellata","眼纹噪鹛","Passeriformes","雀形目","Leiothrichidae","噪鹛科","Ianthocincla",NA
"Ianthocincla rufogularis","棕颏噪鹛","Passeriformes","雀形目","Leiothrichidae","噪鹛科","Ianthocincla",NA
"Ianthocincla sukatschewi","黑额山噪鹛","Passeriformes","雀形目","Leiothrichidae","噪鹛科","Ianthocincla",NA
"Leioptila annectens","栗背奇鹛","Passeriformes","雀形目","Leiothrichidae","噪鹛科","Leioptila",NA
"Leiothrix argentauris","银耳相思鸟","Passeriformes","雀形目","Leiothrichidae","噪鹛科","Leiothrix","相思鸟属"
"Leiothrix lutea","红嘴相思鸟","Passeriformes","雀形目","Leiothrichidae","噪鹛科","Leiothrix","相思鸟属"
"Liocichla bugunorum","黑冠薮鹛","Passeriformes","雀形目","Leiothrichidae","噪鹛科","Liocichla","薮鹛属"
"Liocichla omeiensis","灰胸薮鹛","Passeriformes","雀形目","Leiothrichidae","噪鹛科","Liocichla","薮鹛属"
"Liocichla phoenicea","灰头薮鹛","Passeriformes","雀形目","Leiothrichidae","噪鹛科","Liocichla","薮鹛属"
"Liocichla ripponi","红翅薮鹛","Passeriformes","雀形目","Leiothrichidae","噪鹛科","Liocichla","薮鹛属"
"Liocichla steerii","黄痣薮鹛","Passeriformes","雀形目","Leiothrichidae","噪鹛科","Liocichla","薮鹛属"
"Minla ignotincta","火尾希鹛","Passeriformes","雀形目","Leiothrichidae","噪鹛科","Minla","希鹛属"
"Pterorhinus albogularis","白喉噪鹛","Passeriformes","雀形目","Leiothrichidae","噪鹛科","Pterorhinus",NA
"Pterorhinus berthemyi","棕噪鹛","Passeriformes","雀形目","Leiothrichidae","噪鹛科","Pterorhinus",NA
"Pterorhinus caerulatus","灰胁噪鹛","Passeriformes","雀形目","Leiothrichidae","噪鹛科","Pterorhinus",NA
"Pterorhinus chinensis","黑喉噪鹛","Passeriformes","雀形目","Leiothrichidae","噪鹛科","Pterorhinus",NA
"Pterorhinus courtoisi","蓝冠噪鹛","Passeriformes","雀形目","Leiothrichidae","噪鹛科","Pterorhinus",NA
"Pterorhinus davidi","山噪鹛","Passeriformes","雀形目","Leiothrichidae","噪鹛科","Pterorhinus",NA
"Pterorhinus gularis","栗臀噪鹛","Passeriformes","雀形目","Leiothrichidae","噪鹛科","Pterorhinus",NA
"Pterorhinus koslowi","棕草鹛","Passeriformes","雀形目","Leiothrichidae","噪鹛科","Pterorhinus",NA
"Pterorhinus lanceolatus","矛纹草鹛","Passeriformes","雀形目","Leiothrichidae","噪鹛科","Pterorhinus",NA
"Pterorhinus pectoralis","黑领噪鹛","Passeriformes","雀形目","Leiothrichidae","噪鹛科","Pterorhinus",NA
"Pterorhinus perspicillatus","黑脸噪鹛","Passeriformes","雀形目","Leiothrichidae","噪鹛科","Pterorhinus",NA
"Pterorhinus poecilorhynchus","台湾棕噪鹛","Passeriformes","雀形目","Leiothrichidae","噪鹛科","Pterorhinus",NA
"Pterorhinus ruficeps","台湾白喉噪鹛","Passeriformes","雀形目","Leiothrichidae","噪鹛科","Pterorhinus",NA
"Pterorhinus ruficollis","栗颈噪鹛","Passeriformes","雀形目","Leiothrichidae","噪鹛科","Pterorhinus",NA
"Pterorhinus sannio","白颊噪鹛","Passeriformes","雀形目","Leiothrichidae","噪鹛科","Pterorhinus",NA
"Pterorhinus waddelli","大草鹛","Passeriformes","雀形目","Leiothrichidae","噪鹛科","Pterorhinus",NA
"Trochalopteron affine","黑顶噪鹛","Passeriformes","雀形目","Leiothrichidae","噪鹛科","Trochalopteron",NA
"Trochalopteron chrysopterum","红顶噪鹛","Passeriformes","雀形目","Leiothrichidae","噪鹛科","Trochalopteron",NA
"Trochalopteron elliotii","橙翅噪鹛","Passeriformes","雀形目","Leiothrichidae","噪鹛科","Trochalopteron",NA
"Trochalopteron erythrocephalum","红头噪鹛","Passeriformes","雀形目","Leiothrichidae","噪鹛科","Trochalopteron",NA
"Trochalopteron formosum","红翅噪鹛","Passeriformes","雀形目","Leiothrichidae","噪鹛科","Trochalopteron",NA
"Trochalopteron henrici","灰腹噪鹛","Passeriformes","雀形目","Leiothrichidae","噪鹛科","Trochalopteron",NA
"Trochalopteron imbricatum","丽星噪鹛","Passeriformes","雀形目","Leiothrichidae","噪鹛科","Trochalopteron",NA
"Trochalopteron lineatum","细纹噪鹛","Passeriformes","雀形目","Leiothrichidae","噪鹛科","Trochalopteron",NA
"Trochalopteron melanostigma","银耳噪鹛","Passeriformes","雀形目","Leiothrichidae","噪鹛科","Trochalopteron",NA
"Trochalopteron milnei","红尾噪鹛","Passeriformes","雀形目","Leiothrichidae","噪鹛科","Trochalopteron",NA
"Trochalopteron morrisonianum","台湾噪鹛","Passeriformes","雀形目","Leiothrichidae","噪鹛科","Trochalopteron",NA
"Trochalopteron squamatum","蓝翅噪鹛","Passeriformes","雀形目","Leiothrichidae","噪鹛科","Trochalopteron",NA
"Trochalopteron subunicolor","纯色噪鹛","Passeriformes","雀形目","Leiothrichidae","噪鹛科","Trochalopteron",NA
"Trochalopteron Variegatum","杂色噪鹛","Passeriformes","雀形目","Leiothrichidae","噪鹛科","Trochalopteron",NA
"Helopsaltes amnicola","库页岛蝗莺","Passeriformes","雀形目","Locustellidae","蝗莺科","Helopsaltes",NA
"Helopsaltes certhiola","小蝗莺","Passeriformes","雀形目","Locustellidae","蝗莺科","Helopsaltes",NA
"Helopsaltes fasciolatus","苍眉蝗莺","Passeriformes","雀形目","Locustellidae","蝗莺科","Helopsaltes",NA
"Helopsaltes ochotensis","北蝗莺","Passeriformes","雀形目","Locustellidae","蝗莺科","Helopsaltes",NA
"Helopsaltes pleskei","东亚蝗莺","Passeriformes","雀形目","Locustellidae","蝗莺科","Helopsaltes",NA
"Helopsaltes pryeri","斑背大尾莺","Passeriformes","雀形目","Locustellidae","蝗莺科","Helopsaltes",NA
"Locustella alishanensis","台湾短翅蝗莺","Passeriformes","雀形目","Locustellidae","蝗莺科","Locustella","蝗莺属"
"Locustella chengi","四川短翅蝗莺","Passeriformes","雀形目","Locustellidae","蝗莺科","Locustella","蝗莺属"
"Locustella davidi","北短翅蝗莺","Passeriformes","雀形目","Locustellidae","蝗莺科","Locustella","蝗莺属"
"Locustella lanceolata","矛斑蝗莺","Passeriformes","雀形目","Locustellidae","蝗莺科","Locustella","蝗莺属"
"Locustella luscinioides","鸲蝗莺","Passeriformes","雀形目","Locustellidae","蝗莺科","Locustella","蝗莺属"
"Locustella luteoventris","棕褐短翅蝗莺","Passeriformes","雀形目","Locustellidae","蝗莺科","Locustella","蝗莺属"
"Locustella major","巨嘴短翅蝗莺","Passeriformes","雀形目","Locustellidae","蝗莺科","Locustella","蝗莺属"
"Locustella mandelli","高山短翅蝗莺","Passeriformes","雀形目","Locustellidae","蝗莺科","Locustella","蝗莺属"
"Locustella naevia","黑斑蝗莺","Passeriformes","雀形目","Locustellidae","蝗莺科","Locustella","蝗莺属"
"Locustella tacsanowskia","中华短翅蝗莺","Passeriformes","雀形目","Locustellidae","蝗莺科","Locustella","蝗莺属"
"Locustella thoracica","斑胸短翅蝗莺","Passeriformes","雀形目","Locustellidae","蝗莺科","Locustella","蝗莺属"
"Megalurus palustris","沼泽大尾莺","Passeriformes","雀形目","Locustellidae","蝗莺科","Megalurus","大尾莺属"
"Hypothymis azurea","黑枕王鹟","Passeriformes","雀形目","Monarchidae","王鹟科","Hypothymis","黑枕王鹟属"
"Terpsiphone affinis","东方寿带","Passeriformes","雀形目","Monarchidae","王鹟科","Terpsiphone","寿带属"
"Terpsiphone atrocaudata","紫寿带","Passeriformes","雀形目","Monarchidae","王鹟科","Terpsiphone","寿带属"
"Terpsiphone incei","寿带","Passeriformes","雀形目","Monarchidae","王鹟科","Terpsiphone","寿带属"
"Terpsiphone paradisi","印度寿带","Passeriformes","雀形目","Monarchidae","王鹟科","Terpsiphone","寿带属"
"Anthus campestris","平原鹨","Passeriformes","雀形目","Motacillidae","鹡鸰科","Anthus","鹨属"
"Anthus cervinus","红喉鹨","Passeriformes","雀形目","Motacillidae","鹡鸰科","Anthus","鹨属"
"Anthus godlewskii","布氏鹨","Passeriformes","雀形目","Motacillidae","鹡鸰科","Anthus","鹨属"
"Anthus gustavi","北鹨","Passeriformes","雀形目","Motacillidae","鹡鸰科","Anthus","鹨属"
"Anthus hodgsoni","树鹨","Passeriformes","雀形目","Motacillidae","鹡鸰科","Anthus","鹨属"
"Anthus pratensis","草地鹨","Passeriformes","雀形目","Motacillidae","鹡鸰科","Anthus","鹨属"
"Anthus richardi","田鹨","Passeriformes","雀形目","Motacillidae","鹡鸰科","Anthus","鹨属"
"Anthus roseatus","粉红胸鹨","Passeriformes","雀形目","Motacillidae","鹡鸰科","Anthus","鹨属"
"Anthus rubescens","黄腹鹨","Passeriformes","雀形目","Motacillidae","鹡鸰科","Anthus","鹨属"
"Anthus rufulus","东方田鹨","Passeriformes","雀形目","Motacillidae","鹡鸰科","Anthus","鹨属"
"Anthus spinoletta","水鹨","Passeriformes","雀形目","Motacillidae","鹡鸰科","Anthus","鹨属"
"Anthus sylvanus","山鹨","Passeriformes","雀形目","Motacillidae","鹡鸰科","Anthus","鹨属"
"Anthus trivialis","林鹨","Passeriformes","雀形目","Motacillidae","鹡鸰科","Anthus","鹨属"
"Dendronanthus indicus","山鹡鸰","Passeriformes","雀形目","Motacillidae","鹡鸰科","Dendronanthus","山鹡鸰属"
"Motacilla alba","白鹡鸰","Passeriformes","雀形目","Motacillidae","鹡鸰科","Motacilla","鹡鸰属"
"Motacilla cinerea","灰鹡鸰","Passeriformes","雀形目","Motacillidae","鹡鸰科","Motacilla","鹡鸰属"
"Motacilla citreola","黄头鹡鸰","Passeriformes","雀形目","Motacillidae","鹡鸰科","Motacilla","鹡鸰属"
"Motacilla flava","西黄鹡鸰","Passeriformes","雀形目","Motacillidae","鹡鸰科","Motacilla","鹡鸰属"
"Motacilla grandis","日本鹡鸰","Passeriformes","雀形目","Motacillidae","鹡鸰科","Motacilla","鹡鸰属"
"Motacilla tschutschensis","黄鹡鸰","Passeriformes","雀形目","Motacillidae","鹡鸰科","Motacilla","鹡鸰属"
"Anthipes monileger","白喉姬鹟","Passeriformes","雀形目","Muscicapidae","鹟科","Anthipes",NA
"Brachypteryx cruralis","喜山蓝短翅鸫","Passeriformes","雀形目","Muscicapidae","鹟科","Brachypteryx","短翅鸫属"
"Brachypteryx goodfellowi","台湾蓝短翅鸫","Passeriformes","雀形目","Muscicapidae","鹟科","Brachypteryx","短翅鸫属"
"Brachypteryx hyperythra","锈腹短翅鸫","Passeriformes","雀形目","Muscicapidae","鹟科","Brachypteryx","短翅鸫属"
"Brachypteryx leucophris","白喉短翅鸫","Passeriformes","雀形目","Muscicapidae","鹟科","Brachypteryx","短翅鸫属"
"Brachypteryx sinensis","蓝短翅鸫","Passeriformes","雀形目","Muscicapidae","鹟科","Brachypteryx","短翅鸫属"
"Calliope calliope","红喉歌鸲","Passeriformes","雀形目","Muscicapidae","鹟科","Calliope",NA
"Calliope obscura","黑喉歌鸲","Passeriformes","雀形目","Muscicapidae","鹟科","Calliope",NA
"Calliope pectardens","金胸歌鸲","Passeriformes","雀形目","Muscicapidae","鹟科","Calliope",NA
"Calliope pectoralis","黑胸歌鸲","Passeriformes","雀形目","Muscicapidae","鹟科","Calliope",NA
"Calliope tschebaiewi","白须黑胸歌鸲","Passeriformes","雀形目","Muscicapidae","鹟科","Calliope",NA
"Cercotrichas galactotes","棕薮鸲","Passeriformes","雀形目","Muscicapidae","鹟科","Cercotrichas",NA
"Cinclidium frontale","蓝额地鸲","Passeriformes","雀形目","Muscicapidae","鹟科","Cinclidium","地鸲属"
"Copsychus malabaricus","白腰鹊鸲","Passeriformes","雀形目","Muscicapidae","鹟科","Copsychus","鹊鸲属"
"Copsychus saularis","鹊鸲","Passeriformes","雀形目","Muscicapidae","鹟科","Copsychus","鹊鸲属"
"Cyanoptila cumatilis","白腹暗蓝鹟","Passeriformes","雀形目","Muscicapidae","鹟科","Cyanoptila",NA
"Cyanoptila cyanomelana","白腹蓝鹟","Passeriformes","雀形目","Muscicapidae","鹟科","Cyanoptila",NA
"Cyornis brunneatus","白喉林鹟","Passeriformes","雀形目","Muscicapidae","鹟科","Cyornis",NA
"Cyornis concretus","白尾蓝仙鹟","Passeriformes","雀形目","Muscicapidae","鹟科","Cyornis",NA
"Cyornis glaucicomans","中华仙鹟","Passeriformes","雀形目","Muscicapidae","鹟科","Cyornis",NA
"Cyornis hainanus","海南蓝仙鹟","Passeriformes","雀形目","Muscicapidae","鹟科","Cyornis",NA
"Cyornis poliogenys","灰颊仙鹟","Passeriformes","雀形目","Muscicapidae","鹟科","Cyornis",NA
"Cyornis rubeculoides","蓝喉仙鹟","Passeriformes","雀形目","Muscicapidae","鹟科","Cyornis",NA
"Cyornis unicolor","纯蓝仙鹟","Passeriformes","雀形目","Muscicapidae","鹟科","Cyornis",NA
"Cyornis whitei","山蓝仙鹟","Passeriformes","雀形目","Muscicapidae","鹟科","Cyornis",NA
"Enicurus immaculatus","黑背燕尾","Passeriformes","雀形目","Muscicapidae","鹟科","Enicurus","燕尾属"
"Enicurus leschenaulti","白额燕尾","Passeriformes","雀形目","Muscicapidae","鹟科","Enicurus","燕尾属"
"Enicurus maculatus","斑背燕尾","Passeriformes","雀形目","Muscicapidae","鹟科","Enicurus","燕尾属"
"Enicurus schistaceus","灰背燕尾","Passeriformes","雀形目","Muscicapidae","鹟科","Enicurus","燕尾属"
"Enicurus scouleri","小燕尾","Passeriformes","雀形目","Muscicapidae","鹟科","Enicurus","燕尾属"
"Erithacus rubecula","欧亚鸲","Passeriformes","雀形目","Muscicapidae","鹟科","Erithacus","欧亚鸲属"
"Eumyias thalassinus","铜蓝鹟","Passeriformes","雀形目","Muscicapidae","鹟科","Eumyias",NA
"Ficedula albicilla","红喉姬鹟","Passeriformes","雀形目","Muscicapidae","鹟科","Ficedula","姬鹟属"
"Ficedula elisae","绿背姬鹟","Passeriformes","雀形目","Muscicapidae","鹟科","Ficedula","姬鹟属"
"Ficedula erithacus","锈胸蓝姬鹟","Passeriformes","雀形目","Muscicapidae","鹟科","Ficedula","姬鹟属"
"Ficedula hodgsoni","侏蓝姬鹟","Passeriformes","雀形目","Muscicapidae","鹟科","Ficedula","姬鹟属"
"Ficedula hyperythra","棕胸蓝姬鹟","Passeriformes","雀形目","Muscicapidae","鹟科","Ficedula","姬鹟属"
"Ficedula hypoleuca","斑姬鹟","Passeriformes","雀形目","Muscicapidae","鹟科","Ficedula","姬鹟属"
"Ficedula mugimaki","鸲姬鹟","Passeriformes","雀形目","Muscicapidae","鹟科","Ficedula","姬鹟属"
"Ficedula narcissina","黄眉姬鹟","Passeriformes","雀形目","Muscicapidae","鹟科","Ficedula","姬鹟属"
"Ficedula owstoni","琉球姬鹟","Passeriformes","雀形目","Muscicapidae","鹟科","Ficedula","姬鹟属"
"Ficedula parva","红胸姬鹟","Passeriformes","雀形目","Muscicapidae","鹟科","Ficedula","姬鹟属"
"Ficedula ruficauda","栗尾姬鹟","Passeriformes","雀形目","Muscicapidae","鹟科","Ficedula","姬鹟属"
"Ficedula sapphira","玉头姬鹟","Passeriformes","雀形目","Muscicapidae","鹟科","Ficedula","姬鹟属"
"Ficedula strophiata","橙胸姬鹟","Passeriformes","雀形目","Muscicapidae","鹟科","Ficedula","姬鹟属"
"Ficedula superciliaris","白眉蓝姬鹟","Passeriformes","雀形目","Muscicapidae","鹟科","Ficedula","姬鹟属"
"Ficedula tricolor","灰蓝姬鹟","Passeriformes","雀形目","Muscicapidae","鹟科","Ficedula","姬鹟属"
"Ficedula westermanni","小斑姬鹟","Passeriformes","雀形目","Muscicapidae","鹟科","Ficedula","姬鹟属"
"Ficedula zanthopygia","白眉姬鹟","Passeriformes","雀形目","Muscicapidae","鹟科","Ficedula","姬鹟属"
"Heteroxenicus stellatus","栗背短翅鸫","Passeriformes","雀形目","Muscicapidae","鹟科","Heteroxenicus",NA
"Larvivora akahige","日本歌鸲","Passeriformes","雀形目","Muscicapidae","鹟科","Larvivora",NA
"Larvivora brunnea","栗腹歌鸲","Passeriformes","雀形目","Muscicapidae","鹟科","Larvivora",NA
"Larvivora cyane","蓝歌鸲","Passeriformes","雀形目","Muscicapidae","鹟科","Larvivora",NA
"Larvivora komadori","琉球歌鸲","Passeriformes","雀形目","Muscicapidae","鹟科","Larvivora",NA
"Larvivora ruficeps","棕头歌鸲","Passeriformes","雀形目","Muscicapidae","鹟科","Larvivora",NA
"Larvivora sibilans","红尾歌鸲","Passeriformes","雀形目","Muscicapidae","鹟科","Larvivora",NA
"Luscinia megarhynchos","新疆歌鸲","Passeriformes","雀形目","Muscicapidae","鹟科","Luscinia","歌鸲属"
"Luscinia phaenicuroides","白腹短翅鸲","Passeriformes","雀形目","Muscicapidae","鹟科","Luscinia","歌鸲属"
"Luscinia svecica","蓝喉歌鸲","Passeriformes","雀形目","Muscicapidae","鹟科","Luscinia","歌鸲属"
"Monticola cinclorhyncha","蓝头矶鸫","Passeriformes","雀形目","Muscicapidae","鹟科","Monticola","矶鸫属"
"Monticola gularis","白喉矶鸫","Passeriformes","雀形目","Muscicapidae","鹟科","Monticola","矶鸫属"
"Monticola rufiventris","栗腹矶鸫","Passeriformes","雀形目","Muscicapidae","鹟科","Monticola","矶鸫属"
"Monticola saxatilis","白背矶鸫","Passeriformes","雀形目","Muscicapidae","鹟科","Monticola","矶鸫属"
"Monticola solitarius","蓝矶鸫","Passeriformes","雀形目","Muscicapidae","鹟科","Monticola","矶鸫属"
"Muscicapa dauurica","北灰鹟","Passeriformes","雀形目","Muscicapidae","鹟科","Muscicapa","鹟属"
"Muscicapa ferruginea","棕尾褐鹟","Passeriformes","雀形目","Muscicapidae","鹟科","Muscicapa","鹟属"
"Muscicapa griseisticta","灰纹鹟","Passeriformes","雀形目","Muscicapidae","鹟科","Muscicapa","鹟属"
"Muscicapa muttui","褐胸鹟","Passeriformes","雀形目","Muscicapidae","鹟科","Muscicapa","鹟属"
"Muscicapa sibirica","乌鹟","Passeriformes","雀形目","Muscicapidae","鹟科","Muscicapa","鹟属"
"Muscicapa striata","斑鹟","Passeriformes","雀形目","Muscicapidae","鹟科","Muscicapa","鹟属"
"Myiomela leucura","白尾蓝地鸲","Passeriformes","雀形目","Muscicapidae","鹟科","Myiomela",NA
"Myophonus caeruleus","紫啸鸫","Passeriformes","雀形目","Muscicapidae","鹟科","Myophonus",NA
"Myophonus insularis","台湾紫啸鸫","Passeriformes","雀形目","Muscicapidae","鹟科","Myophonus",NA
"Niltava davidi","棕腹大仙鹟","Passeriformes","雀形目","Muscicapidae","鹟科","Niltava","仙鹟属"
"Niltava grandis","大仙鹟","Passeriformes","雀形目","Muscicapidae","鹟科","Niltava","仙鹟属"
"Niltava macgrigoriae","小仙鹟","Passeriformes","雀形目","Muscicapidae","鹟科","Niltava","仙鹟属"
"Niltava oatesi","棕腹蓝仙鹟","Passeriformes","雀形目","Muscicapidae","鹟科","Niltava","仙鹟属"
"Niltava sundara","棕腹仙鹟","Passeriformes","雀形目","Muscicapidae","鹟科","Niltava","仙鹟属"
"Niltava vivida","台湾蓝仙鹟","Passeriformes","雀形目","Muscicapidae","鹟科","Niltava","仙鹟属"
"Oenanthe deserti","漠䳭","Passeriformes","雀形目","Muscicapidae","鹟科","Oenanthe","䳭属"
"Oenanthe isabellina","沙䳭","Passeriformes","雀形目","Muscicapidae","鹟科","Oenanthe","䳭属"
"Oenanthe oenanthe","穗䳭","Passeriformes","雀形目","Muscicapidae","鹟科","Oenanthe","䳭属"
"Oenanthe picata","东方斑䳭","Passeriformes","雀形目","Muscicapidae","鹟科","Oenanthe","䳭属"
"Oenanthe pleschanka","白顶䳭","Passeriformes","雀形目","Muscicapidae","鹟科","Oenanthe","䳭属"
"Phoenicurus alaschanicus","贺兰山红尾鸲","Passeriformes","雀形目","Muscicapidae","鹟科","Phoenicurus","红尾鸲属"
"Phoenicurus auroreus","北红尾鸲","Passeriformes","雀形目","Muscicapidae","鹟科","Phoenicurus","红尾鸲属"
"Phoenicurus coeruleocephala","蓝头红尾鸲","Passeriformes","雀形目","Muscicapidae","鹟科","Phoenicurus","红尾鸲属"
"Phoenicurus erythrogastrus","红腹红尾鸲","Passeriformes","雀形目","Muscicapidae","鹟科","Phoenicurus","红尾鸲属"
"Phoenicurus erythronotus","红背红尾鸲","Passeriformes","雀形目","Muscicapidae","鹟科","Phoenicurus","红尾鸲属"
"Phoenicurus frontalis","蓝额红尾鸲","Passeriformes","雀形目","Muscicapidae","鹟科","Phoenicurus","红尾鸲属"
"Phoenicurus fuliginosus","红尾水鸲","Passeriformes","雀形目","Muscicapidae","鹟科","Phoenicurus","红尾鸲属"
"Phoenicurus hodgsoni","黑喉红尾鸲","Passeriformes","雀形目","Muscicapidae","鹟科","Phoenicurus","红尾鸲属"
"Phoenicurus leucocephalus","白顶溪鸲","Passeriformes","雀形目","Muscicapidae","鹟科","Phoenicurus","红尾鸲属"
"Phoenicurus ochruros","赭红尾鸲","Passeriformes","雀形目","Muscicapidae","鹟科","Phoenicurus","红尾鸲属"
"Phoenicurus phoenicurus","欧亚红尾鸲","Passeriformes","雀形目","Muscicapidae","鹟科","Phoenicurus","红尾鸲属"
"Phoenicurus schisticeps","白喉红尾鸲","Passeriformes","雀形目","Muscicapidae","鹟科","Phoenicurus","红尾鸲属"
"Saxicola caprata","白斑黑石䳭","Passeriformes","雀形目","Muscicapidae","鹟科","Saxicola","石䳭属"
"Saxicola ferreus","灰林䳭","Passeriformes","雀形目","Muscicapidae","鹟科","Saxicola","石䳭属"
"Saxicola insignis","白喉石䳭","Passeriformes","雀形目","Muscicapidae","鹟科","Saxicola","石䳭属"
"Saxicola jerdoni","黑白林䳭","Passeriformes","雀形目","Muscicapidae","鹟科","Saxicola","石䳭属"
"Saxicola maurus","黑喉石䳭","Passeriformes","雀形目","Muscicapidae","鹟科","Saxicola","石䳭属"
"Saxicola stejnegeri","东亚石䳭","Passeriformes","雀形目","Muscicapidae","鹟科","Saxicola","石䳭属"
"Tarsiger albocoeruleus","祁连山蓝尾鸲","Passeriformes","雀形目","Muscicapidae","鹟科","Tarsiger","鸲属"
"Tarsiger chrysaeus","金色林鸲","Passeriformes","雀形目","Muscicapidae","鹟科","Tarsiger","鸲属"
"Tarsiger cyanurus","红胁蓝尾鸲","Passeriformes","雀形目","Muscicapidae","鹟科","Tarsiger","鸲属"
"Tarsiger formosanus","台湾白眉林鸲","Passeriformes","雀形目","Muscicapidae","鹟科","Tarsiger","鸲属"
"Tarsiger hyperythrus","棕腹林鸲","Passeriformes","雀形目","Muscicapidae","鹟科","Tarsiger","鸲属"
"Tarsiger indicus","白眉林鸲","Passeriformes","雀形目","Muscicapidae","鹟科","Tarsiger","鸲属"
"Tarsiger johnstoniae","台湾林鸲","Passeriformes","雀形目","Muscicapidae","鹟科","Tarsiger","鸲属"
"Tarsiger rufilatus","蓝眉林鸲","Passeriformes","雀形目","Muscicapidae","鹟科","Tarsiger","鸲属"
"Aethopyga christinae","叉尾太阳鸟","Passeriformes","雀形目","Nectariniidae","花蜜鸟科","Aethopyga","太阳鸟属"
"Aethopyga gouldiae","蓝喉太阳鸟","Passeriformes","雀形目","Nectariniidae","花蜜鸟科","Aethopyga","太阳鸟属"
"Aethopyga ignicauda","火尾太阳鸟","Passeriformes","雀形目","Nectariniidae","花蜜鸟科","Aethopyga","太阳鸟属"
"Aethopyga nipalensis","绿喉太阳鸟","Passeriformes","雀形目","Nectariniidae","花蜜鸟科","Aethopyga","太阳鸟属"
"Aethopyga saturata","黑胸太阳鸟","Passeriformes","雀形目","Nectariniidae","花蜜鸟科","Aethopyga","太阳鸟属"
"Aethopyga siparaja","黄腰太阳鸟","Passeriformes","雀形目","Nectariniidae","花蜜鸟科","Aethopyga","太阳鸟属"
"Anthreptes malacensis","褐喉食蜜鸟","Passeriformes","雀形目","Nectariniidae","花蜜鸟科","Anthreptes","直嘴太阳鸟属"
"Arachnothera longirostra","长嘴捕蛛鸟","Passeriformes","雀形目","Nectariniidae","花蜜鸟科","Arachnothera","捕蛛鸟属"
"Arachnothera magna","纹背捕蛛鸟","Passeriformes","雀形目","Nectariniidae","花蜜鸟科","Arachnothera","捕蛛鸟属"
"Chalcoparia singalensis","紫颊太阳鸟","Passeriformes","雀形目","Nectariniidae","花蜜鸟科","Chalcoparia",NA
"Cinnyris asiaticus","紫花蜜鸟","Passeriformes","雀形目","Nectariniidae","花蜜鸟科","Cinnyris",NA
"Cinnyris jugularis","黄腹花蜜鸟","Passeriformes","雀形目","Nectariniidae","花蜜鸟科","Cinnyris",NA
"Kurochkinegramma hypogrammicum","蓝枕花蜜鸟","Passeriformes","雀形目","Nectariniidae","花蜜鸟科","Kurochkinegramma",NA
"Oriolus chinensis","黑枕黄鹂","Passeriformes","雀形目","Oriolidae","黄鹂科","Oriolus","黄鹂属"
"Oriolus kundoo","印度金黄鹂","Passeriformes","雀形目","Oriolidae","黄鹂科","Oriolus","黄鹂属"
"Oriolus mellianus","鹊鹂","Passeriformes","雀形目","Oriolidae","黄鹂科","Oriolus","黄鹂属"
"Oriolus oriolus","金黄鹂","Passeriformes","雀形目","Oriolidae","黄鹂科","Oriolus","黄鹂属"
"Oriolus tenuirostris","细嘴黄鹂","Passeriformes","雀形目","Oriolidae","黄鹂科","Oriolus","黄鹂属"
"Oriolus traillii","朱鹂","Passeriformes","雀形目","Oriolidae","黄鹂科","Oriolus","黄鹂属"
"Oriolus xanthornus","黑头黄鹂","Passeriformes","雀形目","Oriolidae","黄鹂科","Oriolus","黄鹂属"
"Panurus biarmicus","文须雀","Passeriformes","雀形目","Panuridae","文须雀科","Panurus","文须雀属"
"Chleuasicus atrosuperciliaris","黑眉鸦雀","Passeriformes","雀形目","Paradoxornithidae","鸦雀科","Chleuasicus",NA
"Cholornis paradoxus","三趾鸦雀","Passeriformes","雀形目","Paradoxornithidae","鸦雀科","Cholornis",NA
"Cholornis unicolor","褐鸦雀","Passeriformes","雀形目","Paradoxornithidae","鸦雀科","Cholornis",NA
"Chrysomma sinense","金眼鹛雀","Passeriformes","雀形目","Paradoxornithidae","鸦雀科","Chrysomma","鹛雀属"
"Conostoma aemodium","红嘴鸦雀","Passeriformes","雀形目","Paradoxornithidae","鸦雀科","Conostoma","红嘴鸦雀属"
"Fulvetta cinereiceps","灰头雀鹛","Passeriformes","雀形目","Paradoxornithidae","鸦雀科","Fulvetta",NA
"Fulvetta formosana","玉山雀鹛","Passeriformes","雀形目","Paradoxornithidae","鸦雀科","Fulvetta",NA
"Fulvetta ludlowi","路氏雀鹛","Passeriformes","雀形目","Paradoxornithidae","鸦雀科","Fulvetta",NA
"Fulvetta manipurensis","褐头雀鹛","Passeriformes","雀形目","Paradoxornithidae","鸦雀科","Fulvetta",NA
"Fulvetta ruficapilla","棕头雀鹛","Passeriformes","雀形目","Paradoxornithidae","鸦雀科","Fulvetta",NA
"Fulvetta striaticollis","中华雀鹛","Passeriformes","雀形目","Paradoxornithidae","鸦雀科","Fulvetta",NA
"Fulvetta vinipectus","白眉雀鹛","Passeriformes","雀形目","Paradoxornithidae","鸦雀科","Fulvetta",NA
"Lioparus chrysotis","金胸雀鹛","Passeriformes","雀形目","Paradoxornithidae","鸦雀科","Lioparus",NA
"Moupinia poecilotis","宝兴鹛雀","Passeriformes","雀形目","Paradoxornithidae","鸦雀科","Moupinia","宝兴鹛雀属"
"Myzornis pyrrhoura","火尾绿鹛","Passeriformes","雀形目","Paradoxornithidae","鸦雀科","Myzornis","绿鹛属"
"Neosuthora davidiana","短尾鸦雀","Passeriformes","雀形目","Paradoxornithidae","鸦雀科","Neosuthora",NA
"Paradoxornis flavirostris","斑胸鸦雀","Passeriformes","雀形目","Paradoxornithidae","鸦雀科","Paradoxornis","鸦雀属"
"Paradoxornis guttaticollis","点胸鸦雀","Passeriformes","雀形目","Paradoxornithidae","鸦雀科","Paradoxornis","鸦雀属"
"Paradoxornis heudei","震旦鸦雀","Passeriformes","雀形目","Paradoxornithidae","鸦雀科","Paradoxornis","鸦雀属"
"Psittiparus bakeri","红头鸦雀","Passeriformes","雀形目","Paradoxornithidae","鸦雀科","Psittiparus",NA
"Psittiparus gularis","灰头鸦雀","Passeriformes","雀形目","Paradoxornithidae","鸦雀科","Psittiparus",NA
"Psittiparus ruficeps","白胸鸦雀","Passeriformes","雀形目","Paradoxornithidae","鸦雀科","Psittiparus",NA
"Rhopophilus albosuperciliaris","西域山鹛","Passeriformes","雀形目","Paradoxornithidae","鸦雀科","Rhopophilus","山鹛属"
"Rhopophilus pekinensis","山鹛","Passeriformes","雀形目","Paradoxornithidae","鸦雀科","Rhopophilus","山鹛属"
"Sinosuthora alphonsiana","灰喉鸦雀","Passeriformes","雀形目","Paradoxornithidae","鸦雀科","Sinosuthora",NA
"Sinosuthora brunnea","褐翅鸦雀","Passeriformes","雀形目","Paradoxornithidae","鸦雀科","Sinosuthora",NA
"Sinosuthora conspicillata","白眶鸦雀","Passeriformes","雀形目","Paradoxornithidae","鸦雀科","Sinosuthora",NA
"Sinosuthora przewalskii","灰冠鸦雀","Passeriformes","雀形目","Paradoxornithidae","鸦雀科","Sinosuthora",NA
"Sinosuthora webbiana","棕头鸦雀","Passeriformes","雀形目","Paradoxornithidae","鸦雀科","Sinosuthora",NA
"Sinosuthora zappeyi","暗色鸦雀","Passeriformes","雀形目","Paradoxornithidae","鸦雀科","Sinosuthora",NA
"Suthora fulvifrons","黄额鸦雀","Passeriformes","雀形目","Paradoxornithidae","鸦雀科","Suthora",NA
"Suthora nipalensis","黑喉鸦雀","Passeriformes","雀形目","Paradoxornithidae","鸦雀科","Suthora",NA
"Suthora verreauxi","金色鸦雀","Passeriformes","雀形目","Paradoxornithidae","鸦雀科","Suthora",NA
"Cephalopyrus flammiceps","火冠雀","Passeriformes","雀形目","Paridae","山雀科","Cephalopyrus","火冠雀属"
"Cyanistes cyanus","灰蓝山雀","Passeriformes","雀形目","Paridae","山雀科","Cyanistes",NA
"Lophophanes dichrous","褐冠山雀","Passeriformes","雀形目","Paridae","山雀科","Lophophanes",NA
"Machlolophus holsti","台湾黄山雀","Passeriformes","雀形目","Paridae","山雀科","Machlolophus",NA
"Machlolophus spilonotus","黄颊山雀","Passeriformes","雀形目","Paridae","山雀科","Machlolophus",NA
"Machlolophus xanthogenys","眼纹黄山雀","Passeriformes","雀形目","Paridae","山雀科","Machlolophus",NA
"Melanochlora sultanea","冕雀","Passeriformes","雀形目","Paridae","山雀科","Melanochlora","冕雀属"
"Pardaliparus venustulus","黄腹山雀","Passeriformes","雀形目","Paridae","山雀科","Pardaliparus",NA
"Parus major","欧亚大山雀","Passeriformes","雀形目","Paridae","山雀科","Parus","山雀属"
"Parus minor","大山雀","Passeriformes","雀形目","Paridae","山雀科","Parus","山雀属"
"Parus monticolus","绿背山雀","Passeriformes","雀形目","Paridae","山雀科","Parus","山雀属"
"Periparus ater","煤山雀","Passeriformes","雀形目","Paridae","山雀科","Periparus",NA
"Periparus rubidiventris","黑冠山雀","Passeriformes","雀形目","Paridae","山雀科","Periparus",NA
"Periparus rufonuchalis","棕枕山雀","Passeriformes","雀形目","Paridae","山雀科","Periparus",NA
"Poecile davidi","红腹山雀","Passeriformes","雀形目","Paridae","山雀科","Poecile",NA
"Poecile hypermelaenus","黑喉山雀","Passeriformes","雀形目","Paridae","山雀科","Poecile",NA
"Poecile montanus","褐头山雀","Passeriformes","雀形目","Paridae","山雀科","Poecile",NA
"Poecile palustris","沼泽山雀","Passeriformes","雀形目","Paridae","山雀科","Poecile",NA
"Poecile superciliosus","白眉山雀","Passeriformes","雀形目","Paridae","山雀科","Poecile",NA
"Poecile weigoldicus","四川褐头山雀","Passeriformes","雀形目","Paridae","山雀科","Poecile",NA
"Pseudopodoces humilis","地山雀","Passeriformes","雀形目","Paridae","山雀科","Pseudopodoces","拟地鸦属"
"Sittiparus castaneoventris","台湾杂色山雀","Passeriformes","雀形目","Paridae","山雀科","Sittiparus",NA
"Sittiparus varius","杂色山雀","Passeriformes","雀形目","Paridae","山雀科","Sittiparus",NA
"Sylviparus modestus","黄眉林雀","Passeriformes","雀形目","Paridae","山雀科","Sylviparus","林雀属"
"Passerculus sandwichensis","稀树草鹀","Passeriformes","雀形目","Passerellidae","雀鹀科","Passerculus",NA
"Zonotrichia leucophrys","白冠带鹀","Passeriformes","雀形目","Passerellidae","雀鹀科","Zonotrichia",NA
"Montifringilla adamsi","褐翅雪雀","Passeriformes","雀形目","Passeridae","雀科","Montifringilla","雪雀属"
"Montifringilla henrici","藏雪雀","Passeriformes","雀形目","Passeridae","雀科","Montifringilla","雪雀属"
"Montifringilla nivalis","白斑翅雪雀","Passeriformes","雀形目","Passeridae","雀科","Montifringilla","雪雀属"
"Onychostruthus taczanowskii","白腰雪雀","Passeriformes","雀形目","Passeridae","雀科","Onychostruthus",NA
"Passer ammodendri","黑顶麻雀","Passeriformes","雀形目","Passeridae","雀科","Passer","麻雀属"
"Passer cinnamomeus","山麻雀","Passeriformes","雀形目","Passeridae","雀科","Passer","麻雀属"
"Passer domesticus","家麻雀","Passeriformes","雀形目","Passeridae","雀科","Passer","麻雀属"
"Passer hispaniolensis","黑胸麻雀","Passeriformes","雀形目","Passeridae","雀科","Passer","麻雀属"
"Passer montanus","麻雀","Passeriformes","雀形目","Passeridae","雀科","Passer","麻雀属"
"Petronia petronia","石雀","Passeriformes","雀形目","Passeridae","雀科","Petronia","石雀属"
"Pyrgilauda blanfordi","棕背雪雀","Passeriformes","雀形目","Passeridae","雀科","Pyrgilauda",NA
"Pyrgilauda davidiana","黑喉雪雀","Passeriformes","雀形目","Passeridae","雀科","Pyrgilauda",NA
"Pyrgilauda ruficollis","棕颈雪雀","Passeriformes","雀形目","Passeridae","雀科","Pyrgilauda",NA
"Gampsorhynchus rufulus","白头鵙鹛","Passeriformes","雀形目","Pellorneidae","幽鹛科","Gampsorhynchus","白头鵙鹛属"
"Gampsorhynchus torquatus","领鵙鹛","Passeriformes","雀形目","Pellorneidae","幽鹛科","Gampsorhynchus","白头鵙鹛属"
"Graminicola striatus","中华草鹛","Passeriformes","雀形目","Pellorneidae","幽鹛科","Graminicola","大草莺属"
"Gypsophila annamensis","灰岩鹪鹛","Passeriformes","雀形目","Pellorneidae","幽鹛科","Gypsophila",NA
"Gypsophila brevicaudata","短尾鹪鹛","Passeriformes","雀形目","Pellorneidae","幽鹛科","Gypsophila",NA
"Napothera epilepidota","纹胸鹪鹛","Passeriformes","雀形目","Pellorneidae","幽鹛科","Napothera","鹪鹛属"
"Napothera malacoptila","长嘴鹩鹛","Passeriformes","雀形目","Pellorneidae","幽鹛科","Napothera","鹪鹛属"
"Napothera naungmungensis","瑙蒙短尾鹛","Passeriformes","雀形目","Pellorneidae","幽鹛科","Napothera","鹪鹛属"
"Pellorneum albiventre","白腹幽鹛","Passeriformes","雀形目","Pellorneidae","幽鹛科","Pellorneum","幽鹛属"
"Pellorneum ruficeps","棕头幽鹛","Passeriformes","雀形目","Pellorneidae","幽鹛科","Pellorneum","幽鹛属"
"Pellorneum tickelli","棕胸雅鹛","Passeriformes","雀形目","Pellorneidae","幽鹛科","Pellorneum","幽鹛属"
"Schoeniparus brunneus","褐顶雀鹛","Passeriformes","雀形目","Pellorneidae","幽鹛科","Schoeniparus",NA
"Schoeniparus castaneceps","栗头雀鹛","Passeriformes","雀形目","Pellorneidae","幽鹛科","Schoeniparus",NA
"Schoeniparus cinereus","黄喉雀鹛","Passeriformes","雀形目","Pellorneidae","幽鹛科","Schoeniparus",NA
"Schoeniparus dubius","褐胁雀鹛","Passeriformes","雀形目","Pellorneidae","幽鹛科","Schoeniparus",NA
"Schoeniparus rufogularis","棕喉雀鹛","Passeriformes","雀形目","Pellorneidae","幽鹛科","Schoeniparus",NA
"Schoeniparus variegaticeps","金额雀鹛","Passeriformes","雀形目","Pellorneidae","幽鹛科","Schoeniparus",NA
"Phylloscopus affinis","黄腹柳莺","Passeriformes","雀形目","Phylloscopidae","柳莺科","Phylloscopus","柳莺属"
"Phylloscopus armandii","棕眉柳莺","Passeriformes","雀形目","Phylloscopidae","柳莺科","Phylloscopus","柳莺属"
"Phylloscopus borealis","极北柳莺","Passeriformes","雀形目","Phylloscopidae","柳莺科","Phylloscopus","柳莺属"
"Phylloscopus borealoides","库页岛柳莺","Passeriformes","雀形目","Phylloscopidae","柳莺科","Phylloscopus","柳莺属"
"Phylloscopus burkii","金眶鹟莺","Passeriformes","雀形目","Phylloscopidae","柳莺科","Phylloscopus","柳莺属"
"Phylloscopus calciatilis","灰岩柳莺","Passeriformes","雀形目","Phylloscopidae","柳莺科","Phylloscopus","柳莺属"
"Phylloscopus cantator","黄胸柳莺","Passeriformes","雀形目","Phylloscopidae","柳莺科","Phylloscopus","柳莺属"
"Phylloscopus castaniceps","栗头鹟莺","Passeriformes","雀形目","Phylloscopidae","柳莺科","Phylloscopus","柳莺属"
"Phylloscopus chloronotus","淡黄腰柳莺","Passeriformes","雀形目","Phylloscopidae","柳莺科","Phylloscopus","柳莺属"
"Phylloscopus claudiae","冠纹柳莺","Passeriformes","雀形目","Phylloscopidae","柳莺科","Phylloscopus","柳莺属"
"Phylloscopus collybita","叽喳柳莺","Passeriformes","雀形目","Phylloscopidae","柳莺科","Phylloscopus","柳莺属"
"Phylloscopus coronatus","冕柳莺","Passeriformes","雀形目","Phylloscopidae","柳莺科","Phylloscopus","柳莺属"
"Phylloscopus emeiensis","峨眉柳莺","Passeriformes","雀形目","Phylloscopidae","柳莺科","Phylloscopus","柳莺属"
"Phylloscopus examinandus","堪察加柳莺","Passeriformes","雀形目","Phylloscopidae","柳莺科","Phylloscopus","柳莺属"
"Phylloscopus forresti","四川柳莺","Passeriformes","雀形目","Phylloscopidae","柳莺科","Phylloscopus","柳莺属"
"Phylloscopus fuligiventer","烟柳莺","Passeriformes","雀形目","Phylloscopidae","柳莺科","Phylloscopus","柳莺属"
"Phylloscopus fuscatus","褐柳莺","Passeriformes","雀形目","Phylloscopidae","柳莺科","Phylloscopus","柳莺属"
"Phylloscopus goodsoni","华南冠纹柳莺","Passeriformes","雀形目","Phylloscopidae","柳莺科","Phylloscopus","柳莺属"
"Phylloscopus griseolus","灰柳莺","Passeriformes","雀形目","Phylloscopidae","柳莺科","Phylloscopus","柳莺属"
"Phylloscopus hainanus","海南柳莺","Passeriformes","雀形目","Phylloscopidae","柳莺科","Phylloscopus","柳莺属"
"Phylloscopus humei","淡眉柳莺","Passeriformes","雀形目","Phylloscopidae","柳莺科","Phylloscopus","柳莺属"
"Phylloscopus ijimae","日本冕柳莺","Passeriformes","雀形目","Phylloscopidae","柳莺科","Phylloscopus","柳莺属"
"Phylloscopus inornatus","黄眉柳莺","Passeriformes","雀形目","Phylloscopidae","柳莺科","Phylloscopus","柳莺属"
"Phylloscopus intensior","云南白斑尾柳莺","Passeriformes","雀形目","Phylloscopidae","柳莺科","Phylloscopus","柳莺属"
"Phylloscopus intermedius","白眶鹟莺","Passeriformes","雀形目","Phylloscopidae","柳莺科","Phylloscopus","柳莺属"
"Phylloscopus kansuensis","甘肃柳莺","Passeriformes","雀形目","Phylloscopidae","柳莺科","Phylloscopus","柳莺属"
"Phylloscopus maculipennis","灰喉柳莺","Passeriformes","雀形目","Phylloscopidae","柳莺科","Phylloscopus","柳莺属"
"Phylloscopus magnirostris","乌嘴柳莺","Passeriformes","雀形目","Phylloscopidae","柳莺科","Phylloscopus","柳莺属"
"Phylloscopus occisinensis","华西柳莺","Passeriformes","雀形目","Phylloscopidae","柳莺科","Phylloscopus","柳莺属"
"Phylloscopus ogilviegranti","白斑尾柳莺","Passeriformes","雀形目","Phylloscopidae","柳莺科","Phylloscopus","柳莺属"
"Phylloscopus omeiensis","峨眉鹟莺","Passeriformes","雀形目","Phylloscopidae","柳莺科","Phylloscopus","柳莺属"
"Phylloscopus plumbeitarsus","双斑绿柳莺","Passeriformes","雀形目","Phylloscopidae","柳莺科","Phylloscopus","柳莺属"
"Phylloscopus poliogenys","灰脸鹟莺","Passeriformes","雀形目","Phylloscopidae","柳莺科","Phylloscopus","柳莺属"
"Phylloscopus proregulus","黄腰柳莺","Passeriformes","雀形目","Phylloscopidae","柳莺科","Phylloscopus","柳莺属"
"Phylloscopus pulcher","橙斑翅柳莺","Passeriformes","雀形目","Phylloscopidae","柳莺科","Phylloscopus","柳莺属"
"Phylloscopus reguloides","西南冠纹柳莺","Passeriformes","雀形目","Phylloscopidae","柳莺科","Phylloscopus","柳莺属"
"Phylloscopus ricketti","黑眉柳莺","Passeriformes","雀形目","Phylloscopidae","柳莺科","Phylloscopus","柳莺属"
"Phylloscopus schwarzi","巨嘴柳莺","Passeriformes","雀形目","Phylloscopidae","柳莺科","Phylloscopus","柳莺属"
"Phylloscopus sibilatrix","林柳莺","Passeriformes","雀形目","Phylloscopidae","柳莺科","Phylloscopus","柳莺属"
"Phylloscopus sindianus","中亚叽喳柳莺","Passeriformes","雀形目","Phylloscopidae","柳莺科","Phylloscopus","柳莺属"
"Phylloscopus soror","淡尾鹟莺","Passeriformes","雀形目","Phylloscopidae","柳莺科","Phylloscopus","柳莺属"
"Phylloscopus subaffinis","棕腹柳莺","Passeriformes","雀形目","Phylloscopidae","柳莺科","Phylloscopus","柳莺属"
"Phylloscopus tenellipes","淡脚柳莺","Passeriformes","雀形目","Phylloscopidae","柳莺科","Phylloscopus","柳莺属"
"Phylloscopus tephrocephalus","灰冠鹟莺","Passeriformes","雀形目","Phylloscopidae","柳莺科","Phylloscopus","柳莺属"
"Phylloscopus trochiloides","暗绿柳莺","Passeriformes","雀形目","Phylloscopidae","柳莺科","Phylloscopus","柳莺属"
"Phylloscopus trochilus","欧柳莺","Passeriformes","雀形目","Phylloscopidae","柳莺科","Phylloscopus","柳莺属"
"Phylloscopus valentini","比氏鹟莺","Passeriformes","雀形目","Phylloscopidae","柳莺科","Phylloscopus","柳莺属"
"Phylloscopus whistleri","韦氏鹟莺","Passeriformes","雀形目","Phylloscopidae","柳莺科","Phylloscopus","柳莺属"
"Phylloscopus xanthodryas","日本柳莺","Passeriformes","雀形目","Phylloscopidae","柳莺科","Phylloscopus","柳莺属"
"Phylloscopus xanthoschistos","灰头柳莺","Passeriformes","雀形目","Phylloscopidae","柳莺科","Phylloscopus","柳莺属"
"Phylloscopus yunnanensis","云南柳莺","Passeriformes","雀形目","Phylloscopidae","柳莺科","Phylloscopus","柳莺属"
"Hydrornis cyaneus","蓝八色鸫","Passeriformes","雀形目","Pittidae","八色鸫科","Hydrornis",NA
"Hydrornis nipalensis","蓝枕八色鸫","Passeriformes","雀形目","Pittidae","八色鸫科","Hydrornis",NA
"Hydrornis oatesi","栗头八色鸫","Passeriformes","雀形目","Pittidae","八色鸫科","Hydrornis",NA
"Hydrornis phayrei","双辫八色鸫","Passeriformes","雀形目","Pittidae","八色鸫科","Hydrornis",NA
"Hydrornis soror","蓝背八色鸫","Passeriformes","雀形目","Pittidae","八色鸫科","Hydrornis",NA
"Pitta moluccensis","蓝翅八色鸫","Passeriformes","雀形目","Pittidae","八色鸫科","Pitta","八色鸫属"
"Pitta nympha","仙八色鸫","Passeriformes","雀形目","Pittidae","八色鸫科","Pitta","八色鸫属"
"Pitta sordida","绿胸八色鸫","Passeriformes","雀形目","Pittidae","八色鸫科","Pitta","八色鸫属"
"Ploceus manyar","纹胸织雀","Passeriformes","雀形目","Ploceidae","织雀科","Ploceus","织布鸟属"
"Ploceus philippinus","黄胸织雀","Passeriformes","雀形目","Ploceidae","织雀科","Ploceus","织布鸟属"
"Pnoepyga albiventer","鳞胸鹪鹛","Passeriformes","雀形目","Pnoepygidae","鳞胸鹪鹛科","Pnoepyga","鳞鹪鹛属"
"Pnoepyga formosana","台湾鹪鹛","Passeriformes","雀形目","Pnoepygidae","鳞胸鹪鹛科","Pnoepyga","鳞鹪鹛属"
"Pnoepyga immaculata","尼泊尔鹪鹛","Passeriformes","雀形目","Pnoepygidae","鳞胸鹪鹛科","Pnoepyga","鳞鹪鹛属"
"Pnoepyga pusilla","小鳞胸鹪鹛","Passeriformes","雀形目","Pnoepygidae","鳞胸鹪鹛科","Pnoepyga","鳞鹪鹛属"
"Prunella atrogularis","黑喉岩鹨","Passeriformes","雀形目","Prunellidae","岩鹨科","Prunella","岩鹨属"
"Prunella collaris","领岩鹨","Passeriformes","雀形目","Prunellidae","岩鹨科","Prunella","岩鹨属"
"Prunella fulvescens","褐岩鹨","Passeriformes","雀形目","Prunellidae","岩鹨科","Prunella","岩鹨属"
"Prunella himalayana","高原岩鹨","Passeriformes","雀形目","Prunellidae","岩鹨科","Prunella","岩鹨属"
"Prunella immaculata","栗背岩鹨","Passeriformes","雀形目","Prunellidae","岩鹨科","Prunella","岩鹨属"
"Prunella koslowi","贺兰山岩鹨","Passeriformes","雀形目","Prunellidae","岩鹨科","Prunella","岩鹨属"
"Prunella montanella","棕眉山岩鹨","Passeriformes","雀形目","Prunellidae","岩鹨科","Prunella","岩鹨属"
"Prunella rubeculoides","鸲岩鹨","Passeriformes","雀形目","Prunellidae","岩鹨科","Prunella","岩鹨属"
"Prunella strophiata","棕胸岩鹨","Passeriformes","雀形目","Prunellidae","岩鹨科","Prunella","岩鹨属"
"Alcurus striatus","纵纹绿鹎","Passeriformes","雀形目","Pycnonotidae","鹎科","Alcurus",NA
"Alophoixus flaveolus","黄腹冠鹎","Passeriformes","雀形目","Pycnonotidae","鹎科","Alophoixus",NA
"Alophoixus pallidus","白喉冠鹎","Passeriformes","雀形目","Pycnonotidae","鹎科","Alophoixus",NA
"Brachypodius atriceps","黑头鹎","Passeriformes","雀形目","Pycnonotidae","鹎科","Brachypodius",NA
"Hemixos castanonotus","栗背短脚鹎","Passeriformes","雀形目","Pycnonotidae","鹎科","Hemixos",NA
"Hemixos flavala","灰短脚鹎","Passeriformes","雀形目","Pycnonotidae","鹎科","Hemixos",NA
"Hypsipetes amaurotis","栗耳短脚鹎","Passeriformes","雀形目","Pycnonotidae","鹎科","Hypsipetes","短脚鹎属"
"Hypsipetes leucocephalus","黑短脚鹎","Passeriformes","雀形目","Pycnonotidae","鹎科","Hypsipetes","短脚鹎属"
"Iole propinqua","灰眼短脚鹎","Passeriformes","雀形目","Pycnonotidae","鹎科","Iole",NA
"Ixos mcclellandii","绿翅短脚鹎","Passeriformes","雀形目","Pycnonotidae","鹎科","Ixos",NA
"Pycnonotus aurigaster","白喉红臀鹎","Passeriformes","雀形目","Pycnonotidae","鹎科","Pycnonotus","鹎属"
"Pycnonotus cafer","黑喉红臀鹎","Passeriformes","雀形目","Pycnonotidae","鹎科","Pycnonotus","鹎属"
"Pycnonotus finlaysoni","纹喉鹎","Passeriformes","雀形目","Pycnonotidae","鹎科","Pycnonotus","鹎属"
"Pycnonotus flavescens","黄绿鹎","Passeriformes","雀形目","Pycnonotidae","鹎科","Pycnonotus","鹎属"
"Pycnonotus goiavier","白眉黄臀鹎","Passeriformes","雀形目","Pycnonotidae","鹎科","Pycnonotus","鹎属"
"Pycnonotus jocosus","红耳鹎","Passeriformes","雀形目","Pycnonotidae","鹎科","Pycnonotus","鹎属"
"Pycnonotus leucogenys","白颊鹎","Passeriformes","雀形目","Pycnonotidae","鹎科","Pycnonotus","鹎属"
"Pycnonotus sinensis","白头鹎","Passeriformes","雀形目","Pycnonotidae","鹎科","Pycnonotus","鹎属"
"Pycnonotus taivanus","台湾鹎","Passeriformes","雀形目","Pycnonotidae","鹎科","Pycnonotus","鹎属"
"Pycnonotus xanthorrhous","黄臀鹎","Passeriformes","雀形目","Pycnonotidae","鹎科","Pycnonotus","鹎属"
"Rubigula flaviventris","黑冠黄鹎","Passeriformes","雀形目","Pycnonotidae","鹎科","Rubigula",NA
"Spizixos canifrons","凤头雀嘴鹎","Passeriformes","雀形目","Pycnonotidae","鹎科","Spizixos","雀嘴鹎属"
"Spizixos semitorques","领雀嘴鹎","Passeriformes","雀形目","Pycnonotidae","鹎科","Spizixos","雀嘴鹎属"
"Regulus goodfellowi","台湾戴菊","Passeriformes","雀形目","Regulidae","戴菊科","Regulus","戴菊属"
"Regulus regulus","戴菊","Passeriformes","雀形目","Regulidae","戴菊科","Regulus","戴菊属"
"Remiz consobrinus","中华攀雀","Passeriformes","雀形目","Remizidae","攀雀科","Remiz","攀雀属"
"Remiz coronatus","白冠攀雀","Passeriformes","雀形目","Remizidae","攀雀科","Remiz","攀雀属"
"Remiz macronyx","黑头攀雀","Passeriformes","雀形目","Remizidae","攀雀科","Remiz","攀雀属"
"Rhipidura albicollis","白喉扇尾鹟","Passeriformes","雀形目","Rhipiduridae","扇尾鹟科","Rhipidura","扇尾鹟属"
"Rhipidura aureola","白眉扇尾鹟","Passeriformes","雀形目","Rhipiduridae","扇尾鹟科","Rhipidura","扇尾鹟属"
"Rhipidura nigritorquis","菲律宾斑扇尾鹟","Passeriformes","雀形目","Rhipiduridae","扇尾鹟科","Rhipidura","扇尾鹟属"
"Abroscopus albogularis","棕脸鹟莺","Passeriformes","雀形目","Scotocercidae","树莺科","Abroscopus","拟鹟莺属"
"Abroscopus schisticeps","黑脸鹟莺","Passeriformes","雀形目","Scotocercidae","树莺科","Abroscopus","拟鹟莺属"
"Abroscopus superciliaris","黄腹鹟莺","Passeriformes","雀形目","Scotocercidae","树莺科","Abroscopus","拟鹟莺属"
"Cettia brunnifrons","棕顶树莺","Passeriformes","雀形目","Scotocercidae","树莺科","Cettia","树莺属"
"Cettia castaneocoronata","栗头树莺","Passeriformes","雀形目","Scotocercidae","树莺科","Cettia","树莺属"
"Cettia cetti","宽尾树莺","Passeriformes","雀形目","Scotocercidae","树莺科","Cettia","树莺属"
"Cettia major","大树莺","Passeriformes","雀形目","Scotocercidae","树莺科","Cettia","树莺属"
"Hemitesia pallidipes","淡脚树莺","Passeriformes","雀形目","Scotocercidae","树莺科","Hemitesia",NA
"Horornis acanthizoides","黄腹树莺","Passeriformes","雀形目","Scotocercidae","树莺科","Horornis",NA
"Horornis brunnescens","喜山黄腹树莺","Passeriformes","雀形目","Scotocercidae","树莺科","Horornis",NA
"Horornis canturians","远东树莺","Passeriformes","雀形目","Scotocercidae","树莺科","Horornis",NA
"Horornis diphone","短翅树莺","Passeriformes","雀形目","Scotocercidae","树莺科","Horornis",NA
"Horornis flavolivaceus","异色树莺","Passeriformes","雀形目","Scotocercidae","树莺科","Horornis",NA
"Horornis fortipes","强脚树莺","Passeriformes","雀形目","Scotocercidae","树莺科","Horornis",NA
"Phyllergates cucullatus","栗头织叶莺","Passeriformes","雀形目","Scotocercidae","树莺科","Phyllergates",NA
"Tesia cyaniventer","灰腹地莺","Passeriformes","雀形目","Scotocercidae","树莺科","Tesia","地莺属"
"Tesia olivea","金冠地莺","Passeriformes","雀形目","Scotocercidae","树莺科","Tesia","地莺属"
"Tickellia hodgsoni","宽嘴鶲莺","Passeriformes","雀形目","Scotocercidae","树莺科","Tickellia","宽嘴鶲莺属"
"Urosphena squameiceps","鳞头树莺","Passeriformes","雀形目","Scotocercidae","树莺科","Urosphena",NA
"Sitta cinnamoventris","栗腹䴓","Passeriformes","雀形目","Sittidae","䴓科","Sitta","鳾属"
"Sitta europaea","普通䴓","Passeriformes","雀形目","Sittidae","䴓科","Sitta","鳾属"
"Sitta formosa","丽䴓","Passeriformes","雀形目","Sittidae","䴓科","Sitta","鳾属"
"Sitta frontalis","绒额䴓","Passeriformes","雀形目","Sittidae","䴓科","Sitta","鳾属"
"Sitta himalayensis","白尾䴓","Passeriformes","雀形目","Sittidae","䴓科","Sitta","鳾属"
"Sitta magna","巨䴓","Passeriformes","雀形目","Sittidae","䴓科","Sitta","鳾属"
"Sitta nagaensis","栗臀䴓","Passeriformes","雀形目","Sittidae","䴓科","Sitta","鳾属"
"Sitta przewalskii","白脸䴓","Passeriformes","雀形目","Sittidae","䴓科","Sitta","鳾属"
"Sitta solangiae","淡紫䴓","Passeriformes","雀形目","Sittidae","䴓科","Sitta","鳾属"
"Sitta villosa","黑头䴓","Passeriformes","雀形目","Sittidae","䴓科","Sitta","鳾属"
"Sitta yunnanensis","滇䴓","Passeriformes","雀形目","Sittidae","䴓科","Sitta","鳾属"
"Tichodroma muraria","红翅旋壁雀","Passeriformes","雀形目","Sittidae","䴓科","Tichodroma","旋壁雀属"
"Chelidorhynx hypoxanthus","黄腹扇尾鹟","Passeriformes","雀形目","Stenostiridae","玉鹟科","Chelidorhynx",NA
"Culicicapa ceylonensis","方尾鹟","Passeriformes","雀形目","Stenostiridae","玉鹟科","Culicicapa","方尾鹟属"
"Acridotheres albocinctus","白领八哥","Passeriformes","雀形目","Sturnidae","椋鸟科","Acridotheres","八哥属"
"Acridotheres burmannicus","红嘴椋鸟","Passeriformes","雀形目","Sturnidae","椋鸟科","Acridotheres","八哥属"
"Acridotheres cristatellus","八哥","Passeriformes","雀形目","Sturnidae","椋鸟科","Acridotheres","八哥属"
"Acridotheres grandis","林八哥","Passeriformes","雀形目","Sturnidae","椋鸟科","Acridotheres","八哥属"
"Acridotheres javanicus","爪哇八哥","Passeriformes","雀形目","Sturnidae","椋鸟科","Acridotheres","八哥属"
"Acridotheres tristis","家八哥","Passeriformes","雀形目","Sturnidae","椋鸟科","Acridotheres","八哥属"
"Agropsar philippensis","紫背椋鸟","Passeriformes","雀形目","Sturnidae","椋鸟科","Agropsar",NA
"Agropsar sturninus","北椋鸟","Passeriformes","雀形目","Sturnidae","椋鸟科","Agropsar",NA
"Ampeliceps coronatus","金冠树八哥","Passeriformes","雀形目","Sturnidae","椋鸟科","Ampeliceps","树八哥属"
"Aplonis panayensis","亚洲辉椋鸟","Passeriformes","雀形目","Sturnidae","椋鸟科","Aplonis",NA
"Gracula religiosa","鹩哥","Passeriformes","雀形目","Sturnidae","椋鸟科","Gracula","鹩哥属"
"Gracupica contra","斑椋鸟","Passeriformes","雀形目","Sturnidae","椋鸟科","Gracupica",NA
"Gracupica floweri","暹罗斑椋鸟","Passeriformes","雀形目","Sturnidae","椋鸟科","Gracupica",NA
"Gracupica nigricollis","黑领椋鸟","Passeriformes","雀形目","Sturnidae","椋鸟科","Gracupica",NA
"Pastor roseus","粉红椋鸟","Passeriformes","雀形目","Sturnidae","椋鸟科","Pastor",NA
"Saroglossa spilopterus","斑翅椋鸟","Passeriformes","雀形目","Sturnidae","椋鸟科","Saroglossa",NA
"Spodiopsar cineraceus","灰椋鸟","Passeriformes","雀形目","Sturnidae","椋鸟科","Spodiopsar",NA
"Spodiopsar sericeus","丝光椋鸟","Passeriformes","雀形目","Sturnidae","椋鸟科","Spodiopsar",NA
"Sturnia malabarica","灰头椋鸟","Passeriformes","雀形目","Sturnidae","椋鸟科","Sturnia",NA
"Sturnia pagodarum","黑冠椋鸟","Passeriformes","雀形目","Sturnidae","椋鸟科","Sturnia",NA
"Sturnia sinensis","灰背椋鸟","Passeriformes","雀形目","Sturnidae","椋鸟科","Sturnia",NA
"Sturnus vulgaris","紫翅椋鸟","Passeriformes","雀形目","Sturnidae","椋鸟科","Sturnus","椋鸟属"
"Curruca althaea","休氏白喉林莺","Passeriformes","雀形目","Sylviidae","莺鹛科","Curruca",NA
"Curruca communis","灰白喉林莺","Passeriformes","雀形目","Sylviidae","莺鹛科","Curruca",NA
"Curruca crassirostris","东歌林莺","Passeriformes","雀形目","Sylviidae","莺鹛科","Curruca",NA
"Curruca curruca","白喉林莺","Passeriformes","雀形目","Sylviidae","莺鹛科","Curruca",NA
"Curruca minula","漠白喉林莺","Passeriformes","雀形目","Sylviidae","莺鹛科","Curruca",NA
"Curruca nana","荒漠林莺","Passeriformes","雀形目","Sylviidae","莺鹛科","Curruca",NA
"Curruca nisoria","横斑林莺","Passeriformes","雀形目","Sylviidae","莺鹛科","Curruca",NA
"Sylvia atricapilla","黑顶林莺","Passeriformes","雀形目","Sylviidae","莺鹛科","Sylvia","莺属"
"Cyanoderma ambiguum","黄喉穗鹛","Passeriformes","雀形目","Timaliidae","林鹛科","Cyanoderma",NA
"Cyanoderma chrysaeum","金头穗鹛","Passeriformes","雀形目","Timaliidae","林鹛科","Cyanoderma",NA
"Cyanoderma pyrrhops","黑颏穗鹛","Passeriformes","雀形目","Timaliidae","林鹛科","Cyanoderma",NA
"Cyanoderma ruficeps","红头穗鹛","Passeriformes","雀形目","Timaliidae","林鹛科","Cyanoderma",NA
"Erythrogenys erythrocnemis","台湾斑胸钩嘴鹛","Passeriformes","雀形目","Timaliidae","林鹛科","Erythrogenys",NA
"Erythrogenys erythrogenys","锈脸钩嘴鹛","Passeriformes","雀形目","Timaliidae","林鹛科","Erythrogenys",NA
"Erythrogenys gravivox","斑胸钩嘴鹛","Passeriformes","雀形目","Timaliidae","林鹛科","Erythrogenys",NA
"Erythrogenys hypoleucos","长嘴钩嘴鹛","Passeriformes","雀形目","Timaliidae","林鹛科","Erythrogenys",NA
"Erythrogenys swinhoei","华南斑胸钩嘴鹛","Passeriformes","雀形目","Timaliidae","林鹛科","Erythrogenys",NA
"Mixornis gularis","纹胸鹛","Passeriformes","雀形目","Timaliidae","林鹛科","Mixornis",NA
"Pomatorhinus ferruginosus","红嘴钩嘴鹛","Passeriformes","雀形目","Timaliidae","林鹛科","Pomatorhinus","钩嘴鹛属"
"Pomatorhinus musicus","台湾棕颈钩嘴鹛","Passeriformes","雀形目","Timaliidae","林鹛科","Pomatorhinus","钩嘴鹛属"
"Pomatorhinus ochraceiceps","棕头钩嘴鹛","Passeriformes","雀形目","Timaliidae","林鹛科","Pomatorhinus","钩嘴鹛属"
"Pomatorhinus ruficollis","棕颈钩嘴鹛","Passeriformes","雀形目","Timaliidae","林鹛科","Pomatorhinus","钩嘴鹛属"
"Pomatorhinus schisticeps","灰头钩嘴鹛","Passeriformes","雀形目","Timaliidae","林鹛科","Pomatorhinus","钩嘴鹛属"
"Pomatorhinus superciliaris","细嘴钩嘴鹛","Passeriformes","雀形目","Timaliidae","林鹛科","Pomatorhinus","钩嘴鹛属"
"Spelaeornis badeigularis","锈喉鹩鹛","Passeriformes","雀形目","Timaliidae","林鹛科","Spelaeornis","鹩鹛属"
"Spelaeornis caudatus","棕喉鹩鹛","Passeriformes","雀形目","Timaliidae","林鹛科","Spelaeornis","鹩鹛属"
"Spelaeornis chocolatinus","长尾鹩鹛","Passeriformes","雀形目","Timaliidae","林鹛科","Spelaeornis","鹩鹛属"
"Spelaeornis kinneari","淡喉鹩鹛","Passeriformes","雀形目","Timaliidae","林鹛科","Spelaeornis","鹩鹛属"
"Spelaeornis troglodytoides","斑翅鹩鹛","Passeriformes","雀形目","Timaliidae","林鹛科","Spelaeornis","鹩鹛属"
"Stachyris humei","黑胸楔嘴穗鹛","Passeriformes","雀形目","Timaliidae","林鹛科","Stachyris","穗鹛属"
"Stachyris nigriceps","黑头穗鹛","Passeriformes","雀形目","Timaliidae","林鹛科","Stachyris","穗鹛属"
"Stachyris nonggangensis","弄岗穗鹛","Passeriformes","雀形目","Timaliidae","林鹛科","Stachyris","穗鹛属"
"Stachyris roberti","楔嘴穗鹛","Passeriformes","雀形目","Timaliidae","林鹛科","Stachyris","穗鹛属"
"Stachyris strialata","斑颈穗鹛","Passeriformes","雀形目","Timaliidae","林鹛科","Stachyris","穗鹛属"
"Timalia pileata","红顶鹛","Passeriformes","雀形目","Timaliidae","林鹛科","Timalia","鹛属"
"Troglodytes troglodytes","鹪鹩","Passeriformes","雀形目","Troglodytidae","鹪鹩科","Troglodytes","鹪鹩属"
"Cochoa purpurea","紫宽嘴鸫","Passeriformes","雀形目","Turdidae","鸫科","Cochoa","宽嘴鸫属"
"Cochoa viridis","绿宽嘴鸫","Passeriformes","雀形目","Turdidae","鸫科","Cochoa","宽嘴鸫属"
"Geokichla citrina","橙头地鸫","Passeriformes","雀形目","Turdidae","鸫科","Geokichla",NA
"Geokichla sibirica","白眉地鸫","Passeriformes","雀形目","Turdidae","鸫科","Geokichla",NA
"Grandala coelicolor","蓝大翅鸲","Passeriformes","雀形目","Turdidae","鸫科","Grandala","大翅鸲属"
"Turdus albocinctus","白颈鸫","Passeriformes","雀形目","Turdidae","鸫科","Turdus","鸫属"
"Turdus atrogularis","黑喉鸫","Passeriformes","雀形目","Turdidae","鸫科","Turdus","鸫属"
"Turdus boulboul","灰翅鸫","Passeriformes","雀形目","Turdidae","鸫科","Turdus","鸫属"
"Turdus cardis","乌灰鸫","Passeriformes","雀形目","Turdidae","鸫科","Turdus","鸫属"
"Turdus chrysolaus","赤胸鸫","Passeriformes","雀形目","Turdidae","鸫科","Turdus","鸫属"
"Turdus dissimilis","黑胸鸫","Passeriformes","雀形目","Turdidae","鸫科","Turdus","鸫属"
"Turdus eunomus","斑鸫","Passeriformes","雀形目","Turdidae","鸫科","Turdus","鸫属"
"Turdus feae","褐头鸫","Passeriformes","雀形目","Turdidae","鸫科","Turdus","鸫属"
"Turdus hortulorum","灰背鸫","Passeriformes","雀形目","Turdidae","鸫科","Turdus","鸫属"
"Turdus iliacus","白眉歌鸫","Passeriformes","雀形目","Turdidae","鸫科","Turdus","鸫属"
"Turdus kessleri","棕背黑头鸫","Passeriformes","雀形目","Turdidae","鸫科","Turdus","鸫属"
"Turdus mandarinus","乌鸫","Passeriformes","雀形目","Turdidae","鸫科","Turdus","鸫属"
"Turdus maximus","藏乌鸫","Passeriformes","雀形目","Turdidae","鸫科","Turdus","鸫属"
"Turdus merula","欧乌鸫","Passeriformes","雀形目","Turdidae","鸫科","Turdus","鸫属"
"Turdus mupinensis","宝兴歌鸫","Passeriformes","雀形目","Turdidae","鸫科","Turdus","鸫属"
"Turdus naumanni","红尾斑鸫","Passeriformes","雀形目","Turdidae","鸫科","Turdus","鸫属"
"Turdus niveiceps","白头鸫","Passeriformes","雀形目","Turdidae","鸫科","Turdus","鸫属"
"Turdus obscurus","白眉鸫","Passeriformes","雀形目","Turdidae","鸫科","Turdus","鸫属"
"Turdus pallidus","白腹鸫","Passeriformes","雀形目","Turdidae","鸫科","Turdus","鸫属"
"Turdus philomelos","欧歌鸫","Passeriformes","雀形目","Turdidae","鸫科","Turdus","鸫属"
"Turdus pilaris","田鸫","Passeriformes","雀形目","Turdidae","鸫科","Turdus","鸫属"
"Turdus rubrocanus","灰头鸫","Passeriformes","雀形目","Turdidae","鸫科","Turdus","鸫属"
"Turdus ruficollis","赤颈鸫","Passeriformes","雀形目","Turdidae","鸫科","Turdus","鸫属"
"Turdus unicolor","蒂氏鸫","Passeriformes","雀形目","Turdidae","鸫科","Turdus","鸫属"
"Turdus viscivorus","槲鸫","Passeriformes","雀形目","Turdidae","鸫科","Turdus","鸫属"
"Zoothera aurea","虎斑地鸫","Passeriformes","雀形目","Turdidae","鸫科","Zoothera","地鸫属"
"Zoothera dauma","小虎斑地鸫","Passeriformes","雀形目","Turdidae","鸫科","Zoothera","地鸫属"
"Zoothera dixoni","长尾地鸫","Passeriformes","雀形目","Turdidae","鸫科","Zoothera","地鸫属"
"Zoothera griseiceps","四川淡背地鸫","Passeriformes","雀形目","Turdidae","鸫科","Zoothera","地鸫属"
"Zoothera marginata","长嘴地鸫","Passeriformes","雀形目","Turdidae","鸫科","Zoothera","地鸫属"
"Zoothera mollissima","淡背地鸫","Passeriformes","雀形目","Turdidae","鸫科","Zoothera","地鸫属"
"Zoothera monticola","大长嘴地鸫","Passeriformes","雀形目","Turdidae","鸫科","Zoothera","地鸫属"
"Zoothera salimalii","喜山淡背地鸫","Passeriformes","雀形目","Turdidae","鸫科","Zoothera","地鸫属"
"Urocynchramus pylzowi","朱鹀","Passeriformes","雀形目","Urocynchramidae","朱鹀科","Urocynchramus","朱鹀属"
"Hemipus picatus","褐背鹟鵙","Passeriformes","雀形目","Vangidae","钩嘴鵙科","Hemipus","鹊鵙属"
"Tephrodornis virgatus","钩嘴林鵙","Passeriformes","雀形目","Vangidae","钩嘴鵙科","Tephrodornis","钩嘴林鵙属"
"Erpornis zantholeuca","白腹凤鹛","Passeriformes","雀形目","Vireonidae","莺雀科","Erpornis",NA
"Pteruthius aeralatus","红翅鵙鹛","Passeriformes","雀形目","Vireonidae","莺雀科","Pteruthius","鵙鹛属"
"Pteruthius intermedius","栗额鵙鹛","Passeriformes","雀形目","Vireonidae","莺雀科","Pteruthius","鵙鹛属"
"Pteruthius melanotis","栗喉鵙鹛","Passeriformes","雀形目","Vireonidae","莺雀科","Pteruthius","鵙鹛属"
"Pteruthius rufiventer","棕腹鵙鹛","Passeriformes","雀形目","Vireonidae","莺雀科","Pteruthius","鵙鹛属"
"Pteruthius xanthochlorus","淡绿鵙鹛","Passeriformes","雀形目","Vireonidae","莺雀科","Pteruthius","鵙鹛属"
"Parayuhina bakeri","白颈凤鹛","Passeriformes","雀形目","Zosteropidae","绣眼鸟科","Parayuhina",NA
"Parayuhina diademata","白领凤鹛","Passeriformes","雀形目","Zosteropidae","绣眼鸟科","Parayuhina",NA
"Staphida castaniceps","栗耳凤鹛","Passeriformes","雀形目","Zosteropidae","绣眼鸟科","Staphida",NA
"Staphida torqueola","栗颈凤鹛","Passeriformes","雀形目","Zosteropidae","绣眼鸟科","Staphida",NA
"Yuhina brunneiceps","褐头凤鹛","Passeriformes","雀形目","Zosteropidae","绣眼鸟科","Yuhina","凤鹛属"
"Yuhina flavicollis","黄颈凤鹛","Passeriformes","雀形目","Zosteropidae","绣眼鸟科","Yuhina","凤鹛属"
"Yuhina gularis","纹喉凤鹛","Passeriformes","雀形目","Zosteropidae","绣眼鸟科","Yuhina","凤鹛属"
"Yuhina nigrimenta","黑颏凤鹛","Passeriformes","雀形目","Zosteropidae","绣眼鸟科","Yuhina","凤鹛属"
"Yuhina occipitalis","棕臀凤鹛","Passeriformes","雀形目","Zosteropidae","绣眼鸟科","Yuhina","凤鹛属"
"Zosterops erythropleurus","红胁绣眼鸟","Passeriformes","雀形目","Zosteropidae","绣眼鸟科","Zosterops","绣眼鸟属"
"Zosterops japonicus","日本绣眼鸟","Passeriformes","雀形目","Zosteropidae","绣眼鸟科","Zosterops","绣眼鸟属"
"Zosterops meyeni","低地绣眼鸟","Passeriformes","雀形目","Zosteropidae","绣眼鸟科","Zosterops","绣眼鸟属"
"Zosterops palpebrosus","灰腹绣眼鸟","Passeriformes","雀形目","Zosteropidae","绣眼鸟科","Zosterops","绣眼鸟属"
"Zosterops simplex","暗绿绣眼鸟","Passeriformes","雀形目","Zosteropidae","绣眼鸟科","Zosterops","绣眼鸟属"
"Ardea alba","大白鹭","Pelecaniformes","鹈形目","Ardeidae","鹭科","Ardea","鹭属"
"Ardea cinerea","苍鹭","Pelecaniformes","鹈形目","Ardeidae","鹭科","Ardea","鹭属"
"Ardea insignis","白腹鹭","Pelecaniformes","鹈形目","Ardeidae","鹭科","Ardea","鹭属"
"Ardea intermedia","中白鹭","Pelecaniformes","鹈形目","Ardeidae","鹭科","Ardea","鹭属"
"Ardea purpurea","草鹭","Pelecaniformes","鹈形目","Ardeidae","鹭科","Ardea","鹭属"
"Ardeola bacchus","池鹭","Pelecaniformes","鹈形目","Ardeidae","鹭科","Ardeola","池鹭属"
"Ardeola grayii","印度池鹭","Pelecaniformes","鹈形目","Ardeidae","鹭科","Ardeola","池鹭属"
"Ardeola speciosa","爪哇池鹭","Pelecaniformes","鹈形目","Ardeidae","鹭科","Ardeola","池鹭属"
"Botaurus stellaris","大麻鳽","Pelecaniformes","鹈形目","Ardeidae","鹭科","Botaurus","麻鳽属"
"Bubulcus coromandus","牛背鹭","Pelecaniformes","鹈形目","Ardeidae","鹭科","Bubulcus","牛背鹭属"
"Butorides striata","绿鹭","Pelecaniformes","鹈形目","Ardeidae","鹭科","Butorides","绿鹭属"
"Egretta eulophotes","黄嘴白鹭","Pelecaniformes","鹈形目","Ardeidae","鹭科","Egretta","白鹭属"
"Egretta garzetta","白鹭","Pelecaniformes","鹈形目","Ardeidae","鹭科","Egretta","白鹭属"
"Egretta novaehollandiae","白脸鹭","Pelecaniformes","鹈形目","Ardeidae","鹭科","Egretta","白鹭属"
"Egretta picata","斑鹭","Pelecaniformes","鹈形目","Ardeidae","鹭科","Egretta","白鹭属"
"Egretta sacra","岩鹭","Pelecaniformes","鹈形目","Ardeidae","鹭科","Egretta","白鹭属"
"Gorsachius goisagi","栗头鳽","Pelecaniformes","鹈形目","Ardeidae","鹭科","Gorsachius","鳽属"
"Gorsachius magnificus","海南鳽","Pelecaniformes","鹈形目","Ardeidae","鹭科","Gorsachius","鳽属"
"Gorsachius melanolophus","黑冠鳽","Pelecaniformes","鹈形目","Ardeidae","鹭科","Gorsachius","鳽属"
"Ixobrychus cinnamomeus","栗苇鳽","Pelecaniformes","鹈形目","Ardeidae","鹭科","Ixobrychus","苇鳽属"
"Ixobrychus eurhythmus","紫背苇鳽","Pelecaniformes","鹈形目","Ardeidae","鹭科","Ixobrychus","苇鳽属"
"Ixobrychus flavicollis","黑苇鳽","Pelecaniformes","鹈形目","Ardeidae","鹭科","Ixobrychus","苇鳽属"
"Ixobrychus minutus","小苇鳽","Pelecaniformes","鹈形目","Ardeidae","鹭科","Ixobrychus","苇鳽属"
"Ixobrychus sinensis","黄斑苇鳽","Pelecaniformes","鹈形目","Ardeidae","鹭科","Ixobrychus","苇鳽属"
"Nycticorax caledonicus","棕夜鹭","Pelecaniformes","鹈形目","Ardeidae","鹭科","Nycticorax","夜鹭属"
"Nycticorax nycticorax","夜鹭","Pelecaniformes","鹈形目","Ardeidae","鹭科","Nycticorax","夜鹭属"
"Pelecanus crispus","卷羽鹈鹕","Pelecaniformes","鹈形目","Pelecanidae","鹈鹕科","Pelecanus","鹈鹕属"
"Pelecanus onocrotalus","白鹈鹕","Pelecaniformes","鹈形目","Pelecanidae","鹈鹕科","Pelecanus","鹈鹕属"
"Pelecanus philippensis","斑嘴鹈鹕","Pelecaniformes","鹈形目","Pelecanidae","鹈鹕科","Pelecanus","鹈鹕属"
"Nipponia nippon","朱鹮","Pelecaniformes","鹈形目","Threskiornithidae","鹮科","Nipponia","朱鹮属"
"Platalea leucorodia","白琵鹭","Pelecaniformes","鹈形目","Threskiornithidae","鹮科","Platalea","琵鹭属"
"Platalea minor","黑脸琵鹭","Pelecaniformes","鹈形目","Threskiornithidae","鹮科","Platalea","琵鹭属"
"Plegadis falcinellus","彩鹮","Pelecaniformes","鹈形目","Threskiornithidae","鹮科","Plegadis","彩鹮属"
"Pseudibis davisoni","白肩黑鹮","Pelecaniformes","鹈形目","Threskiornithidae","鹮科","Pseudibis","黑鹮属"
"Threskiornis melanocephalus","黑头白鹮","Pelecaniformes","鹈形目","Threskiornithidae","鹮科","Threskiornis","白鹮属"
"Phaethon aethereus","红嘴鹲","Phaethontiformes","鹲形目","Phaethontidae","鹲科","Phaethon","鹲属"
"Phaethon lepturus","白尾鹲","Phaethontiformes","鹲形目","Phaethontidae","鹲科","Phaethon","鹲属"
"Phaethon rubricauda","红尾鹲","Phaethontiformes","鹲形目","Phaethontidae","鹲科","Phaethon","鹲属"
"Phoenicopterus roseus","大红鹳","Phoenicopteriformes","红鹳目","Phoenicopteridae","红鹳科","Phoenicopterus","红鹳属"
"Indicator xanthonotus","黄腰响蜜鴷","Piciformes","啄木鸟目","Indicatoridae","响蜜鴷科","Indicator","响密鴷属"
"Psilopogon asiaticus","蓝喉拟啄木鸟","Piciformes","啄木鸟目","Megalaimidae","拟啄木鸟科","Psilopogon",NA
"Psilopogon duvaucelii","蓝耳拟啄木鸟","Piciformes","啄木鸟目","Megalaimidae","拟啄木鸟科","Psilopogon",NA
"Psilopogon faber","黑眉拟啄木鸟","Piciformes","啄木鸟目","Megalaimidae","拟啄木鸟科","Psilopogon",NA
"Psilopogon faiostrictus","黄纹拟啄木鸟","Piciformes","啄木鸟目","Megalaimidae","拟啄木鸟科","Psilopogon",NA
"Psilopogon franklinii","金喉拟啄木鸟","Piciformes","啄木鸟目","Megalaimidae","拟啄木鸟科","Psilopogon",NA
"Psilopogon haemacephalus","赤胸拟啄木鸟","Piciformes","啄木鸟目","Megalaimidae","拟啄木鸟科","Psilopogon",NA
"Psilopogon lineatus","绿拟啄木鸟","Piciformes","啄木鸟目","Megalaimidae","拟啄木鸟科","Psilopogon",NA
"Psilopogon nuchalis","台湾拟啄木鸟","Piciformes","啄木鸟目","Megalaimidae","拟啄木鸟科","Psilopogon",NA
"Psilopogon virens","大拟啄木鸟","Piciformes","啄木鸟目","Megalaimidae","拟啄木鸟科","Psilopogon",NA
"Blythipicus pyrrhotis","黄嘴栗啄木鸟","Piciformes","啄木鸟目","Picidae","啄木鸟科","Blythipicus","噪啄木鸟属"
"Chrysocolaptes guttacristatus","大金背啄木鸟","Piciformes","啄木鸟目","Picidae","啄木鸟科","Chrysocolaptes","大金背啄木鸟属"
"Chrysophlegma flavinucha","大黄冠啄木鸟","Piciformes","啄木鸟目","Picidae","啄木鸟科","Chrysophlegma",NA
"Dendrocopos atratus","纹胸啄木鸟","Piciformes","啄木鸟目","Picidae","啄木鸟科","Dendrocopos",NA
"Dendrocopos darjellensis","黄颈啄木鸟","Piciformes","啄木鸟目","Picidae","啄木鸟科","Dendrocopos",NA
"Dendrocopos hyperythrus","棕腹啄木鸟","Piciformes","啄木鸟目","Picidae","啄木鸟科","Dendrocopos",NA
"Dendrocopos leucopterus","白翅啄木鸟","Piciformes","啄木鸟目","Picidae","啄木鸟科","Dendrocopos",NA
"Dendrocopos leucotos","白背啄木鸟","Piciformes","啄木鸟目","Picidae","啄木鸟科","Dendrocopos",NA
"Dendrocopos macei","纹腹啄木鸟","Piciformes","啄木鸟目","Picidae","啄木鸟科","Dendrocopos",NA
"Dendrocopos major","大斑啄木鸟","Piciformes","啄木鸟目","Picidae","啄木鸟科","Dendrocopos",NA
"Dinopium benghalense","小金背啄木鸟","Piciformes","啄木鸟目","Picidae","啄木鸟科","Dinopium","金背三趾啄木鸟属"
"Dinopium javanense","金背啄木鸟","Piciformes","啄木鸟目","Picidae","啄木鸟科","Dinopium","金背三趾啄木鸟属"
"Dinopium shorii","喜山金背啄木鸟","Piciformes","啄木鸟目","Picidae","啄木鸟科","Dinopium","金背三趾啄木鸟属"
"Dryobates cathpharius","赤胸啄木鸟","Piciformes","啄木鸟目","Picidae","啄木鸟科","Dryobates",NA
"Dryobates minor","小斑啄木鸟","Piciformes","啄木鸟目","Picidae","啄木鸟科","Dryobates",NA
"Dryocopus javensis","白腹黑啄木鸟","Piciformes","啄木鸟目","Picidae","啄木鸟科","Dryocopus","黑啄木鸟属"
"Dryocopus martius","黑啄木鸟","Piciformes","啄木鸟目","Picidae","啄木鸟科","Dryocopus","黑啄木鸟属"
"Gecinulus grantia","竹啄木鸟","Piciformes","啄木鸟目","Picidae","啄木鸟科","Gecinulus","竹啄木鸟属"
"Jynx torquilla","蚁鴷","Piciformes","啄木鸟目","Picidae","啄木鸟科","Jynx","蚁属"
"Leiopicus auriceps","褐额啄木鸟","Piciformes","啄木鸟目","Picidae","啄木鸟科","Leiopicus",NA
"Micropternus brachyurus","栗啄木鸟","Piciformes","啄木鸟目","Picidae","啄木鸟科","Micropternus",NA
"Mulleripicus pulverulentus","大灰啄木鸟","Piciformes","啄木鸟目","Picidae","啄木鸟科","Mulleripicus","灰啄木鸟属"
"Picoides canicapillus","星头啄木鸟","Piciformes","啄木鸟目","Picidae","啄木鸟科","Picoides","啄木鸟属"
"Picoides kizuki","小星头啄木鸟","Piciformes","啄木鸟目","Picidae","啄木鸟科","Picoides","啄木鸟属"
"Picoides tridactylus","三趾啄木鸟","Piciformes","啄木鸟目","Picidae","啄木鸟科","Picoides","啄木鸟属"
"Picumnus innominatus","斑姬啄木鸟","Piciformes","啄木鸟目","Picidae","啄木鸟科","Picumnus","姬啄木鸟属"
"Picus canus","灰头绿啄木鸟","Piciformes","啄木鸟目","Picidae","啄木鸟科","Picus","绿啄木鸟属"
"Picus chlorolophus","黄冠啄木鸟","Piciformes","啄木鸟目","Picidae","啄木鸟科","Picus","绿啄木鸟属"
"Picus rabieri","红颈绿啄木鸟","Piciformes","啄木鸟目","Picidae","啄木鸟科","Picus","绿啄木鸟属"
"Picus squamatus","鳞腹绿啄木鸟","Piciformes","啄木鸟目","Picidae","啄木鸟科","Picus","绿啄木鸟属"
"Picus vittatus","花腹绿啄木鸟","Piciformes","啄木鸟目","Picidae","啄木鸟科","Picus","绿啄木鸟属"
"Picus xanthopygaeus","纹喉绿啄木鸟","Piciformes","啄木鸟目","Picidae","啄木鸟科","Picus","绿啄木鸟属"
"Sasia ochracea","白眉棕啄木鸟","Piciformes","啄木鸟目","Picidae","啄木鸟科","Sasia","棕啄木鸟属"
"Podiceps auritus","角䴙䴘","Podicipediformes","䴙䴘目","Podicipedidae","䴙䴘科","Podiceps","䴙䴘属"
"Podiceps cristatus","凤头䴙䴘","Podicipediformes","䴙䴘目","Podicipedidae","䴙䴘科","Podiceps","䴙䴘属"
"Podiceps grisegena","赤颈䴙䴘","Podicipediformes","䴙䴘目","Podicipedidae","䴙䴘科","Podiceps","䴙䴘属"
"Podiceps nigricollis","黑颈䴙䴘","Podicipediformes","䴙䴘目","Podicipedidae","䴙䴘科","Podiceps","䴙䴘属"
"Tachybaptus ruficollis","小䴙䴘","Podicipediformes","䴙䴘目","Podicipedidae","䴙䴘科","Tachybaptus","小䴙䴘属"
"Phoebastria albatrus","短尾信天翁","Procellariiformes","鹱形目","Diomedeidae","信天翁科","Phoebastria",NA
"Phoebastria immutabilis","黑背信天翁","Procellariiformes","鹱形目","Diomedeidae","信天翁科","Phoebastria",NA
"Phoebastria nigripes","黑脚信天翁","Procellariiformes","鹱形目","Diomedeidae","信天翁科","Phoebastria",NA
"Hydrobates leucorhous","白腰叉尾海燕","Procellariiformes","鹱形目","Hydrobatidae","海燕科","Hydrobates",NA
"Hydrobates monorhis","黑叉尾海燕","Procellariiformes","鹱形目","Hydrobatidae","海燕科","Hydrobates",NA
"Hydrobates tristrami","褐翅叉尾海燕","Procellariiformes","鹱形目","Hydrobatidae","海燕科","Hydrobates",NA
"Oceanites oceanicus","黄蹼洋海燕","Procellariiformes","鹱形目","Oceanitidae","南海燕科","Oceanites",NA
"Ardenna carneipes","淡足鹱","Procellariiformes","鹱形目","Procellariidae","鹱科","Ardenna",NA
"Ardenna grisea","灰鹱","Procellariiformes","鹱形目","Procellariidae","鹱科","Ardenna",NA
"Ardenna pacifica","楔尾鹱","Procellariiformes","鹱形目","Procellariidae","鹱科","Ardenna",NA
"Ardenna tenuirostris","短尾鹱","Procellariiformes","鹱形目","Procellariidae","鹱科","Ardenna",NA
"Bulweria bulwerii","褐燕鹱","Procellariiformes","鹱形目","Procellariidae","鹱科","Bulweria","纯褐鹱属"
"Calonectris leucomelas","白额鹱","Procellariiformes","鹱形目","Procellariidae","鹱科","Calonectris",NA
"Fulmarus glacialis","暴风鹱","Procellariiformes","鹱形目","Procellariidae","鹱科","Fulmarus","暴雪鹱属"
"Pseudobulweria rostrata","钩嘴圆尾鹱","Procellariiformes","鹱形目","Procellariidae","鹱科","Pseudobulweria",NA
"Pterodroma heraldica","信使圆尾鹱","Procellariiformes","鹱形目","Procellariidae","鹱科","Pterodroma","圆尾鹱属"
"Pterodroma hypoleuca","白额圆尾鹱","Procellariiformes","鹱形目","Procellariidae","鹱科","Pterodroma","圆尾鹱属"
"Pterodroma solandri","棕头圆尾鹱","Procellariiformes","鹱形目","Procellariidae","鹱科","Pterodroma","圆尾鹱属"
"Puffinus nativitatis","黑鹱","Procellariiformes","鹱形目","Procellariidae","鹱科","Puffinus",NA
"Loriculus vernalis","短尾鹦鹉","Psittaciformes","鹦鹉目","Psittacidae","鹦鹉科","Loriculus","短尾鹦鹉属"
"Psittacula alexandri","绯胸鹦鹉","Psittaciformes","鹦鹉目","Psittacidae","鹦鹉科","Psittacula","鹦鹉属"
"Psittacula derbiana","大紫胸鹦鹉","Psittaciformes","鹦鹉目","Psittacidae","鹦鹉科","Psittacula","鹦鹉属"
"Psittacula eupatria","亚历山大鹦鹉","Psittaciformes","鹦鹉目","Psittacidae","鹦鹉科","Psittacula","鹦鹉属"
"Psittacula finschii","灰头鹦鹉","Psittaciformes","鹦鹉目","Psittacidae","鹦鹉科","Psittacula","鹦鹉属"
"Psittacula himalayana","青头鹦鹉","Psittaciformes","鹦鹉目","Psittacidae","鹦鹉科","Psittacula","鹦鹉属"
"Psittacula krameri","红领绿鹦鹉","Psittaciformes","鹦鹉目","Psittacidae","鹦鹉科","Psittacula","鹦鹉属"
"Psittacula roseata","花头鹦鹉","Psittaciformes","鹦鹉目","Psittacidae","鹦鹉科","Psittacula","鹦鹉属"
"Psittinus cyanurus","蓝腰鹦鹉","Psittaciformes","鹦鹉目","Psittacidae","鹦鹉科","Psittinus",NA
"Pterocles orientalis","黑腹沙鸡","Pterocliformes","沙鸡目","Pteroclidae","沙鸡科","Pterocles","沙鸡属"
"Syrrhaptes paradoxus","毛腿沙鸡","Pterocliformes","沙鸡目","Pteroclidae","沙鸡科","Syrrhaptes","毛腿沙鸡属"
"Syrrhaptes tibetanus","西藏毛腿沙鸡","Pterocliformes","沙鸡目","Pteroclidae","沙鸡科","Syrrhaptes","毛腿沙鸡属"
"Aegolius funereus","鬼鸮","Strigiformes","鸮形目","Strigidae","鸱鸮科","Aegolius","鬼鸮属"
"Asio flammeus","短耳鸮","Strigiformes","鸮形目","Strigidae","鸱鸮科","Asio","耳鸮属"
"Asio otus","长耳鸮","Strigiformes","鸮形目","Strigidae","鸱鸮科","Asio","耳鸮属"
"Athene brama","横斑腹小鸮","Strigiformes","鸮形目","Strigidae","鸱鸮科","Athene","小鸮属"
"Athene noctua","纵纹腹小鸮","Strigiformes","鸮形目","Strigidae","鸱鸮科","Athene","小鸮属"
"Bubo blakistoni","毛腿雕鸮","Strigiformes","鸮形目","Strigidae","鸱鸮科","Bubo","鵰鸮属"
"Bubo bubo","雕鸮","Strigiformes","鸮形目","Strigidae","鸱鸮科","Bubo","鵰鸮属"
"Bubo nipalensis","林雕鸮","Strigiformes","鸮形目","Strigidae","鸱鸮科","Bubo","鵰鸮属"
"Bubo scandiacus","雪鸮","Strigiformes","鸮形目","Strigidae","鸱鸮科","Bubo","鵰鸮属"
"Glaucidium brodiei","领鸺鹠","Strigiformes","鸮形目","Strigidae","鸱鸮科","Glaucidium","鸺鹠属"
"Glaucidium cuculoides","斑头鸺鹠","Strigiformes","鸮形目","Strigidae","鸱鸮科","Glaucidium","鸺鹠属"
"Glaucidium passerinum","花头鸺鹠","Strigiformes","鸮形目","Strigidae","鸱鸮科","Glaucidium","鸺鹠属"
"Ketupa flavipes","黄腿渔鸮","Strigiformes","鸮形目","Strigidae","鸱鸮科","Ketupa","渔鸮属"
"Ketupa zeylonensis","褐渔鸮","Strigiformes","鸮形目","Strigidae","鸱鸮科","Ketupa","渔鸮属"
"Ninox japonica","日本鹰鸮","Strigiformes","鸮形目","Strigidae","鸱鸮科","Ninox","鹰鸮属"
"Ninox scutulata","鹰鸮","Strigiformes","鸮形目","Strigidae","鸱鸮科","Ninox","鹰鸮属"
"Otus brucei","纵纹角鸮","Strigiformes","鸮形目","Strigidae","鸱鸮科","Otus","角鸮属"
"Otus elegans","优雅角鸮","Strigiformes","鸮形目","Strigidae","鸱鸮科","Otus","角鸮属"
"Otus lettia","领角鸮","Strigiformes","鸮形目","Strigidae","鸱鸮科","Otus","角鸮属"
"Otus scops","西红角鸮","Strigiformes","鸮形目","Strigidae","鸱鸮科","Otus","角鸮属"
"Otus semitorques","北领角鸮","Strigiformes","鸮形目","Strigidae","鸱鸮科","Otus","角鸮属"
"Otus spilocephalus","黄嘴角鸮","Strigiformes","鸮形目","Strigidae","鸱鸮科","Otus","角鸮属"
"Otus sunia","红角鸮","Strigiformes","鸮形目","Strigidae","鸱鸮科","Otus","角鸮属"
"Strix davidi","四川林鸮","Strigiformes","鸮形目","Strigidae","鸱鸮科","Strix","林鸮属"
"Strix leptogrammica","褐林鸮","Strigiformes","鸮形目","Strigidae","鸱鸮科","Strix","林鸮属"
"Strix nebulosa","乌林鸮","Strigiformes","鸮形目","Strigidae","鸱鸮科","Strix","林鸮属"
"Strix nivicolum","灰林鸮","Strigiformes","鸮形目","Strigidae","鸱鸮科","Strix","林鸮属"
"Strix uralensis","长尾林鸮","Strigiformes","鸮形目","Strigidae","鸱鸮科","Strix","林鸮属"
"Surnia ulula","猛鸮","Strigiformes","鸮形目","Strigidae","鸱鸮科","Surnia","猛鸮属"
"Phodilus badius","栗鸮","Strigiformes","鸮形目","Tytonidae","草鸮科","Phodilus","栗鸮属"
"Tyto javanica","仓鸮","Strigiformes","鸮形目","Tytonidae","草鸮科","Tyto","草鸮属"
"Tyto longimembris","草鸮","Strigiformes","鸮形目","Tytonidae","草鸮科","Tyto","草鸮属"
"Anhinga melanogaster","黑腹蛇鹈","Suliformes","鲣鸟目","Anhingidae","蛇鹈科","Anhinga",NA
"Fregata andrewsi","白腹军舰鸟","Suliformes","鲣鸟目","Fregatidae","军舰鸟科","Fregata","军舰鸟属"
"Fregata ariel","白斑军舰鸟","Suliformes","鲣鸟目","Fregatidae","军舰鸟科","Fregata","军舰鸟属"
"Fregata minor","黑腹军舰鸟","Suliformes","鲣鸟目","Fregatidae","军舰鸟科","Fregata","军舰鸟属"
"Microcarbo niger","黑颈鸬鹚","Suliformes","鲣鸟目","Phalacrocoracidae","鸬鹚科","Microcarbo",NA
"Microcarbo pygmaeus","侏鸬鹚","Suliformes","鲣鸟目","Phalacrocoracidae","鸬鹚科","Microcarbo",NA
"Phalacrocorax capillatus","绿背鸬鹚","Suliformes","鲣鸟目","Phalacrocoracidae","鸬鹚科","Phalacrocorax","鸬鹚属"
"Phalacrocorax carbo","普通鸬鹚","Suliformes","鲣鸟目","Phalacrocoracidae","鸬鹚科","Phalacrocorax","鸬鹚属"
"Phalacrocorax pelagicus","海鸬鹚","Suliformes","鲣鸟目","Phalacrocoracidae","鸬鹚科","Phalacrocorax","鸬鹚属"
"Phalacrocorax urile","红脸鸬鹚","Suliformes","鲣鸟目","Phalacrocoracidae","鸬鹚科","Phalacrocorax","鸬鹚属"
"Sula dactylatra","蓝脸鲣鸟","Suliformes","鲣鸟目","Sulidae","鲣鸟科","Sula","鲣鸟属"
"Sula leucogaster","褐鲣鸟","Suliformes","鲣鸟目","Sulidae","鲣鸟科","Sula","鲣鸟属"
"Sula sula","红脚鲣鸟","Suliformes","鲣鸟目","Sulidae","鲣鸟科","Sula","鲣鸟属"
"Harpactes erythrocephalus","红头咬鹃","Trogoniformes","咬鹃目","Trogonidae","咬鹃科","Harpactes","咬鹃属"
"Harpactes oreskios","橙胸咬鹃","Trogoniformes","咬鹃目","Trogonidae","咬鹃科","Harpactes","咬鹃属"
"Harpactes wardi","红腹咬鹃","Trogoniformes","咬鹃目","Trogonidae","咬鹃科","Harpactes","咬鹃属"
