"species","species_cn","order","order_cn","family","family_cn","genus","genus_cn","tree_label_direct","target_tree_label","bridge_type","bridge_note","tree_label_final","exact_match","bridged_match","unresolved","match_status"
"Accipiter badius","褐耳鹰","Accipitriformes","鹰形目","Accipitridae","鹰科","Accipiter","鹰属","Accipiter_badius",NA,NA,NA,"Accipiter_badius",TRUE,FALSE,FALSE,"Exact match"
"Accipiter gentilis","苍鹰","Accipitriformes","鹰形目","Accipitridae","鹰科","Accipiter","鹰属","Accipiter_gentilis",NA,NA,NA,"Accipiter_gentilis",TRUE,FALSE,FALSE,"Exact match"
"Accipiter gularis","日本松雀鹰","Accipitriformes","鹰形目","Accipitridae","鹰科","Accipiter","鹰属","Accipiter_gularis",NA,NA,NA,"Accipiter_gularis",TRUE,FALSE,FALSE,"Exact match"
"Accipiter nisus","雀鹰","Accipitriformes","鹰形目","Accipitridae","鹰科","Accipiter","鹰属","Accipiter_nisus",NA,NA,NA,"Accipiter_nisus",TRUE,FALSE,FALSE,"Exact match"
"Accipiter soloensis","赤腹鹰","Accipitriformes","鹰形目","Accipitridae","鹰科","Accipiter","鹰属","Accipiter_soloensis",NA,NA,NA,"Accipiter_soloensis",TRUE,FALSE,FALSE,"Exact match"
"Accipiter trivirgatus","凤头鹰","Accipitriformes","鹰形目","Accipitridae","鹰科","Accipiter","鹰属","Accipiter_trivirgatus",NA,NA,NA,"Accipiter_trivirgatus",TRUE,FALSE,FALSE,"Exact match"
"Accipiter virgatus","松雀鹰","Accipitriformes","鹰形目","Accipitridae","鹰科","Accipiter","鹰属","Accipiter_virgatus",NA,NA,NA,"Accipiter_virgatus",TRUE,FALSE,FALSE,"Exact match"
"Aegypius monachus","秃鹫","Accipitriformes","鹰形目","Accipitridae","鹰科","Aegypius","秃鹫属","Aegypius_monachus",NA,NA,NA,"Aegypius_monachus",TRUE,FALSE,FALSE,"Exact match"
"Aquila chrysaetos","金雕","Accipitriformes","鹰形目","Accipitridae","鹰科","Aquila","鵰属","Aquila_chrysaetos",NA,NA,NA,"Aquila_chrysaetos",TRUE,FALSE,FALSE,"Exact match"
"Aquila fasciata","白腹隼雕","Accipitriformes","鹰形目","Accipitridae","鹰科","Aquila","鵰属","Aquila_fasciata",NA,NA,NA,"Aquila_fasciata",TRUE,FALSE,FALSE,"Exact match"
"Aquila heliaca","白肩雕","Accipitriformes","鹰形目","Accipitridae","鹰科","Aquila","鵰属","Aquila_heliaca",NA,NA,NA,"Aquila_heliaca",TRUE,FALSE,FALSE,"Exact match"
"Aquila nipalensis","草原雕","Accipitriformes","鹰形目","Accipitridae","鹰科","Aquila","鵰属","Aquila_nipalensis",NA,NA,NA,"Aquila_nipalensis",TRUE,FALSE,FALSE,"Exact match"
"Aviceda jerdoni","褐冠鹃隼","Accipitriformes","鹰形目","Accipitridae","鹰科","Aviceda","鹃隼属","Aviceda_jerdoni",NA,NA,NA,"Aviceda_jerdoni",TRUE,FALSE,FALSE,"Exact match"
"Aviceda leuphotes","黑冠鹃隼","Accipitriformes","鹰形目","Accipitridae","鹰科","Aviceda","鹃隼属","Aviceda_leuphotes",NA,NA,NA,"Aviceda_leuphotes",TRUE,FALSE,FALSE,"Exact match"
"Butastur indicus","灰脸鵟鹰","Accipitriformes","鹰形目","Accipitridae","鹰科","Butastur","鵟鹰属","Butastur_indicus",NA,NA,NA,"Butastur_indicus",TRUE,FALSE,FALSE,"Exact match"
"Butastur liventer","棕翅鵟鹰","Accipitriformes","鹰形目","Accipitridae","鹰科","Butastur","鵟鹰属","Butastur_liventer",NA,NA,NA,"Butastur_liventer",TRUE,FALSE,FALSE,"Exact match"
"Butastur teesa","白眼鵟鹰","Accipitriformes","鹰形目","Accipitridae","鹰科","Butastur","鵟鹰属","Butastur_teesa",NA,NA,NA,"Butastur_teesa",TRUE,FALSE,FALSE,"Exact match"
"Buteo buteo","欧亚鵟","Accipitriformes","鹰形目","Accipitridae","鹰科","Buteo","鵟属","Buteo_buteo",NA,NA,NA,"Buteo_buteo",TRUE,FALSE,FALSE,"Exact match"
"Buteo hemilasius","大鵟","Accipitriformes","鹰形目","Accipitridae","鹰科","Buteo","鵟属","Buteo_hemilasius",NA,NA,NA,"Buteo_hemilasius",TRUE,FALSE,FALSE,"Exact match"
"Buteo japonicus","普通鵟","Accipitriformes","鹰形目","Accipitridae","鹰科","Buteo","鵟属","Buteo_japonicus",NA,NA,NA,"Buteo_japonicus",TRUE,FALSE,FALSE,"Exact match"
"Buteo lagopus","毛脚鵟","Accipitriformes","鹰形目","Accipitridae","鹰科","Buteo","鵟属","Buteo_lagopus",NA,NA,NA,"Buteo_lagopus",TRUE,FALSE,FALSE,"Exact match"
"Buteo refectus","喜山鵟","Accipitriformes","鹰形目","Accipitridae","鹰科","Buteo","鵟属","Buteo_refectus",NA,NA,NA,"Buteo_refectus",TRUE,FALSE,FALSE,"Exact match"
"Buteo rufinus","棕尾鵟","Accipitriformes","鹰形目","Accipitridae","鹰科","Buteo","鵟属","Buteo_rufinus",NA,NA,NA,"Buteo_rufinus",TRUE,FALSE,FALSE,"Exact match"
"Circaetus gallicus","短趾雕","Accipitriformes","鹰形目","Accipitridae","鹰科","Circaetus","短趾鵰属","Circaetus_gallicus",NA,NA,NA,"Circaetus_gallicus",TRUE,FALSE,FALSE,"Exact match"
"Circus aeruginosus","白头鹞","Accipitriformes","鹰形目","Accipitridae","鹰科","Circus","鹞属","Circus_aeruginosus",NA,NA,NA,"Circus_aeruginosus",TRUE,FALSE,FALSE,"Exact match"
"Circus cyaneus","白尾鹞","Accipitriformes","鹰形目","Accipitridae","鹰科","Circus","鹞属","Circus_cyaneus",NA,NA,NA,"Circus_cyaneus",TRUE,FALSE,FALSE,"Exact match"
"Circus macrourus","草原鹞","Accipitriformes","鹰形目","Accipitridae","鹰科","Circus","鹞属","Circus_macrourus",NA,NA,NA,"Circus_macrourus",TRUE,FALSE,FALSE,"Exact match"
"Circus melanoleucos","鹊鹞","Accipitriformes","鹰形目","Accipitridae","鹰科","Circus","鹞属","Circus_melanoleucos",NA,NA,NA,"Circus_melanoleucos",TRUE,FALSE,FALSE,"Exact match"
"Circus pygargus","乌灰鹞","Accipitriformes","鹰形目","Accipitridae","鹰科","Circus","鹞属","Circus_pygargus",NA,NA,NA,"Circus_pygargus",TRUE,FALSE,FALSE,"Exact match"
"Circus spilonotus","白腹鹞","Accipitriformes","鹰形目","Accipitridae","鹰科","Circus","鹞属","Circus_spilonotus",NA,NA,NA,"Circus_spilonotus",TRUE,FALSE,FALSE,"Exact match"
"Clanga clanga","乌雕","Accipitriformes","鹰形目","Accipitridae","鹰科","Clanga",NA,"Clanga_clanga",NA,NA,NA,"Clanga_clanga",TRUE,FALSE,FALSE,"Exact match"
"Elanus caeruleus","黑翅鸢","Accipitriformes","鹰形目","Accipitridae","鹰科","Elanus","黑翅鸢属","Elanus_caeruleus",NA,NA,NA,"Elanus_caeruleus",TRUE,FALSE,FALSE,"Exact match"
"Gypaetus barbatus","胡兀鹫","Accipitriformes","鹰形目","Accipitridae","鹰科","Gypaetus","胡兀鹫属","Gypaetus_barbatus",NA,NA,NA,"Gypaetus_barbatus",TRUE,FALSE,FALSE,"Exact match"
"Gyps bengalensis","白背兀鹫","Accipitriformes","鹰形目","Accipitridae","鹰科","Gyps","兀鹫属","Gyps_bengalensis",NA,NA,NA,"Gyps_bengalensis",TRUE,FALSE,FALSE,"Exact match"
"Gyps fulvus","兀鹫","Accipitriformes","鹰形目","Accipitridae","鹰科","Gyps","兀鹫属","Gyps_fulvus",NA,NA,NA,"Gyps_fulvus",TRUE,FALSE,FALSE,"Exact match"
"Gyps himalayensis","高山兀鹫","Accipitriformes","鹰形目","Accipitridae","鹰科","Gyps","兀鹫属","Gyps_himalayensis",NA,NA,NA,"Gyps_himalayensis",TRUE,FALSE,FALSE,"Exact match"
"Gyps tenuirostris","长嘴兀鹫","Accipitriformes","鹰形目","Accipitridae","鹰科","Gyps","兀鹫属","Gyps_tenuirostris",NA,NA,NA,"Gyps_tenuirostris",TRUE,FALSE,FALSE,"Exact match"
"Haliaeetus albicilla","白尾海雕","Accipitriformes","鹰形目","Accipitridae","鹰科","Haliaeetus","海鵰属","Haliaeetus_albicilla",NA,NA,NA,"Haliaeetus_albicilla",TRUE,FALSE,FALSE,"Exact match"
"Haliaeetus humilis","渔雕","Accipitriformes","鹰形目","Accipitridae","鹰科","Haliaeetus","海鵰属","Haliaeetus_humilis","Icthyophaga_humilis","Genus update","Checklist genus differs from McTavish/Clements tree taxonomy.","Icthyophaga_humilis",FALSE,TRUE,FALSE,"Bridged match"
"Haliaeetus leucogaster","白腹海雕","Accipitriformes","鹰形目","Accipitridae","鹰科","Haliaeetus","海鵰属","Haliaeetus_leucogaster","Icthyophaga_leucogaster","Genus update","Checklist genus differs from McTavish/Clements tree taxonomy.","Icthyophaga_leucogaster",FALSE,TRUE,FALSE,"Bridged match"
"Haliaeetus leucoryphus","玉带海雕","Accipitriformes","鹰形目","Accipitridae","鹰科","Haliaeetus","海鵰属","Haliaeetus_leucoryphus",NA,NA,NA,"Haliaeetus_leucoryphus",TRUE,FALSE,FALSE,"Exact match"
"Haliaeetus pelagicus","虎头海雕","Accipitriformes","鹰形目","Accipitridae","鹰科","Haliaeetus","海鵰属","Haliaeetus_pelagicus",NA,NA,NA,"Haliaeetus_pelagicus",TRUE,FALSE,FALSE,"Exact match"
"Haliastur indus","栗鸢","Accipitriformes","鹰形目","Accipitridae","鹰科","Haliastur","栗鸢属","Haliastur_indus",NA,NA,NA,"Haliastur_indus",TRUE,FALSE,FALSE,"Exact match"
"Hieraaetus pennatus","靴隼雕","Accipitriformes","鹰形目","Accipitridae","鹰科","Hieraaetus","隼鵰属","Hieraaetus_pennatus",NA,NA,NA,"Hieraaetus_pennatus",TRUE,FALSE,FALSE,"Exact match"
"Ictinaetus malaiensis","林雕","Accipitriformes","鹰形目","Accipitridae","鹰科","Ictinaetus","林鵰属","Ictinaetus_malaiensis",NA,NA,NA,"Ictinaetus_malaiensis",TRUE,FALSE,FALSE,"Exact match"
"Lophotriorchis kienerii","棕腹隼雕","Accipitriformes","鹰形目","Accipitridae","鹰科","Lophotriorchis",NA,"Lophotriorchis_kienerii",NA,NA,NA,"Lophotriorchis_kienerii",TRUE,FALSE,FALSE,"Exact match"
"Milvus migrans","黑鸢","Accipitriformes","鹰形目","Accipitridae","鹰科","Milvus","鸢属","Milvus_migrans",NA,NA,NA,"Milvus_migrans",TRUE,FALSE,FALSE,"Exact match"
"Neophron percnopterus","白兀鹫","Accipitriformes","鹰形目","Accipitridae","鹰科","Neophron",NA,"Neophron_percnopterus",NA,NA,NA,"Neophron_percnopterus",TRUE,FALSE,FALSE,"Exact match"
"Nisaetus cirrhatus","凤头鹰雕","Accipitriformes","鹰形目","Accipitridae","鹰科","Nisaetus",NA,"Nisaetus_cirrhatus",NA,NA,NA,"Nisaetus_cirrhatus",TRUE,FALSE,FALSE,"Exact match"
"Nisaetus nipalensis","鹰雕","Accipitriformes","鹰形目","Accipitridae","鹰科","Nisaetus",NA,"Nisaetus_nipalensis",NA,NA,NA,"Nisaetus_nipalensis",TRUE,FALSE,FALSE,"Exact match"
"Pernis apivorus","鹃头蜂鹰","Accipitriformes","鹰形目","Accipitridae","鹰科","Pernis","蜂鹰属","Pernis_apivorus",NA,NA,NA,"Pernis_apivorus",TRUE,FALSE,FALSE,"Exact match"
"Pernis ptilorhynchus","凤头蜂鹰","Accipitriformes","鹰形目","Accipitridae","鹰科","Pernis","蜂鹰属","Pernis_ptilorhynchus",NA,NA,NA,"Pernis_ptilorhynchus",TRUE,FALSE,FALSE,"Exact match"
"Sarcogyps calvus","黑兀鹫","Accipitriformes","鹰形目","Accipitridae","鹰科","Sarcogyps","黑兀鹫属","Sarcogyps_calvus",NA,NA,NA,"Sarcogyps_calvus",TRUE,FALSE,FALSE,"Exact match"
"Spilornis cheela","蛇雕","Accipitriformes","鹰形目","Accipitridae","鹰科","Spilornis","蛇鵰属","Spilornis_cheela",NA,NA,NA,"Spilornis_cheela",TRUE,FALSE,FALSE,"Exact match"
"Pandion haliaetus","鹗","Accipitriformes","鹰形目","Pandionidae","鹗科","Pandion","鹗属","Pandion_haliaetus",NA,NA,NA,"Pandion_haliaetus",TRUE,FALSE,FALSE,"Exact match"
"Aix galericulata","鸳鸯","Anseriformes","雁形目","Anatidae","鸭科","Aix","鸳鸯属","Aix_galericulata",NA,NA,NA,"Aix_galericulata",TRUE,FALSE,FALSE,"Exact match"
"Anas acuta","针尾鸭","Anseriformes","雁形目","Anatidae","鸭科","Anas","(河)鸭属","Anas_acuta",NA,NA,NA,"Anas_acuta",TRUE,FALSE,FALSE,"Exact match"
"Anas crecca","绿翅鸭","Anseriformes","雁形目","Anatidae","鸭科","Anas","(河)鸭属","Anas_crecca",NA,NA,NA,"Anas_crecca",TRUE,FALSE,FALSE,"Exact match"
"Anas luzonica","棕颈鸭","Anseriformes","雁形目","Anatidae","鸭科","Anas","(河)鸭属","Anas_luzonica",NA,NA,NA,"Anas_luzonica",TRUE,FALSE,FALSE,"Exact match"
"Anas platyrhynchos","绿头鸭","Anseriformes","雁形目","Anatidae","鸭科","Anas","(河)鸭属","Anas_platyrhynchos",NA,NA,NA,"Anas_platyrhynchos",TRUE,FALSE,FALSE,"Exact match"
"Anas poecilorhyncha","南亚斑嘴鸭","Anseriformes","雁形目","Anatidae","鸭科","Anas","(河)鸭属","Anas_poecilorhyncha",NA,NA,NA,"Anas_poecilorhyncha",TRUE,FALSE,FALSE,"Exact match"
"Anas zonorhyncha","斑嘴鸭","Anseriformes","雁形目","Anatidae","鸭科","Anas","(河)鸭属","Anas_zonorhyncha",NA,NA,NA,"Anas_zonorhyncha",TRUE,FALSE,FALSE,"Exact match"
"Anser albifrons","白额雁","Anseriformes","雁形目","Anatidae","鸭科","Anser","雁属","Anser_albifrons",NA,NA,NA,"Anser_albifrons",TRUE,FALSE,FALSE,"Exact match"
"Anser anser","灰雁","Anseriformes","雁形目","Anatidae","鸭科","Anser","雁属","Anser_anser",NA,NA,NA,"Anser_anser",TRUE,FALSE,FALSE,"Exact match"
"Anser caerulescens","雪雁","Anseriformes","雁形目","Anatidae","鸭科","Anser","雁属","Anser_caerulescens",NA,NA,NA,"Anser_caerulescens",TRUE,FALSE,FALSE,"Exact match"
"Anser cygnoides","鸿雁","Anseriformes","雁形目","Anatidae","鸭科","Anser","雁属","Anser_cygnoides",NA,NA,NA,"Anser_cygnoides",TRUE,FALSE,FALSE,"Exact match"
"Anser erythropus","小白额雁","Anseriformes","雁形目","Anatidae","鸭科","Anser","雁属","Anser_erythropus",NA,NA,NA,"Anser_erythropus",TRUE,FALSE,FALSE,"Exact match"
"Anser fabalis","豆雁","Anseriformes","雁形目","Anatidae","鸭科","Anser","雁属","Anser_fabalis",NA,NA,NA,"Anser_fabalis",TRUE,FALSE,FALSE,"Exact match"
"Anser indicus","斑头雁","Anseriformes","雁形目","Anatidae","鸭科","Anser","雁属","Anser_indicus",NA,NA,NA,"Anser_indicus",TRUE,FALSE,FALSE,"Exact match"
"Anser serrirostris","短嘴豆雁","Anseriformes","雁形目","Anatidae","鸭科","Anser","雁属","Anser_serrirostris",NA,NA,NA,"Anser_serrirostris",TRUE,FALSE,FALSE,"Exact match"
"Asarcornis scutulata","白翅栖鸭","Anseriformes","雁形目","Anatidae","鸭科","Asarcornis",NA,"Asarcornis_scutulata",NA,NA,NA,"Asarcornis_scutulata",TRUE,FALSE,FALSE,"Exact match"
"Aythya affinis","小潜鸭","Anseriformes","雁形目","Anatidae","鸭科","Aythya","潜鸭属","Aythya_affinis",NA,NA,NA,"Aythya_affinis",TRUE,FALSE,FALSE,"Exact match"
"Aythya baeri","青头潜鸭","Anseriformes","雁形目","Anatidae","鸭科","Aythya","潜鸭属","Aythya_baeri",NA,NA,NA,"Aythya_baeri",TRUE,FALSE,FALSE,"Exact match"
"Aythya collaris","环颈潜鸭","Anseriformes","雁形目","Anatidae","鸭科","Aythya","潜鸭属","Aythya_collaris",NA,NA,NA,"Aythya_collaris",TRUE,FALSE,FALSE,"Exact match"
"Aythya ferina","红头潜鸭","Anseriformes","雁形目","Anatidae","鸭科","Aythya","潜鸭属","Aythya_ferina",NA,NA,NA,"Aythya_ferina",TRUE,FALSE,FALSE,"Exact match"
"Aythya fuligula","凤头潜鸭","Anseriformes","雁形目","Anatidae","鸭科","Aythya","潜鸭属","Aythya_fuligula",NA,NA,NA,"Aythya_fuligula",TRUE,FALSE,FALSE,"Exact match"
"Aythya marila","斑背潜鸭","Anseriformes","雁形目","Anatidae","鸭科","Aythya","潜鸭属","Aythya_marila",NA,NA,NA,"Aythya_marila",TRUE,FALSE,FALSE,"Exact match"
"Aythya nyroca","白眼潜鸭","Anseriformes","雁形目","Anatidae","鸭科","Aythya","潜鸭属","Aythya_nyroca",NA,NA,NA,"Aythya_nyroca",TRUE,FALSE,FALSE,"Exact match"
"Aythya valisineria","帆背潜鸭","Anseriformes","雁形目","Anatidae","鸭科","Aythya","潜鸭属","Aythya_valisineria",NA,NA,NA,"Aythya_valisineria",TRUE,FALSE,FALSE,"Exact match"
"Branta bernicla","黑雁","Anseriformes","雁形目","Anatidae","鸭科","Branta","黑雁属","Branta_bernicla",NA,NA,NA,"Branta_bernicla",TRUE,FALSE,FALSE,"Exact match"
"Branta canadensis","加拿大黑雁","Anseriformes","雁形目","Anatidae","鸭科","Branta","黑雁属","Branta_canadensis",NA,NA,NA,"Branta_canadensis",TRUE,FALSE,FALSE,"Exact match"
"Branta hutchinsii","小美洲黑雁","Anseriformes","雁形目","Anatidae","鸭科","Branta","黑雁属","Branta_hutchinsii",NA,NA,NA,"Branta_hutchinsii",TRUE,FALSE,FALSE,"Exact match"
"Branta leucopsis","白颊黑雁","Anseriformes","雁形目","Anatidae","鸭科","Branta","黑雁属","Branta_leucopsis",NA,NA,NA,"Branta_leucopsis",TRUE,FALSE,FALSE,"Exact match"
"Branta ruficollis","红胸黑雁","Anseriformes","雁形目","Anatidae","鸭科","Branta","黑雁属","Branta_ruficollis",NA,NA,NA,"Branta_ruficollis",TRUE,FALSE,FALSE,"Exact match"
"Bucephala clangula","鹊鸭","Anseriformes","雁形目","Anatidae","鸭科","Bucephala","鹊鸭属","Bucephala_clangula",NA,NA,NA,"Bucephala_clangula",TRUE,FALSE,FALSE,"Exact match"
"Clangula hyemalis","长尾鸭","Anseriformes","雁形目","Anatidae","鸭科","Clangula","长尾鸭属","Clangula_hyemalis",NA,NA,NA,"Clangula_hyemalis",TRUE,FALSE,FALSE,"Exact match"
"Cygnus columbianus","小天鹅","Anseriformes","雁形目","Anatidae","鸭科","Cygnus","天鹅属","Cygnus_columbianus",NA,NA,NA,"Cygnus_columbianus",TRUE,FALSE,FALSE,"Exact match"
"Cygnus cygnus","大天鹅","Anseriformes","雁形目","Anatidae","鸭科","Cygnus","天鹅属","Cygnus_cygnus",NA,NA,NA,"Cygnus_cygnus",TRUE,FALSE,FALSE,"Exact match"
"Cygnus olor","疣鼻天鹅","Anseriformes","雁形目","Anatidae","鸭科","Cygnus","天鹅属","Cygnus_olor",NA,NA,NA,"Cygnus_olor",TRUE,FALSE,FALSE,"Exact match"
"Dendrocygna javanica","栗树鸭","Anseriformes","雁形目","Anatidae","鸭科","Dendrocygna","树鸭属","Dendrocygna_javanica",NA,NA,NA,"Dendrocygna_javanica",TRUE,FALSE,FALSE,"Exact match"
"Histrionicus histrionicus","丑鸭","Anseriformes","雁形目","Anatidae","鸭科","Histrionicus","丑鸭属","Histrionicus_histrionicus",NA,NA,NA,"Histrionicus_histrionicus",TRUE,FALSE,FALSE,"Exact match"
"Mareca americana","绿眉鸭","Anseriformes","雁形目","Anatidae","鸭科","Mareca",NA,"Mareca_americana",NA,NA,NA,"Mareca_americana",TRUE,FALSE,FALSE,"Exact match"
"Mareca falcata","罗纹鸭","Anseriformes","雁形目","Anatidae","鸭科","Mareca",NA,"Mareca_falcata",NA,NA,NA,"Mareca_falcata",TRUE,FALSE,FALSE,"Exact match"
"Mareca penelope","赤颈鸭","Anseriformes","雁形目","Anatidae","鸭科","Mareca",NA,"Mareca_penelope",NA,NA,NA,"Mareca_penelope",TRUE,FALSE,FALSE,"Exact match"
"Mareca strepera","赤膀鸭","Anseriformes","雁形目","Anatidae","鸭科","Mareca",NA,"Mareca_strepera",NA,NA,NA,"Mareca_strepera",TRUE,FALSE,FALSE,"Exact match"
"Marmaronetta angustirostris","云石斑鸭","Anseriformes","雁形目","Anatidae","鸭科","Marmaronetta","云石斑鸭属","Marmaronetta_angustirostris",NA,NA,NA,"Marmaronetta_angustirostris",TRUE,FALSE,FALSE,"Exact match"
"Melanitta americana","黑海番鸭","Anseriformes","雁形目","Anatidae","鸭科","Melanitta","海番鸭属","Melanitta_americana",NA,NA,NA,"Melanitta_americana",TRUE,FALSE,FALSE,"Exact match"
"Melanitta fusca","丝绒海番鸭","Anseriformes","雁形目","Anatidae","鸭科","Melanitta","海番鸭属","Melanitta_fusca",NA,NA,NA,"Melanitta_fusca",TRUE,FALSE,FALSE,"Exact match"
"Melanitta stejnegeri","斑脸海番鸭","Anseriformes","雁形目","Anatidae","鸭科","Melanitta","海番鸭属","Melanitta_stejnegeri",NA,NA,NA,"Melanitta_stejnegeri",TRUE,FALSE,FALSE,"Exact match"
"Mergellus albellus","斑头秋沙鸭","Anseriformes","雁形目","Anatidae","鸭科","Mergellus",NA,"Mergellus_albellus",NA,NA,NA,"Mergellus_albellus",TRUE,FALSE,FALSE,"Exact match"
"Mergus merganser","普通秋沙鸭","Anseriformes","雁形目","Anatidae","鸭科","Mergus","秋沙鸭属","Mergus_merganser",NA,NA,NA,"Mergus_merganser",TRUE,FALSE,FALSE,"Exact match"
"Mergus serrator","红胸秋沙鸭","Anseriformes","雁形目","Anatidae","鸭科","Mergus","秋沙鸭属","Mergus_serrator",NA,NA,NA,"Mergus_serrator",TRUE,FALSE,FALSE,"Exact match"
"Mergus squamatus","中华秋沙鸭","Anseriformes","雁形目","Anatidae","鸭科","Mergus","秋沙鸭属","Mergus_squamatus",NA,NA,NA,"Mergus_squamatus",TRUE,FALSE,FALSE,"Exact match"
"Netta rufina","赤嘴潜鸭","Anseriformes","雁形目","Anatidae","鸭科","Netta","狭嘴潜鸭属","Netta_rufina",NA,NA,NA,"Netta_rufina",TRUE,FALSE,FALSE,"Exact match"
"Nettapus coromandelianus","棉凫","Anseriformes","雁形目","Anatidae","鸭科","Nettapus","棉凫属","Nettapus_coromandelianus",NA,NA,NA,"Nettapus_coromandelianus",TRUE,FALSE,FALSE,"Exact match"
"Oxyura leucocephala","白头硬尾鸭","Anseriformes","雁形目","Anatidae","鸭科","Oxyura","硬尾鸭属","Oxyura_leucocephala",NA,NA,NA,"Oxyura_leucocephala",TRUE,FALSE,FALSE,"Exact match"
"Polysticta stelleri","小绒鸭","Anseriformes","雁形目","Anatidae","鸭科","Polysticta","小绒鸭属","Polysticta_stelleri",NA,NA,NA,"Polysticta_stelleri",TRUE,FALSE,FALSE,"Exact match"
"Sarkidiornis melanotos","瘤鸭","Anseriformes","雁形目","Anatidae","鸭科","Sarkidiornis","瘤鸭属","Sarkidiornis_melanotos",NA,NA,NA,"Sarkidiornis_melanotos",TRUE,FALSE,FALSE,"Exact match"
"Sibirionetta formosa","花脸鸭","Anseriformes","雁形目","Anatidae","鸭科","Sibirionetta",NA,"Sibirionetta_formosa",NA,NA,NA,"Sibirionetta_formosa",TRUE,FALSE,FALSE,"Exact match"
"Spatula clypeata","琵嘴鸭","Anseriformes","雁形目","Anatidae","鸭科","Spatula",NA,"Spatula_clypeata",NA,NA,NA,"Spatula_clypeata",TRUE,FALSE,FALSE,"Exact match"
"Spatula querquedula","白眉鸭","Anseriformes","雁形目","Anatidae","鸭科","Spatula",NA,"Spatula_querquedula",NA,NA,NA,"Spatula_querquedula",TRUE,FALSE,FALSE,"Exact match"
"Tadorna ferruginea","赤麻鸭","Anseriformes","雁形目","Anatidae","鸭科","Tadorna","麻鸭属","Tadorna_ferruginea",NA,NA,NA,"Tadorna_ferruginea",TRUE,FALSE,FALSE,"Exact match"
"Tadorna tadorna","翘鼻麻鸭","Anseriformes","雁形目","Anatidae","鸭科","Tadorna","麻鸭属","Tadorna_tadorna",NA,NA,NA,"Tadorna_tadorna",TRUE,FALSE,FALSE,"Exact match"
"Aceros nipalensis","棕颈犀鸟","Bucerotiformes","犀鸟目","Bucerotidae","犀鸟科","Aceros","无盔犀鸟属","Aceros_nipalensis",NA,NA,NA,"Aceros_nipalensis",TRUE,FALSE,FALSE,"Exact match"
"Anorrhinus austeni","白喉犀鸟","Bucerotiformes","犀鸟目","Bucerotidae","犀鸟科","Anorrhinus","小盔犀鸟属","Anorrhinus_austeni",NA,NA,NA,"Anorrhinus_austeni",TRUE,FALSE,FALSE,"Exact match"
"Anthracoceros albirostris","冠斑犀鸟","Bucerotiformes","犀鸟目","Bucerotidae","犀鸟科","Anthracoceros","斑犀鸟属","Anthracoceros_albirostris",NA,NA,NA,"Anthracoceros_albirostris",TRUE,FALSE,FALSE,"Exact match"
"Buceros bicornis","双角犀鸟","Bucerotiformes","犀鸟目","Bucerotidae","犀鸟科","Buceros","犀鸟属","Buceros_bicornis",NA,NA,NA,"Buceros_bicornis",TRUE,FALSE,FALSE,"Exact match"
"Rhyticeros undulatus","花冠皱盔犀鸟","Bucerotiformes","犀鸟目","Bucerotidae","犀鸟科","Rhyticeros",NA,"Rhyticeros_undulatus",NA,NA,NA,"Rhyticeros_undulatus",TRUE,FALSE,FALSE,"Exact match"
"Upupa epops","戴胜","Bucerotiformes","犀鸟目","Upupidae","戴胜科","Upupa","戴胜属","Upupa_epops",NA,NA,NA,"Upupa_epops",TRUE,FALSE,FALSE,"Exact match"
"Aerodramus brevirostris","短嘴金丝燕","Caprimulgiformes","夜鹰目","Apodidae","雨燕科","Aerodramus","金丝燕属","Aerodramus_brevirostris",NA,NA,NA,"Aerodramus_brevirostris",TRUE,FALSE,FALSE,"Exact match"
"Aerodramus fuciphagus","爪哇金丝燕","Caprimulgiformes","夜鹰目","Apodidae","雨燕科","Aerodramus","金丝燕属","Aerodramus_fuciphagus",NA,NA,NA,"Aerodramus_fuciphagus",TRUE,FALSE,FALSE,"Exact match"
"Apus acuticauda","暗背雨燕","Caprimulgiformes","夜鹰目","Apodidae","雨燕科","Apus","雨燕属","Apus_acuticauda",NA,NA,NA,"Apus_acuticauda",TRUE,FALSE,FALSE,"Exact match"
"Apus apus","普通雨燕","Caprimulgiformes","夜鹰目","Apodidae","雨燕科","Apus","雨燕属","Apus_apus",NA,NA,NA,"Apus_apus",TRUE,FALSE,FALSE,"Exact match"
"Apus cooki","库氏白腰雨燕","Caprimulgiformes","夜鹰目","Apodidae","雨燕科","Apus","雨燕属","Apus_cooki",NA,NA,NA,"Apus_cooki",TRUE,FALSE,FALSE,"Exact match"
"Apus nipalensis","小白腰雨燕","Caprimulgiformes","夜鹰目","Apodidae","雨燕科","Apus","雨燕属","Apus_nipalensis",NA,NA,NA,"Apus_nipalensis",TRUE,FALSE,FALSE,"Exact match"
"Apus pacificus","白腰雨燕","Caprimulgiformes","夜鹰目","Apodidae","雨燕科","Apus","雨燕属","Apus_pacificus",NA,NA,NA,"Apus_pacificus",TRUE,FALSE,FALSE,"Exact match"
"Apus salimalii","华西白腰雨燕","Caprimulgiformes","夜鹰目","Apodidae","雨燕科","Apus","雨燕属","Apus_salimalii",NA,NA,NA,"Apus_salimalii",TRUE,FALSE,FALSE,"Exact match"
"Cypsiurus balasiensis","棕雨燕","Caprimulgiformes","夜鹰目","Apodidae","雨燕科","Cypsiurus","棕雨燕属","Cypsiurus_balasiensis",NA,NA,NA,"Cypsiurus_balasiensis",TRUE,FALSE,FALSE,"Exact match"
"Hirundapus caudacutus","白喉针尾雨燕","Caprimulgiformes","夜鹰目","Apodidae","雨燕科","Hirundapus","针尾雨燕属","Hirundapus_caudacutus",NA,NA,NA,"Hirundapus_caudacutus",TRUE,FALSE,FALSE,"Exact match"
"Hirundapus celebensis","紫针尾雨燕","Caprimulgiformes","夜鹰目","Apodidae","雨燕科","Hirundapus","针尾雨燕属","Hirundapus_celebensis",NA,NA,NA,"Hirundapus_celebensis",TRUE,FALSE,FALSE,"Exact match"
"Hirundapus cochinchinensis","灰喉针尾雨燕","Caprimulgiformes","夜鹰目","Apodidae","雨燕科","Hirundapus","针尾雨燕属","Hirundapus_cochinchinensis",NA,NA,NA,"Hirundapus_cochinchinensis",TRUE,FALSE,FALSE,"Exact match"
"Hirundapus giganteus","褐背针尾雨燕","Caprimulgiformes","夜鹰目","Apodidae","雨燕科","Hirundapus","针尾雨燕属","Hirundapus_giganteus",NA,NA,NA,"Hirundapus_giganteus",TRUE,FALSE,FALSE,"Exact match"
"Tachymarptis melba","高山雨燕","Caprimulgiformes","夜鹰目","Apodidae","雨燕科","Tachymarptis",NA,"Tachymarptis_melba",NA,NA,NA,"Tachymarptis_melba",TRUE,FALSE,FALSE,"Exact match"
"Caprimulgus aegyptius","埃及夜鹰","Caprimulgiformes","夜鹰目","Caprimulgidae","夜鹰科","Caprimulgus","夜鹰属","Caprimulgus_aegyptius",NA,NA,NA,"Caprimulgus_aegyptius",TRUE,FALSE,FALSE,"Exact match"
"Caprimulgus affinis","林夜鹰","Caprimulgiformes","夜鹰目","Caprimulgidae","夜鹰科","Caprimulgus","夜鹰属","Caprimulgus_affinis",NA,NA,NA,"Caprimulgus_affinis",TRUE,FALSE,FALSE,"Exact match"
"Caprimulgus europaeus","欧夜鹰","Caprimulgiformes","夜鹰目","Caprimulgidae","夜鹰科","Caprimulgus","夜鹰属","Caprimulgus_europaeus",NA,NA,NA,"Caprimulgus_europaeus",TRUE,FALSE,FALSE,"Exact match"
"Caprimulgus jotaka","普通夜鹰","Caprimulgiformes","夜鹰目","Caprimulgidae","夜鹰科","Caprimulgus","夜鹰属","Caprimulgus_jotaka",NA,NA,NA,"Caprimulgus_jotaka",TRUE,FALSE,FALSE,"Exact match"
"Caprimulgus macrurus","长尾夜鹰","Caprimulgiformes","夜鹰目","Caprimulgidae","夜鹰科","Caprimulgus","夜鹰属","Caprimulgus_macrurus",NA,NA,NA,"Caprimulgus_macrurus",TRUE,FALSE,FALSE,"Exact match"
"Lyncornis macrotis","毛腿夜鹰","Caprimulgiformes","夜鹰目","Caprimulgidae","夜鹰科","Lyncornis",NA,"Lyncornis_macrotis",NA,NA,NA,"Lyncornis_macrotis",TRUE,FALSE,FALSE,"Exact match"
"Hemiprocne coronata","凤头雨燕","Caprimulgiformes","夜鹰目","Hemiprocnodae","凤头雨燕科","Hemiprocne","凤头雨燕属","Hemiprocne_coronata",NA,NA,NA,"Hemiprocne_coronata",TRUE,FALSE,FALSE,"Exact match"
"Batrachostomus hodgsoni","黑顶蛙口夜鹰","Caprimulgiformes","夜鹰目","Podargidae","蛙口夜鹰科","Batrachostomus","蛙嘴夜鹰属","Batrachostomus_hodgsoni",NA,NA,NA,"Batrachostomus_hodgsoni",TRUE,FALSE,FALSE,"Exact match"
"Brachyramphus perdix","长嘴斑海雀","Charadriiformes","鸻形目","Alcidae","海雀科","Brachyramphus","斑海雀属","Brachyramphus_perdix",NA,NA,NA,"Brachyramphus_perdix",TRUE,FALSE,FALSE,"Exact match"
"Cerorhinca monocerata","角嘴海雀","Charadriiformes","鸻形目","Alcidae","海雀科","Cerorhinca","角嘴海雀属","Cerorhinca_monocerata",NA,NA,NA,"Cerorhinca_monocerata",TRUE,FALSE,FALSE,"Exact match"
"Synthliboramphus antiquus","扁嘴海雀","Charadriiformes","鸻形目","Alcidae","海雀科","Synthliboramphus","扁嘴海雀属","Synthliboramphus_antiquus",NA,NA,NA,"Synthliboramphus_antiquus",TRUE,FALSE,FALSE,"Exact match"
"Synthliboramphus wumizusume","冠海雀","Charadriiformes","鸻形目","Alcidae","海雀科","Synthliboramphus","扁嘴海雀属","Synthliboramphus_wumizusume",NA,NA,NA,"Synthliboramphus_wumizusume",TRUE,FALSE,FALSE,"Exact match"
"Uria aalge","崖海鸦","Charadriiformes","鸻形目","Alcidae","海雀科","Uria",NA,"Uria_aalge",NA,NA,NA,"Uria_aalge",TRUE,FALSE,FALSE,"Exact match"
"Burhinus oedicnemus","石鸻","Charadriiformes","鸻形目","Burhinidae","石鸻科","Burhinus","石鸻属","Burhinus_oedicnemus",NA,NA,NA,"Burhinus_oedicnemus",TRUE,FALSE,FALSE,"Exact match"
"Esacus recurvirostris","大石鸻","Charadriiformes","鸻形目","Burhinidae","石鸻科","Esacus","大石鸻属","Esacus_recurvirostris",NA,NA,NA,"Esacus_recurvirostris",TRUE,FALSE,FALSE,"Exact match"
"Charadrius alexandrinus","环颈鸻","Charadriiformes","鸻形目","Charadriidae","鸻科","Charadrius","鸻属","Charadrius_alexandrinus","Anarhynchus_alexandrinus","Genus update","Recent plover generic revision.","Anarhynchus_alexandrinus",FALSE,TRUE,FALSE,"Bridged match"
"Charadrius asiaticus","红胸鸻","Charadriiformes","鸻形目","Charadriidae","鸻科","Charadrius","鸻属","Charadrius_asiaticus","Anarhynchus_asiaticus","Genus update","Recent plover generic revision.","Anarhynchus_asiaticus",FALSE,TRUE,FALSE,"Bridged match"
"Charadrius atrifrons","青藏沙鸻","Charadriiformes","鸻形目","Charadriidae","鸻科","Charadrius","鸻属","Charadrius_atrifrons","Anarhynchus_atrifrons","Genus update","Recent plover generic revision.","Anarhynchus_atrifrons",FALSE,TRUE,FALSE,"Bridged match"
"Charadrius dealbatus","白脸鸻","Charadriiformes","鸻形目","Charadriidae","鸻科","Charadrius","鸻属","Charadrius_dealbatus","Anarhynchus_dealbatus","Genus update","Recent plover generic revision.","Anarhynchus_dealbatus",FALSE,TRUE,FALSE,"Bridged match"
"Charadrius dubius","金眶鸻","Charadriiformes","鸻形目","Charadriidae","鸻科","Charadrius","鸻属","Charadrius_dubius",NA,NA,NA,"Charadrius_dubius",TRUE,FALSE,FALSE,"Exact match"
"Charadrius hiaticula","剑鸻","Charadriiformes","鸻形目","Charadriidae","鸻科","Charadrius","鸻属","Charadrius_hiaticula",NA,NA,NA,"Charadrius_hiaticula",TRUE,FALSE,FALSE,"Exact match"
"Charadrius leschenaultii","铁嘴沙鸻","Charadriiformes","鸻形目","Charadriidae","鸻科","Charadrius","鸻属","Charadrius_leschenaultii","Anarhynchus_leschenaultii","Genus update","Recent plover generic revision.","Anarhynchus_leschenaultii",FALSE,TRUE,FALSE,"Bridged match"
"Charadrius mongolus","蒙古沙鸻","Charadriiformes","鸻形目","Charadriidae","鸻科","Charadrius","鸻属","Charadrius_mongolus","Anarhynchus_mongolus","Genus update","Recent plover generic revision.","Anarhynchus_mongolus",FALSE,TRUE,FALSE,"Bridged match"
"Charadrius placidus","长嘴剑鸻","Charadriiformes","鸻形目","Charadriidae","鸻科","Charadrius","鸻属","Charadrius_placidus",NA,NA,NA,"Charadrius_placidus",TRUE,FALSE,FALSE,"Exact match"
"Charadrius veredus","东方鸻","Charadriiformes","鸻形目","Charadriidae","鸻科","Charadrius","鸻属","Charadrius_veredus","Anarhynchus_veredus","Genus update","Recent plover generic revision.","Anarhynchus_veredus",FALSE,TRUE,FALSE,"Bridged match"
"Eudromias morinellus","小嘴鸻","Charadriiformes","鸻形目","Charadriidae","鸻科","Eudromias",NA,"Eudromias_morinellus",NA,NA,NA,"Eudromias_morinellus",TRUE,FALSE,FALSE,"Exact match"
"Pluvialis apricaria","欧金鸻","Charadriiformes","鸻形目","Charadriidae","鸻科","Pluvialis","斑鸻属","Pluvialis_apricaria",NA,NA,NA,"Pluvialis_apricaria",TRUE,FALSE,FALSE,"Exact match"
"Pluvialis fulva","金鸻","Charadriiformes","鸻形目","Charadriidae","鸻科","Pluvialis","斑鸻属","Pluvialis_fulva",NA,NA,NA,"Pluvialis_fulva",TRUE,FALSE,FALSE,"Exact match"
"Pluvialis squatarola","灰鸻","Charadriiformes","鸻形目","Charadriidae","鸻科","Pluvialis","斑鸻属","Pluvialis_squatarola",NA,NA,NA,"Pluvialis_squatarola",TRUE,FALSE,FALSE,"Exact match"
"Vanellus cinereus","灰头麦鸡","Charadriiformes","鸻形目","Charadriidae","鸻科","Vanellus","麦鸡属","Vanellus_cinereus",NA,NA,NA,"Vanellus_cinereus",TRUE,FALSE,FALSE,"Exact match"
"Vanellus duvaucelii","距翅麦鸡","Charadriiformes","鸻形目","Charadriidae","鸻科","Vanellus","麦鸡属","Vanellus_duvaucelii",NA,NA,NA,"Vanellus_duvaucelii",TRUE,FALSE,FALSE,"Exact match"
"Vanellus gregarius","黄颊麦鸡","Charadriiformes","鸻形目","Charadriidae","鸻科","Vanellus","麦鸡属","Vanellus_gregarius",NA,NA,NA,"Vanellus_gregarius",TRUE,FALSE,FALSE,"Exact match"
"Vanellus indicus","肉垂麦鸡","Charadriiformes","鸻形目","Charadriidae","鸻科","Vanellus","麦鸡属","Vanellus_indicus",NA,NA,NA,"Vanellus_indicus",TRUE,FALSE,FALSE,"Exact match"
"Vanellus leucurus","白尾麦鸡","Charadriiformes","鸻形目","Charadriidae","鸻科","Vanellus","麦鸡属","Vanellus_leucurus",NA,NA,NA,"Vanellus_leucurus",TRUE,FALSE,FALSE,"Exact match"
"Vanellus vanellus","凤头麦鸡","Charadriiformes","鸻形目","Charadriidae","鸻科","Vanellus","麦鸡属","Vanellus_vanellus",NA,NA,NA,"Vanellus_vanellus",TRUE,FALSE,FALSE,"Exact match"
"Chionis albus","白鞘嘴鸥","Charadriiformes","鸻形目","Chionidae","鞘嘴鸥科","Chionis",NA,"Chionis_albus",NA,NA,NA,"Chionis_albus",TRUE,FALSE,FALSE,"Exact match"
"Glareola lactea","灰燕鸻","Charadriiformes","鸻形目","Glareolidae","燕鸻科","Glareola","燕鸻属","Glareola_lactea",NA,NA,NA,"Glareola_lactea",TRUE,FALSE,FALSE,"Exact match"
"Glareola maldivarum","普通燕鸻","Charadriiformes","鸻形目","Glareolidae","燕鸻科","Glareola","燕鸻属","Glareola_maldivarum",NA,NA,NA,"Glareola_maldivarum",TRUE,FALSE,FALSE,"Exact match"
"Glareola nordmanni","黑翅燕鸻","Charadriiformes","鸻形目","Glareolidae","燕鸻科","Glareola","燕鸻属","Glareola_nordmanni",NA,NA,NA,"Glareola_nordmanni",TRUE,FALSE,FALSE,"Exact match"
"Glareola pratincola","领燕鸻","Charadriiformes","鸻形目","Glareolidae","燕鸻科","Glareola","燕鸻属","Glareola_pratincola",NA,NA,NA,"Glareola_pratincola",TRUE,FALSE,FALSE,"Exact match"
"Haematopus ostralegus","蛎鹬","Charadriiformes","鸻形目","Haematopodidae","蛎鹬科","Haematopus","蛎鹬属","Haematopus_ostralegus",NA,NA,NA,"Haematopus_ostralegus",TRUE,FALSE,FALSE,"Exact match"
"Ibidorhyncha struthersii","鹮嘴鹬","Charadriiformes","鸻形目","Ibidorhynchidae","鹮嘴鹬科","Ibidorhyncha","鹮嘴鹬属","Ibidorhyncha_struthersii",NA,NA,NA,"Ibidorhyncha_struthersii",TRUE,FALSE,FALSE,"Exact match"
"Hydrophasianus chirurgus","水雉","Charadriiformes","鸻形目","Jacanidae","水雉科","Hydrophasianus","水雉属","Hydrophasianus_chirurgus",NA,NA,NA,"Hydrophasianus_chirurgus",TRUE,FALSE,FALSE,"Exact match"
"Metopidius indicus","铜翅水雉","Charadriiformes","鸻形目","Jacanidae","水雉科","Metopidius","铜翅水雉属","Metopidius_indicus",NA,NA,NA,"Metopidius_indicus",TRUE,FALSE,FALSE,"Exact match"
"Anous minutus","玄燕鸥","Charadriiformes","鸻形目","Laridae","鸥科","Anous","玄燕鸥属","Anous_minutus",NA,NA,NA,"Anous_minutus",TRUE,FALSE,FALSE,"Exact match"
"Anous stolidus","白顶玄燕鸥","Charadriiformes","鸻形目","Laridae","鸥科","Anous","玄燕鸥属","Anous_stolidus",NA,NA,NA,"Anous_stolidus",TRUE,FALSE,FALSE,"Exact match"
"Chlidonias hybrida","灰翅浮鸥","Charadriiformes","鸻形目","Laridae","鸥科","Chlidonias","浮鸥属","Chlidonias_hybrida",NA,NA,NA,"Chlidonias_hybrida",TRUE,FALSE,FALSE,"Exact match"
"Chlidonias leucopterus","白翅浮鸥","Charadriiformes","鸻形目","Laridae","鸥科","Chlidonias","浮鸥属","Chlidonias_leucopterus",NA,NA,NA,"Chlidonias_leucopterus",TRUE,FALSE,FALSE,"Exact match"
"Chlidonias niger","黑浮鸥","Charadriiformes","鸻形目","Laridae","鸥科","Chlidonias","浮鸥属","Chlidonias_niger",NA,NA,NA,"Chlidonias_niger",TRUE,FALSE,FALSE,"Exact match"
"Chroicocephalus brunnicephalus","棕头鸥","Charadriiformes","鸻形目","Laridae","鸥科","Chroicocephalus",NA,"Chroicocephalus_brunnicephalus",NA,NA,NA,"Chroicocephalus_brunnicephalus",TRUE,FALSE,FALSE,"Exact match"
"Chroicocephalus genei","细嘴鸥","Charadriiformes","鸻形目","Laridae","鸥科","Chroicocephalus",NA,"Chroicocephalus_genei",NA,NA,NA,"Chroicocephalus_genei",TRUE,FALSE,FALSE,"Exact match"
"Chroicocephalus novaehollandiae","澳洲红嘴鸥","Charadriiformes","鸻形目","Laridae","鸥科","Chroicocephalus",NA,"Chroicocephalus_novaehollandiae",NA,NA,NA,"Chroicocephalus_novaehollandiae",TRUE,FALSE,FALSE,"Exact match"
"Chroicocephalus ridibundus","红嘴鸥","Charadriiformes","鸻形目","Laridae","鸥科","Chroicocephalus",NA,"Chroicocephalus_ridibundus",NA,NA,NA,"Chroicocephalus_ridibundus",TRUE,FALSE,FALSE,"Exact match"
"Gelochelidon nilotica","鸥嘴噪鸥","Charadriiformes","鸻形目","Laridae","鸥科","Gelochelidon","噪鸥属","Gelochelidon_nilotica",NA,NA,NA,"Gelochelidon_nilotica",TRUE,FALSE,FALSE,"Exact match"
"Gygis alba","白燕鸥","Charadriiformes","鸻形目","Laridae","鸥科","Gygis","玄鸥属","Gygis_alba",NA,NA,NA,"Gygis_alba",TRUE,FALSE,FALSE,"Exact match"
"Hydrocoloeus minutus","小鸥","Charadriiformes","鸻形目","Laridae","鸥科","Hydrocoloeus",NA,"Hydrocoloeus_minutus",NA,NA,NA,"Hydrocoloeus_minutus",TRUE,FALSE,FALSE,"Exact match"
"Hydroprogne caspia","红嘴巨燕鸥","Charadriiformes","鸻形目","Laridae","鸥科","Hydroprogne","巨鸥属","Hydroprogne_caspia",NA,NA,NA,"Hydroprogne_caspia",TRUE,FALSE,FALSE,"Exact match"
"Ichthyaetus ichthyaetus","渔鸥","Charadriiformes","鸻形目","Laridae","鸥科","Ichthyaetus",NA,"Ichthyaetus_ichthyaetus",NA,NA,NA,"Ichthyaetus_ichthyaetus",TRUE,FALSE,FALSE,"Exact match"
"Ichthyaetus relictus","遗鸥","Charadriiformes","鸻形目","Laridae","鸥科","Ichthyaetus",NA,"Ichthyaetus_relictus",NA,NA,NA,"Ichthyaetus_relictus",TRUE,FALSE,FALSE,"Exact match"
"Larus brachyrhynchus","美洲海鸥","Charadriiformes","鸻形目","Laridae","鸥科","Larus","鸥属","Larus_brachyrhynchus",NA,NA,NA,"Larus_brachyrhynchus",TRUE,FALSE,FALSE,"Exact match"
"Larus cachinnans","黄腿银鸥","Charadriiformes","鸻形目","Laridae","鸥科","Larus","鸥属","Larus_cachinnans",NA,NA,NA,"Larus_cachinnans",TRUE,FALSE,FALSE,"Exact match"
"Larus canus","普通海鸥","Charadriiformes","鸻形目","Laridae","鸥科","Larus","鸥属","Larus_canus",NA,NA,NA,"Larus_canus",TRUE,FALSE,FALSE,"Exact match"
"Larus crassirostris","黑尾鸥","Charadriiformes","鸻形目","Laridae","鸥科","Larus","鸥属","Larus_crassirostris",NA,NA,NA,"Larus_crassirostris",TRUE,FALSE,FALSE,"Exact match"
"Larus delawarensis","环嘴鸥","Charadriiformes","鸻形目","Laridae","鸥科","Larus","鸥属","Larus_delawarensis",NA,NA,NA,"Larus_delawarensis",TRUE,FALSE,FALSE,"Exact match"
"Larus fuscus","小黑背银鸥","Charadriiformes","鸻形目","Laridae","鸥科","Larus","鸥属","Larus_fuscus",NA,NA,NA,"Larus_fuscus",TRUE,FALSE,FALSE,"Exact match"
"Larus glaucescens","灰翅鸥","Charadriiformes","鸻形目","Laridae","鸥科","Larus","鸥属","Larus_glaucescens",NA,NA,NA,"Larus_glaucescens",TRUE,FALSE,FALSE,"Exact match"
"Larus hyperboreus","北极鸥","Charadriiformes","鸻形目","Laridae","鸥科","Larus","鸥属","Larus_hyperboreus",NA,NA,NA,"Larus_hyperboreus",TRUE,FALSE,FALSE,"Exact match"
"Larus schistisagus","灰背鸥","Charadriiformes","鸻形目","Laridae","鸥科","Larus","鸥属","Larus_schistisagus",NA,NA,NA,"Larus_schistisagus",TRUE,FALSE,FALSE,"Exact match"
"Larus vegae","西伯利亚银鸥","Charadriiformes","鸻形目","Laridae","鸥科","Larus","鸥属","Larus_vegae",NA,NA,NA,"Larus_vegae",FALSE,FALSE,TRUE,"Unresolved"
"Leucophaeus atricilla","笑鸥","Charadriiformes","鸻形目","Laridae","鸥科","Leucophaeus",NA,"Leucophaeus_atricilla",NA,NA,NA,"Leucophaeus_atricilla",TRUE,FALSE,FALSE,"Exact match"
"Leucophaeus pipixcan","弗氏鸥","Charadriiformes","鸻形目","Laridae","鸥科","Leucophaeus",NA,"Leucophaeus_pipixcan",NA,NA,NA,"Leucophaeus_pipixcan",TRUE,FALSE,FALSE,"Exact match"
"Onychoprion aleuticus","白腰燕鸥","Charadriiformes","鸻形目","Laridae","鸥科","Onychoprion",NA,"Onychoprion_aleuticus",NA,NA,NA,"Onychoprion_aleuticus",TRUE,FALSE,FALSE,"Exact match"
"Onychoprion anaethetus","褐翅燕鸥","Charadriiformes","鸻形目","Laridae","鸥科","Onychoprion",NA,"Onychoprion_anaethetus",NA,NA,NA,"Onychoprion_anaethetus",TRUE,FALSE,FALSE,"Exact match"
"Onychoprion fuscatus","乌燕鸥","Charadriiformes","鸻形目","Laridae","鸥科","Onychoprion",NA,"Onychoprion_fuscatus",NA,NA,NA,"Onychoprion_fuscatus",TRUE,FALSE,FALSE,"Exact match"
"Rhodostethia rosea","楔尾鸥","Charadriiformes","鸻形目","Laridae","鸥科","Rhodostethia","楔尾鸥属","Rhodostethia_rosea",NA,NA,NA,"Rhodostethia_rosea",TRUE,FALSE,FALSE,"Exact match"
"Rissa tridactyla","三趾鸥","Charadriiformes","鸻形目","Laridae","鸥科","Rissa","三趾鸥属","Rissa_tridactyla",NA,NA,NA,"Rissa_tridactyla",TRUE,FALSE,FALSE,"Exact match"
"Rynchops albicollis","剪嘴鸥","Charadriiformes","鸻形目","Laridae","鸥科","Rynchops","剪嘴鸥属","Rynchops_albicollis",NA,NA,NA,"Rynchops_albicollis",TRUE,FALSE,FALSE,"Exact match"
"Saundersilarus saundersi","黑嘴鸥","Charadriiformes","鸻形目","Laridae","鸥科","Saundersilarus",NA,"Saundersilarus_saundersi",NA,NA,NA,"Saundersilarus_saundersi",TRUE,FALSE,FALSE,"Exact match"
"Sterna acuticauda","黑腹燕鸥","Charadriiformes","鸻形目","Laridae","鸥科","Sterna","燕鸥属","Sterna_acuticauda",NA,NA,NA,"Sterna_acuticauda",TRUE,FALSE,FALSE,"Exact match"
"Sterna aurantia","河燕鸥","Charadriiformes","鸻形目","Laridae","鸥科","Sterna","燕鸥属","Sterna_aurantia",NA,NA,NA,"Sterna_aurantia",TRUE,FALSE,FALSE,"Exact match"
"Sterna dougallii","粉红燕鸥","Charadriiformes","鸻形目","Laridae","鸥科","Sterna","燕鸥属","Sterna_dougallii",NA,NA,NA,"Sterna_dougallii",TRUE,FALSE,FALSE,"Exact match"
"Sterna hirundo","普通燕鸥","Charadriiformes","鸻形目","Laridae","鸥科","Sterna","燕鸥属","Sterna_hirundo",NA,NA,NA,"Sterna_hirundo",TRUE,FALSE,FALSE,"Exact match"
"Sterna sumatrana","黑枕燕鸥","Charadriiformes","鸻形目","Laridae","鸥科","Sterna","燕鸥属","Sterna_sumatrana",NA,NA,NA,"Sterna_sumatrana",TRUE,FALSE,FALSE,"Exact match"
"Sternula albifrons","白额燕鸥","Charadriiformes","鸻形目","Laridae","鸥科","Sternula",NA,"Sternula_albifrons",NA,NA,NA,"Sternula_albifrons",TRUE,FALSE,FALSE,"Exact match"
"Thalasseus bengalensis","小凤头燕鸥","Charadriiformes","鸻形目","Laridae","鸥科","Thalasseus","凤头燕鸥属","Thalasseus_bengalensis",NA,NA,NA,"Thalasseus_bengalensis",TRUE,FALSE,FALSE,"Exact match"
"Thalasseus bergii","大凤头燕鸥","Charadriiformes","鸻形目","Laridae","鸥科","Thalasseus","凤头燕鸥属","Thalasseus_bergii",NA,NA,NA,"Thalasseus_bergii",TRUE,FALSE,FALSE,"Exact match"
"Thalasseus bernsteini","中华凤头燕鸥","Charadriiformes","鸻形目","Laridae","鸥科","Thalasseus","凤头燕鸥属","Thalasseus_bernsteini",NA,NA,NA,"Thalasseus_bernsteini",TRUE,FALSE,FALSE,"Exact match"
"Thalasseus sandvicensis","白嘴端凤头燕鸥","Charadriiformes","鸻形目","Laridae","鸥科","Thalasseus","凤头燕鸥属","Thalasseus_sandvicensis",NA,NA,NA,"Thalasseus_sandvicensis",TRUE,FALSE,FALSE,"Exact match"
"Xema sabini","叉尾鸥","Charadriiformes","鸻形目","Laridae","鸥科","Xema",NA,"Xema_sabini",NA,NA,NA,"Xema_sabini",TRUE,FALSE,FALSE,"Exact match"
"Himantopus himantopus","黑翅长脚鹬","Charadriiformes","鸻形目","Recurvirostridae","反嘴鹬科","Himantopus","长脚鹬属","Himantopus_himantopus",NA,NA,NA,"Himantopus_himantopus",TRUE,FALSE,FALSE,"Exact match"
"Recurvirostra avosetta","反嘴鹬","Charadriiformes","鸻形目","Recurvirostridae","反嘴鹬科","Recurvirostra","反嘴鹬属","Recurvirostra_avosetta",NA,NA,NA,"Recurvirostra_avosetta",TRUE,FALSE,FALSE,"Exact match"
"Rostratula benghalensis","彩鹬","Charadriiformes","鸻形目","Rostratulidae","彩鹬科","Rostratula","彩鹬属","Rostratula_benghalensis",NA,NA,NA,"Rostratula_benghalensis",TRUE,FALSE,FALSE,"Exact match"
"Actitis hypoleucos","矶鹬","Charadriiformes","鸻形目","Scolopacidae","鹬科","Actitis",NA,"Actitis_hypoleucos",NA,NA,NA,"Actitis_hypoleucos",TRUE,FALSE,FALSE,"Exact match"
"Arenaria interpres","翻石鹬","Charadriiformes","鸻形目","Scolopacidae","鹬科","Arenaria","翻石鹬属","Arenaria_interpres",NA,NA,NA,"Arenaria_interpres",TRUE,FALSE,FALSE,"Exact match"
"Calidris acuminata","尖尾滨鹬","Charadriiformes","鸻形目","Scolopacidae","鹬科","Calidris","滨鹬属","Calidris_acuminata",NA,NA,NA,"Calidris_acuminata",TRUE,FALSE,FALSE,"Exact match"
"Calidris alba","三趾滨鹬","Charadriiformes","鸻形目","Scolopacidae","鹬科","Calidris","滨鹬属","Calidris_alba",NA,NA,NA,"Calidris_alba",TRUE,FALSE,FALSE,"Exact match"
"Calidris alpina","黑腹滨鹬","Charadriiformes","鸻形目","Scolopacidae","鹬科","Calidris","滨鹬属","Calidris_alpina",NA,NA,NA,"Calidris_alpina",TRUE,FALSE,FALSE,"Exact match"
"Calidris bairdii","黑腰滨鹬","Charadriiformes","鸻形目","Scolopacidae","鹬科","Calidris","滨鹬属","Calidris_bairdii",NA,NA,NA,"Calidris_bairdii",TRUE,FALSE,FALSE,"Exact match"
"Calidris canutus","红腹滨鹬","Charadriiformes","鸻形目","Scolopacidae","鹬科","Calidris","滨鹬属","Calidris_canutus",NA,NA,NA,"Calidris_canutus",TRUE,FALSE,FALSE,"Exact match"
"Calidris falcinellus","阔嘴鹬","Charadriiformes","鸻形目","Scolopacidae","鹬科","Calidris","滨鹬属","Calidris_falcinellus",NA,NA,NA,"Calidris_falcinellus",TRUE,FALSE,FALSE,"Exact match"
"Calidris ferruginea","弯嘴滨鹬","Charadriiformes","鸻形目","Scolopacidae","鹬科","Calidris","滨鹬属","Calidris_ferruginea",NA,NA,NA,"Calidris_ferruginea",TRUE,FALSE,FALSE,"Exact match"
"Calidris fuscicollis","白腰滨鹬","Charadriiformes","鸻形目","Scolopacidae","鹬科","Calidris","滨鹬属","Calidris_fuscicollis",NA,NA,NA,"Calidris_fuscicollis",TRUE,FALSE,FALSE,"Exact match"
"Calidris himantopus","高跷鹬","Charadriiformes","鸻形目","Scolopacidae","鹬科","Calidris","滨鹬属","Calidris_himantopus",NA,NA,NA,"Calidris_himantopus",TRUE,FALSE,FALSE,"Exact match"
"Calidris mauri","西滨鹬","Charadriiformes","鸻形目","Scolopacidae","鹬科","Calidris","滨鹬属","Calidris_mauri",NA,NA,NA,"Calidris_mauri",TRUE,FALSE,FALSE,"Exact match"
"Calidris melanotos","斑胸滨鹬","Charadriiformes","鸻形目","Scolopacidae","鹬科","Calidris","滨鹬属","Calidris_melanotos",NA,NA,NA,"Calidris_melanotos",TRUE,FALSE,FALSE,"Exact match"
"Calidris minuta","小滨鹬","Charadriiformes","鸻形目","Scolopacidae","鹬科","Calidris","滨鹬属","Calidris_minuta",NA,NA,NA,"Calidris_minuta",TRUE,FALSE,FALSE,"Exact match"
"Calidris ptilocnemis","岩滨鹬","Charadriiformes","鸻形目","Scolopacidae","鹬科","Calidris","滨鹬属","Calidris_ptilocnemis",NA,NA,NA,"Calidris_ptilocnemis",TRUE,FALSE,FALSE,"Exact match"
"Calidris pugnax","流苏鹬","Charadriiformes","鸻形目","Scolopacidae","鹬科","Calidris","滨鹬属","Calidris_pugnax",NA,NA,NA,"Calidris_pugnax",TRUE,FALSE,FALSE,"Exact match"
"Calidris pygmaea","勺嘴鹬","Charadriiformes","鸻形目","Scolopacidae","鹬科","Calidris","滨鹬属","Calidris_pygmaea",NA,NA,NA,"Calidris_pygmaea",TRUE,FALSE,FALSE,"Exact match"
"Calidris ruficollis","红颈滨鹬","Charadriiformes","鸻形目","Scolopacidae","鹬科","Calidris","滨鹬属","Calidris_ruficollis",NA,NA,NA,"Calidris_ruficollis",TRUE,FALSE,FALSE,"Exact match"
"Calidris subminuta","长趾滨鹬","Charadriiformes","鸻形目","Scolopacidae","鹬科","Calidris","滨鹬属","Calidris_subminuta",NA,NA,NA,"Calidris_subminuta",TRUE,FALSE,FALSE,"Exact match"
"Calidris subruficollis","黄胸滨鹬","Charadriiformes","鸻形目","Scolopacidae","鹬科","Calidris","滨鹬属","Calidris_subruficollis",NA,NA,NA,"Calidris_subruficollis",TRUE,FALSE,FALSE,"Exact match"
"Calidris temminckii","青脚滨鹬","Charadriiformes","鸻形目","Scolopacidae","鹬科","Calidris","滨鹬属","Calidris_temminckii",NA,NA,NA,"Calidris_temminckii",TRUE,FALSE,FALSE,"Exact match"
"Calidris tenuirostris","大滨鹬","Charadriiformes","鸻形目","Scolopacidae","鹬科","Calidris","滨鹬属","Calidris_tenuirostris",NA,NA,NA,"Calidris_tenuirostris",TRUE,FALSE,FALSE,"Exact match"
"Gallinago gallinago","扇尾沙锥","Charadriiformes","鸻形目","Scolopacidae","鹬科","Gallinago","沙锥属","Gallinago_gallinago",NA,NA,NA,"Gallinago_gallinago",TRUE,FALSE,FALSE,"Exact match"
"Gallinago hardwickii","拉氏沙锥","Charadriiformes","鸻形目","Scolopacidae","鹬科","Gallinago","沙锥属","Gallinago_hardwickii",NA,NA,NA,"Gallinago_hardwickii",TRUE,FALSE,FALSE,"Exact match"
"Gallinago megala","大沙锥","Charadriiformes","鸻形目","Scolopacidae","鹬科","Gallinago","沙锥属","Gallinago_megala",NA,NA,NA,"Gallinago_megala",TRUE,FALSE,FALSE,"Exact match"
"Gallinago nemoricola","林沙锥","Charadriiformes","鸻形目","Scolopacidae","鹬科","Gallinago","沙锥属","Gallinago_nemoricola",NA,NA,NA,"Gallinago_nemoricola",TRUE,FALSE,FALSE,"Exact match"
"Gallinago solitaria","孤沙锥","Charadriiformes","鸻形目","Scolopacidae","鹬科","Gallinago","沙锥属","Gallinago_solitaria",NA,NA,NA,"Gallinago_solitaria",TRUE,FALSE,FALSE,"Exact match"
"Gallinago stenura","针尾沙锥","Charadriiformes","鸻形目","Scolopacidae","鹬科","Gallinago","沙锥属","Gallinago_stenura",NA,NA,NA,"Gallinago_stenura",TRUE,FALSE,FALSE,"Exact match"
"Limnodromus scolopaceus","长嘴半蹼鹬","Charadriiformes","鸻形目","Scolopacidae","鹬科","Limnodromus","半蹼鹬属","Limnodromus_scolopaceus",NA,NA,NA,"Limnodromus_scolopaceus",TRUE,FALSE,FALSE,"Exact match"
"Limnodromus semipalmatus","半蹼鹬","Charadriiformes","鸻形目","Scolopacidae","鹬科","Limnodromus","半蹼鹬属","Limnodromus_semipalmatus",NA,NA,NA,"Limnodromus_semipalmatus",TRUE,FALSE,FALSE,"Exact match"
"Limosa lapponica","斑尾塍鹬","Charadriiformes","鸻形目","Scolopacidae","鹬科","Limosa","塍鹬属","Limosa_lapponica",NA,NA,NA,"Limosa_lapponica",TRUE,FALSE,FALSE,"Exact match"
"Limosa limosa","黑尾塍鹬","Charadriiformes","鸻形目","Scolopacidae","鹬科","Limosa","塍鹬属","Limosa_limosa",NA,NA,NA,"Limosa_limosa",TRUE,FALSE,FALSE,"Exact match"
"Lymnocryptes minimus","姬鹬","Charadriiformes","鸻形目","Scolopacidae","鹬科","Lymnocryptes","姬鹬属","Lymnocryptes_minimus",NA,NA,NA,"Lymnocryptes_minimus",TRUE,FALSE,FALSE,"Exact match"
"Numenius arquata","白腰杓鹬","Charadriiformes","鸻形目","Scolopacidae","鹬科","Numenius","杓鹬属","Numenius_arquata",NA,NA,NA,"Numenius_arquata",TRUE,FALSE,FALSE,"Exact match"
"Numenius madagascariensis","大杓鹬","Charadriiformes","鸻形目","Scolopacidae","鹬科","Numenius","杓鹬属","Numenius_madagascariensis",NA,NA,NA,"Numenius_madagascariensis",TRUE,FALSE,FALSE,"Exact match"
"Numenius minutus","小杓鹬","Charadriiformes","鸻形目","Scolopacidae","鹬科","Numenius","杓鹬属","Numenius_minutus",NA,NA,NA,"Numenius_minutus",TRUE,FALSE,FALSE,"Exact match"
"Numenius phaeopus","中杓鹬","Charadriiformes","鸻形目","Scolopacidae","鹬科","Numenius","杓鹬属","Numenius_phaeopus",NA,NA,NA,"Numenius_phaeopus",TRUE,FALSE,FALSE,"Exact match"
"Phalaropus fulicarius","灰瓣蹼鹬","Charadriiformes","鸻形目","Scolopacidae","鹬科","Phalaropus","瓣蹼鹬属","Phalaropus_fulicarius",NA,NA,NA,"Phalaropus_fulicarius",TRUE,FALSE,FALSE,"Exact match"
"Phalaropus lobatus","红颈瓣蹼鹬","Charadriiformes","鸻形目","Scolopacidae","鹬科","Phalaropus","瓣蹼鹬属","Phalaropus_lobatus",NA,NA,NA,"Phalaropus_lobatus",TRUE,FALSE,FALSE,"Exact match"
"Scolopax rusticola","丘鹬","Charadriiformes","鸻形目","Scolopacidae","鹬科","Scolopax","丘鹬属","Scolopax_rusticola",NA,NA,NA,"Scolopax_rusticola",TRUE,FALSE,FALSE,"Exact match"
"Tringa brevipes","灰尾漂鹬","Charadriiformes","鸻形目","Scolopacidae","鹬科","Tringa","鹬属","Tringa_brevipes",NA,NA,NA,"Tringa_brevipes",TRUE,FALSE,FALSE,"Exact match"
"Tringa erythropus","鹤鹬","Charadriiformes","鸻形目","Scolopacidae","鹬科","Tringa","鹬属","Tringa_erythropus",NA,NA,NA,"Tringa_erythropus",TRUE,FALSE,FALSE,"Exact match"
"Tringa flavipes","小黄脚鹬","Charadriiformes","鸻形目","Scolopacidae","鹬科","Tringa","鹬属","Tringa_flavipes",NA,NA,NA,"Tringa_flavipes",TRUE,FALSE,FALSE,"Exact match"
"Tringa glareola","林鹬","Charadriiformes","鸻形目","Scolopacidae","鹬科","Tringa","鹬属","Tringa_glareola",NA,NA,NA,"Tringa_glareola",TRUE,FALSE,FALSE,"Exact match"
"Tringa guttifer","小青脚鹬","Charadriiformes","鸻形目","Scolopacidae","鹬科","Tringa","鹬属","Tringa_guttifer",NA,NA,NA,"Tringa_guttifer",TRUE,FALSE,FALSE,"Exact match"
"Tringa incana","漂鹬","Charadriiformes","鸻形目","Scolopacidae","鹬科","Tringa","鹬属","Tringa_incana",NA,NA,NA,"Tringa_incana",TRUE,FALSE,FALSE,"Exact match"
"Tringa nebularia","青脚鹬","Charadriiformes","鸻形目","Scolopacidae","鹬科","Tringa","鹬属","Tringa_nebularia",NA,NA,NA,"Tringa_nebularia",TRUE,FALSE,FALSE,"Exact match"
"Tringa ochropus","白腰草鹬","Charadriiformes","鸻形目","Scolopacidae","鹬科","Tringa","鹬属","Tringa_ochropus",NA,NA,NA,"Tringa_ochropus",TRUE,FALSE,FALSE,"Exact match"
"Tringa stagnatilis","泽鹬","Charadriiformes","鸻形目","Scolopacidae","鹬科","Tringa","鹬属","Tringa_stagnatilis",NA,NA,NA,"Tringa_stagnatilis",TRUE,FALSE,FALSE,"Exact match"
"Tringa totanus","红脚鹬","Charadriiformes","鸻形目","Scolopacidae","鹬科","Tringa","鹬属","Tringa_totanus",NA,NA,NA,"Tringa_totanus",TRUE,FALSE,FALSE,"Exact match"
"Xenus cinereus","翘嘴鹬","Charadriiformes","鸻形目","Scolopacidae","鹬科","Xenus","翘嘴鹬属","Xenus_cinereus",NA,NA,NA,"Xenus_cinereus",TRUE,FALSE,FALSE,"Exact match"
"Stercorarius longicaudus","长尾贼鸥","Charadriiformes","鸻形目","Stercorariidae","贼鸥科","Stercorarius","大贼鸥属","Stercorarius_longicaudus",NA,NA,NA,"Stercorarius_longicaudus",TRUE,FALSE,FALSE,"Exact match"
"Stercorarius maccormicki","南极贼鸥","Charadriiformes","鸻形目","Stercorariidae","贼鸥科","Stercorarius","大贼鸥属","Stercorarius_maccormicki",NA,NA,NA,"Stercorarius_maccormicki",TRUE,FALSE,FALSE,"Exact match"
"Stercorarius parasiticus","短尾贼鸥","Charadriiformes","鸻形目","Stercorariidae","贼鸥科","Stercorarius","大贼鸥属","Stercorarius_parasiticus",NA,NA,NA,"Stercorarius_parasiticus",TRUE,FALSE,FALSE,"Exact match"
"Stercorarius pomarinus","中贼鸥","Charadriiformes","鸻形目","Stercorariidae","贼鸥科","Stercorarius","大贼鸥属","Stercorarius_pomarinus",NA,NA,NA,"Stercorarius_pomarinus",TRUE,FALSE,FALSE,"Exact match"
"Turnix suscitator","棕三趾鹑","Charadriiformes","鸻形目","Turnicidae","三趾鹑科","Turnix","三趾鹑属","Turnix_suscitator",NA,NA,NA,"Turnix_suscitator",TRUE,FALSE,FALSE,"Exact match"
"Turnix sylvaticus","林三趾鹑","Charadriiformes","鸻形目","Turnicidae","三趾鹑科","Turnix","三趾鹑属","Turnix_sylvaticus",NA,NA,NA,"Turnix_sylvaticus",TRUE,FALSE,FALSE,"Exact match"
"Turnix tanki","黄脚三趾鹑","Charadriiformes","鸻形目","Turnicidae","三趾鹑科","Turnix","三趾鹑属","Turnix_tanki",NA,NA,NA,"Turnix_tanki",TRUE,FALSE,FALSE,"Exact match"
"Anastomus oscitans","钳嘴鹳","Ciconiiformes","鹳形目","Ciconiidae","鹳科","Anastomus",NA,"Anastomus_oscitans",NA,NA,NA,"Anastomus_oscitans",TRUE,FALSE,FALSE,"Exact match"
"Ciconia boyciana","东方白鹳","Ciconiiformes","鹳形目","Ciconiidae","鹳科","Ciconia","鹳属","Ciconia_boyciana",NA,NA,NA,"Ciconia_boyciana",TRUE,FALSE,FALSE,"Exact match"
"Ciconia ciconia","白鹳","Ciconiiformes","鹳形目","Ciconiidae","鹳科","Ciconia","鹳属","Ciconia_ciconia",NA,NA,NA,"Ciconia_ciconia",TRUE,FALSE,FALSE,"Exact match"
"Ciconia episcopus","白颈鹳","Ciconiiformes","鹳形目","Ciconiidae","鹳科","Ciconia","鹳属","Ciconia_episcopus",NA,NA,NA,"Ciconia_episcopus",TRUE,FALSE,FALSE,"Exact match"
"Ciconia nigra","黑鹳","Ciconiiformes","鹳形目","Ciconiidae","鹳科","Ciconia","鹳属","Ciconia_nigra",NA,NA,NA,"Ciconia_nigra",TRUE,FALSE,FALSE,"Exact match"
"Leptoptilos javanicus","秃鹳","Ciconiiformes","鹳形目","Ciconiidae","鹳科","Leptoptilos","秃鹳属","Leptoptilos_javanicus",NA,NA,NA,"Leptoptilos_javanicus",TRUE,FALSE,FALSE,"Exact match"
"Mycteria leucocephala","彩鹳","Ciconiiformes","鹳形目","Ciconiidae","鹳科","Mycteria","鹮鹳属","Mycteria_leucocephala",NA,NA,NA,"Mycteria_leucocephala",TRUE,FALSE,FALSE,"Exact match"
"Chalcophaps indica","绿翅金鸠","Columbiformes","鸽形目","Columbidae","鸠鸽科","Chalcophaps","金鸠属","Chalcophaps_indica",NA,NA,NA,"Chalcophaps_indica",TRUE,FALSE,FALSE,"Exact match"
"Columba eversmanni","中亚鸽","Columbiformes","鸽形目","Columbidae","鸠鸽科","Columba","鸽属","Columba_eversmanni",NA,NA,NA,"Columba_eversmanni",TRUE,FALSE,FALSE,"Exact match"
"Columba hodgsonii","斑林鸽","Columbiformes","鸽形目","Columbidae","鸠鸽科","Columba","鸽属","Columba_hodgsonii",NA,NA,NA,"Columba_hodgsonii",TRUE,FALSE,FALSE,"Exact match"
"Columba janthina","黑林鸽","Columbiformes","鸽形目","Columbidae","鸠鸽科","Columba","鸽属","Columba_janthina",NA,NA,NA,"Columba_janthina",TRUE,FALSE,FALSE,"Exact match"
"Columba leuconota","雪鸽","Columbiformes","鸽形目","Columbidae","鸠鸽科","Columba","鸽属","Columba_leuconota",NA,NA,NA,"Columba_leuconota",TRUE,FALSE,FALSE,"Exact match"
"Columba livia","原鸽","Columbiformes","鸽形目","Columbidae","鸠鸽科","Columba","鸽属","Columba_livia",NA,NA,NA,"Columba_livia",TRUE,FALSE,FALSE,"Exact match"
"Columba oenas","欧鸽","Columbiformes","鸽形目","Columbidae","鸠鸽科","Columba","鸽属","Columba_oenas",NA,NA,NA,"Columba_oenas",TRUE,FALSE,FALSE,"Exact match"
"Columba palumbus","斑尾林鸽","Columbiformes","鸽形目","Columbidae","鸠鸽科","Columba","鸽属","Columba_palumbus",NA,NA,NA,"Columba_palumbus",TRUE,FALSE,FALSE,"Exact match"
"Columba pulchricollis","灰林鸽","Columbiformes","鸽形目","Columbidae","鸠鸽科","Columba","鸽属","Columba_pulchricollis",NA,NA,NA,"Columba_pulchricollis",TRUE,FALSE,FALSE,"Exact match"
"Columba punicea","紫林鸽","Columbiformes","鸽形目","Columbidae","鸠鸽科","Columba","鸽属","Columba_punicea",NA,NA,NA,"Columba_punicea",TRUE,FALSE,FALSE,"Exact match"
"Columba rupestris","岩鸽","Columbiformes","鸽形目","Columbidae","鸠鸽科","Columba","鸽属","Columba_rupestris",NA,NA,NA,"Columba_rupestris",TRUE,FALSE,FALSE,"Exact match"
"Columba vitiensis","白喉林鸽","Columbiformes","鸽形目","Columbidae","鸠鸽科","Columba","鸽属","Columba_vitiensis",NA,NA,NA,"Columba_vitiensis",TRUE,FALSE,FALSE,"Exact match"
"Ducula aenea","绿皇鸠","Columbiformes","鸽形目","Columbidae","鸠鸽科","Ducula","皇鸠属","Ducula_aenea",NA,NA,NA,"Ducula_aenea",TRUE,FALSE,FALSE,"Exact match"
"Ducula badia","山皇鸠","Columbiformes","鸽形目","Columbidae","鸠鸽科","Ducula","皇鸠属","Ducula_badia",NA,NA,NA,"Ducula_badia",TRUE,FALSE,FALSE,"Exact match"
"Geopelia striata","斑姬地鸠","Columbiformes","鸽形目","Columbidae","鸠鸽科","Geopelia",NA,"Geopelia_striata",NA,NA,NA,"Geopelia_striata",TRUE,FALSE,FALSE,"Exact match"
"Macropygia ruficeps","小鹃鸠","Columbiformes","鸽形目","Columbidae","鸠鸽科","Macropygia","鹃鸠属","Macropygia_ruficeps",NA,NA,NA,"Macropygia_ruficeps",TRUE,FALSE,FALSE,"Exact match"
"Macropygia tenuirostris","菲律宾鹃鸠","Columbiformes","鸽形目","Columbidae","鸠鸽科","Macropygia","鹃鸠属","Macropygia_tenuirostris",NA,NA,NA,"Macropygia_tenuirostris",TRUE,FALSE,FALSE,"Exact match"
"Macropygia unchall","斑尾鹃鸠","Columbiformes","鸽形目","Columbidae","鸠鸽科","Macropygia","鹃鸠属","Macropygia_unchall",NA,NA,NA,"Macropygia_unchall",TRUE,FALSE,FALSE,"Exact match"
"Ptilinopus leclancheri","黑颏果鸠","Columbiformes","鸽形目","Columbidae","鸠鸽科","Ptilinopus","果鸠属","Ptilinopus_leclancheri",NA,NA,NA,"Ptilinopus_leclancheri",TRUE,FALSE,FALSE,"Exact match"
"Spilopelia chinensis","珠颈斑鸠","Columbiformes","鸽形目","Columbidae","鸠鸽科","Spilopelia",NA,"Spilopelia_chinensis",NA,NA,NA,"Spilopelia_chinensis",TRUE,FALSE,FALSE,"Exact match"
"Spilopelia senegalensis","棕斑鸠","Columbiformes","鸽形目","Columbidae","鸠鸽科","Spilopelia",NA,"Spilopelia_senegalensis",NA,NA,NA,"Spilopelia_senegalensis",TRUE,FALSE,FALSE,"Exact match"
"Streptopelia decaocto","灰斑鸠","Columbiformes","鸽形目","Columbidae","鸠鸽科","Streptopelia","斑鸠属","Streptopelia_decaocto",NA,NA,NA,"Streptopelia_decaocto",TRUE,FALSE,FALSE,"Exact match"
"Streptopelia orientalis","山斑鸠","Columbiformes","鸽形目","Columbidae","鸠鸽科","Streptopelia","斑鸠属","Streptopelia_orientalis",NA,NA,NA,"Streptopelia_orientalis",TRUE,FALSE,FALSE,"Exact match"
"Streptopelia tranquebarica","火斑鸠","Columbiformes","鸽形目","Columbidae","鸠鸽科","Streptopelia","斑鸠属","Streptopelia_tranquebarica",NA,NA,NA,"Streptopelia_tranquebarica",TRUE,FALSE,FALSE,"Exact match"
"Streptopelia turtur","欧斑鸠","Columbiformes","鸽形目","Columbidae","鸠鸽科","Streptopelia","斑鸠属","Streptopelia_turtur",NA,NA,NA,"Streptopelia_turtur",TRUE,FALSE,FALSE,"Exact match"
"Treron apicauda","针尾绿鸠","Columbiformes","鸽形目","Columbidae","鸠鸽科","Treron","绿鸠属","Treron_apicauda",NA,NA,NA,"Treron_apicauda",TRUE,FALSE,FALSE,"Exact match"
"Treron bicinctus","橙胸绿鸠","Columbiformes","鸽形目","Columbidae","鸠鸽科","Treron","绿鸠属","Treron_bicinctus",NA,NA,NA,"Treron_bicinctus",TRUE,FALSE,FALSE,"Exact match"
"Treron curvirostra","厚嘴绿鸠","Columbiformes","鸽形目","Columbidae","鸠鸽科","Treron","绿鸠属","Treron_curvirostra",NA,NA,NA,"Treron_curvirostra",TRUE,FALSE,FALSE,"Exact match"
"Treron formosae","红顶绿鸠","Columbiformes","鸽形目","Columbidae","鸠鸽科","Treron","绿鸠属","Treron_formosae",NA,NA,NA,"Treron_formosae",TRUE,FALSE,FALSE,"Exact match"
"Treron phayrei","灰头绿鸠","Columbiformes","鸽形目","Columbidae","鸠鸽科","Treron","绿鸠属","Treron_phayrei",NA,NA,NA,"Treron_phayrei",TRUE,FALSE,FALSE,"Exact match"
"Treron phoenicopterus","黄脚绿鸠","Columbiformes","鸽形目","Columbidae","鸠鸽科","Treron","绿鸠属","Treron_phoenicopterus",NA,NA,NA,"Treron_phoenicopterus",TRUE,FALSE,FALSE,"Exact match"
"Treron seimundi","白腹针尾绿鸠","Columbiformes","鸽形目","Columbidae","鸠鸽科","Treron","绿鸠属","Treron_seimundi",NA,NA,NA,"Treron_seimundi",TRUE,FALSE,FALSE,"Exact match"
"Treron sieboldii","红翅绿鸠","Columbiformes","鸽形目","Columbidae","鸠鸽科","Treron","绿鸠属","Treron_sieboldii",NA,NA,NA,"Treron_sieboldii",TRUE,FALSE,FALSE,"Exact match"
"Treron sphenurus","楔尾绿鸠","Columbiformes","鸽形目","Columbidae","鸠鸽科","Treron","绿鸠属","Treron_sphenurus",NA,NA,NA,"Treron_sphenurus",TRUE,FALSE,FALSE,"Exact match"
"Alcedo atthis","普通翠鸟","Coraciiformes","佛法僧目","Alcedinidae","翠鸟科","Alcedo","翠鸟属","Alcedo_atthis",NA,NA,NA,"Alcedo_atthis",TRUE,FALSE,FALSE,"Exact match"
"Alcedo hercules","斑头大翠鸟","Coraciiformes","佛法僧目","Alcedinidae","翠鸟科","Alcedo","翠鸟属","Alcedo_hercules",NA,NA,NA,"Alcedo_hercules",TRUE,FALSE,FALSE,"Exact match"
"Alcedo meninting","蓝耳翠鸟","Coraciiformes","佛法僧目","Alcedinidae","翠鸟科","Alcedo","翠鸟属","Alcedo_meninting",NA,NA,NA,"Alcedo_meninting",TRUE,FALSE,FALSE,"Exact match"
"Ceryle rudis","斑鱼狗","Coraciiformes","佛法僧目","Alcedinidae","翠鸟科","Ceryle","鱼狗属","Ceryle_rudis",NA,NA,NA,"Ceryle_rudis",TRUE,FALSE,FALSE,"Exact match"
"Ceyx erithaca","三趾翠鸟","Coraciiformes","佛法僧目","Alcedinidae","翠鸟科","Ceyx","三趾翠鸟属","Ceyx_erithaca",NA,NA,NA,"Ceyx_erithaca",TRUE,FALSE,FALSE,"Exact match"
"Halcyon coromanda","赤翡翠","Coraciiformes","佛法僧目","Alcedinidae","翠鸟科","Halcyon","翡翠属","Halcyon_coromanda",NA,NA,NA,"Halcyon_coromanda",TRUE,FALSE,FALSE,"Exact match"
"Halcyon pileata","蓝翡翠","Coraciiformes","佛法僧目","Alcedinidae","翠鸟科","Halcyon","翡翠属","Halcyon_pileata",NA,NA,NA,"Halcyon_pileata",TRUE,FALSE,FALSE,"Exact match"
"Halcyon smyrnensis","白胸翡翠","Coraciiformes","佛法僧目","Alcedinidae","翠鸟科","Halcyon","翡翠属","Halcyon_smyrnensis",NA,NA,NA,"Halcyon_smyrnensis",TRUE,FALSE,FALSE,"Exact match"
"Megaceryle lugubris","冠鱼狗","Coraciiformes","佛法僧目","Alcedinidae","翠鸟科","Megaceryle",NA,"Megaceryle_lugubris",NA,NA,NA,"Megaceryle_lugubris",TRUE,FALSE,FALSE,"Exact match"
"Pelargopsis capensis","鹳嘴翡翠","Coraciiformes","佛法僧目","Alcedinidae","翠鸟科","Pelargopsis","鹳嘴翡翠属","Pelargopsis_capensis",NA,NA,NA,"Pelargopsis_capensis",TRUE,FALSE,FALSE,"Exact match"
"Todiramphus chloris","白领翡翠","Coraciiformes","佛法僧目","Alcedinidae","翠鸟科","Todiramphus",NA,"Todiramphus_chloris",NA,NA,NA,"Todiramphus_chloris",TRUE,FALSE,FALSE,"Exact match"
"Coracias affinis","棕胸佛法僧","Coraciiformes","佛法僧目","Coraciidae","佛法僧科","Coracias","佛法僧属","Coracias_affinis",NA,NA,NA,"Coracias_affinis",TRUE,FALSE,FALSE,"Exact match"
"Coracias garrulus","蓝胸佛法僧","Coraciiformes","佛法僧目","Coraciidae","佛法僧科","Coracias","佛法僧属","Coracias_garrulus",NA,NA,NA,"Coracias_garrulus",TRUE,FALSE,FALSE,"Exact match"
"Eurystomus orientalis","三宝鸟","Coraciiformes","佛法僧目","Coraciidae","佛法僧科","Eurystomus","三宝鸟属","Eurystomus_orientalis",NA,NA,NA,"Eurystomus_orientalis",TRUE,FALSE,FALSE,"Exact match"
"Merops apiaster","黄喉蜂虎","Coraciiformes","佛法僧目","Meropidae","蜂虎科","Merops","蜂虎属","Merops_apiaster",NA,NA,NA,"Merops_apiaster",TRUE,FALSE,FALSE,"Exact match"
"Merops leschenaulti","栗头蜂虎","Coraciiformes","佛法僧目","Meropidae","蜂虎科","Merops","蜂虎属","Merops_leschenaulti",NA,NA,NA,"Merops_leschenaulti",TRUE,FALSE,FALSE,"Exact match"
"Merops orientalis","绿喉蜂虎","Coraciiformes","佛法僧目","Meropidae","蜂虎科","Merops","蜂虎属","Merops_orientalis",NA,NA,NA,"Merops_orientalis",TRUE,FALSE,FALSE,"Exact match"
"Merops ornatus","彩虹蜂虎","Coraciiformes","佛法僧目","Meropidae","蜂虎科","Merops","蜂虎属","Merops_ornatus",NA,NA,NA,"Merops_ornatus",TRUE,FALSE,FALSE,"Exact match"
"Merops persicus","蓝颊蜂虎","Coraciiformes","佛法僧目","Meropidae","蜂虎科","Merops","蜂虎属","Merops_persicus",NA,NA,NA,"Merops_persicus",TRUE,FALSE,FALSE,"Exact match"
"Merops philippinus","栗喉蜂虎","Coraciiformes","佛法僧目","Meropidae","蜂虎科","Merops","蜂虎属","Merops_philippinus",NA,NA,NA,"Merops_philippinus",TRUE,FALSE,FALSE,"Exact match"
"Merops viridis","蓝喉蜂虎","Coraciiformes","佛法僧目","Meropidae","蜂虎科","Merops","蜂虎属","Merops_viridis",NA,NA,NA,"Merops_viridis",TRUE,FALSE,FALSE,"Exact match"
"Nyctyornis amictus","赤须夜蜂虎","Coraciiformes","佛法僧目","Meropidae","蜂虎科","Nyctyornis","夜蜂虎属","Nyctyornis_amictus",NA,NA,NA,"Nyctyornis_amictus",TRUE,FALSE,FALSE,"Exact match"
"Nyctyornis athertoni","蓝须夜蜂虎","Coraciiformes","佛法僧目","Meropidae","蜂虎科","Nyctyornis","夜蜂虎属","Nyctyornis_athertoni",NA,NA,NA,"Nyctyornis_athertoni",TRUE,FALSE,FALSE,"Exact match"
"Cacomantis merulinus","八声杜鹃","Cuculiformes","鹃形目","Cuculidae","杜鹃科","Cacomantis",NA,"Cacomantis_merulinus",NA,NA,NA,"Cacomantis_merulinus",TRUE,FALSE,FALSE,"Exact match"
"Cacomantis sonneratii","栗斑杜鹃","Cuculiformes","鹃形目","Cuculidae","杜鹃科","Cacomantis",NA,"Cacomantis_sonneratii",NA,NA,NA,"Cacomantis_sonneratii",TRUE,FALSE,FALSE,"Exact match"
"Centropus bengalensis","小鸦鹃","Cuculiformes","鹃形目","Cuculidae","杜鹃科","Centropus","鸦鹃属","Centropus_bengalensis",NA,NA,NA,"Centropus_bengalensis",TRUE,FALSE,FALSE,"Exact match"
"Centropus sinensis","褐翅鸦鹃","Cuculiformes","鹃形目","Cuculidae","杜鹃科","Centropus","鸦鹃属","Centropus_sinensis",NA,NA,NA,"Centropus_sinensis",TRUE,FALSE,FALSE,"Exact match"
"Chrysococcyx maculatus","翠金鹃","Cuculiformes","鹃形目","Cuculidae","杜鹃科","Chrysococcyx",NA,"Chrysococcyx_maculatus",NA,NA,NA,"Chrysococcyx_maculatus",TRUE,FALSE,FALSE,"Exact match"
"Chrysococcyx xanthorhynchus","紫金鹃","Cuculiformes","鹃形目","Cuculidae","杜鹃科","Chrysococcyx",NA,"Chrysococcyx_xanthorhynchus",NA,NA,NA,"Chrysococcyx_xanthorhynchus",TRUE,FALSE,FALSE,"Exact match"
"Clamator coromandus","红翅凤头鹃","Cuculiformes","鹃形目","Cuculidae","杜鹃科","Clamator","凤头鹃属","Clamator_coromandus",NA,NA,NA,"Clamator_coromandus",TRUE,FALSE,FALSE,"Exact match"
"Clamator jacobinus","斑翅凤头鹃","Cuculiformes","鹃形目","Cuculidae","杜鹃科","Clamator","凤头鹃属","Clamator_jacobinus",NA,NA,NA,"Clamator_jacobinus",TRUE,FALSE,FALSE,"Exact match"
"Cuculus canorus","大杜鹃","Cuculiformes","鹃形目","Cuculidae","杜鹃科","Cuculus","杜鹃属","Cuculus_canorus",NA,NA,NA,"Cuculus_canorus",TRUE,FALSE,FALSE,"Exact match"
"Cuculus micropterus","四声杜鹃","Cuculiformes","鹃形目","Cuculidae","杜鹃科","Cuculus","杜鹃属","Cuculus_micropterus",NA,NA,NA,"Cuculus_micropterus",TRUE,FALSE,FALSE,"Exact match"
"Cuculus optatus","东方中杜鹃","Cuculiformes","鹃形目","Cuculidae","杜鹃科","Cuculus","杜鹃属","Cuculus_optatus",NA,NA,NA,"Cuculus_optatus",TRUE,FALSE,FALSE,"Exact match"
"Cuculus poliocephalus","小杜鹃","Cuculiformes","鹃形目","Cuculidae","杜鹃科","Cuculus","杜鹃属","Cuculus_poliocephalus",NA,NA,NA,"Cuculus_poliocephalus",TRUE,FALSE,FALSE,"Exact match"
"Cuculus saturatus","中杜鹃","Cuculiformes","鹃形目","Cuculidae","杜鹃科","Cuculus","杜鹃属","Cuculus_saturatus",NA,NA,NA,"Cuculus_saturatus",TRUE,FALSE,FALSE,"Exact match"
"Eudynamys scolopaceus","噪鹃","Cuculiformes","鹃形目","Cuculidae","杜鹃科","Eudynamys","噪鹃属","Eudynamys_scolopaceus",NA,NA,NA,"Eudynamys_scolopaceus",TRUE,FALSE,FALSE,"Exact match"
"Hierococcyx hyperythrus","北棕腹鹰鹃","Cuculiformes","鹃形目","Cuculidae","杜鹃科","Hierococcyx",NA,"Hierococcyx_hyperythrus",NA,NA,NA,"Hierococcyx_hyperythrus",TRUE,FALSE,FALSE,"Exact match"
"Hierococcyx nisicolor","棕腹鹰鹃","Cuculiformes","鹃形目","Cuculidae","杜鹃科","Hierococcyx",NA,"Hierococcyx_nisicolor",NA,NA,NA,"Hierococcyx_nisicolor",TRUE,FALSE,FALSE,"Exact match"
"Hierococcyx sparverioides","大鹰鹃","Cuculiformes","鹃形目","Cuculidae","杜鹃科","Hierococcyx",NA,"Hierococcyx_sparverioides",NA,NA,NA,"Hierococcyx_sparverioides",TRUE,FALSE,FALSE,"Exact match"
"Hierococcyx varius","普通鹰鹃","Cuculiformes","鹃形目","Cuculidae","杜鹃科","Hierococcyx",NA,"Hierococcyx_varius",NA,NA,NA,"Hierococcyx_varius",TRUE,FALSE,FALSE,"Exact match"
"Phaenicophaeus tristis","绿嘴地鹃","Cuculiformes","鹃形目","Cuculidae","杜鹃科","Phaenicophaeus","地鹃属","Phaenicophaeus_tristis",NA,NA,NA,"Phaenicophaeus_tristis",TRUE,FALSE,FALSE,"Exact match"
"Surniculus lugubris","乌鹃","Cuculiformes","鹃形目","Cuculidae","杜鹃科","Surniculus","乌鹃属","Surniculus_lugubris",NA,NA,NA,"Surniculus_lugubris",TRUE,FALSE,FALSE,"Exact match"
"Falco amurensis","红脚隼","Falconiformes","隼形目","Falconidae","隼科","Falco","隼属","Falco_amurensis",NA,NA,NA,"Falco_amurensis",TRUE,FALSE,FALSE,"Exact match"
"Falco cherrug","猎隼","Falconiformes","隼形目","Falconidae","隼科","Falco","隼属","Falco_cherrug",NA,NA,NA,"Falco_cherrug",TRUE,FALSE,FALSE,"Exact match"
"Falco columbarius","灰背隼","Falconiformes","隼形目","Falconidae","隼科","Falco","隼属","Falco_columbarius",NA,NA,NA,"Falco_columbarius",TRUE,FALSE,FALSE,"Exact match"
"Falco naumanni","黄爪隼","Falconiformes","隼形目","Falconidae","隼科","Falco","隼属","Falco_naumanni",NA,NA,NA,"Falco_naumanni",TRUE,FALSE,FALSE,"Exact match"
"Falco peregrinus","游隼","Falconiformes","隼形目","Falconidae","隼科","Falco","隼属","Falco_peregrinus",NA,NA,NA,"Falco_peregrinus",TRUE,FALSE,FALSE,"Exact match"
"Falco rusticolus","矛隼","Falconiformes","隼形目","Falconidae","隼科","Falco","隼属","Falco_rusticolus",NA,NA,NA,"Falco_rusticolus",TRUE,FALSE,FALSE,"Exact match"
"Falco severus","猛隼","Falconiformes","隼形目","Falconidae","隼科","Falco","隼属","Falco_severus",NA,NA,NA,"Falco_severus",TRUE,FALSE,FALSE,"Exact match"
"Falco subbuteo","燕隼","Falconiformes","隼形目","Falconidae","隼科","Falco","隼属","Falco_subbuteo",NA,NA,NA,"Falco_subbuteo",TRUE,FALSE,FALSE,"Exact match"
"Falco tinnunculus","红隼","Falconiformes","隼形目","Falconidae","隼科","Falco","隼属","Falco_tinnunculus",NA,NA,NA,"Falco_tinnunculus",TRUE,FALSE,FALSE,"Exact match"
"Falco vespertinus","西红脚隼","Falconiformes","隼形目","Falconidae","隼科","Falco","隼属","Falco_vespertinus",NA,NA,NA,"Falco_vespertinus",TRUE,FALSE,FALSE,"Exact match"
"Microhierax caerulescens","红腿小隼","Falconiformes","隼形目","Falconidae","隼科","Microhierax","小隼属","Microhierax_caerulescens",NA,NA,NA,"Microhierax_caerulescens",TRUE,FALSE,FALSE,"Exact match"
"Microhierax melanoleucos","白腿小隼","Falconiformes","隼形目","Falconidae","隼科","Microhierax","小隼属","Microhierax_melanoleucos",NA,NA,NA,"Microhierax_melanoleucos",TRUE,FALSE,FALSE,"Exact match"
"Alectoris chukar","石鸡","Galliformes","鸡形目","Phasianidae","雉科","Alectoris","石鸡属","Alectoris_chukar",NA,NA,NA,"Alectoris_chukar",TRUE,FALSE,FALSE,"Exact match"
"Alectoris magna","大石鸡","Galliformes","鸡形目","Phasianidae","雉科","Alectoris","石鸡属","Alectoris_magna",NA,NA,NA,"Alectoris_magna",TRUE,FALSE,FALSE,"Exact match"
"Arborophila ardens","海南山鹧鸪","Galliformes","鸡形目","Phasianidae","雉科","Arborophila","山鹧鸪属","Arborophila_ardens",NA,NA,NA,"Arborophila_ardens",TRUE,FALSE,FALSE,"Exact match"
"Arborophila atrogularis","白颊山鹧鸪","Galliformes","鸡形目","Phasianidae","雉科","Arborophila","山鹧鸪属","Arborophila_atrogularis",NA,NA,NA,"Arborophila_atrogularis",TRUE,FALSE,FALSE,"Exact match"
"Arborophila brunneopectus","褐胸山鹧鸪","Galliformes","鸡形目","Phasianidae","雉科","Arborophila","山鹧鸪属","Arborophila_brunneopectus",NA,NA,NA,"Arborophila_brunneopectus",TRUE,FALSE,FALSE,"Exact match"
"Arborophila crudigularis","台湾山鹧鸪","Galliformes","鸡形目","Phasianidae","雉科","Arborophila","山鹧鸪属","Arborophila_crudigularis",NA,NA,NA,"Arborophila_crudigularis",TRUE,FALSE,FALSE,"Exact match"
"Arborophila gingica","白眉山鹧鸪","Galliformes","鸡形目","Phasianidae","雉科","Arborophila","山鹧鸪属","Arborophila_gingica",NA,NA,NA,"Arborophila_gingica",TRUE,FALSE,FALSE,"Exact match"
"Arborophila mandellii","红胸山鹧鸪","Galliformes","鸡形目","Phasianidae","雉科","Arborophila","山鹧鸪属","Arborophila_mandellii",NA,NA,NA,"Arborophila_mandellii",TRUE,FALSE,FALSE,"Exact match"
"Arborophila rufipectus","四川山鹧鸪","Galliformes","鸡形目","Phasianidae","雉科","Arborophila","山鹧鸪属","Arborophila_rufipectus",NA,NA,NA,"Arborophila_rufipectus",TRUE,FALSE,FALSE,"Exact match"
"Arborophila rufogularis","红喉山鹧鸪","Galliformes","鸡形目","Phasianidae","雉科","Arborophila","山鹧鸪属","Arborophila_rufogularis",NA,NA,NA,"Arborophila_rufogularis",TRUE,FALSE,FALSE,"Exact match"
"Arborophila torqueola","环颈山鹧鸪","Galliformes","鸡形目","Phasianidae","雉科","Arborophila","山鹧鸪属","Arborophila_torqueola",NA,NA,NA,"Arborophila_torqueola",TRUE,FALSE,FALSE,"Exact match"
"Bambusicola fytchii","棕胸竹鸡","Galliformes","鸡形目","Phasianidae","雉科","Bambusicola","竹鸡属","Bambusicola_fytchii",NA,NA,NA,"Bambusicola_fytchii",TRUE,FALSE,FALSE,"Exact match"
"Bambusicola sonorivox","台湾竹鸡","Galliformes","鸡形目","Phasianidae","雉科","Bambusicola","竹鸡属","Bambusicola_sonorivox",NA,NA,NA,"Bambusicola_sonorivox",TRUE,FALSE,FALSE,"Exact match"
"Bambusicola thoracicus","灰胸竹鸡","Galliformes","鸡形目","Phasianidae","雉科","Bambusicola","竹鸡属","Bambusicola_thoracicus",NA,NA,NA,"Bambusicola_thoracicus",TRUE,FALSE,FALSE,"Exact match"
"Chrysolophus amherstiae","白腹锦鸡","Galliformes","鸡形目","Phasianidae","雉科","Chrysolophus","锦鸡属","Chrysolophus_amherstiae",NA,NA,NA,"Chrysolophus_amherstiae",TRUE,FALSE,FALSE,"Exact match"
"Chrysolophus pictus","红腹锦鸡","Galliformes","鸡形目","Phasianidae","雉科","Chrysolophus","锦鸡属","Chrysolophus_pictus",NA,NA,NA,"Chrysolophus_pictus",TRUE,FALSE,FALSE,"Exact match"
"Coturnix coturnix","西鹌鹑","Galliformes","鸡形目","Phasianidae","雉科","Coturnix","鹌鹑属","Coturnix_coturnix",NA,NA,NA,"Coturnix_coturnix",TRUE,FALSE,FALSE,"Exact match"
"Coturnix japonica","鹌鹑","Galliformes","鸡形目","Phasianidae","雉科","Coturnix","鹌鹑属","Coturnix_japonica",NA,NA,NA,"Coturnix_japonica",TRUE,FALSE,FALSE,"Exact match"
"Crossoptilon auritum","蓝马鸡","Galliformes","鸡形目","Phasianidae","雉科","Crossoptilon","马鸡属","Crossoptilon_auritum",NA,NA,NA,"Crossoptilon_auritum",TRUE,FALSE,FALSE,"Exact match"
"Crossoptilon crossoptilon","白马鸡","Galliformes","鸡形目","Phasianidae","雉科","Crossoptilon","马鸡属","Crossoptilon_crossoptilon",NA,NA,NA,"Crossoptilon_crossoptilon",TRUE,FALSE,FALSE,"Exact match"
"Crossoptilon harmani","藏马鸡","Galliformes","鸡形目","Phasianidae","雉科","Crossoptilon","马鸡属","Crossoptilon_harmani",NA,NA,NA,"Crossoptilon_harmani",TRUE,FALSE,FALSE,"Exact match"
"Crossoptilon mantchuricum","褐马鸡","Galliformes","鸡形目","Phasianidae","雉科","Crossoptilon","马鸡属","Crossoptilon_mantchuricum",NA,NA,NA,"Crossoptilon_mantchuricum",TRUE,FALSE,FALSE,"Exact match"
"Falcipennis falcipennis","镰翅鸡","Galliformes","鸡形目","Phasianidae","雉科","Falcipennis",NA,"Falcipennis_falcipennis",NA,NA,NA,"Falcipennis_falcipennis",TRUE,FALSE,FALSE,"Exact match"
"Francolinus pintadeanus","中华鹧鸪","Galliformes","鸡形目","Phasianidae","雉科","Francolinus","鹧鸪属","Francolinus_pintadeanus",NA,NA,NA,"Francolinus_pintadeanus",TRUE,FALSE,FALSE,"Exact match"
"Gallus gallus","红原鸡","Galliformes","鸡形目","Phasianidae","雉科","Gallus","原鸡属","Gallus_gallus",NA,NA,NA,"Gallus_gallus",TRUE,FALSE,FALSE,"Exact match"
"Ithaginis cruentus","血雉","Galliformes","鸡形目","Phasianidae","雉科","Ithaginis","血雉属","Ithaginis_cruentus",NA,NA,NA,"Ithaginis_cruentus",TRUE,FALSE,FALSE,"Exact match"
"Lagopus lagopus","柳雷鸟","Galliformes","鸡形目","Phasianidae","雉科","Lagopus","雷鸟属","Lagopus_lagopus",NA,NA,NA,"Lagopus_lagopus",TRUE,FALSE,FALSE,"Exact match"
"Lagopus muta","岩雷鸟","Galliformes","鸡形目","Phasianidae","雉科","Lagopus","雷鸟属","Lagopus_muta",NA,NA,NA,"Lagopus_muta",TRUE,FALSE,FALSE,"Exact match"
"Lerwa lerwa","雪鹑","Galliformes","鸡形目","Phasianidae","雉科","Lerwa","雪鹑属","Lerwa_lerwa",NA,NA,NA,"Lerwa_lerwa",TRUE,FALSE,FALSE,"Exact match"
"Lophophorus impejanus","棕尾虹雉","Galliformes","鸡形目","Phasianidae","雉科","Lophophorus","虹雉属","Lophophorus_impejanus",NA,NA,NA,"Lophophorus_impejanus",TRUE,FALSE,FALSE,"Exact match"
"Lophophorus lhuysii","绿尾虹雉","Galliformes","鸡形目","Phasianidae","雉科","Lophophorus","虹雉属","Lophophorus_lhuysii",NA,NA,NA,"Lophophorus_lhuysii",TRUE,FALSE,FALSE,"Exact match"
"Lophophorus sclateri","白尾梢虹雉","Galliformes","鸡形目","Phasianidae","雉科","Lophophorus","虹雉属","Lophophorus_sclateri",NA,NA,NA,"Lophophorus_sclateri",TRUE,FALSE,FALSE,"Exact match"
"Lophura leucomelanos","黑鹇","Galliformes","鸡形目","Phasianidae","雉科","Lophura","鹇属","Lophura_leucomelanos",NA,NA,NA,"Lophura_leucomelanos",TRUE,FALSE,FALSE,"Exact match"
"Lophura nycthemera","白鹇","Galliformes","鸡形目","Phasianidae","雉科","Lophura","鹇属","Lophura_nycthemera",NA,NA,NA,"Lophura_nycthemera",TRUE,FALSE,FALSE,"Exact match"
"Lophura swinhoii","蓝腹鹇","Galliformes","鸡形目","Phasianidae","雉科","Lophura","鹇属","Lophura_swinhoii",NA,NA,NA,"Lophura_swinhoii",TRUE,FALSE,FALSE,"Exact match"
"Lyrurus tetrix","黑琴鸡","Galliformes","鸡形目","Phasianidae","雉科","Lyrurus","琴鸡属","Lyrurus_tetrix",NA,NA,NA,"Lyrurus_tetrix",TRUE,FALSE,FALSE,"Exact match"
"Pavo muticus","绿孔雀","Galliformes","鸡形目","Phasianidae","雉科","Pavo","孔雀属","Pavo_muticus",NA,NA,NA,"Pavo_muticus",TRUE,FALSE,FALSE,"Exact match"
"Perdix dauurica","斑翅山鹑","Galliformes","鸡形目","Phasianidae","雉科","Perdix","山鹑属","Perdix_dauurica",NA,NA,NA,"Perdix_dauurica",TRUE,FALSE,FALSE,"Exact match"
"Perdix hodgsoniae","高原山鹑","Galliformes","鸡形目","Phasianidae","雉科","Perdix","山鹑属","Perdix_hodgsoniae",NA,NA,NA,"Perdix_hodgsoniae",TRUE,FALSE,FALSE,"Exact match"
"Perdix perdix","灰山鹑","Galliformes","鸡形目","Phasianidae","雉科","Perdix","山鹑属","Perdix_perdix",NA,NA,NA,"Perdix_perdix",TRUE,FALSE,FALSE,"Exact match"
"Phasianus colchicus","环颈雉","Galliformes","鸡形目","Phasianidae","雉科","Phasianus","雉属","Phasianus_colchicus",NA,NA,NA,"Phasianus_colchicus",TRUE,FALSE,FALSE,"Exact match"
"Polyplectron bicalcaratum","灰孔雀雉","Galliformes","鸡形目","Phasianidae","雉科","Polyplectron","孔雀雉属","Polyplectron_bicalcaratum",NA,NA,NA,"Polyplectron_bicalcaratum",TRUE,FALSE,FALSE,"Exact match"
"Polyplectron katsumatae","海南孔雀雉","Galliformes","鸡形目","Phasianidae","雉科","Polyplectron","孔雀雉属","Polyplectron_katsumatae",NA,NA,NA,"Polyplectron_katsumatae",TRUE,FALSE,FALSE,"Exact match"
"Pucrasia macrolopha","勺鸡","Galliformes","鸡形目","Phasianidae","雉科","Pucrasia","勺鸡属","Pucrasia_macrolopha",NA,NA,NA,"Pucrasia_macrolopha",TRUE,FALSE,FALSE,"Exact match"
"Synoicus chinensis","蓝胸鹑","Galliformes","鸡形目","Phasianidae","雉科","Synoicus",NA,"Synoicus_chinensis",NA,NA,NA,"Synoicus_chinensis",TRUE,FALSE,FALSE,"Exact match"
"Syrmaticus ellioti","白颈长尾雉","Galliformes","鸡形目","Phasianidae","雉科","Syrmaticus","长尾雉属","Syrmaticus_ellioti",NA,NA,NA,"Syrmaticus_ellioti",TRUE,FALSE,FALSE,"Exact match"
"Syrmaticus humiae","黑颈长尾雉","Galliformes","鸡形目","Phasianidae","雉科","Syrmaticus","长尾雉属","Syrmaticus_humiae",NA,NA,NA,"Syrmaticus_humiae",TRUE,FALSE,FALSE,"Exact match"
"Syrmaticus mikado","黑长尾雉","Galliformes","鸡形目","Phasianidae","雉科","Syrmaticus","长尾雉属","Syrmaticus_mikado",NA,NA,NA,"Syrmaticus_mikado",TRUE,FALSE,FALSE,"Exact match"
"Syrmaticus reevesii","白冠长尾雉","Galliformes","鸡形目","Phasianidae","雉科","Syrmaticus","长尾雉属","Syrmaticus_reevesii",NA,NA,NA,"Syrmaticus_reevesii",TRUE,FALSE,FALSE,"Exact match"
"Tetrao urogalloides","黑嘴松鸡","Galliformes","鸡形目","Phasianidae","雉科","Tetrao","松鸡属","Tetrao_urogalloides",NA,NA,NA,"Tetrao_urogalloides",TRUE,FALSE,FALSE,"Exact match"
"Tetrao urogallus","松鸡","Galliformes","鸡形目","Phasianidae","雉科","Tetrao","松鸡属","Tetrao_urogallus",NA,NA,NA,"Tetrao_urogallus",TRUE,FALSE,FALSE,"Exact match"
"Tetraogallus altaicus","阿尔泰雪鸡","Galliformes","鸡形目","Phasianidae","雉科","Tetraogallus","雪鸡属","Tetraogallus_altaicus",NA,NA,NA,"Tetraogallus_altaicus",TRUE,FALSE,FALSE,"Exact match"
"Tetraogallus himalayensis","暗腹雪鸡","Galliformes","鸡形目","Phasianidae","雉科","Tetraogallus","雪鸡属","Tetraogallus_himalayensis",NA,NA,NA,"Tetraogallus_himalayensis",TRUE,FALSE,FALSE,"Exact match"
"Tetraogallus tibetanus","藏雪鸡","Galliformes","鸡形目","Phasianidae","雉科","Tetraogallus","雪鸡属","Tetraogallus_tibetanus",NA,NA,NA,"Tetraogallus_tibetanus",TRUE,FALSE,FALSE,"Exact match"
"Tetraophasis obscurus","红喉雉鹑","Galliformes","鸡形目","Phasianidae","雉科","Tetraophasis","雉鹑属","Tetraophasis_obscurus",NA,NA,NA,"Tetraophasis_obscurus",TRUE,FALSE,FALSE,"Exact match"
"Tetraophasis szechenyii","黄喉雉鹑","Galliformes","鸡形目","Phasianidae","雉科","Tetraophasis","雉鹑属","Tetraophasis_szechenyii",NA,NA,NA,"Tetraophasis_szechenyii",TRUE,FALSE,FALSE,"Exact match"
"Tetrastes bonasia","花尾榛鸡","Galliformes","鸡形目","Phasianidae","雉科","Tetrastes",NA,"Tetrastes_bonasia",NA,NA,NA,"Tetrastes_bonasia",TRUE,FALSE,FALSE,"Exact match"
"Tetrastes sewerzowi","斑尾榛鸡","Galliformes","鸡形目","Phasianidae","雉科","Tetrastes",NA,"Tetrastes_sewerzowi",NA,NA,NA,"Tetrastes_sewerzowi",TRUE,FALSE,FALSE,"Exact match"
"Tragopan blythii","灰腹角雉","Galliformes","鸡形目","Phasianidae","雉科","Tragopan","角雉属","Tragopan_blythii",NA,NA,NA,"Tragopan_blythii",TRUE,FALSE,FALSE,"Exact match"
"Tragopan caboti","黄腹角雉","Galliformes","鸡形目","Phasianidae","雉科","Tragopan","角雉属","Tragopan_caboti",NA,NA,NA,"Tragopan_caboti",TRUE,FALSE,FALSE,"Exact match"
"Tragopan melanocephalus","黑头角雉","Galliformes","鸡形目","Phasianidae","雉科","Tragopan","角雉属","Tragopan_melanocephalus",NA,NA,NA,"Tragopan_melanocephalus",TRUE,FALSE,FALSE,"Exact match"
"Tragopan satyra","红胸角雉","Galliformes","鸡形目","Phasianidae","雉科","Tragopan","角雉属","Tragopan_satyra",NA,NA,NA,"Tragopan_satyra",TRUE,FALSE,FALSE,"Exact match"
"Tragopan temminckii","红腹角雉","Galliformes","鸡形目","Phasianidae","雉科","Tragopan","角雉属","Tragopan_temminckii",NA,NA,NA,"Tragopan_temminckii",TRUE,FALSE,FALSE,"Exact match"
"Tropicoperdix chloropus","绿脚树鹧鸪","Galliformes","鸡形目","Phasianidae","雉科","Tropicoperdix",NA,"Tropicoperdix_chloropus",NA,NA,NA,"Tropicoperdix_chloropus",TRUE,FALSE,FALSE,"Exact match"
"Gavia adamsii","黄嘴潜鸟","Gaviiformes","潜鸟目","Gaviidae","潜鸟科","Gavia","潜鸟属","Gavia_adamsii",NA,NA,NA,"Gavia_adamsii",TRUE,FALSE,FALSE,"Exact match"
"Gavia arctica","黑喉潜鸟","Gaviiformes","潜鸟目","Gaviidae","潜鸟科","Gavia","潜鸟属","Gavia_arctica",NA,NA,NA,"Gavia_arctica",TRUE,FALSE,FALSE,"Exact match"
"Gavia pacifica","太平洋潜鸟","Gaviiformes","潜鸟目","Gaviidae","潜鸟科","Gavia","潜鸟属","Gavia_pacifica",NA,NA,NA,"Gavia_pacifica",TRUE,FALSE,FALSE,"Exact match"
"Gavia stellata","红喉潜鸟","Gaviiformes","潜鸟目","Gaviidae","潜鸟科","Gavia","潜鸟属","Gavia_stellata",NA,NA,NA,"Gavia_stellata",TRUE,FALSE,FALSE,"Exact match"
"Antigone antigone","赤颈鹤","Gruiformes","鹤形目","Gruidae","鹤科","Antigone",NA,"Antigone_antigone",NA,NA,NA,"Antigone_antigone",TRUE,FALSE,FALSE,"Exact match"
"Antigone canadensis","沙丘鹤","Gruiformes","鹤形目","Gruidae","鹤科","Antigone",NA,"Antigone_canadensis",NA,NA,NA,"Antigone_canadensis",TRUE,FALSE,FALSE,"Exact match"
"Antigone vipio","白枕鹤","Gruiformes","鹤形目","Gruidae","鹤科","Antigone",NA,"Antigone_vipio",NA,NA,NA,"Antigone_vipio",TRUE,FALSE,FALSE,"Exact match"
"Grus grus","灰鹤","Gruiformes","鹤形目","Gruidae","鹤科","Grus","鹤属","Grus_grus",NA,NA,NA,"Grus_grus",TRUE,FALSE,FALSE,"Exact match"
"Grus japonensis","丹顶鹤","Gruiformes","鹤形目","Gruidae","鹤科","Grus","鹤属","Grus_japonensis",NA,NA,NA,"Grus_japonensis",TRUE,FALSE,FALSE,"Exact match"
"Grus monacha","白头鹤","Gruiformes","鹤形目","Gruidae","鹤科","Grus","鹤属","Grus_monacha",NA,NA,NA,"Grus_monacha",TRUE,FALSE,FALSE,"Exact match"
"Grus nigricollis","黑颈鹤","Gruiformes","鹤形目","Gruidae","鹤科","Grus","鹤属","Grus_nigricollis",NA,NA,NA,"Grus_nigricollis",TRUE,FALSE,FALSE,"Exact match"
"Grus virgo","蓑羽鹤","Gruiformes","鹤形目","Gruidae","鹤科","Grus","鹤属","Grus_virgo","Anthropoides_virgo","Genus update","Crane genus placement updated in the tree taxonomy.","Anthropoides_virgo",FALSE,TRUE,FALSE,"Bridged match"
"Leucogeranus leucogeranus","白鹤","Gruiformes","鹤形目","Gruidae","鹤科","Leucogeranus",NA,"Leucogeranus_leucogeranus",NA,NA,NA,"Leucogeranus_leucogeranus",TRUE,FALSE,FALSE,"Exact match"
"Amaurornis cinerea","白眉苦恶鸟","Gruiformes","鹤形目","Rallidae","秧鸡科","Amaurornis","苦恶鸟属","Amaurornis_cinerea","Poliolimnas_cinereus","Genus and epithet update","Checklist rail concept linked to current tree taxonomy.","Poliolimnas_cinereus",FALSE,TRUE,FALSE,"Bridged match"
"Amaurornis phoenicurus","白胸苦恶鸟","Gruiformes","鹤形目","Rallidae","秧鸡科","Amaurornis","苦恶鸟属","Amaurornis_phoenicurus",NA,NA,NA,"Amaurornis_phoenicurus",TRUE,FALSE,FALSE,"Exact match"
"Coturnicops exquisitus","花田鸡","Gruiformes","鹤形目","Rallidae","秧鸡科","Coturnicops",NA,"Coturnicops_exquisitus",NA,NA,NA,"Coturnicops_exquisitus",TRUE,FALSE,FALSE,"Exact match"
"Crex crex","长脚秧鸡","Gruiformes","鹤形目","Rallidae","秧鸡科","Crex","长脚秧鸡属","Crex_crex",NA,NA,NA,"Crex_crex",TRUE,FALSE,FALSE,"Exact match"
"Fulica atra","白骨顶","Gruiformes","鹤形目","Rallidae","秧鸡科","Fulica","骨顶属","Fulica_atra",NA,NA,NA,"Fulica_atra",TRUE,FALSE,FALSE,"Exact match"
"Gallicrex cinerea","董鸡","Gruiformes","鹤形目","Rallidae","秧鸡科","Gallicrex","董鸡属","Gallicrex_cinerea",NA,NA,NA,"Gallicrex_cinerea",TRUE,FALSE,FALSE,"Exact match"
"Gallinula chloropus","黑水鸡","Gruiformes","鹤形目","Rallidae","秧鸡科","Gallinula","黑水鸡属","Gallinula_chloropus",NA,NA,NA,"Gallinula_chloropus",TRUE,FALSE,FALSE,"Exact match"
"Lewinia striata","灰胸秧鸡","Gruiformes","鹤形目","Rallidae","秧鸡科","Lewinia",NA,"Lewinia_striata",NA,NA,NA,"Lewinia_striata",TRUE,FALSE,FALSE,"Exact match"
"Porphyrio poliocephalus","紫水鸡","Gruiformes","鹤形目","Rallidae","秧鸡科","Porphyrio","紫水鸡属","Porphyrio_poliocephalus",NA,NA,NA,"Porphyrio_poliocephalus",TRUE,FALSE,FALSE,"Exact match"
"Porzana porzana","斑胸田鸡","Gruiformes","鹤形目","Rallidae","秧鸡科","Porzana","田鸡属","Porzana_porzana",NA,NA,NA,"Porzana_porzana",TRUE,FALSE,FALSE,"Exact match"
"Rallina eurizonoides","白喉斑秧鸡","Gruiformes","鹤形目","Rallidae","秧鸡科","Rallina","斑秧鸡属","Rallina_eurizonoides",NA,NA,NA,"Rallina_eurizonoides",TRUE,FALSE,FALSE,"Exact match"
"Rallina fasciata","红脚斑秧鸡","Gruiformes","鹤形目","Rallidae","秧鸡科","Rallina","斑秧鸡属","Rallina_fasciata",NA,NA,NA,"Rallina_fasciata",TRUE,FALSE,FALSE,"Exact match"
"Rallus aquaticus","西秧鸡","Gruiformes","鹤形目","Rallidae","秧鸡科","Rallus","秧鸡属","Rallus_aquaticus",NA,NA,NA,"Rallus_aquaticus",TRUE,FALSE,FALSE,"Exact match"
"Rallus indicus","普通秧鸡","Gruiformes","鹤形目","Rallidae","秧鸡科","Rallus","秧鸡属","Rallus_indicus",NA,NA,NA,"Rallus_indicus",TRUE,FALSE,FALSE,"Exact match"
"Zapornia akool","红脚田鸡","Gruiformes","鹤形目","Rallidae","秧鸡科","Zapornia",NA,"Zapornia_akool",NA,NA,NA,"Zapornia_akool",TRUE,FALSE,FALSE,"Exact match"
"Zapornia bicolor","棕背田鸡","Gruiformes","鹤形目","Rallidae","秧鸡科","Zapornia",NA,"Zapornia_bicolor",NA,NA,NA,"Zapornia_bicolor",TRUE,FALSE,FALSE,"Exact match"
"Zapornia fusca","红胸田鸡","Gruiformes","鹤形目","Rallidae","秧鸡科","Zapornia",NA,"Zapornia_fusca",NA,NA,NA,"Zapornia_fusca",TRUE,FALSE,FALSE,"Exact match"
"Zapornia parva","姬田鸡","Gruiformes","鹤形目","Rallidae","秧鸡科","Zapornia",NA,"Zapornia_parva",NA,NA,NA,"Zapornia_parva",TRUE,FALSE,FALSE,"Exact match"
"Zapornia paykullii","斑胁田鸡","Gruiformes","鹤形目","Rallidae","秧鸡科","Zapornia",NA,"Zapornia_paykullii",NA,NA,NA,"Zapornia_paykullii",TRUE,FALSE,FALSE,"Exact match"
"Zapornia pusilla","小田鸡","Gruiformes","鹤形目","Rallidae","秧鸡科","Zapornia",NA,"Zapornia_pusilla",NA,NA,NA,"Zapornia_pusilla",TRUE,FALSE,FALSE,"Exact match"
"Chlamydotis macqueenii","波斑鸨","Otidiformes","鸨形目","Otididae","鸨科","Chlamydotis",NA,"Chlamydotis_macqueenii",NA,NA,NA,"Chlamydotis_macqueenii",TRUE,FALSE,FALSE,"Exact match"
"Otis tarda","大鸨","Otidiformes","鸨形目","Otididae","鸨科","Otis","大鸨属","Otis_tarda",NA,NA,NA,"Otis_tarda",TRUE,FALSE,FALSE,"Exact match"
"Tetrax tetrax","小鸨","Otidiformes","鸨形目","Otididae","鸨科","Tetrax",NA,"Tetrax_tetrax",NA,NA,NA,"Tetrax_tetrax",TRUE,FALSE,FALSE,"Exact match"
"Acrocephalus agricola","稻田苇莺","Passeriformes","雀形目","Acrocephalidae","苇莺科","Acrocephalus","苇莺属","Acrocephalus_agricola",NA,NA,NA,"Acrocephalus_agricola",TRUE,FALSE,FALSE,"Exact match"
"Acrocephalus arundinaceus","大苇莺","Passeriformes","雀形目","Acrocephalidae","苇莺科","Acrocephalus","苇莺属","Acrocephalus_arundinaceus",NA,NA,NA,"Acrocephalus_arundinaceus",TRUE,FALSE,FALSE,"Exact match"
"Acrocephalus bistrigiceps","黑眉苇莺","Passeriformes","雀形目","Acrocephalidae","苇莺科","Acrocephalus","苇莺属","Acrocephalus_bistrigiceps",NA,NA,NA,"Acrocephalus_bistrigiceps",TRUE,FALSE,FALSE,"Exact match"
"Acrocephalus concinens","钝翅苇莺","Passeriformes","雀形目","Acrocephalidae","苇莺科","Acrocephalus","苇莺属","Acrocephalus_concinens",NA,NA,NA,"Acrocephalus_concinens",TRUE,FALSE,FALSE,"Exact match"
"Acrocephalus dumetorum","布氏苇莺","Passeriformes","雀形目","Acrocephalidae","苇莺科","Acrocephalus","苇莺属","Acrocephalus_dumetorum",NA,NA,NA,"Acrocephalus_dumetorum",TRUE,FALSE,FALSE,"Exact match"
"Acrocephalus melanopogon","须苇莺","Passeriformes","雀形目","Acrocephalidae","苇莺科","Acrocephalus","苇莺属","Acrocephalus_melanopogon",NA,NA,NA,"Acrocephalus_melanopogon",TRUE,FALSE,FALSE,"Exact match"
"Acrocephalus orientalis","东方大苇莺","Passeriformes","雀形目","Acrocephalidae","苇莺科","Acrocephalus","苇莺属","Acrocephalus_orientalis",NA,NA,NA,"Acrocephalus_orientalis",TRUE,FALSE,FALSE,"Exact match"
"Acrocephalus schoenobaenus","蒲苇莺","Passeriformes","雀形目","Acrocephalidae","苇莺科","Acrocephalus","苇莺属","Acrocephalus_schoenobaenus",NA,NA,NA,"Acrocephalus_schoenobaenus",TRUE,FALSE,FALSE,"Exact match"
"Acrocephalus scirpaceus","芦莺","Passeriformes","雀形目","Acrocephalidae","苇莺科","Acrocephalus","苇莺属","Acrocephalus_scirpaceus",NA,NA,NA,"Acrocephalus_scirpaceus",TRUE,FALSE,FALSE,"Exact match"
"Acrocephalus sorghophilus","细纹苇莺","Passeriformes","雀形目","Acrocephalidae","苇莺科","Acrocephalus","苇莺属","Acrocephalus_sorghophilus",NA,NA,NA,"Acrocephalus_sorghophilus",TRUE,FALSE,FALSE,"Exact match"
"Acrocephalus stentoreus","噪苇莺","Passeriformes","雀形目","Acrocephalidae","苇莺科","Acrocephalus","苇莺属","Acrocephalus_stentoreus",NA,NA,NA,"Acrocephalus_stentoreus",TRUE,FALSE,FALSE,"Exact match"
"Acrocephalus tangorum","远东苇莺","Passeriformes","雀形目","Acrocephalidae","苇莺科","Acrocephalus","苇莺属","Acrocephalus_tangorum",NA,NA,NA,"Acrocephalus_tangorum",TRUE,FALSE,FALSE,"Exact match"
"Arundinax aedon","厚嘴苇莺","Passeriformes","雀形目","Acrocephalidae","苇莺科","Arundinax",NA,"Arundinax_aedon",NA,NA,NA,"Arundinax_aedon",TRUE,FALSE,FALSE,"Exact match"
"Iduna caligata","靴篱莺","Passeriformes","雀形目","Acrocephalidae","苇莺科","Iduna",NA,"Iduna_caligata",NA,NA,NA,"Iduna_caligata",TRUE,FALSE,FALSE,"Exact match"
"Iduna pallida","草绿篱莺","Passeriformes","雀形目","Acrocephalidae","苇莺科","Iduna",NA,"Iduna_pallida",NA,NA,NA,"Iduna_pallida",TRUE,FALSE,FALSE,"Exact match"
"Iduna rama","赛氏篱莺","Passeriformes","雀形目","Acrocephalidae","苇莺科","Iduna",NA,"Iduna_rama",NA,NA,NA,"Iduna_rama",TRUE,FALSE,FALSE,"Exact match"
"Aegithalos bonvaloti","黑眉长尾山雀","Passeriformes","雀形目","Aegithalidae","长尾山雀科","Aegithalos","长尾山雀属","Aegithalos_bonvaloti",NA,NA,NA,"Aegithalos_bonvaloti",FALSE,FALSE,TRUE,"Unresolved"
"Aegithalos caudatus","北长尾山雀","Passeriformes","雀形目","Aegithalidae","长尾山雀科","Aegithalos","长尾山雀属","Aegithalos_caudatus",NA,NA,NA,"Aegithalos_caudatus",TRUE,FALSE,FALSE,"Exact match"
"Aegithalos concinnus","红头长尾山雀","Passeriformes","雀形目","Aegithalidae","长尾山雀科","Aegithalos","长尾山雀属","Aegithalos_concinnus",NA,NA,NA,"Aegithalos_concinnus",TRUE,FALSE,FALSE,"Exact match"
"Aegithalos fuliginosus","银脸长尾山雀","Passeriformes","雀形目","Aegithalidae","长尾山雀科","Aegithalos","长尾山雀属","Aegithalos_fuliginosus",NA,NA,NA,"Aegithalos_fuliginosus",TRUE,FALSE,FALSE,"Exact match"
"Aegithalos glaucogularis","银喉长尾山雀","Passeriformes","雀形目","Aegithalidae","长尾山雀科","Aegithalos","长尾山雀属","Aegithalos_glaucogularis",NA,NA,NA,"Aegithalos_glaucogularis",TRUE,FALSE,FALSE,"Exact match"
"Aegithalos iouschistos","棕额长尾山雀","Passeriformes","雀形目","Aegithalidae","长尾山雀科","Aegithalos","长尾山雀属","Aegithalos_iouschistos",NA,NA,NA,"Aegithalos_iouschistos",TRUE,FALSE,FALSE,"Exact match"
"Leptopoecile elegans","凤头雀莺","Passeriformes","雀形目","Aegithalidae","长尾山雀科","Leptopoecile","雀莺属","Leptopoecile_elegans",NA,NA,NA,"Leptopoecile_elegans",TRUE,FALSE,FALSE,"Exact match"
"Leptopoecile sophiae","花彩雀莺","Passeriformes","雀形目","Aegithalidae","长尾山雀科","Leptopoecile","雀莺属","Leptopoecile_sophiae",NA,NA,NA,"Leptopoecile_sophiae",TRUE,FALSE,FALSE,"Exact match"
"Aegithina lafresnayei","大绿雀鹎","Passeriformes","雀形目","Aegithinidae","雀鹎科","Aegithina","雀鹎属","Aegithina_lafresnayei",NA,NA,NA,"Aegithina_lafresnayei",TRUE,FALSE,FALSE,"Exact match"
"Aegithina tiphia","黑翅雀鹎","Passeriformes","雀形目","Aegithinidae","雀鹎科","Aegithina","雀鹎属","Aegithina_tiphia",NA,NA,NA,"Aegithina_tiphia",TRUE,FALSE,FALSE,"Exact match"
"Alauda arvensis","云雀","Passeriformes","雀形目","Alaudidae","百灵科","Alauda","云雀属","Alauda_arvensis",NA,NA,NA,"Alauda_arvensis",TRUE,FALSE,FALSE,"Exact match"
"Alauda gulgula","小云雀","Passeriformes","雀形目","Alaudidae","百灵科","Alauda","云雀属","Alauda_gulgula",NA,NA,NA,"Alauda_gulgula",TRUE,FALSE,FALSE,"Exact match"
"Alauda leucoptera","白翅云雀","Passeriformes","雀形目","Alaudidae","百灵科","Alauda","云雀属","Alauda_leucoptera",NA,NA,NA,"Alauda_leucoptera",TRUE,FALSE,FALSE,"Exact match"
"Alaudala cheleensis","短趾百灵","Passeriformes","雀形目","Alaudidae","百灵科","Alaudala",NA,"Alaudala_cheleensis",NA,NA,NA,"Alaudala_cheleensis",TRUE,FALSE,FALSE,"Exact match"
"Alaudala heinei","中亚短趾百灵","Passeriformes","雀形目","Alaudidae","百灵科","Alaudala",NA,"Alaudala_heinei",NA,NA,NA,"Alaudala_heinei",TRUE,FALSE,FALSE,"Exact match"
"Calandrella acutirostris","细嘴短趾百灵","Passeriformes","雀形目","Alaudidae","百灵科","Calandrella","短趾百灵属","Calandrella_acutirostris",NA,NA,NA,"Calandrella_acutirostris",TRUE,FALSE,FALSE,"Exact match"
"Calandrella brachydactyla","大短趾百灵","Passeriformes","雀形目","Alaudidae","百灵科","Calandrella","短趾百灵属","Calandrella_brachydactyla",NA,NA,NA,"Calandrella_brachydactyla",TRUE,FALSE,FALSE,"Exact match"
"Calandrella dukhunensis","中华短趾百灵","Passeriformes","雀形目","Alaudidae","百灵科","Calandrella","短趾百灵属","Calandrella_dukhunensis",NA,NA,NA,"Calandrella_dukhunensis",TRUE,FALSE,FALSE,"Exact match"
"Eremophila alpestris","角百灵","Passeriformes","雀形目","Alaudidae","百灵科","Eremophila","角百灵属","Eremophila_alpestris",NA,NA,NA,"Eremophila_alpestris",TRUE,FALSE,FALSE,"Exact match"
"Galerida cristata","凤头百灵","Passeriformes","雀形目","Alaudidae","百灵科","Galerida","凤头百灵属","Galerida_cristata",NA,NA,NA,"Galerida_cristata",TRUE,FALSE,FALSE,"Exact match"
"Melanocorypha bimaculata","双斑百灵","Passeriformes","雀形目","Alaudidae","百灵科","Melanocorypha","百灵属","Melanocorypha_bimaculata",NA,NA,NA,"Melanocorypha_bimaculata",TRUE,FALSE,FALSE,"Exact match"
"Melanocorypha calandra","草原百灵","Passeriformes","雀形目","Alaudidae","百灵科","Melanocorypha","百灵属","Melanocorypha_calandra",NA,NA,NA,"Melanocorypha_calandra",TRUE,FALSE,FALSE,"Exact match"
"Melanocorypha maxima","长嘴百灵","Passeriformes","雀形目","Alaudidae","百灵科","Melanocorypha","百灵属","Melanocorypha_maxima",NA,NA,NA,"Melanocorypha_maxima",TRUE,FALSE,FALSE,"Exact match"
"Melanocorypha mongolica","蒙古百灵","Passeriformes","雀形目","Alaudidae","百灵科","Melanocorypha","百灵属","Melanocorypha_mongolica",NA,NA,NA,"Melanocorypha_mongolica",TRUE,FALSE,FALSE,"Exact match"
"Melanocorypha yeltoniensis","黑百灵","Passeriformes","雀形目","Alaudidae","百灵科","Melanocorypha","百灵属","Melanocorypha_yeltoniensis",NA,NA,NA,"Melanocorypha_yeltoniensis",TRUE,FALSE,FALSE,"Exact match"
"Mirafra javanica","歌百灵","Passeriformes","雀形目","Alaudidae","百灵科","Mirafra","歌百灵属","Mirafra_javanica",NA,NA,NA,"Mirafra_javanica",TRUE,FALSE,FALSE,"Exact match"
"Alcippe davidi","灰眶雀鹛","Passeriformes","雀形目","Alcippeidae","雀鹛科","Alcippe","雀鹛属","Alcippe_davidi",NA,NA,NA,"Alcippe_davidi",TRUE,FALSE,FALSE,"Exact match"
"Alcippe fratercula","云南雀鹛","Passeriformes","雀形目","Alcippeidae","雀鹛科","Alcippe","雀鹛属","Alcippe_fratercula",NA,NA,NA,"Alcippe_fratercula",TRUE,FALSE,FALSE,"Exact match"
"Alcippe hueti","淡眉雀鹛","Passeriformes","雀形目","Alcippeidae","雀鹛科","Alcippe","雀鹛属","Alcippe_hueti",NA,NA,NA,"Alcippe_hueti",TRUE,FALSE,FALSE,"Exact match"
"Alcippe morrisonia","台湾雀鹛","Passeriformes","雀形目","Alcippeidae","雀鹛科","Alcippe","雀鹛属","Alcippe_morrisonia",NA,NA,NA,"Alcippe_morrisonia",TRUE,FALSE,FALSE,"Exact match"
"Alcippe nipalensis","白眶雀鹛","Passeriformes","雀形目","Alcippeidae","雀鹛科","Alcippe","雀鹛属","Alcippe_nipalensis",NA,NA,NA,"Alcippe_nipalensis",TRUE,FALSE,FALSE,"Exact match"
"Alcippe poioicephala","褐脸雀鹛","Passeriformes","雀形目","Alcippeidae","雀鹛科","Alcippe","雀鹛属","Alcippe_poioicephala",NA,NA,NA,"Alcippe_poioicephala",TRUE,FALSE,FALSE,"Exact match"
"Artamus fuscus","灰燕鵙","Passeriformes","雀形目","Artamidae","燕鵙科","Artamus","燕鵙属","Artamus_fuscus",NA,NA,NA,"Artamus_fuscus",TRUE,FALSE,FALSE,"Exact match"
"Bombycilla garrulus","太平鸟","Passeriformes","雀形目","Bombycillidae","太平鸟科","Bombycilla","太平鸟属","Bombycilla_garrulus",NA,NA,NA,"Bombycilla_garrulus",TRUE,FALSE,FALSE,"Exact match"
"Bombycilla japonica","小太平鸟","Passeriformes","雀形目","Bombycillidae","太平鸟科","Bombycilla","太平鸟属","Bombycilla_japonica",NA,NA,NA,"Bombycilla_japonica",TRUE,FALSE,FALSE,"Exact match"
"Calcarius lapponicus","铁爪鹀","Passeriformes","雀形目","Calcariidae","铁爪鹀科","Calcarius","铁爪鹀属","Calcarius_lapponicus",NA,NA,NA,"Calcarius_lapponicus",TRUE,FALSE,FALSE,"Exact match"
"Plectrophenax nivalis","雪鹀","Passeriformes","雀形目","Calcariidae","铁爪鹀科","Plectrophenax","雪鹀属","Plectrophenax_nivalis",NA,NA,NA,"Plectrophenax_nivalis",TRUE,FALSE,FALSE,"Exact match"
"Coracina macei","大鹃鵙","Passeriformes","雀形目","Campephagidae","山椒鸟科","Coracina","鹃鵙属","Coracina_macei",NA,NA,NA,"Coracina_macei",TRUE,FALSE,FALSE,"Exact match"
"Lalage melaschistos","暗灰鹃鵙","Passeriformes","雀形目","Campephagidae","山椒鸟科","Lalage",NA,"Lalage_melaschistos",NA,NA,NA,"Lalage_melaschistos",TRUE,FALSE,FALSE,"Exact match"
"Lalage nigra","斑鹃鵙","Passeriformes","雀形目","Campephagidae","山椒鸟科","Lalage",NA,"Lalage_nigra",NA,NA,NA,"Lalage_nigra",TRUE,FALSE,FALSE,"Exact match"
"Pericrocotus brevirostris","短嘴山椒鸟","Passeriformes","雀形目","Campephagidae","山椒鸟科","Pericrocotus","山椒鸟属","Pericrocotus_brevirostris",NA,NA,NA,"Pericrocotus_brevirostris",TRUE,FALSE,FALSE,"Exact match"
"Pericrocotus cantonensis","小灰山椒鸟","Passeriformes","雀形目","Campephagidae","山椒鸟科","Pericrocotus","山椒鸟属","Pericrocotus_cantonensis",NA,NA,NA,"Pericrocotus_cantonensis",TRUE,FALSE,FALSE,"Exact match"
"Pericrocotus divaricatus","灰山椒鸟","Passeriformes","雀形目","Campephagidae","山椒鸟科","Pericrocotus","山椒鸟属","Pericrocotus_divaricatus",NA,NA,NA,"Pericrocotus_divaricatus",TRUE,FALSE,FALSE,"Exact match"
"Pericrocotus ethologus","长尾山椒鸟","Passeriformes","雀形目","Campephagidae","山椒鸟科","Pericrocotus","山椒鸟属","Pericrocotus_ethologus",NA,NA,NA,"Pericrocotus_ethologus",TRUE,FALSE,FALSE,"Exact match"
"Pericrocotus roseus","粉红山椒鸟","Passeriformes","雀形目","Campephagidae","山椒鸟科","Pericrocotus","山椒鸟属","Pericrocotus_roseus",NA,NA,NA,"Pericrocotus_roseus",TRUE,FALSE,FALSE,"Exact match"
"Pericrocotus solaris","灰喉山椒鸟","Passeriformes","雀形目","Campephagidae","山椒鸟科","Pericrocotus","山椒鸟属","Pericrocotus_solaris",NA,NA,NA,"Pericrocotus_solaris",TRUE,FALSE,FALSE,"Exact match"
"Pericrocotus speciosus","赤红山椒鸟","Passeriformes","雀形目","Campephagidae","山椒鸟科","Pericrocotus","山椒鸟属","Pericrocotus_speciosus",NA,NA,NA,"Pericrocotus_speciosus",TRUE,FALSE,FALSE,"Exact match"
"Pericrocotus tegimae","琉球山椒鸟","Passeriformes","雀形目","Campephagidae","山椒鸟科","Pericrocotus","山椒鸟属","Pericrocotus_tegimae",NA,NA,NA,"Pericrocotus_tegimae",TRUE,FALSE,FALSE,"Exact match"
"Certhia discolor","褐喉旋木雀","Passeriformes","雀形目","Certhiidae","旋木雀科","Certhia","旋木雀属","Certhia_discolor",NA,NA,NA,"Certhia_discolor",TRUE,FALSE,FALSE,"Exact match"
"Certhia familiaris","欧亚旋木雀","Passeriformes","雀形目","Certhiidae","旋木雀科","Certhia","旋木雀属","Certhia_familiaris",NA,NA,NA,"Certhia_familiaris",TRUE,FALSE,FALSE,"Exact match"
"Certhia himalayana","高山旋木雀","Passeriformes","雀形目","Certhiidae","旋木雀科","Certhia","旋木雀属","Certhia_himalayana",NA,NA,NA,"Certhia_himalayana",TRUE,FALSE,FALSE,"Exact match"
"Certhia hodgsoni","霍氏旋木雀","Passeriformes","雀形目","Certhiidae","旋木雀科","Certhia","旋木雀属","Certhia_hodgsoni",NA,NA,NA,"Certhia_hodgsoni",TRUE,FALSE,FALSE,"Exact match"
"Certhia manipurensis","休氏旋木雀","Passeriformes","雀形目","Certhiidae","旋木雀科","Certhia","旋木雀属","Certhia_manipurensis",NA,NA,NA,"Certhia_manipurensis",TRUE,FALSE,FALSE,"Exact match"
"Certhia nipalensis","锈红腹旋木雀","Passeriformes","雀形目","Certhiidae","旋木雀科","Certhia","旋木雀属","Certhia_nipalensis",NA,NA,NA,"Certhia_nipalensis",TRUE,FALSE,FALSE,"Exact match"
"Certhia tianquanensis","四川旋木雀","Passeriformes","雀形目","Certhiidae","旋木雀科","Certhia","旋木雀属","Certhia_tianquanensis",NA,NA,NA,"Certhia_tianquanensis",TRUE,FALSE,FALSE,"Exact match"
"Chloropsis aurifrons","金额叶鹎","Passeriformes","雀形目","Chloropseidae","叶鹎科","Chloropsis","叶鹎属","Chloropsis_aurifrons",NA,NA,NA,"Chloropsis_aurifrons",TRUE,FALSE,FALSE,"Exact match"
"Chloropsis cochinchinensis","蓝翅叶鹎","Passeriformes","雀形目","Chloropseidae","叶鹎科","Chloropsis","叶鹎属","Chloropsis_cochinchinensis",NA,NA,NA,"Chloropsis_cochinchinensis",TRUE,FALSE,FALSE,"Exact match"
"Chloropsis hardwickii","西南橙腹叶鹎","Passeriformes","雀形目","Chloropseidae","叶鹎科","Chloropsis","叶鹎属","Chloropsis_hardwickii",NA,NA,NA,"Chloropsis_hardwickii",TRUE,FALSE,FALSE,"Exact match"
"Chloropsis lazulina","橙腹叶鹎","Passeriformes","雀形目","Chloropseidae","叶鹎科","Chloropsis","叶鹎属","Chloropsis_lazulina",NA,NA,NA,"Chloropsis_lazulina",FALSE,FALSE,TRUE,"Unresolved"
"Cinclus cinclus","河乌","Passeriformes","雀形目","Cinclidae","河乌科","Cinclus","河乌属","Cinclus_cinclus",NA,NA,NA,"Cinclus_cinclus",TRUE,FALSE,FALSE,"Exact match"
"Cinclus pallasii","褐河乌","Passeriformes","雀形目","Cinclidae","河乌科","Cinclus","河乌属","Cinclus_pallasii",NA,NA,NA,"Cinclus_pallasii",TRUE,FALSE,FALSE,"Exact match"
"Cisticola exilis","金头扇尾莺","Passeriformes","雀形目","Cisticolidae","扇尾莺科","Cisticola","扇尾莺属","Cisticola_exilis",NA,NA,NA,"Cisticola_exilis",TRUE,FALSE,FALSE,"Exact match"
"Cisticola juncidis","棕扇尾莺","Passeriformes","雀形目","Cisticolidae","扇尾莺科","Cisticola","扇尾莺属","Cisticola_juncidis",NA,NA,NA,"Cisticola_juncidis",TRUE,FALSE,FALSE,"Exact match"
"Orthotomus atrogularis","黑喉缝叶莺","Passeriformes","雀形目","Cisticolidae","扇尾莺科","Orthotomus","缝叶莺属","Orthotomus_atrogularis",NA,NA,NA,"Orthotomus_atrogularis",TRUE,FALSE,FALSE,"Exact match"
"Orthotomus sutorius","长尾缝叶莺","Passeriformes","雀形目","Cisticolidae","扇尾莺科","Orthotomus","缝叶莺属","Orthotomus_sutorius",NA,NA,NA,"Orthotomus_sutorius",TRUE,FALSE,FALSE,"Exact match"
"Prinia atrogularis","黑喉山鹪莺","Passeriformes","雀形目","Cisticolidae","扇尾莺科","Prinia","鹪莺属","Prinia_atrogularis",NA,NA,NA,"Prinia_atrogularis",TRUE,FALSE,FALSE,"Exact match"
"Prinia crinigera","喜山山鹪莺","Passeriformes","雀形目","Cisticolidae","扇尾莺科","Prinia","鹪莺属","Prinia_crinigera",NA,NA,NA,"Prinia_crinigera",TRUE,FALSE,FALSE,"Exact match"
"Prinia flaviventris","黄腹山鹪莺","Passeriformes","雀形目","Cisticolidae","扇尾莺科","Prinia","鹪莺属","Prinia_flaviventris",NA,NA,NA,"Prinia_flaviventris",TRUE,FALSE,FALSE,"Exact match"
"Prinia hodgsonii","灰胸山鹪莺","Passeriformes","雀形目","Cisticolidae","扇尾莺科","Prinia","鹪莺属","Prinia_hodgsonii",NA,NA,NA,"Prinia_hodgsonii",TRUE,FALSE,FALSE,"Exact match"
"Prinia inornata","纯色山鹪莺","Passeriformes","雀形目","Cisticolidae","扇尾莺科","Prinia","鹪莺属","Prinia_inornata",NA,NA,NA,"Prinia_inornata",TRUE,FALSE,FALSE,"Exact match"
"Prinia rufescens","暗冕山鹪莺","Passeriformes","雀形目","Cisticolidae","扇尾莺科","Prinia","鹪莺属","Prinia_rufescens",NA,NA,NA,"Prinia_rufescens",TRUE,FALSE,FALSE,"Exact match"
"Prinia striata","山鹪莺","Passeriformes","雀形目","Cisticolidae","扇尾莺科","Prinia","鹪莺属","Prinia_striata",NA,NA,NA,"Prinia_striata",TRUE,FALSE,FALSE,"Exact match"
"Prinia superciliaris","白喉山鹪莺","Passeriformes","雀形目","Cisticolidae","扇尾莺科","Prinia","鹪莺属","Prinia_superciliaris",NA,NA,NA,"Prinia_superciliaris",TRUE,FALSE,FALSE,"Exact match"
"Cissa chinensis","蓝绿鹊","Passeriformes","雀形目","Corvidae","鸦科","Cissa","绿鹊属","Cissa_chinensis",NA,NA,NA,"Cissa_chinensis",TRUE,FALSE,FALSE,"Exact match"
"Cissa hypoleuca","黄胸绿鹊","Passeriformes","雀形目","Corvidae","鸦科","Cissa","绿鹊属","Cissa_hypoleuca",NA,NA,NA,"Cissa_hypoleuca",TRUE,FALSE,FALSE,"Exact match"
"Corvus corax","渡鸦","Passeriformes","雀形目","Corvidae","鸦科","Corvus","鸦属","Corvus_corax",NA,NA,NA,"Corvus_corax",TRUE,FALSE,FALSE,"Exact match"
"Corvus cornix","冠小嘴乌鸦","Passeriformes","雀形目","Corvidae","鸦科","Corvus","鸦属","Corvus_cornix",NA,NA,NA,"Corvus_cornix",TRUE,FALSE,FALSE,"Exact match"
"Corvus corone","小嘴乌鸦","Passeriformes","雀形目","Corvidae","鸦科","Corvus","鸦属","Corvus_corone",NA,NA,NA,"Corvus_corone",TRUE,FALSE,FALSE,"Exact match"
"Corvus dauuricus","达乌里寒鸦","Passeriformes","雀形目","Corvidae","鸦科","Corvus","鸦属","Corvus_dauuricus",NA,NA,NA,"Corvus_dauuricus",TRUE,FALSE,FALSE,"Exact match"
"Corvus frugilegus","秃鼻乌鸦","Passeriformes","雀形目","Corvidae","鸦科","Corvus","鸦属","Corvus_frugilegus",NA,NA,NA,"Corvus_frugilegus",TRUE,FALSE,FALSE,"Exact match"
"Corvus macrorhynchos","大嘴乌鸦","Passeriformes","雀形目","Corvidae","鸦科","Corvus","鸦属","Corvus_macrorhynchos",NA,NA,NA,"Corvus_macrorhynchos",TRUE,FALSE,FALSE,"Exact match"
"Corvus monedula","寒鸦","Passeriformes","雀形目","Corvidae","鸦科","Corvus","鸦属","Corvus_monedula",NA,NA,NA,"Corvus_monedula",TRUE,FALSE,FALSE,"Exact match"
"Corvus pectoralis","白颈鸦","Passeriformes","雀形目","Corvidae","鸦科","Corvus","鸦属","Corvus_pectoralis",NA,NA,NA,"Corvus_pectoralis",TRUE,FALSE,FALSE,"Exact match"
"Corvus splendens","家鸦","Passeriformes","雀形目","Corvidae","鸦科","Corvus","鸦属","Corvus_splendens",NA,NA,NA,"Corvus_splendens",TRUE,FALSE,FALSE,"Exact match"
"Cyanopica cyanus","灰喜鹊","Passeriformes","雀形目","Corvidae","鸦科","Cyanopica","灰喜鹊属","Cyanopica_cyanus",NA,NA,NA,"Cyanopica_cyanus",TRUE,FALSE,FALSE,"Exact match"
"Dendrocitta formosae","灰树鹊","Passeriformes","雀形目","Corvidae","鸦科","Dendrocitta","树鹊属","Dendrocitta_formosae",NA,NA,NA,"Dendrocitta_formosae",TRUE,FALSE,FALSE,"Exact match"
"Dendrocitta frontalis","黑额树鹊","Passeriformes","雀形目","Corvidae","鸦科","Dendrocitta","树鹊属","Dendrocitta_frontalis",NA,NA,NA,"Dendrocitta_frontalis",TRUE,FALSE,FALSE,"Exact match"
"Dendrocitta vagabunda","棕腹树鹊","Passeriformes","雀形目","Corvidae","鸦科","Dendrocitta","树鹊属","Dendrocitta_vagabunda",NA,NA,NA,"Dendrocitta_vagabunda",TRUE,FALSE,FALSE,"Exact match"
"Garrulus glandarius","松鸦","Passeriformes","雀形目","Corvidae","鸦科","Garrulus","松鸦属","Garrulus_glandarius",NA,NA,NA,"Garrulus_glandarius",TRUE,FALSE,FALSE,"Exact match"
"Nucifraga caryocatactes","星鸦","Passeriformes","雀形目","Corvidae","鸦科","Nucifraga","星鸦属","Nucifraga_caryocatactes",NA,NA,NA,"Nucifraga_caryocatactes",TRUE,FALSE,FALSE,"Exact match"
"Perisoreus infaustus","北噪鸦","Passeriformes","雀形目","Corvidae","鸦科","Perisoreus","噪鸦属","Perisoreus_infaustus",NA,NA,NA,"Perisoreus_infaustus",TRUE,FALSE,FALSE,"Exact match"
"Perisoreus internigrans","黑头噪鸦","Passeriformes","雀形目","Corvidae","鸦科","Perisoreus","噪鸦属","Perisoreus_internigrans",NA,NA,NA,"Perisoreus_internigrans",TRUE,FALSE,FALSE,"Exact match"
"Pica bottanensis","青藏喜鹊","Passeriformes","雀形目","Corvidae","鸦科","Pica","鹊属","Pica_bottanensis",NA,NA,NA,"Pica_bottanensis",TRUE,FALSE,FALSE,"Exact match"
"Pica pica","欧亚喜鹊","Passeriformes","雀形目","Corvidae","鸦科","Pica","鹊属","Pica_pica",NA,NA,NA,"Pica_pica",TRUE,FALSE,FALSE,"Exact match"
"Pica serica","喜鹊","Passeriformes","雀形目","Corvidae","鸦科","Pica","鹊属","Pica_serica",NA,NA,NA,"Pica_serica",TRUE,FALSE,FALSE,"Exact match"
"Podoces biddulphi","白尾地鸦","Passeriformes","雀形目","Corvidae","鸦科","Podoces","地鸦属","Podoces_biddulphi",NA,NA,NA,"Podoces_biddulphi",TRUE,FALSE,FALSE,"Exact match"
"Podoces hendersoni","黑尾地鸦","Passeriformes","雀形目","Corvidae","鸦科","Podoces","地鸦属","Podoces_hendersoni",NA,NA,NA,"Podoces_hendersoni",TRUE,FALSE,FALSE,"Exact match"
"Pyrrhocorax graculus","黄嘴山鸦","Passeriformes","雀形目","Corvidae","鸦科","Pyrrhocorax","山鸦属","Pyrrhocorax_graculus",NA,NA,NA,"Pyrrhocorax_graculus",TRUE,FALSE,FALSE,"Exact match"
"Pyrrhocorax pyrrhocorax","红嘴山鸦","Passeriformes","雀形目","Corvidae","鸦科","Pyrrhocorax","山鸦属","Pyrrhocorax_pyrrhocorax",NA,NA,NA,"Pyrrhocorax_pyrrhocorax",TRUE,FALSE,FALSE,"Exact match"
"Temnurus temnurus","塔尾树鹊","Passeriformes","雀形目","Corvidae","鸦科","Temnurus","塔尾树鹊属","Temnurus_temnurus",NA,NA,NA,"Temnurus_temnurus",TRUE,FALSE,FALSE,"Exact match"
"Urocissa caerulea","台湾蓝鹊","Passeriformes","雀形目","Corvidae","鸦科","Urocissa","蓝鹊属","Urocissa_caerulea",NA,NA,NA,"Urocissa_caerulea",TRUE,FALSE,FALSE,"Exact match"
"Urocissa erythroryncha","红嘴蓝鹊","Passeriformes","雀形目","Corvidae","鸦科","Urocissa","蓝鹊属","Urocissa_erythroryncha",NA,NA,NA,"Urocissa_erythroryncha",TRUE,FALSE,FALSE,"Exact match"
"Urocissa flavirostris","黄嘴蓝鹊","Passeriformes","雀形目","Corvidae","鸦科","Urocissa","蓝鹊属","Urocissa_flavirostris",NA,NA,NA,"Urocissa_flavirostris",TRUE,FALSE,FALSE,"Exact match"
"Urocissa whiteheadi","白翅蓝鹊","Passeriformes","雀形目","Corvidae","鸦科","Urocissa","蓝鹊属","Urocissa_whiteheadi",NA,NA,NA,"Urocissa_whiteheadi",TRUE,FALSE,FALSE,"Exact match"
"Dicaeum agile","厚嘴啄花鸟","Passeriformes","雀形目","Dicaeidae","啄花鸟科","Dicaeum","啄花鸟属","Dicaeum_agile",NA,NA,NA,"Dicaeum_agile",TRUE,FALSE,FALSE,"Exact match"
"Dicaeum chrysorrheum","黄臀啄花鸟","Passeriformes","雀形目","Dicaeidae","啄花鸟科","Dicaeum","啄花鸟属","Dicaeum_chrysorrheum",NA,NA,NA,"Dicaeum_chrysorrheum",TRUE,FALSE,FALSE,"Exact match"
"Dicaeum cruentatum","朱背啄花鸟","Passeriformes","雀形目","Dicaeidae","啄花鸟科","Dicaeum","啄花鸟属","Dicaeum_cruentatum",NA,NA,NA,"Dicaeum_cruentatum",TRUE,FALSE,FALSE,"Exact match"
"Dicaeum ignipectus","红胸啄花鸟","Passeriformes","雀形目","Dicaeidae","啄花鸟科","Dicaeum","啄花鸟属","Dicaeum_ignipectus",NA,NA,NA,"Dicaeum_ignipectus",TRUE,FALSE,FALSE,"Exact match"
"Dicaeum melanozanthum","黄腹啄花鸟","Passeriformes","雀形目","Dicaeidae","啄花鸟科","Dicaeum","啄花鸟属","Dicaeum_melanozanthum",NA,NA,NA,"Dicaeum_melanozanthum",TRUE,FALSE,FALSE,"Exact match"
"Dicaeum minullum","纯色啄花鸟","Passeriformes","雀形目","Dicaeidae","啄花鸟科","Dicaeum","啄花鸟属","Dicaeum_minullum",NA,NA,NA,"Dicaeum_minullum",TRUE,FALSE,FALSE,"Exact match"
"Dicrurus aeneus","古铜色卷尾","Passeriformes","雀形目","Dicruridae","卷尾科","Dicrurus","卷尾属","Dicrurus_aeneus",NA,NA,NA,"Dicrurus_aeneus",TRUE,FALSE,FALSE,"Exact match"
"Dicrurus annectens","鸦嘴卷尾","Passeriformes","雀形目","Dicruridae","卷尾科","Dicrurus","卷尾属","Dicrurus_annectens",NA,NA,NA,"Dicrurus_annectens",TRUE,FALSE,FALSE,"Exact match"
"Dicrurus hottentottus","发冠卷尾","Passeriformes","雀形目","Dicruridae","卷尾科","Dicrurus","卷尾属","Dicrurus_hottentottus",NA,NA,NA,"Dicrurus_hottentottus",TRUE,FALSE,FALSE,"Exact match"
"Dicrurus leucophaeus","灰卷尾","Passeriformes","雀形目","Dicruridae","卷尾科","Dicrurus","卷尾属","Dicrurus_leucophaeus",NA,NA,NA,"Dicrurus_leucophaeus",TRUE,FALSE,FALSE,"Exact match"
"Dicrurus macrocercus","黑卷尾","Passeriformes","雀形目","Dicruridae","卷尾科","Dicrurus","卷尾属","Dicrurus_macrocercus",NA,NA,NA,"Dicrurus_macrocercus",TRUE,FALSE,FALSE,"Exact match"
"Dicrurus paradiseus","大盘尾","Passeriformes","雀形目","Dicruridae","卷尾科","Dicrurus","卷尾属","Dicrurus_paradiseus",NA,NA,NA,"Dicrurus_paradiseus",TRUE,FALSE,FALSE,"Exact match"
"Dicrurus remifer","小盘尾","Passeriformes","雀形目","Dicruridae","卷尾科","Dicrurus","卷尾属","Dicrurus_remifer",NA,NA,NA,"Dicrurus_remifer",TRUE,FALSE,FALSE,"Exact match"
"Elachura formosa","丽星鹩鹛","Passeriformes","雀形目","Elachuridae","丽星鹩鹛科","Elachura",NA,"Elachura_formosa",NA,NA,NA,"Elachura_formosa",TRUE,FALSE,FALSE,"Exact match"
"Emberiza aureola","黄胸鹀","Passeriformes","雀形目","Emberizidae","鹀科","Emberiza","鹀属","Emberiza_aureola",NA,NA,NA,"Emberiza_aureola",TRUE,FALSE,FALSE,"Exact match"
"Emberiza bruniceps","褐头鹀","Passeriformes","雀形目","Emberizidae","鹀科","Emberiza","鹀属","Emberiza_bruniceps",NA,NA,NA,"Emberiza_bruniceps",TRUE,FALSE,FALSE,"Exact match"
"Emberiza buchanani","灰颈鹀","Passeriformes","雀形目","Emberizidae","鹀科","Emberiza","鹀属","Emberiza_buchanani",NA,NA,NA,"Emberiza_buchanani",TRUE,FALSE,FALSE,"Exact match"
"Emberiza calandra","黍鹀","Passeriformes","雀形目","Emberizidae","鹀科","Emberiza","鹀属","Emberiza_calandra",NA,NA,NA,"Emberiza_calandra",TRUE,FALSE,FALSE,"Exact match"
"Emberiza chrysophrys","黄眉鹀","Passeriformes","雀形目","Emberizidae","鹀科","Emberiza","鹀属","Emberiza_chrysophrys",NA,NA,NA,"Emberiza_chrysophrys",TRUE,FALSE,FALSE,"Exact match"
"Emberiza cia","淡灰眉岩鹀","Passeriformes","雀形目","Emberizidae","鹀科","Emberiza","鹀属","Emberiza_cia",NA,NA,NA,"Emberiza_cia",TRUE,FALSE,FALSE,"Exact match"
"Emberiza cioides","三道眉草鹀","Passeriformes","雀形目","Emberizidae","鹀科","Emberiza","鹀属","Emberiza_cioides",NA,NA,NA,"Emberiza_cioides",TRUE,FALSE,FALSE,"Exact match"
"Emberiza citrinella","黄鹀","Passeriformes","雀形目","Emberizidae","鹀科","Emberiza","鹀属","Emberiza_citrinella",NA,NA,NA,"Emberiza_citrinella",TRUE,FALSE,FALSE,"Exact match"
"Emberiza elegans","黄喉鹀","Passeriformes","雀形目","Emberizidae","鹀科","Emberiza","鹀属","Emberiza_elegans",NA,NA,NA,"Emberiza_elegans",TRUE,FALSE,FALSE,"Exact match"
"Emberiza fucata","栗耳鹀","Passeriformes","雀形目","Emberizidae","鹀科","Emberiza","鹀属","Emberiza_fucata",NA,NA,NA,"Emberiza_fucata",TRUE,FALSE,FALSE,"Exact match"
"Emberiza godlewskii","灰眉岩鹀","Passeriformes","雀形目","Emberizidae","鹀科","Emberiza","鹀属","Emberiza_godlewskii",NA,NA,NA,"Emberiza_godlewskii",TRUE,FALSE,FALSE,"Exact match"
"Emberiza hortulana","圃鹀","Passeriformes","雀形目","Emberizidae","鹀科","Emberiza","鹀属","Emberiza_hortulana",NA,NA,NA,"Emberiza_hortulana",TRUE,FALSE,FALSE,"Exact match"
"Emberiza jankowskii","栗斑腹鹀","Passeriformes","雀形目","Emberizidae","鹀科","Emberiza","鹀属","Emberiza_jankowskii",NA,NA,NA,"Emberiza_jankowskii",TRUE,FALSE,FALSE,"Exact match"
"Emberiza koslowi","藏鹀","Passeriformes","雀形目","Emberizidae","鹀科","Emberiza","鹀属","Emberiza_koslowi",NA,NA,NA,"Emberiza_koslowi",TRUE,FALSE,FALSE,"Exact match"
"Emberiza lathami","凤头鹀","Passeriformes","雀形目","Emberizidae","鹀科","Emberiza","鹀属","Emberiza_lathami",NA,NA,NA,"Emberiza_lathami",TRUE,FALSE,FALSE,"Exact match"
"Emberiza leucocephalos","白头鹀","Passeriformes","雀形目","Emberizidae","鹀科","Emberiza","鹀属","Emberiza_leucocephalos",NA,NA,NA,"Emberiza_leucocephalos",TRUE,FALSE,FALSE,"Exact match"
"Emberiza melanocephala","黑头鹀","Passeriformes","雀形目","Emberizidae","鹀科","Emberiza","鹀属","Emberiza_melanocephala",NA,NA,NA,"Emberiza_melanocephala",TRUE,FALSE,FALSE,"Exact match"
"Emberiza pallasi","苇鹀","Passeriformes","雀形目","Emberizidae","鹀科","Emberiza","鹀属","Emberiza_pallasi",NA,NA,NA,"Emberiza_pallasi",TRUE,FALSE,FALSE,"Exact match"
"Emberiza personata","日本灰头鹀","Passeriformes","雀形目","Emberizidae","鹀科","Emberiza","鹀属","Emberiza_personata",NA,NA,NA,"Emberiza_personata",TRUE,FALSE,FALSE,"Exact match"
"Emberiza pusilla","小鹀","Passeriformes","雀形目","Emberizidae","鹀科","Emberiza","鹀属","Emberiza_pusilla",NA,NA,NA,"Emberiza_pusilla",TRUE,FALSE,FALSE,"Exact match"
"Emberiza rustica","田鹀","Passeriformes","雀形目","Emberizidae","鹀科","Emberiza","鹀属","Emberiza_rustica",NA,NA,NA,"Emberiza_rustica",TRUE,FALSE,FALSE,"Exact match"
"Emberiza rutila","栗鹀","Passeriformes","雀形目","Emberizidae","鹀科","Emberiza","鹀属","Emberiza_rutila",NA,NA,NA,"Emberiza_rutila",TRUE,FALSE,FALSE,"Exact match"
"Emberiza schoeniclus","芦鹀","Passeriformes","雀形目","Emberizidae","鹀科","Emberiza","鹀属","Emberiza_schoeniclus",NA,NA,NA,"Emberiza_schoeniclus",TRUE,FALSE,FALSE,"Exact match"
"Emberiza siemsseni","蓝鹀","Passeriformes","雀形目","Emberizidae","鹀科","Emberiza","鹀属","Emberiza_siemsseni",NA,NA,NA,"Emberiza_siemsseni",TRUE,FALSE,FALSE,"Exact match"
"Emberiza spodocephala","灰头鹀","Passeriformes","雀形目","Emberizidae","鹀科","Emberiza","鹀属","Emberiza_spodocephala",NA,NA,NA,"Emberiza_spodocephala",TRUE,FALSE,FALSE,"Exact match"
"Emberiza stewarti","白顶鹀","Passeriformes","雀形目","Emberizidae","鹀科","Emberiza","鹀属","Emberiza_stewarti",NA,NA,NA,"Emberiza_stewarti",TRUE,FALSE,FALSE,"Exact match"
"Emberiza sulphurata","硫黄鹀","Passeriformes","雀形目","Emberizidae","鹀科","Emberiza","鹀属","Emberiza_sulphurata",NA,NA,NA,"Emberiza_sulphurata",TRUE,FALSE,FALSE,"Exact match"
"Emberiza tristrami","白眉鹀","Passeriformes","雀形目","Emberizidae","鹀科","Emberiza","鹀属","Emberiza_tristrami",NA,NA,NA,"Emberiza_tristrami",TRUE,FALSE,FALSE,"Exact match"
"Emberiza variabilis","灰鹀","Passeriformes","雀形目","Emberizidae","鹀科","Emberiza","鹀属","Emberiza_variabilis",NA,NA,NA,"Emberiza_variabilis",TRUE,FALSE,FALSE,"Exact match"
"Emberiza yessoensis","红颈苇鹀","Passeriformes","雀形目","Emberizidae","鹀科","Emberiza","鹀属","Emberiza_yessoensis",NA,NA,NA,"Emberiza_yessoensis",TRUE,FALSE,FALSE,"Exact match"
"Emberiza yunnanensis","西南灰眉岩鹀","Passeriformes","雀形目","Emberizidae","鹀科","Emberiza","鹀属","Emberiza_yunnanensis",NA,NA,NA,"Emberiza_yunnanensis",FALSE,FALSE,TRUE,"Unresolved"
"Amandava amandava","红梅花雀","Passeriformes","雀形目","Estrildidae","梅花雀科","Amandava",NA,"Amandava_amandava",NA,NA,NA,"Amandava_amandava",TRUE,FALSE,FALSE,"Exact match"
"Erythrura prasina","长尾鹦雀","Passeriformes","雀形目","Estrildidae","梅花雀科","Erythrura",NA,"Erythrura_prasina",NA,NA,NA,"Erythrura_prasina",TRUE,FALSE,FALSE,"Exact match"
"Estrilda melpoda","橙颊梅花雀","Passeriformes","雀形目","Estrildidae","梅花雀科","Estrilda","梅花雀属","Estrilda_melpoda",NA,NA,NA,"Estrilda_melpoda",TRUE,FALSE,FALSE,"Exact match"
"Euodice malabarica","白喉文鸟","Passeriformes","雀形目","Estrildidae","梅花雀科","Euodice",NA,"Euodice_malabarica",NA,NA,NA,"Euodice_malabarica",TRUE,FALSE,FALSE,"Exact match"
"Lonchura atricapilla","栗腹文鸟","Passeriformes","雀形目","Estrildidae","梅花雀科","Lonchura","文鸟属","Lonchura_atricapilla",NA,NA,NA,"Lonchura_atricapilla",TRUE,FALSE,FALSE,"Exact match"
"Lonchura oryzivora","禾雀","Passeriformes","雀形目","Estrildidae","梅花雀科","Lonchura","文鸟属","Lonchura_oryzivora",NA,NA,NA,"Lonchura_oryzivora",FALSE,FALSE,TRUE,"Unresolved"
"Lonchura punctulata","斑文鸟","Passeriformes","雀形目","Estrildidae","梅花雀科","Lonchura","文鸟属","Lonchura_punctulata",NA,NA,NA,"Lonchura_punctulata",TRUE,FALSE,FALSE,"Exact match"
"Lonchura striata","白腰文鸟","Passeriformes","雀形目","Estrildidae","梅花雀科","Lonchura","文鸟属","Lonchura_striata",NA,NA,NA,"Lonchura_striata",TRUE,FALSE,FALSE,"Exact match"
"Psarisomus dalhousiae","长尾阔嘴鸟","Passeriformes","雀形目","Eurylaimidae","阔嘴鸟科","Psarisomus","阔嘴鸟属","Psarisomus_dalhousiae",NA,NA,NA,"Psarisomus_dalhousiae",TRUE,FALSE,FALSE,"Exact match"
"Serilophus lunatus","银胸丝冠鸟","Passeriformes","雀形目","Eurylaimidae","阔嘴鸟科","Serilophus","丝冠鸟属","Serilophus_lunatus",NA,NA,NA,"Serilophus_lunatus",TRUE,FALSE,FALSE,"Exact match"
"Acanthis flammea","白腰朱顶雀","Passeriformes","雀形目","Fringillidae","燕雀科","Acanthis",NA,"Acanthis_flammea",NA,NA,NA,"Acanthis_flammea",TRUE,FALSE,FALSE,"Exact match"
"Acanthis hornemanni","极北朱顶雀","Passeriformes","雀形目","Fringillidae","燕雀科","Acanthis",NA,"Acanthis_hornemanni",NA,NA,NA,"Acanthis_hornemanni",TRUE,FALSE,FALSE,"Exact match"
"Agraphospiza rubescens","赤朱雀","Passeriformes","雀形目","Fringillidae","燕雀科","Agraphospiza",NA,"Agraphospiza_rubescens",NA,NA,NA,"Agraphospiza_rubescens",TRUE,FALSE,FALSE,"Exact match"
"Bucanetes mongolicus","蒙古沙雀","Passeriformes","雀形目","Fringillidae","燕雀科","Bucanetes",NA,"Bucanetes_mongolicus",NA,NA,NA,"Bucanetes_mongolicus",TRUE,FALSE,FALSE,"Exact match"
"Callacanthis burtoni","红眉金翅雀","Passeriformes","雀形目","Fringillidae","燕雀科","Callacanthis",NA,"Callacanthis_burtoni",NA,NA,NA,"Callacanthis_burtoni",TRUE,FALSE,FALSE,"Exact match"
"Carduelis carduelis","红额金翅雀","Passeriformes","雀形目","Fringillidae","燕雀科","Carduelis","金翅属","Carduelis_carduelis",NA,NA,NA,"Carduelis_carduelis",TRUE,FALSE,FALSE,"Exact match"
"Carpodacus davidianus","中华朱雀","Passeriformes","雀形目","Fringillidae","燕雀科","Carpodacus","朱雀属","Carpodacus_davidianus",NA,NA,NA,"Carpodacus_davidianus",TRUE,FALSE,FALSE,"Exact match"
"Carpodacus dubius","白眉朱雀","Passeriformes","雀形目","Fringillidae","燕雀科","Carpodacus","朱雀属","Carpodacus_dubius",NA,NA,NA,"Carpodacus_dubius",TRUE,FALSE,FALSE,"Exact match"
"Carpodacus edwardsii","棕朱雀","Passeriformes","雀形目","Fringillidae","燕雀科","Carpodacus","朱雀属","Carpodacus_edwardsii",NA,NA,NA,"Carpodacus_edwardsii",TRUE,FALSE,FALSE,"Exact match"
"Carpodacus erythrinus","普通朱雀","Passeriformes","雀形目","Fringillidae","燕雀科","Carpodacus","朱雀属","Carpodacus_erythrinus",NA,NA,NA,"Carpodacus_erythrinus",TRUE,FALSE,FALSE,"Exact match"
"Carpodacus formosanus","台湾酒红朱雀","Passeriformes","雀形目","Fringillidae","燕雀科","Carpodacus","朱雀属","Carpodacus_formosanus",NA,NA,NA,"Carpodacus_formosanus",TRUE,FALSE,FALSE,"Exact match"
"Carpodacus grandis","喜山红腰朱雀","Passeriformes","雀形目","Fringillidae","燕雀科","Carpodacus","朱雀属","Carpodacus_grandis",NA,NA,NA,"Carpodacus_grandis",TRUE,FALSE,FALSE,"Exact match"
"Carpodacus lepidus","中华长尾雀","Passeriformes","雀形目","Fringillidae","燕雀科","Carpodacus","朱雀属","Carpodacus_lepidus",NA,NA,NA,"Carpodacus_lepidus",FALSE,FALSE,TRUE,"Unresolved"
"Carpodacus pulcherrimus","红眉朱雀","Passeriformes","雀形目","Fringillidae","燕雀科","Carpodacus","朱雀属","Carpodacus_pulcherrimus",NA,NA,NA,"Carpodacus_pulcherrimus",TRUE,FALSE,FALSE,"Exact match"
"Carpodacus puniceus","红胸朱雀","Passeriformes","雀形目","Fringillidae","燕雀科","Carpodacus","朱雀属","Carpodacus_puniceus",NA,NA,NA,"Carpodacus_puniceus",TRUE,FALSE,FALSE,"Exact match"
"Carpodacus rhodochlamys","红腰朱雀","Passeriformes","雀形目","Fringillidae","燕雀科","Carpodacus","朱雀属","Carpodacus_rhodochlamys",NA,NA,NA,"Carpodacus_rhodochlamys",TRUE,FALSE,FALSE,"Exact match"
"Carpodacus roborowskii","藏雀","Passeriformes","雀形目","Fringillidae","燕雀科","Carpodacus","朱雀属","Carpodacus_roborowskii",NA,NA,NA,"Carpodacus_roborowskii",TRUE,FALSE,FALSE,"Exact match"
"Carpodacus rodochroa","粉眉朱雀","Passeriformes","雀形目","Fringillidae","燕雀科","Carpodacus","朱雀属","Carpodacus_rodochroa",NA,NA,NA,"Carpodacus_rodochroa",TRUE,FALSE,FALSE,"Exact match"
"Carpodacus rodopeplus","点翅朱雀","Passeriformes","雀形目","Fringillidae","燕雀科","Carpodacus","朱雀属","Carpodacus_rodopeplus",NA,NA,NA,"Carpodacus_rodopeplus",TRUE,FALSE,FALSE,"Exact match"
"Carpodacus roseus","北朱雀","Passeriformes","雀形目","Fringillidae","燕雀科","Carpodacus","朱雀属","Carpodacus_roseus",NA,NA,NA,"Carpodacus_roseus",TRUE,FALSE,FALSE,"Exact match"
"Carpodacus rubicilla","大朱雀","Passeriformes","雀形目","Fringillidae","燕雀科","Carpodacus","朱雀属","Carpodacus_rubicilla",NA,NA,NA,"Carpodacus_rubicilla",TRUE,FALSE,FALSE,"Exact match"
"Carpodacus rubicilloides","拟大朱雀","Passeriformes","雀形目","Fringillidae","燕雀科","Carpodacus","朱雀属","Carpodacus_rubicilloides",NA,NA,NA,"Carpodacus_rubicilloides",TRUE,FALSE,FALSE,"Exact match"
"Carpodacus sibiricus","长尾雀","Passeriformes","雀形目","Fringillidae","燕雀科","Carpodacus","朱雀属","Carpodacus_sibiricus",NA,NA,NA,"Carpodacus_sibiricus",TRUE,FALSE,FALSE,"Exact match"
"Carpodacus sillemi","褐头朱雀","Passeriformes","雀形目","Fringillidae","燕雀科","Carpodacus","朱雀属","Carpodacus_sillemi",NA,NA,NA,"Carpodacus_sillemi",TRUE,FALSE,FALSE,"Exact match"
"Carpodacus sipahi","血雀","Passeriformes","雀形目","Fringillidae","燕雀科","Carpodacus","朱雀属","Carpodacus_sipahi",NA,NA,NA,"Carpodacus_sipahi",TRUE,FALSE,FALSE,"Exact match"
"Carpodacus stoliczkae","沙色朱雀","Passeriformes","雀形目","Fringillidae","燕雀科","Carpodacus","朱雀属","Carpodacus_stoliczkae",NA,NA,NA,"Carpodacus_stoliczkae",TRUE,FALSE,FALSE,"Exact match"
"Carpodacus subhimachalus","红眉松雀","Passeriformes","雀形目","Fringillidae","燕雀科","Carpodacus","朱雀属","Carpodacus_subhimachalus",NA,NA,NA,"Carpodacus_subhimachalus",TRUE,FALSE,FALSE,"Exact match"
"Carpodacus thura","喜山白眉朱雀","Passeriformes","雀形目","Fringillidae","燕雀科","Carpodacus","朱雀属","Carpodacus_thura",NA,NA,NA,"Carpodacus_thura",TRUE,FALSE,FALSE,"Exact match"
"Carpodacus trifasciatus","斑翅朱雀","Passeriformes","雀形目","Fringillidae","燕雀科","Carpodacus","朱雀属","Carpodacus_trifasciatus",NA,NA,NA,"Carpodacus_trifasciatus",TRUE,FALSE,FALSE,"Exact match"
"Carpodacus verreauxii","淡腹点翅朱雀","Passeriformes","雀形目","Fringillidae","燕雀科","Carpodacus","朱雀属","Carpodacus_verreauxii",NA,NA,NA,"Carpodacus_verreauxii",TRUE,FALSE,FALSE,"Exact match"
"Carpodacus vinaceus","酒红朱雀","Passeriformes","雀形目","Fringillidae","燕雀科","Carpodacus","朱雀属","Carpodacus_vinaceus",NA,NA,NA,"Carpodacus_vinaceus",TRUE,FALSE,FALSE,"Exact match"
"Carpodacus waltoni","曙红朱雀","Passeriformes","雀形目","Fringillidae","燕雀科","Carpodacus","朱雀属","Carpodacus_waltoni",NA,NA,NA,"Carpodacus_waltoni",TRUE,FALSE,FALSE,"Exact match"
"Chloris ambigua","黑头金翅雀","Passeriformes","雀形目","Fringillidae","燕雀科","Chloris",NA,"Chloris_ambigua",NA,NA,NA,"Chloris_ambigua",TRUE,FALSE,FALSE,"Exact match"
"Chloris chloris","欧金翅雀","Passeriformes","雀形目","Fringillidae","燕雀科","Chloris",NA,"Chloris_chloris",NA,NA,NA,"Chloris_chloris",TRUE,FALSE,FALSE,"Exact match"
"Chloris sinica","金翅雀","Passeriformes","雀形目","Fringillidae","燕雀科","Chloris",NA,"Chloris_sinica",NA,NA,NA,"Chloris_sinica",TRUE,FALSE,FALSE,"Exact match"
"Chloris spinoides","高山金翅雀","Passeriformes","雀形目","Fringillidae","燕雀科","Chloris",NA,"Chloris_spinoides",NA,NA,NA,"Chloris_spinoides",TRUE,FALSE,FALSE,"Exact match"
"Coccothraustes coccothraustes","锡嘴雀","Passeriformes","雀形目","Fringillidae","燕雀科","Coccothraustes","锡嘴属","Coccothraustes_coccothraustes",NA,NA,NA,"Coccothraustes_coccothraustes",TRUE,FALSE,FALSE,"Exact match"
"Eophona migratoria","黑尾蜡嘴雀","Passeriformes","雀形目","Fringillidae","燕雀科","Eophona","蜡嘴属","Eophona_migratoria",NA,NA,NA,"Eophona_migratoria",TRUE,FALSE,FALSE,"Exact match"
"Eophona personata","黑头蜡嘴雀","Passeriformes","雀形目","Fringillidae","燕雀科","Eophona","蜡嘴属","Eophona_personata",NA,NA,NA,"Eophona_personata",TRUE,FALSE,FALSE,"Exact match"
"Fringilla coelebs","苍头燕雀","Passeriformes","雀形目","Fringillidae","燕雀科","Fringilla","燕雀属","Fringilla_coelebs",NA,NA,NA,"Fringilla_coelebs",TRUE,FALSE,FALSE,"Exact match"
"Fringilla montifringilla","燕雀","Passeriformes","雀形目","Fringillidae","燕雀科","Fringilla","燕雀属","Fringilla_montifringilla",NA,NA,NA,"Fringilla_montifringilla",TRUE,FALSE,FALSE,"Exact match"
"Leucosticte arctoa","粉红腹岭雀","Passeriformes","雀形目","Fringillidae","燕雀科","Leucosticte","岭雀属","Leucosticte_arctoa",NA,NA,NA,"Leucosticte_arctoa",TRUE,FALSE,FALSE,"Exact match"
"Leucosticte brandti","高山岭雀","Passeriformes","雀形目","Fringillidae","燕雀科","Leucosticte","岭雀属","Leucosticte_brandti",NA,NA,NA,"Leucosticte_brandti",TRUE,FALSE,FALSE,"Exact match"
"Leucosticte nemoricola","林岭雀","Passeriformes","雀形目","Fringillidae","燕雀科","Leucosticte","岭雀属","Leucosticte_nemoricola",NA,NA,NA,"Leucosticte_nemoricola",TRUE,FALSE,FALSE,"Exact match"
"Linaria cannabina","赤胸朱顶雀","Passeriformes","雀形目","Fringillidae","燕雀科","Linaria",NA,"Linaria_cannabina",NA,NA,NA,"Linaria_cannabina",TRUE,FALSE,FALSE,"Exact match"
"Linaria flavirostris","黄嘴朱顶雀","Passeriformes","雀形目","Fringillidae","燕雀科","Linaria",NA,"Linaria_flavirostris",NA,NA,NA,"Linaria_flavirostris",TRUE,FALSE,FALSE,"Exact match"
"Loxia curvirostra","红交嘴雀","Passeriformes","雀形目","Fringillidae","燕雀科","Loxia","交嘴雀属","Loxia_curvirostra",NA,NA,NA,"Loxia_curvirostra",TRUE,FALSE,FALSE,"Exact match"
"Loxia leucoptera","白翅交嘴雀","Passeriformes","雀形目","Fringillidae","燕雀科","Loxia","交嘴雀属","Loxia_leucoptera",NA,NA,NA,"Loxia_leucoptera",TRUE,FALSE,FALSE,"Exact match"
"Mycerobas affinis","黄颈拟蜡嘴雀","Passeriformes","雀形目","Fringillidae","燕雀科","Mycerobas","拟蜡嘴属","Mycerobas_affinis",NA,NA,NA,"Mycerobas_affinis",TRUE,FALSE,FALSE,"Exact match"
"Mycerobas carnipes","白斑翅拟蜡嘴雀","Passeriformes","雀形目","Fringillidae","燕雀科","Mycerobas","拟蜡嘴属","Mycerobas_carnipes",NA,NA,NA,"Mycerobas_carnipes",TRUE,FALSE,FALSE,"Exact match"
"Mycerobas melanozanthos","白点翅拟蜡嘴雀","Passeriformes","雀形目","Fringillidae","燕雀科","Mycerobas","拟蜡嘴属","Mycerobas_melanozanthos",NA,NA,NA,"Mycerobas_melanozanthos",TRUE,FALSE,FALSE,"Exact match"
"Pinicola enucleator","松雀","Passeriformes","雀形目","Fringillidae","燕雀科","Pinicola","松雀属","Pinicola_enucleator",NA,NA,NA,"Pinicola_enucleator",TRUE,FALSE,FALSE,"Exact match"
"Procarduelis nipalensis","暗胸朱雀","Passeriformes","雀形目","Fringillidae","燕雀科","Procarduelis",NA,"Procarduelis_nipalensis",NA,NA,NA,"Procarduelis_nipalensis",TRUE,FALSE,FALSE,"Exact match"
"Pyrrhoplectes epauletta","金枕黑雀","Passeriformes","雀形目","Fringillidae","燕雀科","Pyrrhoplectes","黑雀属","Pyrrhoplectes_epauletta",NA,NA,NA,"Pyrrhoplectes_epauletta",TRUE,FALSE,FALSE,"Exact match"
"Pyrrhula erythaca","灰头灰雀","Passeriformes","雀形目","Fringillidae","燕雀科","Pyrrhula","灰雀属","Pyrrhula_erythaca",NA,NA,NA,"Pyrrhula_erythaca",TRUE,FALSE,FALSE,"Exact match"
"Pyrrhula erythrocephala","红头灰雀","Passeriformes","雀形目","Fringillidae","燕雀科","Pyrrhula","灰雀属","Pyrrhula_erythrocephala",NA,NA,NA,"Pyrrhula_erythrocephala",TRUE,FALSE,FALSE,"Exact match"
"Pyrrhula nipalensis","褐灰雀","Passeriformes","雀形目","Fringillidae","燕雀科","Pyrrhula","灰雀属","Pyrrhula_nipalensis",NA,NA,NA,"Pyrrhula_nipalensis",TRUE,FALSE,FALSE,"Exact match"
"Pyrrhula owstnoi","台湾灰头灰雀","Passeriformes","雀形目","Fringillidae","燕雀科","Pyrrhula","灰雀属","Pyrrhula_owstnoi",NA,NA,NA,"Pyrrhula_owstnoi",FALSE,FALSE,TRUE,"Unresolved"
"Pyrrhula pyrrhula","红腹灰雀","Passeriformes","雀形目","Fringillidae","燕雀科","Pyrrhula","灰雀属","Pyrrhula_pyrrhula",NA,NA,NA,"Pyrrhula_pyrrhula",TRUE,FALSE,FALSE,"Exact match"
"Rhodopechys sanguineus","红翅沙雀","Passeriformes","雀形目","Fringillidae","燕雀科","Rhodopechys","沙雀属","Rhodopechys_sanguineus",NA,NA,NA,"Rhodopechys_sanguineus",TRUE,FALSE,FALSE,"Exact match"
"Rhodospiza obsoleta","巨嘴沙雀","Passeriformes","雀形目","Fringillidae","燕雀科","Rhodospiza",NA,"Rhodospiza_obsoleta",NA,NA,NA,"Rhodospiza_obsoleta",TRUE,FALSE,FALSE,"Exact match"
"Serinus pusillus","金额丝雀","Passeriformes","雀形目","Fringillidae","燕雀科","Serinus","丝雀属","Serinus_pusillus",NA,NA,NA,"Serinus_pusillus",TRUE,FALSE,FALSE,"Exact match"
"Spinus spinus","黄雀","Passeriformes","雀形目","Fringillidae","燕雀科","Spinus",NA,"Spinus_spinus",NA,NA,NA,"Spinus_spinus",TRUE,FALSE,FALSE,"Exact match"
"Spinus thibetanus","藏黄雀","Passeriformes","雀形目","Fringillidae","燕雀科","Spinus",NA,"Spinus_thibetanus",NA,NA,NA,"Spinus_thibetanus",TRUE,FALSE,FALSE,"Exact match"
"Cecropis daurica","金腰燕","Passeriformes","雀形目","Hirundinidae","燕科","Cecropis",NA,"Cecropis_daurica",NA,NA,NA,"Cecropis_daurica",TRUE,FALSE,FALSE,"Exact match"
"Cecropis striolata","斑腰燕","Passeriformes","雀形目","Hirundinidae","燕科","Cecropis",NA,"Cecropis_striolata",NA,NA,NA,"Cecropis_striolata",TRUE,FALSE,FALSE,"Exact match"
"Delichon dasypus","烟腹毛脚燕","Passeriformes","雀形目","Hirundinidae","燕科","Delichon","毛脚燕属","Delichon_dasypus",NA,NA,NA,"Delichon_dasypus",TRUE,FALSE,FALSE,"Exact match"
"Delichon nipalense","黑喉毛脚燕","Passeriformes","雀形目","Hirundinidae","燕科","Delichon","毛脚燕属","Delichon_nipalense",NA,NA,NA,"Delichon_nipalense",TRUE,FALSE,FALSE,"Exact match"
"Delichon urbicum","毛脚燕","Passeriformes","雀形目","Hirundinidae","燕科","Delichon","毛脚燕属","Delichon_urbicum",NA,NA,NA,"Delichon_urbicum",TRUE,FALSE,FALSE,"Exact match"
"Hirundo rustica","家燕","Passeriformes","雀形目","Hirundinidae","燕科","Hirundo","燕属","Hirundo_rustica",NA,NA,NA,"Hirundo_rustica",TRUE,FALSE,FALSE,"Exact match"
"Hirundo smithii","线尾燕","Passeriformes","雀形目","Hirundinidae","燕科","Hirundo","燕属","Hirundo_smithii",NA,NA,NA,"Hirundo_smithii",TRUE,FALSE,FALSE,"Exact match"
"Hirundo tahitica","洋燕","Passeriformes","雀形目","Hirundinidae","燕科","Hirundo","燕属","Hirundo_tahitica",NA,NA,NA,"Hirundo_tahitica",TRUE,FALSE,FALSE,"Exact match"
"Petrochelidon fluvicola","黄额燕","Passeriformes","雀形目","Hirundinidae","燕科","Petrochelidon",NA,"Petrochelidon_fluvicola",NA,NA,NA,"Petrochelidon_fluvicola",TRUE,FALSE,FALSE,"Exact match"
"Ptyonoprogne concolor","纯色岩燕","Passeriformes","雀形目","Hirundinidae","燕科","Ptyonoprogne","岩燕属","Ptyonoprogne_concolor",NA,NA,NA,"Ptyonoprogne_concolor",TRUE,FALSE,FALSE,"Exact match"
"Ptyonoprogne rupestris","岩燕","Passeriformes","雀形目","Hirundinidae","燕科","Ptyonoprogne","岩燕属","Ptyonoprogne_rupestris",NA,NA,NA,"Ptyonoprogne_rupestris",TRUE,FALSE,FALSE,"Exact match"
"Riparia chinensis","灰喉沙燕","Passeriformes","雀形目","Hirundinidae","燕科","Riparia","沙燕属","Riparia_chinensis",NA,NA,NA,"Riparia_chinensis",TRUE,FALSE,FALSE,"Exact match"
"Riparia diluta","淡色崖沙燕","Passeriformes","雀形目","Hirundinidae","燕科","Riparia","沙燕属","Riparia_diluta",NA,NA,NA,"Riparia_diluta",TRUE,FALSE,FALSE,"Exact match"
"Riparia riparia","崖沙燕","Passeriformes","雀形目","Hirundinidae","燕科","Riparia","沙燕属","Riparia_riparia",NA,NA,NA,"Riparia_riparia",TRUE,FALSE,FALSE,"Exact match"
"Irena puella","和平鸟","Passeriformes","雀形目","Irenidae","和平鸟科","Irena","和平鸟属","Irena_puella",NA,NA,NA,"Irena_puella",TRUE,FALSE,FALSE,"Exact match"
"Lanius borealis","灰伯劳","Passeriformes","雀形目","Laniidae","伯劳科","Lanius","伯劳属","Lanius_borealis",NA,NA,NA,"Lanius_borealis",TRUE,FALSE,FALSE,"Exact match"
"Lanius bucephalus","牛头伯劳","Passeriformes","雀形目","Laniidae","伯劳科","Lanius","伯劳属","Lanius_bucephalus",NA,NA,NA,"Lanius_bucephalus",TRUE,FALSE,FALSE,"Exact match"
"Lanius collurio","红背伯劳","Passeriformes","雀形目","Laniidae","伯劳科","Lanius","伯劳属","Lanius_collurio",NA,NA,NA,"Lanius_collurio",TRUE,FALSE,FALSE,"Exact match"
"Lanius collurioides","栗背伯劳","Passeriformes","雀形目","Laniidae","伯劳科","Lanius","伯劳属","Lanius_collurioides",NA,NA,NA,"Lanius_collurioides",TRUE,FALSE,FALSE,"Exact match"
"Lanius cristatus","红尾伯劳","Passeriformes","雀形目","Laniidae","伯劳科","Lanius","伯劳属","Lanius_cristatus",NA,NA,NA,"Lanius_cristatus",TRUE,FALSE,FALSE,"Exact match"
"Lanius excubitor","西灰伯劳","Passeriformes","雀形目","Laniidae","伯劳科","Lanius","伯劳属","Lanius_excubitor",NA,NA,NA,"Lanius_excubitor",TRUE,FALSE,FALSE,"Exact match"
"Lanius giganteus","青藏楔尾伯劳","Passeriformes","雀形目","Laniidae","伯劳科","Lanius","伯劳属","Lanius_giganteus",NA,NA,NA,"Lanius_giganteus",TRUE,FALSE,FALSE,"Exact match"
"Lanius isabellinus","荒漠伯劳","Passeriformes","雀形目","Laniidae","伯劳科","Lanius","伯劳属","Lanius_isabellinus",NA,NA,NA,"Lanius_isabellinus",TRUE,FALSE,FALSE,"Exact match"
"Lanius minor","黑额伯劳","Passeriformes","雀形目","Laniidae","伯劳科","Lanius","伯劳属","Lanius_minor",NA,NA,NA,"Lanius_minor",TRUE,FALSE,FALSE,"Exact match"
"Lanius phoenicuroides","棕尾伯劳","Passeriformes","雀形目","Laniidae","伯劳科","Lanius","伯劳属","Lanius_phoenicuroides",NA,NA,NA,"Lanius_phoenicuroides",TRUE,FALSE,FALSE,"Exact match"
"Lanius schach","棕背伯劳","Passeriformes","雀形目","Laniidae","伯劳科","Lanius","伯劳属","Lanius_schach",NA,NA,NA,"Lanius_schach",TRUE,FALSE,FALSE,"Exact match"
"Lanius sphenocercus","楔尾伯劳","Passeriformes","雀形目","Laniidae","伯劳科","Lanius","伯劳属","Lanius_sphenocercus",NA,NA,NA,"Lanius_sphenocercus",TRUE,FALSE,FALSE,"Exact match"
"Lanius tephronotus","灰背伯劳","Passeriformes","雀形目","Laniidae","伯劳科","Lanius","伯劳属","Lanius_tephronotus",NA,NA,NA,"Lanius_tephronotus",TRUE,FALSE,FALSE,"Exact match"
"Lanius tigrinus","虎纹伯劳","Passeriformes","雀形目","Laniidae","伯劳科","Lanius","伯劳属","Lanius_tigrinus",NA,NA,NA,"Lanius_tigrinus",TRUE,FALSE,FALSE,"Exact match"
"Lanius vittatus","褐背伯劳","Passeriformes","雀形目","Laniidae","伯劳科","Lanius","伯劳属","Lanius_vittatus",NA,NA,NA,"Lanius_vittatus",TRUE,FALSE,FALSE,"Exact match"
"Actinodura cyanouroptera","蓝翅希鹛","Passeriformes","雀形目","Leiothrichidae","噪鹛科","Actinodura","斑翅鹛属","Actinodura_cyanouroptera",NA,NA,NA,"Actinodura_cyanouroptera",TRUE,FALSE,FALSE,"Exact match"
"Actinodura egertoni","栗额斑翅鹛","Passeriformes","雀形目","Leiothrichidae","噪鹛科","Actinodura","斑翅鹛属","Actinodura_egertoni",NA,NA,NA,"Actinodura_egertoni",TRUE,FALSE,FALSE,"Exact match"
"Actinodura morrisoniana","台湾斑翅鹛","Passeriformes","雀形目","Leiothrichidae","噪鹛科","Actinodura","斑翅鹛属","Actinodura_morrisoniana",NA,NA,NA,"Actinodura_morrisoniana",TRUE,FALSE,FALSE,"Exact match"
"Actinodura nipalensis","纹头斑翅鹛","Passeriformes","雀形目","Leiothrichidae","噪鹛科","Actinodura","斑翅鹛属","Actinodura_nipalensis",NA,NA,NA,"Actinodura_nipalensis",TRUE,FALSE,FALSE,"Exact match"
"Actinodura ramsayi","白眶斑翅鹛","Passeriformes","雀形目","Leiothrichidae","噪鹛科","Actinodura","斑翅鹛属","Actinodura_ramsayi",NA,NA,NA,"Actinodura_ramsayi",TRUE,FALSE,FALSE,"Exact match"
"Actinodura souliei","灰头斑翅鹛","Passeriformes","雀形目","Leiothrichidae","噪鹛科","Actinodura","斑翅鹛属","Actinodura_souliei",NA,NA,NA,"Actinodura_souliei",TRUE,FALSE,FALSE,"Exact match"
"Actinodura strigula","斑喉希鹛","Passeriformes","雀形目","Leiothrichidae","噪鹛科","Actinodura","斑翅鹛属","Actinodura_strigula",NA,NA,NA,"Actinodura_strigula",TRUE,FALSE,FALSE,"Exact match"
"Actinodura waldeni","纹胸斑翅鹛","Passeriformes","雀形目","Leiothrichidae","噪鹛科","Actinodura","斑翅鹛属","Actinodura_waldeni",NA,NA,NA,"Actinodura_waldeni",TRUE,FALSE,FALSE,"Exact match"
"Cutia nipalensis","斑胁姬鹛","Passeriformes","雀形目","Leiothrichidae","噪鹛科","Cutia","姬鹛属","Cutia_nipalensis",NA,NA,NA,"Cutia_nipalensis",TRUE,FALSE,FALSE,"Exact match"
"Garrulax canorus","画眉","Passeriformes","雀形目","Leiothrichidae","噪鹛科","Garrulax","噪鹛属","Garrulax_canorus",NA,NA,NA,"Garrulax_canorus",TRUE,FALSE,FALSE,"Exact match"
"Garrulax castanotis","栗颊噪鹛","Passeriformes","雀形目","Leiothrichidae","噪鹛科","Garrulax","噪鹛属","Garrulax_castanotis",NA,NA,NA,"Garrulax_castanotis",TRUE,FALSE,FALSE,"Exact match"
"Garrulax leucolophus","白冠噪鹛","Passeriformes","雀形目","Leiothrichidae","噪鹛科","Garrulax","噪鹛属","Garrulax_leucolophus",NA,NA,NA,"Garrulax_leucolophus",TRUE,FALSE,FALSE,"Exact match"
"Garrulax maesi","褐胸噪鹛","Passeriformes","雀形目","Leiothrichidae","噪鹛科","Garrulax","噪鹛属","Garrulax_maesi",NA,NA,NA,"Garrulax_maesi",TRUE,FALSE,FALSE,"Exact match"
"Garrulax merulinus","斑胸噪鹛","Passeriformes","雀形目","Leiothrichidae","噪鹛科","Garrulax","噪鹛属","Garrulax_merulinus",NA,NA,NA,"Garrulax_merulinus",TRUE,FALSE,FALSE,"Exact match"
"Garrulax monileger","小黑领噪鹛","Passeriformes","雀形目","Leiothrichidae","噪鹛科","Garrulax","噪鹛属","Garrulax_monileger",NA,NA,NA,"Garrulax_monileger",TRUE,FALSE,FALSE,"Exact match"
"Garrulax owstoni","海南画眉","Passeriformes","雀形目","Leiothrichidae","噪鹛科","Garrulax","噪鹛属","Garrulax_owstoni",NA,NA,NA,"Garrulax_owstoni",FALSE,FALSE,TRUE,"Unresolved"
"Garrulax strepitans","白颈噪鹛","Passeriformes","雀形目","Leiothrichidae","噪鹛科","Garrulax","噪鹛属","Garrulax_strepitans",NA,NA,NA,"Garrulax_strepitans",TRUE,FALSE,FALSE,"Exact match"
"Garrulax taewanus","台湾画眉","Passeriformes","雀形目","Leiothrichidae","噪鹛科","Garrulax","噪鹛属","Garrulax_taewanus",NA,NA,NA,"Garrulax_taewanus",TRUE,FALSE,FALSE,"Exact match"
"Grammatoptila striata","条纹噪鹛","Passeriformes","雀形目","Leiothrichidae","噪鹛科","Grammatoptila",NA,"Grammatoptila_striata",NA,NA,NA,"Grammatoptila_striata",TRUE,FALSE,FALSE,"Exact match"
"Heterophasia auricularis","白耳奇鹛","Passeriformes","雀形目","Leiothrichidae","噪鹛科","Heterophasia","奇鹛属","Heterophasia_auricularis",NA,NA,NA,"Heterophasia_auricularis",TRUE,FALSE,FALSE,"Exact match"
"Heterophasia capistrata","黑顶奇鹛","Passeriformes","雀形目","Leiothrichidae","噪鹛科","Heterophasia","奇鹛属","Heterophasia_capistrata",NA,NA,NA,"Heterophasia_capistrata",TRUE,FALSE,FALSE,"Exact match"
"Heterophasia desgodinsi","黑头奇鹛","Passeriformes","雀形目","Leiothrichidae","噪鹛科","Heterophasia","奇鹛属","Heterophasia_desgodinsi",NA,NA,NA,"Heterophasia_desgodinsi",TRUE,FALSE,FALSE,"Exact match"
"Heterophasia gracilis","灰奇鹛","Passeriformes","雀形目","Leiothrichidae","噪鹛科","Heterophasia","奇鹛属","Heterophasia_gracilis",NA,NA,NA,"Heterophasia_gracilis",TRUE,FALSE,FALSE,"Exact match"
"Heterophasia picaoides","长尾奇鹛","Passeriformes","雀形目","Leiothrichidae","噪鹛科","Heterophasia","奇鹛属","Heterophasia_picaoides",NA,NA,NA,"Heterophasia_picaoides",TRUE,FALSE,FALSE,"Exact match"
"Heterophasia pulchella","丽色奇鹛","Passeriformes","雀形目","Leiothrichidae","噪鹛科","Heterophasia","奇鹛属","Heterophasia_pulchella",NA,NA,NA,"Heterophasia_pulchella",TRUE,FALSE,FALSE,"Exact match"
"Ianthocincla bieti","白点噪鹛","Passeriformes","雀形目","Leiothrichidae","噪鹛科","Ianthocincla",NA,"Ianthocincla_bieti",NA,NA,NA,"Ianthocincla_bieti",TRUE,FALSE,FALSE,"Exact match"
"Ianthocincla cineracea","灰翅噪鹛","Passeriformes","雀形目","Leiothrichidae","噪鹛科","Ianthocincla",NA,"Ianthocincla_cineracea",NA,NA,NA,"Ianthocincla_cineracea",TRUE,FALSE,FALSE,"Exact match"
"Ianthocincla lunulata","斑背噪鹛","Passeriformes","雀形目","Leiothrichidae","噪鹛科","Ianthocincla",NA,"Ianthocincla_lunulata",NA,NA,NA,"Ianthocincla_lunulata",TRUE,FALSE,FALSE,"Exact match"
"Ianthocincla maxima","大噪鹛","Passeriformes","雀形目","Leiothrichidae","噪鹛科","Ianthocincla",NA,"Ianthocincla_maxima",NA,NA,NA,"Ianthocincla_maxima",TRUE,FALSE,FALSE,"Exact match"
"Ianthocincla ocellata","眼纹噪鹛","Passeriformes","雀形目","Leiothrichidae","噪鹛科","Ianthocincla",NA,"Ianthocincla_ocellata",NA,NA,NA,"Ianthocincla_ocellata",TRUE,FALSE,FALSE,"Exact match"
"Ianthocincla rufogularis","棕颏噪鹛","Passeriformes","雀形目","Leiothrichidae","噪鹛科","Ianthocincla",NA,"Ianthocincla_rufogularis",NA,NA,NA,"Ianthocincla_rufogularis",TRUE,FALSE,FALSE,"Exact match"
"Ianthocincla sukatschewi","黑额山噪鹛","Passeriformes","雀形目","Leiothrichidae","噪鹛科","Ianthocincla",NA,"Ianthocincla_sukatschewi",NA,NA,NA,"Ianthocincla_sukatschewi",TRUE,FALSE,FALSE,"Exact match"
"Leioptila annectens","栗背奇鹛","Passeriformes","雀形目","Leiothrichidae","噪鹛科","Leioptila",NA,"Leioptila_annectens",NA,NA,NA,"Leioptila_annectens",TRUE,FALSE,FALSE,"Exact match"
"Leiothrix argentauris","银耳相思鸟","Passeriformes","雀形目","Leiothrichidae","噪鹛科","Leiothrix","相思鸟属","Leiothrix_argentauris",NA,NA,NA,"Leiothrix_argentauris",TRUE,FALSE,FALSE,"Exact match"
"Leiothrix lutea","红嘴相思鸟","Passeriformes","雀形目","Leiothrichidae","噪鹛科","Leiothrix","相思鸟属","Leiothrix_lutea",NA,NA,NA,"Leiothrix_lutea",TRUE,FALSE,FALSE,"Exact match"
"Liocichla bugunorum","黑冠薮鹛","Passeriformes","雀形目","Leiothrichidae","噪鹛科","Liocichla","薮鹛属","Liocichla_bugunorum",NA,NA,NA,"Liocichla_bugunorum",TRUE,FALSE,FALSE,"Exact match"
"Liocichla omeiensis","灰胸薮鹛","Passeriformes","雀形目","Leiothrichidae","噪鹛科","Liocichla","薮鹛属","Liocichla_omeiensis",NA,NA,NA,"Liocichla_omeiensis",TRUE,FALSE,FALSE,"Exact match"
"Liocichla phoenicea","灰头薮鹛","Passeriformes","雀形目","Leiothrichidae","噪鹛科","Liocichla","薮鹛属","Liocichla_phoenicea",NA,NA,NA,"Liocichla_phoenicea",TRUE,FALSE,FALSE,"Exact match"
"Liocichla ripponi","红翅薮鹛","Passeriformes","雀形目","Leiothrichidae","噪鹛科","Liocichla","薮鹛属","Liocichla_ripponi",NA,NA,NA,"Liocichla_ripponi",TRUE,FALSE,FALSE,"Exact match"
"Liocichla steerii","黄痣薮鹛","Passeriformes","雀形目","Leiothrichidae","噪鹛科","Liocichla","薮鹛属","Liocichla_steerii",NA,NA,NA,"Liocichla_steerii",TRUE,FALSE,FALSE,"Exact match"
"Minla ignotincta","火尾希鹛","Passeriformes","雀形目","Leiothrichidae","噪鹛科","Minla","希鹛属","Minla_ignotincta",NA,NA,NA,"Minla_ignotincta",TRUE,FALSE,FALSE,"Exact match"
"Pterorhinus albogularis","白喉噪鹛","Passeriformes","雀形目","Leiothrichidae","噪鹛科","Pterorhinus",NA,"Pterorhinus_albogularis",NA,NA,NA,"Pterorhinus_albogularis",TRUE,FALSE,FALSE,"Exact match"
"Pterorhinus berthemyi","棕噪鹛","Passeriformes","雀形目","Leiothrichidae","噪鹛科","Pterorhinus",NA,"Pterorhinus_berthemyi",NA,NA,NA,"Pterorhinus_berthemyi",TRUE,FALSE,FALSE,"Exact match"
"Pterorhinus caerulatus","灰胁噪鹛","Passeriformes","雀形目","Leiothrichidae","噪鹛科","Pterorhinus",NA,"Pterorhinus_caerulatus",NA,NA,NA,"Pterorhinus_caerulatus",TRUE,FALSE,FALSE,"Exact match"
"Pterorhinus chinensis","黑喉噪鹛","Passeriformes","雀形目","Leiothrichidae","噪鹛科","Pterorhinus",NA,"Pterorhinus_chinensis",NA,NA,NA,"Pterorhinus_chinensis",TRUE,FALSE,FALSE,"Exact match"
"Pterorhinus courtoisi","蓝冠噪鹛","Passeriformes","雀形目","Leiothrichidae","噪鹛科","Pterorhinus",NA,"Pterorhinus_courtoisi",NA,NA,NA,"Pterorhinus_courtoisi",TRUE,FALSE,FALSE,"Exact match"
"Pterorhinus davidi","山噪鹛","Passeriformes","雀形目","Leiothrichidae","噪鹛科","Pterorhinus",NA,"Pterorhinus_davidi",NA,NA,NA,"Pterorhinus_davidi",TRUE,FALSE,FALSE,"Exact match"
"Pterorhinus gularis","栗臀噪鹛","Passeriformes","雀形目","Leiothrichidae","噪鹛科","Pterorhinus",NA,"Pterorhinus_gularis",NA,NA,NA,"Pterorhinus_gularis",TRUE,FALSE,FALSE,"Exact match"
"Pterorhinus koslowi","棕草鹛","Passeriformes","雀形目","Leiothrichidae","噪鹛科","Pterorhinus",NA,"Pterorhinus_koslowi",NA,NA,NA,"Pterorhinus_koslowi",TRUE,FALSE,FALSE,"Exact match"
"Pterorhinus lanceolatus","矛纹草鹛","Passeriformes","雀形目","Leiothrichidae","噪鹛科","Pterorhinus",NA,"Pterorhinus_lanceolatus",NA,NA,NA,"Pterorhinus_lanceolatus",TRUE,FALSE,FALSE,"Exact match"
"Pterorhinus pectoralis","黑领噪鹛","Passeriformes","雀形目","Leiothrichidae","噪鹛科","Pterorhinus",NA,"Pterorhinus_pectoralis",NA,NA,NA,"Pterorhinus_pectoralis",TRUE,FALSE,FALSE,"Exact match"
"Pterorhinus perspicillatus","黑脸噪鹛","Passeriformes","雀形目","Leiothrichidae","噪鹛科","Pterorhinus",NA,"Pterorhinus_perspicillatus",NA,NA,NA,"Pterorhinus_perspicillatus",TRUE,FALSE,FALSE,"Exact match"
"Pterorhinus poecilorhynchus","台湾棕噪鹛","Passeriformes","雀形目","Leiothrichidae","噪鹛科","Pterorhinus",NA,"Pterorhinus_poecilorhynchus",NA,NA,NA,"Pterorhinus_poecilorhynchus",TRUE,FALSE,FALSE,"Exact match"
"Pterorhinus ruficeps","台湾白喉噪鹛","Passeriformes","雀形目","Leiothrichidae","噪鹛科","Pterorhinus",NA,"Pterorhinus_ruficeps",NA,NA,NA,"Pterorhinus_ruficeps",TRUE,FALSE,FALSE,"Exact match"
"Pterorhinus ruficollis","栗颈噪鹛","Passeriformes","雀形目","Leiothrichidae","噪鹛科","Pterorhinus",NA,"Pterorhinus_ruficollis",NA,NA,NA,"Pterorhinus_ruficollis",TRUE,FALSE,FALSE,"Exact match"
"Pterorhinus sannio","白颊噪鹛","Passeriformes","雀形目","Leiothrichidae","噪鹛科","Pterorhinus",NA,"Pterorhinus_sannio",NA,NA,NA,"Pterorhinus_sannio",TRUE,FALSE,FALSE,"Exact match"
"Pterorhinus waddelli","大草鹛","Passeriformes","雀形目","Leiothrichidae","噪鹛科","Pterorhinus",NA,"Pterorhinus_waddelli",NA,NA,NA,"Pterorhinus_waddelli",TRUE,FALSE,FALSE,"Exact match"
"Trochalopteron affine","黑顶噪鹛","Passeriformes","雀形目","Leiothrichidae","噪鹛科","Trochalopteron",NA,"Trochalopteron_affine",NA,NA,NA,"Trochalopteron_affine",TRUE,FALSE,FALSE,"Exact match"
"Trochalopteron chrysopterum","红顶噪鹛","Passeriformes","雀形目","Leiothrichidae","噪鹛科","Trochalopteron",NA,"Trochalopteron_chrysopterum",NA,NA,NA,"Trochalopteron_chrysopterum",TRUE,FALSE,FALSE,"Exact match"
"Trochalopteron elliotii","橙翅噪鹛","Passeriformes","雀形目","Leiothrichidae","噪鹛科","Trochalopteron",NA,"Trochalopteron_elliotii",NA,NA,NA,"Trochalopteron_elliotii",TRUE,FALSE,FALSE,"Exact match"
"Trochalopteron erythrocephalum","红头噪鹛","Passeriformes","雀形目","Leiothrichidae","噪鹛科","Trochalopteron",NA,"Trochalopteron_erythrocephalum",NA,NA,NA,"Trochalopteron_erythrocephalum",TRUE,FALSE,FALSE,"Exact match"
"Trochalopteron formosum","红翅噪鹛","Passeriformes","雀形目","Leiothrichidae","噪鹛科","Trochalopteron",NA,"Trochalopteron_formosum",NA,NA,NA,"Trochalopteron_formosum",TRUE,FALSE,FALSE,"Exact match"
"Trochalopteron henrici","灰腹噪鹛","Passeriformes","雀形目","Leiothrichidae","噪鹛科","Trochalopteron",NA,"Trochalopteron_henrici",NA,NA,NA,"Trochalopteron_henrici",TRUE,FALSE,FALSE,"Exact match"
"Trochalopteron imbricatum","丽星噪鹛","Passeriformes","雀形目","Leiothrichidae","噪鹛科","Trochalopteron",NA,"Trochalopteron_imbricatum",NA,NA,NA,"Trochalopteron_imbricatum",TRUE,FALSE,FALSE,"Exact match"
"Trochalopteron lineatum","细纹噪鹛","Passeriformes","雀形目","Leiothrichidae","噪鹛科","Trochalopteron",NA,"Trochalopteron_lineatum",NA,NA,NA,"Trochalopteron_lineatum",TRUE,FALSE,FALSE,"Exact match"
"Trochalopteron melanostigma","银耳噪鹛","Passeriformes","雀形目","Leiothrichidae","噪鹛科","Trochalopteron",NA,"Trochalopteron_melanostigma",NA,NA,NA,"Trochalopteron_melanostigma",TRUE,FALSE,FALSE,"Exact match"
"Trochalopteron milnei","红尾噪鹛","Passeriformes","雀形目","Leiothrichidae","噪鹛科","Trochalopteron",NA,"Trochalopteron_milnei",NA,NA,NA,"Trochalopteron_milnei",TRUE,FALSE,FALSE,"Exact match"
"Trochalopteron morrisonianum","台湾噪鹛","Passeriformes","雀形目","Leiothrichidae","噪鹛科","Trochalopteron",NA,"Trochalopteron_morrisonianum",NA,NA,NA,"Trochalopteron_morrisonianum",TRUE,FALSE,FALSE,"Exact match"
"Trochalopteron squamatum","蓝翅噪鹛","Passeriformes","雀形目","Leiothrichidae","噪鹛科","Trochalopteron",NA,"Trochalopteron_squamatum",NA,NA,NA,"Trochalopteron_squamatum",TRUE,FALSE,FALSE,"Exact match"
"Trochalopteron subunicolor","纯色噪鹛","Passeriformes","雀形目","Leiothrichidae","噪鹛科","Trochalopteron",NA,"Trochalopteron_subunicolor",NA,NA,NA,"Trochalopteron_subunicolor",TRUE,FALSE,FALSE,"Exact match"
"Trochalopteron Variegatum","杂色噪鹛","Passeriformes","雀形目","Leiothrichidae","噪鹛科","Trochalopteron",NA,"Trochalopteron_Variegatum",NA,NA,NA,"Trochalopteron_Variegatum",FALSE,FALSE,TRUE,"Unresolved"
"Helopsaltes amnicola","库页岛蝗莺","Passeriformes","雀形目","Locustellidae","蝗莺科","Helopsaltes",NA,"Helopsaltes_amnicola",NA,NA,NA,"Helopsaltes_amnicola",TRUE,FALSE,FALSE,"Exact match"
"Helopsaltes certhiola","小蝗莺","Passeriformes","雀形目","Locustellidae","蝗莺科","Helopsaltes",NA,"Helopsaltes_certhiola",NA,NA,NA,"Helopsaltes_certhiola",TRUE,FALSE,FALSE,"Exact match"
"Helopsaltes fasciolatus","苍眉蝗莺","Passeriformes","雀形目","Locustellidae","蝗莺科","Helopsaltes",NA,"Helopsaltes_fasciolatus",NA,NA,NA,"Helopsaltes_fasciolatus",TRUE,FALSE,FALSE,"Exact match"
"Helopsaltes ochotensis","北蝗莺","Passeriformes","雀形目","Locustellidae","蝗莺科","Helopsaltes",NA,"Helopsaltes_ochotensis",NA,NA,NA,"Helopsaltes_ochotensis",TRUE,FALSE,FALSE,"Exact match"
"Helopsaltes pleskei","东亚蝗莺","Passeriformes","雀形目","Locustellidae","蝗莺科","Helopsaltes",NA,"Helopsaltes_pleskei",NA,NA,NA,"Helopsaltes_pleskei",TRUE,FALSE,FALSE,"Exact match"
"Helopsaltes pryeri","斑背大尾莺","Passeriformes","雀形目","Locustellidae","蝗莺科","Helopsaltes",NA,"Helopsaltes_pryeri",NA,NA,NA,"Helopsaltes_pryeri",TRUE,FALSE,FALSE,"Exact match"
"Locustella alishanensis","台湾短翅蝗莺","Passeriformes","雀形目","Locustellidae","蝗莺科","Locustella","蝗莺属","Locustella_alishanensis",NA,NA,NA,"Locustella_alishanensis",TRUE,FALSE,FALSE,"Exact match"
"Locustella chengi","四川短翅蝗莺","Passeriformes","雀形目","Locustellidae","蝗莺科","Locustella","蝗莺属","Locustella_chengi",NA,NA,NA,"Locustella_chengi",TRUE,FALSE,FALSE,"Exact match"
"Locustella davidi","北短翅蝗莺","Passeriformes","雀形目","Locustellidae","蝗莺科","Locustella","蝗莺属","Locustella_davidi",NA,NA,NA,"Locustella_davidi",TRUE,FALSE,FALSE,"Exact match"
"Locustella lanceolata","矛斑蝗莺","Passeriformes","雀形目","Locustellidae","蝗莺科","Locustella","蝗莺属","Locustella_lanceolata",NA,NA,NA,"Locustella_lanceolata",TRUE,FALSE,FALSE,"Exact match"
"Locustella luscinioides","鸲蝗莺","Passeriformes","雀形目","Locustellidae","蝗莺科","Locustella","蝗莺属","Locustella_luscinioides",NA,NA,NA,"Locustella_luscinioides",TRUE,FALSE,FALSE,"Exact match"
"Locustella luteoventris","棕褐短翅蝗莺","Passeriformes","雀形目","Locustellidae","蝗莺科","Locustella","蝗莺属","Locustella_luteoventris",NA,NA,NA,"Locustella_luteoventris",TRUE,FALSE,FALSE,"Exact match"
"Locustella major","巨嘴短翅蝗莺","Passeriformes","雀形目","Locustellidae","蝗莺科","Locustella","蝗莺属","Locustella_major",NA,NA,NA,"Locustella_major",TRUE,FALSE,FALSE,"Exact match"
"Locustella mandelli","高山短翅蝗莺","Passeriformes","雀形目","Locustellidae","蝗莺科","Locustella","蝗莺属","Locustella_mandelli",NA,NA,NA,"Locustella_mandelli",TRUE,FALSE,FALSE,"Exact match"
"Locustella naevia","黑斑蝗莺","Passeriformes","雀形目","Locustellidae","蝗莺科","Locustella","蝗莺属","Locustella_naevia",NA,NA,NA,"Locustella_naevia",TRUE,FALSE,FALSE,"Exact match"
"Locustella tacsanowskia","中华短翅蝗莺","Passeriformes","雀形目","Locustellidae","蝗莺科","Locustella","蝗莺属","Locustella_tacsanowskia",NA,NA,NA,"Locustella_tacsanowskia",TRUE,FALSE,FALSE,"Exact match"
"Locustella thoracica","斑胸短翅蝗莺","Passeriformes","雀形目","Locustellidae","蝗莺科","Locustella","蝗莺属","Locustella_thoracica",NA,NA,NA,"Locustella_thoracica",TRUE,FALSE,FALSE,"Exact match"
"Megalurus palustris","沼泽大尾莺","Passeriformes","雀形目","Locustellidae","蝗莺科","Megalurus","大尾莺属","Megalurus_palustris",NA,NA,NA,"Megalurus_palustris",TRUE,FALSE,FALSE,"Exact match"
"Hypothymis azurea","黑枕王鹟","Passeriformes","雀形目","Monarchidae","王鹟科","Hypothymis","黑枕王鹟属","Hypothymis_azurea",NA,NA,NA,"Hypothymis_azurea",TRUE,FALSE,FALSE,"Exact match"
"Terpsiphone affinis","东方寿带","Passeriformes","雀形目","Monarchidae","王鹟科","Terpsiphone","寿带属","Terpsiphone_affinis",NA,NA,NA,"Terpsiphone_affinis",TRUE,FALSE,FALSE,"Exact match"
"Terpsiphone atrocaudata","紫寿带","Passeriformes","雀形目","Monarchidae","王鹟科","Terpsiphone","寿带属","Terpsiphone_atrocaudata",NA,NA,NA,"Terpsiphone_atrocaudata",TRUE,FALSE,FALSE,"Exact match"
"Terpsiphone incei","寿带","Passeriformes","雀形目","Monarchidae","王鹟科","Terpsiphone","寿带属","Terpsiphone_incei",NA,NA,NA,"Terpsiphone_incei",TRUE,FALSE,FALSE,"Exact match"
"Terpsiphone paradisi","印度寿带","Passeriformes","雀形目","Monarchidae","王鹟科","Terpsiphone","寿带属","Terpsiphone_paradisi",NA,NA,NA,"Terpsiphone_paradisi",TRUE,FALSE,FALSE,"Exact match"
"Anthus campestris","平原鹨","Passeriformes","雀形目","Motacillidae","鹡鸰科","Anthus","鹨属","Anthus_campestris",NA,NA,NA,"Anthus_campestris",TRUE,FALSE,FALSE,"Exact match"
"Anthus cervinus","红喉鹨","Passeriformes","雀形目","Motacillidae","鹡鸰科","Anthus","鹨属","Anthus_cervinus",NA,NA,NA,"Anthus_cervinus",TRUE,FALSE,FALSE,"Exact match"
"Anthus godlewskii","布氏鹨","Passeriformes","雀形目","Motacillidae","鹡鸰科","Anthus","鹨属","Anthus_godlewskii",NA,NA,NA,"Anthus_godlewskii",TRUE,FALSE,FALSE,"Exact match"
"Anthus gustavi","北鹨","Passeriformes","雀形目","Motacillidae","鹡鸰科","Anthus","鹨属","Anthus_gustavi",NA,NA,NA,"Anthus_gustavi",TRUE,FALSE,FALSE,"Exact match"
"Anthus hodgsoni","树鹨","Passeriformes","雀形目","Motacillidae","鹡鸰科","Anthus","鹨属","Anthus_hodgsoni",NA,NA,NA,"Anthus_hodgsoni",TRUE,FALSE,FALSE,"Exact match"
"Anthus pratensis","草地鹨","Passeriformes","雀形目","Motacillidae","鹡鸰科","Anthus","鹨属","Anthus_pratensis",NA,NA,NA,"Anthus_pratensis",TRUE,FALSE,FALSE,"Exact match"
"Anthus richardi","田鹨","Passeriformes","雀形目","Motacillidae","鹡鸰科","Anthus","鹨属","Anthus_richardi",NA,NA,NA,"Anthus_richardi",TRUE,FALSE,FALSE,"Exact match"
"Anthus roseatus","粉红胸鹨","Passeriformes","雀形目","Motacillidae","鹡鸰科","Anthus","鹨属","Anthus_roseatus",NA,NA,NA,"Anthus_roseatus",TRUE,FALSE,FALSE,"Exact match"
"Anthus rubescens","黄腹鹨","Passeriformes","雀形目","Motacillidae","鹡鸰科","Anthus","鹨属","Anthus_rubescens",NA,NA,NA,"Anthus_rubescens",TRUE,FALSE,FALSE,"Exact match"
"Anthus rufulus","东方田鹨","Passeriformes","雀形目","Motacillidae","鹡鸰科","Anthus","鹨属","Anthus_rufulus",NA,NA,NA,"Anthus_rufulus",TRUE,FALSE,FALSE,"Exact match"
"Anthus spinoletta","水鹨","Passeriformes","雀形目","Motacillidae","鹡鸰科","Anthus","鹨属","Anthus_spinoletta",NA,NA,NA,"Anthus_spinoletta",TRUE,FALSE,FALSE,"Exact match"
"Anthus sylvanus","山鹨","Passeriformes","雀形目","Motacillidae","鹡鸰科","Anthus","鹨属","Anthus_sylvanus",NA,NA,NA,"Anthus_sylvanus",TRUE,FALSE,FALSE,"Exact match"
"Anthus trivialis","林鹨","Passeriformes","雀形目","Motacillidae","鹡鸰科","Anthus","鹨属","Anthus_trivialis",NA,NA,NA,"Anthus_trivialis",TRUE,FALSE,FALSE,"Exact match"
"Dendronanthus indicus","山鹡鸰","Passeriformes","雀形目","Motacillidae","鹡鸰科","Dendronanthus","山鹡鸰属","Dendronanthus_indicus",NA,NA,NA,"Dendronanthus_indicus",TRUE,FALSE,FALSE,"Exact match"
"Motacilla alba","白鹡鸰","Passeriformes","雀形目","Motacillidae","鹡鸰科","Motacilla","鹡鸰属","Motacilla_alba",NA,NA,NA,"Motacilla_alba",TRUE,FALSE,FALSE,"Exact match"
"Motacilla cinerea","灰鹡鸰","Passeriformes","雀形目","Motacillidae","鹡鸰科","Motacilla","鹡鸰属","Motacilla_cinerea",NA,NA,NA,"Motacilla_cinerea",TRUE,FALSE,FALSE,"Exact match"
"Motacilla citreola","黄头鹡鸰","Passeriformes","雀形目","Motacillidae","鹡鸰科","Motacilla","鹡鸰属","Motacilla_citreola",NA,NA,NA,"Motacilla_citreola",TRUE,FALSE,FALSE,"Exact match"
"Motacilla flava","西黄鹡鸰","Passeriformes","雀形目","Motacillidae","鹡鸰科","Motacilla","鹡鸰属","Motacilla_flava",NA,NA,NA,"Motacilla_flava",TRUE,FALSE,FALSE,"Exact match"
"Motacilla grandis","日本鹡鸰","Passeriformes","雀形目","Motacillidae","鹡鸰科","Motacilla","鹡鸰属","Motacilla_grandis",NA,NA,NA,"Motacilla_grandis",TRUE,FALSE,FALSE,"Exact match"
"Motacilla tschutschensis","黄鹡鸰","Passeriformes","雀形目","Motacillidae","鹡鸰科","Motacilla","鹡鸰属","Motacilla_tschutschensis",NA,NA,NA,"Motacilla_tschutschensis",TRUE,FALSE,FALSE,"Exact match"
"Anthipes monileger","白喉姬鹟","Passeriformes","雀形目","Muscicapidae","鹟科","Anthipes",NA,"Anthipes_monileger",NA,NA,NA,"Anthipes_monileger",TRUE,FALSE,FALSE,"Exact match"
"Brachypteryx cruralis","喜山蓝短翅鸫","Passeriformes","雀形目","Muscicapidae","鹟科","Brachypteryx","短翅鸫属","Brachypteryx_cruralis",NA,NA,NA,"Brachypteryx_cruralis",TRUE,FALSE,FALSE,"Exact match"
"Brachypteryx goodfellowi","台湾蓝短翅鸫","Passeriformes","雀形目","Muscicapidae","鹟科","Brachypteryx","短翅鸫属","Brachypteryx_goodfellowi",NA,NA,NA,"Brachypteryx_goodfellowi",TRUE,FALSE,FALSE,"Exact match"
"Brachypteryx hyperythra","锈腹短翅鸫","Passeriformes","雀形目","Muscicapidae","鹟科","Brachypteryx","短翅鸫属","Brachypteryx_hyperythra",NA,NA,NA,"Brachypteryx_hyperythra",TRUE,FALSE,FALSE,"Exact match"
"Brachypteryx leucophris","白喉短翅鸫","Passeriformes","雀形目","Muscicapidae","鹟科","Brachypteryx","短翅鸫属","Brachypteryx_leucophris",NA,NA,NA,"Brachypteryx_leucophris",TRUE,FALSE,FALSE,"Exact match"
"Brachypteryx sinensis","蓝短翅鸫","Passeriformes","雀形目","Muscicapidae","鹟科","Brachypteryx","短翅鸫属","Brachypteryx_sinensis",NA,NA,NA,"Brachypteryx_sinensis",TRUE,FALSE,FALSE,"Exact match"
"Calliope calliope","红喉歌鸲","Passeriformes","雀形目","Muscicapidae","鹟科","Calliope",NA,"Calliope_calliope",NA,NA,NA,"Calliope_calliope",TRUE,FALSE,FALSE,"Exact match"
"Calliope obscura","黑喉歌鸲","Passeriformes","雀形目","Muscicapidae","鹟科","Calliope",NA,"Calliope_obscura",NA,NA,NA,"Calliope_obscura",TRUE,FALSE,FALSE,"Exact match"
"Calliope pectardens","金胸歌鸲","Passeriformes","雀形目","Muscicapidae","鹟科","Calliope",NA,"Calliope_pectardens",NA,NA,NA,"Calliope_pectardens",TRUE,FALSE,FALSE,"Exact match"
"Calliope pectoralis","黑胸歌鸲","Passeriformes","雀形目","Muscicapidae","鹟科","Calliope",NA,"Calliope_pectoralis",NA,NA,NA,"Calliope_pectoralis",TRUE,FALSE,FALSE,"Exact match"
"Calliope tschebaiewi","白须黑胸歌鸲","Passeriformes","雀形目","Muscicapidae","鹟科","Calliope",NA,"Calliope_tschebaiewi",NA,NA,NA,"Calliope_tschebaiewi",TRUE,FALSE,FALSE,"Exact match"
"Cercotrichas galactotes","棕薮鸲","Passeriformes","雀形目","Muscicapidae","鹟科","Cercotrichas",NA,"Cercotrichas_galactotes",NA,NA,NA,"Cercotrichas_galactotes",TRUE,FALSE,FALSE,"Exact match"
"Cinclidium frontale","蓝额地鸲","Passeriformes","雀形目","Muscicapidae","鹟科","Cinclidium","地鸲属","Cinclidium_frontale",NA,NA,NA,"Cinclidium_frontale",TRUE,FALSE,FALSE,"Exact match"
"Copsychus malabaricus","白腰鹊鸲","Passeriformes","雀形目","Muscicapidae","鹟科","Copsychus","鹊鸲属","Copsychus_malabaricus",NA,NA,NA,"Copsychus_malabaricus",TRUE,FALSE,FALSE,"Exact match"
"Copsychus saularis","鹊鸲","Passeriformes","雀形目","Muscicapidae","鹟科","Copsychus","鹊鸲属","Copsychus_saularis",NA,NA,NA,"Copsychus_saularis",TRUE,FALSE,FALSE,"Exact match"
"Cyanoptila cumatilis","白腹暗蓝鹟","Passeriformes","雀形目","Muscicapidae","鹟科","Cyanoptila",NA,"Cyanoptila_cumatilis",NA,NA,NA,"Cyanoptila_cumatilis",TRUE,FALSE,FALSE,"Exact match"
"Cyanoptila cyanomelana","白腹蓝鹟","Passeriformes","雀形目","Muscicapidae","鹟科","Cyanoptila",NA,"Cyanoptila_cyanomelana",NA,NA,NA,"Cyanoptila_cyanomelana",TRUE,FALSE,FALSE,"Exact match"
"Cyornis brunneatus","白喉林鹟","Passeriformes","雀形目","Muscicapidae","鹟科","Cyornis",NA,"Cyornis_brunneatus",NA,NA,NA,"Cyornis_brunneatus",TRUE,FALSE,FALSE,"Exact match"
"Cyornis concretus","白尾蓝仙鹟","Passeriformes","雀形目","Muscicapidae","鹟科","Cyornis",NA,"Cyornis_concretus",NA,NA,NA,"Cyornis_concretus",FALSE,FALSE,TRUE,"Unresolved"
"Cyornis glaucicomans","中华仙鹟","Passeriformes","雀形目","Muscicapidae","鹟科","Cyornis",NA,"Cyornis_glaucicomans",NA,NA,NA,"Cyornis_glaucicomans",TRUE,FALSE,FALSE,"Exact match"
"Cyornis hainanus","海南蓝仙鹟","Passeriformes","雀形目","Muscicapidae","鹟科","Cyornis",NA,"Cyornis_hainanus",NA,NA,NA,"Cyornis_hainanus",TRUE,FALSE,FALSE,"Exact match"
"Cyornis poliogenys","灰颊仙鹟","Passeriformes","雀形目","Muscicapidae","鹟科","Cyornis",NA,"Cyornis_poliogenys",NA,NA,NA,"Cyornis_poliogenys",TRUE,FALSE,FALSE,"Exact match"
"Cyornis rubeculoides","蓝喉仙鹟","Passeriformes","雀形目","Muscicapidae","鹟科","Cyornis",NA,"Cyornis_rubeculoides",NA,NA,NA,"Cyornis_rubeculoides",TRUE,FALSE,FALSE,"Exact match"
"Cyornis unicolor","纯蓝仙鹟","Passeriformes","雀形目","Muscicapidae","鹟科","Cyornis",NA,"Cyornis_unicolor",NA,NA,NA,"Cyornis_unicolor",TRUE,FALSE,FALSE,"Exact match"
"Cyornis whitei","山蓝仙鹟","Passeriformes","雀形目","Muscicapidae","鹟科","Cyornis",NA,"Cyornis_whitei",NA,NA,NA,"Cyornis_whitei",TRUE,FALSE,FALSE,"Exact match"
"Enicurus immaculatus","黑背燕尾","Passeriformes","雀形目","Muscicapidae","鹟科","Enicurus","燕尾属","Enicurus_immaculatus",NA,NA,NA,"Enicurus_immaculatus",TRUE,FALSE,FALSE,"Exact match"
"Enicurus leschenaulti","白额燕尾","Passeriformes","雀形目","Muscicapidae","鹟科","Enicurus","燕尾属","Enicurus_leschenaulti",NA,NA,NA,"Enicurus_leschenaulti",TRUE,FALSE,FALSE,"Exact match"
"Enicurus maculatus","斑背燕尾","Passeriformes","雀形目","Muscicapidae","鹟科","Enicurus","燕尾属","Enicurus_maculatus",NA,NA,NA,"Enicurus_maculatus",TRUE,FALSE,FALSE,"Exact match"
"Enicurus schistaceus","灰背燕尾","Passeriformes","雀形目","Muscicapidae","鹟科","Enicurus","燕尾属","Enicurus_schistaceus",NA,NA,NA,"Enicurus_schistaceus",TRUE,FALSE,FALSE,"Exact match"
"Enicurus scouleri","小燕尾","Passeriformes","雀形目","Muscicapidae","鹟科","Enicurus","燕尾属","Enicurus_scouleri",NA,NA,NA,"Enicurus_scouleri",TRUE,FALSE,FALSE,"Exact match"
"Erithacus rubecula","欧亚鸲","Passeriformes","雀形目","Muscicapidae","鹟科","Erithacus","欧亚鸲属","Erithacus_rubecula",NA,NA,NA,"Erithacus_rubecula",TRUE,FALSE,FALSE,"Exact match"
"Eumyias thalassinus","铜蓝鹟","Passeriformes","雀形目","Muscicapidae","鹟科","Eumyias",NA,"Eumyias_thalassinus",NA,NA,NA,"Eumyias_thalassinus",TRUE,FALSE,FALSE,"Exact match"
"Ficedula albicilla","红喉姬鹟","Passeriformes","雀形目","Muscicapidae","鹟科","Ficedula","姬鹟属","Ficedula_albicilla",NA,NA,NA,"Ficedula_albicilla",TRUE,FALSE,FALSE,"Exact match"
"Ficedula elisae","绿背姬鹟","Passeriformes","雀形目","Muscicapidae","鹟科","Ficedula","姬鹟属","Ficedula_elisae",NA,NA,NA,"Ficedula_elisae",TRUE,FALSE,FALSE,"Exact match"
"Ficedula erithacus","锈胸蓝姬鹟","Passeriformes","雀形目","Muscicapidae","鹟科","Ficedula","姬鹟属","Ficedula_erithacus",NA,NA,NA,"Ficedula_erithacus",TRUE,FALSE,FALSE,"Exact match"
"Ficedula hodgsoni","侏蓝姬鹟","Passeriformes","雀形目","Muscicapidae","鹟科","Ficedula","姬鹟属","Ficedula_hodgsoni",NA,NA,NA,"Ficedula_hodgsoni",TRUE,FALSE,FALSE,"Exact match"
"Ficedula hyperythra","棕胸蓝姬鹟","Passeriformes","雀形目","Muscicapidae","鹟科","Ficedula","姬鹟属","Ficedula_hyperythra",NA,NA,NA,"Ficedula_hyperythra",TRUE,FALSE,FALSE,"Exact match"
"Ficedula hypoleuca","斑姬鹟","Passeriformes","雀形目","Muscicapidae","鹟科","Ficedula","姬鹟属","Ficedula_hypoleuca",NA,NA,NA,"Ficedula_hypoleuca",TRUE,FALSE,FALSE,"Exact match"
"Ficedula mugimaki","鸲姬鹟","Passeriformes","雀形目","Muscicapidae","鹟科","Ficedula","姬鹟属","Ficedula_mugimaki",NA,NA,NA,"Ficedula_mugimaki",TRUE,FALSE,FALSE,"Exact match"
"Ficedula narcissina","黄眉姬鹟","Passeriformes","雀形目","Muscicapidae","鹟科","Ficedula","姬鹟属","Ficedula_narcissina",NA,NA,NA,"Ficedula_narcissina",TRUE,FALSE,FALSE,"Exact match"
"Ficedula owstoni","琉球姬鹟","Passeriformes","雀形目","Muscicapidae","鹟科","Ficedula","姬鹟属","Ficedula_owstoni",NA,NA,NA,"Ficedula_owstoni",TRUE,FALSE,FALSE,"Exact match"
"Ficedula parva","红胸姬鹟","Passeriformes","雀形目","Muscicapidae","鹟科","Ficedula","姬鹟属","Ficedula_parva",NA,NA,NA,"Ficedula_parva",TRUE,FALSE,FALSE,"Exact match"
"Ficedula ruficauda","栗尾姬鹟","Passeriformes","雀形目","Muscicapidae","鹟科","Ficedula","姬鹟属","Ficedula_ruficauda",NA,NA,NA,"Ficedula_ruficauda",TRUE,FALSE,FALSE,"Exact match"
"Ficedula sapphira","玉头姬鹟","Passeriformes","雀形目","Muscicapidae","鹟科","Ficedula","姬鹟属","Ficedula_sapphira",NA,NA,NA,"Ficedula_sapphira",TRUE,FALSE,FALSE,"Exact match"
"Ficedula strophiata","橙胸姬鹟","Passeriformes","雀形目","Muscicapidae","鹟科","Ficedula","姬鹟属","Ficedula_strophiata",NA,NA,NA,"Ficedula_strophiata",TRUE,FALSE,FALSE,"Exact match"
"Ficedula superciliaris","白眉蓝姬鹟","Passeriformes","雀形目","Muscicapidae","鹟科","Ficedula","姬鹟属","Ficedula_superciliaris",NA,NA,NA,"Ficedula_superciliaris",TRUE,FALSE,FALSE,"Exact match"
"Ficedula tricolor","灰蓝姬鹟","Passeriformes","雀形目","Muscicapidae","鹟科","Ficedula","姬鹟属","Ficedula_tricolor",NA,NA,NA,"Ficedula_tricolor",TRUE,FALSE,FALSE,"Exact match"
"Ficedula westermanni","小斑姬鹟","Passeriformes","雀形目","Muscicapidae","鹟科","Ficedula","姬鹟属","Ficedula_westermanni",NA,NA,NA,"Ficedula_westermanni",TRUE,FALSE,FALSE,"Exact match"
"Ficedula zanthopygia","白眉姬鹟","Passeriformes","雀形目","Muscicapidae","鹟科","Ficedula","姬鹟属","Ficedula_zanthopygia",NA,NA,NA,"Ficedula_zanthopygia",TRUE,FALSE,FALSE,"Exact match"
"Heteroxenicus stellatus","栗背短翅鸫","Passeriformes","雀形目","Muscicapidae","鹟科","Heteroxenicus",NA,"Heteroxenicus_stellatus",NA,NA,NA,"Heteroxenicus_stellatus",TRUE,FALSE,FALSE,"Exact match"
"Larvivora akahige","日本歌鸲","Passeriformes","雀形目","Muscicapidae","鹟科","Larvivora",NA,"Larvivora_akahige",NA,NA,NA,"Larvivora_akahige",TRUE,FALSE,FALSE,"Exact match"
"Larvivora brunnea","栗腹歌鸲","Passeriformes","雀形目","Muscicapidae","鹟科","Larvivora",NA,"Larvivora_brunnea",NA,NA,NA,"Larvivora_brunnea",TRUE,FALSE,FALSE,"Exact match"
"Larvivora cyane","蓝歌鸲","Passeriformes","雀形目","Muscicapidae","鹟科","Larvivora",NA,"Larvivora_cyane",NA,NA,NA,"Larvivora_cyane",TRUE,FALSE,FALSE,"Exact match"
"Larvivora komadori","琉球歌鸲","Passeriformes","雀形目","Muscicapidae","鹟科","Larvivora",NA,"Larvivora_komadori",NA,NA,NA,"Larvivora_komadori",TRUE,FALSE,FALSE,"Exact match"
"Larvivora ruficeps","棕头歌鸲","Passeriformes","雀形目","Muscicapidae","鹟科","Larvivora",NA,"Larvivora_ruficeps",NA,NA,NA,"Larvivora_ruficeps",TRUE,FALSE,FALSE,"Exact match"
"Larvivora sibilans","红尾歌鸲","Passeriformes","雀形目","Muscicapidae","鹟科","Larvivora",NA,"Larvivora_sibilans",NA,NA,NA,"Larvivora_sibilans",TRUE,FALSE,FALSE,"Exact match"
"Luscinia megarhynchos","新疆歌鸲","Passeriformes","雀形目","Muscicapidae","鹟科","Luscinia","歌鸲属","Luscinia_megarhynchos",NA,NA,NA,"Luscinia_megarhynchos",TRUE,FALSE,FALSE,"Exact match"
"Luscinia phaenicuroides","白腹短翅鸲","Passeriformes","雀形目","Muscicapidae","鹟科","Luscinia","歌鸲属","Luscinia_phaenicuroides",NA,NA,NA,"Luscinia_phaenicuroides",TRUE,FALSE,FALSE,"Exact match"
"Luscinia svecica","蓝喉歌鸲","Passeriformes","雀形目","Muscicapidae","鹟科","Luscinia","歌鸲属","Luscinia_svecica",NA,NA,NA,"Luscinia_svecica",TRUE,FALSE,FALSE,"Exact match"
"Monticola cinclorhyncha","蓝头矶鸫","Passeriformes","雀形目","Muscicapidae","鹟科","Monticola","矶鸫属","Monticola_cinclorhyncha",NA,NA,NA,"Monticola_cinclorhyncha",TRUE,FALSE,FALSE,"Exact match"
"Monticola gularis","白喉矶鸫","Passeriformes","雀形目","Muscicapidae","鹟科","Monticola","矶鸫属","Monticola_gularis",NA,NA,NA,"Monticola_gularis",TRUE,FALSE,FALSE,"Exact match"
"Monticola rufiventris","栗腹矶鸫","Passeriformes","雀形目","Muscicapidae","鹟科","Monticola","矶鸫属","Monticola_rufiventris",NA,NA,NA,"Monticola_rufiventris",TRUE,FALSE,FALSE,"Exact match"
"Monticola saxatilis","白背矶鸫","Passeriformes","雀形目","Muscicapidae","鹟科","Monticola","矶鸫属","Monticola_saxatilis",NA,NA,NA,"Monticola_saxatilis",TRUE,FALSE,FALSE,"Exact match"
"Monticola solitarius","蓝矶鸫","Passeriformes","雀形目","Muscicapidae","鹟科","Monticola","矶鸫属","Monticola_solitarius",NA,NA,NA,"Monticola_solitarius",TRUE,FALSE,FALSE,"Exact match"
"Muscicapa dauurica","北灰鹟","Passeriformes","雀形目","Muscicapidae","鹟科","Muscicapa","鹟属","Muscicapa_dauurica",NA,NA,NA,"Muscicapa_dauurica",TRUE,FALSE,FALSE,"Exact match"
"Muscicapa ferruginea","棕尾褐鹟","Passeriformes","雀形目","Muscicapidae","鹟科","Muscicapa","鹟属","Muscicapa_ferruginea",NA,NA,NA,"Muscicapa_ferruginea",TRUE,FALSE,FALSE,"Exact match"
"Muscicapa griseisticta","灰纹鹟","Passeriformes","雀形目","Muscicapidae","鹟科","Muscicapa","鹟属","Muscicapa_griseisticta",NA,NA,NA,"Muscicapa_griseisticta",TRUE,FALSE,FALSE,"Exact match"
"Muscicapa muttui","褐胸鹟","Passeriformes","雀形目","Muscicapidae","鹟科","Muscicapa","鹟属","Muscicapa_muttui",NA,NA,NA,"Muscicapa_muttui",TRUE,FALSE,FALSE,"Exact match"
"Muscicapa sibirica","乌鹟","Passeriformes","雀形目","Muscicapidae","鹟科","Muscicapa","鹟属","Muscicapa_sibirica",NA,NA,NA,"Muscicapa_sibirica",TRUE,FALSE,FALSE,"Exact match"
"Muscicapa striata","斑鹟","Passeriformes","雀形目","Muscicapidae","鹟科","Muscicapa","鹟属","Muscicapa_striata",NA,NA,NA,"Muscicapa_striata",TRUE,FALSE,FALSE,"Exact match"
"Myiomela leucura","白尾蓝地鸲","Passeriformes","雀形目","Muscicapidae","鹟科","Myiomela",NA,"Myiomela_leucura",NA,NA,NA,"Myiomela_leucura",TRUE,FALSE,FALSE,"Exact match"
"Myophonus caeruleus","紫啸鸫","Passeriformes","雀形目","Muscicapidae","鹟科","Myophonus",NA,"Myophonus_caeruleus",NA,NA,NA,"Myophonus_caeruleus",TRUE,FALSE,FALSE,"Exact match"
"Myophonus insularis","台湾紫啸鸫","Passeriformes","雀形目","Muscicapidae","鹟科","Myophonus",NA,"Myophonus_insularis",NA,NA,NA,"Myophonus_insularis",TRUE,FALSE,FALSE,"Exact match"
"Niltava davidi","棕腹大仙鹟","Passeriformes","雀形目","Muscicapidae","鹟科","Niltava","仙鹟属","Niltava_davidi",NA,NA,NA,"Niltava_davidi",TRUE,FALSE,FALSE,"Exact match"
"Niltava grandis","大仙鹟","Passeriformes","雀形目","Muscicapidae","鹟科","Niltava","仙鹟属","Niltava_grandis",NA,NA,NA,"Niltava_grandis",TRUE,FALSE,FALSE,"Exact match"
"Niltava macgrigoriae","小仙鹟","Passeriformes","雀形目","Muscicapidae","鹟科","Niltava","仙鹟属","Niltava_macgrigoriae",NA,NA,NA,"Niltava_macgrigoriae",TRUE,FALSE,FALSE,"Exact match"
"Niltava oatesi","棕腹蓝仙鹟","Passeriformes","雀形目","Muscicapidae","鹟科","Niltava","仙鹟属","Niltava_oatesi",NA,NA,NA,"Niltava_oatesi",TRUE,FALSE,FALSE,"Exact match"
"Niltava sundara","棕腹仙鹟","Passeriformes","雀形目","Muscicapidae","鹟科","Niltava","仙鹟属","Niltava_sundara",NA,NA,NA,"Niltava_sundara",TRUE,FALSE,FALSE,"Exact match"
"Niltava vivida","台湾蓝仙鹟","Passeriformes","雀形目","Muscicapidae","鹟科","Niltava","仙鹟属","Niltava_vivida",NA,NA,NA,"Niltava_vivida",TRUE,FALSE,FALSE,"Exact match"
"Oenanthe deserti","漠䳭","Passeriformes","雀形目","Muscicapidae","鹟科","Oenanthe","䳭属","Oenanthe_deserti",NA,NA,NA,"Oenanthe_deserti",TRUE,FALSE,FALSE,"Exact match"
"Oenanthe isabellina","沙䳭","Passeriformes","雀形目","Muscicapidae","鹟科","Oenanthe","䳭属","Oenanthe_isabellina",NA,NA,NA,"Oenanthe_isabellina",TRUE,FALSE,FALSE,"Exact match"
"Oenanthe oenanthe","穗䳭","Passeriformes","雀形目","Muscicapidae","鹟科","Oenanthe","䳭属","Oenanthe_oenanthe",NA,NA,NA,"Oenanthe_oenanthe",TRUE,FALSE,FALSE,"Exact match"
"Oenanthe picata","东方斑䳭","Passeriformes","雀形目","Muscicapidae","鹟科","Oenanthe","䳭属","Oenanthe_picata",NA,NA,NA,"Oenanthe_picata",TRUE,FALSE,FALSE,"Exact match"
"Oenanthe pleschanka","白顶䳭","Passeriformes","雀形目","Muscicapidae","鹟科","Oenanthe","䳭属","Oenanthe_pleschanka",NA,NA,NA,"Oenanthe_pleschanka",TRUE,FALSE,FALSE,"Exact match"
"Phoenicurus alaschanicus","贺兰山红尾鸲","Passeriformes","雀形目","Muscicapidae","鹟科","Phoenicurus","红尾鸲属","Phoenicurus_alaschanicus",NA,NA,NA,"Phoenicurus_alaschanicus",TRUE,FALSE,FALSE,"Exact match"
"Phoenicurus auroreus","北红尾鸲","Passeriformes","雀形目","Muscicapidae","鹟科","Phoenicurus","红尾鸲属","Phoenicurus_auroreus",NA,NA,NA,"Phoenicurus_auroreus",TRUE,FALSE,FALSE,"Exact match"
"Phoenicurus coeruleocephala","蓝头红尾鸲","Passeriformes","雀形目","Muscicapidae","鹟科","Phoenicurus","红尾鸲属","Phoenicurus_coeruleocephala",NA,NA,NA,"Phoenicurus_coeruleocephala",TRUE,FALSE,FALSE,"Exact match"
"Phoenicurus erythrogastrus","红腹红尾鸲","Passeriformes","雀形目","Muscicapidae","鹟科","Phoenicurus","红尾鸲属","Phoenicurus_erythrogastrus",NA,NA,NA,"Phoenicurus_erythrogastrus",TRUE,FALSE,FALSE,"Exact match"
"Phoenicurus erythronotus","红背红尾鸲","Passeriformes","雀形目","Muscicapidae","鹟科","Phoenicurus","红尾鸲属","Phoenicurus_erythronotus",NA,NA,NA,"Phoenicurus_erythronotus",TRUE,FALSE,FALSE,"Exact match"
"Phoenicurus frontalis","蓝额红尾鸲","Passeriformes","雀形目","Muscicapidae","鹟科","Phoenicurus","红尾鸲属","Phoenicurus_frontalis",NA,NA,NA,"Phoenicurus_frontalis",TRUE,FALSE,FALSE,"Exact match"
"Phoenicurus fuliginosus","红尾水鸲","Passeriformes","雀形目","Muscicapidae","鹟科","Phoenicurus","红尾鸲属","Phoenicurus_fuliginosus",NA,NA,NA,"Phoenicurus_fuliginosus",TRUE,FALSE,FALSE,"Exact match"
"Phoenicurus hodgsoni","黑喉红尾鸲","Passeriformes","雀形目","Muscicapidae","鹟科","Phoenicurus","红尾鸲属","Phoenicurus_hodgsoni",NA,NA,NA,"Phoenicurus_hodgsoni",TRUE,FALSE,FALSE,"Exact match"
"Phoenicurus leucocephalus","白顶溪鸲","Passeriformes","雀形目","Muscicapidae","鹟科","Phoenicurus","红尾鸲属","Phoenicurus_leucocephalus",NA,NA,NA,"Phoenicurus_leucocephalus",TRUE,FALSE,FALSE,"Exact match"
"Phoenicurus ochruros","赭红尾鸲","Passeriformes","雀形目","Muscicapidae","鹟科","Phoenicurus","红尾鸲属","Phoenicurus_ochruros",NA,NA,NA,"Phoenicurus_ochruros",TRUE,FALSE,FALSE,"Exact match"
"Phoenicurus phoenicurus","欧亚红尾鸲","Passeriformes","雀形目","Muscicapidae","鹟科","Phoenicurus","红尾鸲属","Phoenicurus_phoenicurus",NA,NA,NA,"Phoenicurus_phoenicurus",TRUE,FALSE,FALSE,"Exact match"
"Phoenicurus schisticeps","白喉红尾鸲","Passeriformes","雀形目","Muscicapidae","鹟科","Phoenicurus","红尾鸲属","Phoenicurus_schisticeps",NA,NA,NA,"Phoenicurus_schisticeps",TRUE,FALSE,FALSE,"Exact match"
"Saxicola caprata","白斑黑石䳭","Passeriformes","雀形目","Muscicapidae","鹟科","Saxicola","石䳭属","Saxicola_caprata",NA,NA,NA,"Saxicola_caprata",TRUE,FALSE,FALSE,"Exact match"
"Saxicola ferreus","灰林䳭","Passeriformes","雀形目","Muscicapidae","鹟科","Saxicola","石䳭属","Saxicola_ferreus",NA,NA,NA,"Saxicola_ferreus",TRUE,FALSE,FALSE,"Exact match"
"Saxicola insignis","白喉石䳭","Passeriformes","雀形目","Muscicapidae","鹟科","Saxicola","石䳭属","Saxicola_insignis",NA,NA,NA,"Saxicola_insignis",TRUE,FALSE,FALSE,"Exact match"
"Saxicola jerdoni","黑白林䳭","Passeriformes","雀形目","Muscicapidae","鹟科","Saxicola","石䳭属","Saxicola_jerdoni",NA,NA,NA,"Saxicola_jerdoni",TRUE,FALSE,FALSE,"Exact match"
"Saxicola maurus","黑喉石䳭","Passeriformes","雀形目","Muscicapidae","鹟科","Saxicola","石䳭属","Saxicola_maurus",NA,NA,NA,"Saxicola_maurus",TRUE,FALSE,FALSE,"Exact match"
"Saxicola stejnegeri","东亚石䳭","Passeriformes","雀形目","Muscicapidae","鹟科","Saxicola","石䳭属","Saxicola_stejnegeri",NA,NA,NA,"Saxicola_stejnegeri",TRUE,FALSE,FALSE,"Exact match"
"Tarsiger albocoeruleus","祁连山蓝尾鸲","Passeriformes","雀形目","Muscicapidae","鹟科","Tarsiger","鸲属","Tarsiger_albocoeruleus",NA,NA,NA,"Tarsiger_albocoeruleus",FALSE,FALSE,TRUE,"Unresolved"
"Tarsiger chrysaeus","金色林鸲","Passeriformes","雀形目","Muscicapidae","鹟科","Tarsiger","鸲属","Tarsiger_chrysaeus",NA,NA,NA,"Tarsiger_chrysaeus",TRUE,FALSE,FALSE,"Exact match"
"Tarsiger cyanurus","红胁蓝尾鸲","Passeriformes","雀形目","Muscicapidae","鹟科","Tarsiger","鸲属","Tarsiger_cyanurus",NA,NA,NA,"Tarsiger_cyanurus",TRUE,FALSE,FALSE,"Exact match"
"Tarsiger formosanus","台湾白眉林鸲","Passeriformes","雀形目","Muscicapidae","鹟科","Tarsiger","鸲属","Tarsiger_formosanus",NA,NA,NA,"Tarsiger_formosanus",FALSE,FALSE,TRUE,"Unresolved"
"Tarsiger hyperythrus","棕腹林鸲","Passeriformes","雀形目","Muscicapidae","鹟科","Tarsiger","鸲属","Tarsiger_hyperythrus",NA,NA,NA,"Tarsiger_hyperythrus",TRUE,FALSE,FALSE,"Exact match"
"Tarsiger indicus","白眉林鸲","Passeriformes","雀形目","Muscicapidae","鹟科","Tarsiger","鸲属","Tarsiger_indicus",NA,NA,NA,"Tarsiger_indicus",TRUE,FALSE,FALSE,"Exact match"
"Tarsiger johnstoniae","台湾林鸲","Passeriformes","雀形目","Muscicapidae","鹟科","Tarsiger","鸲属","Tarsiger_johnstoniae",NA,NA,NA,"Tarsiger_johnstoniae",TRUE,FALSE,FALSE,"Exact match"
"Tarsiger rufilatus","蓝眉林鸲","Passeriformes","雀形目","Muscicapidae","鹟科","Tarsiger","鸲属","Tarsiger_rufilatus",NA,NA,NA,"Tarsiger_rufilatus",TRUE,FALSE,FALSE,"Exact match"
"Aethopyga christinae","叉尾太阳鸟","Passeriformes","雀形目","Nectariniidae","花蜜鸟科","Aethopyga","太阳鸟属","Aethopyga_christinae",NA,NA,NA,"Aethopyga_christinae",TRUE,FALSE,FALSE,"Exact match"
"Aethopyga gouldiae","蓝喉太阳鸟","Passeriformes","雀形目","Nectariniidae","花蜜鸟科","Aethopyga","太阳鸟属","Aethopyga_gouldiae",NA,NA,NA,"Aethopyga_gouldiae",TRUE,FALSE,FALSE,"Exact match"
"Aethopyga ignicauda","火尾太阳鸟","Passeriformes","雀形目","Nectariniidae","花蜜鸟科","Aethopyga","太阳鸟属","Aethopyga_ignicauda",NA,NA,NA,"Aethopyga_ignicauda",TRUE,FALSE,FALSE,"Exact match"
"Aethopyga nipalensis","绿喉太阳鸟","Passeriformes","雀形目","Nectariniidae","花蜜鸟科","Aethopyga","太阳鸟属","Aethopyga_nipalensis",NA,NA,NA,"Aethopyga_nipalensis",TRUE,FALSE,FALSE,"Exact match"
"Aethopyga saturata","黑胸太阳鸟","Passeriformes","雀形目","Nectariniidae","花蜜鸟科","Aethopyga","太阳鸟属","Aethopyga_saturata",NA,NA,NA,"Aethopyga_saturata",TRUE,FALSE,FALSE,"Exact match"
"Aethopyga siparaja","黄腰太阳鸟","Passeriformes","雀形目","Nectariniidae","花蜜鸟科","Aethopyga","太阳鸟属","Aethopyga_siparaja",NA,NA,NA,"Aethopyga_siparaja",TRUE,FALSE,FALSE,"Exact match"
"Anthreptes malacensis","褐喉食蜜鸟","Passeriformes","雀形目","Nectariniidae","花蜜鸟科","Anthreptes","直嘴太阳鸟属","Anthreptes_malacensis",NA,NA,NA,"Anthreptes_malacensis",TRUE,FALSE,FALSE,"Exact match"
"Arachnothera longirostra","长嘴捕蛛鸟","Passeriformes","雀形目","Nectariniidae","花蜜鸟科","Arachnothera","捕蛛鸟属","Arachnothera_longirostra",NA,NA,NA,"Arachnothera_longirostra",TRUE,FALSE,FALSE,"Exact match"
"Arachnothera magna","纹背捕蛛鸟","Passeriformes","雀形目","Nectariniidae","花蜜鸟科","Arachnothera","捕蛛鸟属","Arachnothera_magna",NA,NA,NA,"Arachnothera_magna",TRUE,FALSE,FALSE,"Exact match"
"Chalcoparia singalensis","紫颊太阳鸟","Passeriformes","雀形目","Nectariniidae","花蜜鸟科","Chalcoparia",NA,"Chalcoparia_singalensis",NA,NA,NA,"Chalcoparia_singalensis",TRUE,FALSE,FALSE,"Exact match"
"Cinnyris asiaticus","紫花蜜鸟","Passeriformes","雀形目","Nectariniidae","花蜜鸟科","Cinnyris",NA,"Cinnyris_asiaticus",NA,NA,NA,"Cinnyris_asiaticus",TRUE,FALSE,FALSE,"Exact match"
"Cinnyris jugularis","黄腹花蜜鸟","Passeriformes","雀形目","Nectariniidae","花蜜鸟科","Cinnyris",NA,"Cinnyris_jugularis",NA,NA,NA,"Cinnyris_jugularis",TRUE,FALSE,FALSE,"Exact match"
"Kurochkinegramma hypogrammicum","蓝枕花蜜鸟","Passeriformes","雀形目","Nectariniidae","花蜜鸟科","Kurochkinegramma",NA,"Kurochkinegramma_hypogrammicum",NA,NA,NA,"Kurochkinegramma_hypogrammicum",TRUE,FALSE,FALSE,"Exact match"
"Oriolus chinensis","黑枕黄鹂","Passeriformes","雀形目","Oriolidae","黄鹂科","Oriolus","黄鹂属","Oriolus_chinensis",NA,NA,NA,"Oriolus_chinensis",TRUE,FALSE,FALSE,"Exact match"
"Oriolus kundoo","印度金黄鹂","Passeriformes","雀形目","Oriolidae","黄鹂科","Oriolus","黄鹂属","Oriolus_kundoo",NA,NA,NA,"Oriolus_kundoo",TRUE,FALSE,FALSE,"Exact match"
"Oriolus mellianus","鹊鹂","Passeriformes","雀形目","Oriolidae","黄鹂科","Oriolus","黄鹂属","Oriolus_mellianus",NA,NA,NA,"Oriolus_mellianus",TRUE,FALSE,FALSE,"Exact match"
"Oriolus oriolus","金黄鹂","Passeriformes","雀形目","Oriolidae","黄鹂科","Oriolus","黄鹂属","Oriolus_oriolus",NA,NA,NA,"Oriolus_oriolus",TRUE,FALSE,FALSE,"Exact match"
"Oriolus tenuirostris","细嘴黄鹂","Passeriformes","雀形目","Oriolidae","黄鹂科","Oriolus","黄鹂属","Oriolus_tenuirostris",NA,NA,NA,"Oriolus_tenuirostris",TRUE,FALSE,FALSE,"Exact match"
"Oriolus traillii","朱鹂","Passeriformes","雀形目","Oriolidae","黄鹂科","Oriolus","黄鹂属","Oriolus_traillii",NA,NA,NA,"Oriolus_traillii",TRUE,FALSE,FALSE,"Exact match"
"Oriolus xanthornus","黑头黄鹂","Passeriformes","雀形目","Oriolidae","黄鹂科","Oriolus","黄鹂属","Oriolus_xanthornus",NA,NA,NA,"Oriolus_xanthornus",TRUE,FALSE,FALSE,"Exact match"
"Panurus biarmicus","文须雀","Passeriformes","雀形目","Panuridae","文须雀科","Panurus","文须雀属","Panurus_biarmicus",NA,NA,NA,"Panurus_biarmicus",TRUE,FALSE,FALSE,"Exact match"
"Chleuasicus atrosuperciliaris","黑眉鸦雀","Passeriformes","雀形目","Paradoxornithidae","鸦雀科","Chleuasicus",NA,"Chleuasicus_atrosuperciliaris",NA,NA,NA,"Chleuasicus_atrosuperciliaris",FALSE,FALSE,TRUE,"Unresolved"
"Cholornis paradoxus","三趾鸦雀","Passeriformes","雀形目","Paradoxornithidae","鸦雀科","Cholornis",NA,"Cholornis_paradoxus",NA,NA,NA,"Cholornis_paradoxus",TRUE,FALSE,FALSE,"Exact match"
"Cholornis unicolor","褐鸦雀","Passeriformes","雀形目","Paradoxornithidae","鸦雀科","Cholornis",NA,"Cholornis_unicolor",NA,NA,NA,"Cholornis_unicolor",TRUE,FALSE,FALSE,"Exact match"
"Chrysomma sinense","金眼鹛雀","Passeriformes","雀形目","Paradoxornithidae","鸦雀科","Chrysomma","鹛雀属","Chrysomma_sinense",NA,NA,NA,"Chrysomma_sinense",TRUE,FALSE,FALSE,"Exact match"
"Conostoma aemodium","红嘴鸦雀","Passeriformes","雀形目","Paradoxornithidae","鸦雀科","Conostoma","红嘴鸦雀属","Conostoma_aemodium",NA,NA,NA,"Conostoma_aemodium",TRUE,FALSE,FALSE,"Exact match"
"Fulvetta cinereiceps","灰头雀鹛","Passeriformes","雀形目","Paradoxornithidae","鸦雀科","Fulvetta",NA,"Fulvetta_cinereiceps",NA,NA,NA,"Fulvetta_cinereiceps",TRUE,FALSE,FALSE,"Exact match"
"Fulvetta formosana","玉山雀鹛","Passeriformes","雀形目","Paradoxornithidae","鸦雀科","Fulvetta",NA,"Fulvetta_formosana",NA,NA,NA,"Fulvetta_formosana",TRUE,FALSE,FALSE,"Exact match"
"Fulvetta ludlowi","路氏雀鹛","Passeriformes","雀形目","Paradoxornithidae","鸦雀科","Fulvetta",NA,"Fulvetta_ludlowi",NA,NA,NA,"Fulvetta_ludlowi",TRUE,FALSE,FALSE,"Exact match"
"Fulvetta manipurensis","褐头雀鹛","Passeriformes","雀形目","Paradoxornithidae","鸦雀科","Fulvetta",NA,"Fulvetta_manipurensis",NA,NA,NA,"Fulvetta_manipurensis",TRUE,FALSE,FALSE,"Exact match"
"Fulvetta ruficapilla","棕头雀鹛","Passeriformes","雀形目","Paradoxornithidae","鸦雀科","Fulvetta",NA,"Fulvetta_ruficapilla",NA,NA,NA,"Fulvetta_ruficapilla",TRUE,FALSE,FALSE,"Exact match"
"Fulvetta striaticollis","中华雀鹛","Passeriformes","雀形目","Paradoxornithidae","鸦雀科","Fulvetta",NA,"Fulvetta_striaticollis",NA,NA,NA,"Fulvetta_striaticollis",TRUE,FALSE,FALSE,"Exact match"
"Fulvetta vinipectus","白眉雀鹛","Passeriformes","雀形目","Paradoxornithidae","鸦雀科","Fulvetta",NA,"Fulvetta_vinipectus",NA,NA,NA,"Fulvetta_vinipectus",TRUE,FALSE,FALSE,"Exact match"
"Lioparus chrysotis","金胸雀鹛","Passeriformes","雀形目","Paradoxornithidae","鸦雀科","Lioparus",NA,"Lioparus_chrysotis",NA,NA,NA,"Lioparus_chrysotis",TRUE,FALSE,FALSE,"Exact match"
"Moupinia poecilotis","宝兴鹛雀","Passeriformes","雀形目","Paradoxornithidae","鸦雀科","Moupinia","宝兴鹛雀属","Moupinia_poecilotis",NA,NA,NA,"Moupinia_poecilotis",TRUE,FALSE,FALSE,"Exact match"
"Myzornis pyrrhoura","火尾绿鹛","Passeriformes","雀形目","Paradoxornithidae","鸦雀科","Myzornis","绿鹛属","Myzornis_pyrrhoura",NA,NA,NA,"Myzornis_pyrrhoura",TRUE,FALSE,FALSE,"Exact match"
"Neosuthora davidiana","短尾鸦雀","Passeriformes","雀形目","Paradoxornithidae","鸦雀科","Neosuthora",NA,"Neosuthora_davidiana",NA,NA,NA,"Neosuthora_davidiana",FALSE,FALSE,TRUE,"Unresolved"
"Paradoxornis flavirostris","斑胸鸦雀","Passeriformes","雀形目","Paradoxornithidae","鸦雀科","Paradoxornis","鸦雀属","Paradoxornis_flavirostris",NA,NA,NA,"Paradoxornis_flavirostris",TRUE,FALSE,FALSE,"Exact match"
"Paradoxornis guttaticollis","点胸鸦雀","Passeriformes","雀形目","Paradoxornithidae","鸦雀科","Paradoxornis","鸦雀属","Paradoxornis_guttaticollis",NA,NA,NA,"Paradoxornis_guttaticollis",TRUE,FALSE,FALSE,"Exact match"
"Paradoxornis heudei","震旦鸦雀","Passeriformes","雀形目","Paradoxornithidae","鸦雀科","Paradoxornis","鸦雀属","Paradoxornis_heudei","Calamornis_heudei","Genus update","Parrotbill generic revision.","Calamornis_heudei",FALSE,TRUE,FALSE,"Bridged match"
"Psittiparus bakeri","红头鸦雀","Passeriformes","雀形目","Paradoxornithidae","鸦雀科","Psittiparus",NA,"Psittiparus_bakeri",NA,NA,NA,"Psittiparus_bakeri",TRUE,FALSE,FALSE,"Exact match"
"Psittiparus gularis","灰头鸦雀","Passeriformes","雀形目","Paradoxornithidae","鸦雀科","Psittiparus",NA,"Psittiparus_gularis",NA,NA,NA,"Psittiparus_gularis",TRUE,FALSE,FALSE,"Exact match"
"Psittiparus ruficeps","白胸鸦雀","Passeriformes","雀形目","Paradoxornithidae","鸦雀科","Psittiparus",NA,"Psittiparus_ruficeps",NA,NA,NA,"Psittiparus_ruficeps",TRUE,FALSE,FALSE,"Exact match"
"Rhopophilus albosuperciliaris","西域山鹛","Passeriformes","雀形目","Paradoxornithidae","鸦雀科","Rhopophilus","山鹛属","Rhopophilus_albosuperciliaris",NA,NA,NA,"Rhopophilus_albosuperciliaris",TRUE,FALSE,FALSE,"Exact match"
"Rhopophilus pekinensis","山鹛","Passeriformes","雀形目","Paradoxornithidae","鸦雀科","Rhopophilus","山鹛属","Rhopophilus_pekinensis",NA,NA,NA,"Rhopophilus_pekinensis",TRUE,FALSE,FALSE,"Exact match"
"Sinosuthora alphonsiana","灰喉鸦雀","Passeriformes","雀形目","Paradoxornithidae","鸦雀科","Sinosuthora",NA,"Sinosuthora_alphonsiana",NA,NA,NA,"Sinosuthora_alphonsiana",FALSE,FALSE,TRUE,"Unresolved"
"Sinosuthora brunnea","褐翅鸦雀","Passeriformes","雀形目","Paradoxornithidae","鸦雀科","Sinosuthora",NA,"Sinosuthora_brunnea",NA,NA,NA,"Sinosuthora_brunnea",FALSE,FALSE,TRUE,"Unresolved"
"Sinosuthora conspicillata","白眶鸦雀","Passeriformes","雀形目","Paradoxornithidae","鸦雀科","Sinosuthora",NA,"Sinosuthora_conspicillata",NA,NA,NA,"Sinosuthora_conspicillata",FALSE,FALSE,TRUE,"Unresolved"
"Sinosuthora przewalskii","灰冠鸦雀","Passeriformes","雀形目","Paradoxornithidae","鸦雀科","Sinosuthora",NA,"Sinosuthora_przewalskii",NA,NA,NA,"Sinosuthora_przewalskii",FALSE,FALSE,TRUE,"Unresolved"
"Sinosuthora webbiana","棕头鸦雀","Passeriformes","雀形目","Paradoxornithidae","鸦雀科","Sinosuthora",NA,"Sinosuthora_webbiana",NA,NA,NA,"Sinosuthora_webbiana",FALSE,FALSE,TRUE,"Unresolved"
"Sinosuthora zappeyi","暗色鸦雀","Passeriformes","雀形目","Paradoxornithidae","鸦雀科","Sinosuthora",NA,"Sinosuthora_zappeyi",NA,NA,NA,"Sinosuthora_zappeyi",FALSE,FALSE,TRUE,"Unresolved"
"Suthora fulvifrons","黄额鸦雀","Passeriformes","雀形目","Paradoxornithidae","鸦雀科","Suthora",NA,"Suthora_fulvifrons",NA,NA,NA,"Suthora_fulvifrons",TRUE,FALSE,FALSE,"Exact match"
"Suthora nipalensis","黑喉鸦雀","Passeriformes","雀形目","Paradoxornithidae","鸦雀科","Suthora",NA,"Suthora_nipalensis",NA,NA,NA,"Suthora_nipalensis",TRUE,FALSE,FALSE,"Exact match"
"Suthora verreauxi","金色鸦雀","Passeriformes","雀形目","Paradoxornithidae","鸦雀科","Suthora",NA,"Suthora_verreauxi",NA,NA,NA,"Suthora_verreauxi",TRUE,FALSE,FALSE,"Exact match"
"Cephalopyrus flammiceps","火冠雀","Passeriformes","雀形目","Paridae","山雀科","Cephalopyrus","火冠雀属","Cephalopyrus_flammiceps",NA,NA,NA,"Cephalopyrus_flammiceps",TRUE,FALSE,FALSE,"Exact match"
"Cyanistes cyanus","灰蓝山雀","Passeriformes","雀形目","Paridae","山雀科","Cyanistes",NA,"Cyanistes_cyanus",NA,NA,NA,"Cyanistes_cyanus",TRUE,FALSE,FALSE,"Exact match"
"Lophophanes dichrous","褐冠山雀","Passeriformes","雀形目","Paridae","山雀科","Lophophanes",NA,"Lophophanes_dichrous",NA,NA,NA,"Lophophanes_dichrous",TRUE,FALSE,FALSE,"Exact match"
"Machlolophus holsti","台湾黄山雀","Passeriformes","雀形目","Paridae","山雀科","Machlolophus",NA,"Machlolophus_holsti",NA,NA,NA,"Machlolophus_holsti",TRUE,FALSE,FALSE,"Exact match"
"Machlolophus spilonotus","黄颊山雀","Passeriformes","雀形目","Paridae","山雀科","Machlolophus",NA,"Machlolophus_spilonotus",NA,NA,NA,"Machlolophus_spilonotus",TRUE,FALSE,FALSE,"Exact match"
"Machlolophus xanthogenys","眼纹黄山雀","Passeriformes","雀形目","Paridae","山雀科","Machlolophus",NA,"Machlolophus_xanthogenys",NA,NA,NA,"Machlolophus_xanthogenys",TRUE,FALSE,FALSE,"Exact match"
"Melanochlora sultanea","冕雀","Passeriformes","雀形目","Paridae","山雀科","Melanochlora","冕雀属","Melanochlora_sultanea",NA,NA,NA,"Melanochlora_sultanea",TRUE,FALSE,FALSE,"Exact match"
"Pardaliparus venustulus","黄腹山雀","Passeriformes","雀形目","Paridae","山雀科","Pardaliparus",NA,"Pardaliparus_venustulus","Periparus_venustulus","Genus update","Tit generic revision.","Periparus_venustulus",FALSE,TRUE,FALSE,"Bridged match"
"Parus major","欧亚大山雀","Passeriformes","雀形目","Paridae","山雀科","Parus","山雀属","Parus_major",NA,NA,NA,"Parus_major",TRUE,FALSE,FALSE,"Exact match"
"Parus minor","大山雀","Passeriformes","雀形目","Paridae","山雀科","Parus","山雀属","Parus_minor",NA,NA,NA,"Parus_minor",TRUE,FALSE,FALSE,"Exact match"
"Parus monticolus","绿背山雀","Passeriformes","雀形目","Paridae","山雀科","Parus","山雀属","Parus_monticolus",NA,NA,NA,"Parus_monticolus",TRUE,FALSE,FALSE,"Exact match"
"Periparus ater","煤山雀","Passeriformes","雀形目","Paridae","山雀科","Periparus",NA,"Periparus_ater",NA,NA,NA,"Periparus_ater",TRUE,FALSE,FALSE,"Exact match"
"Periparus rubidiventris","黑冠山雀","Passeriformes","雀形目","Paridae","山雀科","Periparus",NA,"Periparus_rubidiventris",NA,NA,NA,"Periparus_rubidiventris",TRUE,FALSE,FALSE,"Exact match"
"Periparus rufonuchalis","棕枕山雀","Passeriformes","雀形目","Paridae","山雀科","Periparus",NA,"Periparus_rufonuchalis",NA,NA,NA,"Periparus_rufonuchalis",TRUE,FALSE,FALSE,"Exact match"
"Poecile davidi","红腹山雀","Passeriformes","雀形目","Paridae","山雀科","Poecile",NA,"Poecile_davidi",NA,NA,NA,"Poecile_davidi",TRUE,FALSE,FALSE,"Exact match"
"Poecile hypermelaenus","黑喉山雀","Passeriformes","雀形目","Paridae","山雀科","Poecile",NA,"Poecile_hypermelaenus",NA,NA,NA,"Poecile_hypermelaenus",TRUE,FALSE,FALSE,"Exact match"
"Poecile montanus","褐头山雀","Passeriformes","雀形目","Paridae","山雀科","Poecile",NA,"Poecile_montanus",NA,NA,NA,"Poecile_montanus",TRUE,FALSE,FALSE,"Exact match"
"Poecile palustris","沼泽山雀","Passeriformes","雀形目","Paridae","山雀科","Poecile",NA,"Poecile_palustris",NA,NA,NA,"Poecile_palustris",TRUE,FALSE,FALSE,"Exact match"
"Poecile superciliosus","白眉山雀","Passeriformes","雀形目","Paridae","山雀科","Poecile",NA,"Poecile_superciliosus",NA,NA,NA,"Poecile_superciliosus",TRUE,FALSE,FALSE,"Exact match"
"Poecile weigoldicus","四川褐头山雀","Passeriformes","雀形目","Paridae","山雀科","Poecile",NA,"Poecile_weigoldicus",NA,NA,NA,"Poecile_weigoldicus",TRUE,FALSE,FALSE,"Exact match"
"Pseudopodoces humilis","地山雀","Passeriformes","雀形目","Paridae","山雀科","Pseudopodoces","拟地鸦属","Pseudopodoces_humilis",NA,NA,NA,"Pseudopodoces_humilis",TRUE,FALSE,FALSE,"Exact match"
"Sittiparus castaneoventris","台湾杂色山雀","Passeriformes","雀形目","Paridae","山雀科","Sittiparus",NA,"Sittiparus_castaneoventris",NA,NA,NA,"Sittiparus_castaneoventris",TRUE,FALSE,FALSE,"Exact match"
"Sittiparus varius","杂色山雀","Passeriformes","雀形目","Paridae","山雀科","Sittiparus",NA,"Sittiparus_varius",NA,NA,NA,"Sittiparus_varius",TRUE,FALSE,FALSE,"Exact match"
"Sylviparus modestus","黄眉林雀","Passeriformes","雀形目","Paridae","山雀科","Sylviparus","林雀属","Sylviparus_modestus",NA,NA,NA,"Sylviparus_modestus",TRUE,FALSE,FALSE,"Exact match"
"Passerculus sandwichensis","稀树草鹀","Passeriformes","雀形目","Passerellidae","雀鹀科","Passerculus",NA,"Passerculus_sandwichensis",NA,NA,NA,"Passerculus_sandwichensis",TRUE,FALSE,FALSE,"Exact match"
"Zonotrichia leucophrys","白冠带鹀","Passeriformes","雀形目","Passerellidae","雀鹀科","Zonotrichia",NA,"Zonotrichia_leucophrys",NA,NA,NA,"Zonotrichia_leucophrys",TRUE,FALSE,FALSE,"Exact match"
"Montifringilla adamsi","褐翅雪雀","Passeriformes","雀形目","Passeridae","雀科","Montifringilla","雪雀属","Montifringilla_adamsi",NA,NA,NA,"Montifringilla_adamsi",TRUE,FALSE,FALSE,"Exact match"
"Montifringilla henrici","藏雪雀","Passeriformes","雀形目","Passeridae","雀科","Montifringilla","雪雀属","Montifringilla_henrici",NA,NA,NA,"Montifringilla_henrici",TRUE,FALSE,FALSE,"Exact match"
"Montifringilla nivalis","白斑翅雪雀","Passeriformes","雀形目","Passeridae","雀科","Montifringilla","雪雀属","Montifringilla_nivalis",NA,NA,NA,"Montifringilla_nivalis",TRUE,FALSE,FALSE,"Exact match"
"Onychostruthus taczanowskii","白腰雪雀","Passeriformes","雀形目","Passeridae","雀科","Onychostruthus",NA,"Onychostruthus_taczanowskii",NA,NA,NA,"Onychostruthus_taczanowskii",TRUE,FALSE,FALSE,"Exact match"
"Passer ammodendri","黑顶麻雀","Passeriformes","雀形目","Passeridae","雀科","Passer","麻雀属","Passer_ammodendri",NA,NA,NA,"Passer_ammodendri",TRUE,FALSE,FALSE,"Exact match"
"Passer cinnamomeus","山麻雀","Passeriformes","雀形目","Passeridae","雀科","Passer","麻雀属","Passer_cinnamomeus",NA,NA,NA,"Passer_cinnamomeus",TRUE,FALSE,FALSE,"Exact match"
"Passer domesticus","家麻雀","Passeriformes","雀形目","Passeridae","雀科","Passer","麻雀属","Passer_domesticus",NA,NA,NA,"Passer_domesticus",TRUE,FALSE,FALSE,"Exact match"
"Passer hispaniolensis","黑胸麻雀","Passeriformes","雀形目","Passeridae","雀科","Passer","麻雀属","Passer_hispaniolensis",NA,NA,NA,"Passer_hispaniolensis",TRUE,FALSE,FALSE,"Exact match"
"Passer montanus","麻雀","Passeriformes","雀形目","Passeridae","雀科","Passer","麻雀属","Passer_montanus",NA,NA,NA,"Passer_montanus",TRUE,FALSE,FALSE,"Exact match"
"Petronia petronia","石雀","Passeriformes","雀形目","Passeridae","雀科","Petronia","石雀属","Petronia_petronia",NA,NA,NA,"Petronia_petronia",TRUE,FALSE,FALSE,"Exact match"
"Pyrgilauda blanfordi","棕背雪雀","Passeriformes","雀形目","Passeridae","雀科","Pyrgilauda",NA,"Pyrgilauda_blanfordi",NA,NA,NA,"Pyrgilauda_blanfordi",TRUE,FALSE,FALSE,"Exact match"
"Pyrgilauda davidiana","黑喉雪雀","Passeriformes","雀形目","Passeridae","雀科","Pyrgilauda",NA,"Pyrgilauda_davidiana",NA,NA,NA,"Pyrgilauda_davidiana",TRUE,FALSE,FALSE,"Exact match"
"Pyrgilauda ruficollis","棕颈雪雀","Passeriformes","雀形目","Passeridae","雀科","Pyrgilauda",NA,"Pyrgilauda_ruficollis",NA,NA,NA,"Pyrgilauda_ruficollis",TRUE,FALSE,FALSE,"Exact match"
"Gampsorhynchus rufulus","白头鵙鹛","Passeriformes","雀形目","Pellorneidae","幽鹛科","Gampsorhynchus","白头鵙鹛属","Gampsorhynchus_rufulus",NA,NA,NA,"Gampsorhynchus_rufulus",TRUE,FALSE,FALSE,"Exact match"
"Gampsorhynchus torquatus","领鵙鹛","Passeriformes","雀形目","Pellorneidae","幽鹛科","Gampsorhynchus","白头鵙鹛属","Gampsorhynchus_torquatus",NA,NA,NA,"Gampsorhynchus_torquatus",TRUE,FALSE,FALSE,"Exact match"
"Graminicola striatus","中华草鹛","Passeriformes","雀形目","Pellorneidae","幽鹛科","Graminicola","大草莺属","Graminicola_striatus",NA,NA,NA,"Graminicola_striatus",TRUE,FALSE,FALSE,"Exact match"
"Gypsophila annamensis","灰岩鹪鹛","Passeriformes","雀形目","Pellorneidae","幽鹛科","Gypsophila",NA,"Gypsophila_annamensis",NA,NA,NA,"Gypsophila_annamensis",TRUE,FALSE,FALSE,"Exact match"
"Gypsophila brevicaudata","短尾鹪鹛","Passeriformes","雀形目","Pellorneidae","幽鹛科","Gypsophila",NA,"Gypsophila_brevicaudata",NA,NA,NA,"Gypsophila_brevicaudata",TRUE,FALSE,FALSE,"Exact match"
"Napothera epilepidota","纹胸鹪鹛","Passeriformes","雀形目","Pellorneidae","幽鹛科","Napothera","鹪鹛属","Napothera_epilepidota",NA,NA,NA,"Napothera_epilepidota",TRUE,FALSE,FALSE,"Exact match"
"Napothera malacoptila","长嘴鹩鹛","Passeriformes","雀形目","Pellorneidae","幽鹛科","Napothera","鹪鹛属","Napothera_malacoptila",NA,NA,NA,"Napothera_malacoptila",TRUE,FALSE,FALSE,"Exact match"
"Napothera naungmungensis","瑙蒙短尾鹛","Passeriformes","雀形目","Pellorneidae","幽鹛科","Napothera","鹪鹛属","Napothera_naungmungensis",NA,NA,NA,"Napothera_naungmungensis",TRUE,FALSE,FALSE,"Exact match"
"Pellorneum albiventre","白腹幽鹛","Passeriformes","雀形目","Pellorneidae","幽鹛科","Pellorneum","幽鹛属","Pellorneum_albiventre",NA,NA,NA,"Pellorneum_albiventre",TRUE,FALSE,FALSE,"Exact match"
"Pellorneum ruficeps","棕头幽鹛","Passeriformes","雀形目","Pellorneidae","幽鹛科","Pellorneum","幽鹛属","Pellorneum_ruficeps",NA,NA,NA,"Pellorneum_ruficeps",TRUE,FALSE,FALSE,"Exact match"
"Pellorneum tickelli","棕胸雅鹛","Passeriformes","雀形目","Pellorneidae","幽鹛科","Pellorneum","幽鹛属","Pellorneum_tickelli",NA,NA,NA,"Pellorneum_tickelli",TRUE,FALSE,FALSE,"Exact match"
"Schoeniparus brunneus","褐顶雀鹛","Passeriformes","雀形目","Pellorneidae","幽鹛科","Schoeniparus",NA,"Schoeniparus_brunneus",NA,NA,NA,"Schoeniparus_brunneus",TRUE,FALSE,FALSE,"Exact match"
"Schoeniparus castaneceps","栗头雀鹛","Passeriformes","雀形目","Pellorneidae","幽鹛科","Schoeniparus",NA,"Schoeniparus_castaneceps",NA,NA,NA,"Schoeniparus_castaneceps",TRUE,FALSE,FALSE,"Exact match"
"Schoeniparus cinereus","黄喉雀鹛","Passeriformes","雀形目","Pellorneidae","幽鹛科","Schoeniparus",NA,"Schoeniparus_cinereus",NA,NA,NA,"Schoeniparus_cinereus",TRUE,FALSE,FALSE,"Exact match"
"Schoeniparus dubius","褐胁雀鹛","Passeriformes","雀形目","Pellorneidae","幽鹛科","Schoeniparus",NA,"Schoeniparus_dubius",NA,NA,NA,"Schoeniparus_dubius",TRUE,FALSE,FALSE,"Exact match"
"Schoeniparus rufogularis","棕喉雀鹛","Passeriformes","雀形目","Pellorneidae","幽鹛科","Schoeniparus",NA,"Schoeniparus_rufogularis",NA,NA,NA,"Schoeniparus_rufogularis",TRUE,FALSE,FALSE,"Exact match"
"Schoeniparus variegaticeps","金额雀鹛","Passeriformes","雀形目","Pellorneidae","幽鹛科","Schoeniparus",NA,"Schoeniparus_variegaticeps",NA,NA,NA,"Schoeniparus_variegaticeps",TRUE,FALSE,FALSE,"Exact match"
"Phylloscopus affinis","黄腹柳莺","Passeriformes","雀形目","Phylloscopidae","柳莺科","Phylloscopus","柳莺属","Phylloscopus_affinis",NA,NA,NA,"Phylloscopus_affinis",TRUE,FALSE,FALSE,"Exact match"
"Phylloscopus armandii","棕眉柳莺","Passeriformes","雀形目","Phylloscopidae","柳莺科","Phylloscopus","柳莺属","Phylloscopus_armandii",NA,NA,NA,"Phylloscopus_armandii",TRUE,FALSE,FALSE,"Exact match"
"Phylloscopus borealis","极北柳莺","Passeriformes","雀形目","Phylloscopidae","柳莺科","Phylloscopus","柳莺属","Phylloscopus_borealis",NA,NA,NA,"Phylloscopus_borealis",TRUE,FALSE,FALSE,"Exact match"
"Phylloscopus borealoides","库页岛柳莺","Passeriformes","雀形目","Phylloscopidae","柳莺科","Phylloscopus","柳莺属","Phylloscopus_borealoides",NA,NA,NA,"Phylloscopus_borealoides",TRUE,FALSE,FALSE,"Exact match"
"Phylloscopus burkii","金眶鹟莺","Passeriformes","雀形目","Phylloscopidae","柳莺科","Phylloscopus","柳莺属","Phylloscopus_burkii",NA,NA,NA,"Phylloscopus_burkii",TRUE,FALSE,FALSE,"Exact match"
"Phylloscopus calciatilis","灰岩柳莺","Passeriformes","雀形目","Phylloscopidae","柳莺科","Phylloscopus","柳莺属","Phylloscopus_calciatilis",NA,NA,NA,"Phylloscopus_calciatilis",TRUE,FALSE,FALSE,"Exact match"
"Phylloscopus cantator","黄胸柳莺","Passeriformes","雀形目","Phylloscopidae","柳莺科","Phylloscopus","柳莺属","Phylloscopus_cantator",NA,NA,NA,"Phylloscopus_cantator",TRUE,FALSE,FALSE,"Exact match"
"Phylloscopus castaniceps","栗头鹟莺","Passeriformes","雀形目","Phylloscopidae","柳莺科","Phylloscopus","柳莺属","Phylloscopus_castaniceps",NA,NA,NA,"Phylloscopus_castaniceps",TRUE,FALSE,FALSE,"Exact match"
"Phylloscopus chloronotus","淡黄腰柳莺","Passeriformes","雀形目","Phylloscopidae","柳莺科","Phylloscopus","柳莺属","Phylloscopus_chloronotus",NA,NA,NA,"Phylloscopus_chloronotus",TRUE,FALSE,FALSE,"Exact match"
"Phylloscopus claudiae","冠纹柳莺","Passeriformes","雀形目","Phylloscopidae","柳莺科","Phylloscopus","柳莺属","Phylloscopus_claudiae",NA,NA,NA,"Phylloscopus_claudiae",TRUE,FALSE,FALSE,"Exact match"
"Phylloscopus collybita","叽喳柳莺","Passeriformes","雀形目","Phylloscopidae","柳莺科","Phylloscopus","柳莺属","Phylloscopus_collybita",NA,NA,NA,"Phylloscopus_collybita",TRUE,FALSE,FALSE,"Exact match"
"Phylloscopus coronatus","冕柳莺","Passeriformes","雀形目","Phylloscopidae","柳莺科","Phylloscopus","柳莺属","Phylloscopus_coronatus",NA,NA,NA,"Phylloscopus_coronatus",TRUE,FALSE,FALSE,"Exact match"
"Phylloscopus emeiensis","峨眉柳莺","Passeriformes","雀形目","Phylloscopidae","柳莺科","Phylloscopus","柳莺属","Phylloscopus_emeiensis",NA,NA,NA,"Phylloscopus_emeiensis",TRUE,FALSE,FALSE,"Exact match"
"Phylloscopus examinandus","堪察加柳莺","Passeriformes","雀形目","Phylloscopidae","柳莺科","Phylloscopus","柳莺属","Phylloscopus_examinandus",NA,NA,NA,"Phylloscopus_examinandus",TRUE,FALSE,FALSE,"Exact match"
"Phylloscopus forresti","四川柳莺","Passeriformes","雀形目","Phylloscopidae","柳莺科","Phylloscopus","柳莺属","Phylloscopus_forresti",NA,NA,NA,"Phylloscopus_forresti",TRUE,FALSE,FALSE,"Exact match"
"Phylloscopus fuligiventer","烟柳莺","Passeriformes","雀形目","Phylloscopidae","柳莺科","Phylloscopus","柳莺属","Phylloscopus_fuligiventer",NA,NA,NA,"Phylloscopus_fuligiventer",TRUE,FALSE,FALSE,"Exact match"
"Phylloscopus fuscatus","褐柳莺","Passeriformes","雀形目","Phylloscopidae","柳莺科","Phylloscopus","柳莺属","Phylloscopus_fuscatus",NA,NA,NA,"Phylloscopus_fuscatus",TRUE,FALSE,FALSE,"Exact match"
"Phylloscopus goodsoni","华南冠纹柳莺","Passeriformes","雀形目","Phylloscopidae","柳莺科","Phylloscopus","柳莺属","Phylloscopus_goodsoni",NA,NA,NA,"Phylloscopus_goodsoni",TRUE,FALSE,FALSE,"Exact match"
"Phylloscopus griseolus","灰柳莺","Passeriformes","雀形目","Phylloscopidae","柳莺科","Phylloscopus","柳莺属","Phylloscopus_griseolus",NA,NA,NA,"Phylloscopus_griseolus",TRUE,FALSE,FALSE,"Exact match"
"Phylloscopus hainanus","海南柳莺","Passeriformes","雀形目","Phylloscopidae","柳莺科","Phylloscopus","柳莺属","Phylloscopus_hainanus",NA,NA,NA,"Phylloscopus_hainanus",TRUE,FALSE,FALSE,"Exact match"
"Phylloscopus humei","淡眉柳莺","Passeriformes","雀形目","Phylloscopidae","柳莺科","Phylloscopus","柳莺属","Phylloscopus_humei",NA,NA,NA,"Phylloscopus_humei",TRUE,FALSE,FALSE,"Exact match"
"Phylloscopus ijimae","日本冕柳莺","Passeriformes","雀形目","Phylloscopidae","柳莺科","Phylloscopus","柳莺属","Phylloscopus_ijimae",NA,NA,NA,"Phylloscopus_ijimae",TRUE,FALSE,FALSE,"Exact match"
"Phylloscopus inornatus","黄眉柳莺","Passeriformes","雀形目","Phylloscopidae","柳莺科","Phylloscopus","柳莺属","Phylloscopus_inornatus",NA,NA,NA,"Phylloscopus_inornatus",TRUE,FALSE,FALSE,"Exact match"
"Phylloscopus intensior","云南白斑尾柳莺","Passeriformes","雀形目","Phylloscopidae","柳莺科","Phylloscopus","柳莺属","Phylloscopus_intensior",NA,NA,NA,"Phylloscopus_intensior",TRUE,FALSE,FALSE,"Exact match"
"Phylloscopus intermedius","白眶鹟莺","Passeriformes","雀形目","Phylloscopidae","柳莺科","Phylloscopus","柳莺属","Phylloscopus_intermedius",NA,NA,NA,"Phylloscopus_intermedius",TRUE,FALSE,FALSE,"Exact match"
"Phylloscopus kansuensis","甘肃柳莺","Passeriformes","雀形目","Phylloscopidae","柳莺科","Phylloscopus","柳莺属","Phylloscopus_kansuensis",NA,NA,NA,"Phylloscopus_kansuensis",TRUE,FALSE,FALSE,"Exact match"
"Phylloscopus maculipennis","灰喉柳莺","Passeriformes","雀形目","Phylloscopidae","柳莺科","Phylloscopus","柳莺属","Phylloscopus_maculipennis",NA,NA,NA,"Phylloscopus_maculipennis",TRUE,FALSE,FALSE,"Exact match"
"Phylloscopus magnirostris","乌嘴柳莺","Passeriformes","雀形目","Phylloscopidae","柳莺科","Phylloscopus","柳莺属","Phylloscopus_magnirostris",NA,NA,NA,"Phylloscopus_magnirostris",TRUE,FALSE,FALSE,"Exact match"
"Phylloscopus occisinensis","华西柳莺","Passeriformes","雀形目","Phylloscopidae","柳莺科","Phylloscopus","柳莺属","Phylloscopus_occisinensis",NA,NA,NA,"Phylloscopus_occisinensis",FALSE,FALSE,TRUE,"Unresolved"
"Phylloscopus ogilviegranti","白斑尾柳莺","Passeriformes","雀形目","Phylloscopidae","柳莺科","Phylloscopus","柳莺属","Phylloscopus_ogilviegranti",NA,NA,NA,"Phylloscopus_ogilviegranti",TRUE,FALSE,FALSE,"Exact match"
"Phylloscopus omeiensis","峨眉鹟莺","Passeriformes","雀形目","Phylloscopidae","柳莺科","Phylloscopus","柳莺属","Phylloscopus_omeiensis",NA,NA,NA,"Phylloscopus_omeiensis",TRUE,FALSE,FALSE,"Exact match"
"Phylloscopus plumbeitarsus","双斑绿柳莺","Passeriformes","雀形目","Phylloscopidae","柳莺科","Phylloscopus","柳莺属","Phylloscopus_plumbeitarsus",NA,NA,NA,"Phylloscopus_plumbeitarsus",TRUE,FALSE,FALSE,"Exact match"
"Phylloscopus poliogenys","灰脸鹟莺","Passeriformes","雀形目","Phylloscopidae","柳莺科","Phylloscopus","柳莺属","Phylloscopus_poliogenys",NA,NA,NA,"Phylloscopus_poliogenys",TRUE,FALSE,FALSE,"Exact match"
"Phylloscopus proregulus","黄腰柳莺","Passeriformes","雀形目","Phylloscopidae","柳莺科","Phylloscopus","柳莺属","Phylloscopus_proregulus",NA,NA,NA,"Phylloscopus_proregulus",TRUE,FALSE,FALSE,"Exact match"
"Phylloscopus pulcher","橙斑翅柳莺","Passeriformes","雀形目","Phylloscopidae","柳莺科","Phylloscopus","柳莺属","Phylloscopus_pulcher",NA,NA,NA,"Phylloscopus_pulcher",TRUE,FALSE,FALSE,"Exact match"
"Phylloscopus reguloides","西南冠纹柳莺","Passeriformes","雀形目","Phylloscopidae","柳莺科","Phylloscopus","柳莺属","Phylloscopus_reguloides",NA,NA,NA,"Phylloscopus_reguloides",TRUE,FALSE,FALSE,"Exact match"
"Phylloscopus ricketti","黑眉柳莺","Passeriformes","雀形目","Phylloscopidae","柳莺科","Phylloscopus","柳莺属","Phylloscopus_ricketti",NA,NA,NA,"Phylloscopus_ricketti",TRUE,FALSE,FALSE,"Exact match"
"Phylloscopus schwarzi","巨嘴柳莺","Passeriformes","雀形目","Phylloscopidae","柳莺科","Phylloscopus","柳莺属","Phylloscopus_schwarzi",NA,NA,NA,"Phylloscopus_schwarzi",TRUE,FALSE,FALSE,"Exact match"
"Phylloscopus sibilatrix","林柳莺","Passeriformes","雀形目","Phylloscopidae","柳莺科","Phylloscopus","柳莺属","Phylloscopus_sibilatrix",NA,NA,NA,"Phylloscopus_sibilatrix",TRUE,FALSE,FALSE,"Exact match"
"Phylloscopus sindianus","中亚叽喳柳莺","Passeriformes","雀形目","Phylloscopidae","柳莺科","Phylloscopus","柳莺属","Phylloscopus_sindianus",NA,NA,NA,"Phylloscopus_sindianus",TRUE,FALSE,FALSE,"Exact match"
"Phylloscopus soror","淡尾鹟莺","Passeriformes","雀形目","Phylloscopidae","柳莺科","Phylloscopus","柳莺属","Phylloscopus_soror",NA,NA,NA,"Phylloscopus_soror",TRUE,FALSE,FALSE,"Exact match"
"Phylloscopus subaffinis","棕腹柳莺","Passeriformes","雀形目","Phylloscopidae","柳莺科","Phylloscopus","柳莺属","Phylloscopus_subaffinis",NA,NA,NA,"Phylloscopus_subaffinis",TRUE,FALSE,FALSE,"Exact match"
"Phylloscopus tenellipes","淡脚柳莺","Passeriformes","雀形目","Phylloscopidae","柳莺科","Phylloscopus","柳莺属","Phylloscopus_tenellipes",NA,NA,NA,"Phylloscopus_tenellipes",TRUE,FALSE,FALSE,"Exact match"
"Phylloscopus tephrocephalus","灰冠鹟莺","Passeriformes","雀形目","Phylloscopidae","柳莺科","Phylloscopus","柳莺属","Phylloscopus_tephrocephalus",NA,NA,NA,"Phylloscopus_tephrocephalus",TRUE,FALSE,FALSE,"Exact match"
"Phylloscopus trochiloides","暗绿柳莺","Passeriformes","雀形目","Phylloscopidae","柳莺科","Phylloscopus","柳莺属","Phylloscopus_trochiloides",NA,NA,NA,"Phylloscopus_trochiloides",TRUE,FALSE,FALSE,"Exact match"
"Phylloscopus trochilus","欧柳莺","Passeriformes","雀形目","Phylloscopidae","柳莺科","Phylloscopus","柳莺属","Phylloscopus_trochilus",NA,NA,NA,"Phylloscopus_trochilus",TRUE,FALSE,FALSE,"Exact match"
"Phylloscopus valentini","比氏鹟莺","Passeriformes","雀形目","Phylloscopidae","柳莺科","Phylloscopus","柳莺属","Phylloscopus_valentini",NA,NA,NA,"Phylloscopus_valentini",TRUE,FALSE,FALSE,"Exact match"
"Phylloscopus whistleri","韦氏鹟莺","Passeriformes","雀形目","Phylloscopidae","柳莺科","Phylloscopus","柳莺属","Phylloscopus_whistleri",NA,NA,NA,"Phylloscopus_whistleri",TRUE,FALSE,FALSE,"Exact match"
"Phylloscopus xanthodryas","日本柳莺","Passeriformes","雀形目","Phylloscopidae","柳莺科","Phylloscopus","柳莺属","Phylloscopus_xanthodryas",NA,NA,NA,"Phylloscopus_xanthodryas",TRUE,FALSE,FALSE,"Exact match"
"Phylloscopus xanthoschistos","灰头柳莺","Passeriformes","雀形目","Phylloscopidae","柳莺科","Phylloscopus","柳莺属","Phylloscopus_xanthoschistos",NA,NA,NA,"Phylloscopus_xanthoschistos",TRUE,FALSE,FALSE,"Exact match"
"Phylloscopus yunnanensis","云南柳莺","Passeriformes","雀形目","Phylloscopidae","柳莺科","Phylloscopus","柳莺属","Phylloscopus_yunnanensis",NA,NA,NA,"Phylloscopus_yunnanensis",TRUE,FALSE,FALSE,"Exact match"
"Hydrornis cyaneus","蓝八色鸫","Passeriformes","雀形目","Pittidae","八色鸫科","Hydrornis",NA,"Hydrornis_cyaneus",NA,NA,NA,"Hydrornis_cyaneus",TRUE,FALSE,FALSE,"Exact match"
"Hydrornis nipalensis","蓝枕八色鸫","Passeriformes","雀形目","Pittidae","八色鸫科","Hydrornis",NA,"Hydrornis_nipalensis",NA,NA,NA,"Hydrornis_nipalensis",TRUE,FALSE,FALSE,"Exact match"
"Hydrornis oatesi","栗头八色鸫","Passeriformes","雀形目","Pittidae","八色鸫科","Hydrornis",NA,"Hydrornis_oatesi",NA,NA,NA,"Hydrornis_oatesi",TRUE,FALSE,FALSE,"Exact match"
"Hydrornis phayrei","双辫八色鸫","Passeriformes","雀形目","Pittidae","八色鸫科","Hydrornis",NA,"Hydrornis_phayrei",NA,NA,NA,"Hydrornis_phayrei",TRUE,FALSE,FALSE,"Exact match"
"Hydrornis soror","蓝背八色鸫","Passeriformes","雀形目","Pittidae","八色鸫科","Hydrornis",NA,"Hydrornis_soror",NA,NA,NA,"Hydrornis_soror",TRUE,FALSE,FALSE,"Exact match"
"Pitta moluccensis","蓝翅八色鸫","Passeriformes","雀形目","Pittidae","八色鸫科","Pitta","八色鸫属","Pitta_moluccensis",NA,NA,NA,"Pitta_moluccensis",TRUE,FALSE,FALSE,"Exact match"
"Pitta nympha","仙八色鸫","Passeriformes","雀形目","Pittidae","八色鸫科","Pitta","八色鸫属","Pitta_nympha",NA,NA,NA,"Pitta_nympha",TRUE,FALSE,FALSE,"Exact match"
"Pitta sordida","绿胸八色鸫","Passeriformes","雀形目","Pittidae","八色鸫科","Pitta","八色鸫属","Pitta_sordida",NA,NA,NA,"Pitta_sordida",TRUE,FALSE,FALSE,"Exact match"
"Ploceus manyar","纹胸织雀","Passeriformes","雀形目","Ploceidae","织雀科","Ploceus","织布鸟属","Ploceus_manyar",NA,NA,NA,"Ploceus_manyar",TRUE,FALSE,FALSE,"Exact match"
"Ploceus philippinus","黄胸织雀","Passeriformes","雀形目","Ploceidae","织雀科","Ploceus","织布鸟属","Ploceus_philippinus",NA,NA,NA,"Ploceus_philippinus",TRUE,FALSE,FALSE,"Exact match"
"Pnoepyga albiventer","鳞胸鹪鹛","Passeriformes","雀形目","Pnoepygidae","鳞胸鹪鹛科","Pnoepyga","鳞鹪鹛属","Pnoepyga_albiventer",NA,NA,NA,"Pnoepyga_albiventer",TRUE,FALSE,FALSE,"Exact match"
"Pnoepyga formosana","台湾鹪鹛","Passeriformes","雀形目","Pnoepygidae","鳞胸鹪鹛科","Pnoepyga","鳞鹪鹛属","Pnoepyga_formosana",NA,NA,NA,"Pnoepyga_formosana",TRUE,FALSE,FALSE,"Exact match"
"Pnoepyga immaculata","尼泊尔鹪鹛","Passeriformes","雀形目","Pnoepygidae","鳞胸鹪鹛科","Pnoepyga","鳞鹪鹛属","Pnoepyga_immaculata",NA,NA,NA,"Pnoepyga_immaculata",TRUE,FALSE,FALSE,"Exact match"
"Pnoepyga pusilla","小鳞胸鹪鹛","Passeriformes","雀形目","Pnoepygidae","鳞胸鹪鹛科","Pnoepyga","鳞鹪鹛属","Pnoepyga_pusilla",NA,NA,NA,"Pnoepyga_pusilla",TRUE,FALSE,FALSE,"Exact match"
"Prunella atrogularis","黑喉岩鹨","Passeriformes","雀形目","Prunellidae","岩鹨科","Prunella","岩鹨属","Prunella_atrogularis",NA,NA,NA,"Prunella_atrogularis",TRUE,FALSE,FALSE,"Exact match"
"Prunella collaris","领岩鹨","Passeriformes","雀形目","Prunellidae","岩鹨科","Prunella","岩鹨属","Prunella_collaris",NA,NA,NA,"Prunella_collaris",TRUE,FALSE,FALSE,"Exact match"
"Prunella fulvescens","褐岩鹨","Passeriformes","雀形目","Prunellidae","岩鹨科","Prunella","岩鹨属","Prunella_fulvescens",NA,NA,NA,"Prunella_fulvescens",TRUE,FALSE,FALSE,"Exact match"
"Prunella himalayana","高原岩鹨","Passeriformes","雀形目","Prunellidae","岩鹨科","Prunella","岩鹨属","Prunella_himalayana",NA,NA,NA,"Prunella_himalayana",TRUE,FALSE,FALSE,"Exact match"
"Prunella immaculata","栗背岩鹨","Passeriformes","雀形目","Prunellidae","岩鹨科","Prunella","岩鹨属","Prunella_immaculata",NA,NA,NA,"Prunella_immaculata",TRUE,FALSE,FALSE,"Exact match"
"Prunella koslowi","贺兰山岩鹨","Passeriformes","雀形目","Prunellidae","岩鹨科","Prunella","岩鹨属","Prunella_koslowi",NA,NA,NA,"Prunella_koslowi",TRUE,FALSE,FALSE,"Exact match"
"Prunella montanella","棕眉山岩鹨","Passeriformes","雀形目","Prunellidae","岩鹨科","Prunella","岩鹨属","Prunella_montanella",NA,NA,NA,"Prunella_montanella",TRUE,FALSE,FALSE,"Exact match"
"Prunella rubeculoides","鸲岩鹨","Passeriformes","雀形目","Prunellidae","岩鹨科","Prunella","岩鹨属","Prunella_rubeculoides",NA,NA,NA,"Prunella_rubeculoides",TRUE,FALSE,FALSE,"Exact match"
"Prunella strophiata","棕胸岩鹨","Passeriformes","雀形目","Prunellidae","岩鹨科","Prunella","岩鹨属","Prunella_strophiata",NA,NA,NA,"Prunella_strophiata",TRUE,FALSE,FALSE,"Exact match"
"Alcurus striatus","纵纹绿鹎","Passeriformes","雀形目","Pycnonotidae","鹎科","Alcurus",NA,"Alcurus_striatus",NA,NA,NA,"Alcurus_striatus",TRUE,FALSE,FALSE,"Exact match"
"Alophoixus flaveolus","黄腹冠鹎","Passeriformes","雀形目","Pycnonotidae","鹎科","Alophoixus",NA,"Alophoixus_flaveolus",NA,NA,NA,"Alophoixus_flaveolus",TRUE,FALSE,FALSE,"Exact match"
"Alophoixus pallidus","白喉冠鹎","Passeriformes","雀形目","Pycnonotidae","鹎科","Alophoixus",NA,"Alophoixus_pallidus",NA,NA,NA,"Alophoixus_pallidus",TRUE,FALSE,FALSE,"Exact match"
"Brachypodius atriceps","黑头鹎","Passeriformes","雀形目","Pycnonotidae","鹎科","Brachypodius",NA,"Brachypodius_atriceps",NA,NA,NA,"Brachypodius_atriceps",FALSE,FALSE,TRUE,"Unresolved"
"Hemixos castanonotus","栗背短脚鹎","Passeriformes","雀形目","Pycnonotidae","鹎科","Hemixos",NA,"Hemixos_castanonotus",NA,NA,NA,"Hemixos_castanonotus",TRUE,FALSE,FALSE,"Exact match"
"Hemixos flavala","灰短脚鹎","Passeriformes","雀形目","Pycnonotidae","鹎科","Hemixos",NA,"Hemixos_flavala",NA,NA,NA,"Hemixos_flavala",TRUE,FALSE,FALSE,"Exact match"
"Hypsipetes amaurotis","栗耳短脚鹎","Passeriformes","雀形目","Pycnonotidae","鹎科","Hypsipetes","短脚鹎属","Hypsipetes_amaurotis",NA,NA,NA,"Hypsipetes_amaurotis",TRUE,FALSE,FALSE,"Exact match"
"Hypsipetes leucocephalus","黑短脚鹎","Passeriformes","雀形目","Pycnonotidae","鹎科","Hypsipetes","短脚鹎属","Hypsipetes_leucocephalus",NA,NA,NA,"Hypsipetes_leucocephalus",TRUE,FALSE,FALSE,"Exact match"
"Iole propinqua","灰眼短脚鹎","Passeriformes","雀形目","Pycnonotidae","鹎科","Iole",NA,"Iole_propinqua",NA,NA,NA,"Iole_propinqua",TRUE,FALSE,FALSE,"Exact match"
"Ixos mcclellandii","绿翅短脚鹎","Passeriformes","雀形目","Pycnonotidae","鹎科","Ixos",NA,"Ixos_mcclellandii",NA,NA,NA,"Ixos_mcclellandii",TRUE,FALSE,FALSE,"Exact match"
"Pycnonotus aurigaster","白喉红臀鹎","Passeriformes","雀形目","Pycnonotidae","鹎科","Pycnonotus","鹎属","Pycnonotus_aurigaster",NA,NA,NA,"Pycnonotus_aurigaster",TRUE,FALSE,FALSE,"Exact match"
"Pycnonotus cafer","黑喉红臀鹎","Passeriformes","雀形目","Pycnonotidae","鹎科","Pycnonotus","鹎属","Pycnonotus_cafer",NA,NA,NA,"Pycnonotus_cafer",TRUE,FALSE,FALSE,"Exact match"
"Pycnonotus finlaysoni","纹喉鹎","Passeriformes","雀形目","Pycnonotidae","鹎科","Pycnonotus","鹎属","Pycnonotus_finlaysoni",NA,NA,NA,"Pycnonotus_finlaysoni",TRUE,FALSE,FALSE,"Exact match"
"Pycnonotus flavescens","黄绿鹎","Passeriformes","雀形目","Pycnonotidae","鹎科","Pycnonotus","鹎属","Pycnonotus_flavescens",NA,NA,NA,"Pycnonotus_flavescens",TRUE,FALSE,FALSE,"Exact match"
"Pycnonotus goiavier","白眉黄臀鹎","Passeriformes","雀形目","Pycnonotidae","鹎科","Pycnonotus","鹎属","Pycnonotus_goiavier",NA,NA,NA,"Pycnonotus_goiavier",TRUE,FALSE,FALSE,"Exact match"
"Pycnonotus jocosus","红耳鹎","Passeriformes","雀形目","Pycnonotidae","鹎科","Pycnonotus","鹎属","Pycnonotus_jocosus",NA,NA,NA,"Pycnonotus_jocosus",TRUE,FALSE,FALSE,"Exact match"
"Pycnonotus leucogenys","白颊鹎","Passeriformes","雀形目","Pycnonotidae","鹎科","Pycnonotus","鹎属","Pycnonotus_leucogenys",NA,NA,NA,"Pycnonotus_leucogenys",TRUE,FALSE,FALSE,"Exact match"
"Pycnonotus sinensis","白头鹎","Passeriformes","雀形目","Pycnonotidae","鹎科","Pycnonotus","鹎属","Pycnonotus_sinensis",NA,NA,NA,"Pycnonotus_sinensis",TRUE,FALSE,FALSE,"Exact match"
"Pycnonotus taivanus","台湾鹎","Passeriformes","雀形目","Pycnonotidae","鹎科","Pycnonotus","鹎属","Pycnonotus_taivanus",NA,NA,NA,"Pycnonotus_taivanus",TRUE,FALSE,FALSE,"Exact match"
"Pycnonotus xanthorrhous","黄臀鹎","Passeriformes","雀形目","Pycnonotidae","鹎科","Pycnonotus","鹎属","Pycnonotus_xanthorrhous",NA,NA,NA,"Pycnonotus_xanthorrhous",TRUE,FALSE,FALSE,"Exact match"
"Rubigula flaviventris","黑冠黄鹎","Passeriformes","雀形目","Pycnonotidae","鹎科","Rubigula",NA,"Rubigula_flaviventris",NA,NA,NA,"Rubigula_flaviventris",TRUE,FALSE,FALSE,"Exact match"
"Spizixos canifrons","凤头雀嘴鹎","Passeriformes","雀形目","Pycnonotidae","鹎科","Spizixos","雀嘴鹎属","Spizixos_canifrons",NA,NA,NA,"Spizixos_canifrons",TRUE,FALSE,FALSE,"Exact match"
"Spizixos semitorques","领雀嘴鹎","Passeriformes","雀形目","Pycnonotidae","鹎科","Spizixos","雀嘴鹎属","Spizixos_semitorques",NA,NA,NA,"Spizixos_semitorques",TRUE,FALSE,FALSE,"Exact match"
"Regulus goodfellowi","台湾戴菊","Passeriformes","雀形目","Regulidae","戴菊科","Regulus","戴菊属","Regulus_goodfellowi",NA,NA,NA,"Regulus_goodfellowi",TRUE,FALSE,FALSE,"Exact match"
"Regulus regulus","戴菊","Passeriformes","雀形目","Regulidae","戴菊科","Regulus","戴菊属","Regulus_regulus",NA,NA,NA,"Regulus_regulus",TRUE,FALSE,FALSE,"Exact match"
"Remiz consobrinus","中华攀雀","Passeriformes","雀形目","Remizidae","攀雀科","Remiz","攀雀属","Remiz_consobrinus",NA,NA,NA,"Remiz_consobrinus",TRUE,FALSE,FALSE,"Exact match"
"Remiz coronatus","白冠攀雀","Passeriformes","雀形目","Remizidae","攀雀科","Remiz","攀雀属","Remiz_coronatus",NA,NA,NA,"Remiz_coronatus",TRUE,FALSE,FALSE,"Exact match"
"Remiz macronyx","黑头攀雀","Passeriformes","雀形目","Remizidae","攀雀科","Remiz","攀雀属","Remiz_macronyx",NA,NA,NA,"Remiz_macronyx",TRUE,FALSE,FALSE,"Exact match"
"Rhipidura albicollis","白喉扇尾鹟","Passeriformes","雀形目","Rhipiduridae","扇尾鹟科","Rhipidura","扇尾鹟属","Rhipidura_albicollis",NA,NA,NA,"Rhipidura_albicollis",TRUE,FALSE,FALSE,"Exact match"
"Rhipidura aureola","白眉扇尾鹟","Passeriformes","雀形目","Rhipiduridae","扇尾鹟科","Rhipidura","扇尾鹟属","Rhipidura_aureola",NA,NA,NA,"Rhipidura_aureola",TRUE,FALSE,FALSE,"Exact match"
"Rhipidura nigritorquis","菲律宾斑扇尾鹟","Passeriformes","雀形目","Rhipiduridae","扇尾鹟科","Rhipidura","扇尾鹟属","Rhipidura_nigritorquis",NA,NA,NA,"Rhipidura_nigritorquis",TRUE,FALSE,FALSE,"Exact match"
"Abroscopus albogularis","棕脸鹟莺","Passeriformes","雀形目","Scotocercidae","树莺科","Abroscopus","拟鹟莺属","Abroscopus_albogularis",NA,NA,NA,"Abroscopus_albogularis",TRUE,FALSE,FALSE,"Exact match"
"Abroscopus schisticeps","黑脸鹟莺","Passeriformes","雀形目","Scotocercidae","树莺科","Abroscopus","拟鹟莺属","Abroscopus_schisticeps",NA,NA,NA,"Abroscopus_schisticeps",TRUE,FALSE,FALSE,"Exact match"
"Abroscopus superciliaris","黄腹鹟莺","Passeriformes","雀形目","Scotocercidae","树莺科","Abroscopus","拟鹟莺属","Abroscopus_superciliaris",NA,NA,NA,"Abroscopus_superciliaris",TRUE,FALSE,FALSE,"Exact match"
"Cettia brunnifrons","棕顶树莺","Passeriformes","雀形目","Scotocercidae","树莺科","Cettia","树莺属","Cettia_brunnifrons",NA,NA,NA,"Cettia_brunnifrons",TRUE,FALSE,FALSE,"Exact match"
"Cettia castaneocoronata","栗头树莺","Passeriformes","雀形目","Scotocercidae","树莺科","Cettia","树莺属","Cettia_castaneocoronata",NA,NA,NA,"Cettia_castaneocoronata",TRUE,FALSE,FALSE,"Exact match"
"Cettia cetti","宽尾树莺","Passeriformes","雀形目","Scotocercidae","树莺科","Cettia","树莺属","Cettia_cetti",NA,NA,NA,"Cettia_cetti",TRUE,FALSE,FALSE,"Exact match"
"Cettia major","大树莺","Passeriformes","雀形目","Scotocercidae","树莺科","Cettia","树莺属","Cettia_major",NA,NA,NA,"Cettia_major",TRUE,FALSE,FALSE,"Exact match"
"Hemitesia pallidipes","淡脚树莺","Passeriformes","雀形目","Scotocercidae","树莺科","Hemitesia",NA,"Hemitesia_pallidipes",NA,NA,NA,"Hemitesia_pallidipes",TRUE,FALSE,FALSE,"Exact match"
"Horornis acanthizoides","黄腹树莺","Passeriformes","雀形目","Scotocercidae","树莺科","Horornis",NA,"Horornis_acanthizoides",NA,NA,NA,"Horornis_acanthizoides",TRUE,FALSE,FALSE,"Exact match"
"Horornis brunnescens","喜山黄腹树莺","Passeriformes","雀形目","Scotocercidae","树莺科","Horornis",NA,"Horornis_brunnescens",NA,NA,NA,"Horornis_brunnescens",TRUE,FALSE,FALSE,"Exact match"
"Horornis canturians","远东树莺","Passeriformes","雀形目","Scotocercidae","树莺科","Horornis",NA,"Horornis_canturians",NA,NA,NA,"Horornis_canturians",TRUE,FALSE,FALSE,"Exact match"
"Horornis diphone","短翅树莺","Passeriformes","雀形目","Scotocercidae","树莺科","Horornis",NA,"Horornis_diphone",NA,NA,NA,"Horornis_diphone",TRUE,FALSE,FALSE,"Exact match"
"Horornis flavolivaceus","异色树莺","Passeriformes","雀形目","Scotocercidae","树莺科","Horornis",NA,"Horornis_flavolivaceus",NA,NA,NA,"Horornis_flavolivaceus",TRUE,FALSE,FALSE,"Exact match"
"Horornis fortipes","强脚树莺","Passeriformes","雀形目","Scotocercidae","树莺科","Horornis",NA,"Horornis_fortipes",NA,NA,NA,"Horornis_fortipes",TRUE,FALSE,FALSE,"Exact match"
"Phyllergates cucullatus","栗头织叶莺","Passeriformes","雀形目","Scotocercidae","树莺科","Phyllergates",NA,"Phyllergates_cucullatus",NA,NA,NA,"Phyllergates_cucullatus",TRUE,FALSE,FALSE,"Exact match"
"Tesia cyaniventer","灰腹地莺","Passeriformes","雀形目","Scotocercidae","树莺科","Tesia","地莺属","Tesia_cyaniventer",NA,NA,NA,"Tesia_cyaniventer",TRUE,FALSE,FALSE,"Exact match"
"Tesia olivea","金冠地莺","Passeriformes","雀形目","Scotocercidae","树莺科","Tesia","地莺属","Tesia_olivea",NA,NA,NA,"Tesia_olivea",TRUE,FALSE,FALSE,"Exact match"
"Tickellia hodgsoni","宽嘴鶲莺","Passeriformes","雀形目","Scotocercidae","树莺科","Tickellia","宽嘴鶲莺属","Tickellia_hodgsoni",NA,NA,NA,"Tickellia_hodgsoni",TRUE,FALSE,FALSE,"Exact match"
"Urosphena squameiceps","鳞头树莺","Passeriformes","雀形目","Scotocercidae","树莺科","Urosphena",NA,"Urosphena_squameiceps",NA,NA,NA,"Urosphena_squameiceps",TRUE,FALSE,FALSE,"Exact match"
"Sitta cinnamoventris","栗腹䴓","Passeriformes","雀形目","Sittidae","䴓科","Sitta","鳾属","Sitta_cinnamoventris",NA,NA,NA,"Sitta_cinnamoventris",TRUE,FALSE,FALSE,"Exact match"
"Sitta europaea","普通䴓","Passeriformes","雀形目","Sittidae","䴓科","Sitta","鳾属","Sitta_europaea",NA,NA,NA,"Sitta_europaea",TRUE,FALSE,FALSE,"Exact match"
"Sitta formosa","丽䴓","Passeriformes","雀形目","Sittidae","䴓科","Sitta","鳾属","Sitta_formosa",NA,NA,NA,"Sitta_formosa",TRUE,FALSE,FALSE,"Exact match"
"Sitta frontalis","绒额䴓","Passeriformes","雀形目","Sittidae","䴓科","Sitta","鳾属","Sitta_frontalis",NA,NA,NA,"Sitta_frontalis",TRUE,FALSE,FALSE,"Exact match"
"Sitta himalayensis","白尾䴓","Passeriformes","雀形目","Sittidae","䴓科","Sitta","鳾属","Sitta_himalayensis",NA,NA,NA,"Sitta_himalayensis",TRUE,FALSE,FALSE,"Exact match"
"Sitta magna","巨䴓","Passeriformes","雀形目","Sittidae","䴓科","Sitta","鳾属","Sitta_magna",NA,NA,NA,"Sitta_magna",TRUE,FALSE,FALSE,"Exact match"
"Sitta nagaensis","栗臀䴓","Passeriformes","雀形目","Sittidae","䴓科","Sitta","鳾属","Sitta_nagaensis",NA,NA,NA,"Sitta_nagaensis",TRUE,FALSE,FALSE,"Exact match"
"Sitta przewalskii","白脸䴓","Passeriformes","雀形目","Sittidae","䴓科","Sitta","鳾属","Sitta_przewalskii",NA,NA,NA,"Sitta_przewalskii",TRUE,FALSE,FALSE,"Exact match"
"Sitta solangiae","淡紫䴓","Passeriformes","雀形目","Sittidae","䴓科","Sitta","鳾属","Sitta_solangiae",NA,NA,NA,"Sitta_solangiae",TRUE,FALSE,FALSE,"Exact match"
"Sitta villosa","黑头䴓","Passeriformes","雀形目","Sittidae","䴓科","Sitta","鳾属","Sitta_villosa",NA,NA,NA,"Sitta_villosa",TRUE,FALSE,FALSE,"Exact match"
"Sitta yunnanensis","滇䴓","Passeriformes","雀形目","Sittidae","䴓科","Sitta","鳾属","Sitta_yunnanensis",NA,NA,NA,"Sitta_yunnanensis",TRUE,FALSE,FALSE,"Exact match"
"Tichodroma muraria","红翅旋壁雀","Passeriformes","雀形目","Sittidae","䴓科","Tichodroma","旋壁雀属","Tichodroma_muraria",NA,NA,NA,"Tichodroma_muraria",TRUE,FALSE,FALSE,"Exact match"
"Chelidorhynx hypoxanthus","黄腹扇尾鹟","Passeriformes","雀形目","Stenostiridae","玉鹟科","Chelidorhynx",NA,"Chelidorhynx_hypoxanthus",NA,NA,NA,"Chelidorhynx_hypoxanthus",TRUE,FALSE,FALSE,"Exact match"
"Culicicapa ceylonensis","方尾鹟","Passeriformes","雀形目","Stenostiridae","玉鹟科","Culicicapa","方尾鹟属","Culicicapa_ceylonensis",NA,NA,NA,"Culicicapa_ceylonensis",TRUE,FALSE,FALSE,"Exact match"
"Acridotheres albocinctus","白领八哥","Passeriformes","雀形目","Sturnidae","椋鸟科","Acridotheres","八哥属","Acridotheres_albocinctus",NA,NA,NA,"Acridotheres_albocinctus",TRUE,FALSE,FALSE,"Exact match"
"Acridotheres burmannicus","红嘴椋鸟","Passeriformes","雀形目","Sturnidae","椋鸟科","Acridotheres","八哥属","Acridotheres_burmannicus",NA,NA,NA,"Acridotheres_burmannicus",TRUE,FALSE,FALSE,"Exact match"
"Acridotheres cristatellus","八哥","Passeriformes","雀形目","Sturnidae","椋鸟科","Acridotheres","八哥属","Acridotheres_cristatellus",NA,NA,NA,"Acridotheres_cristatellus",TRUE,FALSE,FALSE,"Exact match"
"Acridotheres grandis","林八哥","Passeriformes","雀形目","Sturnidae","椋鸟科","Acridotheres","八哥属","Acridotheres_grandis",NA,NA,NA,"Acridotheres_grandis",TRUE,FALSE,FALSE,"Exact match"
"Acridotheres javanicus","爪哇八哥","Passeriformes","雀形目","Sturnidae","椋鸟科","Acridotheres","八哥属","Acridotheres_javanicus",NA,NA,NA,"Acridotheres_javanicus",TRUE,FALSE,FALSE,"Exact match"
"Acridotheres tristis","家八哥","Passeriformes","雀形目","Sturnidae","椋鸟科","Acridotheres","八哥属","Acridotheres_tristis",NA,NA,NA,"Acridotheres_tristis",TRUE,FALSE,FALSE,"Exact match"
"Agropsar philippensis","紫背椋鸟","Passeriformes","雀形目","Sturnidae","椋鸟科","Agropsar",NA,"Agropsar_philippensis",NA,NA,NA,"Agropsar_philippensis",TRUE,FALSE,FALSE,"Exact match"
"Agropsar sturninus","北椋鸟","Passeriformes","雀形目","Sturnidae","椋鸟科","Agropsar",NA,"Agropsar_sturninus",NA,NA,NA,"Agropsar_sturninus",TRUE,FALSE,FALSE,"Exact match"
"Ampeliceps coronatus","金冠树八哥","Passeriformes","雀形目","Sturnidae","椋鸟科","Ampeliceps","树八哥属","Ampeliceps_coronatus",NA,NA,NA,"Ampeliceps_coronatus",TRUE,FALSE,FALSE,"Exact match"
"Aplonis panayensis","亚洲辉椋鸟","Passeriformes","雀形目","Sturnidae","椋鸟科","Aplonis",NA,"Aplonis_panayensis",NA,NA,NA,"Aplonis_panayensis",TRUE,FALSE,FALSE,"Exact match"
"Gracula religiosa","鹩哥","Passeriformes","雀形目","Sturnidae","椋鸟科","Gracula","鹩哥属","Gracula_religiosa",NA,NA,NA,"Gracula_religiosa",TRUE,FALSE,FALSE,"Exact match"
"Gracupica contra","斑椋鸟","Passeriformes","雀形目","Sturnidae","椋鸟科","Gracupica",NA,"Gracupica_contra",NA,NA,NA,"Gracupica_contra",TRUE,FALSE,FALSE,"Exact match"
"Gracupica floweri","暹罗斑椋鸟","Passeriformes","雀形目","Sturnidae","椋鸟科","Gracupica",NA,"Gracupica_floweri",NA,NA,NA,"Gracupica_floweri",TRUE,FALSE,FALSE,"Exact match"
"Gracupica nigricollis","黑领椋鸟","Passeriformes","雀形目","Sturnidae","椋鸟科","Gracupica",NA,"Gracupica_nigricollis",NA,NA,NA,"Gracupica_nigricollis",TRUE,FALSE,FALSE,"Exact match"
"Pastor roseus","粉红椋鸟","Passeriformes","雀形目","Sturnidae","椋鸟科","Pastor",NA,"Pastor_roseus",NA,NA,NA,"Pastor_roseus",TRUE,FALSE,FALSE,"Exact match"
"Saroglossa spilopterus","斑翅椋鸟","Passeriformes","雀形目","Sturnidae","椋鸟科","Saroglossa",NA,"Saroglossa_spilopterus",NA,NA,NA,"Saroglossa_spilopterus",TRUE,FALSE,FALSE,"Exact match"
"Spodiopsar cineraceus","灰椋鸟","Passeriformes","雀形目","Sturnidae","椋鸟科","Spodiopsar",NA,"Spodiopsar_cineraceus",NA,NA,NA,"Spodiopsar_cineraceus",TRUE,FALSE,FALSE,"Exact match"
"Spodiopsar sericeus","丝光椋鸟","Passeriformes","雀形目","Sturnidae","椋鸟科","Spodiopsar",NA,"Spodiopsar_sericeus",NA,NA,NA,"Spodiopsar_sericeus",TRUE,FALSE,FALSE,"Exact match"
"Sturnia malabarica","灰头椋鸟","Passeriformes","雀形目","Sturnidae","椋鸟科","Sturnia",NA,"Sturnia_malabarica",NA,NA,NA,"Sturnia_malabarica",TRUE,FALSE,FALSE,"Exact match"
"Sturnia pagodarum","黑冠椋鸟","Passeriformes","雀形目","Sturnidae","椋鸟科","Sturnia",NA,"Sturnia_pagodarum",NA,NA,NA,"Sturnia_pagodarum",TRUE,FALSE,FALSE,"Exact match"
"Sturnia sinensis","灰背椋鸟","Passeriformes","雀形目","Sturnidae","椋鸟科","Sturnia",NA,"Sturnia_sinensis",NA,NA,NA,"Sturnia_sinensis",TRUE,FALSE,FALSE,"Exact match"
"Sturnus vulgaris","紫翅椋鸟","Passeriformes","雀形目","Sturnidae","椋鸟科","Sturnus","椋鸟属","Sturnus_vulgaris",NA,NA,NA,"Sturnus_vulgaris",TRUE,FALSE,FALSE,"Exact match"
"Curruca althaea","休氏白喉林莺","Passeriformes","雀形目","Sylviidae","莺鹛科","Curruca",NA,"Curruca_althaea",NA,NA,NA,"Curruca_althaea",FALSE,FALSE,TRUE,"Unresolved"
"Curruca communis","灰白喉林莺","Passeriformes","雀形目","Sylviidae","莺鹛科","Curruca",NA,"Curruca_communis",NA,NA,NA,"Curruca_communis",TRUE,FALSE,FALSE,"Exact match"
"Curruca crassirostris","东歌林莺","Passeriformes","雀形目","Sylviidae","莺鹛科","Curruca",NA,"Curruca_crassirostris",NA,NA,NA,"Curruca_crassirostris",TRUE,FALSE,FALSE,"Exact match"
"Curruca curruca","白喉林莺","Passeriformes","雀形目","Sylviidae","莺鹛科","Curruca",NA,"Curruca_curruca",NA,NA,NA,"Curruca_curruca",TRUE,FALSE,FALSE,"Exact match"
"Curruca minula","漠白喉林莺","Passeriformes","雀形目","Sylviidae","莺鹛科","Curruca",NA,"Curruca_minula",NA,NA,NA,"Curruca_minula",FALSE,FALSE,TRUE,"Unresolved"
"Curruca nana","荒漠林莺","Passeriformes","雀形目","Sylviidae","莺鹛科","Curruca",NA,"Curruca_nana",NA,NA,NA,"Curruca_nana",TRUE,FALSE,FALSE,"Exact match"
"Curruca nisoria","横斑林莺","Passeriformes","雀形目","Sylviidae","莺鹛科","Curruca",NA,"Curruca_nisoria",NA,NA,NA,"Curruca_nisoria",TRUE,FALSE,FALSE,"Exact match"
"Sylvia atricapilla","黑顶林莺","Passeriformes","雀形目","Sylviidae","莺鹛科","Sylvia","莺属","Sylvia_atricapilla",NA,NA,NA,"Sylvia_atricapilla",TRUE,FALSE,FALSE,"Exact match"
"Cyanoderma ambiguum","黄喉穗鹛","Passeriformes","雀形目","Timaliidae","林鹛科","Cyanoderma",NA,"Cyanoderma_ambiguum",NA,NA,NA,"Cyanoderma_ambiguum",TRUE,FALSE,FALSE,"Exact match"
"Cyanoderma chrysaeum","金头穗鹛","Passeriformes","雀形目","Timaliidae","林鹛科","Cyanoderma",NA,"Cyanoderma_chrysaeum",NA,NA,NA,"Cyanoderma_chrysaeum",TRUE,FALSE,FALSE,"Exact match"
"Cyanoderma pyrrhops","黑颏穗鹛","Passeriformes","雀形目","Timaliidae","林鹛科","Cyanoderma",NA,"Cyanoderma_pyrrhops",NA,NA,NA,"Cyanoderma_pyrrhops",TRUE,FALSE,FALSE,"Exact match"
"Cyanoderma ruficeps","红头穗鹛","Passeriformes","雀形目","Timaliidae","林鹛科","Cyanoderma",NA,"Cyanoderma_ruficeps",NA,NA,NA,"Cyanoderma_ruficeps",TRUE,FALSE,FALSE,"Exact match"
"Erythrogenys erythrocnemis","台湾斑胸钩嘴鹛","Passeriformes","雀形目","Timaliidae","林鹛科","Erythrogenys",NA,"Erythrogenys_erythrocnemis",NA,NA,NA,"Erythrogenys_erythrocnemis",TRUE,FALSE,FALSE,"Exact match"
"Erythrogenys erythrogenys","锈脸钩嘴鹛","Passeriformes","雀形目","Timaliidae","林鹛科","Erythrogenys",NA,"Erythrogenys_erythrogenys",NA,NA,NA,"Erythrogenys_erythrogenys",TRUE,FALSE,FALSE,"Exact match"
"Erythrogenys gravivox","斑胸钩嘴鹛","Passeriformes","雀形目","Timaliidae","林鹛科","Erythrogenys",NA,"Erythrogenys_gravivox",NA,NA,NA,"Erythrogenys_gravivox",TRUE,FALSE,FALSE,"Exact match"
"Erythrogenys hypoleucos","长嘴钩嘴鹛","Passeriformes","雀形目","Timaliidae","林鹛科","Erythrogenys",NA,"Erythrogenys_hypoleucos",NA,NA,NA,"Erythrogenys_hypoleucos",TRUE,FALSE,FALSE,"Exact match"
"Erythrogenys swinhoei","华南斑胸钩嘴鹛","Passeriformes","雀形目","Timaliidae","林鹛科","Erythrogenys",NA,"Erythrogenys_swinhoei",NA,NA,NA,"Erythrogenys_swinhoei",TRUE,FALSE,FALSE,"Exact match"
"Mixornis gularis","纹胸鹛","Passeriformes","雀形目","Timaliidae","林鹛科","Mixornis",NA,"Mixornis_gularis",NA,NA,NA,"Mixornis_gularis",TRUE,FALSE,FALSE,"Exact match"
"Pomatorhinus ferruginosus","红嘴钩嘴鹛","Passeriformes","雀形目","Timaliidae","林鹛科","Pomatorhinus","钩嘴鹛属","Pomatorhinus_ferruginosus",NA,NA,NA,"Pomatorhinus_ferruginosus",TRUE,FALSE,FALSE,"Exact match"
"Pomatorhinus musicus","台湾棕颈钩嘴鹛","Passeriformes","雀形目","Timaliidae","林鹛科","Pomatorhinus","钩嘴鹛属","Pomatorhinus_musicus",NA,NA,NA,"Pomatorhinus_musicus",TRUE,FALSE,FALSE,"Exact match"
"Pomatorhinus ochraceiceps","棕头钩嘴鹛","Passeriformes","雀形目","Timaliidae","林鹛科","Pomatorhinus","钩嘴鹛属","Pomatorhinus_ochraceiceps",NA,NA,NA,"Pomatorhinus_ochraceiceps",TRUE,FALSE,FALSE,"Exact match"
"Pomatorhinus ruficollis","棕颈钩嘴鹛","Passeriformes","雀形目","Timaliidae","林鹛科","Pomatorhinus","钩嘴鹛属","Pomatorhinus_ruficollis",NA,NA,NA,"Pomatorhinus_ruficollis",TRUE,FALSE,FALSE,"Exact match"
"Pomatorhinus schisticeps","灰头钩嘴鹛","Passeriformes","雀形目","Timaliidae","林鹛科","Pomatorhinus","钩嘴鹛属","Pomatorhinus_schisticeps",NA,NA,NA,"Pomatorhinus_schisticeps",TRUE,FALSE,FALSE,"Exact match"
"Pomatorhinus superciliaris","细嘴钩嘴鹛","Passeriformes","雀形目","Timaliidae","林鹛科","Pomatorhinus","钩嘴鹛属","Pomatorhinus_superciliaris",NA,NA,NA,"Pomatorhinus_superciliaris",TRUE,FALSE,FALSE,"Exact match"
"Spelaeornis badeigularis","锈喉鹩鹛","Passeriformes","雀形目","Timaliidae","林鹛科","Spelaeornis","鹩鹛属","Spelaeornis_badeigularis",NA,NA,NA,"Spelaeornis_badeigularis",TRUE,FALSE,FALSE,"Exact match"
"Spelaeornis caudatus","棕喉鹩鹛","Passeriformes","雀形目","Timaliidae","林鹛科","Spelaeornis","鹩鹛属","Spelaeornis_caudatus",NA,NA,NA,"Spelaeornis_caudatus",TRUE,FALSE,FALSE,"Exact match"
"Spelaeornis chocolatinus","长尾鹩鹛","Passeriformes","雀形目","Timaliidae","林鹛科","Spelaeornis","鹩鹛属","Spelaeornis_chocolatinus",NA,NA,NA,"Spelaeornis_chocolatinus",TRUE,FALSE,FALSE,"Exact match"
"Spelaeornis kinneari","淡喉鹩鹛","Passeriformes","雀形目","Timaliidae","林鹛科","Spelaeornis","鹩鹛属","Spelaeornis_kinneari",NA,NA,NA,"Spelaeornis_kinneari",TRUE,FALSE,FALSE,"Exact match"
"Spelaeornis troglodytoides","斑翅鹩鹛","Passeriformes","雀形目","Timaliidae","林鹛科","Spelaeornis","鹩鹛属","Spelaeornis_troglodytoides",NA,NA,NA,"Spelaeornis_troglodytoides",TRUE,FALSE,FALSE,"Exact match"
"Stachyris humei","黑胸楔嘴穗鹛","Passeriformes","雀形目","Timaliidae","林鹛科","Stachyris","穗鹛属","Stachyris_humei",NA,NA,NA,"Stachyris_humei",TRUE,FALSE,FALSE,"Exact match"
"Stachyris nigriceps","黑头穗鹛","Passeriformes","雀形目","Timaliidae","林鹛科","Stachyris","穗鹛属","Stachyris_nigriceps",NA,NA,NA,"Stachyris_nigriceps",TRUE,FALSE,FALSE,"Exact match"
"Stachyris nonggangensis","弄岗穗鹛","Passeriformes","雀形目","Timaliidae","林鹛科","Stachyris","穗鹛属","Stachyris_nonggangensis",NA,NA,NA,"Stachyris_nonggangensis",TRUE,FALSE,FALSE,"Exact match"
"Stachyris roberti","楔嘴穗鹛","Passeriformes","雀形目","Timaliidae","林鹛科","Stachyris","穗鹛属","Stachyris_roberti",NA,NA,NA,"Stachyris_roberti",TRUE,FALSE,FALSE,"Exact match"
"Stachyris strialata","斑颈穗鹛","Passeriformes","雀形目","Timaliidae","林鹛科","Stachyris","穗鹛属","Stachyris_strialata",NA,NA,NA,"Stachyris_strialata",TRUE,FALSE,FALSE,"Exact match"
"Timalia pileata","红顶鹛","Passeriformes","雀形目","Timaliidae","林鹛科","Timalia","鹛属","Timalia_pileata",NA,NA,NA,"Timalia_pileata",TRUE,FALSE,FALSE,"Exact match"
"Troglodytes troglodytes","鹪鹩","Passeriformes","雀形目","Troglodytidae","鹪鹩科","Troglodytes","鹪鹩属","Troglodytes_troglodytes",NA,NA,NA,"Troglodytes_troglodytes",TRUE,FALSE,FALSE,"Exact match"
"Cochoa purpurea","紫宽嘴鸫","Passeriformes","雀形目","Turdidae","鸫科","Cochoa","宽嘴鸫属","Cochoa_purpurea",NA,NA,NA,"Cochoa_purpurea",TRUE,FALSE,FALSE,"Exact match"
"Cochoa viridis","绿宽嘴鸫","Passeriformes","雀形目","Turdidae","鸫科","Cochoa","宽嘴鸫属","Cochoa_viridis",NA,NA,NA,"Cochoa_viridis",TRUE,FALSE,FALSE,"Exact match"
"Geokichla citrina","橙头地鸫","Passeriformes","雀形目","Turdidae","鸫科","Geokichla",NA,"Geokichla_citrina",NA,NA,NA,"Geokichla_citrina",TRUE,FALSE,FALSE,"Exact match"
"Geokichla sibirica","白眉地鸫","Passeriformes","雀形目","Turdidae","鸫科","Geokichla",NA,"Geokichla_sibirica",NA,NA,NA,"Geokichla_sibirica",TRUE,FALSE,FALSE,"Exact match"
"Grandala coelicolor","蓝大翅鸲","Passeriformes","雀形目","Turdidae","鸫科","Grandala","大翅鸲属","Grandala_coelicolor",NA,NA,NA,"Grandala_coelicolor",TRUE,FALSE,FALSE,"Exact match"
"Turdus albocinctus","白颈鸫","Passeriformes","雀形目","Turdidae","鸫科","Turdus","鸫属","Turdus_albocinctus",NA,NA,NA,"Turdus_albocinctus",TRUE,FALSE,FALSE,"Exact match"
"Turdus atrogularis","黑喉鸫","Passeriformes","雀形目","Turdidae","鸫科","Turdus","鸫属","Turdus_atrogularis",NA,NA,NA,"Turdus_atrogularis",TRUE,FALSE,FALSE,"Exact match"
"Turdus boulboul","灰翅鸫","Passeriformes","雀形目","Turdidae","鸫科","Turdus","鸫属","Turdus_boulboul",NA,NA,NA,"Turdus_boulboul",TRUE,FALSE,FALSE,"Exact match"
"Turdus cardis","乌灰鸫","Passeriformes","雀形目","Turdidae","鸫科","Turdus","鸫属","Turdus_cardis",NA,NA,NA,"Turdus_cardis",TRUE,FALSE,FALSE,"Exact match"
"Turdus chrysolaus","赤胸鸫","Passeriformes","雀形目","Turdidae","鸫科","Turdus","鸫属","Turdus_chrysolaus",NA,NA,NA,"Turdus_chrysolaus",TRUE,FALSE,FALSE,"Exact match"
"Turdus dissimilis","黑胸鸫","Passeriformes","雀形目","Turdidae","鸫科","Turdus","鸫属","Turdus_dissimilis",NA,NA,NA,"Turdus_dissimilis",TRUE,FALSE,FALSE,"Exact match"
"Turdus eunomus","斑鸫","Passeriformes","雀形目","Turdidae","鸫科","Turdus","鸫属","Turdus_eunomus",NA,NA,NA,"Turdus_eunomus",TRUE,FALSE,FALSE,"Exact match"
"Turdus feae","褐头鸫","Passeriformes","雀形目","Turdidae","鸫科","Turdus","鸫属","Turdus_feae",NA,NA,NA,"Turdus_feae",TRUE,FALSE,FALSE,"Exact match"
"Turdus hortulorum","灰背鸫","Passeriformes","雀形目","Turdidae","鸫科","Turdus","鸫属","Turdus_hortulorum",NA,NA,NA,"Turdus_hortulorum",TRUE,FALSE,FALSE,"Exact match"
"Turdus iliacus","白眉歌鸫","Passeriformes","雀形目","Turdidae","鸫科","Turdus","鸫属","Turdus_iliacus",NA,NA,NA,"Turdus_iliacus",TRUE,FALSE,FALSE,"Exact match"
"Turdus kessleri","棕背黑头鸫","Passeriformes","雀形目","Turdidae","鸫科","Turdus","鸫属","Turdus_kessleri",NA,NA,NA,"Turdus_kessleri",TRUE,FALSE,FALSE,"Exact match"
"Turdus mandarinus","乌鸫","Passeriformes","雀形目","Turdidae","鸫科","Turdus","鸫属","Turdus_mandarinus",NA,NA,NA,"Turdus_mandarinus",TRUE,FALSE,FALSE,"Exact match"
"Turdus maximus","藏乌鸫","Passeriformes","雀形目","Turdidae","鸫科","Turdus","鸫属","Turdus_maximus",NA,NA,NA,"Turdus_maximus",TRUE,FALSE,FALSE,"Exact match"
"Turdus merula","欧乌鸫","Passeriformes","雀形目","Turdidae","鸫科","Turdus","鸫属","Turdus_merula",NA,NA,NA,"Turdus_merula",TRUE,FALSE,FALSE,"Exact match"
"Turdus mupinensis","宝兴歌鸫","Passeriformes","雀形目","Turdidae","鸫科","Turdus","鸫属","Turdus_mupinensis",NA,NA,NA,"Turdus_mupinensis",TRUE,FALSE,FALSE,"Exact match"
"Turdus naumanni","红尾斑鸫","Passeriformes","雀形目","Turdidae","鸫科","Turdus","鸫属","Turdus_naumanni",NA,NA,NA,"Turdus_naumanni",TRUE,FALSE,FALSE,"Exact match"
"Turdus niveiceps","白头鸫","Passeriformes","雀形目","Turdidae","鸫科","Turdus","鸫属","Turdus_niveiceps",NA,NA,NA,"Turdus_niveiceps",TRUE,FALSE,FALSE,"Exact match"
"Turdus obscurus","白眉鸫","Passeriformes","雀形目","Turdidae","鸫科","Turdus","鸫属","Turdus_obscurus",NA,NA,NA,"Turdus_obscurus",TRUE,FALSE,FALSE,"Exact match"
"Turdus pallidus","白腹鸫","Passeriformes","雀形目","Turdidae","鸫科","Turdus","鸫属","Turdus_pallidus",NA,NA,NA,"Turdus_pallidus",TRUE,FALSE,FALSE,"Exact match"
"Turdus philomelos","欧歌鸫","Passeriformes","雀形目","Turdidae","鸫科","Turdus","鸫属","Turdus_philomelos",NA,NA,NA,"Turdus_philomelos",TRUE,FALSE,FALSE,"Exact match"
"Turdus pilaris","田鸫","Passeriformes","雀形目","Turdidae","鸫科","Turdus","鸫属","Turdus_pilaris",NA,NA,NA,"Turdus_pilaris",TRUE,FALSE,FALSE,"Exact match"
"Turdus rubrocanus","灰头鸫","Passeriformes","雀形目","Turdidae","鸫科","Turdus","鸫属","Turdus_rubrocanus",NA,NA,NA,"Turdus_rubrocanus",TRUE,FALSE,FALSE,"Exact match"
"Turdus ruficollis","赤颈鸫","Passeriformes","雀形目","Turdidae","鸫科","Turdus","鸫属","Turdus_ruficollis",NA,NA,NA,"Turdus_ruficollis",TRUE,FALSE,FALSE,"Exact match"
"Turdus unicolor","蒂氏鸫","Passeriformes","雀形目","Turdidae","鸫科","Turdus","鸫属","Turdus_unicolor",NA,NA,NA,"Turdus_unicolor",TRUE,FALSE,FALSE,"Exact match"
"Turdus viscivorus","槲鸫","Passeriformes","雀形目","Turdidae","鸫科","Turdus","鸫属","Turdus_viscivorus",NA,NA,NA,"Turdus_viscivorus",TRUE,FALSE,FALSE,"Exact match"
"Zoothera aurea","虎斑地鸫","Passeriformes","雀形目","Turdidae","鸫科","Zoothera","地鸫属","Zoothera_aurea",NA,NA,NA,"Zoothera_aurea",TRUE,FALSE,FALSE,"Exact match"
"Zoothera dauma","小虎斑地鸫","Passeriformes","雀形目","Turdidae","鸫科","Zoothera","地鸫属","Zoothera_dauma",NA,NA,NA,"Zoothera_dauma",TRUE,FALSE,FALSE,"Exact match"
"Zoothera dixoni","长尾地鸫","Passeriformes","雀形目","Turdidae","鸫科","Zoothera","地鸫属","Zoothera_dixoni",NA,NA,NA,"Zoothera_dixoni",TRUE,FALSE,FALSE,"Exact match"
"Zoothera griseiceps","四川淡背地鸫","Passeriformes","雀形目","Turdidae","鸫科","Zoothera","地鸫属","Zoothera_griseiceps",NA,NA,NA,"Zoothera_griseiceps",TRUE,FALSE,FALSE,"Exact match"
"Zoothera marginata","长嘴地鸫","Passeriformes","雀形目","Turdidae","鸫科","Zoothera","地鸫属","Zoothera_marginata",NA,NA,NA,"Zoothera_marginata",TRUE,FALSE,FALSE,"Exact match"
"Zoothera mollissima","淡背地鸫","Passeriformes","雀形目","Turdidae","鸫科","Zoothera","地鸫属","Zoothera_mollissima",NA,NA,NA,"Zoothera_mollissima",TRUE,FALSE,FALSE,"Exact match"
"Zoothera monticola","大长嘴地鸫","Passeriformes","雀形目","Turdidae","鸫科","Zoothera","地鸫属","Zoothera_monticola",NA,NA,NA,"Zoothera_monticola",TRUE,FALSE,FALSE,"Exact match"
"Zoothera salimalii","喜山淡背地鸫","Passeriformes","雀形目","Turdidae","鸫科","Zoothera","地鸫属","Zoothera_salimalii",NA,NA,NA,"Zoothera_salimalii",TRUE,FALSE,FALSE,"Exact match"
"Urocynchramus pylzowi","朱鹀","Passeriformes","雀形目","Urocynchramidae","朱鹀科","Urocynchramus","朱鹀属","Urocynchramus_pylzowi",NA,NA,NA,"Urocynchramus_pylzowi",TRUE,FALSE,FALSE,"Exact match"
"Hemipus picatus","褐背鹟鵙","Passeriformes","雀形目","Vangidae","钩嘴鵙科","Hemipus","鹊鵙属","Hemipus_picatus",NA,NA,NA,"Hemipus_picatus",TRUE,FALSE,FALSE,"Exact match"
"Tephrodornis virgatus","钩嘴林鵙","Passeriformes","雀形目","Vangidae","钩嘴鵙科","Tephrodornis","钩嘴林鵙属","Tephrodornis_virgatus",NA,NA,NA,"Tephrodornis_virgatus",TRUE,FALSE,FALSE,"Exact match"
"Erpornis zantholeuca","白腹凤鹛","Passeriformes","雀形目","Vireonidae","莺雀科","Erpornis",NA,"Erpornis_zantholeuca",NA,NA,NA,"Erpornis_zantholeuca",TRUE,FALSE,FALSE,"Exact match"
"Pteruthius aeralatus","红翅鵙鹛","Passeriformes","雀形目","Vireonidae","莺雀科","Pteruthius","鵙鹛属","Pteruthius_aeralatus",NA,NA,NA,"Pteruthius_aeralatus",TRUE,FALSE,FALSE,"Exact match"
"Pteruthius intermedius","栗额鵙鹛","Passeriformes","雀形目","Vireonidae","莺雀科","Pteruthius","鵙鹛属","Pteruthius_intermedius",NA,NA,NA,"Pteruthius_intermedius",TRUE,FALSE,FALSE,"Exact match"
"Pteruthius melanotis","栗喉鵙鹛","Passeriformes","雀形目","Vireonidae","莺雀科","Pteruthius","鵙鹛属","Pteruthius_melanotis",NA,NA,NA,"Pteruthius_melanotis",TRUE,FALSE,FALSE,"Exact match"
"Pteruthius rufiventer","棕腹鵙鹛","Passeriformes","雀形目","Vireonidae","莺雀科","Pteruthius","鵙鹛属","Pteruthius_rufiventer",NA,NA,NA,"Pteruthius_rufiventer",TRUE,FALSE,FALSE,"Exact match"
"Pteruthius xanthochlorus","淡绿鵙鹛","Passeriformes","雀形目","Vireonidae","莺雀科","Pteruthius","鵙鹛属","Pteruthius_xanthochlorus",NA,NA,NA,"Pteruthius_xanthochlorus",TRUE,FALSE,FALSE,"Exact match"
"Parayuhina bakeri","白颈凤鹛","Passeriformes","雀形目","Zosteropidae","绣眼鸟科","Parayuhina",NA,"Parayuhina_bakeri",NA,NA,NA,"Parayuhina_bakeri",FALSE,FALSE,TRUE,"Unresolved"
"Parayuhina diademata","白领凤鹛","Passeriformes","雀形目","Zosteropidae","绣眼鸟科","Parayuhina",NA,"Parayuhina_diademata",NA,NA,NA,"Parayuhina_diademata",TRUE,FALSE,FALSE,"Exact match"
"Staphida castaniceps","栗耳凤鹛","Passeriformes","雀形目","Zosteropidae","绣眼鸟科","Staphida",NA,"Staphida_castaniceps",NA,NA,NA,"Staphida_castaniceps",TRUE,FALSE,FALSE,"Exact match"
"Staphida torqueola","栗颈凤鹛","Passeriformes","雀形目","Zosteropidae","绣眼鸟科","Staphida",NA,"Staphida_torqueola",NA,NA,NA,"Staphida_torqueola",TRUE,FALSE,FALSE,"Exact match"
"Yuhina brunneiceps","褐头凤鹛","Passeriformes","雀形目","Zosteropidae","绣眼鸟科","Yuhina","凤鹛属","Yuhina_brunneiceps",NA,NA,NA,"Yuhina_brunneiceps",TRUE,FALSE,FALSE,"Exact match"
"Yuhina flavicollis","黄颈凤鹛","Passeriformes","雀形目","Zosteropidae","绣眼鸟科","Yuhina","凤鹛属","Yuhina_flavicollis",NA,NA,NA,"Yuhina_flavicollis",TRUE,FALSE,FALSE,"Exact match"
"Yuhina gularis","纹喉凤鹛","Passeriformes","雀形目","Zosteropidae","绣眼鸟科","Yuhina","凤鹛属","Yuhina_gularis",NA,NA,NA,"Yuhina_gularis",TRUE,FALSE,FALSE,"Exact match"
"Yuhina nigrimenta","黑颏凤鹛","Passeriformes","雀形目","Zosteropidae","绣眼鸟科","Yuhina","凤鹛属","Yuhina_nigrimenta",NA,NA,NA,"Yuhina_nigrimenta",TRUE,FALSE,FALSE,"Exact match"
"Yuhina occipitalis","棕臀凤鹛","Passeriformes","雀形目","Zosteropidae","绣眼鸟科","Yuhina","凤鹛属","Yuhina_occipitalis",NA,NA,NA,"Yuhina_occipitalis",TRUE,FALSE,FALSE,"Exact match"
"Zosterops erythropleurus","红胁绣眼鸟","Passeriformes","雀形目","Zosteropidae","绣眼鸟科","Zosterops","绣眼鸟属","Zosterops_erythropleurus",NA,NA,NA,"Zosterops_erythropleurus",TRUE,FALSE,FALSE,"Exact match"
"Zosterops japonicus","日本绣眼鸟","Passeriformes","雀形目","Zosteropidae","绣眼鸟科","Zosterops","绣眼鸟属","Zosterops_japonicus",NA,NA,NA,"Zosterops_japonicus",TRUE,FALSE,FALSE,"Exact match"
"Zosterops meyeni","低地绣眼鸟","Passeriformes","雀形目","Zosteropidae","绣眼鸟科","Zosterops","绣眼鸟属","Zosterops_meyeni",NA,NA,NA,"Zosterops_meyeni",TRUE,FALSE,FALSE,"Exact match"
"Zosterops palpebrosus","灰腹绣眼鸟","Passeriformes","雀形目","Zosteropidae","绣眼鸟科","Zosterops","绣眼鸟属","Zosterops_palpebrosus",NA,NA,NA,"Zosterops_palpebrosus",TRUE,FALSE,FALSE,"Exact match"
"Zosterops simplex","暗绿绣眼鸟","Passeriformes","雀形目","Zosteropidae","绣眼鸟科","Zosterops","绣眼鸟属","Zosterops_simplex",NA,NA,NA,"Zosterops_simplex",TRUE,FALSE,FALSE,"Exact match"
"Ardea alba","大白鹭","Pelecaniformes","鹈形目","Ardeidae","鹭科","Ardea","鹭属","Ardea_alba",NA,NA,NA,"Ardea_alba",TRUE,FALSE,FALSE,"Exact match"
"Ardea cinerea","苍鹭","Pelecaniformes","鹈形目","Ardeidae","鹭科","Ardea","鹭属","Ardea_cinerea",NA,NA,NA,"Ardea_cinerea",TRUE,FALSE,FALSE,"Exact match"
"Ardea insignis","白腹鹭","Pelecaniformes","鹈形目","Ardeidae","鹭科","Ardea","鹭属","Ardea_insignis",NA,NA,NA,"Ardea_insignis",TRUE,FALSE,FALSE,"Exact match"
"Ardea intermedia","中白鹭","Pelecaniformes","鹈形目","Ardeidae","鹭科","Ardea","鹭属","Ardea_intermedia",NA,NA,NA,"Ardea_intermedia",TRUE,FALSE,FALSE,"Exact match"
"Ardea purpurea","草鹭","Pelecaniformes","鹈形目","Ardeidae","鹭科","Ardea","鹭属","Ardea_purpurea",NA,NA,NA,"Ardea_purpurea",TRUE,FALSE,FALSE,"Exact match"
"Ardeola bacchus","池鹭","Pelecaniformes","鹈形目","Ardeidae","鹭科","Ardeola","池鹭属","Ardeola_bacchus",NA,NA,NA,"Ardeola_bacchus",TRUE,FALSE,FALSE,"Exact match"
"Ardeola grayii","印度池鹭","Pelecaniformes","鹈形目","Ardeidae","鹭科","Ardeola","池鹭属","Ardeola_grayii",NA,NA,NA,"Ardeola_grayii",TRUE,FALSE,FALSE,"Exact match"
"Ardeola speciosa","爪哇池鹭","Pelecaniformes","鹈形目","Ardeidae","鹭科","Ardeola","池鹭属","Ardeola_speciosa",NA,NA,NA,"Ardeola_speciosa",TRUE,FALSE,FALSE,"Exact match"
"Botaurus stellaris","大麻鳽","Pelecaniformes","鹈形目","Ardeidae","鹭科","Botaurus","麻鳽属","Botaurus_stellaris",NA,NA,NA,"Botaurus_stellaris",TRUE,FALSE,FALSE,"Exact match"
"Bubulcus coromandus","牛背鹭","Pelecaniformes","鹈形目","Ardeidae","鹭科","Bubulcus","牛背鹭属","Bubulcus_coromandus",NA,NA,NA,"Bubulcus_coromandus",TRUE,FALSE,FALSE,"Exact match"
"Butorides striata","绿鹭","Pelecaniformes","鹈形目","Ardeidae","鹭科","Butorides","绿鹭属","Butorides_striata",NA,NA,NA,"Butorides_striata",TRUE,FALSE,FALSE,"Exact match"
"Egretta eulophotes","黄嘴白鹭","Pelecaniformes","鹈形目","Ardeidae","鹭科","Egretta","白鹭属","Egretta_eulophotes",NA,NA,NA,"Egretta_eulophotes",TRUE,FALSE,FALSE,"Exact match"
"Egretta garzetta","白鹭","Pelecaniformes","鹈形目","Ardeidae","鹭科","Egretta","白鹭属","Egretta_garzetta",NA,NA,NA,"Egretta_garzetta",TRUE,FALSE,FALSE,"Exact match"
"Egretta novaehollandiae","白脸鹭","Pelecaniformes","鹈形目","Ardeidae","鹭科","Egretta","白鹭属","Egretta_novaehollandiae",NA,NA,NA,"Egretta_novaehollandiae",TRUE,FALSE,FALSE,"Exact match"
"Egretta picata","斑鹭","Pelecaniformes","鹈形目","Ardeidae","鹭科","Egretta","白鹭属","Egretta_picata",NA,NA,NA,"Egretta_picata",TRUE,FALSE,FALSE,"Exact match"
"Egretta sacra","岩鹭","Pelecaniformes","鹈形目","Ardeidae","鹭科","Egretta","白鹭属","Egretta_sacra",NA,NA,NA,"Egretta_sacra",TRUE,FALSE,FALSE,"Exact match"
"Gorsachius goisagi","栗头鳽","Pelecaniformes","鹈形目","Ardeidae","鹭科","Gorsachius","鳽属","Gorsachius_goisagi",NA,NA,NA,"Gorsachius_goisagi",TRUE,FALSE,FALSE,"Exact match"
"Gorsachius magnificus","海南鳽","Pelecaniformes","鹈形目","Ardeidae","鹭科","Gorsachius","鳽属","Gorsachius_magnificus","Oroanassa_magnifica","Genus and epithet update","White-eared Night Heron updated in tree taxonomy.","Oroanassa_magnifica",FALSE,TRUE,FALSE,"Bridged match"
"Gorsachius melanolophus","黑冠鳽","Pelecaniformes","鹈形目","Ardeidae","鹭科","Gorsachius","鳽属","Gorsachius_melanolophus",NA,NA,NA,"Gorsachius_melanolophus",TRUE,FALSE,FALSE,"Exact match"
"Ixobrychus cinnamomeus","栗苇鳽","Pelecaniformes","鹈形目","Ardeidae","鹭科","Ixobrychus","苇鳽属","Ixobrychus_cinnamomeus",NA,NA,NA,"Ixobrychus_cinnamomeus",TRUE,FALSE,FALSE,"Exact match"
"Ixobrychus eurhythmus","紫背苇鳽","Pelecaniformes","鹈形目","Ardeidae","鹭科","Ixobrychus","苇鳽属","Ixobrychus_eurhythmus",NA,NA,NA,"Ixobrychus_eurhythmus",TRUE,FALSE,FALSE,"Exact match"
"Ixobrychus flavicollis","黑苇鳽","Pelecaniformes","鹈形目","Ardeidae","鹭科","Ixobrychus","苇鳽属","Ixobrychus_flavicollis",NA,NA,NA,"Ixobrychus_flavicollis",TRUE,FALSE,FALSE,"Exact match"
"Ixobrychus minutus","小苇鳽","Pelecaniformes","鹈形目","Ardeidae","鹭科","Ixobrychus","苇鳽属","Ixobrychus_minutus",NA,NA,NA,"Ixobrychus_minutus",TRUE,FALSE,FALSE,"Exact match"
"Ixobrychus sinensis","黄斑苇鳽","Pelecaniformes","鹈形目","Ardeidae","鹭科","Ixobrychus","苇鳽属","Ixobrychus_sinensis",NA,NA,NA,"Ixobrychus_sinensis",TRUE,FALSE,FALSE,"Exact match"
"Nycticorax caledonicus","棕夜鹭","Pelecaniformes","鹈形目","Ardeidae","鹭科","Nycticorax","夜鹭属","Nycticorax_caledonicus",NA,NA,NA,"Nycticorax_caledonicus",TRUE,FALSE,FALSE,"Exact match"
"Nycticorax nycticorax","夜鹭","Pelecaniformes","鹈形目","Ardeidae","鹭科","Nycticorax","夜鹭属","Nycticorax_nycticorax",NA,NA,NA,"Nycticorax_nycticorax",TRUE,FALSE,FALSE,"Exact match"
"Pelecanus crispus","卷羽鹈鹕","Pelecaniformes","鹈形目","Pelecanidae","鹈鹕科","Pelecanus","鹈鹕属","Pelecanus_crispus",NA,NA,NA,"Pelecanus_crispus",TRUE,FALSE,FALSE,"Exact match"
"Pelecanus onocrotalus","白鹈鹕","Pelecaniformes","鹈形目","Pelecanidae","鹈鹕科","Pelecanus","鹈鹕属","Pelecanus_onocrotalus",NA,NA,NA,"Pelecanus_onocrotalus",TRUE,FALSE,FALSE,"Exact match"
"Pelecanus philippensis","斑嘴鹈鹕","Pelecaniformes","鹈形目","Pelecanidae","鹈鹕科","Pelecanus","鹈鹕属","Pelecanus_philippensis",NA,NA,NA,"Pelecanus_philippensis",TRUE,FALSE,FALSE,"Exact match"
"Nipponia nippon","朱鹮","Pelecaniformes","鹈形目","Threskiornithidae","鹮科","Nipponia","朱鹮属","Nipponia_nippon",NA,NA,NA,"Nipponia_nippon",TRUE,FALSE,FALSE,"Exact match"
"Platalea leucorodia","白琵鹭","Pelecaniformes","鹈形目","Threskiornithidae","鹮科","Platalea","琵鹭属","Platalea_leucorodia",NA,NA,NA,"Platalea_leucorodia",TRUE,FALSE,FALSE,"Exact match"
"Platalea minor","黑脸琵鹭","Pelecaniformes","鹈形目","Threskiornithidae","鹮科","Platalea","琵鹭属","Platalea_minor",NA,NA,NA,"Platalea_minor",TRUE,FALSE,FALSE,"Exact match"
"Plegadis falcinellus","彩鹮","Pelecaniformes","鹈形目","Threskiornithidae","鹮科","Plegadis","彩鹮属","Plegadis_falcinellus",NA,NA,NA,"Plegadis_falcinellus",TRUE,FALSE,FALSE,"Exact match"
"Pseudibis davisoni","白肩黑鹮","Pelecaniformes","鹈形目","Threskiornithidae","鹮科","Pseudibis","黑鹮属","Pseudibis_davisoni",NA,NA,NA,"Pseudibis_davisoni",TRUE,FALSE,FALSE,"Exact match"
"Threskiornis melanocephalus","黑头白鹮","Pelecaniformes","鹈形目","Threskiornithidae","鹮科","Threskiornis","白鹮属","Threskiornis_melanocephalus",NA,NA,NA,"Threskiornis_melanocephalus",TRUE,FALSE,FALSE,"Exact match"
"Phaethon aethereus","红嘴鹲","Phaethontiformes","鹲形目","Phaethontidae","鹲科","Phaethon","鹲属","Phaethon_aethereus",NA,NA,NA,"Phaethon_aethereus",TRUE,FALSE,FALSE,"Exact match"
"Phaethon lepturus","白尾鹲","Phaethontiformes","鹲形目","Phaethontidae","鹲科","Phaethon","鹲属","Phaethon_lepturus",NA,NA,NA,"Phaethon_lepturus",TRUE,FALSE,FALSE,"Exact match"
"Phaethon rubricauda","红尾鹲","Phaethontiformes","鹲形目","Phaethontidae","鹲科","Phaethon","鹲属","Phaethon_rubricauda",NA,NA,NA,"Phaethon_rubricauda",TRUE,FALSE,FALSE,"Exact match"
"Phoenicopterus roseus","大红鹳","Phoenicopteriformes","红鹳目","Phoenicopteridae","红鹳科","Phoenicopterus","红鹳属","Phoenicopterus_roseus","Phoenicopterus_roseus","Direct-format safeguard","Explicit bridge retained to make the audit table complete.","Phoenicopterus_roseus",TRUE,FALSE,FALSE,"Exact match"
"Indicator xanthonotus","黄腰响蜜鴷","Piciformes","啄木鸟目","Indicatoridae","响蜜鴷科","Indicator","响密鴷属","Indicator_xanthonotus",NA,NA,NA,"Indicator_xanthonotus",TRUE,FALSE,FALSE,"Exact match"
"Psilopogon asiaticus","蓝喉拟啄木鸟","Piciformes","啄木鸟目","Megalaimidae","拟啄木鸟科","Psilopogon",NA,"Psilopogon_asiaticus",NA,NA,NA,"Psilopogon_asiaticus",TRUE,FALSE,FALSE,"Exact match"
"Psilopogon duvaucelii","蓝耳拟啄木鸟","Piciformes","啄木鸟目","Megalaimidae","拟啄木鸟科","Psilopogon",NA,"Psilopogon_duvaucelii",NA,NA,NA,"Psilopogon_duvaucelii",TRUE,FALSE,FALSE,"Exact match"
"Psilopogon faber","黑眉拟啄木鸟","Piciformes","啄木鸟目","Megalaimidae","拟啄木鸟科","Psilopogon",NA,"Psilopogon_faber",NA,NA,NA,"Psilopogon_faber",TRUE,FALSE,FALSE,"Exact match"
"Psilopogon faiostrictus","黄纹拟啄木鸟","Piciformes","啄木鸟目","Megalaimidae","拟啄木鸟科","Psilopogon",NA,"Psilopogon_faiostrictus",NA,NA,NA,"Psilopogon_faiostrictus",TRUE,FALSE,FALSE,"Exact match"
"Psilopogon franklinii","金喉拟啄木鸟","Piciformes","啄木鸟目","Megalaimidae","拟啄木鸟科","Psilopogon",NA,"Psilopogon_franklinii",NA,NA,NA,"Psilopogon_franklinii",TRUE,FALSE,FALSE,"Exact match"
"Psilopogon haemacephalus","赤胸拟啄木鸟","Piciformes","啄木鸟目","Megalaimidae","拟啄木鸟科","Psilopogon",NA,"Psilopogon_haemacephalus",NA,NA,NA,"Psilopogon_haemacephalus",TRUE,FALSE,FALSE,"Exact match"
"Psilopogon lineatus","绿拟啄木鸟","Piciformes","啄木鸟目","Megalaimidae","拟啄木鸟科","Psilopogon",NA,"Psilopogon_lineatus",NA,NA,NA,"Psilopogon_lineatus",TRUE,FALSE,FALSE,"Exact match"
"Psilopogon nuchalis","台湾拟啄木鸟","Piciformes","啄木鸟目","Megalaimidae","拟啄木鸟科","Psilopogon",NA,"Psilopogon_nuchalis",NA,NA,NA,"Psilopogon_nuchalis",TRUE,FALSE,FALSE,"Exact match"
"Psilopogon virens","大拟啄木鸟","Piciformes","啄木鸟目","Megalaimidae","拟啄木鸟科","Psilopogon",NA,"Psilopogon_virens",NA,NA,NA,"Psilopogon_virens",TRUE,FALSE,FALSE,"Exact match"
"Blythipicus pyrrhotis","黄嘴栗啄木鸟","Piciformes","啄木鸟目","Picidae","啄木鸟科","Blythipicus","噪啄木鸟属","Blythipicus_pyrrhotis",NA,NA,NA,"Blythipicus_pyrrhotis",TRUE,FALSE,FALSE,"Exact match"
"Chrysocolaptes guttacristatus","大金背啄木鸟","Piciformes","啄木鸟目","Picidae","啄木鸟科","Chrysocolaptes","大金背啄木鸟属","Chrysocolaptes_guttacristatus",NA,NA,NA,"Chrysocolaptes_guttacristatus",TRUE,FALSE,FALSE,"Exact match"
"Chrysophlegma flavinucha","大黄冠啄木鸟","Piciformes","啄木鸟目","Picidae","啄木鸟科","Chrysophlegma",NA,"Chrysophlegma_flavinucha",NA,NA,NA,"Chrysophlegma_flavinucha",TRUE,FALSE,FALSE,"Exact match"
"Dendrocopos atratus","纹胸啄木鸟","Piciformes","啄木鸟目","Picidae","啄木鸟科","Dendrocopos",NA,"Dendrocopos_atratus",NA,NA,NA,"Dendrocopos_atratus",TRUE,FALSE,FALSE,"Exact match"
"Dendrocopos darjellensis","黄颈啄木鸟","Piciformes","啄木鸟目","Picidae","啄木鸟科","Dendrocopos",NA,"Dendrocopos_darjellensis",NA,NA,NA,"Dendrocopos_darjellensis",TRUE,FALSE,FALSE,"Exact match"
"Dendrocopos hyperythrus","棕腹啄木鸟","Piciformes","啄木鸟目","Picidae","啄木鸟科","Dendrocopos",NA,"Dendrocopos_hyperythrus",NA,NA,NA,"Dendrocopos_hyperythrus",TRUE,FALSE,FALSE,"Exact match"
"Dendrocopos leucopterus","白翅啄木鸟","Piciformes","啄木鸟目","Picidae","啄木鸟科","Dendrocopos",NA,"Dendrocopos_leucopterus",NA,NA,NA,"Dendrocopos_leucopterus",TRUE,FALSE,FALSE,"Exact match"
"Dendrocopos leucotos","白背啄木鸟","Piciformes","啄木鸟目","Picidae","啄木鸟科","Dendrocopos",NA,"Dendrocopos_leucotos",NA,NA,NA,"Dendrocopos_leucotos",TRUE,FALSE,FALSE,"Exact match"
"Dendrocopos macei","纹腹啄木鸟","Piciformes","啄木鸟目","Picidae","啄木鸟科","Dendrocopos",NA,"Dendrocopos_macei",NA,NA,NA,"Dendrocopos_macei",TRUE,FALSE,FALSE,"Exact match"
"Dendrocopos major","大斑啄木鸟","Piciformes","啄木鸟目","Picidae","啄木鸟科","Dendrocopos",NA,"Dendrocopos_major",NA,NA,NA,"Dendrocopos_major",TRUE,FALSE,FALSE,"Exact match"
"Dinopium benghalense","小金背啄木鸟","Piciformes","啄木鸟目","Picidae","啄木鸟科","Dinopium","金背三趾啄木鸟属","Dinopium_benghalense",NA,NA,NA,"Dinopium_benghalense",TRUE,FALSE,FALSE,"Exact match"
"Dinopium javanense","金背啄木鸟","Piciformes","啄木鸟目","Picidae","啄木鸟科","Dinopium","金背三趾啄木鸟属","Dinopium_javanense",NA,NA,NA,"Dinopium_javanense",TRUE,FALSE,FALSE,"Exact match"
"Dinopium shorii","喜山金背啄木鸟","Piciformes","啄木鸟目","Picidae","啄木鸟科","Dinopium","金背三趾啄木鸟属","Dinopium_shorii",NA,NA,NA,"Dinopium_shorii",TRUE,FALSE,FALSE,"Exact match"
"Dryobates cathpharius","赤胸啄木鸟","Piciformes","啄木鸟目","Picidae","啄木鸟科","Dryobates",NA,"Dryobates_cathpharius",NA,NA,NA,"Dryobates_cathpharius",TRUE,FALSE,FALSE,"Exact match"
"Dryobates minor","小斑啄木鸟","Piciformes","啄木鸟目","Picidae","啄木鸟科","Dryobates",NA,"Dryobates_minor",NA,NA,NA,"Dryobates_minor",TRUE,FALSE,FALSE,"Exact match"
"Dryocopus javensis","白腹黑啄木鸟","Piciformes","啄木鸟目","Picidae","啄木鸟科","Dryocopus","黑啄木鸟属","Dryocopus_javensis",NA,NA,NA,"Dryocopus_javensis",TRUE,FALSE,FALSE,"Exact match"
"Dryocopus martius","黑啄木鸟","Piciformes","啄木鸟目","Picidae","啄木鸟科","Dryocopus","黑啄木鸟属","Dryocopus_martius",NA,NA,NA,"Dryocopus_martius",TRUE,FALSE,FALSE,"Exact match"
"Gecinulus grantia","竹啄木鸟","Piciformes","啄木鸟目","Picidae","啄木鸟科","Gecinulus","竹啄木鸟属","Gecinulus_grantia",NA,NA,NA,"Gecinulus_grantia",TRUE,FALSE,FALSE,"Exact match"
"Jynx torquilla","蚁鴷","Piciformes","啄木鸟目","Picidae","啄木鸟科","Jynx","蚁属","Jynx_torquilla",NA,NA,NA,"Jynx_torquilla",TRUE,FALSE,FALSE,"Exact match"
"Leiopicus auriceps","褐额啄木鸟","Piciformes","啄木鸟目","Picidae","啄木鸟科","Leiopicus",NA,"Leiopicus_auriceps","Dendrocoptes_auriceps","Genus update","Woodpecker generic revision.","Dendrocoptes_auriceps",FALSE,TRUE,FALSE,"Bridged match"
"Micropternus brachyurus","栗啄木鸟","Piciformes","啄木鸟目","Picidae","啄木鸟科","Micropternus",NA,"Micropternus_brachyurus",NA,NA,NA,"Micropternus_brachyurus",TRUE,FALSE,FALSE,"Exact match"
"Mulleripicus pulverulentus","大灰啄木鸟","Piciformes","啄木鸟目","Picidae","啄木鸟科","Mulleripicus","灰啄木鸟属","Mulleripicus_pulverulentus",NA,NA,NA,"Mulleripicus_pulverulentus",TRUE,FALSE,FALSE,"Exact match"
"Picoides canicapillus","星头啄木鸟","Piciformes","啄木鸟目","Picidae","啄木鸟科","Picoides","啄木鸟属","Picoides_canicapillus",NA,NA,NA,"Picoides_canicapillus",FALSE,FALSE,TRUE,"Unresolved"
"Picoides kizuki","小星头啄木鸟","Piciformes","啄木鸟目","Picidae","啄木鸟科","Picoides","啄木鸟属","Picoides_kizuki",NA,NA,NA,"Picoides_kizuki",FALSE,FALSE,TRUE,"Unresolved"
"Picoides tridactylus","三趾啄木鸟","Piciformes","啄木鸟目","Picidae","啄木鸟科","Picoides","啄木鸟属","Picoides_tridactylus",NA,NA,NA,"Picoides_tridactylus",TRUE,FALSE,FALSE,"Exact match"
"Picumnus innominatus","斑姬啄木鸟","Piciformes","啄木鸟目","Picidae","啄木鸟科","Picumnus","姬啄木鸟属","Picumnus_innominatus",NA,NA,NA,"Picumnus_innominatus",TRUE,FALSE,FALSE,"Exact match"
"Picus canus","灰头绿啄木鸟","Piciformes","啄木鸟目","Picidae","啄木鸟科","Picus","绿啄木鸟属","Picus_canus",NA,NA,NA,"Picus_canus",TRUE,FALSE,FALSE,"Exact match"
"Picus chlorolophus","黄冠啄木鸟","Piciformes","啄木鸟目","Picidae","啄木鸟科","Picus","绿啄木鸟属","Picus_chlorolophus",NA,NA,NA,"Picus_chlorolophus",TRUE,FALSE,FALSE,"Exact match"
"Picus rabieri","红颈绿啄木鸟","Piciformes","啄木鸟目","Picidae","啄木鸟科","Picus","绿啄木鸟属","Picus_rabieri",NA,NA,NA,"Picus_rabieri",TRUE,FALSE,FALSE,"Exact match"
"Picus squamatus","鳞腹绿啄木鸟","Piciformes","啄木鸟目","Picidae","啄木鸟科","Picus","绿啄木鸟属","Picus_squamatus",NA,NA,NA,"Picus_squamatus",TRUE,FALSE,FALSE,"Exact match"
"Picus vittatus","花腹绿啄木鸟","Piciformes","啄木鸟目","Picidae","啄木鸟科","Picus","绿啄木鸟属","Picus_vittatus",NA,NA,NA,"Picus_vittatus",TRUE,FALSE,FALSE,"Exact match"
"Picus xanthopygaeus","纹喉绿啄木鸟","Piciformes","啄木鸟目","Picidae","啄木鸟科","Picus","绿啄木鸟属","Picus_xanthopygaeus",NA,NA,NA,"Picus_xanthopygaeus",TRUE,FALSE,FALSE,"Exact match"
"Sasia ochracea","白眉棕啄木鸟","Piciformes","啄木鸟目","Picidae","啄木鸟科","Sasia","棕啄木鸟属","Sasia_ochracea",NA,NA,NA,"Sasia_ochracea",TRUE,FALSE,FALSE,"Exact match"
"Podiceps auritus","角䴙䴘","Podicipediformes","䴙䴘目","Podicipedidae","䴙䴘科","Podiceps","䴙䴘属","Podiceps_auritus",NA,NA,NA,"Podiceps_auritus",TRUE,FALSE,FALSE,"Exact match"
"Podiceps cristatus","凤头䴙䴘","Podicipediformes","䴙䴘目","Podicipedidae","䴙䴘科","Podiceps","䴙䴘属","Podiceps_cristatus",NA,NA,NA,"Podiceps_cristatus",TRUE,FALSE,FALSE,"Exact match"
"Podiceps grisegena","赤颈䴙䴘","Podicipediformes","䴙䴘目","Podicipedidae","䴙䴘科","Podiceps","䴙䴘属","Podiceps_grisegena",NA,NA,NA,"Podiceps_grisegena",TRUE,FALSE,FALSE,"Exact match"
"Podiceps nigricollis","黑颈䴙䴘","Podicipediformes","䴙䴘目","Podicipedidae","䴙䴘科","Podiceps","䴙䴘属","Podiceps_nigricollis",NA,NA,NA,"Podiceps_nigricollis",TRUE,FALSE,FALSE,"Exact match"
"Tachybaptus ruficollis","小䴙䴘","Podicipediformes","䴙䴘目","Podicipedidae","䴙䴘科","Tachybaptus","小䴙䴘属","Tachybaptus_ruficollis",NA,NA,NA,"Tachybaptus_ruficollis",TRUE,FALSE,FALSE,"Exact match"
"Phoebastria albatrus","短尾信天翁","Procellariiformes","鹱形目","Diomedeidae","信天翁科","Phoebastria",NA,"Phoebastria_albatrus",NA,NA,NA,"Phoebastria_albatrus",TRUE,FALSE,FALSE,"Exact match"
"Phoebastria immutabilis","黑背信天翁","Procellariiformes","鹱形目","Diomedeidae","信天翁科","Phoebastria",NA,"Phoebastria_immutabilis",NA,NA,NA,"Phoebastria_immutabilis",TRUE,FALSE,FALSE,"Exact match"
"Phoebastria nigripes","黑脚信天翁","Procellariiformes","鹱形目","Diomedeidae","信天翁科","Phoebastria",NA,"Phoebastria_nigripes",NA,NA,NA,"Phoebastria_nigripes",TRUE,FALSE,FALSE,"Exact match"
"Hydrobates leucorhous","白腰叉尾海燕","Procellariiformes","鹱形目","Hydrobatidae","海燕科","Hydrobates",NA,"Hydrobates_leucorhous",NA,NA,NA,"Hydrobates_leucorhous",TRUE,FALSE,FALSE,"Exact match"
"Hydrobates monorhis","黑叉尾海燕","Procellariiformes","鹱形目","Hydrobatidae","海燕科","Hydrobates",NA,"Hydrobates_monorhis",NA,NA,NA,"Hydrobates_monorhis",TRUE,FALSE,FALSE,"Exact match"
"Hydrobates tristrami","褐翅叉尾海燕","Procellariiformes","鹱形目","Hydrobatidae","海燕科","Hydrobates",NA,"Hydrobates_tristrami",NA,NA,NA,"Hydrobates_tristrami",TRUE,FALSE,FALSE,"Exact match"
"Oceanites oceanicus","黄蹼洋海燕","Procellariiformes","鹱形目","Oceanitidae","南海燕科","Oceanites",NA,"Oceanites_oceanicus",NA,NA,NA,"Oceanites_oceanicus",TRUE,FALSE,FALSE,"Exact match"
"Ardenna carneipes","淡足鹱","Procellariiformes","鹱形目","Procellariidae","鹱科","Ardenna",NA,"Ardenna_carneipes",NA,NA,NA,"Ardenna_carneipes",TRUE,FALSE,FALSE,"Exact match"
"Ardenna grisea","灰鹱","Procellariiformes","鹱形目","Procellariidae","鹱科","Ardenna",NA,"Ardenna_grisea",NA,NA,NA,"Ardenna_grisea",TRUE,FALSE,FALSE,"Exact match"
"Ardenna pacifica","楔尾鹱","Procellariiformes","鹱形目","Procellariidae","鹱科","Ardenna",NA,"Ardenna_pacifica",NA,NA,NA,"Ardenna_pacifica",TRUE,FALSE,FALSE,"Exact match"
"Ardenna tenuirostris","短尾鹱","Procellariiformes","鹱形目","Procellariidae","鹱科","Ardenna",NA,"Ardenna_tenuirostris",NA,NA,NA,"Ardenna_tenuirostris",TRUE,FALSE,FALSE,"Exact match"
"Bulweria bulwerii","褐燕鹱","Procellariiformes","鹱形目","Procellariidae","鹱科","Bulweria","纯褐鹱属","Bulweria_bulwerii",NA,NA,NA,"Bulweria_bulwerii",TRUE,FALSE,FALSE,"Exact match"
"Calonectris leucomelas","白额鹱","Procellariiformes","鹱形目","Procellariidae","鹱科","Calonectris",NA,"Calonectris_leucomelas",NA,NA,NA,"Calonectris_leucomelas",TRUE,FALSE,FALSE,"Exact match"
"Fulmarus glacialis","暴风鹱","Procellariiformes","鹱形目","Procellariidae","鹱科","Fulmarus","暴雪鹱属","Fulmarus_glacialis",NA,NA,NA,"Fulmarus_glacialis",TRUE,FALSE,FALSE,"Exact match"
"Pseudobulweria rostrata","钩嘴圆尾鹱","Procellariiformes","鹱形目","Procellariidae","鹱科","Pseudobulweria",NA,"Pseudobulweria_rostrata",NA,NA,NA,"Pseudobulweria_rostrata",TRUE,FALSE,FALSE,"Exact match"
"Pterodroma heraldica","信使圆尾鹱","Procellariiformes","鹱形目","Procellariidae","鹱科","Pterodroma","圆尾鹱属","Pterodroma_heraldica",NA,NA,NA,"Pterodroma_heraldica",TRUE,FALSE,FALSE,"Exact match"
"Pterodroma hypoleuca","白额圆尾鹱","Procellariiformes","鹱形目","Procellariidae","鹱科","Pterodroma","圆尾鹱属","Pterodroma_hypoleuca",NA,NA,NA,"Pterodroma_hypoleuca",TRUE,FALSE,FALSE,"Exact match"
"Pterodroma solandri","棕头圆尾鹱","Procellariiformes","鹱形目","Procellariidae","鹱科","Pterodroma","圆尾鹱属","Pterodroma_solandri",NA,NA,NA,"Pterodroma_solandri",TRUE,FALSE,FALSE,"Exact match"
"Puffinus nativitatis","黑鹱","Procellariiformes","鹱形目","Procellariidae","鹱科","Puffinus",NA,"Puffinus_nativitatis",NA,NA,NA,"Puffinus_nativitatis",TRUE,FALSE,FALSE,"Exact match"
"Loriculus vernalis","短尾鹦鹉","Psittaciformes","鹦鹉目","Psittacidae","鹦鹉科","Loriculus","短尾鹦鹉属","Loriculus_vernalis",NA,NA,NA,"Loriculus_vernalis",TRUE,FALSE,FALSE,"Exact match"
"Psittacula alexandri","绯胸鹦鹉","Psittaciformes","鹦鹉目","Psittacidae","鹦鹉科","Psittacula","鹦鹉属","Psittacula_alexandri",NA,NA,NA,"Psittacula_alexandri",TRUE,FALSE,FALSE,"Exact match"
"Psittacula derbiana","大紫胸鹦鹉","Psittaciformes","鹦鹉目","Psittacidae","鹦鹉科","Psittacula","鹦鹉属","Psittacula_derbiana",NA,NA,NA,"Psittacula_derbiana",TRUE,FALSE,FALSE,"Exact match"
"Psittacula eupatria","亚历山大鹦鹉","Psittaciformes","鹦鹉目","Psittacidae","鹦鹉科","Psittacula","鹦鹉属","Psittacula_eupatria",NA,NA,NA,"Psittacula_eupatria",TRUE,FALSE,FALSE,"Exact match"
"Psittacula finschii","灰头鹦鹉","Psittaciformes","鹦鹉目","Psittacidae","鹦鹉科","Psittacula","鹦鹉属","Psittacula_finschii",NA,NA,NA,"Psittacula_finschii",TRUE,FALSE,FALSE,"Exact match"
"Psittacula himalayana","青头鹦鹉","Psittaciformes","鹦鹉目","Psittacidae","鹦鹉科","Psittacula","鹦鹉属","Psittacula_himalayana",NA,NA,NA,"Psittacula_himalayana",TRUE,FALSE,FALSE,"Exact match"
"Psittacula krameri","红领绿鹦鹉","Psittaciformes","鹦鹉目","Psittacidae","鹦鹉科","Psittacula","鹦鹉属","Psittacula_krameri",NA,NA,NA,"Psittacula_krameri",TRUE,FALSE,FALSE,"Exact match"
"Psittacula roseata","花头鹦鹉","Psittaciformes","鹦鹉目","Psittacidae","鹦鹉科","Psittacula","鹦鹉属","Psittacula_roseata",NA,NA,NA,"Psittacula_roseata",TRUE,FALSE,FALSE,"Exact match"
"Psittinus cyanurus","蓝腰鹦鹉","Psittaciformes","鹦鹉目","Psittacidae","鹦鹉科","Psittinus",NA,"Psittinus_cyanurus",NA,NA,NA,"Psittinus_cyanurus",TRUE,FALSE,FALSE,"Exact match"
"Pterocles orientalis","黑腹沙鸡","Pterocliformes","沙鸡目","Pteroclidae","沙鸡科","Pterocles","沙鸡属","Pterocles_orientalis",NA,NA,NA,"Pterocles_orientalis",TRUE,FALSE,FALSE,"Exact match"
"Syrrhaptes paradoxus","毛腿沙鸡","Pterocliformes","沙鸡目","Pteroclidae","沙鸡科","Syrrhaptes","毛腿沙鸡属","Syrrhaptes_paradoxus",NA,NA,NA,"Syrrhaptes_paradoxus",TRUE,FALSE,FALSE,"Exact match"
"Syrrhaptes tibetanus","西藏毛腿沙鸡","Pterocliformes","沙鸡目","Pteroclidae","沙鸡科","Syrrhaptes","毛腿沙鸡属","Syrrhaptes_tibetanus",NA,NA,NA,"Syrrhaptes_tibetanus",TRUE,FALSE,FALSE,"Exact match"
"Aegolius funereus","鬼鸮","Strigiformes","鸮形目","Strigidae","鸱鸮科","Aegolius","鬼鸮属","Aegolius_funereus",NA,NA,NA,"Aegolius_funereus",TRUE,FALSE,FALSE,"Exact match"
"Asio flammeus","短耳鸮","Strigiformes","鸮形目","Strigidae","鸱鸮科","Asio","耳鸮属","Asio_flammeus",NA,NA,NA,"Asio_flammeus",TRUE,FALSE,FALSE,"Exact match"
"Asio otus","长耳鸮","Strigiformes","鸮形目","Strigidae","鸱鸮科","Asio","耳鸮属","Asio_otus",NA,NA,NA,"Asio_otus",TRUE,FALSE,FALSE,"Exact match"
"Athene brama","横斑腹小鸮","Strigiformes","鸮形目","Strigidae","鸱鸮科","Athene","小鸮属","Athene_brama",NA,NA,NA,"Athene_brama",TRUE,FALSE,FALSE,"Exact match"
"Athene noctua","纵纹腹小鸮","Strigiformes","鸮形目","Strigidae","鸱鸮科","Athene","小鸮属","Athene_noctua",NA,NA,NA,"Athene_noctua",TRUE,FALSE,FALSE,"Exact match"
"Bubo blakistoni","毛腿雕鸮","Strigiformes","鸮形目","Strigidae","鸱鸮科","Bubo","鵰鸮属","Bubo_blakistoni",NA,NA,NA,"Bubo_blakistoni",FALSE,FALSE,TRUE,"Unresolved"
"Bubo bubo","雕鸮","Strigiformes","鸮形目","Strigidae","鸱鸮科","Bubo","鵰鸮属","Bubo_bubo",NA,NA,NA,"Bubo_bubo",TRUE,FALSE,FALSE,"Exact match"
"Bubo nipalensis","林雕鸮","Strigiformes","鸮形目","Strigidae","鸱鸮科","Bubo","鵰鸮属","Bubo_nipalensis","Ketupa_nipalensis","Genus update","Eagle-owl generic revision in the tree taxonomy.","Ketupa_nipalensis",FALSE,TRUE,FALSE,"Bridged match"
"Bubo scandiacus","雪鸮","Strigiformes","鸮形目","Strigidae","鸱鸮科","Bubo","鵰鸮属","Bubo_scandiacus",NA,NA,NA,"Bubo_scandiacus",TRUE,FALSE,FALSE,"Exact match"
"Glaucidium brodiei","领鸺鹠","Strigiformes","鸮形目","Strigidae","鸱鸮科","Glaucidium","鸺鹠属","Glaucidium_brodiei",NA,NA,NA,"Glaucidium_brodiei",FALSE,FALSE,TRUE,"Unresolved"
"Glaucidium cuculoides","斑头鸺鹠","Strigiformes","鸮形目","Strigidae","鸱鸮科","Glaucidium","鸺鹠属","Glaucidium_cuculoides",NA,NA,NA,"Glaucidium_cuculoides",TRUE,FALSE,FALSE,"Exact match"
"Glaucidium passerinum","花头鸺鹠","Strigiformes","鸮形目","Strigidae","鸱鸮科","Glaucidium","鸺鹠属","Glaucidium_passerinum",NA,NA,NA,"Glaucidium_passerinum",TRUE,FALSE,FALSE,"Exact match"
"Ketupa flavipes","黄腿渔鸮","Strigiformes","鸮形目","Strigidae","鸱鸮科","Ketupa","渔鸮属","Ketupa_flavipes",NA,NA,NA,"Ketupa_flavipes",TRUE,FALSE,FALSE,"Exact match"
"Ketupa zeylonensis","褐渔鸮","Strigiformes","鸮形目","Strigidae","鸱鸮科","Ketupa","渔鸮属","Ketupa_zeylonensis",NA,NA,NA,"Ketupa_zeylonensis",TRUE,FALSE,FALSE,"Exact match"
"Ninox japonica","日本鹰鸮","Strigiformes","鸮形目","Strigidae","鸱鸮科","Ninox","鹰鸮属","Ninox_japonica",NA,NA,NA,"Ninox_japonica",TRUE,FALSE,FALSE,"Exact match"
"Ninox scutulata","鹰鸮","Strigiformes","鸮形目","Strigidae","鸱鸮科","Ninox","鹰鸮属","Ninox_scutulata",NA,NA,NA,"Ninox_scutulata",TRUE,FALSE,FALSE,"Exact match"
"Otus brucei","纵纹角鸮","Strigiformes","鸮形目","Strigidae","鸱鸮科","Otus","角鸮属","Otus_brucei",NA,NA,NA,"Otus_brucei",TRUE,FALSE,FALSE,"Exact match"
"Otus elegans","优雅角鸮","Strigiformes","鸮形目","Strigidae","鸱鸮科","Otus","角鸮属","Otus_elegans",NA,NA,NA,"Otus_elegans",TRUE,FALSE,FALSE,"Exact match"
"Otus lettia","领角鸮","Strigiformes","鸮形目","Strigidae","鸱鸮科","Otus","角鸮属","Otus_lettia",NA,NA,NA,"Otus_lettia",TRUE,FALSE,FALSE,"Exact match"
"Otus scops","西红角鸮","Strigiformes","鸮形目","Strigidae","鸱鸮科","Otus","角鸮属","Otus_scops",NA,NA,NA,"Otus_scops",TRUE,FALSE,FALSE,"Exact match"
"Otus semitorques","北领角鸮","Strigiformes","鸮形目","Strigidae","鸱鸮科","Otus","角鸮属","Otus_semitorques",NA,NA,NA,"Otus_semitorques",TRUE,FALSE,FALSE,"Exact match"
"Otus spilocephalus","黄嘴角鸮","Strigiformes","鸮形目","Strigidae","鸱鸮科","Otus","角鸮属","Otus_spilocephalus",NA,NA,NA,"Otus_spilocephalus",TRUE,FALSE,FALSE,"Exact match"
"Otus sunia","红角鸮","Strigiformes","鸮形目","Strigidae","鸱鸮科","Otus","角鸮属","Otus_sunia",NA,NA,NA,"Otus_sunia",TRUE,FALSE,FALSE,"Exact match"
"Strix davidi","四川林鸮","Strigiformes","鸮形目","Strigidae","鸱鸮科","Strix","林鸮属","Strix_davidi",NA,NA,NA,"Strix_davidi",FALSE,FALSE,TRUE,"Unresolved"
"Strix leptogrammica","褐林鸮","Strigiformes","鸮形目","Strigidae","鸱鸮科","Strix","林鸮属","Strix_leptogrammica",NA,NA,NA,"Strix_leptogrammica",TRUE,FALSE,FALSE,"Exact match"
"Strix nebulosa","乌林鸮","Strigiformes","鸮形目","Strigidae","鸱鸮科","Strix","林鸮属","Strix_nebulosa",NA,NA,NA,"Strix_nebulosa",TRUE,FALSE,FALSE,"Exact match"
"Strix nivicolum","灰林鸮","Strigiformes","鸮形目","Strigidae","鸱鸮科","Strix","林鸮属","Strix_nivicolum",NA,NA,NA,"Strix_nivicolum",TRUE,FALSE,FALSE,"Exact match"
"Strix uralensis","长尾林鸮","Strigiformes","鸮形目","Strigidae","鸱鸮科","Strix","林鸮属","Strix_uralensis",NA,NA,NA,"Strix_uralensis",TRUE,FALSE,FALSE,"Exact match"
"Surnia ulula","猛鸮","Strigiformes","鸮形目","Strigidae","鸱鸮科","Surnia","猛鸮属","Surnia_ulula",NA,NA,NA,"Surnia_ulula",TRUE,FALSE,FALSE,"Exact match"
"Phodilus badius","栗鸮","Strigiformes","鸮形目","Tytonidae","草鸮科","Phodilus","栗鸮属","Phodilus_badius",NA,NA,NA,"Phodilus_badius",TRUE,FALSE,FALSE,"Exact match"
"Tyto javanica","仓鸮","Strigiformes","鸮形目","Tytonidae","草鸮科","Tyto","草鸮属","Tyto_javanica",NA,NA,NA,"Tyto_javanica",FALSE,FALSE,TRUE,"Unresolved"
"Tyto longimembris","草鸮","Strigiformes","鸮形目","Tytonidae","草鸮科","Tyto","草鸮属","Tyto_longimembris",NA,NA,NA,"Tyto_longimembris",TRUE,FALSE,FALSE,"Exact match"
"Anhinga melanogaster","黑腹蛇鹈","Suliformes","鲣鸟目","Anhingidae","蛇鹈科","Anhinga",NA,"Anhinga_melanogaster",NA,NA,NA,"Anhinga_melanogaster",TRUE,FALSE,FALSE,"Exact match"
"Fregata andrewsi","白腹军舰鸟","Suliformes","鲣鸟目","Fregatidae","军舰鸟科","Fregata","军舰鸟属","Fregata_andrewsi",NA,NA,NA,"Fregata_andrewsi",TRUE,FALSE,FALSE,"Exact match"
"Fregata ariel","白斑军舰鸟","Suliformes","鲣鸟目","Fregatidae","军舰鸟科","Fregata","军舰鸟属","Fregata_ariel",NA,NA,NA,"Fregata_ariel",TRUE,FALSE,FALSE,"Exact match"
"Fregata minor","黑腹军舰鸟","Suliformes","鲣鸟目","Fregatidae","军舰鸟科","Fregata","军舰鸟属","Fregata_minor",NA,NA,NA,"Fregata_minor",TRUE,FALSE,FALSE,"Exact match"
"Microcarbo niger","黑颈鸬鹚","Suliformes","鲣鸟目","Phalacrocoracidae","鸬鹚科","Microcarbo",NA,"Microcarbo_niger",NA,NA,NA,"Microcarbo_niger",TRUE,FALSE,FALSE,"Exact match"
"Microcarbo pygmaeus","侏鸬鹚","Suliformes","鲣鸟目","Phalacrocoracidae","鸬鹚科","Microcarbo",NA,"Microcarbo_pygmaeus",NA,NA,NA,"Microcarbo_pygmaeus",TRUE,FALSE,FALSE,"Exact match"
"Phalacrocorax capillatus","绿背鸬鹚","Suliformes","鲣鸟目","Phalacrocoracidae","鸬鹚科","Phalacrocorax","鸬鹚属","Phalacrocorax_capillatus",NA,NA,NA,"Phalacrocorax_capillatus",TRUE,FALSE,FALSE,"Exact match"
"Phalacrocorax carbo","普通鸬鹚","Suliformes","鲣鸟目","Phalacrocoracidae","鸬鹚科","Phalacrocorax","鸬鹚属","Phalacrocorax_carbo",NA,NA,NA,"Phalacrocorax_carbo",TRUE,FALSE,FALSE,"Exact match"
"Phalacrocorax pelagicus","海鸬鹚","Suliformes","鲣鸟目","Phalacrocoracidae","鸬鹚科","Phalacrocorax","鸬鹚属","Phalacrocorax_pelagicus",NA,NA,NA,"Phalacrocorax_pelagicus",FALSE,FALSE,TRUE,"Unresolved"
"Phalacrocorax urile","红脸鸬鹚","Suliformes","鲣鸟目","Phalacrocoracidae","鸬鹚科","Phalacrocorax","鸬鹚属","Phalacrocorax_urile",NA,NA,NA,"Phalacrocorax_urile",FALSE,FALSE,TRUE,"Unresolved"
"Sula dactylatra","蓝脸鲣鸟","Suliformes","鲣鸟目","Sulidae","鲣鸟科","Sula","鲣鸟属","Sula_dactylatra",NA,NA,NA,"Sula_dactylatra",TRUE,FALSE,FALSE,"Exact match"
"Sula leucogaster","褐鲣鸟","Suliformes","鲣鸟目","Sulidae","鲣鸟科","Sula","鲣鸟属","Sula_leucogaster",NA,NA,NA,"Sula_leucogaster",TRUE,FALSE,FALSE,"Exact match"
"Sula sula","红脚鲣鸟","Suliformes","鲣鸟目","Sulidae","鲣鸟科","Sula","鲣鸟属","Sula_sula",NA,NA,NA,"Sula_sula",TRUE,FALSE,FALSE,"Exact match"
"Harpactes erythrocephalus","红头咬鹃","Trogoniformes","咬鹃目","Trogonidae","咬鹃科","Harpactes","咬鹃属","Harpactes_erythrocephalus",NA,NA,NA,"Harpactes_erythrocephalus",TRUE,FALSE,FALSE,"Exact match"
"Harpactes oreskios","橙胸咬鹃","Trogoniformes","咬鹃目","Trogonidae","咬鹃科","Harpactes","咬鹃属","Harpactes_oreskios",NA,NA,NA,"Harpactes_oreskios",TRUE,FALSE,FALSE,"Exact match"
"Harpactes wardi","红腹咬鹃","Trogoniformes","咬鹃目","Trogonidae","咬鹃科","Harpactes","咬鹃属","Harpactes_wardi",NA,NA,NA,"Harpactes_wardi",TRUE,FALSE,FALSE,"Exact match"
