"tree_label_final","order","family","genus","species_examples","pool_species_concepts","bridge_in_pool","new_record_species_concepts","new_record_species_list","new_record_species_cn","new_record_iucn","order_new","bridge_in_new_records","is_new_record","tip_index"
"Passerculus_sandwichensis","Passeriformes","Passerellidae","Passerculus","Passerculus sandwichensis",1,FALSE,1,"Passerculus sandwichensis","稀树草鹀","LC","Passeriformes",FALSE,TRUE,1
"Zonotrichia_leucophrys","Passeriformes","Passerellidae","Zonotrichia","Zonotrichia leucophrys",1,FALSE,0,NA,NA,"NotNew",NA,NA,FALSE,2
"Emberiza_hortulana","Passeriformes","Emberizidae","Emberiza","Emberiza hortulana",1,FALSE,1,"Emberiza hortulana","圃鹀","LC","Passeriformes",FALSE,TRUE,3
"Emberiza_buchanani","Passeriformes","Emberizidae","Emberiza","Emberiza buchanani",1,FALSE,1,"Emberiza buchanani","灰颈鹀","LC","Passeriformes",FALSE,TRUE,4
"Emberiza_citrinella","Passeriformes","Emberizidae","Emberiza","Emberiza citrinella",1,FALSE,0,NA,NA,"NotNew",NA,NA,FALSE,5
"Emberiza_leucocephalos","Passeriformes","Emberizidae","Emberiza","Emberiza leucocephalos",1,FALSE,1,"Emberiza leucocephalos","白头鹀","LC","Passeriformes",FALSE,TRUE,6
"Emberiza_stewarti","Passeriformes","Emberizidae","Emberiza","Emberiza stewarti",1,FALSE,1,"Emberiza stewarti","白顶鹀","LC","Passeriformes",FALSE,TRUE,7
"Emberiza_cia","Passeriformes","Emberizidae","Emberiza","Emberiza cia",1,FALSE,0,NA,NA,"NotNew",NA,NA,FALSE,8
"Emberiza_godlewskii","Passeriformes","Emberizidae","Emberiza","Emberiza godlewskii",1,FALSE,1,"Emberiza godlewskii","灰眉岩鹀","LC","Passeriformes",FALSE,TRUE,9
"Emberiza_cioides","Passeriformes","Emberizidae","Emberiza","Emberiza cioides",1,FALSE,0,NA,NA,"NotNew",NA,NA,FALSE,10
"Emberiza_jankowskii","Passeriformes","Emberizidae","Emberiza","Emberiza jankowskii",1,FALSE,0,NA,NA,"NotNew",NA,NA,FALSE,11
"Emberiza_koslowi","Passeriformes","Emberizidae","Emberiza","Emberiza koslowi",1,FALSE,0,NA,NA,"NotNew",NA,NA,FALSE,12
"Emberiza_fucata","Passeriformes","Emberizidae","Emberiza","Emberiza fucata",1,FALSE,0,NA,NA,"NotNew",NA,NA,FALSE,13
"Emberiza_calandra","Passeriformes","Emberizidae","Emberiza","Emberiza calandra",1,FALSE,0,NA,NA,"NotNew",NA,NA,FALSE,14
"Emberiza_bruniceps","Passeriformes","Emberizidae","Emberiza","Emberiza bruniceps",1,FALSE,0,NA,NA,"NotNew",NA,NA,FALSE,15
"Emberiza_melanocephala","Passeriformes","Emberizidae","Emberiza","Emberiza melanocephala",1,FALSE,1,"Emberiza melanocephala","黑头鹀","LC","Passeriformes",FALSE,TRUE,16
"Emberiza_lathami","Passeriformes","Emberizidae","Emberiza","Emberiza lathami",1,FALSE,0,NA,NA,"NotNew",NA,NA,FALSE,17
"Emberiza_personata","Passeriformes","Emberizidae","Emberiza","Emberiza personata",1,FALSE,0,NA,NA,"NotNew",NA,NA,FALSE,18
"Emberiza_spodocephala","Passeriformes","Emberizidae","Emberiza","Emberiza spodocephala",1,FALSE,0,NA,NA,"NotNew",NA,NA,FALSE,19
"Emberiza_sulphurata","Passeriformes","Emberizidae","Emberiza","Emberiza sulphurata",1,FALSE,1,"Emberiza sulphurata","硫磺鹀","LC","Passeriformes",FALSE,TRUE,20
"Emberiza_pusilla","Passeriformes","Emberizidae","Emberiza","Emberiza pusilla",1,FALSE,1,"Emberiza pusilla","小鹀","LC","Passeriformes",FALSE,TRUE,21
"Emberiza_rustica","Passeriformes","Emberizidae","Emberiza","Emberiza rustica",1,FALSE,1,"Emberiza rustica","田鹀","VU","Passeriformes",FALSE,TRUE,22
"Emberiza_aureola","Passeriformes","Emberizidae","Emberiza","Emberiza aureola",1,FALSE,0,NA,NA,"NotNew",NA,NA,FALSE,23
"Emberiza_rutila","Passeriformes","Emberizidae","Emberiza","Emberiza rutila",1,FALSE,0,NA,NA,"NotNew",NA,NA,FALSE,24
"Emberiza_tristrami","Passeriformes","Emberizidae","Emberiza","Emberiza tristrami",1,FALSE,0,NA,NA,"NotNew",NA,NA,FALSE,25
"Emberiza_variabilis","Passeriformes","Emberizidae","Emberiza","Emberiza variabilis",1,FALSE,0,NA,NA,"NotNew",NA,NA,FALSE,26
"Emberiza_chrysophrys","Passeriformes","Emberizidae","Emberiza","Emberiza chrysophrys",1,FALSE,1,"Emberiza chrysophrys","黄眉鹀","LC","Passeriformes",FALSE,TRUE,27
"Emberiza_pallasi","Passeriformes","Emberizidae","Emberiza","Emberiza pallasi",1,FALSE,0,NA,NA,"NotNew",NA,NA,FALSE,28
"Emberiza_schoeniclus","Passeriformes","Emberizidae","Emberiza","Emberiza schoeniclus",1,FALSE,0,NA,NA,"NotNew",NA,NA,FALSE,29
"Emberiza_yessoensis","Passeriformes","Emberizidae","Emberiza","Emberiza yessoensis",1,FALSE,1,"Emberiza yessoensis","红颈苇鹀","NT","Passeriformes",FALSE,TRUE,30
"Emberiza_elegans","Passeriformes","Emberizidae","Emberiza","Emberiza elegans",1,FALSE,1,"Emberiza elegans","黄喉鹀","LC","Passeriformes",FALSE,TRUE,31
"Emberiza_siemsseni","Passeriformes","Emberizidae","Emberiza","Emberiza siemsseni",1,FALSE,1,"Emberiza siemsseni","蓝鹀","LC","Passeriformes",FALSE,TRUE,32
"Plectrophenax_nivalis","Passeriformes","Calcariidae","Plectrophenax","Plectrophenax nivalis",1,FALSE,1,"Plectrophenax nivalis","雪鹀","LC","Passeriformes",FALSE,TRUE,33
"Calcarius_lapponicus","Passeriformes","Calcariidae","Calcarius","Calcarius lapponicus",1,FALSE,0,NA,NA,"NotNew",NA,NA,FALSE,34
"Spinus_spinus","Passeriformes","Fringillidae","Spinus","Spinus spinus",1,FALSE,1,"Spinus spinus","黄雀","LC","Passeriformes",FALSE,TRUE,35
"Spinus_thibetanus","Passeriformes","Fringillidae","Spinus","Spinus thibetanus",1,FALSE,0,NA,NA,"NotNew",NA,NA,FALSE,36
"Serinus_pusillus","Passeriformes","Fringillidae","Serinus","Serinus pusillus",1,FALSE,0,NA,NA,"NotNew",NA,NA,FALSE,37
"Carduelis_carduelis","Passeriformes","Fringillidae","Carduelis","Carduelis carduelis",1,FALSE,1,"Carduelis carduelis","红额金翅雀","LC","Passeriformes",FALSE,TRUE,38
"Loxia_curvirostra","Passeriformes","Fringillidae","Loxia","Loxia curvirostra",1,FALSE,1,"Loxia curvirostra","红交嘴雀","LC","Passeriformes",FALSE,TRUE,39
"Loxia_leucoptera","Passeriformes","Fringillidae","Loxia","Loxia leucoptera",1,FALSE,0,NA,NA,"NotNew",NA,NA,FALSE,40
"Acanthis_flammea","Passeriformes","Fringillidae","Acanthis","Acanthis flammea",1,FALSE,1,"Acanthis flammea","白腰朱顶雀","LC","Passeriformes",FALSE,TRUE,41
"Acanthis_hornemanni","Passeriformes","Fringillidae","Acanthis","Acanthis hornemanni",1,FALSE,0,NA,NA,"NotNew",NA,NA,FALSE,42
"Linaria_cannabina","Passeriformes","Fringillidae","Linaria","Linaria cannabina",1,FALSE,1,"Linaria cannabina","赤胸朱顶雀","LC","Passeriformes",FALSE,TRUE,43
"Linaria_flavirostris","Passeriformes","Fringillidae","Linaria","Linaria flavirostris",1,FALSE,0,NA,NA,"NotNew",NA,NA,FALSE,44
"Chloris_spinoides","Passeriformes","Fringillidae","Chloris","Chloris spinoides",1,FALSE,0,NA,NA,"NotNew",NA,NA,FALSE,45
"Chloris_ambigua","Passeriformes","Fringillidae","Chloris","Chloris ambigua",1,FALSE,1,"Chloris ambigua","黑头金翅雀","LC","Passeriformes",FALSE,TRUE,46
"Chloris_sinica","Passeriformes","Fringillidae","Chloris","Chloris sinica",1,FALSE,1,"Chloris sinica","金翅雀","LC","Passeriformes",FALSE,TRUE,47
"Chloris_chloris","Passeriformes","Fringillidae","Chloris","Chloris chloris",1,FALSE,1,"Chloris chloris","欧金翅雀","LC","Passeriformes",FALSE,TRUE,48
"Rhodospiza_obsoleta","Passeriformes","Fringillidae","Rhodospiza","Rhodospiza obsoleta",1,FALSE,1,"Rhodospiza obsoleta","巨嘴沙雀","LC","Passeriformes",FALSE,TRUE,49
"Leucosticte_arctoa","Passeriformes","Fringillidae","Leucosticte","Leucosticte arctoa",1,FALSE,0,NA,NA,"NotNew",NA,NA,FALSE,50
"Leucosticte_brandti","Passeriformes","Fringillidae","Leucosticte","Leucosticte brandti",1,FALSE,0,NA,NA,"NotNew",NA,NA,FALSE,51
"Leucosticte_nemoricola","Passeriformes","Fringillidae","Leucosticte","Leucosticte nemoricola",1,FALSE,0,NA,NA,"NotNew",NA,NA,FALSE,52
"Procarduelis_nipalensis","Passeriformes","Fringillidae","Procarduelis","Procarduelis nipalensis",1,FALSE,0,NA,NA,"NotNew",NA,NA,FALSE,53
"Callacanthis_burtoni","Passeriformes","Fringillidae","Callacanthis","Callacanthis burtoni",1,FALSE,1,"Callacanthis burtoni","红眉金翅雀","LC","Passeriformes",FALSE,TRUE,54
"Pyrrhoplectes_epauletta","Passeriformes","Fringillidae","Pyrrhoplectes","Pyrrhoplectes epauletta",1,FALSE,0,NA,NA,"NotNew",NA,NA,FALSE,55
"Agraphospiza_rubescens","Passeriformes","Fringillidae","Agraphospiza","Agraphospiza rubescens",1,FALSE,0,NA,NA,"NotNew",NA,NA,FALSE,56
"Bucanetes_mongolicus","Passeriformes","Fringillidae","Bucanetes","Bucanetes mongolicus",1,FALSE,1,"Bucanetes mongolicus","蒙古沙雀","LC","Passeriformes",FALSE,TRUE,57
"Rhodopechys_sanguineus","Passeriformes","Fringillidae","Rhodopechys","Rhodopechys sanguineus",1,FALSE,0,NA,NA,"NotNew",NA,NA,FALSE,58
"Pyrrhula_erythaca","Passeriformes","Fringillidae","Pyrrhula","Pyrrhula erythaca",1,FALSE,1,"Pyrrhula erythaca","灰头灰雀","LC","Passeriformes",FALSE,TRUE,59
"Pyrrhula_erythrocephala","Passeriformes","Fringillidae","Pyrrhula","Pyrrhula erythrocephala",1,FALSE,0,NA,NA,"NotNew",NA,NA,FALSE,60
"Pyrrhula_pyrrhula","Passeriformes","Fringillidae","Pyrrhula","Pyrrhula pyrrhula",1,FALSE,1,"Pyrrhula pyrrhula","红腹灰雀","LC","Passeriformes",FALSE,TRUE,61
"Pyrrhula_nipalensis","Passeriformes","Fringillidae","Pyrrhula","Pyrrhula nipalensis",1,FALSE,1,"Pyrrhula nipalensis","褐灰雀","LC","Passeriformes",FALSE,TRUE,62
"Pinicola_enucleator","Passeriformes","Fringillidae","Pinicola","Pinicola enucleator",1,FALSE,0,NA,NA,"NotNew",NA,NA,FALSE,63
"Carpodacus_dubius","Passeriformes","Fringillidae","Carpodacus","Carpodacus dubius",1,FALSE,0,NA,NA,"NotNew",NA,NA,FALSE,64
"Carpodacus_thura","Passeriformes","Fringillidae","Carpodacus","Carpodacus thura",1,FALSE,0,NA,NA,"NotNew",NA,NA,FALSE,65
"Carpodacus_trifasciatus","Passeriformes","Fringillidae","Carpodacus","Carpodacus trifasciatus",1,FALSE,0,NA,NA,"NotNew",NA,NA,FALSE,66
"Carpodacus_roseus","Passeriformes","Fringillidae","Carpodacus","Carpodacus roseus",1,FALSE,0,NA,NA,"NotNew",NA,NA,FALSE,67
"Carpodacus_sibiricus","Passeriformes","Fringillidae","Carpodacus","Carpodacus sibiricus",1,FALSE,0,NA,NA,"NotNew",NA,NA,FALSE,68
"Carpodacus_puniceus","Passeriformes","Fringillidae","Carpodacus","Carpodacus puniceus",1,FALSE,0,NA,NA,"NotNew",NA,NA,FALSE,69
"Carpodacus_subhimachalus","Passeriformes","Fringillidae","Carpodacus","Carpodacus subhimachalus",1,FALSE,0,NA,NA,"NotNew",NA,NA,FALSE,70
"Carpodacus_roborowskii","Passeriformes","Fringillidae","Carpodacus","Carpodacus roborowskii",1,FALSE,1,"Carpodacus roborowskii","藏雀","LC","Passeriformes",FALSE,TRUE,71
"Carpodacus_sillemi","Passeriformes","Fringillidae","Carpodacus","Carpodacus sillemi",1,FALSE,0,NA,NA,"NotNew",NA,NA,FALSE,72
"Carpodacus_stoliczkae","Passeriformes","Fringillidae","Carpodacus","Carpodacus stoliczkae",1,FALSE,0,NA,NA,"NotNew",NA,NA,FALSE,73
"Carpodacus_formosanus","Passeriformes","Fringillidae","Carpodacus","Carpodacus formosanus",1,FALSE,0,NA,NA,"NotNew",NA,NA,FALSE,74
"Carpodacus_vinaceus","Passeriformes","Fringillidae","Carpodacus","Carpodacus vinaceus",1,FALSE,1,"Carpodacus vinaceus","酒红朱雀","LC","Passeriformes",FALSE,TRUE,75
"Carpodacus_rodopeplus","Passeriformes","Fringillidae","Carpodacus","Carpodacus rodopeplus",1,FALSE,0,NA,NA,"NotNew",NA,NA,FALSE,76
"Carpodacus_rodochroa","Passeriformes","Fringillidae","Carpodacus","Carpodacus rodochroa",1,FALSE,0,NA,NA,"NotNew",NA,NA,FALSE,77
"Carpodacus_verreauxii","Passeriformes","Fringillidae","Carpodacus","Carpodacus verreauxii",1,FALSE,0,NA,NA,"NotNew",NA,NA,FALSE,78
"Carpodacus_edwardsii","Passeriformes","Fringillidae","Carpodacus","Carpodacus edwardsii",1,FALSE,0,NA,NA,"NotNew",NA,NA,FALSE,79
"Carpodacus_davidianus","Passeriformes","Fringillidae","Carpodacus","Carpodacus davidianus",1,FALSE,0,NA,NA,"NotNew",NA,NA,FALSE,80
"Carpodacus_pulcherrimus","Passeriformes","Fringillidae","Carpodacus","Carpodacus pulcherrimus",1,FALSE,0,NA,NA,"NotNew",NA,NA,FALSE,81
"Carpodacus_waltoni","Passeriformes","Fringillidae","Carpodacus","Carpodacus waltoni",1,FALSE,0,NA,NA,"NotNew",NA,NA,FALSE,82
"Carpodacus_grandis","Passeriformes","Fringillidae","Carpodacus","Carpodacus grandis",1,FALSE,0,NA,NA,"NotNew",NA,NA,FALSE,83
"Carpodacus_rhodochlamys","Passeriformes","Fringillidae","Carpodacus","Carpodacus rhodochlamys",1,FALSE,0,NA,NA,"NotNew",NA,NA,FALSE,84
"Carpodacus_rubicilla","Passeriformes","Fringillidae","Carpodacus","Carpodacus rubicilla",1,FALSE,0,NA,NA,"NotNew",NA,NA,FALSE,85
"Carpodacus_rubicilloides","Passeriformes","Fringillidae","Carpodacus","Carpodacus rubicilloides",1,FALSE,0,NA,NA,"NotNew",NA,NA,FALSE,86
"Carpodacus_erythrinus","Passeriformes","Fringillidae","Carpodacus","Carpodacus erythrinus",1,FALSE,0,NA,NA,"NotNew",NA,NA,FALSE,87
"Carpodacus_sipahi","Passeriformes","Fringillidae","Carpodacus","Carpodacus sipahi",1,FALSE,0,NA,NA,"NotNew",NA,NA,FALSE,88
"Mycerobas_affinis","Passeriformes","Fringillidae","Mycerobas","Mycerobas affinis",1,FALSE,1,"Mycerobas affinis","黄颈拟蜡嘴雀","LC","Passeriformes",FALSE,TRUE,89
"Mycerobas_melanozanthos","Passeriformes","Fringillidae","Mycerobas","Mycerobas melanozanthos",1,FALSE,0,NA,NA,"NotNew",NA,NA,FALSE,90
"Mycerobas_carnipes","Passeriformes","Fringillidae","Mycerobas","Mycerobas carnipes",1,FALSE,1,"Mycerobas carnipes","白斑翅拟蜡嘴雀","LC","Passeriformes",FALSE,TRUE,91
"Eophona_migratoria","Passeriformes","Fringillidae","Eophona","Eophona migratoria",1,FALSE,0,NA,NA,"NotNew",NA,NA,FALSE,92
"Eophona_personata","Passeriformes","Fringillidae","Eophona","Eophona personata",1,FALSE,0,NA,NA,"NotNew",NA,NA,FALSE,93
"Coccothraustes_coccothraustes","Passeriformes","Fringillidae","Coccothraustes","Coccothraustes coccothraustes",1,FALSE,0,NA,NA,"NotNew",NA,NA,FALSE,94
"Fringilla_coelebs","Passeriformes","Fringillidae","Fringilla","Fringilla coelebs",1,FALSE,1,"Fringilla coelebs","苍头燕雀","LC","Passeriformes",FALSE,TRUE,95
"Fringilla_montifringilla","Passeriformes","Fringillidae","Fringilla","Fringilla montifringilla",1,FALSE,1,"Fringilla montifringilla","燕雀","LC","Passeriformes",FALSE,TRUE,96
"Passer_domesticus","Passeriformes","Passeridae","Passer","Passer domesticus",1,FALSE,1,"Passer domesticus","家麻雀","LC","Passeriformes",FALSE,TRUE,97
"Passer_hispaniolensis","Passeriformes","Passeridae","Passer","Passer hispaniolensis",1,FALSE,1,"Passer hispaniolensis","黑胸麻雀","LC","Passeriformes",FALSE,TRUE,98
"Passer_ammodendri","Passeriformes","Passeridae","Passer","Passer ammodendri",1,FALSE,0,NA,NA,"NotNew",NA,NA,FALSE,99
"Passer_montanus","Passeriformes","Passeridae","Passer","Passer montanus",1,FALSE,0,NA,NA,"NotNew",NA,NA,FALSE,100
"Passer_cinnamomeus","Passeriformes","Passeridae","Passer","Passer cinnamomeus",1,FALSE,1,"Passer cinnamomeus","山麻雀","LC","Passeriformes",FALSE,TRUE,101
"Pyrgilauda_blanfordi","Passeriformes","Passeridae","Pyrgilauda","Pyrgilauda blanfordi",1,FALSE,0,NA,NA,"NotNew",NA,NA,FALSE,102
"Pyrgilauda_davidiana","Passeriformes","Passeridae","Pyrgilauda","Pyrgilauda davidiana",1,FALSE,0,NA,NA,"NotNew",NA,NA,FALSE,103
"Pyrgilauda_ruficollis","Passeriformes","Passeridae","Pyrgilauda","Pyrgilauda ruficollis",1,FALSE,0,NA,NA,"NotNew",NA,NA,FALSE,104
"Montifringilla_adamsi","Passeriformes","Passeridae","Montifringilla","Montifringilla adamsi",1,FALSE,0,NA,NA,"NotNew",NA,NA,FALSE,105
"Montifringilla_nivalis","Passeriformes","Passeridae","Montifringilla","Montifringilla nivalis",1,FALSE,0,NA,NA,"NotNew",NA,NA,FALSE,106
"Montifringilla_henrici","Passeriformes","Passeridae","Montifringilla","Montifringilla henrici",1,FALSE,0,NA,NA,"NotNew",NA,NA,FALSE,107
"Onychostruthus_taczanowskii","Passeriformes","Passeridae","Onychostruthus","Onychostruthus taczanowskii",1,FALSE,0,NA,NA,"NotNew",NA,NA,FALSE,108
"Petronia_petronia","Passeriformes","Passeridae","Petronia","Petronia petronia",1,FALSE,0,NA,NA,"NotNew",NA,NA,FALSE,109
"Anthus_spinoletta","Passeriformes","Motacillidae","Anthus","Anthus spinoletta",1,FALSE,0,NA,NA,"NotNew",NA,NA,FALSE,110
"Anthus_pratensis","Passeriformes","Motacillidae","Anthus","Anthus pratensis",1,FALSE,1,"Anthus pratensis","草地鹨","LC","Passeriformes",FALSE,TRUE,111
"Anthus_rubescens","Passeriformes","Motacillidae","Anthus","Anthus rubescens",1,FALSE,0,NA,NA,"NotNew",NA,NA,FALSE,112
"Anthus_cervinus","Passeriformes","Motacillidae","Anthus","Anthus cervinus",1,FALSE,0,NA,NA,"NotNew",NA,NA,FALSE,113
"Anthus_roseatus","Passeriformes","Motacillidae","Anthus","Anthus roseatus",1,FALSE,1,"Anthus roseatus","粉红胸鹨","LC","Passeriformes",FALSE,TRUE,114
"Anthus_hodgsoni","Passeriformes","Motacillidae","Anthus","Anthus hodgsoni",1,FALSE,0,NA,NA,"NotNew",NA,NA,FALSE,115
"Anthus_trivialis","Passeriformes","Motacillidae","Anthus","Anthus trivialis",1,FALSE,1,"Anthus trivialis","林鹨","LC","Passeriformes",FALSE,TRUE,116
"Anthus_gustavi","Passeriformes","Motacillidae","Anthus","Anthus gustavi",1,FALSE,1,"Anthus gustavi","北鹨","LC","Passeriformes",FALSE,TRUE,117
"Anthus_richardi","Passeriformes","Motacillidae","Anthus","Anthus richardi",1,FALSE,1,"Anthus richardi","田鹨","LC","Passeriformes",FALSE,TRUE,118
"Anthus_rufulus","Passeriformes","Motacillidae","Anthus","Anthus rufulus",1,FALSE,0,NA,NA,"NotNew",NA,NA,FALSE,119
"Anthus_campestris","Passeriformes","Motacillidae","Anthus","Anthus campestris",1,FALSE,0,NA,NA,"NotNew",NA,NA,FALSE,120
"Anthus_godlewskii","Passeriformes","Motacillidae","Anthus","Anthus godlewskii",1,FALSE,1,"Anthus godlewskii","布莱氏鹨","LC","Passeriformes",FALSE,TRUE,121
"Anthus_sylvanus","Passeriformes","Motacillidae","Anthus","Anthus sylvanus",1,FALSE,0,NA,NA,"NotNew",NA,NA,FALSE,122
"Motacilla_flava","Passeriformes","Motacillidae","Motacilla","Motacilla flava",1,FALSE,0,NA,NA,"NotNew",NA,NA,FALSE,123
"Motacilla_tschutschensis","Passeriformes","Motacillidae","Motacilla","Motacilla tschutschensis",1,FALSE,0,NA,NA,"NotNew",NA,NA,FALSE,124
"Motacilla_citreola","Passeriformes","Motacillidae","Motacilla","Motacilla citreola",1,FALSE,1,"Motacilla citreola","黄头鹡鸰","LC","Passeriformes",FALSE,TRUE,125
"Motacilla_cinerea","Passeriformes","Motacillidae","Motacilla","Motacilla cinerea",1,FALSE,0,NA,NA,"NotNew",NA,NA,FALSE,126
"Motacilla_alba","Passeriformes","Motacillidae","Motacilla","Motacilla alba",1,FALSE,0,NA,NA,"NotNew",NA,NA,FALSE,127
"Motacilla_grandis","Passeriformes","Motacillidae","Motacilla","Motacilla grandis",1,FALSE,0,NA,NA,"NotNew",NA,NA,FALSE,128
"Dendronanthus_indicus","Passeriformes","Motacillidae","Dendronanthus","Dendronanthus indicus",1,FALSE,0,NA,NA,"NotNew",NA,NA,FALSE,129
"Prunella_montanella","Passeriformes","Prunellidae","Prunella","Prunella montanella",1,FALSE,1,"Prunella montanella","棕眉山岩鹨","LC","Passeriformes",FALSE,TRUE,130
"Prunella_atrogularis","Passeriformes","Prunellidae","Prunella","Prunella atrogularis",1,FALSE,0,NA,NA,"NotNew",NA,NA,FALSE,131
"Prunella_fulvescens","Passeriformes","Prunellidae","Prunella","Prunella fulvescens",1,FALSE,0,NA,NA,"NotNew",NA,NA,FALSE,132
"Prunella_koslowi","Passeriformes","Prunellidae","Prunella","Prunella koslowi",1,FALSE,0,NA,NA,"NotNew",NA,NA,FALSE,133
"Prunella_strophiata","Passeriformes","Prunellidae","Prunella","Prunella strophiata",1,FALSE,1,"Prunella strophiata","棕胸岩鹨","LC","Passeriformes",FALSE,TRUE,134
"Prunella_rubeculoides","Passeriformes","Prunellidae","Prunella","Prunella rubeculoides",1,FALSE,0,NA,NA,"NotNew",NA,NA,FALSE,135
"Prunella_immaculata","Passeriformes","Prunellidae","Prunella","Prunella immaculata",1,FALSE,1,"Prunella immaculata","栗背岩鹨","LC","Passeriformes",FALSE,TRUE,136
"Prunella_collaris","Passeriformes","Prunellidae","Prunella","Prunella collaris",1,FALSE,1,"Prunella collaris","领岩鹨","LC","Passeriformes",FALSE,TRUE,137
"Prunella_himalayana","Passeriformes","Prunellidae","Prunella","Prunella himalayana",1,FALSE,1,"Prunella himalayana","高原岩鹨","LC","Passeriformes",FALSE,TRUE,138
"Ploceus_manyar","Passeriformes","Ploceidae","Ploceus","Ploceus manyar",1,FALSE,0,NA,NA,"NotNew",NA,NA,FALSE,139
"Ploceus_philippinus","Passeriformes","Ploceidae","Ploceus","Ploceus philippinus",1,FALSE,0,NA,NA,"NotNew",NA,NA,FALSE,140
"Lonchura_atricapilla","Passeriformes","Estrildidae","Lonchura","Lonchura atricapilla",1,FALSE,0,NA,NA,"NotNew",NA,NA,FALSE,141
"Lonchura_striata","Passeriformes","Estrildidae","Lonchura","Lonchura striata",1,FALSE,1,"Lonchura striata","白腰文鸟","LC","Passeriformes",FALSE,TRUE,142
"Lonchura_punctulata","Passeriformes","Estrildidae","Lonchura","Lonchura punctulata",1,FALSE,0,NA,NA,"NotNew",NA,NA,FALSE,143
"Euodice_malabarica","Passeriformes","Estrildidae","Euodice","Euodice malabarica",1,FALSE,0,NA,NA,"NotNew",NA,NA,FALSE,144
"Amandava_amandava","Passeriformes","Estrildidae","Amandava","Amandava amandava",1,FALSE,0,NA,NA,"NotNew",NA,NA,FALSE,145
"Estrilda_melpoda","Passeriformes","Estrildidae","Estrilda","Estrilda melpoda",1,FALSE,0,NA,NA,"NotNew",NA,NA,FALSE,146
"Erythrura_prasina","Passeriformes","Estrildidae","Erythrura","Erythrura prasina",1,FALSE,0,NA,NA,"NotNew",NA,NA,FALSE,147
"Urocynchramus_pylzowi","Passeriformes","Urocynchramidae","Urocynchramus","Urocynchramus pylzowi",1,FALSE,0,NA,NA,"NotNew",NA,NA,FALSE,148
"Irena_puella","Passeriformes","Irenidae","Irena","Irena puella",1,FALSE,0,NA,NA,"NotNew",NA,NA,FALSE,149
"Chloropsis_aurifrons","Passeriformes","Chloropseidae","Chloropsis","Chloropsis aurifrons",1,FALSE,0,NA,NA,"NotNew",NA,NA,FALSE,150
"Chloropsis_cochinchinensis","Passeriformes","Chloropseidae","Chloropsis","Chloropsis cochinchinensis",1,FALSE,0,NA,NA,"NotNew",NA,NA,FALSE,151
"Chloropsis_hardwickii","Passeriformes","Chloropseidae","Chloropsis","Chloropsis hardwickii",1,FALSE,0,NA,NA,"NotNew",NA,NA,FALSE,152
"Cinnyris_asiaticus","Passeriformes","Nectariniidae","Cinnyris","Cinnyris asiaticus",1,FALSE,0,NA,NA,"NotNew",NA,NA,FALSE,153
"Cinnyris_jugularis","Passeriformes","Nectariniidae","Cinnyris","Cinnyris jugularis",1,FALSE,0,NA,NA,"NotNew",NA,NA,FALSE,154
"Aethopyga_christinae","Passeriformes","Nectariniidae","Aethopyga","Aethopyga christinae",1,FALSE,1,"Aethopyga christinae","叉尾太阳鸟","LC","Passeriformes",FALSE,TRUE,155
"Aethopyga_siparaja","Passeriformes","Nectariniidae","Aethopyga","Aethopyga siparaja",1,FALSE,0,NA,NA,"NotNew",NA,NA,FALSE,156
"Aethopyga_gouldiae","Passeriformes","Nectariniidae","Aethopyga","Aethopyga gouldiae",1,FALSE,1,"Aethopyga gouldiae","蓝喉太阳鸟","LC","Passeriformes",FALSE,TRUE,157
"Aethopyga_nipalensis","Passeriformes","Nectariniidae","Aethopyga","Aethopyga nipalensis",1,FALSE,0,NA,NA,"NotNew",NA,NA,FALSE,158
"Aethopyga_saturata","Passeriformes","Nectariniidae","Aethopyga","Aethopyga saturata",1,FALSE,0,NA,NA,"NotNew",NA,NA,FALSE,159
"Aethopyga_ignicauda","Passeriformes","Nectariniidae","Aethopyga","Aethopyga ignicauda",1,FALSE,0,NA,NA,"NotNew",NA,NA,FALSE,160
"Anthreptes_malacensis","Passeriformes","Nectariniidae","Anthreptes","Anthreptes malacensis",1,FALSE,1,"Anthreptes malacensis","褐喉直嘴太阳鸟","LC","Passeriformes",FALSE,TRUE,161
"Chalcoparia_singalensis","Passeriformes","Nectariniidae","Chalcoparia","Chalcoparia singalensis",1,FALSE,0,NA,NA,"NotNew",NA,NA,FALSE,162
"Arachnothera_magna","Passeriformes","Nectariniidae","Arachnothera","Arachnothera magna",1,FALSE,0,NA,NA,"NotNew",NA,NA,FALSE,163
"Kurochkinegramma_hypogrammicum","Passeriformes","Nectariniidae","Kurochkinegramma","Kurochkinegramma hypogrammicum",1,FALSE,0,NA,NA,"NotNew",NA,NA,FALSE,164
"Arachnothera_longirostra","Passeriformes","Nectariniidae","Arachnothera","Arachnothera longirostra",1,FALSE,0,NA,NA,"NotNew",NA,NA,FALSE,165
"Dicaeum_ignipectus","Passeriformes","Dicaeidae","Dicaeum","Dicaeum ignipectus",1,FALSE,1,"Dicaeum ignipectus","红胸啄花鸟","LC","Passeriformes",FALSE,TRUE,166
"Dicaeum_cruentatum","Passeriformes","Dicaeidae","Dicaeum","Dicaeum cruentatum",1,FALSE,1,"Dicaeum cruentatum","朱背啄花鸟","LC","Passeriformes",FALSE,TRUE,167
"Dicaeum_minullum","Passeriformes","Dicaeidae","Dicaeum","Dicaeum minullum",1,FALSE,1,"Dicaeum minullum","纯色啄花鸟","LC","Passeriformes",FALSE,TRUE,168
"Dicaeum_melanozanthum","Passeriformes","Dicaeidae","Dicaeum","Dicaeum melanozanthum",1,FALSE,0,NA,NA,"NotNew",NA,NA,FALSE,169
"Dicaeum_chrysorrheum","Passeriformes","Dicaeidae","Dicaeum","Dicaeum chrysorrheum",1,FALSE,0,NA,NA,"NotNew",NA,NA,FALSE,170
"Dicaeum_agile","Passeriformes","Dicaeidae","Dicaeum","Dicaeum agile",1,FALSE,0,NA,NA,"NotNew",NA,NA,FALSE,171
"Turdus_atrogularis","Passeriformes","Turdidae","Turdus","Turdus atrogularis",1,FALSE,0,NA,NA,"NotNew",NA,NA,FALSE,172
"Turdus_ruficollis","Passeriformes","Turdidae","Turdus","Turdus ruficollis",1,FALSE,1,"Turdus ruficollis","赤颈鸫","LC","Passeriformes",FALSE,TRUE,173
"Turdus_eunomus","Passeriformes","Turdidae","Turdus","Turdus eunomus",1,FALSE,0,NA,NA,"NotNew",NA,NA,FALSE,174
"Turdus_naumanni","Passeriformes","Turdidae","Turdus","Turdus naumanni",1,FALSE,1,"Turdus naumanni","红尾斑鸫","LC","Passeriformes",FALSE,TRUE,175
"Turdus_albocinctus","Passeriformes","Turdidae","Turdus","Turdus albocinctus",1,FALSE,0,NA,NA,"NotNew",NA,NA,FALSE,176
"Turdus_rubrocanus","Passeriformes","Turdidae","Turdus","Turdus rubrocanus",1,FALSE,1,"Turdus rubrocanus","灰头鸫","LC","Passeriformes",FALSE,TRUE,177
"Turdus_pilaris","Passeriformes","Turdidae","Turdus","Turdus pilaris",1,FALSE,1,"Turdus pilaris","田鸫","LC","Passeriformes",FALSE,TRUE,178
"Turdus_maximus","Passeriformes","Turdidae","Turdus","Turdus maximus",1,FALSE,0,NA,NA,"NotNew",NA,NA,FALSE,179
"Turdus_feae","Passeriformes","Turdidae","Turdus","Turdus feae",1,FALSE,1,"Turdus feae","褐头鸫","VU","Passeriformes",FALSE,TRUE,180
"Turdus_obscurus","Passeriformes","Turdidae","Turdus","Turdus obscurus",1,FALSE,0,NA,NA,"NotNew",NA,NA,FALSE,181
"Turdus_pallidus","Passeriformes","Turdidae","Turdus","Turdus pallidus",1,FALSE,0,NA,NA,"NotNew",NA,NA,FALSE,182
"Turdus_chrysolaus","Passeriformes","Turdidae","Turdus","Turdus chrysolaus",1,FALSE,0,NA,NA,"NotNew",NA,NA,FALSE,183
"Turdus_kessleri","Passeriformes","Turdidae","Turdus","Turdus kessleri",1,FALSE,0,NA,NA,"NotNew",NA,NA,FALSE,184
"Turdus_cardis","Passeriformes","Turdidae","Turdus","Turdus cardis",1,FALSE,1,"Turdus cardis","乌灰鸫","LC","Passeriformes",FALSE,TRUE,185
"Turdus_hortulorum","Passeriformes","Turdidae","Turdus","Turdus hortulorum",1,FALSE,0,NA,NA,"NotNew",NA,NA,FALSE,186
"Turdus_dissimilis","Passeriformes","Turdidae","Turdus","Turdus dissimilis",1,FALSE,0,NA,NA,"NotNew",NA,NA,FALSE,187
"Turdus_unicolor","Passeriformes","Turdidae","Turdus","Turdus unicolor",1,FALSE,0,NA,NA,"NotNew",NA,NA,FALSE,188
"Turdus_boulboul","Passeriformes","Turdidae","Turdus","Turdus boulboul",1,FALSE,1,"Turdus boulboul","灰翅鸫","LC","Passeriformes",FALSE,TRUE,189
"Turdus_niveiceps","Passeriformes","Turdidae","Turdus","Turdus niveiceps",1,FALSE,0,NA,NA,"NotNew",NA,NA,FALSE,190
"Turdus_iliacus","Passeriformes","Turdidae","Turdus","Turdus iliacus",1,FALSE,0,NA,NA,"NotNew",NA,NA,FALSE,191
"Turdus_merula","Passeriformes","Turdidae","Turdus","Turdus merula",1,FALSE,0,NA,NA,"NotNew",NA,NA,FALSE,192
"Turdus_mandarinus","Passeriformes","Turdidae","Turdus","Turdus mandarinus",1,FALSE,0,NA,NA,"NotNew",NA,NA,FALSE,193
"Turdus_philomelos","Passeriformes","Turdidae","Turdus","Turdus philomelos",1,FALSE,0,NA,NA,"NotNew",NA,NA,FALSE,194
"Turdus_viscivorus","Passeriformes","Turdidae","Turdus","Turdus viscivorus",1,FALSE,1,"Turdus viscivorus","槲鸫","LC","Passeriformes",FALSE,TRUE,195
"Turdus_mupinensis","Passeriformes","Turdidae","Turdus","Turdus mupinensis",1,FALSE,1,"Otocichla mupinensis","宝兴歌鸫","LC","Passeriformes",TRUE,TRUE,196
"Geokichla_citrina","Passeriformes","Turdidae","Geokichla","Geokichla citrina",1,FALSE,1,"Geokichla citrina","橙头地鸫","LC","Passeriformes",FALSE,TRUE,197
"Geokichla_sibirica","Passeriformes","Turdidae","Geokichla","Geokichla sibirica",1,FALSE,0,NA,NA,"NotNew",NA,NA,FALSE,198
"Zoothera_aurea","Passeriformes","Turdidae","Zoothera","Zoothera aurea",1,FALSE,0,NA,NA,"NotNew",NA,NA,FALSE,199
"Zoothera_dauma","Passeriformes","Turdidae","Zoothera","Zoothera dauma",1,FALSE,0,NA,NA,"NotNew",NA,NA,FALSE,200
"Zoothera_marginata","Passeriformes","Turdidae","Zoothera","Zoothera marginata",1,FALSE,0,NA,NA,"NotNew",NA,NA,FALSE,201
"Zoothera_monticola","Passeriformes","Turdidae","Zoothera","Zoothera monticola",1,FALSE,1,"Zoothera monticola","大长嘴地鸫","LC","Passeriformes",FALSE,TRUE,202
"Zoothera_dixoni","Passeriformes","Turdidae","Zoothera","Zoothera dixoni",1,FALSE,1,"Zoothera dixoni","长尾地鸫","LC","Passeriformes",FALSE,TRUE,203
"Zoothera_griseiceps","Passeriformes","Turdidae","Zoothera","Zoothera griseiceps",1,FALSE,0,NA,NA,"NotNew",NA,NA,FALSE,204
"Zoothera_salimalii","Passeriformes","Turdidae","Zoothera","Zoothera salimalii",1,FALSE,0,NA,NA,"NotNew",NA,NA,FALSE,205
"Zoothera_mollissima","Passeriformes","Turdidae","Zoothera","Zoothera mollissima",1,FALSE,1,"Zoothera mollissima","光背地鸫","LC","Passeriformes",FALSE,TRUE,206
"Cochoa_viridis","Passeriformes","Turdidae","Cochoa","Cochoa viridis",1,FALSE,0,NA,NA,"NotNew",NA,NA,FALSE,207
"Cochoa_purpurea","Passeriformes","Turdidae","Cochoa","Cochoa purpurea",1,FALSE,0,NA,NA,"NotNew",NA,NA,FALSE,208
"Grandala_coelicolor","Passeriformes","Turdidae","Grandala","Grandala coelicolor",1,FALSE,1,"Grandala coelicolor","蓝大翅鸲","LC","Passeriformes",FALSE,TRUE,209
"Oenanthe_picata","Passeriformes","Muscicapidae","Oenanthe","Oenanthe picata",1,FALSE,0,NA,NA,"NotNew",NA,NA,FALSE,210
"Oenanthe_isabellina","Passeriformes","Muscicapidae","Oenanthe","Oenanthe isabellina",1,FALSE,0,NA,NA,"NotNew",NA,NA,FALSE,211
"Oenanthe_oenanthe","Passeriformes","Muscicapidae","Oenanthe","Oenanthe oenanthe",1,FALSE,1,"Oenanthe oenanthe","穗䳭","LC","Passeriformes",FALSE,TRUE,212
"Oenanthe_pleschanka","Passeriformes","Muscicapidae","Oenanthe","Oenanthe pleschanka",1,FALSE,0,NA,NA,"NotNew",NA,NA,FALSE,213
"Oenanthe_deserti","Passeriformes","Muscicapidae","Oenanthe","Oenanthe deserti",1,FALSE,1,"Oenanthe deserti","漠䳭","LC","Passeriformes",FALSE,TRUE,214
"Saxicola_maurus","Passeriformes","Muscicapidae","Saxicola","Saxicola maurus",1,FALSE,0,NA,NA,"NotNew",NA,NA,FALSE,215
"Saxicola_stejnegeri","Passeriformes","Muscicapidae","Saxicola","Saxicola stejnegeri",1,FALSE,0,NA,NA,"NotNew",NA,NA,FALSE,216
"Saxicola_insignis","Passeriformes","Muscicapidae","Saxicola","Saxicola insignis",1,FALSE,0,NA,NA,"NotNew",NA,NA,FALSE,217
"Saxicola_caprata","Passeriformes","Muscicapidae","Saxicola","Saxicola caprata",1,FALSE,0,NA,NA,"NotNew",NA,NA,FALSE,218
"Saxicola_ferreus","Passeriformes","Muscicapidae","Saxicola","Saxicola ferreus",1,FALSE,1,"Saxicola ferreus","灰林䳭","LC","Passeriformes",FALSE,TRUE,219
"Saxicola_jerdoni","Passeriformes","Muscicapidae","Saxicola","Saxicola jerdoni",1,FALSE,0,NA,NA,"NotNew",NA,NA,FALSE,220
"Monticola_saxatilis","Passeriformes","Muscicapidae","Monticola","Monticola saxatilis",1,FALSE,0,NA,NA,"NotNew",NA,NA,FALSE,221
"Monticola_solitarius","Passeriformes","Muscicapidae","Monticola","Monticola solitarius",1,FALSE,1,"Monticola solitarius","蓝矶鸫","LC","Passeriformes",FALSE,TRUE,222
"Monticola_gularis","Passeriformes","Muscicapidae","Monticola","Monticola gularis",1,FALSE,1,"Monticola gularis","白喉矶鸫","LC","Passeriformes",FALSE,TRUE,223
"Monticola_rufiventris","Passeriformes","Muscicapidae","Monticola","Monticola rufiventris",1,FALSE,1,"Monticola rufiventris","栗腹矶鸫","LC","Passeriformes",FALSE,TRUE,224
"Monticola_cinclorhyncha","Passeriformes","Muscicapidae","Monticola","Monticola cinclorhyncha",1,FALSE,0,NA,NA,"NotNew",NA,NA,FALSE,225
"Phoenicurus_erythrogastrus","Passeriformes","Muscicapidae","Phoenicurus","Phoenicurus erythrogastrus",1,FALSE,0,NA,NA,"NotNew",NA,NA,FALSE,226
"Phoenicurus_hodgsoni","Passeriformes","Muscicapidae","Phoenicurus","Phoenicurus hodgsoni",1,FALSE,0,NA,NA,"NotNew",NA,NA,FALSE,227
"Phoenicurus_auroreus","Passeriformes","Muscicapidae","Phoenicurus","Phoenicurus auroreus",1,FALSE,0,NA,NA,"NotNew",NA,NA,FALSE,228
"Phoenicurus_phoenicurus","Passeriformes","Muscicapidae","Phoenicurus","Phoenicurus phoenicurus",1,FALSE,0,NA,NA,"NotNew",NA,NA,FALSE,229
"Phoenicurus_ochruros","Passeriformes","Muscicapidae","Phoenicurus","Phoenicurus ochruros",1,FALSE,1,"Phoenicurus ochruros","赭红尾鸲","LC","Passeriformes",FALSE,TRUE,230
"Phoenicurus_alaschanicus","Passeriformes","Muscicapidae","Phoenicurus","Phoenicurus alaschanicus",1,FALSE,0,NA,NA,"NotNew",NA,NA,FALSE,231
"Phoenicurus_leucocephalus","Passeriformes","Muscicapidae","Phoenicurus","Phoenicurus leucocephalus",1,FALSE,0,NA,NA,"NotNew",NA,NA,FALSE,232
"Phoenicurus_fuliginosus","Passeriformes","Muscicapidae","Phoenicurus","Phoenicurus fuliginosus",1,FALSE,0,NA,NA,"NotNew",NA,NA,FALSE,233
"Phoenicurus_coeruleocephala","Passeriformes","Muscicapidae","Phoenicurus","Phoenicurus coeruleocephala",1,FALSE,0,NA,NA,"NotNew",NA,NA,FALSE,234
"Phoenicurus_schisticeps","Passeriformes","Muscicapidae","Phoenicurus","Phoenicurus schisticeps",1,FALSE,1,"Phoenicurus schisticeps","白喉红尾鸲","LC","Passeriformes",FALSE,TRUE,235
"Phoenicurus_frontalis","Passeriformes","Muscicapidae","Phoenicurus","Phoenicurus frontalis",1,FALSE,1,"Phoenicurus frontalis","蓝额红尾鸲","LC","Passeriformes",FALSE,TRUE,236
"Phoenicurus_erythronotus","Passeriformes","Muscicapidae","Phoenicurus","Phoenicurus erythronotus",1,FALSE,1,"Phoenicurus erythronotus","红背红尾鸲","LC","Passeriformes",FALSE,TRUE,237
"Heteroxenicus_stellatus","Passeriformes","Muscicapidae","Heteroxenicus","Heteroxenicus stellatus",1,FALSE,1,"Heteroxenicus stellatus","栗背短翅鸫","LC","Passeriformes",FALSE,TRUE,238
"Tarsiger_chrysaeus","Passeriformes","Muscicapidae","Tarsiger","Tarsiger chrysaeus",1,FALSE,1,"Tarsiger chrysaeus","金色林鸲","LC","Passeriformes",FALSE,TRUE,239
"Tarsiger_johnstoniae","Passeriformes","Muscicapidae","Tarsiger","Tarsiger johnstoniae",1,FALSE,0,NA,NA,"NotNew",NA,NA,FALSE,240
"Tarsiger_indicus","Passeriformes","Muscicapidae","Tarsiger","Tarsiger indicus",1,FALSE,1,"Tarsiger indicus","白眉林鸲","LC","Passeriformes",FALSE,TRUE,241
"Tarsiger_cyanurus","Passeriformes","Muscicapidae","Tarsiger","Tarsiger cyanurus",1,FALSE,0,NA,NA,"NotNew",NA,NA,FALSE,242
"Tarsiger_rufilatus","Passeriformes","Muscicapidae","Tarsiger","Tarsiger rufilatus",1,FALSE,0,NA,NA,"NotNew",NA,NA,FALSE,243
"Tarsiger_hyperythrus","Passeriformes","Muscicapidae","Tarsiger","Tarsiger hyperythrus",1,FALSE,0,NA,NA,"NotNew",NA,NA,FALSE,244
"Brachypteryx_leucophris","Passeriformes","Muscicapidae","Brachypteryx","Brachypteryx leucophris",1,FALSE,0,NA,NA,"NotNew",NA,NA,FALSE,245
"Brachypteryx_hyperythra","Passeriformes","Muscicapidae","Brachypteryx","Brachypteryx hyperythra",1,FALSE,0,NA,NA,"NotNew",NA,NA,FALSE,246
"Brachypteryx_goodfellowi","Passeriformes","Muscicapidae","Brachypteryx","Brachypteryx goodfellowi",1,FALSE,0,NA,NA,"NotNew",NA,NA,FALSE,247
"Brachypteryx_sinensis","Passeriformes","Muscicapidae","Brachypteryx","Brachypteryx sinensis",1,FALSE,0,NA,NA,"NotNew",NA,NA,FALSE,248
"Brachypteryx_cruralis","Passeriformes","Muscicapidae","Brachypteryx","Brachypteryx cruralis",1,FALSE,0,NA,NA,"NotNew",NA,NA,FALSE,249
"Larvivora_komadori","Passeriformes","Muscicapidae","Larvivora","Larvivora komadori",1,FALSE,0,NA,NA,"NotNew",NA,NA,FALSE,250
"Larvivora_akahige","Passeriformes","Muscicapidae","Larvivora","Larvivora akahige",1,FALSE,1,"Larvivora akahige","日本歌鸲","LC","Passeriformes",FALSE,TRUE,251
"Larvivora_ruficeps","Passeriformes","Muscicapidae","Larvivora","Larvivora ruficeps",1,FALSE,0,NA,NA,"NotNew",NA,NA,FALSE,252
"Larvivora_sibilans","Passeriformes","Muscicapidae","Larvivora","Larvivora sibilans",1,FALSE,0,NA,NA,"NotNew",NA,NA,FALSE,253
"Larvivora_brunnea","Passeriformes","Muscicapidae","Larvivora","Larvivora brunnea",1,FALSE,1,"Larvivora brunnea","栗腹歌鸲","LC","Passeriformes",FALSE,TRUE,254
"Larvivora_cyane","Passeriformes","Muscicapidae","Larvivora","Larvivora cyane",1,FALSE,1,"Larvivora cyane","蓝歌鸲","LC","Passeriformes",FALSE,TRUE,255
"Ficedula_albicilla","Passeriformes","Muscicapidae","Ficedula","Ficedula albicilla",1,FALSE,1,"Ficedula albicilla","红喉姬鹟","LC","Passeriformes",FALSE,TRUE,256
"Ficedula_parva","Passeriformes","Muscicapidae","Ficedula","Ficedula parva",1,FALSE,1,"Ficedula parva","红胸姬鹟","LC","Passeriformes",FALSE,TRUE,257
"Ficedula_erithacus","Passeriformes","Muscicapidae","Ficedula","Ficedula erithacus",1,FALSE,1,"Ficedula erithacus","锈胸蓝姬鹟","LC","Passeriformes",FALSE,TRUE,258
"Ficedula_hypoleuca","Passeriformes","Muscicapidae","Ficedula","Ficedula hypoleuca",1,FALSE,0,NA,NA,"NotNew",NA,NA,FALSE,259
"Ficedula_ruficauda","Passeriformes","Muscicapidae","Ficedula","Ficedula ruficauda",1,FALSE,1,"Ficedula ruficauda","栗尾姬鹟","LC","Passeriformes",FALSE,TRUE,260
"Ficedula_superciliaris","Passeriformes","Muscicapidae","Ficedula","Ficedula superciliaris",1,FALSE,1,"Ficedula superciliaris","白眉蓝姬鹟","LC","Passeriformes",FALSE,TRUE,261
"Ficedula_westermanni","Passeriformes","Muscicapidae","Ficedula","Ficedula westermanni",1,FALSE,0,NA,NA,"NotNew",NA,NA,FALSE,262
"Ficedula_sapphira","Passeriformes","Muscicapidae","Ficedula","Ficedula sapphira",1,FALSE,0,NA,NA,"NotNew",NA,NA,FALSE,263
"Ficedula_strophiata","Passeriformes","Muscicapidae","Ficedula","Ficedula strophiata",1,FALSE,1,"Ficedula strophiata","橙胸姬鹟","LC","Passeriformes",FALSE,TRUE,264
"Ficedula_hodgsoni","Passeriformes","Muscicapidae","Ficedula","Ficedula hodgsoni",1,FALSE,0,NA,NA,"NotNew",NA,NA,FALSE,265
"Ficedula_mugimaki","Passeriformes","Muscicapidae","Ficedula","Ficedula mugimaki",1,FALSE,1,"Ficedula mugimaki","鸲姬鹟","LC","Passeriformes",FALSE,TRUE,266
"Ficedula_hyperythra","Passeriformes","Muscicapidae","Ficedula","Ficedula hyperythra",1,FALSE,0,NA,NA,"NotNew",NA,NA,FALSE,267
"Ficedula_tricolor","Passeriformes","Muscicapidae","Ficedula","Ficedula tricolor",1,FALSE,1,"Ficedula tricolor","灰蓝姬鹟","LC","Passeriformes",FALSE,TRUE,268
"Ficedula_narcissina","Passeriformes","Muscicapidae","Ficedula","Ficedula narcissina",1,FALSE,1,"Ficedula narcissina","黄眉姬鹟","LC","Passeriformes",FALSE,TRUE,269
"Ficedula_owstoni","Passeriformes","Muscicapidae","Ficedula","Ficedula owstoni",1,FALSE,1,"Ficedula owstoni","琉球姬鹟","LC","Passeriformes",FALSE,TRUE,270
"Ficedula_elisae","Passeriformes","Muscicapidae","Ficedula","Ficedula elisae",1,FALSE,1,"Ficedula elisae","绿背姬鹟","LC","Passeriformes",FALSE,TRUE,271
"Ficedula_zanthopygia","Passeriformes","Muscicapidae","Ficedula","Ficedula zanthopygia",1,FALSE,0,NA,NA,"NotNew",NA,NA,FALSE,272
"Myophonus_caeruleus","Passeriformes","Muscicapidae","Myophonus","Myophonus caeruleus",1,FALSE,1,"Myophonus caeruleus","紫啸鸫","LC","Passeriformes",FALSE,TRUE,273
"Myophonus_insularis","Passeriformes","Muscicapidae","Myophonus","Myophonus insularis",1,FALSE,0,NA,NA,"NotNew",NA,NA,FALSE,274
"Cinclidium_frontale","Passeriformes","Muscicapidae","Cinclidium","Cinclidium frontale",1,FALSE,0,NA,NA,"NotNew",NA,NA,FALSE,275
"Enicurus_leschenaulti","Passeriformes","Muscicapidae","Enicurus","Enicurus leschenaulti",1,FALSE,1,"Enicurus leschenaulti","白冠燕尾","LC","Passeriformes",FALSE,TRUE,276
"Enicurus_maculatus","Passeriformes","Muscicapidae","Enicurus","Enicurus maculatus",1,FALSE,1,"Enicurus maculatus","斑背燕尾","LC","Passeriformes",FALSE,TRUE,277
"Enicurus_immaculatus","Passeriformes","Muscicapidae","Enicurus","Enicurus immaculatus",1,FALSE,0,NA,NA,"NotNew",NA,NA,FALSE,278
"Enicurus_schistaceus","Passeriformes","Muscicapidae","Enicurus","Enicurus schistaceus",1,FALSE,1,"Enicurus schistaceus","灰背燕尾","LC","Passeriformes",FALSE,TRUE,279
"Enicurus_scouleri","Passeriformes","Muscicapidae","Enicurus","Enicurus scouleri",1,FALSE,0,NA,NA,"NotNew",NA,NA,FALSE,280
"Calliope_pectoralis","Passeriformes","Muscicapidae","Calliope","Calliope pectoralis",1,FALSE,0,NA,NA,"NotNew",NA,NA,FALSE,281
"Calliope_tschebaiewi","Passeriformes","Muscicapidae","Calliope","Calliope tschebaiewi",1,FALSE,0,NA,NA,"NotNew",NA,NA,FALSE,282
"Calliope_calliope","Passeriformes","Muscicapidae","Calliope","Calliope calliope",1,FALSE,0,NA,NA,"NotNew",NA,NA,FALSE,283
"Calliope_obscura","Passeriformes","Muscicapidae","Calliope","Calliope obscura",1,FALSE,1,"Calliope obscura","黑喉歌鸲","VU","Passeriformes",FALSE,TRUE,284
"Calliope_pectardens","Passeriformes","Muscicapidae","Calliope","Calliope pectardens",1,FALSE,0,NA,NA,"NotNew",NA,NA,FALSE,285
"Myiomela_leucura","Passeriformes","Muscicapidae","Myiomela","Myiomela leucura",1,FALSE,1,"Myiomela leucura","白尾蓝地鸲","LC","Passeriformes",FALSE,TRUE,286
"Luscinia_megarhynchos","Passeriformes","Muscicapidae","Luscinia","Luscinia megarhynchos",1,FALSE,0,NA,NA,"NotNew",NA,NA,FALSE,287
"Luscinia_phaenicuroides","Passeriformes","Muscicapidae","Luscinia","Luscinia phaenicuroides",1,FALSE,0,NA,NA,"NotNew",NA,NA,FALSE,288
"Luscinia_svecica","Passeriformes","Muscicapidae","Luscinia","Luscinia svecica",1,FALSE,0,NA,NA,"NotNew",NA,NA,FALSE,289
"Erithacus_rubecula","Passeriformes","Muscicapidae","Erithacus","Erithacus rubecula",1,FALSE,1,"Erithacus rubecula","欧亚鸲","LC","Passeriformes",FALSE,TRUE,290
"Cyornis_whitei","Passeriformes","Muscicapidae","Cyornis","Cyornis whitei",1,FALSE,0,NA,NA,"NotNew",NA,NA,FALSE,291
"Cyornis_poliogenys","Passeriformes","Muscicapidae","Cyornis","Cyornis poliogenys",1,FALSE,0,NA,NA,"NotNew",NA,NA,FALSE,292
"Cyornis_brunneatus","Passeriformes","Muscicapidae","Cyornis","Cyornis brunneatus",1,FALSE,0,NA,NA,"NotNew",NA,NA,FALSE,293
"Cyornis_glaucicomans","Passeriformes","Muscicapidae","Cyornis","Cyornis glaucicomans",1,FALSE,1,"Cyornis glaucicomans","中华仙鹟","LC","Passeriformes",FALSE,TRUE,294
"Cyornis_hainanus","Passeriformes","Muscicapidae","Cyornis","Cyornis hainanus",1,FALSE,0,NA,NA,"NotNew",NA,NA,FALSE,295
"Cyornis_rubeculoides","Passeriformes","Muscicapidae","Cyornis","Cyornis rubeculoides",1,FALSE,0,NA,NA,"NotNew",NA,NA,FALSE,296
"Cyornis_unicolor","Passeriformes","Muscicapidae","Cyornis","Cyornis unicolor",1,FALSE,0,NA,NA,"NotNew",NA,NA,FALSE,297
"Anthipes_monileger","Passeriformes","Muscicapidae","Anthipes","Anthipes monileger",1,FALSE,0,NA,NA,"NotNew",NA,NA,FALSE,298
"Eumyias_thalassinus","Passeriformes","Muscicapidae","Eumyias","Eumyias thalassinus",1,FALSE,1,"Eumyias thalassinus","铜蓝鹟","LC","Passeriformes",FALSE,TRUE,299
"Cyanoptila_cumatilis","Passeriformes","Muscicapidae","Cyanoptila","Cyanoptila cumatilis",1,FALSE,0,NA,NA,"NotNew",NA,NA,FALSE,300
"Cyanoptila_cyanomelana","Passeriformes","Muscicapidae","Cyanoptila","Cyanoptila cyanomelana",1,FALSE,0,NA,NA,"NotNew",NA,NA,FALSE,301
"Niltava_grandis","Passeriformes","Muscicapidae","Niltava","Niltava grandis",1,FALSE,1,"Niltava grandis","大仙鹟","LC","Passeriformes",FALSE,TRUE,302
"Niltava_macgrigoriae","Passeriformes","Muscicapidae","Niltava","Niltava macgrigoriae",1,FALSE,1,"Niltava macgrigoriae","小仙鹟","LC","Passeriformes",FALSE,TRUE,303
"Niltava_oatesi","Passeriformes","Muscicapidae","Niltava","Niltava oatesi",1,FALSE,0,NA,NA,"NotNew",NA,NA,FALSE,304
"Niltava_vivida","Passeriformes","Muscicapidae","Niltava","Niltava vivida",1,FALSE,0,NA,NA,"NotNew",NA,NA,FALSE,305
"Niltava_sundara","Passeriformes","Muscicapidae","Niltava","Niltava sundara",1,FALSE,1,"Niltava sundara","棕腹仙鹟","LC","Passeriformes",FALSE,TRUE,306
"Niltava_davidi","Passeriformes","Muscicapidae","Niltava","Niltava davidi",1,FALSE,1,"Niltava davidi","棕腹大仙鹟","LC","Passeriformes",FALSE,TRUE,307
"Copsychus_malabaricus","Passeriformes","Muscicapidae","Copsychus","Copsychus malabaricus",1,FALSE,0,NA,NA,"NotNew",NA,NA,FALSE,308
"Copsychus_saularis","Passeriformes","Muscicapidae","Copsychus","Copsychus saularis",1,FALSE,1,"Copsychus saularis","鹊鸲","LC","Passeriformes",FALSE,TRUE,309
"Cercotrichas_galactotes","Passeriformes","Muscicapidae","Cercotrichas","Cercotrichas galactotes",1,FALSE,0,NA,NA,"NotNew",NA,NA,FALSE,310
"Muscicapa_dauurica","Passeriformes","Muscicapidae","Muscicapa","Muscicapa dauurica",1,FALSE,1,"Muscicapa dauurica","北灰鹟","LC","Passeriformes",FALSE,TRUE,311
"Muscicapa_muttui","Passeriformes","Muscicapidae","Muscicapa","Muscicapa muttui",1,FALSE,1,"Muscicapa muttui","褐胸鹟","LC","Passeriformes",FALSE,TRUE,312
"Muscicapa_ferruginea","Passeriformes","Muscicapidae","Muscicapa","Muscicapa ferruginea",1,FALSE,1,"Muscicapa ferruginea","棕尾褐鹟","LC","Passeriformes",FALSE,TRUE,313
"Muscicapa_sibirica","Passeriformes","Muscicapidae","Muscicapa","Muscicapa sibirica",1,FALSE,0,NA,NA,"NotNew",NA,NA,FALSE,314
"Muscicapa_griseisticta","Passeriformes","Muscicapidae","Muscicapa","Muscicapa griseisticta",1,FALSE,0,NA,NA,"NotNew",NA,NA,FALSE,315
"Muscicapa_striata","Passeriformes","Muscicapidae","Muscicapa","Muscicapa striata",1,FALSE,0,NA,NA,"NotNew",NA,NA,FALSE,316
"Cinclus_cinclus","Passeriformes","Cinclidae","Cinclus","Cinclus cinclus",1,FALSE,0,NA,NA,"NotNew",NA,NA,FALSE,317
"Cinclus_pallasii","Passeriformes","Cinclidae","Cinclus","Cinclus pallasii",1,FALSE,0,NA,NA,"NotNew",NA,NA,FALSE,318
"Acridotheres_javanicus","Passeriformes","Sturnidae","Acridotheres","Acridotheres javanicus",1,FALSE,0,NA,NA,"NotNew",NA,NA,FALSE,319
"Acridotheres_cristatellus","Passeriformes","Sturnidae","Acridotheres","Acridotheres cristatellus",1,FALSE,0,NA,NA,"NotNew",NA,NA,FALSE,320
"Acridotheres_grandis","Passeriformes","Sturnidae","Acridotheres","Acridotheres grandis",1,FALSE,0,NA,NA,"NotNew",NA,NA,FALSE,321
"Acridotheres_albocinctus","Passeriformes","Sturnidae","Acridotheres","Acridotheres albocinctus",1,FALSE,0,NA,NA,"NotNew",NA,NA,FALSE,322
"Acridotheres_burmannicus","Passeriformes","Sturnidae","Acridotheres","Acridotheres burmannicus",1,FALSE,0,NA,NA,"NotNew",NA,NA,FALSE,323
"Acridotheres_tristis","Passeriformes","Sturnidae","Acridotheres","Acridotheres tristis",1,FALSE,1,"Acridotheres tristis","家八哥","LC","Passeriformes",FALSE,TRUE,324
"Gracupica_contra","Passeriformes","Sturnidae","Gracupica","Gracupica contra",1,FALSE,0,NA,NA,"NotNew",NA,NA,FALSE,325
"Gracupica_floweri","Passeriformes","Sturnidae","Gracupica","Gracupica floweri",1,FALSE,0,NA,NA,"NotNew",NA,NA,FALSE,326
"Sturnia_malabarica","Passeriformes","Sturnidae","Sturnia","Sturnia malabarica",1,FALSE,0,NA,NA,"NotNew",NA,NA,FALSE,327
"Sturnia_pagodarum","Passeriformes","Sturnidae","Sturnia","Sturnia pagodarum",1,FALSE,1,"Sturnia pagodarum","黑冠椋鸟","LC","Passeriformes",FALSE,TRUE,328
"Sturnia_sinensis","Passeriformes","Sturnidae","Sturnia","Sturnia sinensis",1,FALSE,1,"Sturnia sinensis","灰背椋鸟","LC","Passeriformes",FALSE,TRUE,329
"Spodiopsar_cineraceus","Passeriformes","Sturnidae","Spodiopsar","Spodiopsar cineraceus",1,FALSE,1,"Spodiopsar cineraceus","灰椋鸟","LC","Passeriformes",FALSE,TRUE,330
"Spodiopsar_sericeus","Passeriformes","Sturnidae","Spodiopsar","Spodiopsar sericeus",1,FALSE,1,"Spodiopsar sericeus","丝光椋鸟","LC","Passeriformes",FALSE,TRUE,331
"Agropsar_philippensis","Passeriformes","Sturnidae","Agropsar","Agropsar philippensis",1,FALSE,1,"Agropsar philippensis","紫背椋鸟","LC","Passeriformes",FALSE,TRUE,332
"Agropsar_sturninus","Passeriformes","Sturnidae","Agropsar","Agropsar sturninus",1,FALSE,1,"Agropsar sturninus","北椋鸟","LC","Passeriformes",FALSE,TRUE,333
"Gracupica_nigricollis","Passeriformes","Sturnidae","Gracupica","Gracupica nigricollis",1,FALSE,1,"Gracupica nigricollis","黑领椋鸟","LC","Passeriformes",FALSE,TRUE,334
"Pastor_roseus","Passeriformes","Sturnidae","Pastor","Pastor roseus",1,FALSE,1,"Pastor roseus","粉红椋鸟","LC","Passeriformes",FALSE,TRUE,335
"Sturnus_vulgaris","Passeriformes","Sturnidae","Sturnus","Sturnus vulgaris",1,FALSE,1,"Sturnus vulgaris","紫翅椋鸟","LC","Passeriformes",FALSE,TRUE,336
"Saroglossa_spilopterus","Passeriformes","Sturnidae","Saroglossa","Saroglossa spilopterus",1,FALSE,0,NA,NA,"NotNew",NA,NA,FALSE,337
"Aplonis_panayensis","Passeriformes","Sturnidae","Aplonis","Aplonis panayensis",1,FALSE,0,NA,NA,"NotNew",NA,NA,FALSE,338
"Gracula_religiosa","Passeriformes","Sturnidae","Gracula","Gracula religiosa",1,FALSE,0,NA,NA,"NotNew",NA,NA,FALSE,339
"Ampeliceps_coronatus","Passeriformes","Sturnidae","Ampeliceps","Ampeliceps coronatus",1,FALSE,0,NA,NA,"NotNew",NA,NA,FALSE,340
"Elachura_formosa","Passeriformes","Elachuridae","Elachura","Elachura formosa",1,FALSE,1,"Elachura formosa","丽星鹩鹛","LC","Passeriformes",FALSE,TRUE,341
"Troglodytes_troglodytes","Passeriformes","Troglodytidae","Troglodytes","Troglodytes troglodytes",1,FALSE,0,NA,NA,"NotNew",NA,NA,FALSE,342
"Certhia_discolor","Passeriformes","Certhiidae","Certhia","Certhia discolor",1,FALSE,0,NA,NA,"NotNew",NA,NA,FALSE,343
"Certhia_manipurensis","Passeriformes","Certhiidae","Certhia","Certhia manipurensis",1,FALSE,0,NA,NA,"NotNew",NA,NA,FALSE,344
"Certhia_himalayana","Passeriformes","Certhiidae","Certhia","Certhia himalayana",1,FALSE,0,NA,NA,"NotNew",NA,NA,FALSE,345
"Certhia_nipalensis","Passeriformes","Certhiidae","Certhia","Certhia nipalensis",1,FALSE,0,NA,NA,"NotNew",NA,NA,FALSE,346
"Certhia_tianquanensis","Passeriformes","Certhiidae","Certhia","Certhia tianquanensis",1,FALSE,0,NA,NA,"NotNew",NA,NA,FALSE,347
"Certhia_familiaris","Passeriformes","Certhiidae","Certhia","Certhia familiaris",1,FALSE,0,NA,NA,"NotNew",NA,NA,FALSE,348
"Certhia_hodgsoni","Passeriformes","Certhiidae","Certhia","Certhia hodgsoni",1,FALSE,0,NA,NA,"NotNew",NA,NA,FALSE,349
"Sitta_cinnamoventris","Passeriformes","Sittidae","Sitta","Sitta cinnamoventris",1,FALSE,1,"Sitta cinnamoventris","栗腹䴓","LC","Passeriformes",FALSE,TRUE,350
"Sitta_europaea","Passeriformes","Sittidae","Sitta","Sitta europaea",1,FALSE,0,NA,NA,"NotNew",NA,NA,FALSE,351
"Sitta_nagaensis","Passeriformes","Sittidae","Sitta","Sitta nagaensis",1,FALSE,0,NA,NA,"NotNew",NA,NA,FALSE,352
"Sitta_himalayensis","Passeriformes","Sittidae","Sitta","Sitta himalayensis",1,FALSE,0,NA,NA,"NotNew",NA,NA,FALSE,353
"Sitta_formosa","Passeriformes","Sittidae","Sitta","Sitta formosa",1,FALSE,1,"Sitta formosa","丽䴓","VU","Passeriformes",FALSE,TRUE,354
"Sitta_villosa","Passeriformes","Sittidae","Sitta","Sitta villosa",1,FALSE,0,NA,NA,"NotNew",NA,NA,FALSE,355
"Sitta_yunnanensis","Passeriformes","Sittidae","Sitta","Sitta yunnanensis",1,FALSE,0,NA,NA,"NotNew",NA,NA,FALSE,356
"Sitta_frontalis","Passeriformes","Sittidae","Sitta","Sitta frontalis",1,FALSE,0,NA,NA,"NotNew",NA,NA,FALSE,357
"Sitta_solangiae","Passeriformes","Sittidae","Sitta","Sitta solangiae",1,FALSE,0,NA,NA,"NotNew",NA,NA,FALSE,358
"Sitta_magna","Passeriformes","Sittidae","Sitta","Sitta magna",1,FALSE,0,NA,NA,"NotNew",NA,NA,FALSE,359
"Sitta_przewalskii","Passeriformes","Sittidae","Sitta","Sitta przewalskii",1,FALSE,0,NA,NA,"NotNew",NA,NA,FALSE,360
"Tichodroma_muraria","Passeriformes","Sittidae","Tichodroma","Tichodroma muraria",1,FALSE,0,NA,NA,"NotNew",NA,NA,FALSE,361
"Regulus_goodfellowi","Passeriformes","Regulidae","Regulus","Regulus goodfellowi",1,FALSE,0,NA,NA,"NotNew",NA,NA,FALSE,362
"Regulus_regulus","Passeriformes","Regulidae","Regulus","Regulus regulus",1,FALSE,1,"Regulus regulus","戴菊","LC","Passeriformes",FALSE,TRUE,363
"Bombycilla_garrulus","Passeriformes","Bombycillidae","Bombycilla","Bombycilla garrulus",1,FALSE,0,NA,NA,"NotNew",NA,NA,FALSE,364
"Bombycilla_japonica","Passeriformes","Bombycillidae","Bombycilla","Bombycilla japonica",1,FALSE,1,"Bombycilla japonica","小太平鸟","NT","Passeriformes",FALSE,TRUE,365
"Culicicapa_ceylonensis","Passeriformes","Stenostiridae","Culicicapa","Culicicapa ceylonensis",1,FALSE,0,NA,NA,"NotNew",NA,NA,FALSE,366
"Chelidorhynx_hypoxanthus","Passeriformes","Stenostiridae","Chelidorhynx","Chelidorhynx hypoxanthus",1,FALSE,0,NA,NA,"NotNew",NA,NA,FALSE,367
"Zosterops_erythropleurus","Passeriformes","Zosteropidae","Zosterops","Zosterops erythropleurus",1,FALSE,1,"Zosterops erythropleurus","红胁绣眼鸟","LC","Passeriformes",FALSE,TRUE,368
"Zosterops_japonicus","Passeriformes","Zosteropidae","Zosterops","Zosterops japonicus",1,FALSE,0,NA,NA,"NotNew",NA,NA,FALSE,369
"Zosterops_meyeni","Passeriformes","Zosteropidae","Zosterops","Zosterops meyeni",1,FALSE,1,"Zosterops meyeni","日本绣眼鸟","LC","Passeriformes",FALSE,TRUE,370
"Zosterops_simplex","Passeriformes","Zosteropidae","Zosterops","Zosterops simplex",1,FALSE,0,NA,NA,"NotNew",NA,NA,FALSE,371
"Zosterops_palpebrosus","Passeriformes","Zosteropidae","Zosterops","Zosterops palpebrosus",1,FALSE,0,NA,NA,"NotNew",NA,NA,FALSE,372
"Yuhina_flavicollis","Passeriformes","Zosteropidae","Yuhina","Yuhina flavicollis",1,FALSE,0,NA,NA,"NotNew",NA,NA,FALSE,373
"Yuhina_gularis","Passeriformes","Zosteropidae","Yuhina","Yuhina gularis",1,FALSE,0,NA,NA,"NotNew",NA,NA,FALSE,374
"Yuhina_occipitalis","Passeriformes","Zosteropidae","Yuhina","Yuhina occipitalis",1,FALSE,0,NA,NA,"NotNew",NA,NA,FALSE,375
"Yuhina_brunneiceps","Passeriformes","Zosteropidae","Yuhina","Yuhina brunneiceps",1,FALSE,0,NA,NA,"NotNew",NA,NA,FALSE,376
"Yuhina_nigrimenta","Passeriformes","Zosteropidae","Yuhina","Yuhina nigrimenta",1,FALSE,1,"Yuhina nigrimenta","黑颏凤鹛","LC","Passeriformes",FALSE,TRUE,377
"Staphida_castaniceps","Passeriformes","Zosteropidae","Staphida","Staphida castaniceps",1,FALSE,1,"Staphida castaniceps","栗耳凤鹛","LC","Passeriformes",FALSE,TRUE,378
"Staphida_torqueola","Passeriformes","Zosteropidae","Staphida","Staphida torqueola",1,FALSE,1,"Staphida torqueola","栗颈凤鹛","LC","Passeriformes",FALSE,TRUE,379
"Parayuhina_diademata","Passeriformes","Zosteropidae","Parayuhina","Parayuhina diademata",1,FALSE,1,"Parayuhina diademata","白领凤鹛","LC","Passeriformes",FALSE,TRUE,380
"Pterorhinus_berthemyi","Passeriformes","Leiothrichidae","Pterorhinus","Pterorhinus berthemyi",1,FALSE,1,"Pterorhinus berthemyi","棕噪鹛","LC","Passeriformes",FALSE,TRUE,381
"Pterorhinus_poecilorhynchus","Passeriformes","Leiothrichidae","Pterorhinus","Pterorhinus poecilorhynchus",1,FALSE,0,NA,NA,"NotNew",NA,NA,FALSE,382
"Pterorhinus_caerulatus","Passeriformes","Leiothrichidae","Pterorhinus","Pterorhinus caerulatus",1,FALSE,0,NA,NA,"NotNew",NA,NA,FALSE,383
"Pterorhinus_albogularis","Passeriformes","Leiothrichidae","Pterorhinus","Pterorhinus albogularis",1,FALSE,0,NA,NA,"NotNew",NA,NA,FALSE,384
"Pterorhinus_ruficeps","Passeriformes","Leiothrichidae","Pterorhinus","Pterorhinus ruficeps",1,FALSE,0,NA,NA,"NotNew",NA,NA,FALSE,385
"Pterorhinus_koslowi","Passeriformes","Leiothrichidae","Pterorhinus","Pterorhinus koslowi",1,FALSE,0,NA,NA,"NotNew",NA,NA,FALSE,386
"Pterorhinus_waddelli","Passeriformes","Leiothrichidae","Pterorhinus","Pterorhinus waddelli",1,FALSE,0,NA,NA,"NotNew",NA,NA,FALSE,387
"Pterorhinus_lanceolatus","Passeriformes","Leiothrichidae","Pterorhinus","Pterorhinus lanceolatus",1,FALSE,0,NA,NA,"NotNew",NA,NA,FALSE,388
"Pterorhinus_davidi","Passeriformes","Leiothrichidae","Pterorhinus","Pterorhinus davidi",1,FALSE,0,NA,NA,"NotNew",NA,NA,FALSE,389
"Pterorhinus_pectoralis","Passeriformes","Leiothrichidae","Pterorhinus","Pterorhinus pectoralis",1,FALSE,0,NA,NA,"NotNew",NA,NA,FALSE,390
"Pterorhinus_perspicillatus","Passeriformes","Leiothrichidae","Pterorhinus","Pterorhinus perspicillatus",1,FALSE,0,NA,NA,"NotNew",NA,NA,FALSE,391
"Pterorhinus_sannio","Passeriformes","Leiothrichidae","Pterorhinus","Pterorhinus sannio",1,FALSE,1,"Pterorhinus sannio","白颊噪鹛","LC","Passeriformes",FALSE,TRUE,392
"Pterorhinus_chinensis","Passeriformes","Leiothrichidae","Pterorhinus","Pterorhinus chinensis",1,FALSE,0,NA,NA,"NotNew",NA,NA,FALSE,393
"Pterorhinus_ruficollis","Passeriformes","Leiothrichidae","Pterorhinus","Pterorhinus ruficollis",1,FALSE,0,NA,NA,"NotNew",NA,NA,FALSE,394
"Pterorhinus_courtoisi","Passeriformes","Leiothrichidae","Pterorhinus","Pterorhinus courtoisi",1,FALSE,0,NA,NA,"NotNew",NA,NA,FALSE,395
"Pterorhinus_gularis","Passeriformes","Leiothrichidae","Pterorhinus","Pterorhinus gularis",1,FALSE,1,"Pterorhinus gularis","棕臀噪鹛","LC","Passeriformes",FALSE,TRUE,396
"Ianthocincla_maxima","Passeriformes","Leiothrichidae","Ianthocincla","Ianthocincla maxima",1,FALSE,0,NA,NA,"NotNew",NA,NA,FALSE,397
"Ianthocincla_ocellata","Passeriformes","Leiothrichidae","Ianthocincla","Ianthocincla ocellata",1,FALSE,0,NA,NA,"NotNew",NA,NA,FALSE,398
"Ianthocincla_bieti","Passeriformes","Leiothrichidae","Ianthocincla","Ianthocincla bieti",1,FALSE,0,NA,NA,"NotNew",NA,NA,FALSE,399
"Ianthocincla_lunulata","Passeriformes","Leiothrichidae","Ianthocincla","Ianthocincla lunulata",1,FALSE,1,"Ianthocincla lunulata","斑背噪鹛","LC","Passeriformes",FALSE,TRUE,400
"Ianthocincla_cineracea","Passeriformes","Leiothrichidae","Ianthocincla","Ianthocincla cineracea",1,FALSE,0,NA,NA,"NotNew",NA,NA,FALSE,401
"Ianthocincla_rufogularis","Passeriformes","Leiothrichidae","Ianthocincla","Ianthocincla rufogularis",1,FALSE,0,NA,NA,"NotNew",NA,NA,FALSE,402
"Ianthocincla_sukatschewi","Passeriformes","Leiothrichidae","Ianthocincla","Ianthocincla sukatschewi",1,FALSE,0,NA,NA,"NotNew",NA,NA,FALSE,403
"Garrulax_castanotis","Passeriformes","Leiothrichidae","Garrulax","Garrulax castanotis",1,FALSE,0,NA,NA,"NotNew",NA,NA,FALSE,404
"Garrulax_maesi","Passeriformes","Leiothrichidae","Garrulax","Garrulax maesi",1,FALSE,1,"Garrulax maesi","褐胸噪鹛","LC","Passeriformes",FALSE,TRUE,405
"Garrulax_strepitans","Passeriformes","Leiothrichidae","Garrulax","Garrulax strepitans",1,FALSE,0,NA,NA,"NotNew",NA,NA,FALSE,406
"Garrulax_leucolophus","Passeriformes","Leiothrichidae","Garrulax","Garrulax leucolophus",1,FALSE,0,NA,NA,"NotNew",NA,NA,FALSE,407
"Garrulax_monileger","Passeriformes","Leiothrichidae","Garrulax","Garrulax monileger",1,FALSE,1,"Garrulax monileger","小黑领噪鹛","LC","Passeriformes",FALSE,TRUE,408
"Garrulax_merulinus","Passeriformes","Leiothrichidae","Garrulax","Garrulax merulinus",1,FALSE,0,NA,NA,"NotNew",NA,NA,FALSE,409
"Garrulax_canorus","Passeriformes","Leiothrichidae","Garrulax","Garrulax canorus",1,FALSE,0,NA,NA,"NotNew",NA,NA,FALSE,410
"Garrulax_taewanus","Passeriformes","Leiothrichidae","Garrulax","Garrulax taewanus",1,FALSE,0,NA,NA,"NotNew",NA,NA,FALSE,411
"Actinodura_ramsayi","Passeriformes","Leiothrichidae","Actinodura","Actinodura ramsayi",1,FALSE,0,NA,NA,"NotNew",NA,NA,FALSE,412
"Actinodura_egertoni","Passeriformes","Leiothrichidae","Actinodura","Actinodura egertoni",1,FALSE,0,NA,NA,"NotNew",NA,NA,FALSE,413
"Actinodura_strigula","Passeriformes","Leiothrichidae","Actinodura","Actinodura strigula",1,FALSE,0,NA,NA,"NotNew",NA,NA,FALSE,414
"Actinodura_cyanouroptera","Passeriformes","Leiothrichidae","Actinodura","Actinodura cyanouroptera",1,FALSE,0,NA,NA,"NotNew",NA,NA,FALSE,415
"Actinodura_souliei","Passeriformes","Leiothrichidae","Actinodura","Actinodura souliei",1,FALSE,0,NA,NA,"NotNew",NA,NA,FALSE,416
"Actinodura_waldeni","Passeriformes","Leiothrichidae","Actinodura","Actinodura waldeni",1,FALSE,0,NA,NA,"NotNew",NA,NA,FALSE,417
"Actinodura_morrisoniana","Passeriformes","Leiothrichidae","Actinodura","Actinodura morrisoniana",1,FALSE,0,NA,NA,"NotNew",NA,NA,FALSE,418
"Actinodura_nipalensis","Passeriformes","Leiothrichidae","Actinodura","Actinodura nipalensis",1,FALSE,0,NA,NA,"NotNew",NA,NA,FALSE,419
"Liocichla_phoenicea","Passeriformes","Leiothrichidae","Liocichla","Liocichla phoenicea",1,FALSE,0,NA,NA,"NotNew",NA,NA,FALSE,420
"Liocichla_ripponi","Passeriformes","Leiothrichidae","Liocichla","Liocichla ripponi",1,FALSE,0,NA,NA,"NotNew",NA,NA,FALSE,421
"Liocichla_steerii","Passeriformes","Leiothrichidae","Liocichla","Liocichla steerii",1,FALSE,0,NA,NA,"NotNew",NA,NA,FALSE,422
"Liocichla_bugunorum","Passeriformes","Leiothrichidae","Liocichla","Liocichla bugunorum",1,FALSE,0,NA,NA,"NotNew",NA,NA,FALSE,423
"Liocichla_omeiensis","Passeriformes","Leiothrichidae","Liocichla","Liocichla omeiensis",1,FALSE,0,NA,NA,"NotNew",NA,NA,FALSE,424
"Leioptila_annectens","Passeriformes","Leiothrichidae","Leioptila","Leioptila annectens",1,FALSE,0,NA,NA,"NotNew",NA,NA,FALSE,425
"Minla_ignotincta","Passeriformes","Leiothrichidae","Minla","Minla ignotincta",1,FALSE,0,NA,NA,"NotNew",NA,NA,FALSE,426
"Leiothrix_argentauris","Passeriformes","Leiothrichidae","Leiothrix","Leiothrix argentauris",1,FALSE,0,NA,NA,"NotNew",NA,NA,FALSE,427
"Leiothrix_lutea","Passeriformes","Leiothrichidae","Leiothrix","Leiothrix lutea",1,FALSE,0,NA,NA,"NotNew",NA,NA,FALSE,428
"Heterophasia_desgodinsi","Passeriformes","Leiothrichidae","Heterophasia","Heterophasia desgodinsi",1,FALSE,1,"Heterophasia desgodinsi","黑头奇鹛","LC","Passeriformes",FALSE,TRUE,429
"Heterophasia_gracilis","Passeriformes","Leiothrichidae","Heterophasia","Heterophasia gracilis",1,FALSE,0,NA,NA,"NotNew",NA,NA,FALSE,430
"Heterophasia_capistrata","Passeriformes","Leiothrichidae","Heterophasia","Heterophasia capistrata",1,FALSE,0,NA,NA,"NotNew",NA,NA,FALSE,431
"Heterophasia_pulchella","Passeriformes","Leiothrichidae","Heterophasia","Heterophasia pulchella",1,FALSE,0,NA,NA,"NotNew",NA,NA,FALSE,432
"Heterophasia_auricularis","Passeriformes","Leiothrichidae","Heterophasia","Heterophasia auricularis",1,FALSE,0,NA,NA,"NotNew",NA,NA,FALSE,433
"Heterophasia_picaoides","Passeriformes","Leiothrichidae","Heterophasia","Heterophasia picaoides",1,FALSE,0,NA,NA,"NotNew",NA,NA,FALSE,434
"Trochalopteron_melanostigma","Passeriformes","Leiothrichidae","Trochalopteron","Trochalopteron melanostigma",1,FALSE,0,NA,NA,"NotNew",NA,NA,FALSE,435
"Trochalopteron_formosum","Passeriformes","Leiothrichidae","Trochalopteron","Trochalopteron formosum",1,FALSE,0,NA,NA,"NotNew",NA,NA,FALSE,436
"Trochalopteron_chrysopterum","Passeriformes","Leiothrichidae","Trochalopteron","Trochalopteron chrysopterum",1,FALSE,0,NA,NA,"NotNew",NA,NA,FALSE,437
"Trochalopteron_erythrocephalum","Passeriformes","Leiothrichidae","Trochalopteron","Trochalopteron erythrocephalum",1,FALSE,0,NA,NA,"NotNew",NA,NA,FALSE,438
"Trochalopteron_milnei","Passeriformes","Leiothrichidae","Trochalopteron","Trochalopteron milnei",1,FALSE,0,NA,NA,"NotNew",NA,NA,FALSE,439
"Trochalopteron_elliotii","Passeriformes","Leiothrichidae","Trochalopteron","Trochalopteron elliotii",1,FALSE,0,NA,NA,"NotNew",NA,NA,FALSE,440
"Trochalopteron_henrici","Passeriformes","Leiothrichidae","Trochalopteron","Trochalopteron henrici",1,FALSE,0,NA,NA,"NotNew",NA,NA,FALSE,441
"Trochalopteron_morrisonianum","Passeriformes","Leiothrichidae","Trochalopteron","Trochalopteron morrisonianum",1,FALSE,0,NA,NA,"NotNew",NA,NA,FALSE,442
"Trochalopteron_affine","Passeriformes","Leiothrichidae","Trochalopteron","Trochalopteron affine",1,FALSE,0,NA,NA,"NotNew",NA,NA,FALSE,443
"Trochalopteron_imbricatum","Passeriformes","Leiothrichidae","Trochalopteron","Trochalopteron imbricatum",1,FALSE,0,NA,NA,"NotNew",NA,NA,FALSE,444
"Trochalopteron_lineatum","Passeriformes","Leiothrichidae","Trochalopteron","Trochalopteron lineatum",1,FALSE,0,NA,NA,"NotNew",NA,NA,FALSE,445
"Trochalopteron_squamatum","Passeriformes","Leiothrichidae","Trochalopteron","Trochalopteron squamatum",1,FALSE,0,NA,NA,"NotNew",NA,NA,FALSE,446
"Trochalopteron_subunicolor","Passeriformes","Leiothrichidae","Trochalopteron","Trochalopteron subunicolor",1,FALSE,0,NA,NA,"NotNew",NA,NA,FALSE,447
"Cutia_nipalensis","Passeriformes","Leiothrichidae","Cutia","Cutia nipalensis",1,FALSE,0,NA,NA,"NotNew",NA,NA,FALSE,448
"Grammatoptila_striata","Passeriformes","Leiothrichidae","Grammatoptila","Grammatoptila striata",1,FALSE,0,NA,NA,"NotNew",NA,NA,FALSE,449
"Alcippe_fratercula","Passeriformes","Alcippeidae","Alcippe","Alcippe fratercula",1,FALSE,0,NA,NA,"NotNew",NA,NA,FALSE,450
"Alcippe_hueti","Passeriformes","Alcippeidae","Alcippe","Alcippe hueti",1,FALSE,0,NA,NA,"NotNew",NA,NA,FALSE,451
"Alcippe_morrisonia","Passeriformes","Alcippeidae","Alcippe","Alcippe morrisonia",1,FALSE,1,"Alcippe morrisonia","灰眶雀鹛","DD","Passeriformes",FALSE,TRUE,452
"Alcippe_davidi","Passeriformes","Alcippeidae","Alcippe","Alcippe davidi",1,FALSE,0,NA,NA,"NotNew",NA,NA,FALSE,453
"Alcippe_nipalensis","Passeriformes","Alcippeidae","Alcippe","Alcippe nipalensis",1,FALSE,0,NA,NA,"NotNew",NA,NA,FALSE,454
"Alcippe_poioicephala","Passeriformes","Alcippeidae","Alcippe","Alcippe poioicephala",1,FALSE,0,NA,NA,"NotNew",NA,NA,FALSE,455
"Pellorneum_tickelli","Passeriformes","Pellorneidae","Pellorneum","Pellorneum tickelli",1,FALSE,0,NA,NA,"NotNew",NA,NA,FALSE,456
"Pellorneum_ruficeps","Passeriformes","Pellorneidae","Pellorneum","Pellorneum ruficeps",1,FALSE,0,NA,NA,"NotNew",NA,NA,FALSE,457
"Pellorneum_albiventre","Passeriformes","Pellorneidae","Pellorneum","Pellorneum albiventre",1,FALSE,1,"Pellorneum albiventre","白腹幽鹛","LC","Passeriformes",FALSE,TRUE,458
"Gypsophila_annamensis","Passeriformes","Pellorneidae","Gypsophila","Gypsophila annamensis",1,FALSE,0,NA,NA,"NotNew",NA,NA,FALSE,459
"Gypsophila_brevicaudata","Passeriformes","Pellorneidae","Gypsophila","Gypsophila brevicaudata",1,FALSE,0,NA,NA,"NotNew",NA,NA,FALSE,460
"Napothera_naungmungensis","Passeriformes","Pellorneidae","Napothera","Napothera naungmungensis",1,FALSE,0,NA,NA,"NotNew",NA,NA,FALSE,461
"Napothera_malacoptila","Passeriformes","Pellorneidae","Napothera","Napothera malacoptila",1,FALSE,1,"Napothera malacoptila","长嘴鹩鹛","LC","Passeriformes",FALSE,TRUE,462
"Napothera_epilepidota","Passeriformes","Pellorneidae","Napothera","Napothera epilepidota",1,FALSE,0,NA,NA,"NotNew",NA,NA,FALSE,463
"Schoeniparus_brunneus","Passeriformes","Pellorneidae","Schoeniparus","Schoeniparus brunneus",1,FALSE,0,NA,NA,"NotNew",NA,NA,FALSE,464
"Schoeniparus_dubius","Passeriformes","Pellorneidae","Schoeniparus","Schoeniparus dubius",1,FALSE,0,NA,NA,"NotNew",NA,NA,FALSE,465
"Schoeniparus_rufogularis","Passeriformes","Pellorneidae","Schoeniparus","Schoeniparus rufogularis",1,FALSE,0,NA,NA,"NotNew",NA,NA,FALSE,466
"Schoeniparus_cinereus","Passeriformes","Pellorneidae","Schoeniparus","Schoeniparus cinereus",1,FALSE,0,NA,NA,"NotNew",NA,NA,FALSE,467
"Schoeniparus_castaneceps","Passeriformes","Pellorneidae","Schoeniparus","Schoeniparus castaneceps",1,FALSE,0,NA,NA,"NotNew",NA,NA,FALSE,468
"Schoeniparus_variegaticeps","Passeriformes","Pellorneidae","Schoeniparus","Schoeniparus variegaticeps",1,FALSE,0,NA,NA,"NotNew",NA,NA,FALSE,469
"Gampsorhynchus_rufulus","Passeriformes","Pellorneidae","Gampsorhynchus","Gampsorhynchus rufulus",1,FALSE,0,NA,NA,"NotNew",NA,NA,FALSE,470
"Gampsorhynchus_torquatus","Passeriformes","Pellorneidae","Gampsorhynchus","Gampsorhynchus torquatus",1,FALSE,0,NA,NA,"NotNew",NA,NA,FALSE,471
"Graminicola_striatus","Passeriformes","Pellorneidae","Graminicola","Graminicola striatus",1,FALSE,0,NA,NA,"NotNew",NA,NA,FALSE,472
"Stachyris_humei","Passeriformes","Timaliidae","Stachyris","Stachyris humei",1,FALSE,1,"Stachyris humei","黑胸楔嘴穗鹛","NT","Passeriformes",FALSE,TRUE,473
"Stachyris_roberti","Passeriformes","Timaliidae","Stachyris","Stachyris roberti",1,FALSE,0,NA,NA,"NotNew",NA,NA,FALSE,474
"Stachyris_nonggangensis","Passeriformes","Timaliidae","Stachyris","Stachyris nonggangensis",1,FALSE,1,"Stachyris nonggangensis","弄岗穗鹛","VU","Passeriformes",FALSE,TRUE,475
"Stachyris_strialata","Passeriformes","Timaliidae","Stachyris","Stachyris strialata",1,FALSE,0,NA,NA,"NotNew",NA,NA,FALSE,476
"Stachyris_nigriceps","Passeriformes","Timaliidae","Stachyris","Stachyris nigriceps",1,FALSE,0,NA,NA,"NotNew",NA,NA,FALSE,477
"Erythrogenys_gravivox","Passeriformes","Timaliidae","Erythrogenys","Erythrogenys gravivox",1,FALSE,0,NA,NA,"NotNew",NA,NA,FALSE,478
"Erythrogenys_erythrogenys","Passeriformes","Timaliidae","Erythrogenys","Erythrogenys erythrogenys",1,FALSE,0,NA,NA,"NotNew",NA,NA,FALSE,479
"Erythrogenys_erythrocnemis","Passeriformes","Timaliidae","Erythrogenys","Erythrogenys erythrocnemis",1,FALSE,0,NA,NA,"NotNew",NA,NA,FALSE,480
"Erythrogenys_swinhoei","Passeriformes","Timaliidae","Erythrogenys","Erythrogenys swinhoei",1,FALSE,0,NA,NA,"NotNew",NA,NA,FALSE,481
"Erythrogenys_hypoleucos","Passeriformes","Timaliidae","Erythrogenys","Erythrogenys hypoleucos",1,FALSE,1,"Erythrogenys hypoleucos","长嘴钩嘴鹛","LC","Passeriformes",FALSE,TRUE,482
"Pomatorhinus_schisticeps","Passeriformes","Timaliidae","Pomatorhinus","Pomatorhinus schisticeps",1,FALSE,1,"Pomatorhinus schisticeps","灰头钩嘴鹛","LC","Passeriformes",FALSE,TRUE,483
"Pomatorhinus_musicus","Passeriformes","Timaliidae","Pomatorhinus","Pomatorhinus musicus",1,FALSE,0,NA,NA,"NotNew",NA,NA,FALSE,484
"Pomatorhinus_ruficollis","Passeriformes","Timaliidae","Pomatorhinus","Pomatorhinus ruficollis",1,FALSE,0,NA,NA,"NotNew",NA,NA,FALSE,485
"Pomatorhinus_superciliaris","Passeriformes","Timaliidae","Pomatorhinus","Pomatorhinus superciliaris",1,FALSE,1,"Pomatorhinus superciliaris","细嘴钩嘴鹛","LC","Passeriformes",FALSE,TRUE,486
"Pomatorhinus_ferruginosus","Passeriformes","Timaliidae","Pomatorhinus","Pomatorhinus ferruginosus",1,FALSE,0,NA,NA,"NotNew",NA,NA,FALSE,487
"Pomatorhinus_ochraceiceps","Passeriformes","Timaliidae","Pomatorhinus","Pomatorhinus ochraceiceps",1,FALSE,0,NA,NA,"NotNew",NA,NA,FALSE,488
"Spelaeornis_kinneari","Passeriformes","Timaliidae","Spelaeornis","Spelaeornis kinneari",1,FALSE,0,NA,NA,"NotNew",NA,NA,FALSE,489
"Spelaeornis_badeigularis","Passeriformes","Timaliidae","Spelaeornis","Spelaeornis badeigularis",1,FALSE,0,NA,NA,"NotNew",NA,NA,FALSE,490
"Spelaeornis_caudatus","Passeriformes","Timaliidae","Spelaeornis","Spelaeornis caudatus",1,FALSE,0,NA,NA,"NotNew",NA,NA,FALSE,491
"Spelaeornis_troglodytoides","Passeriformes","Timaliidae","Spelaeornis","Spelaeornis troglodytoides",1,FALSE,0,NA,NA,"NotNew",NA,NA,FALSE,492
"Cyanoderma_ambiguum","Passeriformes","Timaliidae","Cyanoderma","Cyanoderma ambiguum",1,FALSE,0,NA,NA,"NotNew",NA,NA,FALSE,493
"Cyanoderma_ruficeps","Passeriformes","Timaliidae","Cyanoderma","Cyanoderma ruficeps",1,FALSE,0,NA,NA,"NotNew",NA,NA,FALSE,494
"Cyanoderma_pyrrhops","Passeriformes","Timaliidae","Cyanoderma","Cyanoderma pyrrhops",1,FALSE,1,"Cyanoderma pyrrhops","黑颏穗鹛","LC","Passeriformes",FALSE,TRUE,495
"Cyanoderma_chrysaeum","Passeriformes","Timaliidae","Cyanoderma","Cyanoderma chrysaeum",1,FALSE,0,NA,NA,"NotNew",NA,NA,FALSE,496
"Mixornis_gularis","Passeriformes","Timaliidae","Mixornis","Mixornis gularis",1,FALSE,1,"Mixornis gularis","纹胸鹛","LC","Passeriformes",FALSE,TRUE,497
"Timalia_pileata","Passeriformes","Timaliidae","Timalia","Timalia pileata",1,FALSE,1,"Timalia pileata","红顶鹛","LC","Passeriformes",FALSE,TRUE,498
"Spelaeornis_chocolatinus","Passeriformes","Timaliidae","Spelaeornis","Spelaeornis chocolatinus",1,FALSE,0,NA,NA,"NotNew",NA,NA,FALSE,499
"Suthora_nipalensis","Passeriformes","Paradoxornithidae","Suthora","Suthora nipalensis",1,FALSE,0,NA,NA,"NotNew",NA,NA,FALSE,500
"Suthora_verreauxi","Passeriformes","Paradoxornithidae","Suthora","Suthora verreauxi",1,FALSE,0,NA,NA,"NotNew",NA,NA,FALSE,501
"Suthora_fulvifrons","Passeriformes","Paradoxornithidae","Suthora","Suthora fulvifrons",1,FALSE,1,"Suthora fulvifrons","黄额鸦雀","LC","Passeriformes",FALSE,TRUE,502
"Cholornis_paradoxus","Passeriformes","Paradoxornithidae","Cholornis","Cholornis paradoxus",1,FALSE,0,NA,NA,"NotNew",NA,NA,FALSE,503
"Cholornis_unicolor","Passeriformes","Paradoxornithidae","Cholornis","Cholornis unicolor",1,FALSE,0,NA,NA,"NotNew",NA,NA,FALSE,504
"Conostoma_aemodium","Passeriformes","Paradoxornithidae","Conostoma","Conostoma aemodium",1,FALSE,0,NA,NA,"NotNew",NA,NA,FALSE,505
"Psittiparus_bakeri","Passeriformes","Paradoxornithidae","Psittiparus","Psittiparus bakeri",1,FALSE,0,NA,NA,"NotNew",NA,NA,FALSE,506
"Psittiparus_ruficeps","Passeriformes","Paradoxornithidae","Psittiparus","Psittiparus ruficeps",1,FALSE,0,NA,NA,"NotNew",NA,NA,FALSE,507
"Psittiparus_gularis","Passeriformes","Paradoxornithidae","Psittiparus","Psittiparus gularis",1,FALSE,1,"Paradoxornis gularis","灰头鸦雀","LC","Passeriformes",TRUE,TRUE,508
"Paradoxornis_flavirostris","Passeriformes","Paradoxornithidae","Paradoxornis","Paradoxornis flavirostris",1,FALSE,0,NA,NA,"NotNew",NA,NA,FALSE,509
"Paradoxornis_guttaticollis","Passeriformes","Paradoxornithidae","Paradoxornis","Paradoxornis guttaticollis",1,FALSE,1,"Paradoxornis guttaticollis","点胸鸦雀","LC","Passeriformes",FALSE,TRUE,510
"Calamornis_heudei","Passeriformes","Paradoxornithidae","Paradoxornis","Paradoxornis heudei",1,TRUE,1,"Paradoxornis heudei","震旦鸦雀","NT","Passeriformes",TRUE,TRUE,511
"Fulvetta_cinereiceps","Passeriformes","Paradoxornithidae","Fulvetta","Fulvetta cinereiceps",1,FALSE,0,NA,NA,"NotNew",NA,NA,FALSE,512
"Fulvetta_formosana","Passeriformes","Paradoxornithidae","Fulvetta","Fulvetta formosana",1,FALSE,0,NA,NA,"NotNew",NA,NA,FALSE,513
"Fulvetta_manipurensis","Passeriformes","Paradoxornithidae","Fulvetta","Fulvetta manipurensis",1,FALSE,0,NA,NA,"NotNew",NA,NA,FALSE,514
"Fulvetta_ludlowi","Passeriformes","Paradoxornithidae","Fulvetta","Fulvetta ludlowi",1,FALSE,0,NA,NA,"NotNew",NA,NA,FALSE,515
"Fulvetta_vinipectus","Passeriformes","Paradoxornithidae","Fulvetta","Fulvetta vinipectus",1,FALSE,0,NA,NA,"NotNew",NA,NA,FALSE,516
"Fulvetta_striaticollis","Passeriformes","Paradoxornithidae","Fulvetta","Fulvetta striaticollis",1,FALSE,0,NA,NA,"NotNew",NA,NA,FALSE,517
"Fulvetta_ruficapilla","Passeriformes","Paradoxornithidae","Fulvetta","Fulvetta ruficapilla",1,FALSE,0,NA,NA,"NotNew",NA,NA,FALSE,518
"Rhopophilus_albosuperciliaris","Passeriformes","Paradoxornithidae","Rhopophilus","Rhopophilus albosuperciliaris",1,FALSE,0,NA,NA,"NotNew",NA,NA,FALSE,519
"Rhopophilus_pekinensis","Passeriformes","Paradoxornithidae","Rhopophilus","Rhopophilus pekinensis",1,FALSE,0,NA,NA,"NotNew",NA,NA,FALSE,520
"Chrysomma_sinense","Passeriformes","Paradoxornithidae","Chrysomma","Chrysomma sinense",1,FALSE,0,NA,NA,"NotNew",NA,NA,FALSE,521
"Lioparus_chrysotis","Passeriformes","Paradoxornithidae","Lioparus","Lioparus chrysotis",1,FALSE,0,NA,NA,"NotNew",NA,NA,FALSE,522
"Moupinia_poecilotis","Passeriformes","Paradoxornithidae","Moupinia","Moupinia poecilotis",1,FALSE,1,"Moupinia poecilotis","宝兴鹛雀","LC","Passeriformes",FALSE,TRUE,523
"Myzornis_pyrrhoura","Passeriformes","Paradoxornithidae","Myzornis","Myzornis pyrrhoura",1,FALSE,0,NA,NA,"NotNew",NA,NA,FALSE,524
"Curruca_communis","Passeriformes","Sylviidae","Curruca","Curruca communis",1,FALSE,1,"Curruca communis","灰白喉林莺","LC","Passeriformes",FALSE,TRUE,525
"Curruca_nana","Passeriformes","Sylviidae","Curruca","Curruca nana",1,FALSE,0,NA,NA,"NotNew",NA,NA,FALSE,526
"Curruca_crassirostris","Passeriformes","Sylviidae","Curruca","Curruca crassirostris",1,FALSE,1,"Curruca crassirostris","东歌林莺","LC","Passeriformes",FALSE,TRUE,527
"Curruca_curruca","Passeriformes","Sylviidae","Curruca","Curruca curruca",1,FALSE,1,"Curruca curruca","白喉林莺","LC","Passeriformes",FALSE,TRUE,528
"Curruca_nisoria","Passeriformes","Sylviidae","Curruca","Curruca nisoria",1,FALSE,0,NA,NA,"NotNew",NA,NA,FALSE,529
"Sylvia_atricapilla","Passeriformes","Sylviidae","Sylvia","Sylvia atricapilla",1,FALSE,1,"Sylvia atricapilla","黑顶林莺","LC","Passeriformes",FALSE,TRUE,530
"Hypsipetes_leucocephalus","Passeriformes","Pycnonotidae","Hypsipetes","Hypsipetes leucocephalus",1,FALSE,1,"Hypsipetes leucocephalus","黑短脚鹎","LC","Passeriformes",FALSE,TRUE,531
"Hypsipetes_amaurotis","Passeriformes","Pycnonotidae","Hypsipetes","Hypsipetes amaurotis",1,FALSE,0,NA,NA,"NotNew",NA,NA,FALSE,532
"Ixos_mcclellandii","Passeriformes","Pycnonotidae","Ixos","Ixos mcclellandii",1,FALSE,1,"Ixos mcclellandii","绿翅短脚鹎","LC","Passeriformes",FALSE,TRUE,533
"Hemixos_castanonotus","Passeriformes","Pycnonotidae","Hemixos","Hemixos castanonotus",1,FALSE,1,"Hemixos castanonotus","栗背短脚鹎","LC","Passeriformes",FALSE,TRUE,534
"Hemixos_flavala","Passeriformes","Pycnonotidae","Hemixos","Hemixos flavala",1,FALSE,0,NA,NA,"NotNew",NA,NA,FALSE,535
"Iole_propinqua","Passeriformes","Pycnonotidae","Iole","Iole propinqua",1,FALSE,0,NA,NA,"NotNew",NA,NA,FALSE,536
"Alcurus_striatus","Passeriformes","Pycnonotidae","Alcurus","Alcurus striatus",1,FALSE,0,NA,NA,"NotNew",NA,NA,FALSE,537
"Alophoixus_flaveolus","Passeriformes","Pycnonotidae","Alophoixus","Alophoixus flaveolus",1,FALSE,0,NA,NA,"NotNew",NA,NA,FALSE,538
"Alophoixus_pallidus","Passeriformes","Pycnonotidae","Alophoixus","Alophoixus pallidus",1,FALSE,0,NA,NA,"NotNew",NA,NA,FALSE,539
"Pycnonotus_leucogenys","Passeriformes","Pycnonotidae","Pycnonotus","Pycnonotus leucogenys",1,FALSE,0,NA,NA,"NotNew",NA,NA,FALSE,540
"Pycnonotus_aurigaster","Passeriformes","Pycnonotidae","Pycnonotus","Pycnonotus aurigaster",1,FALSE,1,"Pycnonotus aurigaster","白喉红臀鹎","LC","Passeriformes",FALSE,TRUE,541
"Pycnonotus_cafer","Passeriformes","Pycnonotidae","Pycnonotus","Pycnonotus cafer",1,FALSE,0,NA,NA,"NotNew",NA,NA,FALSE,542
"Pycnonotus_sinensis","Passeriformes","Pycnonotidae","Pycnonotus","Pycnonotus sinensis",1,FALSE,1,"Pycnonotus sinensis","白头鹎","LC","Passeriformes",FALSE,TRUE,543
"Pycnonotus_taivanus","Passeriformes","Pycnonotidae","Pycnonotus","Pycnonotus taivanus",1,FALSE,0,NA,NA,"NotNew",NA,NA,FALSE,544
"Pycnonotus_xanthorrhous","Passeriformes","Pycnonotidae","Pycnonotus","Pycnonotus xanthorrhous",1,FALSE,1,"Pycnonotus xanthorrhous","黄臀鹎","LC","Passeriformes",FALSE,TRUE,545
"Pycnonotus_jocosus","Passeriformes","Pycnonotidae","Pycnonotus","Pycnonotus jocosus",1,FALSE,1,"Pycnonotus jocosus","红耳鹎","LC","Passeriformes",FALSE,TRUE,546
"Pycnonotus_goiavier","Passeriformes","Pycnonotidae","Pycnonotus","Pycnonotus goiavier",1,FALSE,1,"Pycnonotus goiavier","白眉黄臀鹎","LC","Passeriformes",FALSE,TRUE,547
"Pycnonotus_flavescens","Passeriformes","Pycnonotidae","Pycnonotus","Pycnonotus flavescens",1,FALSE,0,NA,NA,"NotNew",NA,NA,FALSE,548
"Pycnonotus_finlaysoni","Passeriformes","Pycnonotidae","Pycnonotus","Pycnonotus finlaysoni",1,FALSE,0,NA,NA,"NotNew",NA,NA,FALSE,549
"Spizixos_canifrons","Passeriformes","Pycnonotidae","Spizixos","Spizixos canifrons",1,FALSE,0,NA,NA,"NotNew",NA,NA,FALSE,550
"Spizixos_semitorques","Passeriformes","Pycnonotidae","Spizixos","Spizixos semitorques",1,FALSE,1,"Spizixos semitorques","领雀嘴鹎","LC","Passeriformes",FALSE,TRUE,551
"Rubigula_flaviventris","Passeriformes","Pycnonotidae","Rubigula","Rubigula flaviventris",1,FALSE,1,"Rubigula flaviventris","黑冠黄鹎","LC","Passeriformes",FALSE,TRUE,552
"Phylloscopus_hainanus","Passeriformes","Phylloscopidae","Phylloscopus","Phylloscopus hainanus",1,FALSE,0,NA,NA,"NotNew",NA,NA,FALSE,553
"Phylloscopus_ogilviegranti","Passeriformes","Phylloscopidae","Phylloscopus","Phylloscopus ogilviegranti",1,FALSE,1,"Phylloscopus ogilviegranti","白斑尾柳莺","LC","Passeriformes",FALSE,TRUE,554
"Phylloscopus_xanthoschistos","Passeriformes","Phylloscopidae","Phylloscopus","Phylloscopus xanthoschistos",1,FALSE,0,NA,NA,"NotNew",NA,NA,FALSE,555
"Phylloscopus_intensior","Passeriformes","Phylloscopidae","Phylloscopus","Phylloscopus intensior",1,FALSE,0,NA,NA,"NotNew",NA,NA,FALSE,556
"Phylloscopus_claudiae","Passeriformes","Phylloscopidae","Phylloscopus","Phylloscopus claudiae",1,FALSE,1,"Phylloscopus claudiae","冠纹柳莺","LC","Passeriformes",FALSE,TRUE,557
"Phylloscopus_goodsoni","Passeriformes","Phylloscopidae","Phylloscopus","Phylloscopus goodsoni",1,FALSE,0,NA,NA,"NotNew",NA,NA,FALSE,558
"Phylloscopus_reguloides","Passeriformes","Phylloscopidae","Phylloscopus","Phylloscopus reguloides",1,FALSE,0,NA,NA,"NotNew",NA,NA,FALSE,559
"Phylloscopus_calciatilis","Passeriformes","Phylloscopidae","Phylloscopus","Phylloscopus calciatilis",1,FALSE,0,NA,NA,"NotNew",NA,NA,FALSE,560
"Phylloscopus_cantator","Passeriformes","Phylloscopidae","Phylloscopus","Phylloscopus cantator",1,FALSE,1,"Phylloscopus cantator","黄胸柳莺","LC","Passeriformes",FALSE,TRUE,561
"Phylloscopus_ricketti","Passeriformes","Phylloscopidae","Phylloscopus","Phylloscopus ricketti",1,FALSE,1,"Phylloscopus ricketti","黑眉柳莺","LC","Passeriformes",FALSE,TRUE,562
"Phylloscopus_castaniceps","Passeriformes","Phylloscopidae","Phylloscopus","Phylloscopus castaniceps",1,FALSE,1,"Phylloscopus castaniceps","栗头鹟莺","LC","Passeriformes",FALSE,TRUE,563
"Phylloscopus_borealis","Passeriformes","Phylloscopidae","Phylloscopus","Phylloscopus borealis",1,FALSE,0,NA,NA,"NotNew",NA,NA,FALSE,564
"Phylloscopus_xanthodryas","Passeriformes","Phylloscopidae","Phylloscopus","Phylloscopus xanthodryas",1,FALSE,0,NA,NA,"NotNew",NA,NA,FALSE,565
"Phylloscopus_examinandus","Passeriformes","Phylloscopidae","Phylloscopus","Phylloscopus examinandus",1,FALSE,0,NA,NA,"NotNew",NA,NA,FALSE,566
"Phylloscopus_borealoides","Passeriformes","Phylloscopidae","Phylloscopus","Phylloscopus borealoides",1,FALSE,1,"Phylloscopus borealoides","库页岛柳莺","LC","Passeriformes",FALSE,TRUE,567
"Phylloscopus_tenellipes","Passeriformes","Phylloscopidae","Phylloscopus","Phylloscopus tenellipes",1,FALSE,1,"Phylloscopus tenellipes","淡脚柳莺","LC","Passeriformes",FALSE,TRUE,568
"Phylloscopus_magnirostris","Passeriformes","Phylloscopidae","Phylloscopus","Phylloscopus magnirostris",1,FALSE,1,"Phylloscopus magnirostris","乌嘴柳莺","LC","Passeriformes",FALSE,TRUE,569
"Phylloscopus_emeiensis","Passeriformes","Phylloscopidae","Phylloscopus","Phylloscopus emeiensis",1,FALSE,0,NA,NA,"NotNew",NA,NA,FALSE,570
"Phylloscopus_plumbeitarsus","Passeriformes","Phylloscopidae","Phylloscopus","Phylloscopus plumbeitarsus",1,FALSE,0,NA,NA,"NotNew",NA,NA,FALSE,571
"Phylloscopus_trochiloides","Passeriformes","Phylloscopidae","Phylloscopus","Phylloscopus trochiloides",1,FALSE,0,NA,NA,"NotNew",NA,NA,FALSE,572
"Phylloscopus_valentini","Passeriformes","Phylloscopidae","Phylloscopus","Phylloscopus valentini",1,FALSE,1,"Phylloscopus valentini","比氏鹟莺","LC","Passeriformes",FALSE,TRUE,573
"Phylloscopus_whistleri","Passeriformes","Phylloscopidae","Phylloscopus","Phylloscopus whistleri",1,FALSE,0,NA,NA,"NotNew",NA,NA,FALSE,574
"Phylloscopus_soror","Passeriformes","Phylloscopidae","Phylloscopus","Phylloscopus soror",1,FALSE,1,"Phylloscopus soror","淡尾鹟莺","LC","Passeriformes",FALSE,TRUE,575
"Phylloscopus_omeiensis","Passeriformes","Phylloscopidae","Phylloscopus","Phylloscopus omeiensis",1,FALSE,1,"Phylloscopus omeiensis","峨眉鹟莺","LC","Passeriformes",FALSE,TRUE,576
"Phylloscopus_burkii","Passeriformes","Phylloscopidae","Phylloscopus","Phylloscopus burkii",1,FALSE,1,"Phylloscopus burkii","金眶鹟莺","LC","Passeriformes",FALSE,TRUE,577
"Phylloscopus_tephrocephalus","Passeriformes","Phylloscopidae","Phylloscopus","Phylloscopus tephrocephalus",1,FALSE,1,"Phylloscopus tephrocephalus","灰冠鹟莺","LC","Passeriformes",FALSE,TRUE,578
"Phylloscopus_intermedius","Passeriformes","Phylloscopidae","Phylloscopus","Phylloscopus intermedius",1,FALSE,1,"Phylloscopus intermedius","白眶鹟莺","LC","Passeriformes",FALSE,TRUE,579
"Phylloscopus_poliogenys","Passeriformes","Phylloscopidae","Phylloscopus","Phylloscopus poliogenys",1,FALSE,0,NA,NA,"NotNew",NA,NA,FALSE,580
"Phylloscopus_coronatus","Passeriformes","Phylloscopidae","Phylloscopus","Phylloscopus coronatus",1,FALSE,1,"Phylloscopus coronatus","冕柳莺","LC","Passeriformes",FALSE,TRUE,581
"Phylloscopus_ijimae","Passeriformes","Phylloscopidae","Phylloscopus","Phylloscopus ijimae",1,FALSE,0,NA,NA,"NotNew",NA,NA,FALSE,582
"Phylloscopus_sindianus","Passeriformes","Phylloscopidae","Phylloscopus","Phylloscopus sindianus",1,FALSE,0,NA,NA,"NotNew",NA,NA,FALSE,583
"Phylloscopus_collybita","Passeriformes","Phylloscopidae","Phylloscopus","Phylloscopus collybita",1,FALSE,1,"Phylloscopus collybita","叽喳柳莺","LC","Passeriformes",FALSE,TRUE,584
"Phylloscopus_trochilus","Passeriformes","Phylloscopidae","Phylloscopus","Phylloscopus trochilus",1,FALSE,0,NA,NA,"NotNew",NA,NA,FALSE,585
"Phylloscopus_subaffinis","Passeriformes","Phylloscopidae","Phylloscopus","Phylloscopus subaffinis",1,FALSE,1,"Phylloscopus subaffinis","棕腹柳莺","LC","Passeriformes",FALSE,TRUE,586
"Phylloscopus_fuligiventer","Passeriformes","Phylloscopidae","Phylloscopus","Phylloscopus fuligiventer",1,FALSE,0,NA,NA,"NotNew",NA,NA,FALSE,587
"Phylloscopus_fuscatus","Passeriformes","Phylloscopidae","Phylloscopus","Phylloscopus fuscatus",1,FALSE,0,NA,NA,"NotNew",NA,NA,FALSE,588
"Phylloscopus_affinis","Passeriformes","Phylloscopidae","Phylloscopus","Phylloscopus affinis",1,FALSE,1,"Phylloscopus affinis","黄腹柳莺","LC","Passeriformes",FALSE,TRUE,589
"Phylloscopus_griseolus","Passeriformes","Phylloscopidae","Phylloscopus","Phylloscopus griseolus",1,FALSE,0,NA,NA,"NotNew",NA,NA,FALSE,590
"Phylloscopus_armandii","Passeriformes","Phylloscopidae","Phylloscopus","Phylloscopus armandii",1,FALSE,0,NA,NA,"NotNew",NA,NA,FALSE,591
"Phylloscopus_schwarzi","Passeriformes","Phylloscopidae","Phylloscopus","Phylloscopus schwarzi",1,FALSE,0,NA,NA,"NotNew",NA,NA,FALSE,592
"Phylloscopus_kansuensis","Passeriformes","Phylloscopidae","Phylloscopus","Phylloscopus kansuensis",1,FALSE,0,NA,NA,"NotNew",NA,NA,FALSE,593
"Phylloscopus_proregulus","Passeriformes","Phylloscopidae","Phylloscopus","Phylloscopus proregulus",1,FALSE,1,"Phylloscopus proregulus","黄腹柳莺","LC","Passeriformes",FALSE,TRUE,594
"Phylloscopus_chloronotus","Passeriformes","Phylloscopidae","Phylloscopus","Phylloscopus chloronotus",1,FALSE,0,NA,NA,"NotNew",NA,NA,FALSE,595
"Phylloscopus_forresti","Passeriformes","Phylloscopidae","Phylloscopus","Phylloscopus forresti",1,FALSE,0,NA,NA,"NotNew",NA,NA,FALSE,596
"Phylloscopus_yunnanensis","Passeriformes","Phylloscopidae","Phylloscopus","Phylloscopus yunnanensis",1,FALSE,1,"Phylloscopus yunnanensis","云南柳莺","LC","Passeriformes",FALSE,TRUE,597
"Phylloscopus_humei","Passeriformes","Phylloscopidae","Phylloscopus","Phylloscopus humei",1,FALSE,1,"Phylloscopus humei","淡眉柳莺","LC","Passeriformes",FALSE,TRUE,598
"Phylloscopus_inornatus","Passeriformes","Phylloscopidae","Phylloscopus","Phylloscopus inornatus",1,FALSE,0,NA,NA,"NotNew",NA,NA,FALSE,599
"Phylloscopus_maculipennis","Passeriformes","Phylloscopidae","Phylloscopus","Phylloscopus maculipennis",1,FALSE,1,"Phylloscopus maculipennis","灰喉柳莺","LC","Passeriformes",FALSE,TRUE,600
"Phylloscopus_pulcher","Passeriformes","Phylloscopidae","Phylloscopus","Phylloscopus pulcher",1,FALSE,1,"Phylloscopus pulcher","橙斑翅柳莺","LC","Passeriformes",FALSE,TRUE,601
"Phylloscopus_sibilatrix","Passeriformes","Phylloscopidae","Phylloscopus","Phylloscopus sibilatrix",1,FALSE,1,"Phylloscopus sibilatrix","林柳莺","LC","Passeriformes",FALSE,TRUE,602
"Horornis_canturians","Passeriformes","Scotocercidae","Horornis","Horornis canturians",1,FALSE,0,NA,NA,"NotNew",NA,NA,FALSE,603
"Horornis_diphone","Passeriformes","Scotocercidae","Horornis","Horornis diphone",1,FALSE,0,NA,NA,"NotNew",NA,NA,FALSE,604
"Horornis_acanthizoides","Passeriformes","Scotocercidae","Horornis","Horornis acanthizoides",1,FALSE,0,NA,NA,"NotNew",NA,NA,FALSE,605
"Horornis_brunnescens","Passeriformes","Scotocercidae","Horornis","Horornis brunnescens",1,FALSE,0,NA,NA,"NotNew",NA,NA,FALSE,606
"Horornis_flavolivaceus","Passeriformes","Scotocercidae","Horornis","Horornis flavolivaceus",1,FALSE,0,NA,NA,"NotNew",NA,NA,FALSE,607
"Horornis_fortipes","Passeriformes","Scotocercidae","Horornis","Horornis fortipes",1,FALSE,0,NA,NA,"NotNew",NA,NA,FALSE,608
"Tickellia_hodgsoni","Passeriformes","Scotocercidae","Tickellia","Tickellia hodgsoni",1,FALSE,0,NA,NA,"NotNew",NA,NA,FALSE,609
"Phyllergates_cucullatus","Passeriformes","Scotocercidae","Phyllergates","Phyllergates cucullatus",1,FALSE,1,"Phyllergates cucullatus","栗头织叶莺","LC","Passeriformes",FALSE,TRUE,610
"Abroscopus_albogularis","Passeriformes","Scotocercidae","Abroscopus","Abroscopus albogularis",1,FALSE,1,"Abroscopus albogularis","棕脸鹟莺","LC","Passeriformes",FALSE,TRUE,611
"Abroscopus_superciliaris","Passeriformes","Scotocercidae","Abroscopus","Abroscopus superciliaris",1,FALSE,0,NA,NA,"NotNew",NA,NA,FALSE,612
"Abroscopus_schisticeps","Passeriformes","Scotocercidae","Abroscopus","Abroscopus schisticeps",1,FALSE,0,NA,NA,"NotNew",NA,NA,FALSE,613
"Tesia_cyaniventer","Passeriformes","Scotocercidae","Tesia","Tesia cyaniventer",1,FALSE,0,NA,NA,"NotNew",NA,NA,FALSE,614
"Tesia_olivea","Passeriformes","Scotocercidae","Tesia","Tesia olivea",1,FALSE,0,NA,NA,"NotNew",NA,NA,FALSE,615
"Cettia_major","Passeriformes","Scotocercidae","Cettia","Cettia major",1,FALSE,0,NA,NA,"NotNew",NA,NA,FALSE,616
"Cettia_castaneocoronata","Passeriformes","Scotocercidae","Cettia","Cettia castaneocoronata",1,FALSE,1,"Cettia castaneocoronata","栗头树莺","LC","Passeriformes",FALSE,TRUE,617
"Cettia_brunnifrons","Passeriformes","Scotocercidae","Cettia","Cettia brunnifrons",1,FALSE,1,"Cettia brunnifrons","棕顶树莺","LC","Passeriformes",FALSE,TRUE,618
"Cettia_cetti","Passeriformes","Scotocercidae","Cettia","Cettia cetti",1,FALSE,0,NA,NA,"NotNew",NA,NA,FALSE,619
"Urosphena_squameiceps","Passeriformes","Scotocercidae","Urosphena","Urosphena squameiceps",1,FALSE,1,"Urosphena squameiceps","鳞头树莺","LC","Passeriformes",FALSE,TRUE,620
"Hemitesia_pallidipes","Passeriformes","Scotocercidae","Hemitesia","Hemitesia pallidipes",1,FALSE,1,"Hemitesia pallidipes","淡脚树莺","LC","Passeriformes",FALSE,TRUE,621
"Aegithalos_fuliginosus","Passeriformes","Aegithalidae","Aegithalos","Aegithalos fuliginosus",1,FALSE,1,"Aegithalos fuliginosus","银脸长尾山雀","LC","Passeriformes",FALSE,TRUE,622
"Aegithalos_iouschistos","Passeriformes","Aegithalidae","Aegithalos","Aegithalos iouschistos",1,FALSE,0,NA,NA,"NotNew",NA,NA,FALSE,623
"Aegithalos_caudatus","Passeriformes","Aegithalidae","Aegithalos","Aegithalos caudatus",1,FALSE,1,"Aegithalos caudatus","北长尾山雀","LC","Passeriformes",FALSE,TRUE,624
"Aegithalos_glaucogularis","Passeriformes","Aegithalidae","Aegithalos","Aegithalos glaucogularis",1,FALSE,0,NA,NA,"NotNew",NA,NA,FALSE,625
"Aegithalos_concinnus","Passeriformes","Aegithalidae","Aegithalos","Aegithalos concinnus",1,FALSE,1,"Aegithalos concinnus","红头长尾山雀","LC","Passeriformes",FALSE,TRUE,626
"Leptopoecile_elegans","Passeriformes","Aegithalidae","Leptopoecile","Leptopoecile elegans",1,FALSE,1,"Leptopoecile elegans","凤头雀莺","LC","Passeriformes",FALSE,TRUE,627
"Leptopoecile_sophiae","Passeriformes","Aegithalidae","Leptopoecile","Leptopoecile sophiae",1,FALSE,0,NA,NA,"NotNew",NA,NA,FALSE,628
"Hirundo_rustica","Passeriformes","Hirundinidae","Hirundo","Hirundo rustica",1,FALSE,0,NA,NA,"NotNew",NA,NA,FALSE,629
"Hirundo_smithii","Passeriformes","Hirundinidae","Hirundo","Hirundo smithii",1,FALSE,0,NA,NA,"NotNew",NA,NA,FALSE,630
"Hirundo_tahitica","Passeriformes","Hirundinidae","Hirundo","Hirundo tahitica",1,FALSE,0,NA,NA,"NotNew",NA,NA,FALSE,631
"Ptyonoprogne_concolor","Passeriformes","Hirundinidae","Ptyonoprogne","Ptyonoprogne concolor",1,FALSE,0,NA,NA,"NotNew",NA,NA,FALSE,632
"Ptyonoprogne_rupestris","Passeriformes","Hirundinidae","Ptyonoprogne","Ptyonoprogne rupestris",1,FALSE,1,"Ptyonoprogne rupestris","岩燕","LC","Passeriformes",FALSE,TRUE,633
"Petrochelidon_fluvicola","Passeriformes","Hirundinidae","Petrochelidon","Petrochelidon fluvicola",1,FALSE,0,NA,NA,"NotNew",NA,NA,FALSE,634
"Cecropis_daurica","Passeriformes","Hirundinidae","Cecropis","Cecropis daurica",1,FALSE,1,"Cecropis daurica","金腰燕","LC","Passeriformes",FALSE,TRUE,635
"Cecropis_striolata","Passeriformes","Hirundinidae","Cecropis","Cecropis striolata",1,FALSE,1,"Cecropis striolata","斑腰燕","LC","Passeriformes",FALSE,TRUE,636
"Delichon_dasypus","Passeriformes","Hirundinidae","Delichon","Delichon dasypus",1,FALSE,1,"Delichon dasypus","烟腹毛脚燕","LC","Passeriformes",FALSE,TRUE,637
"Delichon_nipalense","Passeriformes","Hirundinidae","Delichon","Delichon nipalense",1,FALSE,0,NA,NA,"NotNew",NA,NA,FALSE,638
"Delichon_urbicum","Passeriformes","Hirundinidae","Delichon","Delichon urbicum",1,FALSE,0,NA,NA,"NotNew",NA,NA,FALSE,639
"Riparia_riparia","Passeriformes","Hirundinidae","Riparia","Riparia riparia",1,FALSE,1,"Riparia riparia","崖沙燕","LC","Passeriformes",FALSE,TRUE,640
"Riparia_diluta","Passeriformes","Hirundinidae","Riparia","Riparia diluta",1,FALSE,0,NA,NA,"NotNew",NA,NA,FALSE,641
"Riparia_chinensis","Passeriformes","Hirundinidae","Riparia","Riparia chinensis",1,FALSE,0,NA,NA,"NotNew",NA,NA,FALSE,642
"Pnoepyga_albiventer","Passeriformes","Pnoepygidae","Pnoepyga","Pnoepyga albiventer",1,FALSE,0,NA,NA,"NotNew",NA,NA,FALSE,643
"Pnoepyga_formosana","Passeriformes","Pnoepygidae","Pnoepyga","Pnoepyga formosana",1,FALSE,0,NA,NA,"NotNew",NA,NA,FALSE,644
"Pnoepyga_immaculata","Passeriformes","Pnoepygidae","Pnoepyga","Pnoepyga immaculata",1,FALSE,1,"Pnoepyga immaculata","尼泊尔鹪鹛","LC","Passeriformes",FALSE,TRUE,645
"Pnoepyga_pusilla","Passeriformes","Pnoepygidae","Pnoepyga","Pnoepyga pusilla",1,FALSE,0,NA,NA,"NotNew",NA,NA,FALSE,646
"Acrocephalus_orientalis","Passeriformes","Acrocephalidae","Acrocephalus","Acrocephalus orientalis",1,FALSE,0,NA,NA,"NotNew",NA,NA,FALSE,647
"Acrocephalus_stentoreus","Passeriformes","Acrocephalidae","Acrocephalus","Acrocephalus stentoreus",1,FALSE,0,NA,NA,"NotNew",NA,NA,FALSE,648
"Acrocephalus_arundinaceus","Passeriformes","Acrocephalidae","Acrocephalus","Acrocephalus arundinaceus",1,FALSE,0,NA,NA,"NotNew",NA,NA,FALSE,649
"Acrocephalus_sorghophilus","Passeriformes","Acrocephalidae","Acrocephalus","Acrocephalus sorghophilus",1,FALSE,0,NA,NA,"NotNew",NA,NA,FALSE,650
"Acrocephalus_melanopogon","Passeriformes","Acrocephalidae","Acrocephalus","Acrocephalus melanopogon",1,FALSE,0,NA,NA,"NotNew",NA,NA,FALSE,651
"Acrocephalus_bistrigiceps","Passeriformes","Acrocephalidae","Acrocephalus","Acrocephalus bistrigiceps",1,FALSE,1,"Acrocephalus bistrigiceps","黑眉苇莺","LC","Passeriformes",FALSE,TRUE,652
"Acrocephalus_schoenobaenus","Passeriformes","Acrocephalidae","Acrocephalus","Acrocephalus schoenobaenus",1,FALSE,0,NA,NA,"NotNew",NA,NA,FALSE,653
"Acrocephalus_concinens","Passeriformes","Acrocephalidae","Acrocephalus","Acrocephalus concinens",1,FALSE,1,"Acrocephalus concinens","钝翅苇莺","LC","Passeriformes",FALSE,TRUE,654
"Acrocephalus_tangorum","Passeriformes","Acrocephalidae","Acrocephalus","Acrocephalus tangorum",1,FALSE,1,"Acrocephalus tangorum","远东苇莺","VU","Passeriformes",FALSE,TRUE,655
"Acrocephalus_agricola","Passeriformes","Acrocephalidae","Acrocephalus","Acrocephalus agricola",1,FALSE,1,"Acrocephalus agricola","稻田苇莺","LC","Passeriformes",FALSE,TRUE,656
"Acrocephalus_dumetorum","Passeriformes","Acrocephalidae","Acrocephalus","Acrocephalus dumetorum",1,FALSE,1,"Acrocephalus dumetorum","布氏苇莺","LC","Passeriformes",FALSE,TRUE,657
"Acrocephalus_scirpaceus","Passeriformes","Acrocephalidae","Acrocephalus","Acrocephalus scirpaceus",1,FALSE,0,NA,NA,"NotNew",NA,NA,FALSE,658
"Arundinax_aedon","Passeriformes","Acrocephalidae","Arundinax","Arundinax aedon",1,FALSE,0,NA,NA,"NotNew",NA,NA,FALSE,659
"Iduna_caligata","Passeriformes","Acrocephalidae","Iduna","Iduna caligata",1,FALSE,1,"Iduna caligata","靴篱莺","LC","Passeriformes",FALSE,TRUE,660
"Iduna_rama","Passeriformes","Acrocephalidae","Iduna","Iduna rama",1,FALSE,0,NA,NA,"NotNew",NA,NA,FALSE,661
"Iduna_pallida","Passeriformes","Acrocephalidae","Iduna","Iduna pallida",1,FALSE,0,NA,NA,"NotNew",NA,NA,FALSE,662
"Megalurus_palustris","Passeriformes","Locustellidae","Megalurus","Megalurus palustris",1,FALSE,0,NA,NA,"NotNew",NA,NA,FALSE,663
"Locustella_mandelli","Passeriformes","Locustellidae","Locustella","Locustella mandelli",1,FALSE,1,"Locustella mandelli","高山短翅蝗莺","LC","Passeriformes",FALSE,TRUE,664
"Locustella_chengi","Passeriformes","Locustellidae","Locustella","Locustella chengi",1,FALSE,0,NA,NA,"NotNew",NA,NA,FALSE,665
"Locustella_alishanensis","Passeriformes","Locustellidae","Locustella","Locustella alishanensis",1,FALSE,0,NA,NA,"NotNew",NA,NA,FALSE,666
"Locustella_thoracica","Passeriformes","Locustellidae","Locustella","Locustella thoracica",1,FALSE,0,NA,NA,"NotNew",NA,NA,FALSE,667
"Locustella_davidi","Passeriformes","Locustellidae","Locustella","Locustella davidi",1,FALSE,1,"Locustella davidi","北短翅莺","LC","Passeriformes",FALSE,TRUE,668
"Locustella_major","Passeriformes","Locustellidae","Locustella","Locustella major",1,FALSE,0,NA,NA,"NotNew",NA,NA,FALSE,669
"Locustella_naevia","Passeriformes","Locustellidae","Locustella","Locustella naevia",1,FALSE,0,NA,NA,"NotNew",NA,NA,FALSE,670
"Locustella_tacsanowskia","Passeriformes","Locustellidae","Locustella","Locustella tacsanowskia",1,FALSE,0,NA,NA,"NotNew",NA,NA,FALSE,671
"Locustella_luteoventris","Passeriformes","Locustellidae","Locustella","Locustella luteoventris",1,FALSE,0,NA,NA,"NotNew",NA,NA,FALSE,672
"Locustella_luscinioides","Passeriformes","Locustellidae","Locustella","Locustella luscinioides",1,FALSE,0,NA,NA,"NotNew",NA,NA,FALSE,673
"Locustella_lanceolata","Passeriformes","Locustellidae","Locustella","Locustella lanceolata",1,FALSE,0,NA,NA,"NotNew",NA,NA,FALSE,674
"Helopsaltes_ochotensis","Passeriformes","Locustellidae","Helopsaltes","Helopsaltes ochotensis",1,FALSE,1,"Helopsaltes ochotensis","北蝗莺","LC","Passeriformes",FALSE,TRUE,675
"Helopsaltes_pleskei","Passeriformes","Locustellidae","Helopsaltes","Helopsaltes pleskei",1,FALSE,1,"Helopsaltes pleskei","史氏蝗莺","LC","Passeriformes",FALSE,TRUE,676
"Helopsaltes_certhiola","Passeriformes","Locustellidae","Helopsaltes","Helopsaltes certhiola",1,FALSE,1,"Helopsaltes certhiola","小蝗莺","LC","Passeriformes",FALSE,TRUE,677
"Helopsaltes_pryeri","Passeriformes","Locustellidae","Helopsaltes","Helopsaltes pryeri",1,FALSE,1,"Helopsaltes pryeri","斑背大尾莺","NT","Passeriformes",FALSE,TRUE,678
"Helopsaltes_amnicola","Passeriformes","Locustellidae","Helopsaltes","Helopsaltes amnicola",1,FALSE,0,NA,NA,"NotNew",NA,NA,FALSE,679
"Helopsaltes_fasciolatus","Passeriformes","Locustellidae","Helopsaltes","Helopsaltes fasciolatus",1,FALSE,0,NA,NA,"NotNew",NA,NA,FALSE,680
"Orthotomus_atrogularis","Passeriformes","Cisticolidae","Orthotomus","Orthotomus atrogularis",1,FALSE,0,NA,NA,"NotNew",NA,NA,FALSE,681
"Orthotomus_sutorius","Passeriformes","Cisticolidae","Orthotomus","Orthotomus sutorius",1,FALSE,0,NA,NA,"NotNew",NA,NA,FALSE,682
"Cisticola_juncidis","Passeriformes","Cisticolidae","Cisticola","Cisticola juncidis",1,FALSE,0,NA,NA,"NotNew",NA,NA,FALSE,683
"Cisticola_exilis","Passeriformes","Cisticolidae","Cisticola","Cisticola exilis",1,FALSE,0,NA,NA,"NotNew",NA,NA,FALSE,684
"Prinia_superciliaris","Passeriformes","Cisticolidae","Prinia","Prinia superciliaris",1,FALSE,0,NA,NA,"NotNew",NA,NA,FALSE,685
"Prinia_crinigera","Passeriformes","Cisticolidae","Prinia","Prinia crinigera",1,FALSE,0,NA,NA,"NotNew",NA,NA,FALSE,686
"Prinia_striata","Passeriformes","Cisticolidae","Prinia","Prinia striata",1,FALSE,1,"Prinia striata","山鹪莺","LC","Passeriformes",FALSE,TRUE,687
"Prinia_atrogularis","Passeriformes","Cisticolidae","Prinia","Prinia atrogularis",1,FALSE,1,"Prinia atrogularis","黑喉山鹪莺","LC","Passeriformes",FALSE,TRUE,688
"Prinia_inornata","Passeriformes","Cisticolidae","Prinia","Prinia inornata",1,FALSE,1,"Prinia inornata","纯色山鹪莺","LC","Passeriformes",FALSE,TRUE,689
"Prinia_rufescens","Passeriformes","Cisticolidae","Prinia","Prinia rufescens",1,FALSE,1,"Prinia rufescens","暗冕山鹪莺","LC","Passeriformes",FALSE,TRUE,690
"Prinia_hodgsonii","Passeriformes","Cisticolidae","Prinia","Prinia hodgsonii",1,FALSE,0,NA,NA,"NotNew",NA,NA,FALSE,691
"Prinia_flaviventris","Passeriformes","Cisticolidae","Prinia","Prinia flaviventris",1,FALSE,1,"Prinia flaviventris","黄腹山鹪莺","LC","Passeriformes",FALSE,TRUE,692
"Mirafra_javanica","Passeriformes","Alaudidae","Mirafra","Mirafra javanica",1,FALSE,0,NA,NA,"NotNew",NA,NA,FALSE,693
"Alaudala_cheleensis","Passeriformes","Alaudidae","Alaudala","Alaudala cheleensis",1,FALSE,0,NA,NA,"NotNew",NA,NA,FALSE,694
"Alaudala_heinei","Passeriformes","Alaudidae","Alaudala","Alaudala heinei",1,FALSE,0,NA,NA,"NotNew",NA,NA,FALSE,695
"Melanocorypha_calandra","Passeriformes","Alaudidae","Melanocorypha","Melanocorypha calandra",1,FALSE,0,NA,NA,"NotNew",NA,NA,FALSE,696
"Melanocorypha_yeltoniensis","Passeriformes","Alaudidae","Melanocorypha","Melanocorypha yeltoniensis",1,FALSE,0,NA,NA,"NotNew",NA,NA,FALSE,697
"Melanocorypha_maxima","Passeriformes","Alaudidae","Melanocorypha","Melanocorypha maxima",1,FALSE,0,NA,NA,"NotNew",NA,NA,FALSE,698
"Melanocorypha_mongolica","Passeriformes","Alaudidae","Melanocorypha","Melanocorypha mongolica",1,FALSE,0,NA,NA,"NotNew",NA,NA,FALSE,699
"Melanocorypha_bimaculata","Passeriformes","Alaudidae","Melanocorypha","Melanocorypha bimaculata",1,FALSE,0,NA,NA,"NotNew",NA,NA,FALSE,700
"Calandrella_acutirostris","Passeriformes","Alaudidae","Calandrella","Calandrella acutirostris",1,FALSE,0,NA,NA,"NotNew",NA,NA,FALSE,701
"Calandrella_dukhunensis","Passeriformes","Alaudidae","Calandrella","Calandrella dukhunensis",1,FALSE,0,NA,NA,"NotNew",NA,NA,FALSE,702
"Calandrella_brachydactyla","Passeriformes","Alaudidae","Calandrella","Calandrella brachydactyla",1,FALSE,1,"Calandrella brachydactyla","大短趾百灵","LC","Passeriformes",FALSE,TRUE,703
"Eremophila_alpestris","Passeriformes","Alaudidae","Eremophila","Eremophila alpestris",1,FALSE,1,"Eremophila alpestris","角百灵","LC","Passeriformes",FALSE,TRUE,704
"Galerida_cristata","Passeriformes","Alaudidae","Galerida","Galerida cristata",1,FALSE,1,"Galerida cristata","凤头百灵","LC","Passeriformes",FALSE,TRUE,705
"Alauda_arvensis","Passeriformes","Alaudidae","Alauda","Alauda arvensis",1,FALSE,0,NA,NA,"NotNew",NA,NA,FALSE,706
"Alauda_gulgula","Passeriformes","Alaudidae","Alauda","Alauda gulgula",1,FALSE,0,NA,NA,"NotNew",NA,NA,FALSE,707
"Alauda_leucoptera","Passeriformes","Alaudidae","Alauda","Alauda leucoptera",1,FALSE,0,NA,NA,"NotNew",NA,NA,FALSE,708
"Panurus_biarmicus","Passeriformes","Panuridae","Panurus","Panurus biarmicus",1,FALSE,1,"Panurus biarmicus","文须雀","LC","Passeriformes",FALSE,TRUE,709
"Poecile_montanus","Passeriformes","Paridae","Poecile","Poecile montanus",1,FALSE,0,NA,NA,"NotNew",NA,NA,FALSE,710
"Poecile_weigoldicus","Passeriformes","Paridae","Poecile","Poecile weigoldicus",1,FALSE,0,NA,NA,"NotNew",NA,NA,FALSE,711
"Poecile_hypermelaenus","Passeriformes","Paridae","Poecile","Poecile hypermelaenus",1,FALSE,0,NA,NA,"NotNew",NA,NA,FALSE,712
"Poecile_palustris","Passeriformes","Paridae","Poecile","Poecile palustris",1,FALSE,0,NA,NA,"NotNew",NA,NA,FALSE,713
"Poecile_davidi","Passeriformes","Paridae","Poecile","Poecile davidi",1,FALSE,0,NA,NA,"NotNew",NA,NA,FALSE,714
"Poecile_superciliosus","Passeriformes","Paridae","Poecile","Poecile superciliosus",1,FALSE,0,NA,NA,"NotNew",NA,NA,FALSE,715
"Sittiparus_varius","Passeriformes","Paridae","Sittiparus","Sittiparus varius",1,FALSE,1,"Sittiparus varius","杂色山雀","LC","Passeriformes",FALSE,TRUE,716
"Sittiparus_castaneoventris","Passeriformes","Paridae","Sittiparus","Sittiparus castaneoventris",1,FALSE,0,NA,NA,"NotNew",NA,NA,FALSE,717
"Sylviparus_modestus","Passeriformes","Paridae","Sylviparus","Sylviparus modestus",1,FALSE,1,"Sylviparus modestus","黄眉林雀","LC","Passeriformes",FALSE,TRUE,718
"Lophophanes_dichrous","Passeriformes","Paridae","Lophophanes","Lophophanes dichrous",1,FALSE,1,"Lophophanes dichrous","褐冠山雀","LC","Passeriformes",FALSE,TRUE,719
"Machlolophus_spilonotus","Passeriformes","Paridae","Machlolophus","Machlolophus spilonotus",1,FALSE,0,NA,NA,"NotNew",NA,NA,FALSE,720
"Machlolophus_xanthogenys","Passeriformes","Paridae","Machlolophus","Machlolophus xanthogenys",1,FALSE,1,"Machlolophus xanthogenys","眼纹黄山雀","LC","Passeriformes",FALSE,TRUE,721
"Machlolophus_holsti","Passeriformes","Paridae","Machlolophus","Machlolophus holsti",1,FALSE,0,NA,NA,"NotNew",NA,NA,FALSE,722
"Parus_minor","Passeriformes","Paridae","Parus","Parus minor",1,FALSE,0,NA,NA,"NotNew",NA,NA,FALSE,723
"Parus_major","Passeriformes","Paridae","Parus","Parus major",1,FALSE,1,"Parus major","欧亚大山雀","LC","Passeriformes",FALSE,TRUE,724
"Parus_monticolus","Passeriformes","Paridae","Parus","Parus monticolus",1,FALSE,1,"Parus monticolus","绿背山雀","LC","Passeriformes",FALSE,TRUE,725
"Pseudopodoces_humilis","Passeriformes","Paridae","Pseudopodoces","Pseudopodoces humilis",1,FALSE,1,"Pseudopodoces humilis","地山雀","LC","Passeriformes",FALSE,TRUE,726
"Cyanistes_cyanus","Passeriformes","Paridae","Cyanistes","Cyanistes cyanus",1,FALSE,1,"Cyanistes cyanus","灰蓝山雀","LC","Passeriformes",FALSE,TRUE,727
"Periparus_venustulus","Passeriformes","Paridae","Pardaliparus","Pardaliparus venustulus",1,TRUE,1,"Pardaliparus venustulus","黄腹山雀","LC","Passeriformes",TRUE,TRUE,728
"Periparus_rubidiventris","Passeriformes","Paridae","Periparus","Periparus rubidiventris",1,FALSE,1,"Periparus rubidiventris","黑冠山雀","LC","Passeriformes",FALSE,TRUE,729
"Periparus_rufonuchalis","Passeriformes","Paridae","Periparus","Periparus rufonuchalis",1,FALSE,0,NA,NA,"NotNew",NA,NA,FALSE,730
"Periparus_ater","Passeriformes","Paridae","Periparus","Periparus ater",1,FALSE,0,NA,NA,"NotNew",NA,NA,FALSE,731
"Melanochlora_sultanea","Passeriformes","Paridae","Melanochlora","Melanochlora sultanea",1,FALSE,1,"Melanochlora sultanea","冕雀","LC","Passeriformes",FALSE,TRUE,732
"Cephalopyrus_flammiceps","Passeriformes","Paridae","Cephalopyrus","Cephalopyrus flammiceps",1,FALSE,1,"Cephalopyrus flammiceps","火冠雀","LC","Passeriformes",FALSE,TRUE,733
"Remiz_macronyx","Passeriformes","Remizidae","Remiz","Remiz macronyx",1,FALSE,0,NA,NA,"NotNew",NA,NA,FALSE,734
"Remiz_coronatus","Passeriformes","Remizidae","Remiz","Remiz coronatus",1,FALSE,1,"Remiz coronatus","白冠攀雀","LC","Passeriformes",FALSE,TRUE,735
"Remiz_consobrinus","Passeriformes","Remizidae","Remiz","Remiz consobrinus",1,FALSE,1,"Remiz consobrinus","中华攀雀","LC","Passeriformes",FALSE,TRUE,736
"Corvus_macrorhynchos","Passeriformes","Corvidae","Corvus","Corvus macrorhynchos",1,FALSE,0,NA,NA,"NotNew",NA,NA,FALSE,737
"Corvus_splendens","Passeriformes","Corvidae","Corvus","Corvus splendens",1,FALSE,0,NA,NA,"NotNew",NA,NA,FALSE,738
"Corvus_cornix","Passeriformes","Corvidae","Corvus","Corvus cornix",1,FALSE,0,NA,NA,"NotNew",NA,NA,FALSE,739
"Corvus_corone","Passeriformes","Corvidae","Corvus","Corvus corone",1,FALSE,0,NA,NA,"NotNew",NA,NA,FALSE,740
"Corvus_pectoralis","Passeriformes","Corvidae","Corvus","Corvus pectoralis",1,FALSE,0,NA,NA,"NotNew",NA,NA,FALSE,741
"Corvus_corax","Passeriformes","Corvidae","Corvus","Corvus corax",1,FALSE,0,NA,NA,"NotNew",NA,NA,FALSE,742
"Corvus_frugilegus","Passeriformes","Corvidae","Corvus","Corvus frugilegus",1,FALSE,0,NA,NA,"NotNew",NA,NA,FALSE,743
"Corvus_dauuricus","Passeriformes","Corvidae","Corvus","Corvus dauuricus",1,FALSE,0,NA,NA,"NotNew",NA,NA,FALSE,744
"Corvus_monedula","Passeriformes","Corvidae","Corvus","Corvus monedula",1,FALSE,0,NA,NA,"NotNew",NA,NA,FALSE,745
"Nucifraga_caryocatactes","Passeriformes","Corvidae","Nucifraga","Nucifraga caryocatactes",1,FALSE,0,NA,NA,"NotNew",NA,NA,FALSE,746
"Podoces_biddulphi","Passeriformes","Corvidae","Podoces","Podoces biddulphi",1,FALSE,1,"Podoces biddulphi","白尾地鸦","NT","Passeriformes",FALSE,TRUE,747
"Podoces_hendersoni","Passeriformes","Corvidae","Podoces","Podoces hendersoni",1,FALSE,0,NA,NA,"NotNew",NA,NA,FALSE,748
"Pica_bottanensis","Passeriformes","Corvidae","Pica","Pica bottanensis",1,FALSE,0,NA,NA,"NotNew",NA,NA,FALSE,749
"Pica_serica","Passeriformes","Corvidae","Pica","Pica serica",1,FALSE,0,NA,NA,"NotNew",NA,NA,FALSE,750
"Pica_pica","Passeriformes","Corvidae","Pica","Pica pica",1,FALSE,0,NA,NA,"NotNew",NA,NA,FALSE,751
"Garrulus_glandarius","Passeriformes","Corvidae","Garrulus","Garrulus glandarius",1,FALSE,0,NA,NA,"NotNew",NA,NA,FALSE,752
"Perisoreus_infaustus","Passeriformes","Corvidae","Perisoreus","Perisoreus infaustus",1,FALSE,0,NA,NA,"NotNew",NA,NA,FALSE,753
"Perisoreus_internigrans","Passeriformes","Corvidae","Perisoreus","Perisoreus internigrans",1,FALSE,0,NA,NA,"NotNew",NA,NA,FALSE,754
"Cyanopica_cyanus","Passeriformes","Corvidae","Cyanopica","Cyanopica cyanus",1,FALSE,0,NA,NA,"NotNew",NA,NA,FALSE,755
"Urocissa_caerulea","Passeriformes","Corvidae","Urocissa","Urocissa caerulea",1,FALSE,0,NA,NA,"NotNew",NA,NA,FALSE,756
"Urocissa_erythroryncha","Passeriformes","Corvidae","Urocissa","Urocissa erythroryncha",1,FALSE,0,NA,NA,"NotNew",NA,NA,FALSE,757
"Urocissa_flavirostris","Passeriformes","Corvidae","Urocissa","Urocissa flavirostris",1,FALSE,0,NA,NA,"NotNew",NA,NA,FALSE,758
"Urocissa_whiteheadi","Passeriformes","Corvidae","Urocissa","Urocissa whiteheadi",1,FALSE,0,NA,NA,"NotNew",NA,NA,FALSE,759
"Cissa_chinensis","Passeriformes","Corvidae","Cissa","Cissa chinensis",1,FALSE,0,NA,NA,"NotNew",NA,NA,FALSE,760
"Cissa_hypoleuca","Passeriformes","Corvidae","Cissa","Cissa hypoleuca",1,FALSE,0,NA,NA,"NotNew",NA,NA,FALSE,761
"Dendrocitta_formosae","Passeriformes","Corvidae","Dendrocitta","Dendrocitta formosae",1,FALSE,1,"Dendrocitta formosae","灰树鹊","LC","Passeriformes",FALSE,TRUE,762
"Dendrocitta_vagabunda","Passeriformes","Corvidae","Dendrocitta","Dendrocitta vagabunda",1,FALSE,0,NA,NA,"NotNew",NA,NA,FALSE,763
"Dendrocitta_frontalis","Passeriformes","Corvidae","Dendrocitta","Dendrocitta frontalis",1,FALSE,0,NA,NA,"NotNew",NA,NA,FALSE,764
"Temnurus_temnurus","Passeriformes","Corvidae","Temnurus","Temnurus temnurus",1,FALSE,1,"Temnurus temnurus","塔尾树鹊","LC","Passeriformes",FALSE,TRUE,765
"Pyrrhocorax_graculus","Passeriformes","Corvidae","Pyrrhocorax","Pyrrhocorax graculus",1,FALSE,0,NA,NA,"NotNew",NA,NA,FALSE,766
"Pyrrhocorax_pyrrhocorax","Passeriformes","Corvidae","Pyrrhocorax","Pyrrhocorax pyrrhocorax",1,FALSE,0,NA,NA,"NotNew",NA,NA,FALSE,767
"Lanius_bucephalus","Passeriformes","Laniidae","Lanius","Lanius bucephalus",1,FALSE,0,NA,NA,"NotNew",NA,NA,FALSE,768
"Lanius_cristatus","Passeriformes","Laniidae","Lanius","Lanius cristatus",1,FALSE,0,NA,NA,"NotNew",NA,NA,FALSE,769
"Lanius_schach","Passeriformes","Laniidae","Lanius","Lanius schach",1,FALSE,1,"Lanius schach","棕背伯劳","LC","Passeriformes",FALSE,TRUE,770
"Lanius_tephronotus","Passeriformes","Laniidae","Lanius","Lanius tephronotus",1,FALSE,1,"Lanius tephronotus","灰背伯劳","LC","Passeriformes",FALSE,TRUE,771
"Lanius_collurio","Passeriformes","Laniidae","Lanius","Lanius collurio",1,FALSE,0,NA,NA,"NotNew",NA,NA,FALSE,772
"Lanius_phoenicuroides","Passeriformes","Laniidae","Lanius","Lanius phoenicuroides",1,FALSE,0,NA,NA,"NotNew",NA,NA,FALSE,773
"Lanius_isabellinus","Passeriformes","Laniidae","Lanius","Lanius isabellinus",1,FALSE,1,"Lanius isabellinus","荒漠伯劳","LC","Passeriformes",FALSE,TRUE,774
"Lanius_vittatus","Passeriformes","Laniidae","Lanius","Lanius vittatus",1,FALSE,0,NA,NA,"NotNew",NA,NA,FALSE,775
"Lanius_tigrinus","Passeriformes","Laniidae","Lanius","Lanius tigrinus",1,FALSE,0,NA,NA,"NotNew",NA,NA,FALSE,776
"Lanius_collurioides","Passeriformes","Laniidae","Lanius","Lanius collurioides",1,FALSE,1,"Lanius collurioides","栗背伯劳","LC","Passeriformes",FALSE,TRUE,777
"Lanius_minor","Passeriformes","Laniidae","Lanius","Lanius minor",1,FALSE,0,NA,NA,"NotNew",NA,NA,FALSE,778
"Lanius_borealis","Passeriformes","Laniidae","Lanius","Lanius borealis",1,FALSE,1,"Lanius borealis","灰伯劳","LC","Passeriformes",FALSE,TRUE,779
"Lanius_giganteus","Passeriformes","Laniidae","Lanius","Lanius giganteus",1,FALSE,0,NA,NA,"NotNew",NA,NA,FALSE,780
"Lanius_sphenocercus","Passeriformes","Laniidae","Lanius","Lanius sphenocercus",1,FALSE,1,"Lanius sphenocercus","楔尾伯劳","LC","Passeriformes",FALSE,TRUE,781
"Lanius_excubitor","Passeriformes","Laniidae","Lanius","Lanius excubitor",1,FALSE,0,NA,NA,"NotNew",NA,NA,FALSE,782
"Terpsiphone_paradisi","Passeriformes","Monarchidae","Terpsiphone","Terpsiphone paradisi",1,FALSE,0,NA,NA,"NotNew",NA,NA,FALSE,783
"Terpsiphone_atrocaudata","Passeriformes","Monarchidae","Terpsiphone","Terpsiphone atrocaudata",1,FALSE,0,NA,NA,"NotNew",NA,NA,FALSE,784
"Terpsiphone_incei","Passeriformes","Monarchidae","Terpsiphone","Terpsiphone incei",1,FALSE,0,NA,NA,"NotNew",NA,NA,FALSE,785
"Terpsiphone_affinis","Passeriformes","Monarchidae","Terpsiphone","Terpsiphone affinis",1,FALSE,0,NA,NA,"NotNew",NA,NA,FALSE,786
"Hypothymis_azurea","Passeriformes","Monarchidae","Hypothymis","Hypothymis azurea",1,FALSE,1,"Hypothymis azurea","黑枕王鹟","LC","Passeriformes",FALSE,TRUE,787
"Dicrurus_hottentottus","Passeriformes","Dicruridae","Dicrurus","Dicrurus hottentottus",1,FALSE,1,"Dicrurus hottentottus","发冠卷尾","LC","Passeriformes",FALSE,TRUE,788
"Dicrurus_paradiseus","Passeriformes","Dicruridae","Dicrurus","Dicrurus paradiseus",1,FALSE,0,NA,NA,"NotNew",NA,NA,FALSE,789
"Dicrurus_annectens","Passeriformes","Dicruridae","Dicrurus","Dicrurus annectens",1,FALSE,1,"Dicrurus annectens","鸦嘴卷尾","LC","Passeriformes",FALSE,TRUE,790
"Dicrurus_remifer","Passeriformes","Dicruridae","Dicrurus","Dicrurus remifer",1,FALSE,1,"Dicrurus remifer","小盘尾","LC","Passeriformes",FALSE,TRUE,791
"Dicrurus_macrocercus","Passeriformes","Dicruridae","Dicrurus","Dicrurus macrocercus",1,FALSE,0,NA,NA,"NotNew",NA,NA,FALSE,792
"Dicrurus_leucophaeus","Passeriformes","Dicruridae","Dicrurus","Dicrurus leucophaeus",1,FALSE,0,NA,NA,"NotNew",NA,NA,FALSE,793
"Dicrurus_aeneus","Passeriformes","Dicruridae","Dicrurus","Dicrurus aeneus",1,FALSE,0,NA,NA,"NotNew",NA,NA,FALSE,794
"Rhipidura_albicollis","Passeriformes","Rhipiduridae","Rhipidura","Rhipidura albicollis",1,FALSE,0,NA,NA,"NotNew",NA,NA,FALSE,795
"Rhipidura_aureola","Passeriformes","Rhipiduridae","Rhipidura","Rhipidura aureola",1,FALSE,0,NA,NA,"NotNew",NA,NA,FALSE,796
"Rhipidura_nigritorquis","Passeriformes","Rhipiduridae","Rhipidura","Rhipidura nigritorquis",1,FALSE,0,NA,NA,"NotNew",NA,NA,FALSE,797
"Oriolus_chinensis","Passeriformes","Oriolidae","Oriolus","Oriolus chinensis",1,FALSE,0,NA,NA,"NotNew",NA,NA,FALSE,798
"Oriolus_tenuirostris","Passeriformes","Oriolidae","Oriolus","Oriolus tenuirostris",1,FALSE,0,NA,NA,"NotNew",NA,NA,FALSE,799
"Oriolus_oriolus","Passeriformes","Oriolidae","Oriolus","Oriolus oriolus",1,FALSE,1,"Oriolus oriolus","金黄鹂","LC","Passeriformes",FALSE,TRUE,800
"Oriolus_kundoo","Passeriformes","Oriolidae","Oriolus","Oriolus kundoo",1,FALSE,0,NA,NA,"NotNew",NA,NA,FALSE,801
"Oriolus_xanthornus","Passeriformes","Oriolidae","Oriolus","Oriolus xanthornus",1,FALSE,0,NA,NA,"NotNew",NA,NA,FALSE,802
"Oriolus_mellianus","Passeriformes","Oriolidae","Oriolus","Oriolus mellianus",1,FALSE,0,NA,NA,"NotNew",NA,NA,FALSE,803
"Oriolus_traillii","Passeriformes","Oriolidae","Oriolus","Oriolus traillii",1,FALSE,0,NA,NA,"NotNew",NA,NA,FALSE,804
"Erpornis_zantholeuca","Passeriformes","Vireonidae","Erpornis","Erpornis zantholeuca",1,FALSE,1,"Erpornis zantholeuca","白腹凤鹛","LC","Passeriformes",FALSE,TRUE,805
"Pteruthius_intermedius","Passeriformes","Vireonidae","Pteruthius","Pteruthius intermedius",1,FALSE,0,NA,NA,"NotNew",NA,NA,FALSE,806
"Pteruthius_melanotis","Passeriformes","Vireonidae","Pteruthius","Pteruthius melanotis",1,FALSE,0,NA,NA,"NotNew",NA,NA,FALSE,807
"Pteruthius_xanthochlorus","Passeriformes","Vireonidae","Pteruthius","Pteruthius xanthochlorus",1,FALSE,1,"Pteruthius xanthochlorus","淡绿鵙鹛","LC","Passeriformes",FALSE,TRUE,808
"Pteruthius_aeralatus","Passeriformes","Vireonidae","Pteruthius","Pteruthius aeralatus",1,FALSE,0,NA,NA,"NotNew",NA,NA,FALSE,809
"Pteruthius_rufiventer","Passeriformes","Vireonidae","Pteruthius","Pteruthius rufiventer",1,FALSE,1,"Pteruthius rufiventer","棕腹鵙鹛","LC","Passeriformes",FALSE,TRUE,810
"Aegithina_lafresnayei","Passeriformes","Aegithinidae","Aegithina","Aegithina lafresnayei",1,FALSE,0,NA,NA,"NotNew",NA,NA,FALSE,811
"Aegithina_tiphia","Passeriformes","Aegithinidae","Aegithina","Aegithina tiphia",1,FALSE,0,NA,NA,"NotNew",NA,NA,FALSE,812
"Tephrodornis_virgatus","Passeriformes","Vangidae","Tephrodornis","Tephrodornis virgatus",1,FALSE,1,"Tephrodornis virgatus","钩嘴林鵙","LC","Passeriformes",FALSE,TRUE,813
"Hemipus_picatus","Passeriformes","Vangidae","Hemipus","Hemipus picatus",1,FALSE,0,NA,NA,"NotNew",NA,NA,FALSE,814
"Artamus_fuscus","Passeriformes","Artamidae","Artamus","Artamus fuscus",1,FALSE,1,"Artamus fuscus","灰燕鵙","LC","Passeriformes",FALSE,TRUE,815
"Coracina_macei","Passeriformes","Campephagidae","Coracina","Coracina macei",1,FALSE,1,"Coracina macei","大鹃鵙","LC","Passeriformes",FALSE,TRUE,816
"Lalage_melaschistos","Passeriformes","Campephagidae","Lalage","Lalage melaschistos",1,FALSE,1,"Lalage melaschistos","暗灰鹃鵙","LC","Passeriformes",FALSE,TRUE,817
"Lalage_nigra","Passeriformes","Campephagidae","Lalage","Lalage nigra",1,FALSE,0,NA,NA,"NotNew",NA,NA,FALSE,818
"Pericrocotus_divaricatus","Passeriformes","Campephagidae","Pericrocotus","Pericrocotus divaricatus",1,FALSE,1,"Pericrocotus divaricatus","灰山椒鸟","LC","Passeriformes",FALSE,TRUE,819
"Pericrocotus_roseus","Passeriformes","Campephagidae","Pericrocotus","Pericrocotus roseus",1,FALSE,0,NA,NA,"NotNew",NA,NA,FALSE,820
"Pericrocotus_cantonensis","Passeriformes","Campephagidae","Pericrocotus","Pericrocotus cantonensis",1,FALSE,1,"Pericrocotus cantonensis","小灰山椒鸟","LC","Passeriformes",FALSE,TRUE,821
"Pericrocotus_tegimae","Passeriformes","Campephagidae","Pericrocotus","Pericrocotus tegimae",1,FALSE,0,NA,NA,"NotNew",NA,NA,FALSE,822
"Pericrocotus_speciosus","Passeriformes","Campephagidae","Pericrocotus","Pericrocotus speciosus",1,FALSE,0,NA,NA,"NotNew",NA,NA,FALSE,823
"Pericrocotus_brevirostris","Passeriformes","Campephagidae","Pericrocotus","Pericrocotus brevirostris",1,FALSE,0,NA,NA,"NotNew",NA,NA,FALSE,824
"Pericrocotus_ethologus","Passeriformes","Campephagidae","Pericrocotus","Pericrocotus ethologus",1,FALSE,1,"Pericrocotus ethologus","长尾山椒鸟","LC","Passeriformes",FALSE,TRUE,825
"Pericrocotus_solaris","Passeriformes","Campephagidae","Pericrocotus","Pericrocotus solaris",1,FALSE,1,"Pericrocotus solaris","灰喉山椒鸟","LC","Passeriformes",FALSE,TRUE,826
"Pitta_sordida","Passeriformes","Pittidae","Pitta","Pitta sordida",1,FALSE,1,"Pitta sordida","绿胸八色鸫","LC","Passeriformes",FALSE,TRUE,827
"Pitta_nympha","Passeriformes","Pittidae","Pitta","Pitta nympha",1,FALSE,1,"Pitta nympha","仙八色鸫","VU","Passeriformes",FALSE,TRUE,828
"Pitta_moluccensis","Passeriformes","Pittidae","Pitta","Pitta moluccensis",1,FALSE,1,"Pitta moluccensis","蓝翅八色鸫","LC","Passeriformes",FALSE,TRUE,829
"Hydrornis_nipalensis","Passeriformes","Pittidae","Hydrornis","Hydrornis nipalensis",1,FALSE,0,NA,NA,"NotNew",NA,NA,FALSE,830
"Hydrornis_soror","Passeriformes","Pittidae","Hydrornis","Hydrornis soror",1,FALSE,0,NA,NA,"NotNew",NA,NA,FALSE,831
"Hydrornis_oatesi","Passeriformes","Pittidae","Hydrornis","Hydrornis oatesi",1,FALSE,0,NA,NA,"NotNew",NA,NA,FALSE,832
"Hydrornis_cyaneus","Passeriformes","Pittidae","Hydrornis","Hydrornis cyaneus",1,FALSE,0,NA,NA,"NotNew",NA,NA,FALSE,833
"Hydrornis_phayrei","Passeriformes","Pittidae","Hydrornis","Hydrornis phayrei",1,FALSE,0,NA,NA,"NotNew",NA,NA,FALSE,834
"Serilophus_lunatus","Passeriformes","Eurylaimidae","Serilophus","Serilophus lunatus",1,FALSE,0,NA,NA,"NotNew",NA,NA,FALSE,835
"Psarisomus_dalhousiae","Passeriformes","Eurylaimidae","Psarisomus","Psarisomus dalhousiae",1,FALSE,1,"Psarisomus dalhousiae","长尾阔嘴鸟","LC","Passeriformes",FALSE,TRUE,836
"Loriculus_vernalis","Psittaciformes","Psittacidae","Loriculus","Loriculus vernalis",1,FALSE,0,NA,NA,"NotNew",NA,NA,FALSE,837
"Psittacula_alexandri","Psittaciformes","Psittacidae","Psittacula","Psittacula alexandri",1,FALSE,0,NA,NA,"NotNew",NA,NA,FALSE,838
"Psittacula_derbiana","Psittaciformes","Psittacidae","Psittacula","Psittacula derbiana",1,FALSE,0,NA,NA,"NotNew",NA,NA,FALSE,839
"Psittacula_krameri","Psittaciformes","Psittacidae","Psittacula","Psittacula krameri",1,FALSE,0,NA,NA,"NotNew",NA,NA,FALSE,840
"Psittacula_eupatria","Psittaciformes","Psittacidae","Psittacula","Psittacula eupatria",1,FALSE,0,NA,NA,"NotNew",NA,NA,FALSE,841
"Psittacula_finschii","Psittaciformes","Psittacidae","Psittacula","Psittacula finschii",1,FALSE,0,NA,NA,"NotNew",NA,NA,FALSE,842
"Psittacula_himalayana","Psittaciformes","Psittacidae","Psittacula","Psittacula himalayana",1,FALSE,0,NA,NA,"NotNew",NA,NA,FALSE,843
"Psittacula_roseata","Psittaciformes","Psittacidae","Psittacula","Psittacula roseata",1,FALSE,0,NA,NA,"NotNew",NA,NA,FALSE,844
"Psittinus_cyanurus","Psittaciformes","Psittacidae","Psittinus","Psittinus cyanurus",1,FALSE,0,NA,NA,"NotNew",NA,NA,FALSE,845
"Falco_cherrug","Falconiformes","Falconidae","Falco","Falco cherrug",1,FALSE,1,"Falco cherrug","猎隼","EN","Falconiformes",FALSE,TRUE,846
"Falco_rusticolus","Falconiformes","Falconidae","Falco","Falco rusticolus",1,FALSE,0,NA,NA,"NotNew",NA,NA,FALSE,847
"Falco_peregrinus","Falconiformes","Falconidae","Falco","Falco peregrinus",1,FALSE,0,NA,NA,"NotNew",NA,NA,FALSE,848
"Falco_subbuteo","Falconiformes","Falconidae","Falco","Falco subbuteo",1,FALSE,0,NA,NA,"NotNew",NA,NA,FALSE,849
"Falco_severus","Falconiformes","Falconidae","Falco","Falco severus",1,FALSE,0,NA,NA,"NotNew",NA,NA,FALSE,850
"Falco_columbarius","Falconiformes","Falconidae","Falco","Falco columbarius",1,FALSE,0,NA,NA,"NotNew",NA,NA,FALSE,851
"Falco_amurensis","Falconiformes","Falconidae","Falco","Falco amurensis",1,FALSE,0,NA,NA,"NotNew",NA,NA,FALSE,852
"Falco_vespertinus","Falconiformes","Falconidae","Falco","Falco vespertinus",1,FALSE,0,NA,NA,"NotNew",NA,NA,FALSE,853
"Falco_tinnunculus","Falconiformes","Falconidae","Falco","Falco tinnunculus",1,FALSE,0,NA,NA,"NotNew",NA,NA,FALSE,854
"Falco_naumanni","Falconiformes","Falconidae","Falco","Falco naumanni",1,FALSE,0,NA,NA,"NotNew",NA,NA,FALSE,855
"Microhierax_caerulescens","Falconiformes","Falconidae","Microhierax","Microhierax caerulescens",1,FALSE,0,NA,NA,"NotNew",NA,NA,FALSE,856
"Microhierax_melanoleucos","Falconiformes","Falconidae","Microhierax","Microhierax melanoleucos",1,FALSE,0,NA,NA,"NotNew",NA,NA,FALSE,857
"Buteo_hemilasius","Accipitriformes","Accipitridae","Buteo","Buteo hemilasius",1,FALSE,0,NA,NA,"NotNew",NA,NA,FALSE,858
"Buteo_rufinus","Accipitriformes","Accipitridae","Buteo","Buteo rufinus",1,FALSE,0,NA,NA,"NotNew",NA,NA,FALSE,859
"Buteo_japonicus","Accipitriformes","Accipitridae","Buteo","Buteo japonicus",1,FALSE,0,NA,NA,"NotNew",NA,NA,FALSE,860
"Buteo_refectus","Accipitriformes","Accipitridae","Buteo","Buteo refectus",1,FALSE,0,NA,NA,"NotNew",NA,NA,FALSE,861
"Buteo_buteo","Accipitriformes","Accipitridae","Buteo","Buteo buteo",1,FALSE,0,NA,NA,"NotNew",NA,NA,FALSE,862
"Buteo_lagopus","Accipitriformes","Accipitridae","Buteo","Buteo lagopus",1,FALSE,0,NA,NA,"NotNew",NA,NA,FALSE,863
"Butastur_indicus","Accipitriformes","Accipitridae","Butastur","Butastur indicus",1,FALSE,1,"Butastur indicus","灰脸鵟鹰","LC","Accipitriformes",FALSE,TRUE,864
"Butastur_teesa","Accipitriformes","Accipitridae","Butastur","Butastur teesa",1,FALSE,0,NA,NA,"NotNew",NA,NA,FALSE,865
"Butastur_liventer","Accipitriformes","Accipitridae","Butastur","Butastur liventer",1,FALSE,0,NA,NA,"NotNew",NA,NA,FALSE,866
"Icthyophaga_humilis","Accipitriformes","Accipitridae","Haliaeetus","Haliaeetus humilis",1,TRUE,0,NA,NA,"NotNew",NA,NA,FALSE,867
"Icthyophaga_leucogaster","Accipitriformes","Accipitridae","Haliaeetus","Haliaeetus leucogaster",1,TRUE,0,NA,NA,"NotNew",NA,NA,FALSE,868
"Haliaeetus_albicilla","Accipitriformes","Accipitridae","Haliaeetus","Haliaeetus albicilla",1,FALSE,0,NA,NA,"NotNew",NA,NA,FALSE,869
"Haliaeetus_leucoryphus","Accipitriformes","Accipitridae","Haliaeetus","Haliaeetus leucoryphus",1,FALSE,1,"Haliaeetus leucoryphus","玉带海雕","EN","Accipitriformes",FALSE,TRUE,870
"Haliaeetus_pelagicus","Accipitriformes","Accipitridae","Haliaeetus","Haliaeetus pelagicus",1,FALSE,1,"Haliaeetus pelagicus","虎头海雕","VU","Accipitriformes",FALSE,TRUE,871
"Haliastur_indus","Accipitriformes","Accipitridae","Haliastur","Haliastur indus",1,FALSE,1,"Haliastur indus","栗鸢","LC","Accipitriformes",FALSE,TRUE,872
"Milvus_migrans","Accipitriformes","Accipitridae","Milvus","Milvus migrans",1,FALSE,0,NA,NA,"NotNew",NA,NA,FALSE,873
"Circus_spilonotus","Accipitriformes","Accipitridae","Circus","Circus spilonotus",1,FALSE,1,"Circus spilonotus","白腹鹞","LC","Accipitriformes",FALSE,TRUE,874
"Circus_aeruginosus","Accipitriformes","Accipitridae","Circus","Circus aeruginosus",1,FALSE,1,"Circus aeruginosus","白头鹞","LC","Accipitriformes",FALSE,TRUE,875
"Circus_melanoleucos","Accipitriformes","Accipitridae","Circus","Circus melanoleucos",1,FALSE,0,NA,NA,"NotNew",NA,NA,FALSE,876
"Circus_pygargus","Accipitriformes","Accipitridae","Circus","Circus pygargus",1,FALSE,0,NA,NA,"NotNew",NA,NA,FALSE,877
"Circus_cyaneus","Accipitriformes","Accipitridae","Circus","Circus cyaneus",1,FALSE,0,NA,NA,"NotNew",NA,NA,FALSE,878
"Circus_macrourus","Accipitriformes","Accipitridae","Circus","Circus macrourus",1,FALSE,1,"Circus macrourus","草原鹞","NT","Accipitriformes",FALSE,TRUE,879
"Accipiter_gentilis","Accipitriformes","Accipitridae","Accipiter","Accipiter gentilis",1,FALSE,0,NA,NA,"NotNew",NA,NA,FALSE,880
"Accipiter_nisus","Accipitriformes","Accipitridae","Accipiter","Accipiter nisus",1,FALSE,0,NA,NA,"NotNew",NA,NA,FALSE,881
"Accipiter_soloensis","Accipitriformes","Accipitridae","Accipiter","Accipiter soloensis",1,FALSE,1,"Accipiter soloensis","赤腹鹰","LC","Accipitriformes",FALSE,TRUE,882
"Accipiter_badius","Accipitriformes","Accipitridae","Accipiter","Accipiter badius",1,FALSE,1,"Accipiter badius","褐耳鹰","LC","Accipitriformes",FALSE,TRUE,883
"Accipiter_gularis","Accipitriformes","Accipitridae","Accipiter","Accipiter gularis",1,FALSE,1,"Accipiter gularis","日本松雀鹰","LC","Accipitriformes",FALSE,TRUE,884
"Accipiter_virgatus","Accipitriformes","Accipitridae","Accipiter","Accipiter virgatus",1,FALSE,1,"Accipiter virgatus","松雀鹰","LC","Accipitriformes",FALSE,TRUE,885
"Accipiter_trivirgatus","Accipitriformes","Accipitridae","Accipiter","Accipiter trivirgatus",1,FALSE,1,"Accipiter trivirgatus","凤头鹰","LC","Accipitriformes",FALSE,TRUE,886
"Aquila_fasciata","Accipitriformes","Accipitridae","Aquila","Aquila fasciata",1,FALSE,1,"Aquila fasciata","白腹隼雕","LC","Accipitriformes",FALSE,TRUE,887
"Aquila_chrysaetos","Accipitriformes","Accipitridae","Aquila","Aquila chrysaetos",1,FALSE,0,NA,NA,"NotNew",NA,NA,FALSE,888
"Aquila_heliaca","Accipitriformes","Accipitridae","Aquila","Aquila heliaca",1,FALSE,1,"Aquila heliaca","白肩雕","VU","Accipitriformes",FALSE,TRUE,889
"Aquila_nipalensis","Accipitriformes","Accipitridae","Aquila","Aquila nipalensis",1,FALSE,0,NA,NA,"NotNew",NA,NA,FALSE,890
"Hieraaetus_pennatus","Accipitriformes","Accipitridae","Hieraaetus","Hieraaetus pennatus",1,FALSE,1,"Hieraaetus pennatus","靴隼雕","LC","Accipitriformes",FALSE,TRUE,891
"Clanga_clanga","Accipitriformes","Accipitridae","Clanga","Clanga clanga",1,FALSE,1,"Clanga clanga","乌雕","VU","Accipitriformes",FALSE,TRUE,892
"Ictinaetus_malaiensis","Accipitriformes","Accipitridae","Ictinaetus","Ictinaetus malaiensis",1,FALSE,1,"Ictinaetus malaiensis","林雕","LC","Accipitriformes",FALSE,TRUE,893
"Lophotriorchis_kienerii","Accipitriformes","Accipitridae","Lophotriorchis","Lophotriorchis kienerii",1,FALSE,1,"Lophotriorchis kienerii","棕腹隼雕","NT","Accipitriformes",FALSE,TRUE,894
"Nisaetus_nipalensis","Accipitriformes","Accipitridae","Nisaetus","Nisaetus nipalensis",1,FALSE,1,"Nisaetus nipalensis","鹰雕","EN","Accipitriformes",FALSE,TRUE,895
"Nisaetus_cirrhatus","Accipitriformes","Accipitridae","Nisaetus","Nisaetus cirrhatus",1,FALSE,0,NA,NA,"NotNew",NA,NA,FALSE,896
"Circaetus_gallicus","Accipitriformes","Accipitridae","Circaetus","Circaetus gallicus",1,FALSE,1,"Circaetus gallicus","短趾雕","LC","Accipitriformes",FALSE,TRUE,897
"Spilornis_cheela","Accipitriformes","Accipitridae","Spilornis","Spilornis cheela",1,FALSE,1,"Spilornis cheela","蛇雕","LC","Accipitriformes",FALSE,TRUE,898
"Gyps_fulvus","Accipitriformes","Accipitridae","Gyps","Gyps fulvus",1,FALSE,0,NA,NA,"NotNew",NA,NA,FALSE,899
"Gyps_tenuirostris","Accipitriformes","Accipitridae","Gyps","Gyps tenuirostris",1,FALSE,1,"Gyps tenuirostris","细嘴兀鹫","CR","Accipitriformes",FALSE,TRUE,900
"Gyps_bengalensis","Accipitriformes","Accipitridae","Gyps","Gyps bengalensis",1,FALSE,0,NA,NA,"NotNew",NA,NA,FALSE,901
"Gyps_himalayensis","Accipitriformes","Accipitridae","Gyps","Gyps himalayensis",1,FALSE,1,"Gyps himalayensis","高山兀鹫","NT","Accipitriformes",FALSE,TRUE,902
"Aegypius_monachus","Accipitriformes","Accipitridae","Aegypius","Aegypius monachus",1,FALSE,0,NA,NA,"NotNew",NA,NA,FALSE,903
"Sarcogyps_calvus","Accipitriformes","Accipitridae","Sarcogyps","Sarcogyps calvus",1,FALSE,0,NA,NA,"NotNew",NA,NA,FALSE,904
"Pernis_ptilorhynchus","Accipitriformes","Accipitridae","Pernis","Pernis ptilorhynchus",1,FALSE,1,"Pernis ptilorhynchus","凤头蜂鹰","LC","Accipitriformes",FALSE,TRUE,905
"Pernis_apivorus","Accipitriformes","Accipitridae","Pernis","Pernis apivorus",1,FALSE,0,NA,NA,"NotNew",NA,NA,FALSE,906
"Aviceda_leuphotes","Accipitriformes","Accipitridae","Aviceda","Aviceda leuphotes",1,FALSE,1,"Aviceda leuphotes","黑冠鹃隼","LC","Accipitriformes",FALSE,TRUE,907
"Aviceda_jerdoni","Accipitriformes","Accipitridae","Aviceda","Aviceda jerdoni",1,FALSE,1,"Aviceda jerdoni","褐冠鹃隼","LC","Accipitriformes",FALSE,TRUE,908
"Gypaetus_barbatus","Accipitriformes","Accipitridae","Gypaetus","Gypaetus barbatus",1,FALSE,1,"Gypaetus barbatus","胡兀鹫","NT","Accipitriformes",FALSE,TRUE,909
"Neophron_percnopterus","Accipitriformes","Accipitridae","Neophron","Neophron percnopterus",1,FALSE,0,NA,NA,"NotNew",NA,NA,FALSE,910
"Elanus_caeruleus","Accipitriformes","Accipitridae","Elanus","Elanus caeruleus",1,FALSE,1,"Elanus caeruleus","黑翅鸢","LC","Accipitriformes",FALSE,TRUE,911
"Pandion_haliaetus","Accipitriformes","Pandionidae","Pandion","Pandion haliaetus",1,FALSE,0,NA,NA,"NotNew",NA,NA,FALSE,912
"Glaucidium_passerinum","Strigiformes","Strigidae","Glaucidium","Glaucidium passerinum",1,FALSE,0,NA,NA,"NotNew",NA,NA,FALSE,913
"Glaucidium_cuculoides","Strigiformes","Strigidae","Glaucidium","Glaucidium cuculoides",1,FALSE,1,"Glaucidium cuculoides","斑头鸺鹠","LC","Strigiformes",FALSE,TRUE,914
"Surnia_ulula","Strigiformes","Strigidae","Surnia","Surnia ulula",1,FALSE,0,NA,NA,"NotNew",NA,NA,FALSE,915
"Athene_brama","Strigiformes","Strigidae","Athene","Athene brama",1,FALSE,0,NA,NA,"NotNew",NA,NA,FALSE,916
"Athene_noctua","Strigiformes","Strigidae","Athene","Athene noctua",1,FALSE,1,"Athene noctua","纵纹腹小鸮","LC","Strigiformes",FALSE,TRUE,917
"Aegolius_funereus","Strigiformes","Strigidae","Aegolius","Aegolius funereus",1,FALSE,0,NA,NA,"NotNew",NA,NA,FALSE,918
"Ninox_scutulata","Strigiformes","Strigidae","Ninox","Ninox scutulata",1,FALSE,0,NA,NA,"NotNew",NA,NA,FALSE,919
"Ninox_japonica","Strigiformes","Strigidae","Ninox","Ninox japonica",1,FALSE,1,"Ninox japonica","日本鹰鸮","LC","Strigiformes",FALSE,TRUE,920
"Otus_elegans","Strigiformes","Strigidae","Otus","Otus elegans",1,FALSE,0,NA,NA,"NotNew",NA,NA,FALSE,921
"Otus_scops","Strigiformes","Strigidae","Otus","Otus scops",1,FALSE,0,NA,NA,"NotNew",NA,NA,FALSE,922
"Otus_brucei","Strigiformes","Strigidae","Otus","Otus brucei",1,FALSE,0,NA,NA,"NotNew",NA,NA,FALSE,923
"Otus_lettia","Strigiformes","Strigidae","Otus","Otus lettia",1,FALSE,1,"Otus lettia","领角鸮","LC","Strigiformes",FALSE,TRUE,924
"Otus_semitorques","Procellariiformes","Strigidae","Otus","Otus semitorques",1,FALSE,1,"Otus semitorques","日本领角鸮","LC","Procellariiformes",FALSE,TRUE,925
"Otus_spilocephalus","Strigiformes","Strigidae","Otus","Otus spilocephalus",1,FALSE,1,"Otus spilocephalus","黄嘴角鸮","LC","Strigiformes",FALSE,TRUE,926
"Otus_sunia","Strigiformes","Strigidae","Otus","Otus sunia",1,FALSE,0,NA,NA,"NotNew",NA,NA,FALSE,927
"Strix_nivicolum","Strigiformes","Strigidae","Strix","Strix nivicolum",1,FALSE,0,NA,NA,"NotNew",NA,NA,FALSE,928
"Strix_uralensis","Strigiformes","Strigidae","Strix","Strix uralensis",1,FALSE,0,NA,NA,"NotNew",NA,NA,FALSE,929
"Strix_leptogrammica","Strigiformes","Strigidae","Strix","Strix leptogrammica",1,FALSE,0,NA,NA,"NotNew",NA,NA,FALSE,930
"Strix_nebulosa","Strigiformes","Strigidae","Strix","Strix nebulosa",1,FALSE,0,NA,NA,"NotNew",NA,NA,FALSE,931
"Ketupa_flavipes","Strigiformes","Strigidae","Ketupa","Ketupa flavipes",1,FALSE,1,"Ketupa flavipes","黄腿渔鸮","LC","Strigiformes",FALSE,TRUE,932
"Ketupa_zeylonensis","Strigiformes","Strigidae","Ketupa","Ketupa zeylonensis",1,FALSE,0,NA,NA,"NotNew",NA,NA,FALSE,933
"Ketupa_nipalensis","Strigiformes","Strigidae","Bubo","Bubo nipalensis",1,TRUE,1,"Bubo nipalensis","林雕鸮","LC","Strigiformes",TRUE,TRUE,934
"Bubo_bubo","Strigiformes","Strigidae","Bubo","Bubo bubo",1,FALSE,0,NA,NA,"NotNew",NA,NA,FALSE,935
"Bubo_scandiacus","Strigiformes","Strigidae","Bubo","Bubo scandiacus",1,FALSE,0,NA,NA,"NotNew",NA,NA,FALSE,936
"Asio_otus","Strigiformes","Strigidae","Asio","Asio otus",1,FALSE,0,NA,NA,"NotNew",NA,NA,FALSE,937
"Asio_flammeus","Strigiformes","Strigidae","Asio","Asio flammeus",1,FALSE,1,"Asio flammeus","短耳鸮","LC","Strigiformes",FALSE,TRUE,938
"Tyto_longimembris","Strigiformes","Tytonidae","Tyto","Tyto longimembris",1,FALSE,1,"Tyto longimembris","草鸮","LC","Strigiformes",FALSE,TRUE,939
"Phodilus_badius","Strigiformes","Tytonidae","Phodilus","Phodilus badius",1,FALSE,0,NA,NA,"NotNew",NA,NA,FALSE,940
"Dryobates_cathpharius","Piciformes","Picidae","Dryobates","Dryobates cathpharius",1,FALSE,0,NA,NA,"NotNew",NA,NA,FALSE,941
"Dryobates_minor","Piciformes","Picidae","Dryobates","Dryobates minor",1,FALSE,0,NA,NA,"NotNew",NA,NA,FALSE,942
"Dendrocopos_leucopterus","Piciformes","Picidae","Dendrocopos","Dendrocopos leucopterus",1,FALSE,0,NA,NA,"NotNew",NA,NA,FALSE,943
"Dendrocopos_major","Piciformes","Picidae","Dendrocopos","Dendrocopos major",1,FALSE,0,NA,NA,"NotNew",NA,NA,FALSE,944
"Dendrocopos_darjellensis","Piciformes","Picidae","Dendrocopos","Dendrocopos darjellensis",1,FALSE,0,NA,NA,"NotNew",NA,NA,FALSE,945
"Dendrocopos_leucotos","Piciformes","Picidae","Dendrocopos","Dendrocopos leucotos",1,FALSE,0,NA,NA,"NotNew",NA,NA,FALSE,946
"Dendrocopos_macei","Piciformes","Picidae","Dendrocopos","Dendrocopos macei",1,FALSE,0,NA,NA,"NotNew",NA,NA,FALSE,947
"Dendrocopos_atratus","Piciformes","Picidae","Dendrocopos","Dendrocopos atratus",1,FALSE,0,NA,NA,"NotNew",NA,NA,FALSE,948
"Dendrocopos_hyperythrus","Piciformes","Picidae","Dendrocopos","Dendrocopos hyperythrus",1,FALSE,1,"Dendrocopos hyperythrus","棕腹啄木鸟","LC","Piciformes",FALSE,TRUE,949
"Dendrocoptes_auriceps","Piciformes","Picidae","Leiopicus","Leiopicus auriceps",1,TRUE,0,NA,NA,"NotNew",NA,NA,FALSE,950
"Picoides_tridactylus","Piciformes","Picidae","Picoides","Picoides tridactylus",1,FALSE,0,NA,NA,"NotNew",NA,NA,FALSE,951
"Chrysocolaptes_guttacristatus","Piciformes","Picidae","Chrysocolaptes","Chrysocolaptes guttacristatus",1,FALSE,0,NA,NA,"NotNew",NA,NA,FALSE,952
"Blythipicus_pyrrhotis","Piciformes","Picidae","Blythipicus","Blythipicus pyrrhotis",1,FALSE,0,NA,NA,"NotNew",NA,NA,FALSE,953
"Chrysophlegma_flavinucha","Piciformes","Picidae","Chrysophlegma","Chrysophlegma flavinucha",1,FALSE,0,NA,NA,"NotNew",NA,NA,FALSE,954
"Picus_canus","Piciformes","Picidae","Picus","Picus canus",1,FALSE,0,NA,NA,"NotNew",NA,NA,FALSE,955
"Picus_vittatus","Piciformes","Picidae","Picus","Picus vittatus",1,FALSE,0,NA,NA,"NotNew",NA,NA,FALSE,956
"Picus_rabieri","Piciformes","Picidae","Picus","Picus rabieri",1,FALSE,0,NA,NA,"NotNew",NA,NA,FALSE,957
"Picus_squamatus","Piciformes","Picidae","Picus","Picus squamatus",1,FALSE,0,NA,NA,"NotNew",NA,NA,FALSE,958
"Picus_xanthopygaeus","Piciformes","Picidae","Picus","Picus xanthopygaeus",1,FALSE,0,NA,NA,"NotNew",NA,NA,FALSE,959
"Picus_chlorolophus","Piciformes","Picidae","Picus","Picus chlorolophus",1,FALSE,1,"Picus chlorolophus","黄冠啄木鸟","LC","Piciformes",FALSE,TRUE,960
"Dryocopus_javensis","Piciformes","Picidae","Dryocopus","Dryocopus javensis",1,FALSE,0,NA,NA,"NotNew",NA,NA,FALSE,961
"Dryocopus_martius","Piciformes","Picidae","Dryocopus","Dryocopus martius",1,FALSE,0,NA,NA,"NotNew",NA,NA,FALSE,962
"Mulleripicus_pulverulentus","Piciformes","Picidae","Mulleripicus","Mulleripicus pulverulentus",1,FALSE,0,NA,NA,"NotNew",NA,NA,FALSE,963
"Dinopium_javanense","Piciformes","Picidae","Dinopium","Dinopium javanense",1,FALSE,0,NA,NA,"NotNew",NA,NA,FALSE,964
"Dinopium_shorii","Piciformes","Picidae","Dinopium","Dinopium shorii",1,FALSE,0,NA,NA,"NotNew",NA,NA,FALSE,965
"Dinopium_benghalense","Piciformes","Picidae","Dinopium","Dinopium benghalense",1,FALSE,0,NA,NA,"NotNew",NA,NA,FALSE,966
"Gecinulus_grantia","Piciformes","Picidae","Gecinulus","Gecinulus grantia",1,FALSE,0,NA,NA,"NotNew",NA,NA,FALSE,967
"Micropternus_brachyurus","Piciformes","Picidae","Micropternus","Micropternus brachyurus",1,FALSE,0,NA,NA,"NotNew",NA,NA,FALSE,968
"Sasia_ochracea","Piciformes","Picidae","Sasia","Sasia ochracea",1,FALSE,1,"Sasia ochracea","白眉棕啄木鸟","LC","Piciformes",FALSE,TRUE,969
"Picumnus_innominatus","Piciformes","Picidae","Picumnus","Picumnus innominatus",1,FALSE,1,"Picumnus innominatus","斑姬啄木鸟","LC","Piciformes",FALSE,TRUE,970
"Jynx_torquilla","Piciformes","Picidae","Jynx","Jynx torquilla",1,FALSE,0,NA,NA,"NotNew",NA,NA,FALSE,971
"Indicator_xanthonotus","Piciformes","Indicatoridae","Indicator","Indicator xanthonotus",1,FALSE,1,"Indicator xanthonotus","黄腰响蜜鴷","LC","Piciformes",FALSE,TRUE,972
"Psilopogon_asiaticus","Piciformes","Megalaimidae","Psilopogon","Psilopogon asiaticus",1,FALSE,0,NA,NA,"NotNew",NA,NA,FALSE,973
"Psilopogon_faber","Piciformes","Megalaimidae","Psilopogon","Psilopogon faber",1,FALSE,1,"Psilopogon faber","黑眉拟啄木鸟","LC","Piciformes",FALSE,TRUE,974
"Psilopogon_nuchalis","Piciformes","Megalaimidae","Psilopogon","Psilopogon nuchalis",1,FALSE,0,NA,NA,"NotNew",NA,NA,FALSE,975
"Psilopogon_lineatus","Piciformes","Megalaimidae","Psilopogon","Psilopogon lineatus",1,FALSE,0,NA,NA,"NotNew",NA,NA,FALSE,976
"Psilopogon_franklinii","Piciformes","Megalaimidae","Psilopogon","Psilopogon franklinii",1,FALSE,0,NA,NA,"NotNew",NA,NA,FALSE,977
"Psilopogon_faiostrictus","Piciformes","Megalaimidae","Psilopogon","Psilopogon faiostrictus",1,FALSE,1,"Psilopogon faiostrictus","黄纹拟啄木鸟","LC","Piciformes",FALSE,TRUE,978
"Psilopogon_virens","Piciformes","Megalaimidae","Psilopogon","Psilopogon virens",1,FALSE,1,"Psilopogon virens","大拟啄木鸟","LC","Piciformes",FALSE,TRUE,979
"Psilopogon_duvaucelii","Piciformes","Megalaimidae","Psilopogon","Psilopogon duvaucelii",1,FALSE,0,NA,NA,"NotNew",NA,NA,FALSE,980
"Psilopogon_haemacephalus","Piciformes","Megalaimidae","Psilopogon","Psilopogon haemacephalus",1,FALSE,0,NA,NA,"NotNew",NA,NA,FALSE,981
"Todiramphus_chloris","Coraciiformes","Alcedinidae","Todiramphus","Todiramphus chloris",1,FALSE,1,"Todiramphus chloris","白领翡翠","LC","Coraciiformes",FALSE,TRUE,982
"Halcyon_smyrnensis","Coraciiformes","Alcedinidae","Halcyon","Halcyon smyrnensis",1,FALSE,1,"Halcyon smyrnensis","白胸翡翠","LC","Coraciiformes",FALSE,TRUE,983
"Halcyon_pileata","Coraciiformes","Alcedinidae","Halcyon","Halcyon pileata",1,FALSE,0,NA,NA,"NotNew",NA,NA,FALSE,984
"Halcyon_coromanda","Coraciiformes","Alcedinidae","Halcyon","Halcyon coromanda",1,FALSE,1,"Halcyon coromanda","赤翡翠","LC","Coraciiformes",FALSE,TRUE,985
"Pelargopsis_capensis","Coraciiformes","Alcedinidae","Pelargopsis","Pelargopsis capensis",1,FALSE,0,NA,NA,"NotNew",NA,NA,FALSE,986
"Ceryle_rudis","Coraciiformes","Alcedinidae","Ceryle","Ceryle rudis",1,FALSE,1,"Ceryle rudis","斑鱼狗","LC","Coraciiformes",FALSE,TRUE,987
"Megaceryle_lugubris","Coraciiformes","Alcedinidae","Megaceryle","Megaceryle lugubris",1,FALSE,1,"Megaceryle lugubris","冠鱼狗","LC","Coraciiformes",FALSE,TRUE,988
"Ceyx_erithaca","Coraciiformes","Alcedinidae","Ceyx","Ceyx erithaca",1,FALSE,0,NA,NA,"NotNew",NA,NA,FALSE,989
"Alcedo_atthis","Coraciiformes","Alcedinidae","Alcedo","Alcedo atthis",1,FALSE,0,NA,NA,"NotNew",NA,NA,FALSE,990
"Alcedo_hercules","Coraciiformes","Alcedinidae","Alcedo","Alcedo hercules",1,FALSE,1,"Alcedo hercules","斑头大翠鸟","NT","Coraciiformes",FALSE,TRUE,991
"Alcedo_meninting","Coraciiformes","Alcedinidae","Alcedo","Alcedo meninting",1,FALSE,0,NA,NA,"NotNew",NA,NA,FALSE,992
"Merops_persicus","Coraciiformes","Meropidae","Merops","Merops persicus",1,FALSE,0,NA,NA,"NotNew",NA,NA,FALSE,993
"Merops_philippinus","Coraciiformes","Meropidae","Merops","Merops philippinus",1,FALSE,1,"Merops philippinus","栗喉蜂虎","LC","Coraciiformes",FALSE,TRUE,994
"Merops_ornatus","Coraciiformes","Meropidae","Merops","Merops ornatus",1,FALSE,0,NA,NA,"NotNew",NA,NA,FALSE,995
"Merops_apiaster","Coraciiformes","Meropidae","Merops","Merops apiaster",1,FALSE,0,NA,NA,"NotNew",NA,NA,FALSE,996
"Merops_viridis","Coraciiformes","Meropidae","Merops","Merops viridis",1,FALSE,0,NA,NA,"NotNew",NA,NA,FALSE,997
"Merops_leschenaulti","Coraciiformes","Meropidae","Merops","Merops leschenaulti",1,FALSE,0,NA,NA,"NotNew",NA,NA,FALSE,998
"Merops_orientalis","Coraciiformes","Meropidae","Merops","Merops orientalis",1,FALSE,0,NA,NA,"NotNew",NA,NA,FALSE,999
"Nyctyornis_amictus","Coraciiformes","Meropidae","Nyctyornis","Nyctyornis amictus",1,FALSE,0,NA,NA,"NotNew",NA,NA,FALSE,1000
"Nyctyornis_athertoni","Coraciiformes","Meropidae","Nyctyornis","Nyctyornis athertoni",1,FALSE,0,NA,NA,"NotNew",NA,NA,FALSE,1001
"Coracias_garrulus","Coraciiformes","Coraciidae","Coracias","Coracias garrulus",1,FALSE,1,"Coracias garrulus","蓝胸佛法僧","LC","Coraciiformes",FALSE,TRUE,1002
"Coracias_affinis","Coraciiformes","Coraciidae","Coracias","Coracias affinis",1,FALSE,0,NA,NA,"NotNew",NA,NA,FALSE,1003
"Eurystomus_orientalis","Coraciiformes","Coraciidae","Eurystomus","Eurystomus orientalis",1,FALSE,0,NA,NA,"NotNew",NA,NA,FALSE,1004
"Anthracoceros_albirostris","Bucerotiformes","Bucerotidae","Anthracoceros","Anthracoceros albirostris",1,FALSE,0,NA,NA,"NotNew",NA,NA,FALSE,1005
"Anorrhinus_austeni","Bucerotiformes","Bucerotidae","Anorrhinus","Anorrhinus austeni",1,FALSE,0,NA,NA,"NotNew",NA,NA,FALSE,1006
"Rhyticeros_undulatus","Bucerotiformes","Bucerotidae","Rhyticeros","Rhyticeros undulatus",1,FALSE,0,NA,NA,"NotNew",NA,NA,FALSE,1007
"Aceros_nipalensis","Bucerotiformes","Bucerotidae","Aceros","Aceros nipalensis",1,FALSE,0,NA,NA,"NotNew",NA,NA,FALSE,1008
"Buceros_bicornis","Bucerotiformes","Bucerotidae","Buceros","Buceros bicornis",1,FALSE,0,NA,NA,"NotNew",NA,NA,FALSE,1009
"Upupa_epops","Bucerotiformes","Upupidae","Upupa","Upupa epops",1,FALSE,0,NA,NA,"NotNew",NA,NA,FALSE,1010
"Harpactes_erythrocephalus","Trogoniformes","Trogonidae","Harpactes","Harpactes erythrocephalus",1,FALSE,0,NA,NA,"NotNew",NA,NA,FALSE,1011
"Harpactes_wardi","Trogoniformes","Trogonidae","Harpactes","Harpactes wardi",1,FALSE,1,"Harpactes wardi","红腹咬鹃","LC","Trogoniformes",FALSE,TRUE,1012
"Harpactes_oreskios","Trogoniformes","Trogonidae","Harpactes","Harpactes oreskios",1,FALSE,0,NA,NA,"NotNew",NA,NA,FALSE,1013
"Aerodramus_fuciphagus","Caprimulgiformes","Apodidae","Aerodramus","Aerodramus fuciphagus",1,FALSE,0,NA,NA,"NotNew",NA,NA,FALSE,1014
"Aerodramus_brevirostris","Caprimulgiformes","Apodidae","Aerodramus","Aerodramus brevirostris",1,FALSE,1,"Aerodramus brevirostris","短嘴金丝燕","LC","Caprimulgiformes",FALSE,TRUE,1015
"Apus_apus","Caprimulgiformes","Apodidae","Apus","Apus apus",1,FALSE,0,NA,NA,"NotNew",NA,NA,FALSE,1016
"Apus_nipalensis","Caprimulgiformes","Apodidae","Apus","Apus nipalensis",1,FALSE,0,NA,NA,"NotNew",NA,NA,FALSE,1017
"Apus_acuticauda","Caprimulgiformes","Apodidae","Apus","Apus acuticauda",1,FALSE,0,NA,NA,"NotNew",NA,NA,FALSE,1018
"Apus_cooki","Caprimulgiformes","Apodidae","Apus","Apus cooki",1,FALSE,0,NA,NA,"NotNew",NA,NA,FALSE,1019
"Apus_pacificus","Caprimulgiformes","Apodidae","Apus","Apus pacificus",1,FALSE,0,NA,NA,"NotNew",NA,NA,FALSE,1020
"Apus_salimalii","Caprimulgiformes","Apodidae","Apus","Apus salimalii",1,FALSE,0,NA,NA,"NotNew",NA,NA,FALSE,1021
"Tachymarptis_melba","Caprimulgiformes","Apodidae","Tachymarptis","Tachymarptis melba",1,FALSE,0,NA,NA,"NotNew",NA,NA,FALSE,1022
"Cypsiurus_balasiensis","Caprimulgiformes","Apodidae","Cypsiurus","Cypsiurus balasiensis",1,FALSE,0,NA,NA,"NotNew",NA,NA,FALSE,1023
"Hirundapus_celebensis","Caprimulgiformes","Apodidae","Hirundapus","Hirundapus celebensis",1,FALSE,0,NA,NA,"NotNew",NA,NA,FALSE,1024
"Hirundapus_giganteus","Caprimulgiformes","Apodidae","Hirundapus","Hirundapus giganteus",1,FALSE,0,NA,NA,"NotNew",NA,NA,FALSE,1025
"Hirundapus_cochinchinensis","Caprimulgiformes","Apodidae","Hirundapus","Hirundapus cochinchinensis",1,FALSE,0,NA,NA,"NotNew",NA,NA,FALSE,1026
"Hirundapus_caudacutus","Caprimulgiformes","Apodidae","Hirundapus","Hirundapus caudacutus",1,FALSE,1,"Hirundapus caudacutus","白喉针尾雨燕","LC","Caprimulgiformes",FALSE,TRUE,1027
"Hemiprocne_coronata","Caprimulgiformes","Hemiprocnodae","Hemiprocne","Hemiprocne coronata",1,FALSE,1,"Hemiprocne coronata","凤头雨燕","LC","Caprimulgiformes",FALSE,TRUE,1028
"Batrachostomus_hodgsoni","Caprimulgiformes","Podargidae","Batrachostomus","Batrachostomus hodgsoni",1,FALSE,0,NA,NA,"NotNew",NA,NA,FALSE,1029
"Caprimulgus_europaeus","Caprimulgiformes","Caprimulgidae","Caprimulgus","Caprimulgus europaeus",1,FALSE,0,NA,NA,"NotNew",NA,NA,FALSE,1030
"Caprimulgus_aegyptius","Caprimulgiformes","Caprimulgidae","Caprimulgus","Caprimulgus aegyptius",1,FALSE,0,NA,NA,"NotNew",NA,NA,FALSE,1031
"Caprimulgus_jotaka","Caprimulgiformes","Caprimulgidae","Caprimulgus","Caprimulgus jotaka",1,FALSE,0,NA,NA,"NotNew",NA,NA,FALSE,1032
"Caprimulgus_macrurus","Caprimulgiformes","Caprimulgidae","Caprimulgus","Caprimulgus macrurus",1,FALSE,1,"Caprimulgus macrurus","长尾夜鹰","LC","Caprimulgiformes",FALSE,TRUE,1033
"Caprimulgus_affinis","Caprimulgiformes","Caprimulgidae","Caprimulgus","Caprimulgus affinis",1,FALSE,0,NA,NA,"NotNew",NA,NA,FALSE,1034
"Lyncornis_macrotis","Caprimulgiformes","Caprimulgidae","Lyncornis","Lyncornis macrotis",1,FALSE,0,NA,NA,"NotNew",NA,NA,FALSE,1035
"Puffinus_nativitatis","Procellariiformes","Procellariidae","Puffinus","Puffinus nativitatis",1,FALSE,0,NA,NA,"NotNew",NA,NA,FALSE,1036
"Calonectris_leucomelas","Procellariiformes","Procellariidae","Calonectris","Calonectris leucomelas",1,FALSE,1,"Calonectris leucomelas","白额鹱","NT","Procellariiformes",FALSE,TRUE,1037
"Ardenna_carneipes","Procellariiformes","Procellariidae","Ardenna","Ardenna carneipes",1,FALSE,0,NA,NA,"NotNew",NA,NA,FALSE,1038
"Ardenna_grisea","Procellariiformes","Procellariidae","Ardenna","Ardenna grisea",1,FALSE,0,NA,NA,"NotNew",NA,NA,FALSE,1039
"Ardenna_tenuirostris","Procellariiformes","Procellariidae","Ardenna","Ardenna tenuirostris",1,FALSE,0,NA,NA,"NotNew",NA,NA,FALSE,1040
"Ardenna_pacifica","Procellariiformes","Procellariidae","Ardenna","Ardenna pacifica",1,FALSE,1,"Ardenna pacifica","楔尾鹱","LC","Procellariiformes",FALSE,TRUE,1041
"Pseudobulweria_rostrata","Procellariiformes","Procellariidae","Pseudobulweria","Pseudobulweria rostrata",1,FALSE,0,NA,NA,"NotNew",NA,NA,FALSE,1042
"Bulweria_bulwerii","Procellariiformes","Procellariidae","Bulweria","Bulweria bulwerii",1,FALSE,0,NA,NA,"NotNew",NA,NA,FALSE,1043
"Pterodroma_heraldica","Procellariiformes","Procellariidae","Pterodroma","Pterodroma heraldica",1,FALSE,0,NA,NA,"NotNew",NA,NA,FALSE,1044
"Pterodroma_solandri","Procellariiformes","Procellariidae","Pterodroma","Pterodroma solandri",1,FALSE,0,NA,NA,"NotNew",NA,NA,FALSE,1045
"Pterodroma_hypoleuca","Procellariiformes","Procellariidae","Pterodroma","Pterodroma hypoleuca",1,FALSE,0,NA,NA,"NotNew",NA,NA,FALSE,1046
"Fulmarus_glacialis","Procellariiformes","Procellariidae","Fulmarus","Fulmarus glacialis",1,FALSE,0,NA,NA,"NotNew",NA,NA,FALSE,1047
"Hydrobates_tristrami","Procellariiformes","Hydrobatidae","Hydrobates","Hydrobates tristrami",1,FALSE,0,NA,NA,"NotNew",NA,NA,FALSE,1048
"Hydrobates_leucorhous","Procellariiformes","Hydrobatidae","Hydrobates","Hydrobates leucorhous",1,FALSE,0,NA,NA,"NotNew",NA,NA,FALSE,1049
"Hydrobates_monorhis","Procellariiformes","Hydrobatidae","Hydrobates","Hydrobates monorhis",1,FALSE,0,NA,NA,"NotNew",NA,NA,FALSE,1050
"Oceanites_oceanicus","Procellariiformes","Oceanitidae","Oceanites","Oceanites oceanicus",1,FALSE,1,"Oceanites oceanicus","黄蹼洋海燕","LC","Procellariiformes",FALSE,TRUE,1051
"Phoebastria_albatrus","Procellariiformes","Diomedeidae","Phoebastria","Phoebastria albatrus",1,FALSE,0,NA,NA,"NotNew",NA,NA,FALSE,1052
"Phoebastria_immutabilis","Procellariiformes","Diomedeidae","Phoebastria","Phoebastria immutabilis",1,FALSE,1,"Phoebastria immutabilis","黑背信天翁","NT","Procellariiformes",FALSE,TRUE,1053
"Phoebastria_nigripes","Procellariiformes","Diomedeidae","Phoebastria","Phoebastria nigripes",1,FALSE,0,NA,NA,"NotNew",NA,NA,FALSE,1054
"Ardea_insignis","Pelecaniformes","Ardeidae","Ardea","Ardea insignis",1,FALSE,0,NA,NA,"NotNew",NA,NA,FALSE,1055
"Ardea_purpurea","Pelecaniformes","Ardeidae","Ardea","Ardea purpurea",1,FALSE,1,"Ardea purpurea","草鹭","LC","Pelecaniformes",FALSE,TRUE,1056
"Ardea_cinerea","Pelecaniformes","Ardeidae","Ardea","Ardea cinerea",1,FALSE,0,NA,NA,"NotNew",NA,NA,FALSE,1057
"Ardea_intermedia","Pelecaniformes","Ardeidae","Ardea","Ardea intermedia",1,FALSE,1,"Ardea intermedia","中白鹭","LC","Pelecaniformes",FALSE,TRUE,1058
"Ardea_alba","Pelecaniformes","Ardeidae","Ardea","Ardea alba",1,FALSE,0,NA,NA,"NotNew",NA,NA,FALSE,1059
"Bubulcus_coromandus","Pelecaniformes","Ardeidae","Bubulcus","Bubulcus coromandus",1,FALSE,0,NA,NA,"NotNew",NA,NA,FALSE,1060
"Ardeola_bacchus","Pelecaniformes","Ardeidae","Ardeola","Ardeola bacchus",1,FALSE,0,NA,NA,"NotNew",NA,NA,FALSE,1061
"Ardeola_grayii","Pelecaniformes","Ardeidae","Ardeola","Ardeola grayii",1,FALSE,1,"Ardeola grayii","印度池鹭","LC","Pelecaniformes",FALSE,TRUE,1062
"Ardeola_speciosa","Pelecaniformes","Ardeidae","Ardeola","Ardeola speciosa",1,FALSE,1,"Ardeola speciosa","爪哇池鹭","LC","Pelecaniformes",FALSE,TRUE,1063
"Butorides_striata","Pelecaniformes","Ardeidae","Butorides","Butorides striata",1,FALSE,0,NA,NA,"NotNew",NA,NA,FALSE,1064
"Gorsachius_goisagi","Pelecaniformes","Ardeidae","Gorsachius","Gorsachius goisagi",1,FALSE,1,"Gorsachius goisagi","栗头鳽","VU","Pelecaniformes",FALSE,TRUE,1065
"Gorsachius_melanolophus","Pelecaniformes","Ardeidae","Gorsachius","Gorsachius melanolophus",1,FALSE,0,NA,NA,"NotNew",NA,NA,FALSE,1066
"Egretta_eulophotes","Pelecaniformes","Ardeidae","Egretta","Egretta eulophotes",1,FALSE,1,"Egretta eulophotes","黄嘴白鹭","VU","Pelecaniformes",FALSE,TRUE,1067
"Egretta_sacra","Pelecaniformes","Ardeidae","Egretta","Egretta sacra",1,FALSE,0,NA,NA,"NotNew",NA,NA,FALSE,1068
"Egretta_garzetta","Pelecaniformes","Ardeidae","Egretta","Egretta garzetta",1,FALSE,1,"Egretta garzetta","白鹭","LC","Pelecaniformes",FALSE,TRUE,1069
"Egretta_novaehollandiae","Pelecaniformes","Ardeidae","Egretta","Egretta novaehollandiae",1,FALSE,0,NA,NA,"NotNew",NA,NA,FALSE,1070
"Egretta_picata","Pelecaniformes","Ardeidae","Egretta","Egretta picata",1,FALSE,1,"Egretta picata","斑鹭","LC","Pelecaniformes",FALSE,TRUE,1071
"Oroanassa_magnifica","Pelecaniformes","Ardeidae","Gorsachius","Gorsachius magnificus",1,TRUE,1,"Oroanassa magnifica","海南鳽","EN","Pelecaniformes",FALSE,TRUE,1072
"Nycticorax_nycticorax","Pelecaniformes","Ardeidae","Nycticorax","Nycticorax nycticorax",1,FALSE,1,"Nycticorax nycticorax","夜鹭","LC","Pelecaniformes",FALSE,TRUE,1073
"Nycticorax_caledonicus","Pelecaniformes","Ardeidae","Nycticorax","Nycticorax caledonicus",1,FALSE,0,NA,NA,"NotNew",NA,NA,FALSE,1074
"Botaurus_stellaris","Pelecaniformes","Ardeidae","Botaurus","Botaurus stellaris",1,FALSE,0,NA,NA,"NotNew",NA,NA,FALSE,1075
"Ixobrychus_minutus","Pelecaniformes","Ardeidae","Ixobrychus","Ixobrychus minutus",1,FALSE,1,"Ixobrychus minutus","小苇鳽","LC","Pelecaniformes",FALSE,TRUE,1076
"Ixobrychus_sinensis","Pelecaniformes","Ardeidae","Ixobrychus","Ixobrychus sinensis",1,FALSE,0,NA,NA,"NotNew",NA,NA,FALSE,1077
"Ixobrychus_cinnamomeus","Pelecaniformes","Ardeidae","Ixobrychus","Ixobrychus cinnamomeus",1,FALSE,1,"Ixobrychus cinnamomeus","栗苇鳽","LC","Pelecaniformes",FALSE,TRUE,1078
"Ixobrychus_eurhythmus","Pelecaniformes","Ardeidae","Ixobrychus","Ixobrychus eurhythmus",1,FALSE,1,"Ixobrychus eurhythmus","紫背苇鳽","LC","Pelecaniformes",FALSE,TRUE,1079
"Ixobrychus_flavicollis","Pelecaniformes","Ardeidae","Ixobrychus","Ixobrychus flavicollis",1,FALSE,0,NA,NA,"NotNew",NA,NA,FALSE,1080
"Pelecanus_crispus","Pelecaniformes","Pelecanidae","Pelecanus","Pelecanus crispus",1,FALSE,1,"Pelecanus crispus","卷羽鹈鹕","NT","Pelecaniformes",FALSE,TRUE,1081
"Pelecanus_philippensis","Pelecaniformes","Pelecanidae","Pelecanus","Pelecanus philippensis",1,FALSE,0,NA,NA,"NotNew",NA,NA,FALSE,1082
"Pelecanus_onocrotalus","Pelecaniformes","Pelecanidae","Pelecanus","Pelecanus onocrotalus",1,FALSE,1,"Pelecanus onocrotalus","白鹈鹕","LC","Pelecaniformes",FALSE,TRUE,1083
"Pseudibis_davisoni","Pelecaniformes","Threskiornithidae","Pseudibis","Pseudibis davisoni",1,FALSE,0,NA,NA,"NotNew",NA,NA,FALSE,1084
"Nipponia_nippon","Pelecaniformes","Threskiornithidae","Nipponia","Nipponia nippon",1,FALSE,0,NA,NA,"NotNew",NA,NA,FALSE,1085
"Platalea_leucorodia","Pelecaniformes","Threskiornithidae","Platalea","Platalea leucorodia",1,FALSE,0,NA,NA,"NotNew",NA,NA,FALSE,1086
"Platalea_minor","Pelecaniformes","Threskiornithidae","Platalea","Platalea minor",1,FALSE,0,NA,NA,"NotNew",NA,NA,FALSE,1087
"Threskiornis_melanocephalus","Pelecaniformes","Threskiornithidae","Threskiornis","Threskiornis melanocephalus",1,FALSE,0,NA,NA,"NotNew",NA,NA,FALSE,1088
"Plegadis_falcinellus","Pelecaniformes","Threskiornithidae","Plegadis","Plegadis falcinellus",1,FALSE,1,"Plegadis falcinellus","彩鹮","LC","Pelecaniformes",FALSE,TRUE,1089
"Phalacrocorax_capillatus","Suliformes","Phalacrocoracidae","Phalacrocorax","Phalacrocorax capillatus",1,FALSE,0,NA,NA,"NotNew",NA,NA,FALSE,1090
"Phalacrocorax_carbo","Suliformes","Phalacrocoracidae","Phalacrocorax","Phalacrocorax carbo",1,FALSE,0,NA,NA,"NotNew",NA,NA,FALSE,1091
"Microcarbo_niger","Suliformes","Phalacrocoracidae","Microcarbo","Microcarbo niger",1,FALSE,0,NA,NA,"NotNew",NA,NA,FALSE,1092
"Microcarbo_pygmaeus","Suliformes","Phalacrocoracidae","Microcarbo","Microcarbo pygmaeus",1,FALSE,0,NA,NA,"NotNew",NA,NA,FALSE,1093
"Anhinga_melanogaster","Suliformes","Anhingidae","Anhinga","Anhinga melanogaster",1,FALSE,1,"Anhinga melanogaster","黑腹蛇鹈","LC","Suliformes",FALSE,TRUE,1094
"Sula_dactylatra","Strigiformes","Sulidae","Sula","Sula dactylatra",1,FALSE,1,"Sula dactylatra","蓝脸鲣鸟","LC","Strigiformes",FALSE,TRUE,1095
"Sula_leucogaster","Suliformes","Sulidae","Sula","Sula leucogaster",1,FALSE,0,NA,NA,"NotNew",NA,NA,FALSE,1096
"Sula_sula","Suliformes","Sulidae","Sula","Sula sula",1,FALSE,1,"Sula sula","红脚鲣鸟","LC","Suliformes",FALSE,TRUE,1097
"Fregata_andrewsi","Suliformes","Fregatidae","Fregata","Fregata andrewsi",1,FALSE,1,"Fregata andrewsi","白腹军舰鸟","VU","Suliformes",FALSE,TRUE,1098
"Fregata_minor","Suliformes","Fregatidae","Fregata","Fregata minor",1,FALSE,0,NA,NA,"NotNew",NA,NA,FALSE,1099
"Fregata_ariel","Suliformes","Fregatidae","Fregata","Fregata ariel",1,FALSE,1,"Fregata ariel","白斑军舰鸟","LC","Suliformes",FALSE,TRUE,1100
"Anastomus_oscitans","Ciconiiformes","Ciconiidae","Anastomus","Anastomus oscitans",1,FALSE,1,"Anastomus oscitans","钳嘴鹳","LC","Ciconiiformes",FALSE,TRUE,1101
"Mycteria_leucocephala","Pelecaniformes","Ciconiidae","Mycteria","Mycteria leucocephala",1,FALSE,1,"Mycteria leucocephala","白头鹮鹳","LC","Pelecaniformes",FALSE,TRUE,1102
"Leptoptilos_javanicus","Ciconiiformes","Ciconiidae","Leptoptilos","Leptoptilos javanicus",1,FALSE,0,NA,NA,"NotNew",NA,NA,FALSE,1103
"Ciconia_boyciana","Ciconiiformes","Ciconiidae","Ciconia","Ciconia boyciana",1,FALSE,1,"Ciconia boyciana","东方白鹳","EN","Ciconiiformes",FALSE,TRUE,1104
"Ciconia_ciconia","Ciconiiformes","Ciconiidae","Ciconia","Ciconia ciconia",1,FALSE,0,NA,NA,"NotNew",NA,NA,FALSE,1105
"Ciconia_nigra","Ciconiiformes","Ciconiidae","Ciconia","Ciconia nigra",1,FALSE,1,"Ciconia nigra","黑鹳","LC","Ciconiiformes",FALSE,TRUE,1106
"Ciconia_episcopus","Ciconiiformes","Ciconiidae","Ciconia","Ciconia episcopus",1,FALSE,1,"Ciconia episcopus","白颈鹳","NT","Ciconiiformes",FALSE,TRUE,1107
"Gavia_adamsii","Galliformes","Gaviidae","Gavia","Gavia adamsii",1,FALSE,1,"Gavia adamsii","黄嘴潜鸟","NT","Galliformes",FALSE,TRUE,1108
"Gavia_arctica","Gaviiformes","Gaviidae","Gavia","Gavia arctica",1,FALSE,1,"Gavia arctica","黑喉潜鸟","LC","Gaviiformes",FALSE,TRUE,1109
"Gavia_pacifica","Gaviiformes","Gaviidae","Gavia","Gavia pacifica",1,FALSE,1,"Gavia pacifica","太平洋潜鸟","LC","Gaviiformes",FALSE,TRUE,1110
"Gavia_stellata","Gaviiformes","Gaviidae","Gavia","Gavia stellata",1,FALSE,1,"Gavia stellata","红喉潜鸟","LC","Gaviiformes",FALSE,TRUE,1111
"Phaethon_aethereus","Phaethontiformes","Phaethontidae","Phaethon","Phaethon aethereus",1,FALSE,0,NA,NA,"NotNew",NA,NA,FALSE,1112
"Phaethon_rubricauda","Phaethontiformes","Phaethontidae","Phaethon","Phaethon rubricauda",1,FALSE,0,NA,NA,"NotNew",NA,NA,FALSE,1113
"Phaethon_lepturus","Phaethontiformes","Phaethontidae","Phaethon","Phaethon lepturus",1,FALSE,0,NA,NA,"NotNew",NA,NA,FALSE,1114
"Larus_schistisagus","Charadriiformes","Laridae","Larus","Larus schistisagus",1,FALSE,0,NA,NA,"NotNew",NA,NA,FALSE,1115
"Larus_fuscus","Charadriiformes","Laridae","Larus","Larus fuscus",1,FALSE,1,"Larus fuscus","小黑背银鸥","LC","Charadriiformes",FALSE,TRUE,1116
"Larus_hyperboreus","Charadriiformes","Laridae","Larus","Larus hyperboreus",1,FALSE,1,"Larus hyperboreus","北极鸥","LC","Charadriiformes",FALSE,TRUE,1117
"Larus_cachinnans","Charadriiformes","Laridae","Larus","Larus cachinnans",1,FALSE,1,"Larus cachinnans","黄腿银鸥","LC","Charadriiformes",FALSE,TRUE,1118
"Larus_glaucescens","Charadriiformes","Laridae","Larus","Larus glaucescens",1,FALSE,1,"Larus glaucescens","灰翅鸥","LC","Charadriiformes",FALSE,TRUE,1119
"Larus_delawarensis","Charadriiformes","Laridae","Larus","Larus delawarensis",1,FALSE,0,NA,NA,"NotNew",NA,NA,FALSE,1120
"Larus_brachyrhynchus","Charadriiformes","Laridae","Larus","Larus brachyrhynchus",1,FALSE,0,NA,NA,"NotNew",NA,NA,FALSE,1121
"Larus_canus","Charadriiformes","Laridae","Larus","Larus canus",1,FALSE,1,"Larus canus","普通海鸥","LC","Charadriiformes",FALSE,TRUE,1122
"Larus_crassirostris","Charadriiformes","Laridae","Larus","Larus crassirostris",1,FALSE,1,"Larus crassirostris","黑尾鸥","LC","Charadriiformes",FALSE,TRUE,1123
"Ichthyaetus_relictus","Charadriiformes","Laridae","Ichthyaetus","Ichthyaetus relictus",1,FALSE,1,"Larus relictus","遗鸥","VU","Charadriiformes",TRUE,TRUE,1124
"Ichthyaetus_ichthyaetus","Charadriiformes","Laridae","Ichthyaetus","Ichthyaetus ichthyaetus",1,FALSE,1,"Larus ichthyaetus","渔鸥","LC","Charadriiformes",TRUE,TRUE,1125
"Leucophaeus_pipixcan","Charadriiformes","Laridae","Leucophaeus","Leucophaeus pipixcan",1,FALSE,0,NA,NA,"NotNew",NA,NA,FALSE,1126
"Leucophaeus_atricilla","Charadriiformes","Laridae","Leucophaeus","Leucophaeus atricilla",1,FALSE,0,NA,NA,"NotNew",NA,NA,FALSE,1127
"Chroicocephalus_brunnicephalus","Charadriiformes","Laridae","Chroicocephalus","Chroicocephalus brunnicephalus",1,FALSE,1,"Larus brunnicephalus","棕头鸥","LC","Charadriiformes",TRUE,TRUE,1128
"Chroicocephalus_ridibundus","Charadriiformes","Laridae","Chroicocephalus","Chroicocephalus ridibundus",1,FALSE,0,NA,NA,"NotNew",NA,NA,FALSE,1129
"Chroicocephalus_novaehollandiae","Charadriiformes","Laridae","Chroicocephalus","Chroicocephalus novaehollandiae",1,FALSE,0,NA,NA,"NotNew",NA,NA,FALSE,1130
"Chroicocephalus_genei","Charadriiformes","Laridae","Chroicocephalus","Chroicocephalus genei",1,FALSE,1,"Larus genei","细嘴鸥","LC","Charadriiformes",TRUE,TRUE,1131
"Saundersilarus_saundersi","Charadriiformes","Laridae","Saundersilarus","Saundersilarus saundersi",1,FALSE,0,NA,NA,"NotNew",NA,NA,FALSE,1132
"Xema_sabini","Charadriiformes","Laridae","Xema","Xema sabini",1,FALSE,0,NA,NA,"NotNew",NA,NA,FALSE,1133
"Rissa_tridactyla","Charadriiformes","Laridae","Rissa","Rissa tridactyla",1,FALSE,1,"Rissa tridactyla","三趾鸥","VU","Charadriiformes",FALSE,TRUE,1134
"Hydrocoloeus_minutus","Charadriiformes","Laridae","Hydrocoloeus","Hydrocoloeus minutus",1,FALSE,1,"Hydrocoloeus minutus","小鸥","LC","Charadriiformes",FALSE,TRUE,1135
"Rhodostethia_rosea","Charadriiformes","Laridae","Rhodostethia","Rhodostethia rosea",1,FALSE,0,NA,NA,"NotNew",NA,NA,FALSE,1136
"Thalasseus_bengalensis","Charadriiformes","Laridae","Thalasseus","Thalasseus bengalensis",1,FALSE,1,"Thalasseus bengalensis","小凤头燕鸥","LC","Charadriiformes",FALSE,TRUE,1137
"Thalasseus_bergii","Charadriiformes","Laridae","Thalasseus","Thalasseus bergii",1,FALSE,1,"Thalasseus bergii","大凤头燕鸥","LC","Charadriiformes",FALSE,TRUE,1138
"Thalasseus_bernsteini","Charadriiformes","Laridae","Thalasseus","Thalasseus bernsteini",1,FALSE,0,NA,NA,"NotNew",NA,NA,FALSE,1139
"Thalasseus_sandvicensis","Charadriiformes","Laridae","Thalasseus","Thalasseus sandvicensis",1,FALSE,0,NA,NA,"NotNew",NA,NA,FALSE,1140
"Sterna_aurantia","Charadriiformes","Laridae","Sterna","Sterna aurantia",1,FALSE,0,NA,NA,"NotNew",NA,NA,FALSE,1141
"Sterna_dougallii","Charadriiformes","Laridae","Sterna","Sterna dougallii",1,FALSE,0,NA,NA,"NotNew",NA,NA,FALSE,1142
"Sterna_sumatrana","Charadriiformes","Laridae","Sterna","Sterna sumatrana",1,FALSE,0,NA,NA,"NotNew",NA,NA,FALSE,1143
"Sterna_hirundo","Charadriiformes","Laridae","Sterna","Sterna hirundo",1,FALSE,0,NA,NA,"NotNew",NA,NA,FALSE,1144
"Sterna_acuticauda","Charadriiformes","Laridae","Sterna","Sterna acuticauda",1,FALSE,0,NA,NA,"NotNew",NA,NA,FALSE,1145
"Chlidonias_leucopterus","Charadriiformes","Laridae","Chlidonias","Chlidonias leucopterus",1,FALSE,1,"Chlidonias leucopterus","白翅浮鸥","LC","Charadriiformes",FALSE,TRUE,1146
"Chlidonias_niger","Charadriiformes","Laridae","Chlidonias","Chlidonias niger",1,FALSE,1,"Chlidonias niger","黑浮鸥","LC","Charadriiformes",FALSE,TRUE,1147
"Chlidonias_hybrida","Charadriiformes","Laridae","Chlidonias","Chlidonias hybrida",1,FALSE,0,NA,NA,"NotNew",NA,NA,FALSE,1148
"Gelochelidon_nilotica","Charadriiformes","Laridae","Gelochelidon","Gelochelidon nilotica",1,FALSE,1,"Gelochelidon nilotica","鸥嘴噪鸥","LC","Charadriiformes",FALSE,TRUE,1149
"Hydroprogne_caspia","Charadriiformes","Laridae","Hydroprogne","Hydroprogne caspia",1,FALSE,1,"Hydroprogne caspia","红嘴巨燕鸥","LC","Charadriiformes",FALSE,TRUE,1150
"Sternula_albifrons","Charadriiformes","Laridae","Sternula","Sternula albifrons",1,FALSE,0,NA,NA,"NotNew",NA,NA,FALSE,1151
"Onychoprion_anaethetus","Charadriiformes","Laridae","Onychoprion","Onychoprion anaethetus",1,FALSE,1,"Onychoprion anaethetus","褐翅燕鸥","LC","Charadriiformes",FALSE,TRUE,1152
"Onychoprion_fuscatus","Charadriiformes","Laridae","Onychoprion","Onychoprion fuscatus",1,FALSE,1,"Onychoprion fuscatus","乌燕鸥","LC","Charadriiformes",FALSE,TRUE,1153
"Onychoprion_aleuticus","Charadriiformes","Laridae","Onychoprion","Onychoprion aleuticus",1,FALSE,1,"Onychoprion aleuticus","白腰燕鸥","VU","Charadriiformes",FALSE,TRUE,1154
"Anous_minutus","Charadriiformes","Laridae","Anous","Anous minutus",1,FALSE,0,NA,NA,"NotNew",NA,NA,FALSE,1155
"Anous_stolidus","Charadriiformes","Laridae","Anous","Anous stolidus",1,FALSE,1,"Anous stolidus","白顶玄燕鸥","LC","Charadriiformes",FALSE,TRUE,1156
"Gygis_alba","Charadriiformes","Laridae","Gygis","Gygis alba",1,FALSE,1,"Gygis alba","白玄鸥","LC","Charadriiformes",FALSE,TRUE,1157
"Rynchops_albicollis","Charadriiformes","Laridae","Rynchops","Rynchops albicollis",1,FALSE,0,NA,NA,"NotNew",NA,NA,FALSE,1158
"Synthliboramphus_antiquus","Charadriiformes","Alcidae","Synthliboramphus","Synthliboramphus antiquus",1,FALSE,0,NA,NA,"NotNew",NA,NA,FALSE,1159
"Synthliboramphus_wumizusume","Charadriiformes","Alcidae","Synthliboramphus","Synthliboramphus wumizusume",1,FALSE,0,NA,NA,"NotNew",NA,NA,FALSE,1160
"Uria_aalge","Charadriiformes","Alcidae","Uria","Uria aalge",1,FALSE,0,NA,NA,"NotNew",NA,NA,FALSE,1161
"Brachyramphus_perdix","Charadriiformes","Alcidae","Brachyramphus","Brachyramphus perdix",1,FALSE,1,"Brachyramphus perdix","长嘴海雀","NT","Charadriiformes",FALSE,TRUE,1162
"Cerorhinca_monocerata","Charadriiformes","Alcidae","Cerorhinca","Cerorhinca monocerata",1,FALSE,0,NA,NA,"NotNew",NA,NA,FALSE,1163
"Stercorarius_maccormicki","Charadriiformes","Stercorariidae","Stercorarius","Stercorarius maccormicki",1,FALSE,0,NA,NA,"NotNew",NA,NA,FALSE,1164
"Stercorarius_pomarinus","Charadriiformes","Stercorariidae","Stercorarius","Stercorarius pomarinus",1,FALSE,0,NA,NA,"NotNew",NA,NA,FALSE,1165
"Stercorarius_longicaudus","Charadriiformes","Stercorariidae","Stercorarius","Stercorarius longicaudus",1,FALSE,0,NA,NA,"NotNew",NA,NA,FALSE,1166
"Stercorarius_parasiticus","Charadriiformes","Stercorariidae","Stercorarius","Stercorarius parasiticus",1,FALSE,1,"Stercorarius parasiticus","短尾贼鸥","LC","Charadriiformes",FALSE,TRUE,1167
"Glareola_pratincola","Charadriiformes","Glareolidae","Glareola","Glareola pratincola",1,FALSE,0,NA,NA,"NotNew",NA,NA,FALSE,1168
"Glareola_nordmanni","Charadriiformes","Glareolidae","Glareola","Glareola nordmanni",1,FALSE,0,NA,NA,"NotNew",NA,NA,FALSE,1169
"Glareola_lactea","Charadriiformes","Glareolidae","Glareola","Glareola lactea",1,FALSE,1,"Glareola lactea","灰燕鸻","LC","Charadriiformes",FALSE,TRUE,1170
"Glareola_maldivarum","Charadriiformes","Glareolidae","Glareola","Glareola maldivarum",1,FALSE,0,NA,NA,"NotNew",NA,NA,FALSE,1171
"Turnix_sylvaticus","Charadriiformes","Turnicidae","Turnix","Turnix sylvaticus",1,FALSE,0,NA,NA,"NotNew",NA,NA,FALSE,1172
"Turnix_suscitator","Charadriiformes","Turnicidae","Turnix","Turnix suscitator",1,FALSE,0,NA,NA,"NotNew",NA,NA,FALSE,1173
"Turnix_tanki","Charadriiformes","Turnicidae","Turnix","Turnix tanki",1,FALSE,0,NA,NA,"NotNew",NA,NA,FALSE,1174
"Calidris_fuscicollis","Charadriiformes","Scolopacidae","Calidris","Calidris fuscicollis",1,FALSE,0,NA,NA,"NotNew",NA,NA,FALSE,1175
"Calidris_minuta","Charadriiformes","Scolopacidae","Calidris","Calidris minuta",1,FALSE,1,"Calidris minuta","小滨鹬","LC","Charadriiformes",FALSE,TRUE,1176
"Calidris_mauri","Charadriiformes","Scolopacidae","Calidris","Calidris mauri",1,FALSE,0,NA,NA,"NotNew",NA,NA,FALSE,1177
"Calidris_melanotos","Charadriiformes","Scolopacidae","Calidris","Calidris melanotos",1,FALSE,1,"Calidris melanotos","斑胸滨鹬","LC","Charadriiformes",FALSE,TRUE,1178
"Calidris_bairdii","Charadriiformes","Scolopacidae","Calidris","Calidris bairdii",1,FALSE,1,"Calidris bairdii","黑腰滨鹬","LC","Charadriiformes",FALSE,TRUE,1179
"Calidris_ptilocnemis","Charadriiformes","Scolopacidae","Calidris","Calidris ptilocnemis",1,FALSE,0,NA,NA,"NotNew",NA,NA,FALSE,1180
"Calidris_alpina","Charadriiformes","Scolopacidae","Calidris","Calidris alpina",1,FALSE,1,"Calidris alpina","黑腹滨鹬","NT","Charadriiformes",FALSE,TRUE,1181
"Calidris_alba","Charadriiformes","Scolopacidae","Calidris","Calidris alba",1,FALSE,1,"Calidris alba","三趾滨鹬","LC","Charadriiformes",FALSE,TRUE,1182
"Calidris_subruficollis","Charadriiformes","Scolopacidae","Calidris","Calidris subruficollis",1,FALSE,0,NA,NA,"NotNew",NA,NA,FALSE,1183
"Calidris_pygmaea","Charadriiformes","Scolopacidae","Calidris","Calidris pygmaea",1,FALSE,1,"Calidris pygmaea","勺嘴鹬","CR","Charadriiformes",FALSE,TRUE,1184
"Calidris_ruficollis","Charadriiformes","Scolopacidae","Calidris","Calidris ruficollis",1,FALSE,0,NA,NA,"NotNew",NA,NA,FALSE,1185
"Calidris_subminuta","Charadriiformes","Scolopacidae","Calidris","Calidris subminuta",1,FALSE,1,"Calidris subminuta","长趾滨鹬","LC","Charadriiformes",FALSE,TRUE,1186
"Calidris_temminckii","Charadriiformes","Scolopacidae","Calidris","Calidris temminckii",1,FALSE,0,NA,NA,"NotNew",NA,NA,FALSE,1187
"Calidris_ferruginea","Charadriiformes","Scolopacidae","Calidris","Calidris ferruginea",1,FALSE,0,NA,NA,"NotNew",NA,NA,FALSE,1188
"Calidris_himantopus","Charadriiformes","Scolopacidae","Calidris","Calidris himantopus",1,FALSE,0,NA,NA,"NotNew",NA,NA,FALSE,1189
"Calidris_acuminata","Charadriiformes","Scolopacidae","Calidris","Calidris acuminata",1,FALSE,1,"Calidris acuminata","尖尾滨鹬","VU","Charadriiformes",FALSE,TRUE,1190
"Calidris_falcinellus","Charadriiformes","Scolopacidae","Calidris","Calidris falcinellus",1,FALSE,0,NA,NA,"NotNew",NA,NA,FALSE,1191
"Calidris_pugnax","Charadriiformes","Scolopacidae","Calidris","Calidris pugnax",1,FALSE,1,"Calidris pugnax","流苏鹬","LC","Charadriiformes",FALSE,TRUE,1192
"Calidris_tenuirostris","Charadriiformes","Scolopacidae","Calidris","Calidris tenuirostris",1,FALSE,1,"Calidris tenuirostris","大滨鹬","EN","Charadriiformes",FALSE,TRUE,1193
"Calidris_canutus","Charadriiformes","Scolopacidae","Calidris","Calidris canutus",1,FALSE,0,NA,NA,"NotNew",NA,NA,FALSE,1194
"Arenaria_interpres","Charadriiformes","Scolopacidae","Arenaria","Arenaria interpres",1,FALSE,1,"Arenaria interpres","翻石鹬","NT","Charadriiformes",FALSE,TRUE,1195
"Tringa_nebularia","Charadriiformes","Scolopacidae","Tringa","Tringa nebularia",1,FALSE,0,NA,NA,"NotNew",NA,NA,FALSE,1196
"Tringa_erythropus","Charadriiformes","Scolopacidae","Tringa","Tringa erythropus",1,FALSE,0,NA,NA,"NotNew",NA,NA,FALSE,1197
"Tringa_guttifer","Charadriiformes","Scolopacidae","Tringa","Tringa guttifer",1,FALSE,0,NA,NA,"NotNew",NA,NA,FALSE,1198
"Tringa_flavipes","Charadriiformes","Scolopacidae","Tringa","Tringa flavipes",1,FALSE,0,NA,NA,"NotNew",NA,NA,FALSE,1199
"Tringa_glareola","Charadriiformes","Scolopacidae","Tringa","Tringa glareola",1,FALSE,0,NA,NA,"NotNew",NA,NA,FALSE,1200
"Tringa_totanus","Charadriiformes","Scolopacidae","Tringa","Tringa totanus",1,FALSE,0,NA,NA,"NotNew",NA,NA,FALSE,1201
"Tringa_stagnatilis","Charadriiformes","Scolopacidae","Tringa","Tringa stagnatilis",1,FALSE,0,NA,NA,"NotNew",NA,NA,FALSE,1202
"Tringa_brevipes","Charadriiformes","Scolopacidae","Tringa","Tringa brevipes",1,FALSE,1,"Tringa brevipes","灰尾漂鹬","LC","Charadriiformes",FALSE,TRUE,1203
"Tringa_incana","Charadriiformes","Scolopacidae","Tringa","Tringa incana",1,FALSE,0,NA,NA,"NotNew",NA,NA,FALSE,1204
"Tringa_ochropus","Charadriiformes","Scolopacidae","Tringa","Tringa ochropus",1,FALSE,0,NA,NA,"NotNew",NA,NA,FALSE,1205
"Phalaropus_fulicarius","Charadriiformes","Scolopacidae","Phalaropus","Phalaropus fulicarius",1,FALSE,1,"Phalaropus fulicarius","灰瓣蹼鹬","LC","Charadriiformes",FALSE,TRUE,1206
"Phalaropus_lobatus","Charadriiformes","Scolopacidae","Phalaropus","Phalaropus lobatus",1,FALSE,1,"Phalaropus lobatus","红颈瓣蹼鹬","LC","Charadriiformes",FALSE,TRUE,1207
"Actitis_hypoleucos","Charadriiformes","Scolopacidae","Actitis","Actitis hypoleucos",1,FALSE,0,NA,NA,"NotNew",NA,NA,FALSE,1208
"Xenus_cinereus","Charadriiformes","Scolopacidae","Xenus","Xenus cinereus",1,FALSE,0,NA,NA,"NotNew",NA,NA,FALSE,1209
"Gallinago_nemoricola","Charadriiformes","Scolopacidae","Gallinago","Gallinago nemoricola",1,FALSE,0,NA,NA,"NotNew",NA,NA,FALSE,1210
"Gallinago_gallinago","Charadriiformes","Scolopacidae","Gallinago","Gallinago gallinago",1,FALSE,0,NA,NA,"NotNew",NA,NA,FALSE,1211
"Gallinago_solitaria","Charadriiformes","Scolopacidae","Gallinago","Gallinago solitaria",1,FALSE,0,NA,NA,"NotNew",NA,NA,FALSE,1212
"Gallinago_hardwickii","Charadriiformes","Scolopacidae","Gallinago","Gallinago hardwickii",1,FALSE,0,NA,NA,"NotNew",NA,NA,FALSE,1213
"Gallinago_stenura","Charadriiformes","Scolopacidae","Gallinago","Gallinago stenura",1,FALSE,0,NA,NA,"NotNew",NA,NA,FALSE,1214
"Gallinago_megala","Charadriiformes","Scolopacidae","Gallinago","Gallinago megala",1,FALSE,0,NA,NA,"NotNew",NA,NA,FALSE,1215
"Scolopax_rusticola","Charadriiformes","Scolopacidae","Scolopax","Scolopax rusticola",1,FALSE,0,NA,NA,"NotNew",NA,NA,FALSE,1216
"Lymnocryptes_minimus","Charadriiformes","Scolopacidae","Lymnocryptes","Lymnocryptes minimus",1,FALSE,0,NA,NA,"NotNew",NA,NA,FALSE,1217
"Limnodromus_scolopaceus","Charadriiformes","Scolopacidae","Limnodromus","Limnodromus scolopaceus",1,FALSE,1,"Limnodromus scolopaceus","长嘴半蹼鹬","VU","Charadriiformes",FALSE,TRUE,1218
"Limnodromus_semipalmatus","Charadriiformes","Scolopacidae","Limnodromus","Limnodromus semipalmatus",1,FALSE,1,"Limnodromus semipalmatus","半蹼鹬","NT","Charadriiformes",FALSE,TRUE,1219
"Limosa_limosa","Charadriiformes","Scolopacidae","Limosa","Limosa limosa",1,FALSE,1,"Limosa limosa","黑尾塍鹬","NT","Charadriiformes",FALSE,TRUE,1220
"Limosa_lapponica","Charadriiformes","Scolopacidae","Limosa","Limosa lapponica",1,FALSE,1,"Limosa lapponica","斑尾塍鹬","NT","Charadriiformes",FALSE,TRUE,1221
"Numenius_arquata","Charadriiformes","Scolopacidae","Numenius","Numenius arquata",1,FALSE,0,NA,NA,"NotNew",NA,NA,FALSE,1222
"Numenius_madagascariensis","Charadriiformes","Scolopacidae","Numenius","Numenius madagascariensis",1,FALSE,1,"Numenius madagascariensis","大杓鹬","EN","Charadriiformes",FALSE,TRUE,1223
"Numenius_phaeopus","Charadriiformes","Scolopacidae","Numenius","Numenius phaeopus",1,FALSE,1,"Numenius phaeopus","中杓鹬","LC","Charadriiformes",FALSE,TRUE,1224
"Numenius_minutus","Charadriiformes","Scolopacidae","Numenius","Numenius minutus",1,FALSE,1,"Numenius minutus","小杓鹬","LC","Charadriiformes",FALSE,TRUE,1225
"Metopidius_indicus","Charadriiformes","Jacanidae","Metopidius","Metopidius indicus",1,FALSE,0,NA,NA,"NotNew",NA,NA,FALSE,1226
"Hydrophasianus_chirurgus","Charadriiformes","Jacanidae","Hydrophasianus","Hydrophasianus chirurgus",1,FALSE,1,"Hydrophasianus chirurgus","水雉","LC","Charadriiformes",FALSE,TRUE,1227
"Rostratula_benghalensis","Charadriiformes","Rostratulidae","Rostratula","Rostratula benghalensis",1,FALSE,0,NA,NA,"NotNew",NA,NA,FALSE,1228
"Anarhynchus_alexandrinus","Charadriiformes","Charadriidae","Charadrius","Charadrius alexandrinus",1,TRUE,0,NA,NA,"NotNew",NA,NA,FALSE,1229
"Anarhynchus_dealbatus","Charadriiformes","Charadriidae","Charadrius","Charadrius dealbatus",1,TRUE,1,"Charadrius dealbatus","白脸鸻","LC","Charadriiformes",TRUE,TRUE,1230
"Anarhynchus_leschenaultii","Charadriiformes","Charadriidae","Charadrius","Charadrius leschenaultii",1,TRUE,0,NA,NA,"NotNew",NA,NA,FALSE,1231
"Anarhynchus_mongolus","Charadriiformes","Charadriidae","Charadrius","Charadrius mongolus",1,TRUE,1,"Charadrius mongolus","蒙古沙鸻","EN","Charadriiformes",TRUE,TRUE,1232
"Anarhynchus_atrifrons","Charadriiformes","Charadriidae","Charadrius","Charadrius atrifrons",1,TRUE,1,"Charadrius atrifrons","蒙古沙鸻","LC","Charadriiformes",TRUE,TRUE,1233
"Anarhynchus_asiaticus","Charadriiformes","Charadriidae","Charadrius","Charadrius asiaticus",1,TRUE,1,"Charadrius asiaticus","红胸鸻","LC","Charadriiformes",TRUE,TRUE,1234
"Anarhynchus_veredus","Charadriiformes","Charadriidae","Charadrius","Charadrius veredus",1,TRUE,1,"Charadrius veredus","东方鸻","LC","Charadriiformes",TRUE,TRUE,1235
"Vanellus_gregarius","Charadriiformes","Charadriidae","Vanellus","Vanellus gregarius",1,FALSE,0,NA,NA,"NotNew",NA,NA,FALSE,1236
"Vanellus_cinereus","Charadriiformes","Charadriidae","Vanellus","Vanellus cinereus",1,FALSE,1,"Vanellus cinereus","灰头麦鸡","LC","Charadriiformes",FALSE,TRUE,1237
"Vanellus_leucurus","Charadriiformes","Charadriidae","Vanellus","Vanellus leucurus",1,FALSE,0,NA,NA,"NotNew",NA,NA,FALSE,1238
"Vanellus_indicus","Charadriiformes","Charadriidae","Vanellus","Vanellus indicus",1,FALSE,0,NA,NA,"NotNew",NA,NA,FALSE,1239
"Vanellus_duvaucelii","Charadriiformes","Charadriidae","Vanellus","Vanellus duvaucelii",1,FALSE,0,NA,NA,"NotNew",NA,NA,FALSE,1240
"Vanellus_vanellus","Charadriiformes","Charadriidae","Vanellus","Vanellus vanellus",1,FALSE,1,"Vanellus vanellus","凤头麦鸡","NT","Charadriiformes",FALSE,TRUE,1241
"Charadrius_dubius","Charadriiformes","Charadriidae","Charadrius","Charadrius dubius",1,FALSE,0,NA,NA,"NotNew",NA,NA,FALSE,1242
"Charadrius_placidus","Charadriiformes","Charadriidae","Charadrius","Charadrius placidus",1,FALSE,1,"Charadrius placidus","长嘴剑鸻","LC","Charadriiformes",FALSE,TRUE,1243
"Charadrius_hiaticula","Charadriiformes","Charadriidae","Charadrius","Charadrius hiaticula",1,FALSE,1,"Charadrius hiaticula","剑鸻","LC","Charadriiformes",FALSE,TRUE,1244
"Eudromias_morinellus","Charadriiformes","Charadriidae","Eudromias","Eudromias morinellus",1,FALSE,0,NA,NA,"NotNew",NA,NA,FALSE,1245
"Pluvialis_apricaria","Charadriiformes","Charadriidae","Pluvialis","Pluvialis apricaria",1,FALSE,1,"Pluvialis apricaria","欧金鸻","LC","Charadriiformes",FALSE,TRUE,1246
"Pluvialis_fulva","Charadriiformes","Charadriidae","Pluvialis","Pluvialis fulva",1,FALSE,0,NA,NA,"NotNew",NA,NA,FALSE,1247
"Pluvialis_squatarola","Charadriiformes","Charadriidae","Pluvialis","Pluvialis squatarola",1,FALSE,0,NA,NA,"NotNew",NA,NA,FALSE,1248
"Haematopus_ostralegus","Charadriiformes","Haematopodidae","Haematopus","Haematopus ostralegus",1,FALSE,0,NA,NA,"NotNew",NA,NA,FALSE,1249
"Ibidorhyncha_struthersii","Charadriiformes","Ibidorhynchidae","Ibidorhyncha","Ibidorhyncha struthersii",1,FALSE,0,NA,NA,"NotNew",NA,NA,FALSE,1250
"Himantopus_himantopus","Charadriiformes","Recurvirostridae","Himantopus","Himantopus himantopus",1,FALSE,0,NA,NA,"NotNew",NA,NA,FALSE,1251
"Recurvirostra_avosetta","Charadriiformes","Recurvirostridae","Recurvirostra","Recurvirostra avosetta",1,FALSE,1,"Recurvirostra avosetta","反嘴鹬","LC","Charadriiformes",FALSE,TRUE,1252
"Burhinus_oedicnemus","Charadriiformes","Burhinidae","Burhinus","Burhinus oedicnemus",1,FALSE,0,NA,NA,"NotNew",NA,NA,FALSE,1253
"Esacus_recurvirostris","Charadriiformes","Burhinidae","Esacus","Esacus recurvirostris",1,FALSE,0,NA,NA,"NotNew",NA,NA,FALSE,1254
"Chionis_albus","Charadriiformes","Chionidae","Chionis","Chionis albus",1,FALSE,0,NA,NA,"NotNew",NA,NA,FALSE,1255
"Lewinia_striata","Gruiformes","Rallidae","Lewinia","Lewinia striata",1,FALSE,0,NA,NA,"NotNew",NA,NA,FALSE,1256
"Crex_crex","Gruiformes","Rallidae","Crex","Crex crex",1,FALSE,0,NA,NA,"NotNew",NA,NA,FALSE,1257
"Rallus_aquaticus","Gruiformes","Rallidae","Rallus","Rallus aquaticus",1,FALSE,1,"Rallus aquaticus","西秧鸡","LC","Gruiformes",FALSE,TRUE,1258
"Rallus_indicus","Gruiformes","Rallidae","Rallus","Rallus indicus",1,FALSE,0,NA,NA,"NotNew",NA,NA,FALSE,1259
"Fulica_atra","Gruiformes","Rallidae","Fulica","Fulica atra",1,FALSE,0,NA,NA,"NotNew",NA,NA,FALSE,1260
"Gallinula_chloropus","Gruiformes","Rallidae","Gallinula","Gallinula chloropus",1,FALSE,0,NA,NA,"NotNew",NA,NA,FALSE,1261
"Porzana_porzana","Gruiformes","Rallidae","Porzana","Porzana porzana",1,FALSE,0,NA,NA,"NotNew",NA,NA,FALSE,1262
"Zapornia_akool","Gruiformes","Rallidae","Zapornia","Zapornia akool",1,FALSE,0,NA,NA,"NotNew",NA,NA,FALSE,1263
"Porphyrio_poliocephalus","Gruiformes","Rallidae","Porphyrio","Porphyrio poliocephalus",1,FALSE,0,NA,NA,"NotNew",NA,NA,FALSE,1264
"Zapornia_paykullii","Gruiformes","Rallidae","Zapornia","Zapornia paykullii",1,FALSE,0,NA,NA,"NotNew",NA,NA,FALSE,1265
"Coturnicops_exquisitus","Gruiformes","Rallidae","Coturnicops","Coturnicops exquisitus",1,FALSE,1,"Coturnicops exquisitus","花田鸡","LC","Gruiformes",FALSE,TRUE,1266
"Amaurornis_phoenicurus","Gruiformes","Rallidae","Amaurornis","Amaurornis phoenicurus",1,FALSE,1,"Amaurornis phoenicurus","白胸苦恶鸟","LC","Gruiformes",FALSE,TRUE,1267
"Gallicrex_cinerea","Gruiformes","Rallidae","Gallicrex","Gallicrex cinerea",1,FALSE,0,NA,NA,"NotNew",NA,NA,FALSE,1268
"Poliolimnas_cinereus","Gruiformes","Rallidae","Amaurornis","Amaurornis cinerea",1,TRUE,1,"Amaurornis cinerea","白眉田鸡","LC","Gruiformes",TRUE,TRUE,1269
"Rallina_fasciata","Gruiformes","Rallidae","Rallina","Rallina fasciata",1,FALSE,1,"Rallina fasciata","红脚斑秧鸡","LC","Gruiformes",FALSE,TRUE,1270
"Rallina_eurizonoides","Gruiformes","Rallidae","Rallina","Rallina eurizonoides",1,FALSE,1,"Rallina eurizonoides","白喉斑秧鸡","LC","Gruiformes",FALSE,TRUE,1271
"Zapornia_fusca","Gruiformes","Rallidae","Zapornia","Zapornia fusca",1,FALSE,0,NA,NA,"NotNew",NA,NA,FALSE,1272
"Zapornia_parva","Gruiformes","Rallidae","Zapornia","Zapornia parva",1,FALSE,0,NA,NA,"NotNew",NA,NA,FALSE,1273
"Zapornia_bicolor","Gruiformes","Rallidae","Zapornia","Zapornia bicolor",1,FALSE,1,"Zapornia bicolor","棕背田鸡","LC","Gruiformes",FALSE,TRUE,1274
"Zapornia_pusilla","Gruiformes","Rallidae","Zapornia","Zapornia pusilla",1,FALSE,0,NA,NA,"NotNew",NA,NA,FALSE,1275
"Grus_monacha","Gruiformes","Gruidae","Grus","Grus monacha",1,FALSE,1,"Grus monacha","白头鹤","VU","Gruiformes",FALSE,TRUE,1276
"Grus_nigricollis","Gruiformes","Gruidae","Grus","Grus nigricollis",1,FALSE,1,"Grus nigricollis","黑颈鹤","NT","Gruiformes",FALSE,TRUE,1277
"Grus_grus","Gruiformes","Gruidae","Grus","Grus grus",1,FALSE,0,NA,NA,"NotNew",NA,NA,FALSE,1278
"Grus_japonensis","Gruiformes","Gruidae","Grus","Grus japonensis",1,FALSE,1,"Grus japonensis","丹顶鹤","VU","Gruiformes",FALSE,TRUE,1279
"Anthropoides_virgo","Gruiformes","Gruidae","Grus","Grus virgo",1,TRUE,1,"Grus virgo","蓑羽鹤","LC","Gruiformes",TRUE,TRUE,1280
"Antigone_antigone","Gruiformes","Gruidae","Antigone","Antigone antigone",1,FALSE,0,NA,NA,"NotNew",NA,NA,FALSE,1281
"Antigone_vipio","Gruiformes","Gruidae","Antigone","Antigone vipio",1,FALSE,1,"Grus vipio","白枕鹤","VU","Gruiformes",TRUE,TRUE,1282
"Antigone_canadensis","Gruiformes","Gruidae","Antigone","Antigone canadensis",1,FALSE,1,"Grus canadensis","沙丘鹤","LC","Gruiformes",TRUE,TRUE,1283
"Leucogeranus_leucogeranus","Gruiformes","Gruidae","Leucogeranus","Leucogeranus leucogeranus",1,FALSE,1,"Leucogeranus leucogeranus","白鹤","CR","Gruiformes",FALSE,TRUE,1284
"Ptilinopus_leclancheri","Columbiformes","Columbidae","Ptilinopus","Ptilinopus leclancheri",1,FALSE,0,NA,NA,"NotNew",NA,NA,FALSE,1285
"Ducula_aenea","Columbiformes","Columbidae","Ducula","Ducula aenea",1,FALSE,0,NA,NA,"NotNew",NA,NA,FALSE,1286
"Ducula_badia","Columbiformes","Columbidae","Ducula","Ducula badia",1,FALSE,0,NA,NA,"NotNew",NA,NA,FALSE,1287
"Treron_phoenicopterus","Columbiformes","Columbidae","Treron","Treron phoenicopterus",1,FALSE,0,NA,NA,"NotNew",NA,NA,FALSE,1288
"Treron_bicinctus","Columbiformes","Columbidae","Treron","Treron bicinctus",1,FALSE,0,NA,NA,"NotNew",NA,NA,FALSE,1289
"Treron_formosae","Columbiformes","Columbidae","Treron","Treron formosae",1,FALSE,0,NA,NA,"NotNew",NA,NA,FALSE,1290
"Treron_sieboldii","Columbiformes","Columbidae","Treron","Treron sieboldii",1,FALSE,1,"Treron sieboldii","红翅绿鸠","LC","Columbiformes",FALSE,TRUE,1291
"Treron_sphenurus","Columbiformes","Columbidae","Treron","Treron sphenurus",1,FALSE,1,"Treron sphenurus","楔尾绿鸠","LC","Columbiformes",FALSE,TRUE,1292
"Treron_curvirostra","Columbiformes","Columbidae","Treron","Treron curvirostra",1,FALSE,1,"Treron curvirostra","厚嘴绿鸠","LC","Columbiformes",FALSE,TRUE,1293
"Treron_apicauda","Columbiformes","Columbidae","Treron","Treron apicauda",1,FALSE,0,NA,NA,"NotNew",NA,NA,FALSE,1294
"Treron_seimundi","Columbiformes","Columbidae","Treron","Treron seimundi",1,FALSE,1,"Treron seimundi","白腹针尾绿鸠","LC","Columbiformes",FALSE,TRUE,1295
"Treron_phayrei","Columbiformes","Columbidae","Treron","Treron phayrei",1,FALSE,0,NA,NA,"NotNew",NA,NA,FALSE,1296
"Geopelia_striata","Columbiformes","Columbidae","Geopelia","Geopelia striata",1,FALSE,1,"Geopelia striata","斑姬地鸠","LC","Columbiformes",FALSE,TRUE,1297
"Chalcophaps_indica","Columbiformes","Columbidae","Chalcophaps","Chalcophaps indica",1,FALSE,1,"Chalcophaps indica","绿翅金鸠","LC","Columbiformes",FALSE,TRUE,1298
"Columba_punicea","Columbiformes","Columbidae","Columba","Columba punicea",1,FALSE,0,NA,NA,"NotNew",NA,NA,FALSE,1299
"Columba_pulchricollis","Columbiformes","Columbidae","Columba","Columba pulchricollis",1,FALSE,0,NA,NA,"NotNew",NA,NA,FALSE,1300
"Columba_janthina","Columbiformes","Columbidae","Columba","Columba janthina",1,FALSE,0,NA,NA,"NotNew",NA,NA,FALSE,1301
"Columba_vitiensis","Columbiformes","Columbidae","Columba","Columba vitiensis",1,FALSE,0,NA,NA,"NotNew",NA,NA,FALSE,1302
"Columba_hodgsonii","Columbiformes","Columbidae","Columba","Columba hodgsonii",1,FALSE,0,NA,NA,"NotNew",NA,NA,FALSE,1303
"Columba_eversmanni","Columbiformes","Columbidae","Columba","Columba eversmanni",1,FALSE,0,NA,NA,"NotNew",NA,NA,FALSE,1304
"Columba_oenas","Columbiformes","Columbidae","Columba","Columba oenas",1,FALSE,1,"Columba oenas","欧鸽","LC","Columbiformes",FALSE,TRUE,1305
"Columba_leuconota","Columbiformes","Columbidae","Columba","Columba leuconota",1,FALSE,0,NA,NA,"NotNew",NA,NA,FALSE,1306
"Columba_livia","Columbiformes","Columbidae","Columba","Columba livia",1,FALSE,0,NA,NA,"NotNew",NA,NA,FALSE,1307
"Columba_rupestris","Columbiformes","Columbidae","Columba","Columba rupestris",1,FALSE,0,NA,NA,"NotNew",NA,NA,FALSE,1308
"Columba_palumbus","Columbiformes","Columbidae","Columba","Columba palumbus",1,FALSE,0,NA,NA,"NotNew",NA,NA,FALSE,1309
"Spilopelia_chinensis","Columbiformes","Columbidae","Spilopelia","Spilopelia chinensis",1,FALSE,1,"Spilopelia chinensis","珠颈斑鸠","LC","Columbiformes",FALSE,TRUE,1310
"Spilopelia_senegalensis","Columbiformes","Columbidae","Spilopelia","Spilopelia senegalensis",1,FALSE,1,"Spilopelia senegalensis","棕斑鸠","LC","Columbiformes",FALSE,TRUE,1311
"Streptopelia_decaocto","Columbiformes","Columbidae","Streptopelia","Streptopelia decaocto",1,FALSE,1,"Streptopelia decaocto","灰斑鸠","LC","Columbiformes",FALSE,TRUE,1312
"Streptopelia_turtur","Columbiformes","Columbidae","Streptopelia","Streptopelia turtur",1,FALSE,0,NA,NA,"NotNew",NA,NA,FALSE,1313
"Streptopelia_orientalis","Columbiformes","Columbidae","Streptopelia","Streptopelia orientalis",1,FALSE,0,NA,NA,"NotNew",NA,NA,FALSE,1314
"Streptopelia_tranquebarica","Columbiformes","Columbidae","Streptopelia","Streptopelia tranquebarica",1,FALSE,0,NA,NA,"NotNew",NA,NA,FALSE,1315
"Macropygia_tenuirostris","Columbiformes","Columbidae","Macropygia","Macropygia tenuirostris",1,FALSE,0,NA,NA,"NotNew",NA,NA,FALSE,1316
"Macropygia_ruficeps","Columbiformes","Columbidae","Macropygia","Macropygia ruficeps",1,FALSE,0,NA,NA,"NotNew",NA,NA,FALSE,1317
"Macropygia_unchall","Columbiformes","Columbidae","Macropygia","Macropygia unchall",1,FALSE,1,"Macropygia unchall","斑尾鹃鸠","LC","Columbiformes",FALSE,TRUE,1318
"Pterocles_orientalis","Pterocliformes","Pteroclidae","Pterocles","Pterocles orientalis",1,FALSE,0,NA,NA,"NotNew",NA,NA,FALSE,1319
"Syrrhaptes_paradoxus","Pterocliformes","Pteroclidae","Syrrhaptes","Syrrhaptes paradoxus",1,FALSE,1,"Syrrhaptes paradoxus","毛腿沙鸡","LC","Pterocliformes",FALSE,TRUE,1320
"Syrrhaptes_tibetanus","Pterocliformes","Pteroclidae","Syrrhaptes","Syrrhaptes tibetanus",1,FALSE,0,NA,NA,"NotNew",NA,NA,FALSE,1321
"Cuculus_canorus","Cuculiformes","Cuculidae","Cuculus","Cuculus canorus",1,FALSE,0,NA,NA,"NotNew",NA,NA,FALSE,1322
"Cuculus_optatus","Cuculiformes","Cuculidae","Cuculus","Cuculus optatus",1,FALSE,0,NA,NA,"NotNew",NA,NA,FALSE,1323
"Cuculus_saturatus","Cuculiformes","Cuculidae","Cuculus","Cuculus saturatus",1,FALSE,0,NA,NA,"NotNew",NA,NA,FALSE,1324
"Cuculus_micropterus","Cuculiformes","Cuculidae","Cuculus","Cuculus micropterus",1,FALSE,0,NA,NA,"NotNew",NA,NA,FALSE,1325
"Cuculus_poliocephalus","Cuculiformes","Cuculidae","Cuculus","Cuculus poliocephalus",1,FALSE,0,NA,NA,"NotNew",NA,NA,FALSE,1326
"Hierococcyx_nisicolor","Cuculiformes","Cuculidae","Hierococcyx","Hierococcyx nisicolor",1,FALSE,1,"Hierococcyx nisicolor","棕腹杜鹃","LC","Cuculiformes",FALSE,TRUE,1327
"Hierococcyx_hyperythrus","Cuculiformes","Cuculidae","Hierococcyx","Hierococcyx hyperythrus",1,FALSE,0,NA,NA,"NotNew",NA,NA,FALSE,1328
"Hierococcyx_sparverioides","Cuculiformes","Cuculidae","Hierococcyx","Hierococcyx sparverioides",1,FALSE,0,NA,NA,"NotNew",NA,NA,FALSE,1329
"Hierococcyx_varius","Cuculiformes","Cuculidae","Hierococcyx","Hierococcyx varius",1,FALSE,0,NA,NA,"NotNew",NA,NA,FALSE,1330
"Surniculus_lugubris","Cuculiformes","Cuculidae","Surniculus","Surniculus lugubris",1,FALSE,0,NA,NA,"NotNew",NA,NA,FALSE,1331
"Cacomantis_merulinus","Cuculiformes","Cuculidae","Cacomantis","Cacomantis merulinus",1,FALSE,0,NA,NA,"NotNew",NA,NA,FALSE,1332
"Cacomantis_sonneratii","Cuculiformes","Cuculidae","Cacomantis","Cacomantis sonneratii",1,FALSE,0,NA,NA,"NotNew",NA,NA,FALSE,1333
"Chrysococcyx_maculatus","Cuculiformes","Cuculidae","Chrysococcyx","Chrysococcyx maculatus",1,FALSE,0,NA,NA,"NotNew",NA,NA,FALSE,1334
"Chrysococcyx_xanthorhynchus","Cuculiformes","Cuculidae","Chrysococcyx","Chrysococcyx xanthorhynchus",1,FALSE,0,NA,NA,"NotNew",NA,NA,FALSE,1335
"Eudynamys_scolopaceus","Cuculiformes","Cuculidae","Eudynamys","Eudynamys scolopaceus",1,FALSE,1,"Eudynamys scolopaceus","噪鹃","LC","Cuculiformes",FALSE,TRUE,1336
"Phaenicophaeus_tristis","Cuculiformes","Cuculidae","Phaenicophaeus","Phaenicophaeus tristis",1,FALSE,0,NA,NA,"NotNew",NA,NA,FALSE,1337
"Clamator_jacobinus","Cuculiformes","Cuculidae","Clamator","Clamator jacobinus",1,FALSE,1,"Clamator jacobinus","斑翅凤头鹃","LC","Cuculiformes",FALSE,TRUE,1338
"Clamator_coromandus","Cuculiformes","Cuculidae","Clamator","Clamator coromandus",1,FALSE,1,"Clamator coromandus","红翅凤头鹃","LC","Cuculiformes",FALSE,TRUE,1339
"Centropus_bengalensis","Cuculiformes","Cuculidae","Centropus","Centropus bengalensis",1,FALSE,0,NA,NA,"NotNew",NA,NA,FALSE,1340
"Centropus_sinensis","Cuculiformes","Cuculidae","Centropus","Centropus sinensis",1,FALSE,0,NA,NA,"NotNew",NA,NA,FALSE,1341
"Chlamydotis_macqueenii","Otidiformes","Otididae","Chlamydotis","Chlamydotis macqueenii",1,FALSE,0,NA,NA,"NotNew",NA,NA,FALSE,1342
"Otis_tarda","Otidiformes","Otididae","Otis","Otis tarda",1,FALSE,0,NA,NA,"NotNew",NA,NA,FALSE,1343
"Tetrax_tetrax","Otidiformes","Otididae","Tetrax","Tetrax tetrax",1,FALSE,1,"Tetrax tetrax","小鸨","NT","Otidiformes",FALSE,TRUE,1344
"Podiceps_nigricollis","Podicipediformes","Podicipedidae","Podiceps","Podiceps nigricollis",1,FALSE,1,"Podiceps nigricollis","黑颈䴙䴘","LC","Podicipediformes",FALSE,TRUE,1345
"Podiceps_auritus","Podicipediformes","Podicipedidae","Podiceps","Podiceps auritus",1,FALSE,1,"Podiceps auritus","角䴙䴘","VU","Podicipediformes",FALSE,TRUE,1346
"Podiceps_grisegena","Podicipediformes","Podicipedidae","Podiceps","Podiceps grisegena",1,FALSE,1,"Podiceps grisegena","赤颈䴙䴘","LC","Podicipediformes",FALSE,TRUE,1347
"Podiceps_cristatus","Podicipediformes","Podicipedidae","Podiceps","Podiceps cristatus",1,FALSE,0,NA,NA,"NotNew",NA,NA,FALSE,1348
"Tachybaptus_ruficollis","Podicipediformes","Podicipedidae","Tachybaptus","Tachybaptus ruficollis",1,FALSE,0,NA,NA,"NotNew",NA,NA,FALSE,1349
"Phoenicopterus_roseus","Phoenicopteriformes","Phoenicopteridae","Phoenicopterus","Phoenicopterus roseus",1,FALSE,1,"Phoenicopterus roseus","大红鹳","LC","Phoenicopteriformes",FALSE,TRUE,1350
"Anas_platyrhynchos","Anseriformes","Anatidae","Anas","Anas platyrhynchos",1,FALSE,0,NA,NA,"NotNew",NA,NA,FALSE,1351
"Anas_poecilorhyncha","Anseriformes","Anatidae","Anas","Anas poecilorhyncha",1,FALSE,0,NA,NA,"NotNew",NA,NA,FALSE,1352
"Anas_zonorhyncha","Anseriformes","Anatidae","Anas","Anas zonorhyncha",1,FALSE,0,NA,NA,"NotNew",NA,NA,FALSE,1353
"Anas_luzonica","Anseriformes","Anatidae","Anas","Anas luzonica",1,FALSE,0,NA,NA,"NotNew",NA,NA,FALSE,1354
"Anas_crecca","Anseriformes","Anatidae","Anas","Anas crecca",1,FALSE,1,"Anas carolinensis","美洲绿翅鸭","LC","Anseriformes",TRUE,TRUE,1355
"Anas_acuta","Anseriformes","Anatidae","Anas","Anas acuta",1,FALSE,0,NA,NA,"NotNew",NA,NA,FALSE,1356
"Mareca_americana","Anseriformes","Anatidae","Mareca","Mareca americana",1,FALSE,0,NA,NA,"NotNew",NA,NA,FALSE,1357
"Mareca_penelope","Anseriformes","Anatidae","Mareca","Mareca penelope",1,FALSE,0,NA,NA,"NotNew",NA,NA,FALSE,1358
"Mareca_strepera","Anseriformes","Anatidae","Mareca","Mareca strepera",1,FALSE,0,NA,NA,"NotNew",NA,NA,FALSE,1359
"Mareca_falcata","Anseriformes","Anatidae","Mareca","Mareca falcata",1,FALSE,1,"Mareca falcata","罗纹鸭","LC","Anseriformes",FALSE,TRUE,1360
"Sibirionetta_formosa","Anseriformes","Anatidae","Sibirionetta","Sibirionetta formosa",1,FALSE,1,"Sibirionetta formosa","花脸鸭","EN","Anseriformes",FALSE,TRUE,1361
"Spatula_clypeata","Anseriformes","Anatidae","Spatula","Spatula clypeata",1,FALSE,0,NA,NA,"NotNew",NA,NA,FALSE,1362
"Spatula_querquedula","Anseriformes","Anatidae","Spatula","Spatula querquedula",1,FALSE,0,NA,NA,"NotNew",NA,NA,FALSE,1363
"Sarkidiornis_melanotos","Anseriformes","Anatidae","Sarkidiornis","Sarkidiornis melanotos",1,FALSE,0,NA,NA,"NotNew",NA,NA,FALSE,1364
"Aythya_collaris","Anseriformes","Anatidae","Aythya","Aythya collaris",1,FALSE,1,"Aythya collaris","环颈潜鸭","LC","Anseriformes",FALSE,TRUE,1365
"Aythya_ferina","Anseriformes","Anatidae","Aythya","Aythya ferina",1,FALSE,0,NA,NA,"NotNew",NA,NA,FALSE,1366
"Aythya_valisineria","Anseriformes","Anatidae","Aythya","Aythya valisineria",1,FALSE,0,NA,NA,"NotNew",NA,NA,FALSE,1367
"Aythya_affinis","Anseriformes","Anatidae","Aythya","Aythya affinis",1,FALSE,0,NA,NA,"NotNew",NA,NA,FALSE,1368
"Aythya_marila","Anseriformes","Anatidae","Aythya","Aythya marila",1,FALSE,0,NA,NA,"NotNew",NA,NA,FALSE,1369
"Aythya_fuligula","Anseriformes","Anatidae","Aythya","Aythya fuligula",1,FALSE,1,"Aythya fuligula","凤头潜鸭","LC","Anseriformes",FALSE,TRUE,1370
"Aythya_baeri","Anseriformes","Anatidae","Aythya","Aythya baeri",1,FALSE,0,NA,NA,"NotNew",NA,NA,FALSE,1371
"Aythya_nyroca","Anseriformes","Anatidae","Aythya","Aythya nyroca",1,FALSE,1,"Aythya nyroca","白眼潜鸭","NT","Anseriformes",FALSE,TRUE,1372
"Netta_rufina","Anseriformes","Anatidae","Netta","Netta rufina",1,FALSE,1,"Netta rufina","赤嘴潜鸭","LC","Anseriformes",FALSE,TRUE,1373
"Asarcornis_scutulata","Anseriformes","Anatidae","Asarcornis","Asarcornis scutulata",1,FALSE,1,"Asarcornis scutulata","白翅栖鸭","CR","Anseriformes",FALSE,TRUE,1374
"Marmaronetta_angustirostris","Anseriformes","Anatidae","Marmaronetta","Marmaronetta angustirostris",1,FALSE,0,NA,NA,"NotNew",NA,NA,FALSE,1375
"Clangula_hyemalis","Anseriformes","Anatidae","Clangula","Clangula hyemalis",1,FALSE,1,"Clangula hyemalis","长尾鸭","VU","Anseriformes",FALSE,TRUE,1376
"Mergus_merganser","Anseriformes","Anatidae","Mergus","Mergus merganser",1,FALSE,0,NA,NA,"NotNew",NA,NA,FALSE,1377
"Mergus_squamatus","Anseriformes","Anatidae","Mergus","Mergus squamatus",1,FALSE,0,NA,NA,"NotNew",NA,NA,FALSE,1378
"Mergus_serrator","Anseriformes","Anatidae","Mergus","Mergus serrator",1,FALSE,1,"Mergus serrator","红胸秋沙鸭","LC","Anseriformes",FALSE,TRUE,1379
"Mergellus_albellus","Anseriformes","Anatidae","Mergellus","Mergellus albellus",1,FALSE,0,NA,NA,"NotNew",NA,NA,FALSE,1380
"Bucephala_clangula","Anseriformes","Anatidae","Bucephala","Bucephala clangula",1,FALSE,0,NA,NA,"NotNew",NA,NA,FALSE,1381
"Melanitta_fusca","Anseriformes","Anatidae","Melanitta","Melanitta fusca",1,FALSE,1,"Melanitta fusca","丝绒海番鸭","VU","Anseriformes",FALSE,TRUE,1382
"Melanitta_stejnegeri","Anseriformes","Anatidae","Melanitta","Melanitta stejnegeri",1,FALSE,1,"Melanitta stejnegeri","斑脸海番鸭","LC","Anseriformes",FALSE,TRUE,1383
"Melanitta_americana","Anseriformes","Anatidae","Melanitta","Melanitta americana",1,FALSE,0,NA,NA,"NotNew",NA,NA,FALSE,1384
"Polysticta_stelleri","Anseriformes","Anatidae","Polysticta","Polysticta stelleri",1,FALSE,0,NA,NA,"NotNew",NA,NA,FALSE,1385
"Histrionicus_histrionicus","Anseriformes","Anatidae","Histrionicus","Histrionicus histrionicus",1,FALSE,1,"Histrionicus histrionicus","丑鸭","LC","Anseriformes",FALSE,TRUE,1386
"Tadorna_ferruginea","Anseriformes","Anatidae","Tadorna","Tadorna ferruginea",1,FALSE,0,NA,NA,"NotNew",NA,NA,FALSE,1387
"Tadorna_tadorna","Anseriformes","Anatidae","Tadorna","Tadorna tadorna",1,FALSE,0,NA,NA,"NotNew",NA,NA,FALSE,1388
"Aix_galericulata","Anseriformes","Anatidae","Aix","Aix galericulata",1,FALSE,1,"Aix galericulata","鸳鸯","LC","Anseriformes",FALSE,TRUE,1389
"Anser_serrirostris","Anseriformes","Anatidae","Anser","Anser serrirostris",1,FALSE,0,NA,NA,"NotNew",NA,NA,FALSE,1390
"Anser_fabalis","Anseriformes","Anatidae","Anser","Anser fabalis",1,FALSE,1,"Anser fabalis","豆雁","LC","Anseriformes",FALSE,TRUE,1391
"Anser_albifrons","Anseriformes","Anatidae","Anser","Anser albifrons",1,FALSE,1,"Anser albifrons","白额雁","LC","Anseriformes",FALSE,TRUE,1392
"Anser_erythropus","Anseriformes","Anatidae","Anser","Anser erythropus",1,FALSE,1,"Anser erythropus","小白额雁","VU","Anseriformes",FALSE,TRUE,1393
"Anser_cygnoides","Anseriformes","Anatidae","Anser","Anser cygnoides",1,FALSE,0,NA,NA,"NotNew",NA,NA,FALSE,1394
"Anser_anser","Anseriformes","Anatidae","Anser","Anser anser",1,FALSE,1,"Anser anser","灰雁","LC","Anseriformes",FALSE,TRUE,1395
"Anser_caerulescens","Anseriformes","Anatidae","Anser","Anser caerulescens",1,FALSE,1,"Anser caerulescens","雪雁","LC","Anseriformes",FALSE,TRUE,1396
"Anser_indicus","Anseriformes","Anatidae","Anser","Anser indicus",1,FALSE,1,"Anser indicus","斑头雁","LC","Anseriformes",FALSE,TRUE,1397
"Branta_hutchinsii","Anseriformes","Anatidae","Branta","Branta hutchinsii",1,FALSE,1,"Branta hutchinsii","小美洲黑雁","LC","Anseriformes",FALSE,TRUE,1398
"Branta_leucopsis","Anseriformes","Anatidae","Branta","Branta leucopsis",1,FALSE,1,"Branta leucopsis","白颊黑雁","LC","Anseriformes",FALSE,TRUE,1399
"Branta_canadensis","Anseriformes","Anatidae","Branta","Branta canadensis",1,FALSE,1,"Branta canadensis","加拿大雁","LC","Anseriformes",FALSE,TRUE,1400
"Branta_ruficollis","Anseriformes","Anatidae","Branta","Branta ruficollis",1,FALSE,1,"Branta ruficollis","红胸黑雁","VU","Anseriformes",FALSE,TRUE,1401
"Branta_bernicla","Anseriformes","Anatidae","Branta","Branta bernicla",1,FALSE,1,"Branta bernicla","黑雁","LC","Anseriformes",FALSE,TRUE,1402
"Cygnus_columbianus","Anseriformes","Anatidae","Cygnus","Cygnus columbianus",1,FALSE,1,"Cygnus columbianus","小天鹅","LC","Anseriformes",FALSE,TRUE,1403
"Cygnus_cygnus","Anseriformes","Anatidae","Cygnus","Cygnus cygnus",1,FALSE,0,NA,NA,"NotNew",NA,NA,FALSE,1404
"Cygnus_olor","Anseriformes","Anatidae","Cygnus","Cygnus olor",1,FALSE,1,"Cygnus olor","疣鼻天鹅","LC","Anseriformes",FALSE,TRUE,1405
"Oxyura_leucocephala","Anseriformes","Anatidae","Oxyura","Oxyura leucocephala",1,FALSE,1,"Oxyura leucocephala","白头硬尾鸭","EN","Anseriformes",FALSE,TRUE,1406
"Nettapus_coromandelianus","Anseriformes","Anatidae","Nettapus","Nettapus coromandelianus",1,FALSE,0,NA,NA,"NotNew",NA,NA,FALSE,1407
"Dendrocygna_javanica","Anseriformes","Anatidae","Dendrocygna","Dendrocygna javanica",1,FALSE,1,"Dendrocygna javanica","栗树鸭","LC","Anseriformes",FALSE,TRUE,1408
"Lophura_leucomelanos","Galliformes","Phasianidae","Lophura","Lophura leucomelanos",1,FALSE,1,"Lophura leucomelanos","黑鹇","LC","Galliformes",FALSE,TRUE,1409
"Lophura_nycthemera","Galliformes","Phasianidae","Lophura","Lophura nycthemera",1,FALSE,1,"Lophura nycthemera","白鹇","LC","Galliformes",FALSE,TRUE,1410
"Lophura_swinhoii","Galliformes","Phasianidae","Lophura","Lophura swinhoii",1,FALSE,0,NA,NA,"NotNew",NA,NA,FALSE,1411
"Crossoptilon_auritum","Galliformes","Phasianidae","Crossoptilon","Crossoptilon auritum",1,FALSE,0,NA,NA,"NotNew",NA,NA,FALSE,1412
"Crossoptilon_mantchuricum","Galliformes","Phasianidae","Crossoptilon","Crossoptilon mantchuricum",1,FALSE,1,"Crossoptilon mantchuricum","褐马鸡","LC","Galliformes",FALSE,TRUE,1413
"Crossoptilon_crossoptilon","Galliformes","Phasianidae","Crossoptilon","Crossoptilon crossoptilon",1,FALSE,0,NA,NA,"NotNew",NA,NA,FALSE,1414
"Crossoptilon_harmani","Galliformes","Phasianidae","Crossoptilon","Crossoptilon harmani",1,FALSE,0,NA,NA,"NotNew",NA,NA,FALSE,1415
"Phasianus_colchicus","Galliformes","Phasianidae","Phasianus","Phasianus colchicus",1,FALSE,0,NA,NA,"NotNew",NA,NA,FALSE,1416
"Chrysolophus_amherstiae","Galliformes","Phasianidae","Chrysolophus","Chrysolophus amherstiae",1,FALSE,0,NA,NA,"NotNew",NA,NA,FALSE,1417
"Chrysolophus_pictus","Galliformes","Phasianidae","Chrysolophus","Chrysolophus pictus",1,FALSE,1,"Chrysolophus pictus","红腹锦鸡","LC","Galliformes",FALSE,TRUE,1418
"Syrmaticus_ellioti","Galliformes","Phasianidae","Syrmaticus","Syrmaticus ellioti",1,FALSE,0,NA,NA,"NotNew",NA,NA,FALSE,1419
"Syrmaticus_humiae","Galliformes","Phasianidae","Syrmaticus","Syrmaticus humiae",1,FALSE,0,NA,NA,"NotNew",NA,NA,FALSE,1420
"Syrmaticus_mikado","Galliformes","Phasianidae","Syrmaticus","Syrmaticus mikado",1,FALSE,0,NA,NA,"NotNew",NA,NA,FALSE,1421
"Syrmaticus_reevesii","Galliformes","Phasianidae","Syrmaticus","Syrmaticus reevesii",1,FALSE,0,NA,NA,"NotNew",NA,NA,FALSE,1422
"Perdix_dauurica","Galliformes","Phasianidae","Perdix","Perdix dauurica",1,FALSE,0,NA,NA,"NotNew",NA,NA,FALSE,1423
"Perdix_perdix","Galliformes","Phasianidae","Perdix","Perdix perdix",1,FALSE,0,NA,NA,"NotNew",NA,NA,FALSE,1424
"Perdix_hodgsoniae","Galliformes","Phasianidae","Perdix","Perdix hodgsoniae",1,FALSE,1,"Perdix hodgsoniae","高原山鹑","LC","Galliformes",FALSE,TRUE,1425
"Lyrurus_tetrix","Galliformes","Phasianidae","Lyrurus","Lyrurus tetrix",1,FALSE,0,NA,NA,"NotNew",NA,NA,FALSE,1426
"Tetrao_urogalloides","Galliformes","Phasianidae","Tetrao","Tetrao urogalloides",1,FALSE,0,NA,NA,"NotNew",NA,NA,FALSE,1427
"Tetrao_urogallus","Galliformes","Phasianidae","Tetrao","Tetrao urogallus",1,FALSE,0,NA,NA,"NotNew",NA,NA,FALSE,1428
"Falcipennis_falcipennis","Galliformes","Phasianidae","Falcipennis","Falcipennis falcipennis",1,FALSE,0,NA,NA,"NotNew",NA,NA,FALSE,1429
"Lagopus_lagopus","Galliformes","Phasianidae","Lagopus","Lagopus lagopus",1,FALSE,0,NA,NA,"NotNew",NA,NA,FALSE,1430
"Lagopus_muta","Galliformes","Phasianidae","Lagopus","Lagopus muta",1,FALSE,0,NA,NA,"NotNew",NA,NA,FALSE,1431
"Tetrastes_bonasia","Galliformes","Phasianidae","Tetrastes","Tetrastes bonasia",1,FALSE,0,NA,NA,"NotNew",NA,NA,FALSE,1432
"Tetrastes_sewerzowi","Galliformes","Phasianidae","Tetrastes","Tetrastes sewerzowi",1,FALSE,0,NA,NA,"NotNew",NA,NA,FALSE,1433
"Pucrasia_macrolopha","Galliformes","Phasianidae","Pucrasia","Pucrasia macrolopha",1,FALSE,0,NA,NA,"NotNew",NA,NA,FALSE,1434
"Lophophorus_lhuysii","Galliformes","Phasianidae","Lophophorus","Lophophorus lhuysii",1,FALSE,0,NA,NA,"NotNew",NA,NA,FALSE,1435
"Lophophorus_sclateri","Galliformes","Phasianidae","Lophophorus","Lophophorus sclateri",1,FALSE,0,NA,NA,"NotNew",NA,NA,FALSE,1436
"Lophophorus_impejanus","Galliformes","Phasianidae","Lophophorus","Lophophorus impejanus",1,FALSE,0,NA,NA,"NotNew",NA,NA,FALSE,1437
"Tetraophasis_obscurus","Galliformes","Phasianidae","Tetraophasis","Tetraophasis obscurus",1,FALSE,0,NA,NA,"NotNew",NA,NA,FALSE,1438
"Tetraophasis_szechenyii","Galliformes","Phasianidae","Tetraophasis","Tetraophasis szechenyii",1,FALSE,0,NA,NA,"NotNew",NA,NA,FALSE,1439
"Tragopan_caboti","Galliformes","Phasianidae","Tragopan","Tragopan caboti",1,FALSE,1,"Tragopan caboti","黄腹角雉","VU","Galliformes",FALSE,TRUE,1440
"Tragopan_temminckii","Galliformes","Phasianidae","Tragopan","Tragopan temminckii",1,FALSE,1,"Tragopan temminckii","红腹角雉","LC","Galliformes",FALSE,TRUE,1441
"Tragopan_melanocephalus","Galliformes","Phasianidae","Tragopan","Tragopan melanocephalus",1,FALSE,0,NA,NA,"NotNew",NA,NA,FALSE,1442
"Tragopan_blythii","Galliformes","Phasianidae","Tragopan","Tragopan blythii",1,FALSE,0,NA,NA,"NotNew",NA,NA,FALSE,1443
"Tragopan_satyra","Galliformes","Phasianidae","Tragopan","Tragopan satyra",1,FALSE,0,NA,NA,"NotNew",NA,NA,FALSE,1444
"Ithaginis_cruentus","Galliformes","Phasianidae","Ithaginis","Ithaginis cruentus",1,FALSE,0,NA,NA,"NotNew",NA,NA,FALSE,1445
"Lerwa_lerwa","Galliformes","Phasianidae","Lerwa","Lerwa lerwa",1,FALSE,0,NA,NA,"NotNew",NA,NA,FALSE,1446
"Alectoris_chukar","Galliformes","Phasianidae","Alectoris","Alectoris chukar",1,FALSE,0,NA,NA,"NotNew",NA,NA,FALSE,1447
"Alectoris_magna","Galliformes","Phasianidae","Alectoris","Alectoris magna",1,FALSE,0,NA,NA,"NotNew",NA,NA,FALSE,1448
"Coturnix_coturnix","Galliformes","Phasianidae","Coturnix","Coturnix coturnix",1,FALSE,0,NA,NA,"NotNew",NA,NA,FALSE,1449
"Coturnix_japonica","Galliformes","Phasianidae","Coturnix","Coturnix japonica",1,FALSE,0,NA,NA,"NotNew",NA,NA,FALSE,1450
"Synoicus_chinensis","Galliformes","Phasianidae","Synoicus","Synoicus chinensis",1,FALSE,0,NA,NA,"NotNew",NA,NA,FALSE,1451
"Tetraogallus_altaicus","Galliformes","Phasianidae","Tetraogallus","Tetraogallus altaicus",1,FALSE,0,NA,NA,"NotNew",NA,NA,FALSE,1452
"Tetraogallus_himalayensis","Galliformes","Phasianidae","Tetraogallus","Tetraogallus himalayensis",1,FALSE,0,NA,NA,"NotNew",NA,NA,FALSE,1453
"Tetraogallus_tibetanus","Galliformes","Phasianidae","Tetraogallus","Tetraogallus tibetanus",1,FALSE,0,NA,NA,"NotNew",NA,NA,FALSE,1454
"Francolinus_pintadeanus","Galliformes","Phasianidae","Francolinus","Francolinus pintadeanus",1,FALSE,0,NA,NA,"NotNew",NA,NA,FALSE,1455
"Gallus_gallus","Galliformes","Phasianidae","Gallus","Gallus gallus",1,FALSE,0,NA,NA,"NotNew",NA,NA,FALSE,1456
"Bambusicola_sonorivox","Galliformes","Phasianidae","Bambusicola","Bambusicola sonorivox",1,FALSE,0,NA,NA,"NotNew",NA,NA,FALSE,1457
"Bambusicola_thoracicus","Galliformes","Phasianidae","Bambusicola","Bambusicola thoracicus",1,FALSE,0,NA,NA,"NotNew",NA,NA,FALSE,1458
"Bambusicola_fytchii","Galliformes","Phasianidae","Bambusicola","Bambusicola fytchii",1,FALSE,0,NA,NA,"NotNew",NA,NA,FALSE,1459
"Polyplectron_bicalcaratum","Galliformes","Phasianidae","Polyplectron","Polyplectron bicalcaratum",1,FALSE,0,NA,NA,"NotNew",NA,NA,FALSE,1460
"Polyplectron_katsumatae","Galliformes","Phasianidae","Polyplectron","Polyplectron katsumatae",1,FALSE,0,NA,NA,"NotNew",NA,NA,FALSE,1461
"Tropicoperdix_chloropus","Galliformes","Phasianidae","Tropicoperdix","Tropicoperdix chloropus",1,FALSE,0,NA,NA,"NotNew",NA,NA,FALSE,1462
"Pavo_muticus","Galliformes","Phasianidae","Pavo","Pavo muticus",1,FALSE,0,NA,NA,"NotNew",NA,NA,FALSE,1463
"Arborophila_atrogularis","Galliformes","Phasianidae","Arborophila","Arborophila atrogularis",1,FALSE,0,NA,NA,"NotNew",NA,NA,FALSE,1464
"Arborophila_ardens","Galliformes","Phasianidae","Arborophila","Arborophila ardens",1,FALSE,0,NA,NA,"NotNew",NA,NA,FALSE,1465
"Arborophila_crudigularis","Galliformes","Phasianidae","Arborophila","Arborophila crudigularis",1,FALSE,0,NA,NA,"NotNew",NA,NA,FALSE,1466
"Arborophila_brunneopectus","Galliformes","Phasianidae","Arborophila","Arborophila brunneopectus",1,FALSE,0,NA,NA,"NotNew",NA,NA,FALSE,1467
"Arborophila_mandellii","Galliformes","Phasianidae","Arborophila","Arborophila mandellii",1,FALSE,0,NA,NA,"NotNew",NA,NA,FALSE,1468
"Arborophila_rufipectus","Galliformes","Phasianidae","Arborophila","Arborophila rufipectus",1,FALSE,0,NA,NA,"NotNew",NA,NA,FALSE,1469
"Arborophila_torqueola","Galliformes","Phasianidae","Arborophila","Arborophila torqueola",1,FALSE,0,NA,NA,"NotNew",NA,NA,FALSE,1470
"Arborophila_gingica","Galliformes","Phasianidae","Arborophila","Arborophila gingica",1,FALSE,0,NA,NA,"NotNew",NA,NA,FALSE,1471
"Arborophila_rufogularis","Galliformes","Phasianidae","Arborophila","Arborophila rufogularis",1,FALSE,0,NA,NA,"NotNew",NA,NA,FALSE,1472
