model,aic,bic,logLik
M3,4960.334701684357,5175.1523755701155,-2452.1673508421786
M4,4934.88579871901,5157.3755323864025,-2438.442899359505
