variable,non_missing,mean,sd,min,median,max
temp_grad,14198,0.0019939185623057566,0.54000931920380435,-2.458745785340696,0.056742123496347996,2.1008612258417756
temp_grad_z,14198,-0.002982741825805348,1.00118927465473,-4.565248820672729,0.09852164640841901,3.8883638743213536
log_effort_record,14198,5.360096144927364,2.1709163184347937,0,5.10594547390058,10.304074113193185
log_effort_record_z,14198,0.3433800166622326,1.0493836396519052,-2.247598342882926,0.22052795004072984,2.73321400088424
