model,engine,status,formula,nobs,aic,bic,logLik,delta_aic,error
M0,glmmTMB,ok,event ~ year_f + (1 | species) + (1 | province),12285,4049.044950162295,4234.448307286178,-1999.5224750811476,14.95272515596389,NA
M1,glmmTMB,ok,event ~ year_f + temp_grad_z + (1 | species) + (1 | province),12285,4048.588300657286,4241.407792066123,-1998.294150328643,14.49607565095448,NA
M2,glmmTMB,ok,event ~ year_f + log_effort_record_z + (1 | species) + (1 | province),12285,4050.635044682801,4243.454536091638,-1999.3175223414005,16.542819676469662,NA
M3,glmmTMB,ok,event ~ year_f + temp_grad_z + log_effort_record_z + (1 | species) +      (1 | province),12285,4050.087125619556,4250.322751313349,-1998.043562809778,15.994900613224672,NA
M4,glmmTMB,ok,event ~ year_f + temp_grad_z + log_effort_record_z + temp_grad_z:log_effort_record_z +      (1 | species) + (1 | province),12285,4034.0922250063313,4241.743984985079,-1989.0461125031657,0,NA
