variable,non_missing,mean,sd,min,median,max
temp_grad,12285,0.01829013827751924,0.5182481774174686,-2.251214924462854,0.06388465961718848,2.1008612258417756
temp_grad_z,12285,-0.0026476435131771673,1.0013154018991628,-4.387593839241871,0.08544624364169147,4.021120497687984
log_effort_record,12285,5.371544495973955,2.1605298232140178,0,5.117993812416755,10.304074113193185
log_effort_record_z,12285,0.328949849817572,1.0453584230384048,-2.2700373167834114,0.20627098657032847,2.7155224982691446
